customer_id,monthly_income,annual_income,monthly_expense,annual_expense,total_assets,total_debt,loan_balance,monthly_loan_payment,credit_score,past_overdue_count,target
C070001,3675492,44105904,1564734,18776808,89987396,24633312,12582046,447043,840,0,0
C070002,5193035,62316420,2709694,32516328,191617422,139004848,128961902,1032097,771,0,0
C070003,4117116,49405392,2685557,32226684,172112789,32418323,20829646,284818,735,1,0
C070004,4616185,55394220,3997218,47966616,122144882,40370607,24009193,178948,747,0,0
C070005,6932974,83195688,4594677,55136124,148908485,28879283,24779080,453948,838,1,0
C070006,3387391,40648692,1762864,21154368,213381890,56143657,25913259,423692,890,0,0
C070007,4684677,56216124,1965261,23583132,129228469,99843235,99843235,924247,753,0,0
C070008,3852149,46225788,2380508,28566096,156015820,7859477,7859477,154062,851,0,0
C070009,2279132,27349584,1404389,16852668,37167973,23052400,19416553,194746,790,0,0
C070010,2154941,25859292,1332283,15987396,29278317,66105025,61989412,464170,803,0,0
C070011,3357189,40286268,2716071,32592852,200893486,27121220,15732758,190804,843,0,0
C070012,3808655,45703860,1696316,20355792,362056310,46266336,24145457,89497,769,0,0
C070013,3021687,36260244,2183138,26197656,144771559,51171788,39247896,247704,761,0,1
C070014,9094210,109130520,6621522,79458264,366250303,206329921,170364207,1646475,843,0,0
C070015,1800000,21600000,906186,10874232,44019600,20205427,17482317,176727,776,0,0
C070016,2719575,32634900,2379296,28551552,342864734,14022616,10336851,241690,836,0,0
C070017,4726700,56720400,2132760,25593120,609828491,76239624,41177964,417896,751,0,0
C070018,4855436,58265232,4162066,49944792,203353767,91511581,90427494,633333,808,0,0
C070019,2682534,32190408,1384115,16609380,111688014,29007111,19023060,236640,799,0,0
C070020,2129560,25554720,1131432,13577184,90673931,111033029,100463467,645302,718,0,0
C070021,5585295,67023540,2594989,31139868,135416076,38615470,38615470,406021,760,0,0
C070022,4901324,58815888,4309254,51711048,557227383,108743954,108743954,1210000,630,2,1
C070023,3074145,36889740,1963597,23563164,77667113,17062180,17062180,367089,788,0,0
C070024,5876092,70513104,4784953,57419436,219554129,63963046,32673023,611550,787,1,0
C070025,3831179,45974148,2656847,31882164,457582374,159059893,154780821,1066546,791,0,0
C070026,3561172,42734064,2326518,27918216,82188003,112349907,112349907,786710,744,0,0
C070027,3331684,39980208,1945352,23344224,106021162,28469431,28469431,418183,734,0,0
C070028,3414068,40968816,1688637,20263644,251292585,10219097,9592404,160808,786,0,0
C070029,4019369,48232428,3084004,37008048,296005086,44092615,22534274,336946,715,0,0
C070030,2408896,28906752,1535938,18431256,74127734,55148509,39027296,185185,743,0,0
C070031,4313813,51765756,2378861,28546332,253167405,99168772,99168772,865589,822,0,0
C070032,4605446,55265352,3274503,39294036,74549933,188825264,180747409,979111,755,0,0
C070033,2783202,33398424,1379702,16556424,130693684,20437823,10804473,333040,725,0,0
C070034,5016028,60192336,2606234,31274808,222825754,79936311,67109872,701460,799,0,0
C070035,2788534,33462408,1048717,12584604,403689052,139292844,125143911,978363,755,0,1
C070036,3627112,43525344,2200235,26402820,151319823,81965822,79483609,567014,695,0,0
C070037,3660795,43929540,2012649,24151788,188535496,45389555,38375634,388051,811,0,0
C070038,2054401,24652812,840746,10088952,44947560,18695517,12129641,53374,800,0,0
C070039,2784408,33412896,2161685,25940220,120598901,9473305,5893244,330890,620,0,1
C070040,4762873,57154476,2413332,28959984,131334254,56889089,50491495,590356,841,0,0
C070041,2904948,34859376,1398486,16781832,168387707,41165583,37388703,510952,741,0,0
C070042,2772027,33264324,2062806,24753672,103938515,41305224,32544693,258516,868,0,0
C070043,2077538,24930456,1544436,18533232,57994890,36013624,19905056,94851,761,0,0
C070044,3842768,46113216,3324404,39892848,267653248,71196818,48304634,246089,695,0,0
C070045,2186611,26239332,906322,10875864,146405692,20739421,12007418,132994,869,0,0
C070046,1800000,21600000,1200678,14408136,150096727,14819548,7681258,50000,787,0,0
C070047,5058831,60705972,3394082,40728984,242845411,37407604,18978540,101177,821,0,0
C070048,7709157,92509884,2849728,34196736,234256309,145046097,114457357,835252,753,0,0
C070049,1800000,21600000,1145060,13740720,302400000,20663902,16426045,115879,739,0,0
C070050,6893650,82723800,3728645,44743740,183192960,63337589,41138940,303709,815,0,0
C070051,2951131,35413572,1665436,19985232,117706228,43314600,37465328,318849,691,0,0
C070052,5187942,62255304,3585259,43023108,143863392,97547813,81710043,818534,862,0,0
C070053,2350451,28205412,882538,10590456,293714999,13335051,9849104,170977,797,0,0
C070054,3224120,38689440,1170921,14051052,228675197,29144916,29144916,225984,848,1,0
C070055,4295667,51548004,3088506,37062072,93453430,54224369,28440498,690972,745,0,0
C070056,2056105,24673260,1058119,12697428,202335169,19845070,10854486,96399,758,0,0
C070057,4466018,53592216,2132134,25585608,47396097,47032164,41922164,525949,849,0,0
C070058,7061364,84736368,3894252,46731024,160620559,153271532,145570496,1381841,713,0,0
C070059,9279885,111358620,6577303,78927636,485116311,183219659,124715672,553724,768,0,0
C070060,3100172,37202064,2469456,29633472,211577053,31983423,31983423,283559,762,1,0
C070061,1984414,23812968,1147038,13764456,62932392,108761372,107158356,695085,673,0,1
C070062,2307315,27687780,1346020,16152240,178658751,25909142,25909142,155018,847,0,0
C070063,5193665,62323980,2000287,24003444,261330520,150428705,132985428,954380,748,0,0
C070064,4487366,53848392,2587561,31050732,172680069,33558758,23193770,203075,750,0,0
C070065,3617533,43410396,1338469,16061628,273727851,25552835,25552835,460978,779,1,0
C070066,4315897,51790764,2820362,33844344,96049959,148768151,130670228,1132649,719,1,1
C070067,5942921,71315052,4001108,48013296,267500973,147362056,140417744,1448925,688,0,0
C070068,1927316,23127792,1156458,13877496,53505469,17491573,6429412,224475,704,0,0
C070069,6705313,80463756,3829798,45957576,81718556,69662918,46287372,291557,892,0,0
C070070,4343185,52118220,3047435,36569220,95110696,17057894,12209191,185949,864,0,0
C070071,4237337,50848044,2322427,27869124,106742796,33177914,23681202,619733,758,0,0
C070072,3948732,47384784,1872132,22465584,74098880,22505731,19994243,162569,725,0,0
C070073,3837960,46055520,2430664,29167968,98778080,43736756,42218388,336232,862,0,0
C070074,2716244,32594928,1459202,17510424,456328992,29821948,29821948,345819,800,0,0
C070075,2725176,32702112,776166,9313992,61888658,42943551,25976284,294463,856,0,0
C070076,6364969,76379628,5027956,60335472,239760841,98837909,77355103,883467,824,0,0
C070077,3050926,36611112,1956047,23472564,260448081,82830008,53635997,643880,657,0,1
C070078,3316228,39794736,2824758,33897096,372896496,33057937,24339662,470699,710,0,0
C070079,6197564,74370768,2459099,29509188,174323781,10076051,7376679,218633,801,0,0
C070080,5181131,62173572,3095252,37143024,214803192,117458201,117458201,1084402,714,0,0
C070081,2962161,35545932,800027,9600324,150266457,23529491,23529491,375779,820,0,0
C070082,4318570,51822840,3388479,40661748,46511141,48738679,45169765,272716,853,0,0
C070083,5154646,61855752,3548259,42579108,240810808,93929425,68146967,555917,651,0,0
C070084,3385202,40622424,1801226,21614712,129043852,51131133,39063829,145367,750,0,0
C070085,4728286,56739432,1760022,21120264,285265875,31954637,17620824,137782,788,0,0
C070086,4751763,57021156,3301770,39621240,251368037,33297162,27136853,199193,820,0,0
C070087,3138750,37665000,2217628,26611536,126452987,93035076,82731107,798469,792,0,0
C070088,3147801,37773612,1846679,22160148,127287427,88789360,81976009,537969,746,0,0
C070089,4531879,54382548,3600968,43211616,107458362,42569067,42569067,316309,770,0,0
C070090,4705956,56471472,2824763,33897156,199208232,100088870,46953994,814208,657,1,0
C070091,7994242,95930904,3929240,47150880,602924687,60240933,26206213,565850,716,0,0
C070092,6120774,73449288,3749695,44996340,168761348,87682705,83691718,776152,785,0,0
C070093,5901044,70812528,4286270,51435240,119113322,39852568,31966732,519660,860,0,0
C070094,6073034,72876408,3621684,43460208,226474540,121226619,95812627,927945,696,0,0
C070095,2509565,30114780,1380699,16568388,99554215,23787463,12691347,64864,729,0,0
C070096,5506074,66072888,3988340,47860080,140322108,104202373,91960813,492512,784,1,0
C070097,5853267,70239204,3088138,37057656,199602726,75131041,49748207,117065,879,0,0
C070098,3706031,44472372,2411177,28934124,64371572,27338556,27338556,405832,761,0,0
C070099,4902816,58833792,2250199,27002388,266629462,79959728,68266081,438364,799,0,0
C070100,9324709,111896508,5941408,71296896,978022394,84387719,51331444,1031804,685,0,0
C070101,5116517,61398204,2680539,32166468,263768249,78007494,38906367,892671,710,0,0
C070102,3071545,36858540,1451564,17418768,193211360,22220543,7045038,211061,754,1,1
C070103,3551251,42615012,1665094,19981128,56449800,16308293,16308293,177972,843,0,0
C070104,2560122,30721464,1731656,20779872,108839349,16989880,15355209,97561,793,0,0
C070105,4153290,49839480,2820712,33848544,127997907,14456620,14456620,319488,852,0,0
C070106,5751048,69012576,3094626,37135512,230167008,73187889,39303789,160065,701,1,0
C070107,4137602,49651224,1822896,21874752,93238111,50371802,50371802,562995,765,0,1
C070108,2565672,30788064,1297321,15567852,79675029,28913556,11039794,51313,787,0,0
C070109,3903498,46841976,2981918,35783016,47659510,57291004,51376243,306577,762,1,0
C070110,6090371,73084452,3506776,42081312,106511704,20715112,20679605,354371,743,0,0
C070111,6937922,83255064,4679865,56158380,293232555,48394852,26910208,138758,773,0,0
C070112,5995917,71951004,4042131,48505572,328979340,64210475,64210475,624420,835,0,0
C070113,4448533,53382396,1640910,19690920,359868877,73558592,48902619,694174,755,0,1
C070114,5583978,67007736,1483232,17798784,515893419,90123240,70865862,504034,777,0,0
C070115,3072820,36873840,1130783,13569396,139436224,56608089,39612818,425618,704,0,0
C070116,3249186,38990232,1752076,21024912,76720488,61481170,61481170,486237,784,0,0
C070117,3198912,38386944,1493741,17924892,381684707,69846970,49457108,384242,718,1,0
C070118,3624263,43491156,2568655,30823860,194255257,63348144,57716167,312270,778,0,0
C070119,5418308,65019696,3342371,40108452,49468191,65206771,17144908,379894,694,0,0
C070120,2101962,25223544,1497641,17971692,154846130,25020683,23676115,200063,815,0,0
C070121,2765080,33180960,1943347,23320164,35071872,31931735,19429013,194962,752,0,0
C070122,6419712,77036544,4373612,52483344,1078511616,92623623,44742974,652474,835,0,0
C070123,6399904,76798848,2791121,33493452,74870007,41852011,37934155,672421,746,0,0
C070124,4917168,59006016,2491955,29903460,236257758,56227533,54944830,553536,803,0,0
C070125,2784499,33413988,1691662,20299944,116427989,59346952,46089343,343097,751,0,0
C070126,3470936,41651232,2002528,24030336,105129639,34618010,34618010,440773,721,0,0
C070127,2029042,24348504,962070,11544840,86434957,18496296,18496296,202768,815,0,0
C070128,1800000,21600000,1064763,12777156,28401146,17808965,8219647,50000,752,0,0
C070129,1896465,22757580,1055507,12666084,62580503,45447876,32868190,386607,745,0,0
C070130,5535104,66421248,4058039,48696468,544227218,56228964,46745879,1007058,750,0,1
C070131,6059147,72709764,3291897,39502764,196410238,51522620,29833730,620159,809,0,0
C070132,7058185,84698220,3869008,46428096,161927162,83817458,46432721,865947,761,0,0
C070133,1800000,21600000,1116174,13394088,30883323,18368923,7126294,361328,724,0,0
C070134,2855420,34265040,2096885,25162620,134281137,33737257,24103084,305725,791,0,0
C070135,7149255,85791060,3858946,46307352,312658612,90408932,38601102,548866,695,1,0
C070136,4361230,52334760,2222656,26671872,171356278,76358539,76358539,500001,823,0,0
C070137,5053375,60640500,4358620,52303440,67174997,53559438,16313511,147811,728,2,0
C070138,5836273,70035276,4543901,54526812,193607340,68628468,59210083,564297,768,0,0
C070139,3737152,44845824,1736642,20839704,179732202,31008549,24997829,390649,700,0,0
C070140,6733953,80807436,3699146,44389752,96466751,72247242,47746997,551264,770,0,0
C070141,4319574,51834888,1813038,21756456,28471034,71082132,52849169,445577,829,0,0
C070142,2270526,27246312,800723,9608676,92973893,58474883,51067967,455498,804,0,0
C070143,4219849,50638188,2767707,33212484,230509991,50982187,48308213,453466,790,0,0
C070144,3106719,37280628,2609295,31311540,162789398,48595797,24024306,127232,751,0,0
C070145,1800000,21600000,1076509,12918108,121682463,11928474,11928474,70858,758,1,0
C070146,3578458,42941496,2154207,25850484,590830785,35166211,29453414,375866,769,0,0
C070147,6437507,77250084,3668306,44019672,178977704,30665207,20489446,473460,741,1,0
C070148,5969507,71634084,3542345,42508140,576819956,106669441,106669441,694432,810,0,0
C070149,2064460,24773520,1659360,19912320,32867676,25019952,21201781,147110,699,0,0
C070150,2476666,29719992,1665469,19985628,136432033,24621875,17027194,273167,910,0,0
C070151,3249456,38993472,1988729,23864748,168843466,35723175,32870330,297706,807,0,0
C070152,5429663,65155956,3243178,38918136,91049033,70440185,36058011,417250,681,0,1
C070153,5256993,63083916,1974251,23691012,175496115,69430214,43406599,571983,721,0,0
C070154,2154977,25859724,1574463,18893556,204263934,27967189,27967189,182219,915,0,0
C070155,7042602,84511224,5139715,61676580,270177757,92344616,62220990,1206582,650,0,0
C070156,5404110,64849320,3355779,40269348,277579056,106013520,91173611,502772,879,0,0
C070157,1800000,21600000,1356070,16272840,105303823,16194654,16194654,174546,798,1,1
C070158,3446290,41355480,2308272,27699264,123543304,28292004,13137766,351369,725,0,0
C070159,1800000,21600000,1137752,13653024,55751036,41392677,31533093,261898,690,0,0
C070160,2722905,32674860,1834778,22017336,179227401,55707684,51513181,402527,759,0,0
C070161,2480973,29771676,1230288,14763456,129306662,39593782,23624222,93502,709,0,1
C070162,3887317,46647804,2992236,35906832,88865570,58369046,43391812,311550,727,0,0
C070163,5750481,69005772,4592598,55111176,143303934,58856399,31900729,296787,751,0,0
C070164,4292513,51510156,2879827,34557924,475791008,64469429,61798789,430255,763,1,0
C070165,6221732,74660784,4293411,51520932,143579975,46271989,38358760,380351,809,0,0
C070166,1861698,22340376,1294655,15535860,69162227,28077906,23891556,172068,734,0,0
C070167,6523196,78278352,3356207,40274484,561535521,24658832,24658832,608938,942,0,0
C070168,5596776,67161312,2517552,30210624,284188087,93203596,90925995,636442,782,0,0
C070169,3900147,46801764,1660413,19924956,122342459,42972007,30396027,164682,795,0,0
C070170,4428220,53138640,2939089,35269068,75745074,64469329,43119027,263895,785,0,0
C070171,6789329,81471948,4491873,53902476,602144573,41191638,41191638,519095,797,0,0
C070172,2637316,31647792,1903727,22844724,443069088,21824080,9533558,209079,732,1,0
C070173,3025969,36311628,1653223,19838676,73566116,38264997,19391477,387388,853,1,0
C070174,7259793,87117516,4735221,56822652,387033652,90682739,23108669,450151,773,0,0
C070175,5245557,62946684,2679406,32152872,138930620,84154148,35407104,346779,797,0,0
C070176,4198179,50378148,3453772,41445264,326528626,47785701,34079784,268694,660,0,1
C070177,4549713,54596556,3540014,42480168,261365151,35865980,35865980,377126,733,0,0
C070178,3949604,47395248,2200268,26403216,329039596,19208683,18199368,460064,877,0,0
C070179,3640108,43681296,1265500,15186000,358352768,39351901,30426515,124008,851,0,0
C070180,8589110,103069320,4659459,55913508,178237770,107940370,78288743,995516,695,0,0
C070181,3361936,40343232,1651142,19813704,52379325,28252226,25300261,242631,837,0,0
C070182,5941213,71294556,3081989,36983868,876539682,210794548,210794548,2089375,654,2,1
C070183,3453530,41442360,2341999,28103988,151010967,38970898,32250479,439499,762,0,0
C070184,5611278,67335336,3614712,43376544,75795067,59954857,56508374,745483,733,0,0
C070185,3486728,41840736,2083846,25006152,80606600,102752596,82343832,748008,788,0,0
C070186,3924769,47097228,2746535,32958420,109842611,130652558,121714433,812219,766,0,0
C070187,5756641,69079692,2512008,30144096,151920712,76739504,72527034,745722,814,0,0
C070188,6396822,76761864,4859938,58319256,193618993,107792608,60511503,656384,729,0,0
C070189,6628863,79546356,3741212,44894544,188441659,40072927,29986227,655909,706,0,0
C070190,7271635,87259620,3506697,42080364,317806029,93400071,50880214,262543,722,0,0
C070191,2902350,34828200,843322,10119864,460836620,29400042,13766500,224609,829,0,0
C070192,4390835,52690020,2124895,25498740,165908738,37116684,37116684,409770,801,0,0
C070193,4246543,50958516,3009901,36118812,255239296,31136742,15984637,148202,830,0,0
C070194,3462195,41546340,2412634,28951608,304912185,14635103,13390596,208902,757,0,0
C070195,7535436,90425232,4055555,48666660,302865301,84060282,84060282,599033,824,0,0
C070196,2094800,25137600,1202362,14428344,21931654,41027963,28049871,228960,858,0,0
C070197,5448799,65385588,1362200,16346400,301114198,40759704,23545817,357275,864,0,0
C070198,1800000,21600000,1114255,13371060,19598667,13308262,9817691,116742,775,0,0
C070199,2543177,30518124,2152231,25826772,86379950,22203258,14523251,223020,827,0,0
C070200,4122005,49464060,2343490,28121880,119365276,127829652,116387084,933410,817,0,0
C070201,6546390,78556680,4324619,51895428,622233129,63860107,45892385,528082,715,0,0
C070202,6652057,79824684,4143177,49718124,158123007,68386822,68386822,1087836,760,0,0
C070203,4447620,53371440,2482913,29794956,63246879,49300412,34969378,584808,838,0,0
C070204,3520454,42245448,1500501,18006012,89927158,17777728,11914599,70409,762,0,0
C070205,1800000,21600000,1111122,13333464,55180091,30570488,23239612,217221,808,0,0
C070206,6967828,83613936,3731099,44773188,299581109,144731914,132851502,958447,838,0,0
C070207,3962377,47548524,2803189,33638268,340780215,23148750,22495019,282653,680,0,0
C070208,3935473,47225676,1397411,16768932,243118045,22523921,11272519,430708,714,0,0
C070209,2195905,26350860,1442360,17308320,63119106,17087579,7160715,128301,784,1,0
C070210,7617740,91412880,2456988,29483856,605872889,84157035,54003188,446669,908,0,0
C070211,4553551,54642612,2199511,26394132,106291963,63394381,63394381,551545,891,0,0
C070212,8951473,107417676,6398837,76786044,377752265,148613291,133532722,1068545,755,0,0
C070213,5693068,68316816,3456649,41479788,91090674,177072853,145754348,1173997,799,0,0
C070214,2852961,34235532,1395166,16741992,124527958,36370943,23463687,227154,834,0,0
C070215,3377268,40527216,2592826,31113912,135001852,54593345,33840186,269907,673,0,0
C070216,8833107,105997284,6221156,74653872,372107224,458596896,458596896,3510344,636,0,1
C070217,7569069,90828828,6870724,82448688,456191665,38627310,24839397,489896,780,0,0
C070218,6885958,82631496,2169332,26031984,171560657,99112163,94215685,965725,778,0,1
C070219,1942163,23305956,1228587,14743044,98214152,13433644,6224463,114669,781,1,0
C070220,4343309,52119708,2241470,26897640,126848702,24674636,17138739,391431,669,0,0
C070221,2861154,34333848,1734570,20814840,60717867,25739230,18847042,216486,835,0,0
C070222,2790918,33491016,1404023,16848276,273232121,37042882,24683784,251109,830,0,0
C070223,2669631,32035572,1875473,22505676,108676645,75327643,67229409,473744,682,2,0
C070224,3197925,38375100,2070061,24840732,165483972,107145484,97617970,811684,821,0,0
C070225,3959663,47515956,3260190,39122280,48942960,31877152,17889966,312729,761,0,0
C070226,3295038,39540456,1224881,14698572,77466857,154485501,130302264,855505,700,0,0
C070227,2742352,32908224,1319465,15833580,105678513,29963548,21295967,208693,906,0,0
C070228,3359042,40308504,2125645,25507740,115547619,24107361,15626392,302390,734,0,0
C070229,10426520,125118240,9533128,114397536,223089036,103805986,78682570,573250,705,0,0
C070230,5399290,64791480,4187585,50251020,237049604,133778589,130908315,930057,708,0,0
C070231,3343964,40127568,2226468,26717616,164599572,33524252,12183071,257587,820,1,0
C070232,5084896,61018752,1990985,23891820,834508337,112464938,96771353,639399,778,0,0
C070233,11358046,136296552,5976900,71722800,376112567,185577435,148317911,1787711,889,0,0
C070234,7953565,95442780,3961932,47543184,420424276,135200196,100089179,987785,847,0,0
C070235,2802948,33635376,1347775,16173300,143548198,36110261,28096719,396397,740,0,0
C070236,2160022,25920264,1347140,16165680,50133262,51223045,34617479,354430,809,0,0
C070237,4008579,48102948,3178658,38143896,299191118,35649933,22846998,662513,606,1,0
C070238,2360357,28324284,1549036,18588432,46701841,31089813,20554202,227782,802,0,0
C070239,9823600,117883200,7070698,84848376,177054778,87056845,45658412,979539,753,1,0
C070240,3120004,37440048,1260478,15125736,461200259,18257822,5289002,62400,774,0,0
C070241,3350077,40200924,2928646,35143752,72880009,136972359,122563087,849984,712,0,1
C070242,2803137,33637644,1360644,16327728,84687440,78196975,74235042,541088,776,0,1
C070243,4041501,48498012,2133793,25605516,117079809,30386594,30386594,614262,713,0,0
C070244,3287029,39444348,2513627,30163524,187107658,43254430,34148198,339074,827,0,0
C070245,2415521,28986252,1319552,15834624,126868386,17832269,17832269,285884,807,0,0
C070246,7708991,92507892,6878562,82542744,157297827,193717031,158949532,1286702,589,0,1
C070247,2239025,26868300,856413,10276956,93384423,106317598,83089550,579550,733,2,0
C070248,2956978,35483736,2025777,24309324,71096192,25163545,20906595,452373,707,0,1
C070249,4625147,55501764,3509951,42119412,137430057,23084863,22019940,295784,774,0,0
C070250,3093836,37126032,1294071,15528852,150968001,24843574,16102891,180227,839,1,0
C070251,2460900,29530800,1378915,16546980,88048219,65545901,58879518,553435,833,0,0
C070252,7691744,92300928,5158085,61897020,558935969,72786228,48729327,898145,816,0,0
C070253,4151681,49820172,1511828,18141936,55928942,120412871,120412871,858452,774,0,0
C070254,3262323,39147876,1731980,20783760,110940637,86564234,73088688,264595,738,0,0
C070255,3487535,41850420,2231931,26783172,97966363,89844844,81473353,512297,771,1,0
C070256,5325861,63910332,3618627,43423524,674472310,129571106,112374649,689007,668,0,0
C070257,2393973,28727676,1809901,21718812,168161450,46086150,40653068,381781,819,0,0
C070258,2637870,31654440,2270106,27241272,262874863,45792772,43109762,478566,656,0,1
C070259,2243083,26916996,1244841,14938092,54074845,66847781,66847781,509345,802,0,0
C070260,5232028,62784336,3783886,45406632,150718261,24965118,24965118,106689,904,0,0
C070261,7359166,88309992,5272551,63270612,756923658,172662321,140834065,1221340,732,0,0
C070262,3711759,44541108,2607450,31289400,382661579,20986063,20986063,185540,746,0,0
C070263,3678844,44146128,3206379,38476548,195080842,18438884,18438884,446519,711,0,0
C070264,5234970,62819640,3118218,37418616,272770099,25707878,17445467,156638,856,0,0
C070265,4178582,50142984,1579565,18954780,73048958,22287347,16306926,161621,886,0,0
C070266,3611442,43337304,2271654,27259848,182391449,75800107,60108171,485428,731,0,0
C070267,2046819,24561828,1498447,17981364,32982647,35647693,22103404,162161,730,2,0
C070268,3796998,45563976,2282948,27395376,118481305,28953305,13185941,293506,744,0,0
C070269,5280123,63361476,3158351,37900212,506387753,86031433,67520090,439971,841,0,0
C070270,6486685,77840220,4384188,52610256,191368345,70138400,70138400,751511,840,0,0
C070271,4121826,49461912,2312453,27749436,203426828,102035160,91112898,592232,671,0,1
C070272,2921934,35063208,1002543,12030516,213847721,29775390,25428347,421803,703,1,0
C070273,3094092,37129104,2840405,34084860,140800779,88722975,69205820,531785,622,0,1
C070274,4068138,48817656,2733070,32796840,471617813,25456979,12662424,532772,780,1,0
C070275,4231661,50779932,2646412,31756944,313811569,47994951,47994951,289545,809,0,0
C070276,1800000,21600000,894629,10735548,96562902,16600638,10747822,140068,881,0,0
C070277,3132023,37584276,1994237,23930844,426285463,45135055,40025886,378264,770,1,0
C070278,4928499,59141988,3158195,37898340,123100858,36893715,30005166,629905,861,0,0
C070279,3205445,38465340,1860323,22323876,150368660,92035868,87423552,720355,844,0,0
C070280,6111358,73336296,6416926,77003112,253288538,93104880,42370687,566991,711,0,0
C070281,3454251,41451012,1662219,19946628,300460124,30460200,22532621,517041,684,0,0
C070282,4968333,59619996,2997340,35968080,472515187,67036808,67036808,598022,743,0,0
C070283,2620628,31447536,1607846,19294152,79426426,31049654,30211633,261423,793,0,0
C070284,2520273,30243276,2074309,24891708,129294097,36799855,17786186,222630,822,0,0
C070285,2828300,33939600,2157521,25890252,475154400,67350723,49182784,530406,695,1,0
C070286,10975652,131707824,5718223,68618676,229287206,147175798,140867428,1467985,808,0,0
C070287,1800000,21600000,1015222,12182664,48245239,13165988,13165988,89307,797,0,0
C070288,3502990,42035880,2777768,33333216,75807377,44511690,28285147,93614,751,0,1
C070289,7260578,87126936,2824991,33899892,863104497,63035554,28281893,607777,877,0,0
C070290,3200111,38401332,1989237,23870844,307844694,61563354,45847612,541278,776,0,0
C070291,3630385,43564620,1897859,22774308,128562155,17013346,17013346,295063,772,0,0
C070292,5281364,63376368,1904688,22856256,508157080,42368818,32748195,405735,860,0,0
C070293,4352582,52230984,3154456,37853472,281944990,88450590,82096977,647915,711,0,0
C070294,3260078,39120936,2322207,27866484,187029179,28946580,14348743,297372,738,0,0
C070295,8291178,99494136,3994346,47932152,1058092525,66190503,50658528,663707,783,1,0
C070296,2800400,33604800,1648937,19787244,159849112,37949312,21501731,351181,721,0,0
C070297,3681456,44177472,1974198,23690376,350777376,41785194,37721196,313207,769,0,0
C070298,4715127,56581524,2022920,24275040,171598891,53620398,36132777,373939,876,0,0
C070299,5246372,62956464,3267336,39208032,118679524,102389657,94080337,827647,706,0,0
C070300,3865490,46385880,2284137,27409644,184965180,50100287,27362577,579247,820,0,0
C070301,4352714,52232568,2142510,25710120,167712468,55805124,31634353,361943,777,1,0
C070302,5998515,71982180,3184494,38213928,148748608,84771159,54983228,437233,874,0,0
C070303,5175658,62107896,3374563,40494756,846199802,82494959,63753890,350885,868,0,0
C070304,4643617,55723404,2733781,32805372,168086159,100904449,85267391,698650,786,0,0
C070305,2510510,30126120,2039385,24472620,74480117,44144838,34514602,386417,695,0,0
C070306,4302427,51629124,2419816,29037792,257074315,62420770,62420770,998464,853,0,0
C070307,4644013,55728156,3020039,36240468,554229934,138323865,131949903,1125780,760,0,0
C070308,4767990,57215880,3807205,45686460,158314075,86272643,71850877,607533,771,0,0
C070309,2734391,32812692,1490169,17882028,316017911,43850030,29260038,340422,718,0,0
C070310,4093443,49121316,2239625,26875500,191410710,14937536,14937536,187792,834,0,0
C070311,2990951,35891412,2018150,24217800,69511168,27139384,23694588,369165,696,1,0
C070312,2925436,35105232,2214879,26578548,170064560,38023196,38023196,283527,822,0,0
C070313,5205467,62465604,3036473,36437676,377366421,40021967,34818743,542674,792,0,0
C070314,3456089,41473068,1787068,21444816,364394562,55506318,55506318,285221,782,0,0
C070315,3496215,41954580,1370234,16442808,119920245,68861069,44542798,350512,839,1,0
C070316,6020007,72240084,2496053,29952636,190037083,75976128,51850501,685622,825,0,0
C070317,2866576,34398912,2252054,27024648,123486256,66439546,66439546,504903,749,0,0
C070318,2844992,34139904,1779736,21356832,184883575,42510024,29929633,365931,663,0,0
C070319,3240330,38883960,1249471,14993652,109358845,24806941,18357503,260588,797,0,0
C070320,9645471,115745652,4785105,57421260,504647831,86986981,25809446,192909,768,0,0
C070321,4385679,52628148,2369804,28437648,123379299,33483232,27696883,431606,735,1,0
C070322,2008205,24098460,1342914,16114968,83155805,17133582,13520870,123980,788,0,0
C070323,3712770,44553240,2499522,29994264,138105111,37084622,26967286,74255,805,0,0
C070324,3070554,36846648,2457233,29486796,438336633,24526263,20243811,471723,655,1,0
C070325,4123432,49481184,2521342,30256104,166341158,35806531,20763477,425610,763,0,0
C070326,6656523,79878276,3306988,39683856,297596870,208147314,165986327,1303089,741,0,0
C070327,5771907,69262884,2927878,35134536,82530818,32878481,14473035,340915,877,0,0
C070328,2473866,29686392,1205908,14470896,65388974,20869012,12209799,50000,816,0,0
C070329,9531935,114383220,3994065,47928780,266760379,71568959,40489477,348278,866,0,0
C070330,5576486,66917832,2887041,34644492,761550016,66799793,66799793,948035,744,1,0
C070331,3675922,44111064,1350339,16204068,158522584,26255262,15811699,367522,812,0,0
C070332,2547101,30565212,1377310,16527720,153829762,36559135,36559135,409398,775,1,0
C070333,5400983,64811796,1846333,22155996,305660148,77024570,77024570,811669,810,0,0
C070334,6292134,75505608,2733165,32797980,219759874,101219616,72829154,348096,832,0,1
C070335,5490493,65885916,3063646,36763752,175687440,93967963,66884395,109810,902,0,0
C070336,3901678,46820136,1638382,19660584,142638960,31512076,22403365,78034,791,0,0
C070337,3264020,39168240,2856474,34277688,204930358,29695602,29695602,189927,831,0,0
C070338,4946050,59352600,3584645,43015740,358051875,119493810,102262955,934917,764,0,0
C070339,5313260,63759120,1604223,19250676,892627680,70966421,39907480,393310,755,0,0
C070340,2510300,30123600,2177178,26126136,84271153,68394863,51146718,560516,696,0,1
C070341,4494966,53939592,2802364,33628368,268447851,36699960,36699960,238671,676,0,0
C070342,4478166,53737992,2414231,28970772,185177076,175339307,149935414,1001741,696,0,0
C070343,2919895,35038740,2227906,26734872,346735957,55425729,52939773,424287,838,0,0
C070344,9170548,110046576,7219145,86629740,371337368,195668538,145542822,1120117,885,0,0
C070345,5163622,61963464,3747882,44974584,195821591,113481031,73779221,636191,883,0,0
C070346,4263771,51165252,4281447,51377364,101227896,108092585,86647704,1071211,744,0,0
C070347,1800000,21600000,805332,9663984,127717119,15436313,15436313,113416,839,0,0
C070348,2445153,29341836,1518589,18223068,379529174,48460401,46667466,369980,855,0,0
C070349,3993760,47925120,2821936,33863232,86285025,28542699,14491068,170349,751,0,0
C070350,2798515,33582180,2461451,29537412,346529032,40268897,40181432,294945,767,0,0
C070351,3400049,40800588,2018736,24224832,43612838,58559336,43608556,449511,792,0,0
C070352,2287211,27446532,1103273,13239276,107880785,36225510,23155524,145245,815,0,0
C070353,3405878,40870536,1936596,23239152,195956100,108909840,95348888,716439,739,0,0
C070354,5210103,62521236,2915573,34986876,90399483,262912182,247701672,1666000,705,0,1
C070355,2874081,34488972,1127096,13525152,46592697,38467942,30505224,425871,792,0,0
C070356,3812274,45747288,3121990,37463880,246625804,24202790,19028040,280810,671,0,0
C070357,2259804,27117648,1001488,12017856,106530820,16358178,16358178,104899,714,0,0
C070358,5686990,68243880,2598367,31180404,66179487,14915066,14915066,518314,829,0,0
C070359,6654335,79852020,4733552,56802624,175552685,43564783,29569514,722949,750,0,0
C070360,4898453,58781436,3565896,42790752,152167095,65460351,63042116,888810,759,0,1
C070361,1800000,21600000,1251630,15019560,97979542,15078362,13199627,130794,772,0,0
C070362,3878275,46539300,2159924,25919088,198612846,61846087,61846087,513460,760,1,0
C070363,2971449,35657388,1644356,19732272,26361580,32385739,18850425,174563,763,0,0
C070364,5837051,70044612,4283218,51398616,168156310,71638580,46162734,152142,824,0,1
C070365,3998914,47986968,2175737,26108844,136802314,59971831,36661058,431730,743,0,0
C070366,2758100,33097200,1673538,20082456,121024270,30955931,30165951,310765,730,0,0
C070367,3785132,45421584,2432156,29185872,172835895,13373707,13373707,157330,729,1,0
C070368,2095870,25150440,1479877,17758524,57137575,31418945,18875400,314532,762,0,0
C070369,4389143,52669716,2019709,24236508,274803372,75891135,51261691,534017,755,0,0
C070370,5572160,66865920,3488891,41866692,291694957,78584947,78075516,744847,812,0,0
C070371,6558231,78698772,3374873,40498476,900400880,53095614,53095614,690628,894,0,0
C070372,2584965,31019580,1511887,18142644,95982828,28634780,16444305,375702,821,0,0
C070373,4045482,48545784,2398039,28776468,229205039,53878483,39658006,534151,835,0,0
C070374,3057065,36684780,2173824,26085888,388062081,72423892,61219985,488342,662,0,0
C070375,3356364,40276368,2314264,27771168,365678108,34565808,34565808,345218,817,0,0
C070376,3917581,47010972,1477735,17732820,49959114,51695303,30187796,294127,748,0,0
C070377,2848282,34179384,2073258,24879096,208456518,22962908,16832332,330490,672,1,0
C070378,2177654,26131848,1387129,16645548,66509459,128710800,117593316,607034,710,0,0
C070379,3914180,46970160,2811032,33732384,378449684,23361023,23361023,389586,835,0,0
C070380,10239797,122877564,8457725,101492700,561460560,491662274,455147339,3516816,750,0,0
C070381,4460886,53530632,3729996,44759952,209252585,34593380,34593380,350691,781,0,0
C070382,2661336,31936032,1211928,14543136,144054313,44661739,31480848,358821,776,0,0
C070383,2018746,24224952,1250598,15007176,136676100,9617094,8449683,139663,793,0,0
C070384,2437085,29245020,726910,8722920,43371136,13750612,7096411,95995,723,0,0
C070385,2720319,32643828,1190445,14285340,76912689,65975241,55872016,361442,799,0,0
C070386,2841338,34096056,1064125,12769500,167577215,81730164,68826638,494872,772,0,0
C070387,3994768,47937216,2546085,30553020,327758415,14212374,14212374,160604,782,0,0
C070388,4274391,51292692,2937444,35249328,450159768,70072765,58077202,578498,736,0,0
C070389,4542452,54509424,2310009,27720108,212829896,95501993,62224374,614689,695,0,1
C070390,3860240,46322880,2770503,33246036,505690191,103357171,91998321,819750,752,0,0
C070391,2940451,35285412,1230092,14761104,154946396,39024128,39024128,58809,736,0,0
C070392,2920166,35041992,1358792,16305504,57489892,82338817,68353739,581185,719,0,0
C070393,6176293,74115516,2822420,33869040,215503812,60619194,39439101,339545,820,0,0
C070394,5320526,63846312,2678880,32146560,183445736,35104900,25318387,273860,792,0,0
C070395,4204720,50456640,1081374,12976488,249153330,38024331,27837193,320805,842,0,0
C070396,2523565,30282780,1290271,15483252,272247971,23146553,11113983,158601,786,0,0
C070397,3039540,36474480,2217305,26607660,29524496,45833064,37127547,429894,804,0,1
C070398,5110519,61326228,2265863,27190356,91963251,182887833,177114003,1534402,837,0,0
C070399,2850694,34208328,2381162,28573944,225130685,15543405,15519078,260664,716,0,0
C070400,2683042,32196504,2070742,24848904,124136181,26115940,5589605,370454,650,1,0
C070401,5339545,64074540,3739112,44869344,53310430,78942994,55331374,510487,686,0,0
C070402,5093899,61126788,2605496,31265952,633337311,24996194,7783862,338436,888,0,0
C070403,3740848,44890176,2541783,30501396,184094295,15355819,15355819,74817,805,0,0
C070404,4087780,49053360,2366325,28395900,563239594,125897452,102314908,709550,685,0,1
C070405,4178069,50136828,2309341,27712092,447958001,60872963,60872963,524619,859,1,0
C070406,3420185,41042220,1352044,16224528,179513635,83544738,77988094,335553,815,0,0
C070407,3896571,46758852,1564163,18769956,216509135,28618322,18626768,392320,704,1,0
C070408,3626379,43516548,1611316,19335792,114850644,41176508,23828126,330384,792,0,0
C070409,6030634,72367608,3658878,43906536,175633881,90512504,85624900,894250,735,0,0
C070410,4664172,55970064,1658730,19904760,50753570,65486167,24388085,93283,736,0,0
C070411,1800000,21600000,1517754,18213048,80303108,26006494,14792621,237173,673,0,0
C070412,11201820,134421840,6000801,72009612,403728311,169490086,112046866,1238195,901,0,0
C070413,3262294,39147528,1210578,14526936,50154877,25011325,22623681,230783,747,0,0
C070414,3596058,43152696,1990860,23890320,343052046,25132108,25132108,487399,879,0,0
C070415,2152684,25832208,1357895,16294740,104165038,35582245,24318718,157306,706,0,0
C070416,2840618,34087416,2105331,25263972,48536902,64648123,60095993,382955,845,0,0
C070417,3219963,38639556,1473361,17680332,104065155,23903705,16237514,250443,709,0,0
C070418,5182041,62184492,4051133,48613596,488327117,92976045,92976045,920743,884,0,0
C070419,10951882,131422584,4453168,53438016,779980265,137890389,90672563,921352,837,0,0
C070420,1800000,21600000,1210988,14531856,37350325,32206320,26758294,185910,730,0,0
C070421,6186669,74240028,2046016,24552192,256377608,80316947,46987660,469852,757,0,0
C070422,6212890,74554680,3108508,37302096,361191206,110527366,98322429,753554,756,0,0
C070423,3045725,36548700,1997497,23969964,71486092,22927030,9558247,476111,678,0,0
C070424,5034636,60415632,4028570,48342840,845818848,36896450,36896450,477730,727,0,0
C070425,5315198,63782376,3580841,42970092,392479554,27926278,19566951,138593,835,0,0
C070426,3218325,38619900,2848827,34185924,66168020,19659823,12808664,88524,802,0,0
C070427,5504162,66049944,2820176,33842112,307875276,25076639,23475848,558150,881,0,0
C070428,5791756,69501072,1447939,17375268,242976677,66882278,55626206,632148,709,0,0
C070429,5775107,69301284,2581073,30972876,557450178,75507943,52580547,428201,853,1,0
C070430,2685181,32222172,1486587,17839044,52518521,55672494,52136895,413241,741,0,0
C070431,2429882,29158584,1541500,18498000,183993952,34402233,28893778,119864,854,0,0
C070432,6764675,81176100,3898371,46780452,250782267,67042755,51159515,573345,802,0,0
C070433,6671363,80056356,4815754,57789048,550136680,82880535,74139404,459777,644,0,0
C070434,2281235,27374820,1475486,17705832,61982846,10690920,10690920,192013,726,0,0
C070435,4056929,48683148,3775360,45304320,29920410,151588905,149525347,1107244,696,0,1
C070436,5374684,64496208,4567561,54810732,780989129,107510219,65823277,937164,621,3,1
C070437,2964897,35578764,1185489,14225868,498102696,36958811,17992664,170882,878,0,0
C070438,4169800,50037600,2884820,34617840,223133822,91387858,85476373,441963,799,0,0
C070439,4816977,57803724,3212704,38552448,147508796,97466244,79714953,927742,556,1,1
C070440,3010407,36124884,1569445,18833340,179826559,22307451,22307451,130757,893,1,0
C070441,3321967,39863604,2358863,28306356,102672083,39059102,24817905,114514,691,0,0
C070442,4781165,57373980,2196019,26352228,468718508,37410465,37410465,582044,845,0,0
C070443,7735302,92823624,5565368,66784416,193235113,106456509,72392469,839140,793,0,0
C070444,2326816,27921792,1165685,13988220,184951557,21514287,20579221,251784,815,0,1
C070445,7565302,90783624,3229800,38757600,91586438,87758607,87758607,998772,780,1,0
C070446,3710681,44528172,2462867,29554404,106063992,41620297,24602776,600817,809,0,0
C070447,6162119,73945428,2528342,30340104,371261200,109688347,89515376,814238,770,1,0
C070448,3606232,43274784,1826690,21920280,126736489,55135578,38723552,391167,735,0,0
C070449,5191491,62297892,3619847,43438164,44248030,76682832,42096824,317046,737,0,0
C070450,5403947,64847364,4460435,53525220,93780487,97103812,55390899,451094,767,0,0
C070451,6753981,81047772,2553500,30642000,237098007,35044059,35044059,714967,879,0,0
C070452,4291404,51496848,2028834,24346008,252716242,83557285,66084399,827304,762,0,0
C070453,3888545,46662540,2579799,30957588,209818527,43162276,36274725,624297,718,1,1
C070454,5951242,71414904,2463457,29561484,308579297,58915798,34489146,256450,818,0,0
C070455,5456446,65477352,4110371,49324452,258313532,17894475,9885106,278099,734,1,0
C070456,4656842,55882104,3404527,40854324,539479865,110152335,88253122,846430,675,0,0
C070457,2879927,34559124,1764683,21176196,261845472,35899003,34994601,381553,787,0,0
C070458,4919054,59028648,2882609,34591308,73948200,64473868,43025214,635405,708,0,0
C070459,5061576,60738912,2606348,31276176,318207359,28129601,10998493,101232,749,0,0
C070460,5485442,65825304,4378122,52537464,254969159,72867471,68721450,428193,772,0,0
C070461,3105760,37269120,1562061,18744732,213260114,27536070,23351607,319895,717,0,0
C070462,2778526,33342312,2378078,28536936,344589021,15067963,15067963,83576,780,0,0
C070463,7538645,90463740,6221213,74654556,277825152,138588544,107612754,944164,742,0,0
C070464,4217188,50606256,1623692,19484304,162015349,77321767,49141872,547218,727,0,0
C070465,4635480,55625760,3031204,36374448,122596199,57503110,24801646,187490,737,0,0
C070466,4945815,59349780,2489368,29872416,100887559,86083271,63937900,693004,741,0,0
C070467,4752703,57032436,2421319,29055828,270162416,38863046,11678247,220814,908,0,0
C070468,2161371,25936452,1038052,12456624,67838708,8179874,8179874,187262,881,0,0
C070469,4602800,55233600,2541421,30497052,85651371,42645100,34506158,372206,836,0,1
C070470,2701508,32418096,1037746,12452952,84769794,47350437,47350437,268153,854,0,0
C070471,6893146,82717752,3182401,38188812,199120681,156917638,127838710,989239,772,0,0
C070472,3104953,37259436,2627109,31525308,104343618,44631862,29919971,518936,679,0,1
C070473,4261912,51142944,2998738,35984856,333128568,64687872,63820540,388330,805,0,0
C070474,2251029,27012348,1588420,19061040,123108387,24140575,20249622,150295,781,1,0
C070475,3108012,37296144,1530678,18368136,104213000,47287256,36126354,293224,742,0,0
C070476,5732909,68794908,2709015,32508180,471315309,209186310,176242334,1314125,761,0,0
C070477,5539166,66469992,2494121,29929452,214093578,138781849,138781849,946646,749,0,0
C070478,2365602,28387224,931865,11182380,201989009,28610762,24870243,234152,950,1,0
C070479,2295260,27543120,1069148,12829776,156858247,15254573,9743230,178684,773,0,0
C070480,6863623,82363476,4761324,57135888,264286499,64469723,64469723,1051446,817,0,0
C070481,2562833,30753996,1475042,17700504,56905856,24333636,24333636,321895,730,0,0
C070482,4620038,55440456,2839174,34070088,138581528,78997627,46138328,428814,732,0,0
C070483,4591020,55092240,2554378,30652536,193697300,38321753,32424168,281227,785,1,0
C070484,5177407,62128884,2166172,25994064,108723635,41904338,36784105,493002,842,0,0
C070485,5070998,60851976,2421511,29058132,83662899,136656813,114972513,874445,820,0,0
C070486,5648566,67782792,3196645,38359740,226839783,47750901,24732520,287084,869,0,0
C070487,4407368,52888416,2388158,28657896,363371202,70953627,52787238,371511,788,0,0
C070488,10412957,124955484,8047443,96569316,155836164,181924225,141360401,1983690,774,1,1
C070489,1800000,21600000,786138,9433656,84392240,8727378,3933447,50000,851,0,0
C070490,6981982,83783784,4896283,58755396,364183935,149091699,120506923,1105548,640,0,0
C070491,6381876,76582512,5178622,62143464,166835002,41037178,41037178,738988,799,0,1
C070492,3366287,40395444,1427181,17126172,67403282,37206191,37206191,551494,742,0,1
C070493,3993554,47922648,2519616,30235392,137644831,39532329,36834575,274305,766,1,0
C070494,5923914,71086968,2510278,30123336,124965944,88962147,58914767,616758,799,0,0
C070495,3529559,42354708,1392282,16707384,48171657,62799450,43322855,382402,882,0,0
C070496,6024551,72294612,3377056,40524672,627527276,120221050,103846315,856379,746,0,0
C070497,6306518,75678216,2960625,35527500,782698142,61050937,61050937,712088,906,0,0
C070498,2817446,33809352,1848864,22186368,56708864,61673743,53537026,525285,701,0,0
C070499,5144156,61729872,2609031,31308372,864218208,41638671,23349479,114592,785,0,0
C070500,4344395,52132740,2767478,33209736,85270601,42329328,29014193,487793,738,1,0
C070501,4718101,56617212,4179135,50149620,430051321,87577181,67601819,774813,662,0,0
C070502,4046750,48561000,3147486,37769832,144266802,19328006,19328006,80935,804,0,0
C070503,4442931,53315172,2803880,33646560,458155318,59360329,41443283,568496,826,0,0
C070504,6271690,75260280,4989245,59870940,896422151,167312117,126145123,969131,647,0,0
C070505,2547764,30573168,1680763,20169156,204852971,82657405,75109527,487050,758,0,0
C070506,5156561,61878732,2373776,28485312,123353695,91746550,74655602,659795,770,0,0
C070507,1800000,21600000,1224927,14699124,69859735,11317700,11317700,50601,753,0,1
C070508,3674567,44094804,1984282,23811384,61987362,56797235,55461189,627252,810,0,0
C070509,4481200,53774400,3188978,38267736,128118463,47830225,47830225,386072,872,0,0
C070510,2877599,34531188,2686423,32237076,280245545,10040546,10040546,163906,758,0,0
C070511,3176573,38118876,1820113,21841356,187784939,20987674,14487542,380567,653,0,0
C070512,1873795,22485540,1117820,13413840,39618678,60023369,49497505,362669,746,0,0
C070513,2132727,25592724,1362707,16352484,164133769,40147051,32269951,223363,765,0,0
C070514,3793363,45520356,2375665,28507980,131958302,130885936,106688785,941368,658,2,1
C070515,4309763,51717156,2484911,29818932,61588945,106666558,103924320,813907,767,0,1
C070516,2813438,33761256,1063477,12761724,324186648,54052289,41415890,337191,820,0,0
C070517,2969629,35635548,1787598,21451176,65567034,91011326,75539269,476061,790,0,0
C070518,5237405,62848860,3154018,37848216,124013587,85602480,69907413,696482,783,0,0
C070519,3005810,36069720,1329267,15951204,187927667,74525977,74525977,677283,801,0,0
C070520,3526198,42314376,1533626,18403512,350427948,81595864,72910950,370488,867,0,0
C070521,3357860,40294320,1971823,23661876,265878882,44650909,39746647,266712,802,0,0
C070522,3506737,42080844,2312745,27752940,80867002,27901357,18707966,70135,784,1,0
C070523,10045816,120549792,4964527,59574324,462890094,175018642,95045357,906914,772,0,0
C070524,3025097,36301164,1234574,14814888,166546386,33245281,20998588,432079,773,0,0
C070525,5090842,61090104,2884735,34616820,414135775,101140038,101140038,940751,856,0,0
C070526,5405306,64863672,4102228,49226736,560524980,73824709,42264804,178883,753,0,0
C070527,1800000,21600000,1094440,13133280,94450130,9335848,9335848,50000,812,0,0
C070528,1930933,23171196,933629,11203548,218610608,10049276,7703462,179690,753,0,0
C070529,4943067,59316804,2951147,35413764,53674352,75477653,47252817,235857,817,0,0
C070530,2600531,31206372,1068013,12816156,31992631,20991124,7745168,195442,826,0,0
C070531,3847648,46171776,2194189,26330268,234769783,46940967,41970931,128053,845,0,0
C070532,3519477,42233724,2138018,25656216,30775448,30999986,29093920,359698,846,0,0
C070533,4209201,50510412,2675883,32110596,143494060,55365831,27970171,513923,784,0,0
C070534,4991647,59899764,2072637,24871644,267874492,39513030,33694489,588769,782,0,0
C070535,3697361,44368332,2596410,31156920,372392331,64685360,50368144,439663,789,0,0
C070536,1975801,23709612,1233584,14803008,174349658,38507548,36665765,359359,748,0,0
C070537,1800000,21600000,848986,10187832,32150237,9726198,6650616,207560,718,0,0
C070538,3898652,46783824,2277381,27328572,86858279,73139356,45946959,460550,755,0,0
C070539,3751684,45020208,2096180,25154160,285886770,53556152,43288147,378637,838,0,0
C070540,2482629,29791548,2244597,26935164,28671488,35549709,25772027,348593,626,0,1
C070541,4946833,59361996,3189138,38269656,109630122,104176927,91696050,725912,626,0,0
C070542,2719027,32628324,1684518,20214216,74883495,65473731,56632836,390424,764,0,0
C070543,5722618,68671416,3287717,39452604,217196134,54306837,30301781,405008,869,0,0
C070544,1973433,23681196,1217089,14605068,215167871,31128287,20598515,193903,876,0,0
C070545,2355248,28262976,1262384,15148608,195380958,18993141,12665175,149118,755,0,0
C070546,2822274,33867288,1903368,22840416,70603151,27760008,17058641,263742,753,0,0
C070547,4024060,48288720,2617122,31405464,50582565,47301164,21834049,306631,800,0,0
C070548,1812454,21749448,949513,11394156,75233823,12208612,10503141,91659,741,0,0
C070549,3782625,45391500,2768683,33224196,300122230,65007087,50078584,547097,692,0,1
C070550,4399673,52796076,3134190,37610280,409833131,49350957,26699144,87993,771,0,0
C070551,5194265,62331180,4277496,51329952,121657601,182904811,171374258,1346524,553,0,0
C070552,2670328,32043936,1264975,15179700,188856478,24762324,10630599,80190,766,0,0
C070553,4701694,56420328,3094873,37138476,125136994,24285415,8092754,307804,749,0,0
C070554,3237869,38854428,1695354,20344248,213871826,9288292,5830775,154021,752,0,0
C070555,5305330,63663960,3507702,42092424,312748107,88970608,62660595,553342,734,0,0
C070556,3247340,38968080,1298840,15586080,157562812,34287835,26252293,396020,732,1,0
C070557,7014705,84176460,4786788,57441456,119072264,61324398,56647523,569036,783,1,0
C070558,4957938,59495256,2802156,33625872,291147545,54813569,17818208,328687,873,0,0
C070559,2508896,30106752,992425,11909100,165360550,28119875,8450450,214825,793,0,0
C070560,6320149,75841788,4124842,49498104,332739384,99819143,40251107,700974,758,0,0
C070561,4963839,59566068,2016814,24201768,226302755,40691756,26446994,577377,804,0,0
C070562,9970827,119649924,6295917,75551004,135285979,182432182,138932213,2234693,657,2,0
C070563,3563738,42764856,1929159,23149908,65250378,39167374,38383739,415121,844,0,0
C070564,3015067,36180804,2382138,28585656,231831346,51821718,47642393,372792,767,1,1
C070565,8007308,96087696,4210210,50522520,97550533,58213570,55948086,532078,872,0,0
C070566,3774896,45298752,2052730,24632760,58696380,32257056,32257056,507732,791,1,0
C070567,2662184,31946208,1038107,12457284,108884650,109490971,100249474,792163,714,2,0
C070568,12000000,144000000,7164025,85968300,388505526,151029867,119410214,1788121,666,0,0
C070569,6724836,80698032,4438791,53265492,566746583,97051390,75986428,600818,757,0,0
C070570,3482826,41793912,1802386,21628632,172225575,40039281,17784615,387380,787,0,0
C070571,6335597,76027164,3544770,42537240,376022932,89313469,39403528,314831,742,0,0
C070572,3878641,46543692,2481683,29780196,249201587,28495699,23799099,77573,726,1,0
C070573,2277523,27330276,1754432,21053184,163979661,70172437,64563724,561899,679,0,1
C070574,3370374,40444488,1559895,18718740,109993351,85592849,69378755,589762,601,0,1
C070575,2432203,29186436,1581313,18975756,116256701,27076496,21996108,185077,771,0,0
C070576,3520361,42244332,2237422,26849064,76877297,39920627,18642725,403488,741,0,0
C070577,3043465,36521580,1882627,22591524,118308367,59214592,41372231,482514,793,0,0
C070578,3805744,45668928,2516813,30201756,338467861,103332848,100033830,694897,722,0,0
C070579,2861818,34341816,1710488,20525856,161368492,90239078,85328843,795234,723,0,0
C070580,4460806,53529672,3694452,44333424,54646251,57799951,57799951,472755,748,0,0
C070581,6377935,76535220,3495314,41943768,1071493080,182632715,140986466,1292626,681,2,0
C070582,5135400,61624800,3974676,47696112,862747200,45466471,35415615,693920,677,0,1
C070583,3053347,36640164,1834531,22014372,26726701,95840469,88702637,577880,689,0,0
C070584,7447570,89370840,3119181,37430172,315496861,53400432,31489196,683295,699,1,0
C070585,6019433,72233196,2204453,26453436,644185386,42234329,21322819,567731,819,0,0
C070586,2189048,26268576,859274,10311288,133465026,82500030,71466969,645420,672,0,1
C070587,2801159,33613908,1693204,20318448,186100040,65394487,60246016,373132,772,0,1
C070588,5510378,66124536,1790374,21484488,142789417,71836019,34906260,230236,895,0,0
C070589,4005031,48060372,2867279,34407348,62596226,67612351,57780878,611159,730,0,0
C070590,4686476,56237712,2444418,29333016,102092230,35961085,35830031,111013,857,0,0
C070591,2825077,33900924,1943503,23322036,320377100,23091692,23091692,143232,791,0,0
C070592,4386343,52636116,3720694,44648328,67863485,130154671,113085539,963984,760,0,0
C070593,4579276,54951312,1626318,19515816,234015479,49190561,29474036,224397,768,0,0
C070594,2654319,31851828,1399110,16789320,236710951,23566412,23566412,253764,810,0,0
C070595,5048643,60583716,2098180,25178160,108969536,55534501,55534501,590797,856,0,0
C070596,3367512,40410144,1580828,18969936,374540392,74567488,68409116,479900,794,0,0
C070597,3032119,36385428,1801204,21614448,121472185,6008777,6008777,60642,765,0,0
C070598,10525253,126303036,5216446,62597352,499170141,80612677,39785170,455523,862,0,0
C070599,4280664,51367968,3100397,37204764,220774899,61856183,61856183,598150,802,0,0
C070600,2215693,26588316,1010683,12128196,99628757,9471523,9471523,110498,770,0,0
C070601,2850148,34201776,1856083,22272996,165186289,65814779,40970559,324120,734,1,0
C070602,3935357,47224284,2902846,34834152,92481036,28455323,16656022,215944,875,0,0
C070603,3775908,45310896,2333746,28004952,448064600,42086394,42086394,220774,792,0,0
C070604,2752879,33034548,1875299,22503588,41796635,94110206,78338489,553097,698,0,1
C070605,2528359,30340308,1422653,17071836,32365172,46025589,39748504,410422,756,0,0
C070606,2808382,33700584,1721470,20657640,142969153,28866891,28866891,275432,866,0,0
C070607,4880274,58563288,4058088,48697056,261849518,50868261,48651444,733062,766,2,0
C070608,3284460,39413520,2077686,24932232,110472820,49242602,23032513,349434,813,0,0
C070609,4438120,53257440,2042495,24509940,80322638,51809493,33152858,264266,879,0,0
C070610,4848705,58184460,2812006,33744072,161123782,49151064,30405140,444918,740,0,0
C070611,2953024,35436288,1748065,20976780,248658365,9872457,9586724,213611,799,1,0
C070612,3616573,43398876,2719414,32632968,607584264,69240190,66906665,617914,706,0,0
C070613,5063974,60767688,3152659,37831908,443517523,27714426,20428542,111464,859,0,0
C070614,4215361,50584332,2845637,34147644,264462613,26928345,26461575,552277,790,0,0
C070615,3562243,42746916,1705057,20460684,155020655,10007780,10007780,71245,788,0,0
C070616,2545401,30544812,1760205,21122460,193621969,5113682,5113682,251119,773,0,0
C070617,6635088,79621056,4130290,49563480,312816218,8946376,8946376,682960,756,0,0
C070618,5685161,68221932,1421290,17055480,725783389,81195714,66557054,391505,859,0,0
C070619,6803474,81641688,2688665,32263980,262745867,121300043,106135172,1044077,812,0,0
C070620,5641260,67695120,4362220,52346640,204437965,40426835,37262648,762458,702,0,0
C070621,6546645,78559740,2438636,29263632,117797969,102653347,64786342,391763,862,0,0
C070622,5744249,68930988,2398652,28783824,109045723,188708650,167991375,1344726,836,0,0
C070623,9292696,111512352,4185684,50228208,460367464,117159962,117159962,949604,792,0,0
C070624,12000000,144000000,4996622,59959464,886953235,122637316,92353009,958641,842,0,0
C070625,6170595,74047140,3520544,42246528,188664016,90066763,72666404,936076,779,0,0
C070626,6416808,77001696,3593082,43116984,246782080,50590017,50590017,594621,772,0,0
C070627,2950825,35409900,1201153,14413836,237724107,27816299,18821437,292477,731,0,0
C070628,4281701,51380412,2387505,28650060,24840824,45105013,30027014,450656,762,0,0
C070629,2141416,25696992,1210907,14530884,84070511,59155565,55406718,351602,794,0,0
C070630,4224403,50692836,2983544,35802528,587233889,72869596,56417116,550566,779,0,0
C070631,4401044,52812528,1917709,23012508,65121658,37710997,18768599,145908,677,0,0
C070632,2694669,32336028,1854134,22249608,203033049,38274128,22073051,242201,749,0,0
C070633,6601108,79213296,3566154,42793848,386618943,75840163,52333330,626034,830,0,0
C070634,3414537,40974444,950897,11410764,87019562,38732217,27492475,135868,781,0,0
C070635,3623198,43478376,2019088,24229056,172443622,91759435,86916643,768158,826,0,0
C070636,3059829,36717948,1275321,15303852,57194989,37442404,19875059,120531,805,0,0
C070637,6861869,82342428,4598688,55184256,338541739,118196888,118196888,569296,755,1,0
C070638,4317058,51804696,3725127,44701524,116139130,42130812,15001887,311611,764,0,0
C070639,3571506,42858072,2072561,24870732,138606269,20087821,10423298,308489,768,0,0
C070640,7222687,86672244,4431883,53182596,194549157,83401977,54413819,205738,794,0,0
C070641,3395247,40742964,1321856,15862272,570401496,30423297,18469265,124632,941,0,0
C070642,3869597,46435164,2707655,32491860,146609317,44730106,39832997,601141,840,0,0
C070643,4975767,59709204,2156736,25880832,45333200,61585189,35339189,294712,787,0,0
C070644,9265367,111184404,5058717,60704604,270669303,235850035,228314829,1474263,817,1,0
C070645,2440468,29285616,1630976,19571712,121953511,33961129,28813768,334907,823,0,0
C070646,5237867,62854404,3677346,44128152,272597115,41328802,41328802,482981,751,0,0
C070647,2178447,26141364,1266642,15199704,45903591,17702400,14498030,243941,699,0,0
C070648,5568239,66818868,3048600,36583200,448604115,49526899,43051428,319629,795,0,0
C070649,3464685,41576220,2392392,28708704,96695398,54268488,29184898,391949,760,0,0
C070650,5090454,61085448,3851486,46217832,799016362,131972118,112044534,1183686,666,0,1
C070651,5451933,65423196,4020375,48244500,439631362,53099255,41742125,562001,824,0,0
C070652,9913036,118956432,4835752,58029024,1068367954,189383074,171719415,1236030,901,0,0
C070653,2565678,30788136,1461998,17543976,28978635,22037906,13498500,126993,846,0,0
C070654,2878932,34547184,1123371,13480452,191080683,27901753,16362665,167998,826,0,0
C070655,2855321,34263852,1820538,21846456,76736143,38300016,20145851,123415,837,0,0
C070656,2177597,26131164,1084071,13008852,49431517,20511653,12382899,162711,855,0,0
C070657,5889284,70671408,3445925,41351100,222231010,105483529,46459445,619859,800,0,0
C070658,3650915,43810980,1405896,16870752,81973547,117251940,88179334,433286,814,0,0
C070659,10724365,128692380,4708226,56498712,451352315,261587411,261587411,1093417,741,0,0
C070660,2959114,35509368,1842146,22105752,268601288,30203330,24180553,287041,770,0,0
C070661,3192920,38315040,1533744,18404928,352283908,42598691,39542300,422536,801,0,0
C070662,3100648,37207776,1652373,19828476,206773620,15171512,15171512,62013,814,0,0
C070663,3176642,38119704,1694358,20332296,131611375,87285379,84425370,776949,836,0,0
C070664,3571489,42857868,1794563,21534756,286091799,85091789,62781009,573834,744,0,0
C070665,5051433,60617196,3445326,41343912,74215607,38499398,38499398,492276,731,0,0
C070666,6252712,75032544,3199494,38393928,110583023,50792710,41704740,366832,765,0,0
C070667,2276662,27319944,1433758,17205096,102818288,13195075,13195075,146500,830,0,0
C070668,2808818,33705816,1620877,19450524,63965299,42076526,19814457,125007,789,0,0
C070669,7953440,95441280,3898417,46781004,352129891,247569800,227459335,1650112,752,0,1
C070670,3488006,41856072,1453939,17447268,70002608,37204447,12829231,69760,839,0,0
C070671,2257045,27084540,1349019,16188228,82236106,27651497,15161063,50000,816,0,1
C070672,4628095,55537140,2983911,35806932,288728022,121416593,97855526,1044502,745,0,0
C070673,4632840,55594080,2347603,28171236,173042510,125431376,116129718,1039827,807,0,0
C070674,4077569,48930828,2831913,33982956,270585492,49649469,27815692,81551,754,0,0
C070675,11127700,133532400,8132591,97591092,331103721,79683861,52798197,1127004,665,0,0
C070676,7523477,90281724,3810565,45726780,225270316,143625138,118191015,647027,778,0,0
C070677,4374859,52498308,1771841,21262092,69216309,13331026,13331026,167966,749,0,0
C070678,2422499,29069988,1784762,21417144,131348019,40751909,26677139,276699,765,0,0
C070679,2324646,27895752,1408274,16899288,148049601,38575400,23114898,126612,899,0,0
C070680,4448278,53379336,1687483,20249796,61594279,21719565,21719565,319112,823,0,0
C070681,3377463,40529556,2001154,24013848,302803378,25406014,25406014,240847,802,0,0
C070682,4116899,49402788,2270305,27243660,459517336,72246127,60059282,1009884,725,0,0
C070683,3779173,45350076,3086485,37037820,302790022,29675733,19757337,249850,799,0,0
C070684,3201874,38422488,1733762,20805144,119389337,25732275,17843413,219352,761,0,0
C070685,1800000,21600000,1652543,19830516,36765166,31996573,17513767,206989,765,0,1
C070686,1800000,21600000,674470,8093640,181207020,14664109,9503072,219408,845,0,0
C070687,2777270,33327240,1490630,17887560,466581360,36243398,16382860,94301,744,0,0
C070688,5335093,64021116,3217759,38613108,677738489,81436139,51283522,713782,861,0,0
C070689,3532563,42390756,2809290,33711480,117937958,16833944,13400865,124958,744,0,0
C070690,2545261,30543132,2023079,24276948,229492806,29033034,18050145,77098,844,0,0
C070691,4567157,54805884,2081332,24975984,43179708,48654545,48654545,522414,778,0,0
C070692,3512903,42154836,2104486,25253832,71098059,43331215,43331215,398666,863,0,0
C070693,4105209,49262508,1867221,22406652,55200280,65106573,38788888,607763,827,0,0
C070694,4235075,50820900,1880983,22571796,506747989,28959344,12156097,334004,827,0,0
C070695,3708893,44506716,2917411,35008932,232260448,31069403,19785295,325516,745,1,0
C070696,5381393,64576716,2771730,33260760,278229618,62418147,36691249,517055,842,0,0
C070697,1800000,21600000,1133589,13603068,58060813,18944585,15581936,156641,769,0,0
C070698,1873775,22485300,1316960,15803520,110277702,75769437,68207234,530410,611,1,1
C070699,3447236,41366832,2323627,27883524,265146085,73393674,57684494,381776,736,0,0
C070700,12000000,144000000,8569238,102830856,1023649274,354886666,354886666,2145334,871,0,0
C070701,2942975,35315700,1854951,22259412,163814266,115102014,89811678,579684,753,0,0
C070702,3751304,45015648,1990947,23891364,272926162,31311430,21327844,368514,847,1,0
C070703,4022742,48272904,3330808,39969696,351447326,67739494,36340482,599751,607,3,0
C070704,2398088,28777056,1261359,15136308,135264453,27476155,13564199,109054,835,0,0
C070705,7705431,92465172,5849701,70196412,459432488,76862362,43147516,323534,879,0,0
C070706,10005223,120062676,5475101,65701212,104671837,70718680,55268196,200104,779,0,0
C070707,3331419,39977028,1897289,22767468,102285615,43109818,25499366,331607,823,0,0
C070708,2386382,28636584,1194915,14338980,95822933,75896009,50972122,424014,692,1,0
C070709,8354749,100256988,5026378,60316536,215813638,333853087,283104706,2308056,675,0,0
C070710,2506029,30072348,695649,8347788,112707772,39386322,31046818,327674,844,0,0
C070711,4593500,55122000,3344574,40134888,42612122,58577792,30043752,399381,816,0,0
C070712,2401856,28822272,1910063,22920756,68540666,57279102,41630844,421278,649,1,0
C070713,3493153,41917836,1632867,19594404,198176264,58353373,40537229,524170,796,0,0
C070714,2469540,29634480,1104395,13252740,204349211,68316274,60937374,500825,821,0,1
C070715,3788199,45458388,2105626,25267512,113799722,11054785,7599885,147577,777,0,0
C070716,1933352,23200224,1406093,16873116,71626791,10044752,10044752,113577,786,0,0
C070717,3656215,43874580,2107435,25289220,129459864,35844123,25242609,240337,759,0,0
C070718,3102783,37233396,1294886,15538632,521267544,36644433,36644433,443768,868,0,0
C070719,3043239,36518868,1850614,22207368,417395116,89755782,80849844,681504,711,0,1
C070720,6297126,75565512,3088454,37061448,271601856,130140884,116801162,890760,778,0,0
C070721,2158290,25899480,1201165,14413980,235785713,95780162,94777465,751906,674,0,0
C070722,2315811,27789732,1518162,18217944,44882779,18745348,15172909,207938,684,0,0
C070723,5005463,60065556,2466580,29598960,261520896,94813303,92053678,567193,862,0,0
C070724,4391748,52700976,2768826,33225912,186896853,35557301,13072062,87835,830,1,0
C070725,8030960,96371520,4663896,55966752,212194536,93113699,93113699,1151385,872,0,0
C070726,7162979,85955748,2445451,29345412,168403372,103977736,99316976,451583,855,0,0
C070727,3760612,45127344,3037813,36453756,196879719,38809736,34978652,438559,706,0,0
C070728,4486734,53840808,3268649,39223788,265349930,26853612,16825147,89735,774,0,0
C070729,5231072,62772864,3602006,43224072,325211846,72578329,46184823,713870,725,2,0
C070730,3399130,40789560,1539525,18474300,295198825,57591848,53940888,566232,788,1,0
C070731,5505520,66066240,2672845,32074140,267985874,147757307,144497239,957723,729,0,0
C070732,5254483,63053796,3503168,42038016,108249312,69111292,61136487,438207,779,1,0
C070733,4367115,52405380,1812211,21746532,117456676,81881878,81881878,878415,782,0,0
C070734,3511988,42143856,1611666,19339992,577906953,73851547,73851547,800421,750,0,0
C070735,2537452,30449424,1603225,19238700,39134470,20427877,11931440,335362,830,0,0
C070736,2783399,33400788,2376407,28516884,51250605,63972363,41981409,518282,681,1,0
C070737,2471681,29660172,1462547,17550564,158569532,17043436,7593862,170474,860,0,0
C070738,3051130,36613560,2182277,26187324,30365274,49019312,29538533,365178,696,0,0
C070739,4914773,58977276,3440970,41291640,120461610,19421144,19421144,278502,799,0,0
C070740,3533467,42401604,2449645,29395740,274094701,74531139,58830889,648843,774,1,0
C070741,4023848,48286176,2593333,31119996,561188424,69496068,67043818,768188,881,0,0
C070742,6658930,79907160,6991877,83902524,315765899,281154393,268562942,2357677,580,2,0
C070743,3327475,39929700,2435317,29223804,103330496,23746244,23746244,366537,734,0,0
C070744,2833312,33999744,2420911,29050932,147902184,39453644,39453644,345053,708,1,0
C070745,3786721,45440652,2103461,25241532,145947134,136553584,113537270,883277,769,0,0
C070746,3559001,42708012,1430196,17162352,115722772,46170427,43336065,323964,773,0,0
C070747,7962272,95547264,5082396,60988752,223668995,88868056,88868056,1010330,890,0,0
C070748,4646013,55752156,2695115,32341380,49734762,99737342,99737342,471703,759,0,0
C070749,7079300,84951600,4709777,56517324,471055116,143284569,126212509,912049,797,0,0
C070750,8013852,96166224,4256883,51082596,282558584,126137058,76849449,574869,828,0,0
C070751,5841808,70101696,4315001,51780012,291647899,49235262,34251723,478742,714,0,0
C070752,3807763,45693156,2620836,31450032,140561518,17447916,14991056,306141,763,0,0
C070753,11205612,134467344,8739600,104875200,426558083,84058178,78787400,1040341,876,0,0
C070754,3836338,46036056,1935623,23227476,185338306,27282958,22450861,246264,722,0,0
C070755,2997167,35966004,1687980,20255760,337787972,50493695,36380719,300709,735,0,0
C070756,2801961,33623532,1462713,17552556,257392250,132096585,124921821,733612,662,0,0
C070757,4276567,51318804,2908865,34906380,424307322,55548038,40870549,534441,739,0,0
C070758,2300553,27606636,1502666,18031992,117960318,22110909,16736306,155387,795,0,0
C070759,3551011,42612132,2050472,24605664,186918619,28953321,23575887,512190,826,0,0
C070760,4212150,50545800,2649351,31792212,491933753,39508161,20697921,183541,817,0,0
C070761,3449849,41398188,2332310,27987720,39761939,25433017,19866152,286926,770,0,0
C070762,1800000,21600000,1343891,16126692,48921146,56220911,56220911,413132,827,0,0
C070763,4892489,58709868,3429702,41156424,119906507,88426756,88426756,539079,779,1,0
C070764,5838837,70066044,4287125,51445500,175815323,60541532,56941476,648552,804,0,0
C070765,3543458,42521496,1421336,17056032,117923296,44806703,27350816,300022,797,0,0
C070766,5022393,60268716,3482281,41787372,165967500,25094510,25094510,205432,709,0,0
C070767,6321962,75863544,3308330,39699960,832962832,74571509,45618493,783491,811,0,0
C070768,3266632,39199584,1934809,23217708,154660884,41836758,38330538,440861,794,0,0
C070769,3643010,43716120,2120945,25451340,171836544,32980410,30847514,307679,831,0,0
C070770,9450522,113406264,6566197,78794364,375547765,153312767,114534357,1197115,708,0,0
C070771,2430731,29168772,1858783,22305396,79820112,16614644,6200151,254489,751,1,1
C070772,6464158,77569896,4837377,58048524,96100590,50071853,50071853,348994,778,0,0
C070773,12000000,144000000,4659973,55919676,377994235,165785679,120039841,376851,785,0,0
C070774,4150607,49807284,2597832,31173984,172586648,152319211,141976070,1230965,682,1,0
C070775,3771332,45255984,2587760,31053120,123868948,40979742,40979742,276122,915,0,0
C070776,2734692,32816304,2112496,25349952,34787253,41004545,32766821,241855,778,0,1
C070777,2823662,33883944,996876,11962512,146126109,93341247,93341247,763605,704,0,0
C070778,3198424,38381088,2580724,30968688,185889494,79205751,68972084,525523,711,0,0
C070779,2754313,33051756,1712473,20549676,118541931,16556434,16556434,159417,787,0,0
C070780,4251655,51019860,2527056,30324672,182688025,42694070,34993496,85033,826,0,0
C070781,2342645,28111740,1542895,18514740,53383599,29248650,20030844,115435,824,0,0
C070782,2464557,29574684,1441243,17294916,343282787,35925884,32898080,394420,754,0,0
C070783,5289173,63470076,2640399,31684788,95620169,22022144,21048103,634552,742,0,0
C070784,3652650,43831800,2925022,35100264,94328140,14630531,14630531,433950,756,0,0
C070785,3514099,42169188,1584865,19018380,328406361,49682951,40263968,564171,694,0,0
C070786,5709277,68511324,4055716,48668592,959158536,35947797,32854775,543859,634,0,0
C070787,4987814,59853768,1812579,21750948,711965124,59634756,20043955,217510,829,0,0
C070788,6656149,79873788,4700709,56408508,144762884,74729951,53060274,754031,736,0,0
C070789,2524270,30291240,1860322,22323864,25511814,49209251,40255021,387812,777,0,0
C070790,3950670,47408040,2275918,27311016,223011577,28240444,14392723,284971,855,0,0
C070791,3051129,36613548,1801988,21623856,26481597,61289802,52673679,248055,821,0,1
C070792,5487410,65848920,4571137,54853644,50960353,85069520,85069520,625841,785,0,1
C070793,6905409,82864908,1977471,23729652,351027926,266211360,261786172,1974410,796,0,0
C070794,3607564,43290768,2381583,28578996,420703292,91432971,63102316,573989,726,0,1
C070795,2198481,26381772,1366852,16402224,193740724,24362309,7254953,177050,797,0,1
C070796,3770540,45246480,2496927,29963124,88369044,41498051,41498051,419645,833,0,0
C070797,2304218,27650616,1150321,13803852,62999372,54094111,44181941,291425,870,0,0
C070798,4871068,58452816,2509475,30113700,467198450,106136978,80349596,625296,705,0,1
C070799,12000000,144000000,8442390,101308680,150867078,103961515,92702072,1068177,774,0,0
C070800,3879167,46550004,2633163,31597956,245132369,52052374,38281517,360413,759,0,0
C070801,3898860,46786320,2643979,31727748,99218072,160384630,138408379,1148703,651,2,1
C070802,5245822,62949864,2185903,26230836,379272829,64173762,25601269,121478,879,0,0
C070803,3997235,47966820,1982167,23786004,79187182,45010435,24606674,153649,811,0,0
C070804,5592235,67106820,3436378,41236536,530292245,44060942,26787814,637298,776,0,0
C070805,3982384,47788608,2242021,26904252,148124644,30273859,24460029,298168,815,0,0
C070806,4727971,56735652,1686998,20243976,178200147,25047268,8180027,311730,747,0,0
C070807,5993237,71918844,3641975,43703700,130836201,214838263,213088816,1277971,773,0,0
C070808,4234805,50817660,2923505,35082060,51786416,33791765,22642495,168124,752,0,0
C070809,5391639,64699668,3215446,38585352,316846135,61061060,57648870,637229,798,0,0
C070810,5908943,70907316,3717724,44612688,357250016,58571327,55737898,379439,757,0,0
C070811,2656227,31874724,1678946,20147352,158910798,35570907,32763035,273158,735,0,0
C070812,5263264,63159168,3319787,39837444,216099097,87091663,61119647,970660,736,0,0
C070813,4402553,52830636,2851238,34214856,320770918,61311073,25942019,417083,760,0,0
C070814,4083238,48998856,2588912,31066944,139939978,96895307,96895307,855723,773,0,0
C070815,2586226,31034712,1245477,14945724,106905984,22336287,16877379,181883,723,0,0
C070816,4530388,54364656,3146676,37760112,761105184,66615233,36119438,609021,735,0,0
C070817,5856193,70274316,2195572,26346864,242774365,89098518,61409079,412935,744,0,0
C070818,1800000,21600000,1215387,14584644,219345394,42944202,38409666,260310,786,0,0
C070819,2900332,34803984,1805609,21667308,48984023,71153127,49824379,518854,715,0,0
C070820,3959941,47519292,2360636,28327632,317262834,67904956,65124990,632652,755,0,0
C070821,4948058,59376696,3311287,39735444,70655437,20869534,20352854,516685,803,0,0
C070822,3502275,42027300,1970452,23645424,72761698,29810939,22327189,166747,810,0,0
C070823,6277886,75334632,2355859,28270308,519265235,70214452,70214452,702630,855,0,0
C070824,1800000,21600000,632164,7585968,153854102,11352689,10396241,79315,790,0,0
C070825,5467736,65612832,2512723,30152676,85278116,100135632,73568677,820308,841,0,0
C070826,1800000,21600000,1890000,22680000,19685910,19433790,13902072,214882,663,1,0
C070827,4329986,51959832,2868875,34426500,431461865,244026453,233819244,1657814,682,0,0
C070828,6779551,81354612,2927421,35129052,247791453,45603226,33793000,627125,830,0,0
C070829,3724820,44697840,2830589,33967068,87768247,77077017,75227418,466919,877,0,0
C070830,7095918,85151016,3638636,43663632,143695186,113665567,75997996,893853,817,1,0
C070831,4815003,57780036,2154150,25849800,280340530,80974959,62195507,538691,733,0,0
C070832,1800000,21600000,1012881,12154572,39143260,13217950,13217950,163135,933,0,0
C070833,3710255,44523060,2677648,32131776,59741970,107143072,102661609,750804,785,0,1
C070834,4367203,52406436,2328124,27937488,458036933,56876925,43010728,453673,749,0,0
C070835,3087242,37046904,1434976,17219712,236245193,33514922,28327485,130170,785,0,0
C070836,5545100,66541200,2637493,31649916,213361519,146277232,120208008,1179428,819,0,0
C070837,1917692,23012304,1198926,14387112,52981849,12815807,8756494,301937,776,0,0
C070838,7153125,85837500,5156348,61876176,244905890,61612919,51804111,143063,752,1,0
C070839,4115360,49384320,2210560,26526720,122677350,63524167,58953694,218471,817,0,0
C070840,4564038,54768456,2780453,33365436,66453027,44023055,44023055,361613,770,0,0
C070841,2074090,24889080,1335194,16022328,33657863,6144815,2609942,50000,840,0,0
C070842,5830278,69963336,3295835,39550020,226849929,32494860,25579536,667039,831,0,0
C070843,3977552,47730624,1480055,17760660,158711947,9845363,9845363,139322,793,0,0
C070844,3176762,38121144,1434685,17216220,73195465,33494731,10239983,307281,772,0,0
C070845,4435540,53226480,2478135,29737620,123511227,54520044,36046564,188318,752,0,0
C070846,2831130,33973560,1477477,17729724,60277266,10617961,8567489,270011,787,1,0
C070847,3039545,36474540,2431779,29181348,137119580,40436415,33525125,291073,782,0,1
C070848,2715104,32581248,2180164,26161968,67106175,37592082,18097901,238657,815,0,0
C070849,5467609,65611308,4072681,48872172,513199156,144936846,99690665,1000737,745,0,0
C070850,3135467,37625604,1819318,21831816,293339273,42987669,28936743,361085,830,0,0
C070851,1800000,21600000,1174793,14097516,29350571,29420801,21832509,161207,792,0,0
C070852,3860027,46320324,2143527,25722324,182130786,32976165,28110935,277138,832,0,0
C070853,3319755,39837060,1770294,21243528,161067278,30513502,25620389,310543,723,0,0
C070854,3931336,47176032,1994050,23928600,155711610,60911370,42632409,558771,747,0,0
C070855,3434208,41210496,1928377,23140524,47778543,33479315,19732693,287918,750,0,0
C070856,3699531,44394372,2326144,27913728,128455550,42406812,28653024,259578,835,0,0
C070857,4880980,58571760,2680179,32162148,404706743,31270394,22409190,349167,722,0,0
C070858,5504554,66054648,4385667,52628004,529753869,150488999,84321837,586097,821,0,0
C070859,6330570,75966840,3885799,46629588,475463288,86930080,84490710,836448,700,0,0
C070860,3210847,38530164,2221417,26657004,539422296,92132454,80172794,857178,675,1,0
C070861,10309482,123713784,3032308,36387696,723035157,112838743,65726326,846023,696,0,0
C070862,2063740,24764880,1664224,19970688,91937923,31486520,20481103,335631,749,0,0
C070863,5355355,64264260,2440407,29284884,899699640,63357216,48402161,152559,820,0,0
C070864,5707379,68488548,2369452,28433424,958839672,32350922,32350922,392078,776,0,1
C070865,3534814,42417768,2201507,26418084,407757941,44815724,27433929,414253,702,0,0
C070866,5474530,65694360,3261973,39143676,226361784,184488188,132680175,1134982,641,0,0
C070867,8909986,106919832,4775236,57302832,391655126,130513108,65483728,571033,763,2,0
C070868,6902940,82835280,1737324,20847888,381775710,80426398,50869537,406169,833,0,0
C070869,1845333,22143996,697654,8371848,29015725,32867685,24727160,235095,814,1,1
C070870,2271412,27256944,1551652,18619824,52134455,16827650,9856273,220109,793,0,0
C070871,3579612,42955344,2065776,24789312,36387594,19787973,15214472,423219,751,0,0
C070872,3891507,46698084,1863476,22361712,180903853,63044430,57686329,527235,790,0,0
C070873,2969615,35635380,1838478,22061736,218228997,46143202,41965626,436416,709,0,0
C070874,4183213,50198556,2554713,30656556,199813099,54981362,29222698,466261,857,0,0
C070875,3227109,38725308,1958348,23500176,97554359,34315859,18936036,304052,735,0,0
C070876,4149743,49796916,2087064,25044768,152514671,68436231,56698136,435772,777,0,0
C070877,2573507,30882084,2469871,29638452,131728422,43976995,41165247,329257,650,0,0
C070878,2598923,31187076,1505862,18070344,184812647,48735054,46256174,573488,788,0,0
C070879,8378062,100536744,4184548,50214576,155656020,63005308,43809947,581566,814,0,0
C070880,4555813,54669756,2483630,29803560,95842427,75015072,45912206,564944,835,0,0
C070881,3192453,38309436,1372362,16468344,103717683,20445169,20445169,231534,830,0,0
C070882,4271339,51256068,3135031,37620372,84260900,35320590,27920008,489429,770,1,0
C070883,4338686,52064232,2776627,33319524,115170469,41559459,41559459,405657,852,0,0
C070884,2170257,26043084,1426680,17120160,105692475,65284704,47590819,291140,840,0,0
C070885,5030995,60371940,2908751,34905012,93385545,56816782,27244774,533807,776,0,0
C070886,5478942,65747304,2631453,31577436,115247238,62567538,46933068,396156,756,0,0
C070887,5134771,61617252,1993731,23924772,203684170,32290401,32290401,366926,787,0,0
C070888,7723800,92685600,4044340,48532080,803559330,152921599,100825500,962058,775,0,0
C070889,6407228,76886736,3211481,38537772,84330959,233739902,233739902,1606555,831,0,0
C070890,5842136,70105632,3795664,45547968,221069995,95080567,81118122,695334,823,0,0
C070891,4881714,58580568,2583343,31000116,126274012,100791206,73585232,696957,696,1,0
C070892,4684031,56208372,2688318,32259816,347550738,30442070,24788128,356254,687,1,0
C070893,5675800,68109600,3793100,45517200,198916821,52939354,26010575,628056,723,0,1
C070894,3629616,43555392,2097832,25173984,90859281,73926057,63075425,370175,747,0,0
C070895,3437601,41251212,1880376,22564512,157112711,12819317,9497662,239050,787,0,0
C070896,2866384,34396608,1702382,20428584,94874416,46611975,46611975,517011,785,0,0
C070897,5791301,69495612,3691496,44297952,343687546,211756002,185559122,1476916,658,0,0
C070898,5060077,60720924,3317103,39805236,144404346,37613202,19700647,325602,858,0,0
C070899,5299176,63590112,4227110,50725320,119077141,41514205,20142896,623479,724,0,0
C070900,2713070,32556840,1816075,21792900,258487723,47689921,38423088,351082,687,0,0
C070901,4747137,56965644,2782429,33389148,284200538,104666679,83915906,843796,670,0,0
C070902,2196425,26357100,1114820,13377840,78010972,24917333,21987045,187190,851,0,0
C070903,7519311,90231732,3252230,39026760,316388795,128840916,128840916,1095265,831,0,0
C070904,3894767,46737204,2358028,28296336,152716434,63843094,58934057,512096,817,0,0
C070905,4544168,54530016,2082507,24990084,262488300,50728262,50728262,636594,809,0,0
C070906,5731995,68783940,2637974,31655688,215497152,55231436,48474118,304504,814,0,0
C070907,6939758,83277096,5307851,63694212,274764211,106388828,74475295,254902,820,0,0
C070908,6255627,75067524,3667819,44013828,127810527,82190152,37841291,520137,762,1,0
C070909,3922783,47073396,2469399,29632788,241137675,81086659,65721883,440673,772,0,0
C070910,7259052,87108624,4284030,51408360,153816677,54392920,54392920,1057530,772,0,0
C070911,5014223,60170676,3444252,41331024,37545293,38403075,24885111,459026,658,0,0
C070912,4362888,52354656,1985054,23820648,240902959,140183359,124384357,982750,759,1,0
C070913,6542150,78505800,3126226,37514712,720068093,67320240,28931281,491667,716,1,0
C070914,2339637,28075644,1534044,18408528,259567988,48118803,32165583,132743,820,0,0
C070915,8744108,104929296,4879474,58553688,146325222,120952727,78743707,476123,891,0,0
C070916,2943658,35323896,1629545,19554540,56059890,52306719,34682677,492554,754,0,0
C070917,6732418,80789016,4313061,51756732,133578425,76809874,21611783,470538,668,0,1
C070918,4674545,56094540,2655645,31867740,360005487,72670617,55407292,467451,800,0,0
C070919,6808697,81704364,4314629,51775548,672113588,109467156,71467244,558151,706,0,0
C070920,5477417,65729004,3187133,38245596,443326504,23764299,12305953,724667,780,2,1
C070921,3566993,42803916,1966888,23602656,69203169,109180550,92710641,308602,836,0,1
C070922,2458902,29506824,1154132,13849584,36085411,10926103,10926103,50000,822,1,0
C070923,3126889,37522668,2139485,25673820,77016917,25279321,8102421,62538,794,0,0
C070924,4854481,58253772,2830274,33963288,116913415,33993712,18519764,259832,742,0,0
C070925,1907534,22890408,1007103,12085236,32563685,25626245,25626245,178720,829,0,0
C070926,2756560,33078720,1287273,15447276,242070599,30083169,29807130,290060,865,0,0
C070927,3912054,46944648,1904851,22858212,223736789,121796407,107778115,897108,750,0,0
C070928,4564950,54779400,3029336,36352032,129205466,36645344,16844058,497674,713,0,0
C070929,4499240,53990880,3688554,44262648,140203410,138126126,106026481,828915,750,0,1
C070930,4936184,59234208,3477534,41730408,829278912,78841608,55101844,323488,792,0,0
C070931,6518541,78222492,5216752,62601024,127762335,97444601,65279837,327359,702,0,0
C070932,3022158,36265896,1167727,14012724,30821694,20208277,20208277,380320,782,0,0
C070933,6186477,74237724,4551292,54615504,132990194,108435560,51551750,763417,756,0,1
C070934,5518499,66221988,5138322,61659864,429420057,53039897,42851425,651150,792,0,0
C070935,4439878,53278536,2400783,28809396,62760680,32320978,32320978,259075,792,0,0
C070936,2822663,33871956,1646833,19761996,108853320,48118907,42543180,332843,708,0,0
C070937,5437852,65254224,3981923,47783076,186055465,70043975,28283072,190413,833,0,0
C070938,6673841,80086092,3672965,44075580,224870976,67581961,53778472,898156,750,0,0
C070939,5295756,63549072,3010810,36129720,115953750,107166036,94959510,684683,816,0,0
C070940,7525662,90307944,5258811,63105732,184398550,183860505,183860505,1765799,709,0,0
C070941,3215131,38581572,1525666,18307992,32354395,11175843,9938791,130494,890,0,0
C070942,4246625,50959500,3563507,42762084,448987873,12488878,7509487,84933,836,0,0
C070943,11038647,132463764,7164182,85970184,668837964,271774089,236061485,2254523,727,1,1
C070944,2912346,34948152,1128625,13543500,161394867,57470833,57470833,290023,745,0,0
C070945,2851809,34221708,2181860,26182320,406634706,79020743,61164985,392570,822,0,0
C070946,3575528,42906336,1525082,18300984,132524615,37442823,17913902,166340,772,0,0
C070947,2899303,34791636,1908249,22898988,77251988,41635460,39148279,196392,810,1,0
C070948,3240208,38882496,1649417,19793004,43490537,33369649,33369649,205534,807,0,0
C070949,6211719,74540628,3637148,43645776,351128663,99742828,77036390,650312,816,0,0
C070950,4123090,49477080,3246056,38952672,31839489,34599243,30349017,404758,771,1,0
C070951,4114789,49377468,3090055,37080660,293156886,129933496,103965935,740776,834,0,0
C070952,2581219,30974628,1352869,16234428,37622988,48447677,46711373,421560,748,0,0
C070953,1897651,22771812,835668,10028016,104824267,33178447,18171611,203148,842,0,0
C070954,2835480,34025760,2293651,27523812,47973836,22536241,11087533,261221,717,0,0
C070955,2694207,32330484,1876510,22518120,159585469,10044867,8454667,169372,655,1,0
C070956,3416358,40996296,2033801,24405612,170805968,24267396,17215176,299742,746,0,0
C070957,6499033,77988396,4276977,51323724,326406146,32231506,28448462,708087,731,0,0
C070958,3845671,46148052,2089038,25068456,202169823,44719901,30017395,360386,862,0,0
C070959,2262735,27152820,1562129,18745548,29834532,21955514,17358122,248824,774,0,0
C070960,3984495,47813940,1927951,23135412,197236618,80684125,50184165,560247,781,0,0
C070961,4938220,59258640,2361635,28339620,209212731,38769429,20947814,301265,766,0,0
C070962,3403574,40842888,2473257,29679084,252295310,42623725,37148197,138746,766,0,0
C070963,4656491,55877892,1980825,23769900,92255515,35886872,32192361,580109,759,0,0
C070964,3666822,44001864,1908498,22901976,98134138,54907371,31125950,401522,787,0,0
C070965,3381737,40580844,1557514,18690168,367459213,36647738,36647738,103969,840,0,0
C070966,2644886,31738632,1527605,18331260,173339470,54921428,41625666,458119,936,0,0
C070967,4644679,55736148,2506235,30074820,99846937,16958712,13905639,488448,810,0,0
C070968,3257080,39084960,2429155,29149860,308170260,29067947,12679648,116818,754,0,0
C070969,1940097,23281164,1361989,16343868,61973805,40075878,24711447,256340,760,0,0
C070970,3346874,40162488,2152678,25832136,104746158,25942405,24449082,269799,817,0,0
C070971,3147943,37775316,1800434,21605208,56394678,81509128,75034736,610649,695,0,0
C070972,3681468,44177616,1885135,22621620,166538148,48814837,21495853,298712,801,0,0
C070973,1997729,23972748,1129743,13556916,78836722,28686074,18673171,198278,815,0,0
C070974,1862149,22345788,1320847,15850164,31131421,20311167,11546030,89266,705,1,0
C070975,3748038,44976456,1540016,18480192,84093213,47561523,47112810,440220,760,0,0
C070976,5451135,65413620,3298265,39579180,125934200,155962130,142969965,765365,689,0,0
C070977,3744926,44939112,2604078,31248936,103295095,20667979,20667979,107797,763,1,0
C070978,7534067,90408804,4695292,56343504,401206270,96980215,74453071,656078,771,0,0
C070979,7581156,90973872,4727546,56730552,708605930,162711171,99776695,567830,839,0,0
C070980,1800000,21600000,831837,9982044,36375635,8906157,6185884,142029,866,0,0
C070981,5156020,61872240,4190877,50290524,252061223,41096113,20559849,485052,756,0,0
C070982,4917093,59005116,2629228,31550736,148567844,57165158,37834862,455632,721,0,0
C070983,2877755,34533060,1770400,21244800,376796329,72814207,69459132,624387,728,0,0
C070984,3751469,45017628,1813511,21762132,148316865,60056919,50952794,512367,801,0,0
C070985,3833157,45997884,2030983,24371796,211875671,40293120,40293120,254971,779,0,0
C070986,6372364,76468368,3237370,38848440,194133897,122780431,89395116,795660,732,0,0
C070987,2726303,32715636,1356941,16283292,218619105,23788908,19300111,189083,744,0,1
C070988,6024385,72292620,4349655,52195860,1012096680,140410265,129980547,1231155,655,1,0
C070989,5840443,70085316,3868082,46416984,230035658,66667067,52193330,986818,731,0,0
C070990,4828224,57938688,2980946,35771352,398552089,70554347,70554347,881259,699,0,0
C070991,2697673,32372076,1229010,14748120,453209064,45125674,33116413,320372,821,0,0
C070992,5493421,65921052,3885245,46622940,39041781,43966117,43966117,631356,811,0,0
C070993,5670873,68050476,3759830,45117960,452153521,14081810,14081810,113417,780,0,0
C070994,4594764,55137168,2945575,35346900,220496945,165751183,142142943,1068824,795,0,0
C070995,5618453,67421436,4732789,56793468,129093030,112316784,71743577,715499,718,0,1
C070996,4763458,57161496,1683759,20205108,277864011,48689969,23214229,370814,794,0,0
C070997,6330425,75965100,3514726,42176712,145752620,18929045,16591526,231165,843,0,0
C070998,3854804,46257648,2576968,30923616,96183732,59278882,59278882,369297,752,0,0
C070999,3287541,39450492,996689,11960268,147692484,74765595,53329257,392713,793,0,0
C071000,1800000,21600000,478719,5744628,188405412,17798847,11201770,50000,807,0,0
C071001,4916245,58994940,2191595,26299140,658510387,54534387,46781337,732711,703,0,0
C071002,2658140,31897680,1301949,15623388,90717302,29453555,19764625,229702,805,0,0
C071003,3668410,44020920,2103885,25246620,128436787,89770636,79508032,778418,764,0,0
C071004,4162519,49950228,2468833,29625996,192749929,51292623,42158694,373180,813,0,0
C071005,3806848,45682176,1954871,23458452,66146780,47390167,47011917,266204,793,0,0
C071006,7653221,91838652,3373983,40487796,142511110,234781939,210553226,1462752,742,0,0
C071007,4048540,48582480,3312765,39753180,87731467,85619586,67041233,476871,732,0,0
C071008,2055894,24670728,1548013,18576156,95853247,22213900,10637781,275177,851,0,0
C071009,4163257,49959084,2598702,31184424,414015505,58888870,30893570,383279,781,1,0
C071010,5804552,69654624,5267755,63213060,398748414,107002303,54216350,116091,698,1,1
C071011,1800000,21600000,603823,7245876,26290562,38225569,37282081,405618,807,0,0
C071012,5247439,62969268,3567126,42805512,154267498,101620252,87516113,954706,747,0,0
C071013,6383546,76602552,5189769,62277228,166202919,349438296,344711484,2316165,724,0,0
C071014,4555971,54671652,2984670,35816040,219011698,92747725,77980183,769155,769,0,0
C071015,5509192,66110304,3448468,41381616,199523753,236683643,236683643,2108351,822,0,0
C071016,3303595,39643140,2434659,29215908,121223543,55847113,35765914,361880,743,0,0
C071017,6382170,76586040,4427569,53130828,556916323,152329429,90285981,1067332,708,0,0
C071018,1800000,21600000,677155,8125860,302400000,25873507,25873507,210066,786,0,0
C071019,7373890,88486680,5139528,61674336,93242462,79912346,77759283,1292211,845,0,0
C071020,4548797,54585564,3427537,41130444,97721920,62730233,35350329,603857,698,0,0
C071021,6002711,72032532,3478067,41736804,666373555,103915601,70617472,1118148,842,0,0
C071022,7047619,84571428,5998696,71984352,320652715,123194074,106066755,940731,808,0,0
C071023,6375965,76511580,4556267,54675204,310597579,77822424,45604156,670940,757,0,0
C071024,3597821,43173852,1996442,23957304,234244161,19965663,19965663,406077,820,0,0
C071025,2956107,35473284,1102889,13234668,66109400,51562023,37118156,368622,690,1,0
C071026,2515873,30190476,1459291,17511492,120821735,11634856,6537453,52631,757,0,0
C071027,2329529,27954348,869616,10435392,121744388,30517933,4852235,50000,942,0,0
C071028,5603816,67245792,1513964,18167568,523064214,57063024,48693305,445816,807,1,0
C071029,3947870,47374440,2943706,35324472,488253726,72034895,47549707,220697,735,0,0
C071030,7525784,90309408,4991394,59896728,228735429,37898922,37177173,399839,810,0,0
C071031,2898987,34787844,1427580,17130960,123429914,19919102,14358204,78076,822,0,0
C071032,3370404,40444848,2249506,26994072,156612278,40177868,36030896,549397,765,0,0
C071033,6534461,78413532,2384732,28616784,268986718,48193146,43776592,383632,753,1,0
C071034,4746016,56952192,2095438,25145256,155077105,83753050,74248868,698836,787,0,0
C071035,3046766,36561192,2585540,31026480,45826722,36213111,18121884,335778,750,0,0
C071036,3546065,42552780,1173796,14085552,68605203,45037547,26046004,314321,834,0,0
C071037,4751116,57013392,2534525,30414300,650952578,34286585,19692770,333245,833,0,0
C071038,3096290,37155480,1569621,18835452,88878542,37770548,17829225,340369,701,0,0
C071039,8656443,103877316,3107462,37289544,379608131,97702724,74443166,512792,807,0,0
C071040,3127931,37535172,2123779,25485348,199193641,34487172,34487172,272052,793,0,0
C071041,5828528,69942336,2990523,35886276,298154599,52375336,38501059,617040,792,0,0
C071042,5312518,63750216,3028206,36338472,233335981,98003539,76765228,760978,719,0,0
C071043,3506816,42081792,2006574,24078888,172060061,47040490,32176585,348435,757,0,0
C071044,7988299,95859588,2784477,33413724,444169546,58464592,58464592,1032333,780,0,0
C071045,6659466,79913592,3645628,43747536,921809446,116202371,99016655,1129903,846,0,0
C071046,5103188,61238256,1669115,20029380,133217647,43154893,36039227,515500,829,0,0
C071047,4452846,53434152,2189399,26272788,212814241,46931225,28676487,244638,751,0,0
C071048,6968192,83618304,5888680,70664160,222069158,146840001,93594896,889037,655,0,0
C071049,1800000,21600000,770150,9241800,19242672,24711873,21571988,173702,737,0,0
C071050,2121148,25453776,1139239,13670868,44789238,109118570,101490486,678339,814,0,1
C071051,5234085,62809020,3985177,47822124,100721683,304332770,282640590,1775621,722,0,0
C071052,3056940,36683280,2128806,25545672,185393736,17810218,10576743,353478,862,0,0
C071053,5346240,64154880,2694836,32338032,142021041,76454161,44680174,529930,775,0,0
C071054,4023198,48278376,3027016,36324192,80635439,23418104,21315474,423948,720,0,0
C071055,3045387,36544644,1947603,23371236,162499566,125864791,114765310,853012,718,0,0
C071056,6207930,74495160,4190033,50280396,44936649,161663509,161663509,1090371,774,1,0
C071057,3313378,39760536,1987336,23848032,268785536,194370758,178922412,1130409,622,0,0
C071058,7963698,95564376,4011868,48142416,98129440,151443729,107066332,1558023,705,0,0
C071059,5325734,63908808,2759960,33119520,517617590,114137294,77321966,940027,826,0,0
C071060,5968673,71624076,2256633,27079596,378991725,43039530,24104013,161380,791,0,0
C071061,2618805,31425660,654701,7856412,54740118,26102782,9597039,205590,792,0,0
C071062,3143931,37727172,1197733,14372796,65679045,37965493,28077704,521954,844,0,0
C071063,4634515,55614180,2124208,25490496,182857864,120373255,102639555,896178,711,0,0
C071064,3597189,43166268,1527767,18333204,51868532,70005373,68934657,672980,860,0,0
C071065,6432505,77190060,4969603,59635236,136728747,85434513,61734715,722151,769,1,0
C071066,3545067,42540804,1858193,22298316,115171629,83545447,74543921,616373,765,0,0
C071067,3280363,39364356,2016278,24195336,115462594,61750268,57909364,370130,793,0,0
C071068,4971319,59655828,3547812,42573744,187643086,80158679,57990047,717385,715,0,0
C071069,4287695,51452340,2059187,24710244,117427502,20838925,6559796,447645,780,0,0
C071070,6122902,73474824,3398034,40776408,143475235,47807747,30882705,688087,801,0,0
C071071,2479693,29756316,1104657,13255884,91215984,33013531,18886350,132389,806,0,0
C071072,7282946,87395352,3481624,41779488,368128209,164868104,130221979,1352818,862,0,0
C071073,7640760,91689120,6143614,73723368,363829842,163649118,95845473,1284794,709,1,0
C071074,3870603,46447236,2674955,32099460,131468507,225998805,196719084,1426096,532,4,1
C071075,1800000,21600000,824110,9889320,57556862,26820929,21376489,192724,796,0,1
C071076,1800000,21600000,882813,10593756,151542751,52364077,52364077,394794,669,0,0
C071077,7964001,95568012,3360898,40330776,166318301,87423604,87423604,530561,814,0,0
C071078,4075190,48902280,2187090,26245080,210150246,92525302,76308338,750623,704,1,0
C071079,6284763,75417156,4397540,52770480,173748851,71793017,20181318,417861,763,0,0
C071080,8651797,103821564,3499229,41990748,619058129,129497824,92317940,888114,803,0,0
C071081,6346137,76153644,3372645,40471740,327881170,50838612,38457194,610298,832,0,0
C071082,2896451,34757412,1837899,22054788,62405161,44267739,25331269,365759,801,0,0
C071083,6061165,72733980,4129461,49553532,127770030,142018873,125249688,940055,611,0,0
C071084,2884757,34617084,1321784,15861408,239499823,29882050,16416766,221079,831,0,0
C071085,2993987,35927844,1298759,15585108,172797288,38067830,34922556,332816,801,1,0
C071086,2480419,29765028,1345432,16145184,94996178,6369258,3362727,50000,842,0,0
C071087,4373864,52486368,3045231,36542772,246911881,51973193,20742700,433328,760,1,1
C071088,3208466,38501592,1890667,22688004,109609998,51266331,44241029,436900,724,0,0
C071089,4408235,52898820,1834996,22019952,740583480,44042076,36747362,720478,801,1,0
C071090,7653422,91841064,3772724,45272688,223979319,67792240,67792240,525265,906,0,0
C071091,3565070,42780840,2205445,26465340,197569590,77907470,69980482,530432,743,0,0
C071092,3902232,46826784,1442360,17308320,132094061,184073543,171109666,1157189,700,0,0
C071093,8523141,102277692,4986977,59843724,648692479,72829689,37720323,753756,755,1,1
C071094,3245835,38950020,1324775,15897300,46871852,22893678,12992282,269354,755,0,0
C071095,4540702,54488424,3563822,42765864,375923679,126386407,126386407,757098,754,0,0
C071096,4708948,56507376,2731411,32776932,315455744,152967329,134076073,1087225,726,0,1
C071097,4938123,59257476,2648320,31779840,256579183,69088651,56970559,488625,793,0,0
C071098,3686147,44233764,1864420,22373040,103063008,30315072,30315072,73723,813,0,0
C071099,2678004,32136048,1062958,12755496,88025286,47654865,30893525,182802,778,0,0
C071100,4790510,57486120,2987776,35853312,184976478,63709990,59641010,186979,819,0,0
C071101,6326576,75918912,4225994,50711928,770845587,74207587,73601593,817982,843,0,0
C071102,4868870,58426440,2425533,29106396,279569298,188062735,167102842,1299241,651,0,1
C071103,2385124,28621488,1012520,12150240,222250638,56254013,45797428,246112,798,0,0
C071104,4341709,52100508,2116197,25394364,187410220,135030062,123055378,996124,793,0,0
C071105,5661207,67934484,3603604,43243248,578627684,118972964,74491921,915987,709,0,0
C071106,3452487,41429844,2220933,26651196,553748504,30834815,9622437,69050,812,0,0
C071107,2549212,30590544,965180,11582160,162138901,32437157,19278844,197925,845,0,0
C071108,7165178,85982136,4536205,54434460,267279699,104449238,102069224,540982,786,0,0
C071109,3027402,36328824,1917668,23012016,72479440,97074063,89731947,558815,788,0,0
C071110,3736506,44838072,3045995,36551940,258293781,69876176,57419825,408495,769,0,0
C071111,3889868,46678416,2651316,31815792,231036939,64712388,47027452,761915,756,0,0
C071112,3864328,46371936,2915473,34985676,156008694,96287550,68051539,631629,857,0,0
C071113,5779604,69355248,3023902,36286824,387735740,128306724,128306724,1112016,778,0,0
C071114,3584621,43015452,1366862,16402344,279224825,56491254,34004923,257454,836,0,0
C071115,4765569,57186828,3237222,38846664,78264808,44753027,29260736,170876,719,0,0
C071116,4800396,57604752,3099330,37191960,203301172,60073057,36978975,365330,933,0,0
C071117,3418686,41024232,1994741,23936892,450081292,29625434,21152652,307172,691,0,0
C071118,4201643,50419716,1973031,23676372,92817916,59226833,51777891,128809,813,0,0
C071119,2481661,29779932,1299824,15597888,380106092,42446804,36868008,344735,817,0,0
C071120,3660081,43920972,1956882,23482584,211033328,59473793,59473793,623421,723,0,0
C071121,1800000,21600000,1121686,13460232,61781956,27811284,14682228,120579,745,0,0
C071122,2244973,26939676,1286005,15432060,97799464,45471833,32057150,252423,718,0,0
C071123,3911397,46936764,1206284,14475408,294134844,54322713,43399145,440790,880,0,0
C071124,1800000,21600000,1016675,12200100,52846811,13108942,10379854,50000,790,0,0
C071125,3704971,44459652,2400207,28802484,516803498,50018961,34463946,74099,820,0,0
C071126,4008106,48097272,2816626,33799512,78336264,66047296,38177306,467572,716,0,0
C071127,5337904,64054848,2258406,27100872,339969548,54031805,38789363,554305,730,0,0
C071128,4345737,52148844,3635742,43628904,244376682,67608122,37058189,484480,689,0,0
C071129,3451084,41413008,2340945,28091340,118796756,68664995,68592319,459428,813,0,0
C071130,3443142,41317704,1983202,23798424,578447856,21393915,18895300,251214,763,0,0
C071131,3624612,43495344,1801191,21614292,72915549,27763295,15436504,325382,815,0,0
C071132,3362119,40345428,2604477,31253724,285941128,33926996,24105983,177934,700,0,0
C071133,3749376,44992512,1550241,18602892,55744215,39155082,23402302,386687,744,0,0
C071134,7172400,86068800,3953446,47441352,222128794,68550774,59816406,792558,721,0,0
C071135,8545653,102547836,4571845,54862140,409336795,57767763,57767763,556751,823,0,0
C071136,11312265,135747180,7048572,84582864,303424960,367276584,280508984,2099884,730,0,0
C071137,3488198,41858376,2711007,32532084,225046554,50595390,31692247,477626,751,0,0
C071138,8449348,101392176,5704765,68457180,609036811,98587858,48037288,168987,761,0,0
C071139,4285833,51429996,2126486,25517832,404330913,74812523,48548914,332055,782,0,0
C071140,6185701,74228412,3367502,40410024,657031672,87970800,71496910,509241,681,0,0
C071141,4752321,57027852,3354607,40255284,783783984,40572458,22417010,509290,755,0,1
C071142,3487032,41844384,2642098,31705176,413043687,47114786,35346947,276665,773,0,0
C071143,2159342,25912104,1332627,15991524,181372614,18540132,11214701,181803,777,0,0
C071144,8292751,99513012,5533608,66403296,651672087,148538322,115090474,931652,668,1,0
C071145,2826526,33918312,1892518,22710216,214324174,24030071,14653455,174272,810,0,0
C071146,2013071,24156852,1131651,13579812,53051018,12825844,12151699,217430,799,0,0
C071147,2815124,33781488,1680842,20170104,162189176,18132757,10172845,161073,887,0,0
C071148,2122197,25466364,1308714,15704568,169091958,40532990,30107763,223925,729,0,0
C071149,4067750,48813000,1016938,12203256,158242747,28431053,11152353,176064,871,0,0
C071150,2520319,30243828,2419827,29037924,122796003,76283902,60812948,418149,638,0,0
C071151,2263406,27160872,1347993,16175916,41027130,33751459,13983213,351779,708,0,1
C071152,7403600,88843200,2433855,29206260,87618705,238732570,218409019,1385442,742,1,0
C071153,4482137,53785644,2753411,33040932,342587176,53871967,53871967,302803,799,0,0
C071154,1879832,22557984,1414753,16977036,28657038,28401186,17039369,242660,754,1,0
C071155,3447618,41371416,2405016,28860192,266659578,77914785,39101852,418103,721,0,0
C071156,6767862,81214344,4761276,57135312,1074220743,25819000,25819000,135357,812,0,0
C071157,2581952,30983424,1604313,19251756,187824869,43645190,28834110,432479,714,0,1
C071158,3856580,46278960,2981350,35776200,148729752,23022263,23022263,178151,818,0,0
C071159,2790818,33489816,1694623,20335476,150512927,32998688,24864523,199109,868,0,0
C071160,3128627,37543524,1908913,22906956,69088847,13377848,10186108,62573,770,0,0
C071161,3177908,38134896,2280580,27366960,118557177,95352621,88126272,725008,711,0,0
C071162,4708318,56499816,2560139,30721668,375894150,31656855,24501065,94166,761,0,0
C071163,2683129,32197548,1483150,17797800,35206347,24145930,12900958,53663,841,0,0
C071164,2288532,27462384,847402,10168824,94849827,16135943,16135943,200914,851,0,0
C071165,6372458,76469496,3834223,46010676,262554858,72053505,44044255,548544,729,0,0
C071166,5090045,61080540,4970536,59646432,272781084,76450323,30308708,456747,709,0,1
C071167,3089939,37079268,2103733,25244796,84484772,49990001,30111576,166914,714,0,0
C071168,3138429,37661148,2011860,24142320,36802586,37171030,34698965,487369,788,0,0
C071169,6247585,74971020,2756564,33078768,437812239,143183101,125087151,1073660,727,0,0
C071170,1800000,21600000,769704,9236448,111762173,30465991,28294745,178246,791,0,0
C071171,2999786,35997432,2023937,24287244,120442446,38872158,38872158,289967,778,0,0
C071172,2879527,34554324,1471063,17652756,239709937,15571549,12410807,131826,791,0,0
C071173,1800000,21600000,941668,11300016,10572423,30881955,22274840,210184,827,0,0
C071174,3964864,47578368,2186085,26233020,209813792,113275202,107461694,737248,675,0,1
C071175,4367766,52413192,1848579,22182948,77945625,46363519,18651625,345592,780,0,0
C071176,3543433,42521196,2231776,26781312,77394232,23522191,9733690,178624,746,0,0
C071177,2294064,27528768,1105878,13270536,211659618,9622673,9622673,116299,824,0,0
C071178,1832878,21994536,917309,11007708,306848688,16784957,16784957,219678,800,0,0
C071179,3705132,44461584,2469536,29634432,96577769,80508071,51816516,371169,819,0,0
C071180,8690514,104286168,7292260,87507120,404875060,115732590,91374825,466989,756,1,0
C071181,4525432,54305184,2999534,35994408,124847064,75238300,59940535,628772,721,0,0
C071182,3007193,36086316,1788847,21466164,177851854,35615343,35026260,263174,814,0,0
C071183,3323706,39884472,2267579,27210948,163917206,52254040,52254040,264420,785,0,0
C071184,5443592,65323104,3988773,47865276,222343347,74683810,64655187,849717,681,1,0
C071185,4271418,51257016,3820732,45848784,580845901,37388548,11356107,367329,720,1,0
C071186,1800000,21600000,1448502,17382024,35350372,46646990,28290693,176261,606,1,1
C071187,7427537,89130444,4854990,58259880,105451116,106604885,89689076,1269122,808,0,0
C071188,4139853,49678236,2998380,35980560,100092735,44348576,36775972,311733,815,0,0
C071189,3733646,44803752,1246522,14958264,159621039,23556675,22726680,75113,713,1,0
C071190,2819124,33829488,2353764,28245168,63255675,31227321,31227321,278082,727,0,0
C071191,8499752,101997024,5015133,60181596,125183115,41823282,41823282,590544,807,0,0
C071192,2092922,25115064,1211429,14537148,43527501,69173970,63689875,426608,726,0,0
C071193,3169510,38034120,2294180,27530160,38881811,54648859,46308566,649100,731,0,0
C071194,2747275,32967300,1845790,22149480,118403155,29700549,17167887,176604,748,0,0
C071195,3770031,45240372,1992423,23909076,143211059,205820022,203581674,1500313,647,0,1
C071196,8788176,105458112,3211454,38537448,598319709,115913989,86438126,411997,774,0,0
C071197,2599765,31197180,1452262,17427144,35599408,25110434,25110434,375851,886,1,0
C071198,5796200,69554400,3596304,43155648,139740775,98833185,57099857,608424,686,0,0
C071199,2610374,31324488,1678319,20139828,71237072,14781638,14781638,235260,767,0,1
C071200,3466396,41596752,2256684,27080208,60662929,53215726,35037035,411956,678,0,0
C071201,3347495,40169940,1847415,22168980,226924861,34815166,18415096,157465,830,0,0
C071202,2943884,35326608,2989751,35877012,494572512,32429650,21545206,256372,706,0,1
C071203,3743181,44918172,1898805,22785660,386758117,41123007,22017815,470116,719,0,0
C071204,6021055,72252660,4845541,58146492,130627682,194882904,184700051,1069518,722,0,1
C071205,3335861,40030332,2563937,30767244,133540873,47638195,37062893,467275,860,0,0
C071206,3473289,41679468,1900169,22802028,357721848,29079893,21893866,204974,828,0,0
C071207,3376415,40516980,2181279,26175348,128533728,35649372,18736638,277420,752,0,0
C071208,1800000,21600000,1262799,15153588,269152962,10862153,4647386,167446,577,2,1
C071209,4373306,52479672,1423415,17080980,110546683,120284109,103933336,838890,787,0,1
C071210,3064393,36772716,1923577,23082924,33961868,34473519,15966863,61288,788,0,0
C071211,4172614,50071368,1046267,12555204,148843930,151146509,135243952,1147604,804,0,0
C071212,4623604,55483248,3189698,38276376,268588055,49664294,34105665,342980,773,0,0
C071213,3742934,44915208,935734,11228808,105889499,20066297,16135177,613006,754,0,0
C071214,4910950,58931400,3098882,37186584,228033431,141382269,132537597,895670,830,1,0
C071215,2376097,28513164,1233488,14801856,184700965,26548950,14747944,135119,741,0,0
C071216,2830595,33967140,1240349,14884188,28884920,13892415,13892415,227362,793,1,0
C071217,12000000,144000000,3261162,39133944,880982933,135243348,79768242,935066,828,0,0
C071218,6814955,81779460,5425752,65109024,196687719,81439640,44918676,525965,720,0,0
C071219,3423210,41078520,1909563,22914756,140938281,36365605,34770490,312973,860,0,0
C071220,4786788,57441456,3839751,46077012,402103738,106860500,87647196,827762,704,0,0
C071221,5648099,67777188,3364142,40369704,865801181,84738272,74808103,664822,797,0,0
C071222,3957589,47491068,3017147,36205764,97434754,113720596,107202228,955860,648,0,0
C071223,3049917,36599004,1311864,15742368,83271630,34459527,15427074,391324,744,0,0
C071224,2740381,32884572,1711126,20533512,200644082,29012267,19406798,206678,789,0,0
C071225,2000931,24011172,1725017,20700204,110610249,36715725,26438999,282671,791,0,0
C071226,3831964,45983568,2432539,29190468,86154455,68392510,68392510,594006,714,0,0
C071227,4604605,55255260,3214841,38578092,52248998,34222108,33098458,395525,777,0,0
C071228,5012750,60153000,4194417,50333004,134800744,66842899,32636228,422281,805,0,0
C071229,4126428,49517136,2050515,24606180,55284721,35268801,35268801,245743,792,0,0
C071230,1800000,21600000,1591151,19093812,144553710,37131507,24092832,290578,767,0,0
C071231,6370493,76445916,3448304,41379648,73372267,62140213,18781730,605765,814,0,0
C071232,4029731,48356772,2141019,25692228,203850123,24526178,10239038,211277,775,0,0
C071233,4133302,49599624,1886432,22637184,118123173,9888035,9888035,221261,723,0,0
C071234,6193828,74325936,3892134,46705608,377981311,41626119,41626119,123877,814,0,0
C071235,4368497,52421964,2376530,28518360,492812480,205531036,201583752,1204607,758,0,0
C071236,3054433,36653196,887262,10647144,59808945,18233702,14639714,184143,843,0,0
C071237,2065733,24788796,637348,7648176,317825915,30060469,23128944,205623,815,0,1
C071238,5968789,71625468,2857981,34295772,184985816,65577280,52992373,119376,843,0,0
C071239,3921653,47059836,1869051,22428612,204372933,91986442,91986442,693652,745,0,0
C071240,1915764,22989168,1041064,12492768,188078414,16941262,7884381,158508,753,0,0
C071241,5305265,63663180,4531401,54376812,281063954,26045613,20825061,274201,745,0,0
C071242,2244920,26939040,1711661,20539932,102917474,14077705,10513131,151379,888,0,0
C071243,4527335,54328020,2986962,35843544,215902615,37519399,12274039,433111,779,0,0
C071244,3888268,46659216,2656094,31873128,135867726,62368604,54275434,191323,838,0,0
C071245,6929893,83158716,4276619,51319428,125328849,108370460,79254250,1005669,705,0,0
C071246,6730338,80764056,5264886,63178632,266962946,87798495,67928192,723539,783,0,0
C071247,4163419,49961028,2454338,29452056,192353372,37914568,23241838,83268,779,0,0
C071248,3866812,46401744,1358137,16297644,150867817,35251069,35251069,342319,831,0,0
C071249,3673206,44078472,1658483,19901796,263335255,31624881,28595461,493087,768,0,0
C071250,4555377,54664524,2935040,35220480,173466298,53673298,33639418,238577,835,0,0
C071251,2724668,32696016,2080435,24965220,100379740,28273133,23349958,453629,743,1,0
C071252,6311954,75743448,4283398,51400776,493990946,135620256,127587154,734850,695,0,0
C071253,3162009,37944108,2125979,25511748,243738502,18482856,11970581,218881,763,0,0
C071254,3027899,36334788,1510755,18129060,294797422,29746972,29746972,365242,819,0,0
C071255,4401703,52820436,1590285,19083420,120491721,50716296,35972131,489547,783,0,1
C071256,6859570,82314840,6104489,73253868,1019679477,79131809,60200922,919479,707,1,0
C071257,3134663,37615956,1819445,21833340,184867689,14821017,6330828,62693,792,0,0
C071258,2865235,34382820,2171184,26054208,146664220,98564132,91787721,662334,767,0,0
C071259,3710448,44525376,2180438,26165256,71430186,65689458,44918752,427935,781,0,0
C071260,4100913,49210956,1601486,19217832,198709477,37202486,33852483,349857,756,0,0
C071261,2238836,26866032,1287386,15448632,63202658,39264363,22226741,316357,804,0,0
C071262,7635062,91620744,4622808,55473696,265618320,101955229,65504767,218579,836,0,0
C071263,2274397,27292764,1084998,13019976,70804301,12229068,12229068,175975,762,0,0
C071264,3895571,46746852,1925014,23100168,128318659,65500621,65500621,595226,800,0,0
C071265,6013932,72167184,3866789,46401468,595288632,52712037,44336256,651586,733,0,0
C071266,3952306,47427672,2438235,29258820,121277087,41866120,26672502,316761,770,0,0
C071267,3658308,43899696,1398020,16776240,137854367,16597887,13253767,180414,766,0,0
C071268,1857986,22295832,1511682,18140184,266074949,24783151,20866277,164180,823,0,0
C071269,4391004,52692048,3763781,45165372,522882577,99189167,97568141,768866,724,0,1
C071270,3333053,39996636,1865634,22387608,63819820,31116504,24261958,297784,814,0,0
C071271,4520295,54243540,3552019,42624228,55529345,64975940,51559811,647737,630,4,1
C071272,2987693,35852316,1592982,19115784,98720321,73009594,49683352,530881,708,0,1
C071273,6075008,72900096,3167746,38012952,737193033,102438403,77246306,632058,768,0,0
C071274,7840908,94090896,6345856,76150272,529732378,69611108,61272552,1036637,724,1,0
C071275,2277598,27331176,1181632,14179584,105924444,42321693,42321693,448116,764,0,0
C071276,5318843,63826116,3732581,44790972,132175842,65674939,65674939,902304,841,0,0
C071277,3390593,40687116,1440396,17284752,69886626,50529538,36117594,387899,850,0,0
C071278,5609092,67309104,3902126,46825512,168478286,27070666,25415706,300168,851,0,0
C071279,5463250,65559000,2415939,28991268,206394132,96061043,76735762,531515,721,0,0
C071280,3774995,45299940,2721249,32654988,494441029,37595377,28348132,262236,760,0,0
C071281,5023681,60284172,3463655,41563860,137428510,58184496,38196131,249926,853,0,0
C071282,7552498,90629976,3315643,39787716,154021046,64423068,60602947,876458,787,0,0
C071283,3406559,40878708,2606099,31273188,274451749,63631396,63631396,513242,761,0,1
C071284,3322820,39873840,2097630,25171560,156076480,35575199,19032706,69689,791,0,0
C071285,3375586,40507032,1321867,15862404,158817232,40731753,40166417,437524,796,0,0
C071286,3866828,46401936,2376729,28520748,458022263,83889703,75274908,551332,729,0,0
C071287,3121946,37463352,2314239,27770868,113420245,74101965,57302837,571913,699,0,1
C071288,5052542,60630504,3315524,39786288,221694129,35345404,35345404,405344,778,0,0
C071289,4565064,54780768,2385105,28621260,146800452,63626706,54270056,599164,798,0,0
C071290,4144866,49738392,1459702,17516424,34259107,32542297,32542297,254107,840,0,0
C071291,5447019,65364228,3219161,38629932,702257391,21731677,20833901,108940,776,0,0
C071292,4759065,57108780,2250272,27003264,165588999,158087529,133980316,1024712,720,0,0
C071293,2429168,29150016,1543632,18523584,154500094,45598374,20825049,317137,707,1,0
C071294,3609309,43311708,2383247,28598964,150919838,57532249,45497170,329368,813,0,0
C071295,3235379,38824548,1829643,21955716,67817596,78650764,78650764,464111,766,0,0
C071296,6725362,80704344,2786154,33433848,301996641,130846353,121388874,1000035,726,0,0
C071297,3652468,43829616,2284342,27412104,16105238,68957328,41521603,557244,664,0,1
C071298,5472930,65675160,4569759,54837108,108516428,137176933,110637826,940467,758,0,0
C071299,5258469,63101628,3138895,37666740,267336603,121193049,108085088,818402,760,0,0
C071300,3917879,47014548,1758261,21099132,201059290,69681731,53782473,586150,783,0,0
C071301,3467739,41612868,1963873,23566476,248340921,44263734,34633627,528389,899,0,0
C071302,9021913,108262956,7685308,92223696,364263252,41853822,41853822,738641,723,0,0
C071303,6147466,73769592,4635624,55627488,136542442,86148550,71691135,928689,684,1,0
C071304,2604516,31254192,1119853,13438236,101436843,64847122,60831241,436087,758,0,0
C071305,1827498,21929976,856855,10282260,170257634,42414388,32518877,107817,783,0,0
C071306,2458790,29505480,1807668,21692016,107180336,25202655,19754056,217666,723,0,0
C071307,4396226,52754712,3319497,39833964,127131406,172936834,162255166,1020016,757,0,0
C071308,3053929,36647148,1826008,21912096,157494261,8161776,8161776,61079,807,0,0
C071309,7535559,90426708,4037366,48448392,526621569,95357343,65259536,791203,763,0,0
C071310,2102303,25227636,1195211,14342532,20241647,16770555,7337759,50000,720,0,0
C071311,5485379,65824548,3754069,45048828,847930726,69022564,60529730,296283,773,0,0
C071312,5488371,65860452,3124377,37492524,671241506,157638144,137213343,998212,821,1,0
C071313,6531630,78379560,4538206,54458472,86986875,21163360,21163360,389485,843,0,0
C071314,1800000,21600000,986125,11833500,121959450,39065526,38732518,399100,758,0,0
C071315,3421427,41057124,2523317,30279804,174622448,19234930,19234930,68429,871,0,0
C071316,2969117,35629404,1268839,15226068,334878608,18986671,15320755,319944,808,0,0
C071317,3712936,44555232,2314753,27777036,285137765,73631105,71917316,670151,704,0,1
C071318,2605157,31261884,1461809,17541708,32133609,21990593,16712498,381703,806,0,0
C071319,6702576,80430912,4995468,59945616,216977713,20293419,20293419,945591,750,0,0
C071320,2580220,30962640,2302461,27629532,152326838,37349195,23321227,347507,670,0,1
C071321,3590637,43087644,2385262,28623144,411656176,109677278,71231271,781027,603,0,1
C071322,8146002,97752024,5594968,67139616,357231886,106376143,80207225,751800,737,0,0
C071323,6046287,72555444,2823191,33878292,341059209,33672151,18743881,125660,793,1,0
C071324,3025538,36306456,2498812,29985744,119909740,28158444,13588788,117320,727,0,0
C071325,2621268,31455216,937250,11247000,130210090,33159014,28811116,228039,877,0,0
C071326,3956969,47483628,1851644,22219728,98141202,26933559,12157430,415890,829,0,0
C071327,4938895,59266740,2801673,33620076,54225305,51249066,36829681,411762,864,0,0
C071328,2961618,35539416,1408454,16901448,110854877,48591768,38324502,443929,795,0,0
C071329,4211137,50533644,2691607,32299284,50576134,47523266,38745758,644523,698,0,0
C071330,5898812,70785744,4572966,54875592,583621234,91974891,84335978,889802,652,1,0
C071331,5297124,63565488,3787337,45448044,440733239,99067869,85543716,1200965,748,0,1
C071332,6916390,82996680,3512260,42147120,66952337,21782130,21782130,345926,831,0,0
C071333,4196360,50356320,2510853,30130236,73496129,56281785,56281785,700312,753,1,0
C071334,2399031,28788372,1304817,15657804,196844051,59866961,43142421,271221,784,0,0
C071335,3413387,40960644,1638547,19662564,237242635,80224812,80224812,687043,839,0,0
C071336,6626709,79520508,4129357,49552284,352003558,31518573,11987439,346916,803,0,0
C071337,3927610,47131320,2846042,34152504,300560572,69164912,62111540,592815,822,0,0
C071338,6303356,75640272,4209630,50515560,361291933,44902189,23777355,238194,756,0,0
C071339,2903339,34840068,1453276,17439312,143230321,22559664,13545405,167824,857,0,0
C071340,5632102,67585224,4331161,51973932,136158243,111542904,101741239,413102,856,0,0
C071341,2281875,27382500,1395009,16740108,88580701,37776445,27460412,239866,800,0,0
C071342,2767232,33206784,1905683,22868196,123749680,70020044,62793924,515733,758,0,0
C071343,2956581,35478972,1970172,23642064,172962607,150554177,141438268,1049516,716,0,0
C071344,5892648,70711776,3701219,44414628,306916645,133687508,133687508,1357832,721,0,0
C071345,4869531,58434372,2110277,25323324,301348215,138180655,129212643,1086823,831,0,0
C071346,5981078,71772936,3950856,47410272,254434242,283532805,253807318,1514819,652,1,0
C071347,3890301,46683612,2638143,31657716,52209811,33882262,22355078,141434,868,0,0
C071348,2583874,31006488,1815331,21783972,140937694,38317500,32606433,420912,773,0,0
C071349,6127849,73534188,2048096,24577152,158849388,55984691,55984691,122557,821,0,0
C071350,4786131,57433572,3102963,37235556,165544055,53166228,30393408,454452,729,0,0
C071351,3568014,42816168,2551476,30617712,441778336,38122231,26931859,413459,776,0,0
C071352,2066164,24793968,1313513,15762156,61057239,40120736,35108986,163475,673,1,0
C071353,4165732,49988784,2369970,28439640,113669454,57835071,49039874,516676,905,0,0
C071354,5128817,61545804,3079554,36954648,115838946,84723615,69130613,798429,818,0,0
C071355,2791518,33498216,1466596,17599152,20229865,10036612,10036612,149660,883,0,0
C071356,6379617,76555404,3583949,43007388,230755135,58773488,55252224,693987,763,0,0
C071357,3107601,37291212,1989472,23873664,121890561,93094937,86309611,414077,741,0,0
C071358,4227952,50735424,1249096,14989152,384386719,38692124,23731021,350563,811,0,0
C071359,5562508,66750096,3902406,46828872,231829075,132167187,132167187,1539809,745,0,0
C071360,3433924,41207088,2149411,25792932,108134997,41175633,35307045,321090,783,0,0
C071361,4777634,57331608,2969490,35633880,99079021,29695947,21347902,362110,656,0,0
C071362,2061040,24732480,1363582,16362984,286200346,33535258,30308003,388106,747,0,0
C071363,4521988,54263856,2661042,31932504,197095544,102422709,82178652,643331,636,2,0
C071364,6324146,75889752,2936533,35238396,305932968,85348674,64665950,547314,849,0,0
C071365,3958310,47499720,2051293,24615516,178727576,67527847,55748073,451538,752,0,0
C071366,3266517,39198204,2035040,24420480,98041100,58057066,58057066,581171,891,0,0
C071367,3933702,47204424,2274264,27291168,73792583,66719388,46961763,440481,798,0,0
C071368,6130996,73571952,2949207,35390484,432019362,58003337,58003337,641479,875,0,0
C071369,3112636,37351632,2150289,25803468,34698460,30688653,30688653,267892,917,0,0
C071370,5087686,61052232,2164526,25974312,338500291,222807274,222807274,1519957,646,0,0
C071371,2015847,24190164,1160322,13923864,114337067,17631755,17326836,286850,721,0,0
C071372,5254328,63051936,2636255,31635060,94313127,123568355,105529574,700344,773,0,0
C071373,5169117,62029404,4063490,48761880,319678142,106667154,87099959,593098,771,0,0
C071374,2967405,35608860,1613878,19366536,161253198,34881805,27091377,221177,771,0,0
C071375,2454108,29449296,988977,11867724,62847165,29442426,19141892,143394,721,0,0
C071376,3381771,40581252,1440688,17288256,97007674,43275928,25993543,285736,862,0,0
C071377,10304215,123650580,6731732,80780784,740149429,83709395,58258980,991874,767,0,0
C071378,5769703,69236436,2311592,27739104,147162617,36843018,36843018,377484,789,1,1
C071379,1872400,22468800,983106,11797272,52591626,30423259,17630650,128173,669,1,0
C071380,2521027,30252324,2172539,26070468,75183284,17561676,10344673,117582,780,0,0
C071381,6536586,78439032,2455533,29466396,850464896,165913027,149058179,797396,738,1,0
C071382,3926487,47117844,1437200,17246400,143468302,75418046,51468428,273216,877,0,0
C071383,6776447,81317364,3832032,45984384,625960099,224780494,220197770,1643128,786,0,0
C071384,4419843,53038116,3602013,43224156,127474971,196433911,153980303,1085501,678,0,1
C071385,2852195,34226340,1585841,19030092,149798638,43226115,30396183,264749,694,0,0
C071386,5602597,67231164,2593087,31117044,248258678,126435694,121168729,921319,731,0,0
C071387,2325606,27907272,1567811,18813732,134206524,28675526,25233227,204241,709,0,0
C071388,4492990,53915880,3455152,41461824,109130061,35999748,35999748,360269,705,0,0
C071389,6567395,78808740,4484879,53818548,542565352,139949659,65735124,1328525,708,0,0
C071390,4729349,56752188,2913570,34962840,371221227,54469546,24938957,208858,748,1,0
C071391,3146059,37752708,1410212,16922544,53822478,65992237,53188233,350444,753,0,1
C071392,3637685,43652220,2236757,26841084,70701256,45537848,28630849,350781,781,0,0
C071393,3899666,46795992,2517069,30204828,50220463,45490892,38321048,689490,769,1,0
C071394,3333325,39999900,2130997,25571964,149414618,49723965,35617841,410181,643,1,1
C071395,8752853,105034236,5477751,65733012,337671865,96031623,74666564,931054,755,0,0
C071396,2581511,30978132,1500733,18008796,162111084,17612075,11362994,262011,722,0,0
C071397,6286305,75435660,2647430,31769160,164370886,14086713,9378266,330588,822,0,0
C071398,2889946,34679352,1730875,20770500,27643148,55112483,49812765,515634,810,0,0
C071399,4914724,58976688,2163776,25965312,94916498,103617894,84510536,897519,697,0,0
C071400,5932154,71185848,3277187,39326244,676746419,113492651,84334727,714532,843,0,0
C071401,4321504,51858048,2469300,29631600,469418239,36768198,36768198,256715,950,0,0
C071402,4697390,56368680,2689688,32276256,695228604,39145597,21926233,286608,786,0,0
C071403,4117937,49415244,2451695,29420340,287371070,90809413,85390368,882695,742,0,0
C071404,3010007,36120084,1341937,16103244,110213713,35228135,21963915,224376,829,0,0
C071405,5606392,67276704,3536497,42437964,83000014,71368983,71368983,651099,793,0,0
C071406,4228263,50739156,1973430,23681160,631637677,40319812,36173694,639978,845,0,0
C071407,3584595,43015140,1559444,18713328,245743095,29710744,19141211,255515,798,0,0
C071408,4211300,50535600,2116430,25397160,707498400,47057005,33635083,689770,811,0,0
C071409,7156532,85878384,4188806,50265672,347568762,145534592,145534592,1508788,775,0,0
C071410,5618494,67421928,2380501,28566012,409622639,137415641,136765999,729792,714,0,1
C071411,1849807,22197684,933616,11203392,54882509,33079816,26270668,299324,748,1,0
C071412,3855922,46271064,1710307,20523684,209611532,31072951,31072951,253678,771,0,0
C071413,3262805,39153660,1819035,21828420,95920298,66798754,52546842,519548,726,1,1
C071414,6870239,82442868,4818605,57823260,239817902,49372836,35276764,137405,768,0,0
C071415,7042634,84511608,4251851,51022212,190871886,94542250,89934510,641124,814,0,0
C071416,4836986,58043832,2500670,30008040,158091649,129421866,113239830,695615,755,0,0
C071417,5253266,63039192,2844103,34129236,124389917,52130016,37513347,524010,720,1,0
C071418,4048497,48581964,1518391,18220692,195352169,32588831,24914468,200742,852,0,0
C071419,3666551,43998612,2122946,25475352,251115033,10220254,10220254,73331,770,0,0
C071420,1800000,21600000,1242514,14910168,90532899,22514293,15713151,208686,739,0,0
C071421,2684044,32208528,1035146,12421752,101008795,19278800,19278800,93235,726,0,0
C071422,6273181,75278172,3090530,37086360,124034780,53190310,35037870,325800,799,0,0
C071423,2746989,32963868,1919021,23028252,109502669,26504431,26504431,189051,814,0,0
C071424,12000000,144000000,7197933,86375196,645459858,217007971,131869544,740490,804,0,0
C071425,2542289,30507468,1509032,18108384,283881063,32266518,32266518,372644,895,0,0
C071426,10347464,124169568,5676619,68119428,398948585,368731889,324797697,2315472,682,0,0
C071427,4385880,52630560,1540286,18483432,421046068,48070619,31890410,736676,809,0,0
C071428,3103357,37240284,1823448,21881376,389158079,30884536,18412164,181236,722,0,0
C071429,3415892,40990704,1744699,20936388,570080388,44130465,22288986,390072,807,0,0
C071430,3134852,37618224,2406755,28881060,118258143,38568207,28521728,138337,775,0,0
C071431,3114889,37378668,2027535,24330420,221486180,15330676,15330676,260636,776,0,0
C071432,4948202,59378424,3090079,37080948,305499419,117623033,117623033,887288,768,0,0
C071433,6026901,72322812,4184656,50215872,287926201,21423336,21423336,623279,777,0,0
C071434,4213062,50556744,2371736,28460832,139156245,33701236,28481898,427121,769,0,0
C071435,3030300,36363600,1824400,21892800,115961862,41736002,41736002,485494,703,0,0
C071436,2179680,26156160,1107869,13294428,84238800,16774234,13001391,233512,865,0,0
C071437,2779917,33359004,1340660,16087920,41210237,16222599,16222599,138618,834,0,0
C071438,2483176,29798112,1624436,19493232,48700783,27431510,25947561,130055,821,0,0
C071439,4013212,48158544,2694372,32332464,73683375,36179446,36179446,631694,801,0,0
C071440,6048510,72582120,2142899,25714788,25741547,201026643,168347910,1210126,885,0,0
C071441,7682114,92185368,4924362,59092344,766094777,145507025,118434254,986456,652,0,1
C071442,6459344,77512128,2646612,31759344,170233816,187643470,181540480,958469,776,0,0
C071443,4084477,49013724,2047059,24564708,209724550,52582937,38945868,403510,732,0,0
C071444,3489011,41868132,1826212,21914544,67778741,36054684,13583346,221487,793,0,0
C071445,2640748,31688976,1373835,16486020,75209891,46312478,33830777,356730,771,1,0
C071446,5125452,61505424,3864726,46376712,297784131,67363661,54912466,724016,673,0,0
C071447,6269110,75229320,4512453,54149436,149857776,82604595,82604595,1353197,749,0,0
C071448,3786099,45433188,2940272,35283264,167632736,45887317,19487632,99189,746,0,0
C071449,2062016,24744192,1059862,12718344,92099731,30608390,19086536,112943,844,0,0
C071450,11167674,134012088,7146733,85760796,1010272559,166791476,122072628,1353219,733,0,0
C071451,4723151,56677812,2993847,35926164,362031973,66257457,50923868,502185,821,0,0
C071452,4627222,55526664,2620487,31445844,572016895,44712416,31079999,367599,775,0,0
C071453,5135542,61626504,2739099,32869188,281261598,117380846,103537649,961166,892,0,0
C071454,2724575,32694900,1322398,15868776,150070788,44469873,32925301,185405,804,0,0
C071455,1834059,22008708,1118924,13427088,111260160,46753243,40557433,307771,606,0,1
C071456,7366489,88397868,4493026,53916312,325773604,147305663,96032157,1044598,786,0,0
C071457,2287560,27450720,1372477,16469724,131474182,53535236,43959076,246169,822,0,0
C071458,5185459,62225508,1858797,22305564,165888082,54925597,51400677,703228,803,0,0
C071459,4327655,51931860,2599631,31195572,114713582,67728148,45369752,345163,853,0,0
C071460,6765966,81191592,4061953,48743436,443595190,16585530,16585530,313178,778,0,0
C071461,4682716,56192592,2817550,33810600,136218578,36586103,30652440,244108,723,0,0
C071462,5065221,60782652,2630962,31571544,850957128,14510057,14510057,272956,858,0,0
C071463,3661213,43934556,2455700,29468400,96906034,78547034,56314370,408511,747,0,0
C071464,12000000,144000000,9948994,119387928,1308686261,129758149,118536382,2075760,670,1,0
C071465,3513829,42165948,1853093,22237116,93471620,40555106,10679455,149162,738,0,0
C071466,4765824,57189888,1883382,22600584,148276434,73580726,65310087,410454,745,0,0
C071467,6558397,78700764,3229849,38758188,399284787,20397458,7652709,131168,801,0,0
C071468,1848953,22187436,1115444,13385328,66020394,15985439,14996557,153094,841,0,0
C071469,3136580,37638960,2658740,31904880,280759610,7046152,7046152,219140,772,0,0
C071470,3205449,38465388,1922030,23064360,47714500,159554864,137542277,1217422,701,0,1
C071471,3417208,41006496,1719386,20632632,40892250,47763275,12397217,336877,651,1,0
C071472,7257348,87088176,6013008,72156096,523548365,141313921,123459984,1288930,751,0,1
C071473,3494545,41934540,1209751,14517012,160436691,51583828,35279366,461413,858,0,0
C071474,3956620,47479440,2867793,34413516,126683705,85198309,52953092,484838,799,0,0
C071475,5821444,69857328,2805535,33666420,168898011,47158701,19559351,231829,833,0,0
C071476,3853990,46247880,3025780,36309360,630548026,30357137,15065871,290280,801,0,0
C071477,4124036,49488432,2146734,25760808,120121955,72998038,52876065,587508,754,0,0
C071478,3225930,38711160,1612141,19345692,257763577,29034562,23262165,279138,862,0,0
C071479,7380945,88571340,4006692,48080304,596158319,74285892,49287810,1171800,799,0,0
C071480,6721897,80662764,4738696,56864352,66632479,83789866,76596125,220605,837,0,0
C071481,3577520,42930240,2188891,26266692,71418502,48892900,34453285,123007,778,0,0
C071482,2955897,35470764,1950958,23411496,76480114,19749258,14481619,219057,736,1,0
C071483,4131671,49580052,2891109,34693308,56371997,61735968,39735513,477796,710,1,0
C071484,3353884,40246608,2696309,32355708,290738815,39523325,28733457,137329,856,0,0
C071485,5455989,65471868,3228382,38740584,218965744,87983032,52017298,682574,899,0,0
C071486,6122522,73470264,3987499,47849988,192336679,35985648,27501093,430109,828,0,0
C071487,2995073,35940876,2772550,33270600,95921177,35320051,21304085,296922,775,0,0
C071488,2716183,32594196,866720,10400640,137523939,36339902,36339902,224583,899,0,0
C071489,4138414,49660968,2991584,35899008,377217447,71171374,44991378,576387,649,0,1
C071490,3356441,40277292,1680542,20166504,48354978,39099269,19862367,241777,751,1,0
C071491,2754238,33050856,1444574,17334888,116218811,13423858,13423858,55085,922,0,0
C071492,5389097,64669164,1867084,22405008,206159160,75934690,75934690,794440,768,0,1
C071493,5190239,62282868,2965084,35581008,361381226,81666856,67730156,743335,754,0,1
C071494,9173475,110081700,5829128,69949536,656362127,83952663,52801911,917987,769,0,0
C071495,2325686,27908232,1717827,20613924,109102269,21032912,16960302,159152,859,0,0
C071496,4624904,55498848,2283125,27397500,236331596,55757395,54176135,388599,828,0,0
C071497,2224459,26693508,2153370,25840440,96751271,19857864,9321134,202413,746,0,0
C071498,5734300,68811600,4076941,48923292,187116330,85125393,57250323,730401,673,0,0
C071499,3972125,47665500,2981727,35780724,302735587,69871373,60095454,548464,662,0,0
C071500,9342044,112104528,4148023,49776276,497902815,79151703,64976841,943338,814,0,0
C071501,3586063,43032756,2822076,33864912,146610568,137403130,109761807,884407,636,1,0
C071502,5464137,65569644,3627464,43529568,171726473,54013584,37211390,249695,782,0,0
C071503,3217041,38604492,1679990,20159880,159342866,31744355,23383417,81919,824,0,0
C071504,5680816,68169792,2603378,31240536,248965765,26948017,20652944,247101,803,0,0
C071505,1882391,22588692,1283508,15402096,19487016,12881621,7938465,112044,770,0,0
C071506,4008917,48107004,2676515,32118180,331093723,44205093,44205093,527624,745,0,0
C071507,2336118,28033416,1120407,13444884,77131672,18569134,7967804,162754,849,0,0
C071508,4986041,59832492,3464062,41568744,270078569,52244210,17591113,292314,789,0,0
C071509,3356723,40280676,1561469,18737628,150152521,53433958,45166960,136335,783,0,0
C071510,2780945,33371340,1038648,12463776,63118889,23125769,20084896,418686,817,0,0
C071511,5292898,63514776,2824866,33898392,218153600,119252647,119252647,890819,876,0,0
C071512,2722250,32667000,1384253,16611036,137186430,30184998,21410332,357319,808,0,0
C071513,3949015,47388180,3290313,39483756,195048803,130057476,126454163,914146,770,0,1
C071514,2590603,31087236,1386784,16641408,25983768,24542661,24542661,180564,738,0,0
C071515,7775356,93304272,5629478,67553736,148516193,103913887,103913887,1734976,805,0,0
C071516,2755151,33061812,1043509,12522108,399000255,19795497,7488730,400390,759,0,0
C071517,4284401,51412812,3543724,42524688,101656394,71451423,60347738,677842,790,1,1
C071518,2527134,30325608,1524448,18293376,60236868,53641631,49119404,528920,792,1,0
C071519,4278302,51339624,1612842,19354104,285434083,102617668,81959725,701795,693,1,0
C071520,6357207,76286484,3166300,37995600,146761317,73413642,61839377,778515,740,1,0
C071521,3182566,38190792,1638933,19667196,73589240,16295107,16295107,85591,817,0,0
C071522,2672021,32064252,1550929,18611148,51327455,22624809,17161765,387622,749,0,0
C071523,2698875,32386500,2044057,24528684,240361049,29432182,13431928,255264,886,0,0
C071524,4798637,57583644,2300015,27600180,306630642,58751221,42084153,482664,731,0,0
C071525,3140452,37685424,1537872,18454464,394009971,78112060,78112060,738323,821,0,0
C071526,4075858,48910296,1598347,19180164,684744144,65137783,65137783,650841,757,0,0
C071527,3821314,45855768,1918408,23020896,386884137,37664683,21917517,287203,724,0,0
C071528,7907581,94890972,3742200,44906400,691753911,83631281,82056002,640144,846,0,0
C071529,7325754,87909048,3815414,45784968,312328746,129347494,102759953,1289284,655,1,0
C071530,4547144,54565728,3340700,40088400,265218702,90089600,82455828,725272,693,0,0
C071531,4424008,53088096,3536350,42436200,175547593,25608065,25608065,393544,761,0,0
C071532,2417017,29004204,1817862,21814344,194706430,18650340,11360432,220347,726,0,0
C071533,2408232,28898784,1569170,18830040,175798101,17052655,8435404,288800,816,0,1
C071534,2483810,29805720,860813,10329756,110289397,24321578,9273520,50000,759,0,0
C071535,5452922,65435064,2489491,29873892,399710879,99568836,83703356,720290,844,0,0
C071536,4846433,58157196,3074462,36893544,658460479,37088614,34934396,102588,777,0,0
C071537,1800000,21600000,1421495,17057940,79255852,20824681,20824681,238528,771,0,0
C071538,4161693,49940316,1989859,23878308,99697813,44238195,18669132,83234,844,0,0
C071539,3823170,45878040,2514512,30174144,459325862,52084870,28836063,290897,780,0,0
C071540,3604783,43257396,2358810,28305720,205410236,36034865,29317230,401119,797,0,0
C071541,4968828,59625936,2644992,31739904,307117623,27771618,10405320,99377,799,0,0
C071542,5987329,71847948,2280728,27368736,209352428,41623000,16901957,437656,910,0,0
C071543,3169971,38039652,2063281,24759372,233787397,31922265,31922265,354235,740,1,0
C071544,4458006,53496072,2552779,30633348,81786284,88508972,70439144,412661,890,0,0
C071545,5528786,66345432,3595778,43149336,453661175,96799995,61110275,684241,762,0,0
C071546,4282183,51386196,3284422,39413064,175479221,56417401,46186310,634884,731,2,0
C071547,3973548,47682576,2730171,32762052,100453619,9833181,9833181,413771,769,1,0
C071548,2492425,29909100,2133144,25597728,49631204,44551889,33644240,379177,735,0,0
C071549,3916807,47001684,2055856,24670272,318252085,61699163,36933760,313287,787,0,0
C071550,3038405,36460860,1629523,19554276,69869263,41521309,30969136,246257,729,0,0
C071551,3203912,38446944,2675544,32106528,215785076,114904565,110682652,835735,590,2,0
C071552,3886267,46635204,3654906,43858872,327495717,37697816,29102640,247183,743,0,0
C071553,5640762,67689144,3661482,43937784,185703636,170871826,161274507,1183302,768,0,0
C071554,2957891,35494692,2030235,24362820,48940304,34831153,21884686,314163,813,0,0
C071555,4114887,49378644,2452602,29431224,124023284,70897225,45017916,669587,791,0,0
C071556,3896757,46761084,2589609,31075308,152683522,14824231,11833353,211641,823,0,0
C071557,6393318,76719816,4308559,51702708,146875463,16560701,16560701,696287,753,0,1
C071558,2461518,29538216,1945558,23346696,49138323,41647932,40788684,501709,784,0,0
C071559,2428955,29147460,1701575,20418900,143220696,41392716,30895807,361290,802,1,0
C071560,2404596,28855152,1816219,21794628,59586376,21856951,21762490,130084,778,0,0
C071561,5212674,62552088,3338327,40059924,104353687,46178789,17242340,153230,684,0,0
C071562,4360547,52326564,1743894,20926728,188984940,151142346,138375419,1377348,743,0,0
C071563,3471956,41663472,1901980,22823760,340347411,48248207,45599019,567606,824,0,0
C071564,7841089,94093068,5479778,65757336,317993817,51570564,51570564,653964,706,1,0
C071565,4228382,50740584,2302464,27629568,203128465,30861279,30861279,538909,710,1,0
C071566,6316784,75801408,4029244,48350928,160473850,78837323,43187453,628333,668,0,0
C071567,5611313,67335756,4253706,51044472,262448530,135006050,112090654,1439501,663,0,0
C071568,2325522,27906264,1321926,15863112,139583536,73514513,73514513,611327,814,0,0
C071569,2737878,32854536,2111923,25343076,291450463,58234972,55133930,485941,824,0,0
C071570,2953052,35436624,1493831,17925972,210236310,61326082,51592561,587526,755,0,0
C071571,3732594,44791128,2679734,32156808,233366481,23939470,22240540,237933,758,0,0
C071572,3471636,41659632,2385111,28621332,63827592,55952296,43190737,637436,650,1,0
C071573,2497502,29970024,1358757,16305084,71607092,32507829,27751331,158264,801,0,0
C071574,2220407,26644884,1604547,19254564,111691414,29535084,25461204,132745,810,0,0
C071575,2090442,25085304,1348368,16180416,67630882,21775071,19602859,203394,808,0,0
C071576,3700668,44408016,2613776,31365312,368511833,44315585,44315585,557695,737,0,0
C071577,4356945,52283340,3368125,40417500,145445287,73136566,53151075,686153,612,4,1
C071578,2359263,28311156,1605973,19271676,151254019,22383271,18874537,110607,774,0,0
C071579,5877042,70524504,3576356,42916272,498915015,126427212,119679855,381358,774,0,1
C071580,6284610,75415320,3568648,42823776,252221149,27424750,16486484,306236,821,0,0
C071581,6567926,78815112,4176080,50112960,395048921,105304038,73376622,549346,743,0,1
C071582,11534386,138412632,8756153,105073836,1767411948,145145443,124958645,2787502,665,2,1
C071583,9146226,109754712,5911709,70940508,98915112,188181881,144927530,1177327,757,0,0
C071584,2863609,34363308,1584511,19014132,94217724,65559131,49032867,399772,743,0,0
C071585,4527737,54332844,1677294,20127528,176867467,99650613,85755788,860684,720,1,0
C071586,3602566,43230792,2202939,26435268,118614792,37915582,27383483,301268,825,0,0
C071587,2736045,32832540,907776,10893312,342728722,25849004,25849004,373875,829,0,0
C071588,3640496,43685952,2067350,24808200,249673297,25283565,25283565,437273,866,0,0
C071589,7276952,87323424,3905430,46865160,164926501,186871363,162776489,825154,771,0,0
C071590,3269477,39233724,2143309,25719708,73450556,49038208,31823759,464159,764,0,0
C071591,7102569,85230828,4323192,51878304,82790169,109811796,85322528,505653,821,0,0
C071592,3918575,47022900,1416236,16994832,142234205,74379332,61981481,478935,750,0,0
C071593,11623749,139484988,6731492,80777904,388264798,207624411,149846377,1052987,773,1,0
C071594,6066727,72800724,4565509,54786108,439909229,76309281,51766456,922069,728,1,0
C071595,3193235,38318820,1764364,21172368,276987449,32225250,25205946,381376,823,0,0
C071596,3843496,46121952,1880272,22563264,198417482,16105085,15036604,167963,815,0,0
C071597,6137761,73653132,3584500,43014000,141497293,42040641,42040641,583275,678,0,0
C071598,3530067,42360804,2440009,29280108,75539360,26920038,26920038,209270,902,0,0
C071599,3268116,39217392,1734307,20811684,120201842,23029198,13419773,213950,756,1,0
C071600,3422053,41064636,2067414,24808968,112315421,36875734,35854630,443046,874,0,0
C071601,2920298,35043576,1543852,18526224,182726989,72445159,54290557,356847,737,0,0
C071602,2164470,25973640,1608597,19303164,165734568,31295310,18427225,260169,701,1,0
C071603,3859940,46319280,2187565,26250780,100501558,28409078,20138040,238462,827,0,0
C071604,2099338,25192056,837559,10050708,45301748,12126290,12126290,215118,778,0,0
C071605,3796376,45556512,2132601,25591212,189895967,68961729,68961729,674343,876,0,0
C071606,1833376,22000512,840815,10089780,92976364,25901149,17624002,80497,752,0,0
C071607,5041826,60501912,2253509,27042108,102490274,33151244,33151244,115171,892,0,0
C071608,5813027,69756324,3678910,44146920,323215343,30603712,26456128,343060,818,0,0
C071609,3569941,42839292,1968054,23616648,251436693,58313734,49585716,399672,759,0,0
C071610,4999105,59989260,2374517,28494204,251540372,13027574,13027574,122341,849,0,0
C071611,2063798,24765576,1091525,13098300,26137635,11625507,11033598,281588,779,0,0
C071612,3079027,36948324,1740928,20891136,129867304,59187836,59187836,365750,899,0,0
C071613,7745010,92940120,4382521,52590252,477007378,195231441,115673831,509051,802,0,0
C071614,2679276,32151312,1750213,21002556,89877287,10528840,10528840,343814,752,1,0
C071615,5002917,60035004,2026414,24316968,367299587,58507820,49336930,605203,771,0,0
C071616,5755650,69067800,3313396,39760752,255822126,116385724,100497850,557435,777,0,0
C071617,5314237,63770844,3525546,42306552,341855018,117614031,117614031,1085800,719,0,0
C071618,4252069,51024828,1620097,19441164,181149103,94359030,85808888,953202,895,0,0
C071619,7591466,91097592,3223750,38685000,83379019,159153305,119063573,1448314,654,0,1
C071620,5123553,61482636,2909439,34913268,406000468,33420922,33420922,293631,837,0,0
C071621,6006078,72072936,4598483,55181796,406557539,38607393,21941439,372821,694,0,0
C071622,6677884,80134608,5007161,60085932,530969065,166396529,133102380,1177426,704,0,0
C071623,4863360,58360320,2787412,33448944,169589291,15671358,15671358,415184,831,0,0
C071624,2147871,25774452,1543033,18516396,82279508,32201779,14800881,60499,855,0,0
C071625,4051905,48622860,2958147,35497764,231224041,62333615,49126137,642037,831,0,0
C071626,5527298,66327576,1852503,22230036,175705599,49844046,34118067,811813,900,0,0
C071627,3663366,43960392,2206072,26472864,74883595,35778994,35778994,552735,782,0,0
C071628,2208149,26497788,1254648,15055776,11070298,34880343,22663252,246822,819,0,0
C071629,5789500,69474000,4797473,57569676,195684104,102058662,91551560,694736,893,0,0
C071630,10141335,121696020,2932518,35190216,142028014,22250449,12808831,753932,772,0,0
C071631,4207092,50485104,1967401,23608812,43289754,53189528,46095367,436871,761,0,0
C071632,1805021,21660252,1556842,18682104,168874200,39907573,21752148,241326,765,0,0
C071633,4413961,52967532,2867876,34414512,572502532,74543040,36142438,258331,829,0,0
C071634,2555262,30663144,1060408,12724896,84197884,30091825,15393793,121620,927,0,0
C071635,2461280,29535360,1167737,14012844,72090459,36323166,33498502,248421,835,0,0
C071636,3416462,40997544,2572103,30865236,75115450,35863196,19433113,164579,811,0,0
C071637,3967640,47611680,2693180,32318160,193660103,13556136,11053055,292446,807,0,0
C071638,2776633,33319596,1566130,18793560,209313438,3510180,3510180,204720,860,0,0
C071639,4069166,48829992,2149579,25794948,160337713,53642716,53642716,378876,869,0,0
C071640,3225171,38702052,1787444,21449328,98413666,39540182,38136743,223042,688,1,1
C071641,3618746,43424952,2322743,27872916,302761215,39713339,34663623,100764,759,0,0
C071642,5290046,63480552,2542581,30510972,236582908,95200532,95036131,1008997,828,0,0
C071643,3888084,46657008,2258530,27102360,143537167,64977978,59608189,430032,863,0,0
C071644,3031620,36379440,795183,9542196,95035776,149582880,139636791,989288,699,0,0
C071645,2670610,32047320,1147316,13767792,448662480,70427778,64115232,535562,794,0,0
C071646,3281297,39375564,1803462,21641544,128954855,25404124,3546154,65626,868,0,0
C071647,5792562,69510744,2043382,24520584,302152398,57911093,45499773,967347,763,0,0
C071648,3826666,45919992,2243377,26920524,139837429,114323683,112011456,860268,738,0,0
C071649,8381840,100582080,4399262,52791144,149437475,66133038,61780392,542122,841,0,0
C071650,2663808,31965696,909455,10913460,307330499,55067103,40538876,404308,783,0,0
C071651,2248246,26978952,1537226,18446712,117018649,30952074,25863219,267019,905,0,0
C071652,2885141,34621692,1962785,23553420,232754332,68586426,61683374,367143,743,0,0
C071653,7204253,86451036,4383188,52598256,361855461,83483563,76810014,621464,755,0,0
C071654,3620080,43440960,1808378,21700536,593314047,72766006,54962758,153542,831,0,0
C071655,4757524,57090288,3235241,38822892,103772694,143608613,126905843,849626,767,0,0
C071656,4213912,50566944,1798969,21587628,162007326,26501942,22591252,425913,864,0,0
C071657,4932018,59184216,2070382,24844584,142227255,31562735,20028785,366104,856,0,1
C071658,2192690,26312280,1025724,12308688,72080341,21923289,17621205,152938,759,0,0
C071659,1800000,21600000,1364032,16368384,272737248,16536401,11489126,50000,796,0,0
C071660,3892867,46714404,2930501,35166012,165601426,61750124,41837512,423799,735,0,1
C071661,4270964,51251568,2360355,28324260,91454652,141617982,141617982,854104,699,0,0
C071662,3739529,44874348,2062467,24749604,217185507,82197251,61878352,800130,755,1,0
C071663,3350676,40208112,2014269,24171228,214242394,160083990,155881746,1211469,721,0,0
C071664,4199926,50399112,2597582,31170984,98041723,139737036,128616419,990219,694,0,0
C071665,5399250,64791000,4107077,49284924,907074000,70421188,53698614,583538,812,0,0
C071666,3542038,42504456,2037222,24446664,151347163,22488543,20483579,70841,737,0,0
C071667,3081733,36980796,1842223,22106676,173328529,50276978,32068721,312772,744,0,0
C071668,4434173,53210076,2615100,31381200,118695248,75757466,34893974,516286,755,1,0
C071669,4843724,58124688,3333923,40007076,191829593,36355553,36355553,443921,778,0,0
C071670,3654427,43853124,2468439,29621268,262169728,23073275,22584790,249449,637,1,0
C071671,3969093,47629116,2471443,29657316,144690174,64920721,50092365,745020,754,0,0
C071672,4840037,58080444,3691284,44295408,128244853,62217540,40143123,208159,881,1,0
C071673,2838969,34067628,1615728,19388736,129401516,71348713,59249735,346410,840,0,0
C071674,4506018,54072216,2610093,31321116,287019671,14384316,14384316,185585,769,0,0
C071675,2975986,35711832,1621011,19452132,40590082,14066756,14066756,224264,781,0,0
C071676,2738028,32856336,2341854,28102248,167156149,18351726,12469364,327112,734,0,0
C071677,8078173,96938076,6210485,74525820,231019798,236096434,236096434,2382317,675,0,0
C071678,3785553,45426636,2486014,29832168,528921782,85248406,64197979,526128,715,0,0
C071679,6278826,75345912,3824708,45896496,131302476,88511892,76603174,1161828,692,0,0
C071680,1848214,22178568,1569013,18828156,96836933,27644138,19041952,156746,801,0,0
C071681,10467893,125614716,3030678,36368136,111400977,159748852,130704029,1264498,878,0,0
C071682,3303240,39638880,1385793,16629516,238969128,47363254,37970267,446885,820,0,0
C071683,4320610,51847320,2808607,33703284,100801036,55456813,35658274,688454,730,0,0
C071684,3094734,37136808,1740718,20888616,292916210,67076465,55024421,493753,781,0,0
C071685,4707464,56489568,2991094,35893128,148475151,28153634,28153634,368732,751,0,0
C071686,3455517,41466204,1976294,23715528,142739810,35731146,35731146,322343,764,0,0
C071687,3221656,38659872,2469905,29638860,157940823,30810193,16450159,242137,915,0,0
C071688,3021745,36260940,2238749,26864988,322343967,66541600,60988290,546038,679,1,0
C071689,3979986,47759832,2538061,30456732,238672348,22261013,16150231,111801,796,0,0
C071690,2481598,29779176,766516,9198192,314187358,23604864,13498920,103815,714,1,0
C071691,1979865,23758380,1382106,16585272,332617320,39520735,25668452,303335,717,2,1
C071692,2383860,28606320,1228091,14737092,45694779,33089816,21935902,438383,872,0,0
C071693,1929808,23157696,1164389,13972668,47783966,24895004,24895004,171933,877,0,0
C071694,3557781,42693372,2047581,24570972,128334414,98782302,98630101,822517,735,0,0
C071695,4306496,51677952,2344595,28135140,79490149,50225466,27168464,239418,748,0,0
C071696,4266331,51195972,2560916,30730992,137007610,73105410,48874755,520863,803,0,0
C071697,8755476,105065712,5190565,62286780,146227869,293898228,237599181,1568461,725,0,0
C071698,1800000,21600000,1041211,12494532,232681797,14910371,14910371,204482,808,0,0
C071699,8620917,103451004,5073471,60881652,576056193,162442920,105462072,1727169,691,0,1
C071700,4645891,55750692,2219419,26633028,444912899,19858691,19858691,95361,826,0,0
C071701,3298364,39580368,1693787,20325444,41855262,36960609,18751621,431853,753,0,0
C071702,2091322,25095864,1801436,21617232,85278979,12849041,6665342,65789,766,0,0
C071703,3868577,46422924,2769176,33230112,107054980,26054502,26054502,77372,785,0,0
C071704,1986238,23834856,1214238,14570856,46650435,26031026,21621626,255460,862,1,0
C071705,2725062,32700744,1047365,12568380,161680005,26451479,25475302,59601,839,0,0
C071706,1800000,21600000,939771,11277252,58515006,43608709,43608709,426107,746,0,0
C071707,3560130,42721560,2337442,28049304,213083236,50058795,41435617,158710,830,0,0
C071708,5830454,69965448,3596994,43163928,488408504,22345349,20676702,116609,836,0,0
C071709,6399199,76790388,4341725,52100700,614456532,51260767,21417847,127984,764,0,0
C071710,4984668,59816016,3248130,38977560,577513206,53591710,35298107,382803,768,0,1
C071711,2304200,27650400,1559303,18711636,54431664,41140906,35805715,263561,767,1,0
C071712,3891463,46697556,1650080,19800960,168071622,70127614,52731914,303852,782,0,0
C071713,2952846,35434152,2306622,27679464,107282384,57120937,49935655,313804,753,0,0
C071714,5518018,66216216,3243764,38925168,277859135,97582411,97582411,755536,773,0,0
C071715,6256330,75075960,3368547,40422564,124816053,64078320,35624687,435727,677,0,0
C071716,9403349,112840188,4124985,49499820,747170045,143225252,74355472,853207,775,0,0
C071717,7386626,88639512,4343671,52124052,1052941426,141420395,115869363,1250663,761,1,0
C071718,5901120,70813440,3794379,45532548,256529950,91687608,50520067,708350,759,0,0
C071719,1800000,21600000,1231860,14782320,117516105,69209924,65597055,463066,756,0,0
C071720,5880576,70566912,3881786,46581432,129776249,26684329,26684329,632590,770,0,0
C071721,4478937,53747244,3046528,36558336,106143734,23602662,23602662,235273,836,0,0
C071722,3692981,44315772,1913849,22966188,54637576,77402938,59694043,431191,810,0,0
C071723,2505606,30067272,1936698,23240376,329013685,52131052,43400205,335312,868,0,0
C071724,4470035,53640420,2591593,31099116,338560545,26138417,26138417,615632,739,0,0
C071725,2063492,24761904,542377,6508524,31902039,34952620,27346574,230969,761,0,0
C071726,2641390,31696680,1996339,23956068,74889560,38927757,31660958,345454,717,0,0
C071727,1992224,23906688,1311358,15736296,20688587,54531236,49952273,351146,774,0,1
C071728,4972907,59674884,3591144,43093728,280606487,52578469,26577726,266007,871,0,0
C071729,5461617,65539404,4437702,53252424,512141603,40893579,24651281,269924,845,0,0
C071730,1800000,21600000,1437980,17255760,78995932,9087053,9087053,215680,871,0,0
C071731,4768563,57222756,2469501,29634012,102252336,58023291,50618835,297990,778,0,0
C071732,9724895,116698740,5316057,63792684,145011136,34467667,34467667,475698,793,0,0
C071733,8034799,96417588,5363503,64362036,446069951,60661739,27012994,250973,781,0,0
C071734,5981211,71774532,4084102,49009224,775403799,127459950,83114997,678917,782,0,0
C071735,5014100,60169200,2626299,31515588,388585229,122437889,88114317,816297,770,0,1
C071736,4165541,49986492,1868863,22426356,155745503,67714357,55033616,606602,741,0,0
C071737,4178032,50136384,2626187,31514244,353719558,22977245,22977245,205250,865,0,0
C071738,4048141,48577692,1513565,18162780,103115755,45259823,32741352,343906,862,0,0
C071739,4181112,50173344,2174073,26088876,327568741,68220381,51697218,428342,825,0,0
C071740,6991194,83894328,3010248,36122976,345582779,36594553,36594553,323290,820,0,0
C071741,4127981,49535772,3326387,39916644,164534402,22651960,15732185,393436,802,0,0
C071742,3612711,43352532,2803567,33642804,366414888,35316187,33060004,318654,744,1,1
C071743,3090873,37090476,1709798,20517576,221964005,75384636,67448499,742442,743,0,0
C071744,4006203,48074436,2858078,34296936,148529192,18213346,8759943,325541,680,0,1
C071745,3507782,42093384,1632350,19588200,341969802,38267944,29387524,238774,851,0,0
C071746,4295950,51551400,2959488,35513856,318849159,24484546,24484546,85919,832,1,0
C071747,5015128,60181536,3651138,43813656,135927682,23659234,13948187,100303,654,0,0
C071748,5315344,63784128,1955827,23469924,439333479,70800153,49008924,784941,765,0,0
C071749,10164178,121970136,5846430,70157160,319953742,139794722,95443467,595236,779,0,0
C071750,6027707,72332484,3145898,37750776,392857182,61340076,40852454,461333,807,0,0
C071751,2204182,26450184,1386584,16639008,127104814,57020675,50662503,290312,769,0,0
C071752,4106192,49274304,2893061,34716732,235061729,60227616,30726342,444315,689,0,1
C071753,2648810,31785720,832565,9990780,87589446,45840263,37381066,343070,798,0,0
C071754,2744173,32930076,1877196,22526352,39986483,17721915,9385951,290207,802,0,0
C071755,3391998,40703976,1963847,23566164,182716611,34145753,33919471,245754,675,1,1
C071756,3519672,42236064,2518704,30224448,131438951,110618569,108652677,884417,719,0,1
C071757,2268376,27220512,1414454,16973448,52262015,21618814,12338970,317894,742,0,0
C071758,3367195,40406340,1424267,17091204,94684649,33622604,33622604,172884,845,0,0
C071759,3169533,38034396,1999210,23990520,146831079,49678512,39178206,334237,748,0,0
C071760,4289882,51478584,3270735,39248820,275588297,102102225,78560440,852413,744,0,0
C071761,3413381,40960572,2412095,28945140,332550753,35935632,28685925,283858,723,1,0
C071762,6176993,74123916,3680037,44160444,102429552,90511300,69608125,750173,777,1,0
C071763,1933440,23201280,1178760,14145120,102154242,30911017,27391547,141908,759,1,0
C071764,6823002,81876024,4901196,58814352,686021672,117557748,103354469,582366,814,0,0
C071765,3141091,37693092,1097880,13174560,527703288,37149906,23109927,185976,805,0,1
C071766,5641772,67701264,2995985,35951820,138493639,23127201,17358775,258986,830,0,0
C071767,7437014,89244168,4396132,52753584,319093840,46439806,35785881,641220,772,0,1
C071768,6009273,72111276,4279438,51353256,386127761,74506284,74506284,653460,637,1,0
C071769,2351551,28218612,781228,9374736,242354596,22235829,19701574,216300,818,0,0
C071770,6977521,83730252,2949110,35389320,109312632,55781272,45941942,411834,766,0,0
C071771,2903701,34844412,725925,8711100,94862947,46864126,46864126,262751,794,0,1
C071772,6830718,81968616,2541728,30500736,271491595,53283364,53283364,415501,833,0,0
C071773,3443280,41319360,2031835,24382020,102056244,32443540,22574354,149055,810,0,0
C071774,2504198,30050376,1847592,22171104,160654711,11196829,11196829,166484,717,1,0
C071775,6475102,77701224,4071058,48852696,337090396,267288017,257170874,1653797,677,0,0
C071776,4245971,50951652,1777979,21335748,552799042,157608976,154819892,1190232,794,0,0
C071777,5382692,64592304,2084454,25013448,115411011,53886505,40830554,289403,866,1,0
C071778,4273174,51278088,3074795,36897540,73445108,86118877,86118877,553246,814,0,0
C071779,4317306,51807672,2279249,27350988,88986079,54867663,40790475,442215,744,0,0
C071780,1953779,23445348,1234215,14810580,217144899,18612111,7150884,146038,821,0,0
C071781,5813537,69762444,3851750,46221000,54315618,47259886,36682870,613789,819,0,0
C071782,3876872,46522464,2925243,35102916,187565433,123726470,109901286,1054321,756,0,0
C071783,2263793,27165516,1125995,13511940,150482391,34530920,27759428,200396,836,0,0
C071784,4495590,53947080,2062263,24747156,259151361,35638998,35638998,438909,838,0,0
C071785,10983019,131796228,7364656,88375872,420925198,149201986,134295571,1213295,767,0,0
C071786,3091848,37102176,1944229,23330748,164831603,12949982,12949982,167893,780,0,0
C071787,3679245,44150940,3198482,38381784,347996097,54753233,43946102,452774,690,0,1
C071788,4178276,50139312,2678634,32143608,152044762,139798361,120709197,1161621,766,0,1
C071789,5345896,64150752,2919735,35036820,87916978,56201177,32176447,349575,772,0,0
C071790,5366886,64402632,3315077,39780924,621003210,108566502,108566502,969842,728,0,0
C071791,6900962,82811544,4822728,57872736,366102956,81197740,81197740,922314,898,0,0
C071792,4072021,48864252,2947453,35369436,207654497,80609673,58553416,529568,722,0,0
C071793,5453926,65447112,3631475,43577700,348646990,177439473,161653873,1225522,706,0,0
C071794,5324289,63891468,4356300,52275600,316769727,34699386,19337238,435475,723,0,0
C071795,6374108,76489296,3042683,36512196,1070850144,57862090,57862090,715308,898,0,0
C071796,5493054,65916648,2876588,34519056,332456790,125546250,99099300,1075953,708,0,0
C071797,6582355,78988260,4345830,52149960,105748707,122881705,114825131,1223417,746,0,1
C071798,4136246,49634952,2622871,31474452,139815441,88866887,58174400,353498,695,0,0
C071799,1800000,21600000,1177955,14135460,98582531,16562429,13243354,261539,889,0,0
C071800,2225054,26700648,1381250,16575000,139239709,51292705,39613125,290402,731,0,0
C071801,4235560,50826720,2698167,32378004,298352578,69026472,69026472,519375,818,0,0
C071802,4428808,53145696,2637114,31645368,230814427,81176982,67978772,500471,735,0,1
C071803,4352724,52232688,2947370,35368440,375058453,35373811,16246848,287906,793,0,0
C071804,3781908,45382896,1804142,21649704,267925986,54831152,49422771,542744,737,0,0
C071805,4104802,49257624,2130009,25560108,232079178,60456547,60456547,636901,729,0,0
C071806,4329894,51958728,2410765,28929180,207786743,90765778,74057177,861093,741,0,0
C071807,2425658,29107896,1155067,13860804,45138714,26079469,12072287,192921,759,0,0
C071808,5773853,69286236,3150777,37809324,177199792,51293809,30431062,127182,778,1,0
C071809,4472152,53665824,1773271,21279252,525649592,47345734,31625919,444126,882,0,0
C071810,11227353,134728236,8682342,104188104,552591328,235398985,157715669,1433741,650,1,0
C071811,3867381,46408572,2730027,32760324,180230975,210029245,201382781,1401025,646,1,1
C071812,1821534,21858408,923161,11077932,74309435,13433940,13433940,65819,872,0,0
C071813,4254931,51059172,2308862,27706344,110499561,33835352,33242464,474128,764,0,0
C071814,4373199,52478388,2971480,35657760,440729473,19177287,19177287,329424,726,1,0
C071815,3221316,38655792,2477806,29733672,211499943,62410558,45961282,580793,692,1,0
C071816,3785111,45421332,2686057,32232684,401904828,44505636,44505636,584622,777,0,0
C071817,4465967,53591604,2317578,27810936,721443975,80250764,41949311,596077,795,0,0
C071818,1974929,23699148,873503,10482036,66112560,35298028,29800878,151719,781,0,0
C071819,2824291,33891492,1117792,13413504,195524875,82672188,66996423,467933,683,1,1
C071820,4751643,57019716,2530303,30363636,302475001,117777986,117777986,993408,777,1,0
C071821,3512677,42152124,2082492,24989904,83302693,31049337,21705708,252990,803,0,0
C071822,2864115,34369380,1161283,13935396,162667016,39312161,27486582,586991,758,0,0
C071823,3343204,40118448,1404605,16855260,212262493,34698704,32879456,239726,762,0,0
C071824,7897785,94773420,4642393,55708716,380483991,50904384,20099444,562384,737,0,0
C071825,7074082,84888984,3939863,47278356,395745396,78177044,38822546,259161,797,0,0
C071826,4192752,50313024,2435509,29226108,704382336,25867329,12495072,83855,853,0,0
C071827,5131617,61579404,3066379,36796548,283813016,40148725,40148725,339481,841,0,0
C071828,2919305,35031660,1546207,18554484,169255585,98409376,87287441,720373,641,1,1
C071829,3146415,37756980,1393710,16724520,528597720,61950622,47066997,368555,776,0,0
C071830,9830240,117962880,3768893,45226716,161338032,226283947,177460013,1459441,763,0,0
C071831,3214582,38574984,1769097,21229164,270739662,85643755,85643755,484195,791,0,0
C071832,2969162,35629944,1686484,20237808,157437705,58281263,49694494,401700,721,0,0
C071833,3157461,37889532,1944673,23336076,171974697,16165734,16165734,173664,798,0,0
C071834,3751351,45016212,1978216,23738592,333027794,72188547,61573143,538572,761,0,0
C071835,6607962,79295544,5233752,62805024,108532542,91530532,66315815,1077870,739,2,0
C071836,5383250,64599000,4585277,55023324,240497099,49820119,49820119,903121,740,2,1
C071837,5981780,71781360,2670303,32043636,123241516,60269800,60269800,508226,822,0,0
C071838,2778574,33342888,1557035,18684420,236495470,13297773,13297773,251328,771,0,0
C071839,7520188,90242256,4625809,55509708,351442108,54158878,50359225,704084,752,0,0
C071840,2551973,30623676,1500136,18001632,188921571,42270261,22247509,276088,746,0,0
C071841,1800000,21600000,450000,5400000,56248277,37717988,36847341,299687,818,0,1
C071842,1800000,21600000,1045188,12542256,90769155,15600519,15600519,212881,744,0,0
C071843,2956655,35479860,1542749,18512988,496718040,174134356,153271025,1067111,782,0,0
C071844,3285470,39425640,1025197,12302364,144274676,19415649,14011319,321266,936,0,0
C071845,6396158,76753896,1925924,23111088,374687161,55424974,55424974,442041,852,0,0
C071846,3766375,45196500,2752277,33027324,85775132,49260495,46617341,343594,857,0,0
C071847,7950212,95402544,4973491,59681892,393871620,84314613,59943928,605816,781,0,0
C071848,3826027,45912324,1579731,18956772,172840208,28732277,27243937,446766,737,0,0
C071849,10821874,129862488,9029656,108355872,387255514,316586944,296280091,2030122,773,1,0
C071850,4723916,56686992,3161570,37938840,259425164,76479944,73192443,601752,731,0,0
C071851,5351909,64222908,3060951,36731412,414240923,102397393,75006910,643891,750,0,0
C071852,2977362,35728344,1336514,16038168,133767446,25706452,21280440,86277,801,0,0
C071853,2421114,29053368,1767850,21214200,97512226,30059886,20924459,182653,775,0,0
C071854,6492979,77915748,3303274,39639288,603637303,31739683,31739683,377067,809,0,0
C071855,4160871,49930452,1455783,17469396,187323278,60906230,60906230,426332,812,0,0
C071856,3428373,41140476,2514794,30177528,421559835,91747052,75372532,448637,715,1,1
C071857,5026796,60321552,4333736,52004832,130844298,70166212,55055792,524810,795,0,0
C071858,3474291,41691492,1873169,22478028,150539846,40226128,23128497,280574,855,0,0
C071859,3367840,40414080,2798360,33580320,180112327,29565738,29565738,336778,727,0,0
C071860,6264191,75170292,4836603,58039236,108337353,52507935,52507935,1053842,739,0,0
C071861,5229529,62754348,3571355,42856260,188101566,106520537,92569111,906890,691,0,0
C071862,2992535,35910420,1310148,15721776,134426509,13541289,10569105,214357,895,0,0
C071863,2919229,35030748,2141799,25701588,54121364,23993755,14027796,253216,789,0,0
C071864,9371174,112454088,4019974,48239688,390493637,369615788,315659656,2569545,874,0,0
C071865,7254091,87049092,4679938,56159256,1074239595,47268416,20589896,566528,898,0,0
C071866,4232541,50790492,1907497,22889964,711066888,80250610,55454587,165024,830,0,0
C071867,2396236,28754832,1198691,14384292,127924538,34858255,21728167,195257,712,0,0
C071868,5758093,69097116,3998166,47977992,152834781,51091519,30617060,406061,757,0,0
C071869,5659298,67911576,2598928,31187136,92868119,58677508,57688672,407608,835,0,0
C071870,6644745,79736940,2884852,34618224,239966050,83315574,66362456,583797,837,0,0
C071871,2340140,28081680,608952,7307424,118894924,20748538,20748538,201946,769,2,0
C071872,2976097,35713164,1962141,23545692,452311744,33481134,33481134,315530,814,0,0
C071873,2878109,34537308,1498827,17985924,176568636,53043323,45544999,253414,804,1,0
C071874,5464500,65574000,2272207,27266484,222957553,42635308,28592077,392534,794,0,0
C071875,2092722,25112664,780187,9362244,183454617,37810937,33879213,315287,825,0,0
C071876,3366882,40402584,1650768,19809216,48226917,50243401,25466558,495344,835,0,0
C071877,3288389,39460668,2453103,29437236,125637676,55725874,47346855,496062,687,0,0
C071878,4757709,57092508,2370991,28451892,799295112,91315700,67384523,529298,836,0,0
C071879,1800000,21600000,870009,10440108,212494519,8934018,8934018,169568,843,0,0
C071880,3577919,42935028,2264942,27179304,63256637,38967088,38967088,388081,812,0,0
C071881,6543422,78521064,5658204,67898448,809796163,132030450,115240155,931023,679,2,1
C071882,2600339,31204068,1538473,18461676,168247546,27496045,23401918,281971,706,0,0
C071883,4229892,50758704,1846696,22160352,244550936,38519783,25950638,319174,793,0,0
C071884,3450449,41405388,1760063,21120756,318086376,74326697,62299331,344578,764,1,1
C071885,3454709,41456508,2236829,26841948,80492911,15175366,15175366,281752,703,0,0
C071886,4608909,55306908,1817286,21807432,437273367,15563613,15563613,92178,801,0,0
C071887,1988364,23860368,1421727,17060724,129557367,34547699,24491543,246367,755,1,1
C071888,5790675,69488100,3847938,46175256,335545848,71860709,58643929,429178,811,0,0
C071889,4135312,49623744,2504852,30058224,673772752,130256981,126200808,1019893,802,0,0
C071890,4055908,48670896,1303013,15636156,128650478,70290461,62822327,792004,776,0,0
C071891,5404787,64857444,3266629,39199548,184392049,54493775,42513115,246540,739,0,0
C071892,4598188,55178256,1826735,21920820,144691203,139672635,106406764,741331,815,0,0
C071893,4628037,55536444,2505851,30070212,215938379,49513649,48864335,290627,766,0,0
C071894,6075269,72903228,1754114,21049368,1020645192,138269923,131449491,539042,758,0,0
C071895,3778530,45342360,1748173,20978076,415059173,57963202,46828466,711907,770,0,0
C071896,4081524,48978288,2358813,28305756,139459098,33490893,33490893,457333,771,0,0
C071897,5012291,60147492,3717098,44605176,231010859,46060326,46060326,359689,796,1,0
C071898,1904513,22854156,1713514,20562168,21197293,22842230,20091264,128658,748,0,0
C071899,3732573,44790876,1910601,22927212,208250918,40572757,30248852,202636,750,0,0
C071900,5433966,65207592,2733766,32805192,212126611,90237785,44382862,822247,767,0,0
C071901,1800000,21600000,979515,11754180,34925943,14945765,14945765,151791,862,0,0
C071902,4245434,50945208,2801101,33613212,180933482,121174926,100397503,860140,793,0,0
C071903,3544819,42537828,2281630,27379560,230299397,86772563,59173829,560999,792,0,0
C071904,5060749,60728988,3293199,39518388,179561927,109121115,71371136,475158,748,0,0
C071905,2277947,27335364,1469834,17638008,382695096,32091860,21366357,143971,861,0,0
C071906,2892661,34711932,1348868,16186416,145332474,38195052,30765580,283750,809,0,0
C071907,3076248,36914976,1775053,21300636,306983899,20788504,13522585,149798,789,0,0
C071908,4268613,51223356,1890351,22684212,350860413,39339102,34365120,612984,856,0,0
C071909,3651816,43821792,1346965,16163580,46152736,42998593,26244169,323830,800,0,0
C071910,4455216,53462592,3390139,40681668,214371013,131244882,106716285,983723,743,0,0
C071911,7002556,84030672,4377277,52527324,248918392,52959373,52959373,679614,756,0,0
C071912,3297792,39573504,1453656,17443872,120823437,34699363,23887719,334254,783,0,0
C071913,1800000,21600000,1231526,14778312,70677600,18159488,18159488,218322,741,0,0
C071914,4671450,56057400,3015059,36180708,96947860,70117905,32615858,279212,706,0,0
C071915,3037535,36450420,2463353,29560236,155231639,18310142,13046519,60751,694,0,0
C071916,5569434,66833208,3328734,39944808,111035299,59295677,50450896,510658,796,0,0
C071917,2635857,31630284,1239482,14873784,72846517,31142849,31142849,259742,774,0,0
C071918,2525793,30309516,1383149,16597788,103702767,24816610,14461937,103125,817,0,0
C071919,7172244,86066928,4718833,56625996,260443195,71915133,33618439,639490,660,0,0
C071920,2100504,25206048,940947,11291364,26016571,19181346,14594892,167406,804,0,0
C071921,8300042,99600504,5931490,71177880,356511351,101511228,90287606,968856,795,0,0
C071922,4402566,52830792,3993386,47920632,105519879,35531523,25627565,238846,762,0,0
C071923,3587507,43050084,2040861,24490332,189800557,58797583,32882086,347555,810,1,0
C071924,3077782,36933384,1339016,16068192,269558164,77039802,61972235,568443,836,0,0
C071925,3833843,46006116,2333015,27996180,70095119,67961654,52503983,433638,806,0,0
C071926,10718684,128624208,6486107,77833284,918574427,99546484,99546484,792473,802,0,0
C071927,5358658,64303896,2836367,34036404,191420178,105090944,74129104,542085,768,0,0
C071928,6730256,80763072,2847359,34168308,422730690,46205151,46205151,568648,797,0,0
C071929,6051998,72623976,3825971,45911652,237716791,183526299,174269046,1282785,713,0,1
C071930,3348065,40176780,1626933,19523196,395261283,18186234,9578867,66961,843,0,0
C071931,3286812,39441744,1930403,23164836,82912794,32296108,26462374,389976,880,1,0
C071932,2521167,30254004,1561741,18740892,83297819,77419172,65367531,537715,654,3,1
C071933,3196180,38354160,2216860,26602320,256845677,83580149,77814023,793572,754,2,1
C071934,3112339,37348068,2423550,29082600,522872952,32621240,18898452,180620,733,0,0
C071935,3805784,45669408,3060224,36722688,179182186,38335818,25101021,548305,664,1,0
C071936,5056174,60674088,4274443,51293316,155020950,58853947,41948834,483979,727,0,0
C071937,3612770,43353240,2898190,34778280,360946046,63594249,42061409,412144,791,0,0
C071938,4836636,58039632,4127364,49528368,437350538,152670393,142375467,1525443,663,2,1
C071939,6434682,77216184,4951188,59414256,335644895,50949463,20180326,685661,858,0,0
C071940,2636727,31640724,1630656,19567872,203195737,52140525,49409005,436199,733,0,1
C071941,7092999,85115988,4248109,50977308,200567804,158223330,140155902,745850,723,0,0
C071942,3342714,40112568,2494095,29929140,62669168,42927026,42927026,594540,770,0,0
C071943,3019233,36230796,1310450,15725400,101343423,41263013,31274103,312512,868,0,0
C071944,6573224,78878688,4109278,49311336,418583499,123386329,46080861,390900,773,0,0
C071945,4633911,55606932,1935209,23222508,542979576,88995944,74309412,539055,831,0,0
C071946,4432807,53193684,3234410,38812920,162947548,65594906,49424757,508830,723,0,0
C071947,3366047,40392564,1599193,19190316,334809963,25076982,9397576,346354,798,0,0
C071948,1910235,22922820,1219349,14632188,108679876,43805554,38463662,460022,744,0,0
C071949,1907542,22890504,1211441,14537292,232582057,16250300,14421391,169636,831,0,0
C071950,2515792,30189504,1288185,15458220,111541782,19344555,13788736,152722,726,0,0
C071951,4294325,51531900,3645336,43744032,56407565,48416051,45906743,281907,714,0,0
C071952,7391347,88696164,4352957,52235484,175577215,107849175,81282750,597992,805,1,0
C071953,6021663,72259956,2991777,35901324,214264066,82600273,81233561,785045,804,0,0
C071954,3229048,38748576,1556565,18678780,132648715,27767457,27767457,143159,778,1,0
C071955,3088414,37060968,1758202,21098424,84998826,25160918,13549775,290750,808,0,0
C071956,6941873,83302476,3370950,40451400,1120600830,81891834,23541412,794925,771,0,0
C071957,4835821,58029852,3604944,43259328,142663113,71067896,61808798,271790,878,0,0
C071958,4143196,49718352,2729470,32753640,205364522,25426180,8312969,142670,797,0,0
C071959,2552454,30629448,1184309,14211708,66476542,79017375,79017375,556122,693,0,0
C071960,2995047,35940564,1849152,22189824,208243628,55696249,45902228,463757,667,0,0
C071961,2893489,34721868,1905108,22861296,210832393,10180400,5606279,90574,793,0,0
C071962,4227258,50727096,1999743,23996916,381777080,88377402,81404502,554441,771,0,0
C071963,3349469,40193628,2392789,28713468,129754446,25192743,25192743,283091,746,1,0
C071964,4392901,52714812,3450239,41402868,129773054,66451482,47432307,579447,718,1,1
C071965,2970917,35651004,1198363,14380356,119847630,45397380,30697281,256111,766,0,0
C071966,5870438,70445256,3049513,36594156,108909152,81401486,66988827,270450,806,0,0
C071967,3718745,44624940,1760100,21121200,112351179,196257747,196257747,1391820,617,1,1
C071968,4530903,54370836,2633826,31605912,68888425,17145000,17145000,258738,830,0,0
C071969,2649325,31791900,1381070,16572840,32720864,58622428,50560545,506500,756,1,0
C071970,5240941,62891292,3645940,43751280,127226491,60378040,44197013,576858,798,0,0
C071971,4270925,51251100,2271013,27252156,297321948,87027337,71797724,491126,851,0,0
C071972,7440748,89288976,4880167,58562004,390616388,205041802,205041802,1042040,821,0,0
C071973,10366875,124402500,7308706,87704472,163643422,70706314,70706314,982573,761,0,0
C071974,2927131,35125572,1348113,16177356,186701256,23025970,16221468,58543,844,0,0
C071975,4852064,58224768,2299728,27596736,316113201,42658952,27267453,388269,781,0,0
C071976,6020761,72249132,5074911,60898932,224395797,59974624,48692912,910462,635,1,1
C071977,7158629,85903548,2840870,34090440,393840963,107374106,70175995,1166506,770,0,0
C071978,3894379,46732548,1570348,18844176,158215139,28666249,25743335,106013,776,0,0
C071979,3007403,36088836,1636154,19633848,406858170,34972560,33142487,135952,889,0,0
C071980,5125376,61504512,4070632,48847584,70117350,31946108,31669764,448567,731,0,0
C071981,2069553,24834636,974412,11692944,238127192,54197028,45437355,469346,684,2,1
C071982,7476859,89722308,5429236,65150832,519019449,134850920,101966504,360586,746,0,0
C071983,4629653,55555836,2091474,25097688,199538804,133333751,133333751,641216,736,0,0
C071984,5438257,65259084,2981821,35781852,913627176,14306113,14306113,152265,738,0,0
C071985,3301456,39617472,2347923,28175076,294108266,22239645,22239645,302750,831,0,0
C071986,3485494,41825928,2196467,26357604,224752914,14460059,14460059,358587,809,0,1
C071987,3309695,39716340,1866421,22397052,109994787,27752143,10978013,99828,924,0,0
C071988,5914207,70970484,2372670,28472040,132110090,65963730,65963730,477228,786,0,0
C071989,2431567,29178804,1559312,18711744,326565057,14731211,14731211,129010,857,0,0
C071990,4288121,51457452,1072030,12864360,94297443,99522915,93085083,481835,802,0,0
C071991,4563161,54757932,1621973,19463676,151032495,69793036,64253772,214248,833,0,0
C071992,4158646,49903752,2543115,30517380,108458178,20058762,17788353,187194,798,0,0
C071993,2466707,29600484,1428504,17142048,47365970,45018024,34059428,271783,743,0,0
C071994,4161105,49933260,1913681,22964172,73720977,62413272,35812163,260628,866,1,0
C071995,5338839,64066068,2717879,32614548,128235375,126673217,113661711,835036,743,0,0
C071996,1800000,21600000,1413577,16962924,32368681,20901293,14615452,50000,803,0,0
C071997,6654401,79852812,3919818,47037816,453258836,108441075,108441075,793036,843,0,0
C071998,3304710,39656520,1298361,15580332,122100219,30478012,19255215,233898,782,0,0
C071999,2174558,26094696,1473835,17686020,207414976,25699622,21628429,246460,865,0,0
C072000,2231299,26775588,1508693,18104316,145993568,12814374,11218471,91731,837,0,0
C072001,2689952,32279424,1877617,22531404,88444003,33654785,20212342,283324,738,0,0
C072002,4409841,52918092,1948235,23378820,130827454,94626550,89943599,540834,790,0,0
C072003,4888339,58660068,3649095,43789140,199932804,37900817,31944791,483274,742,0,0
C072004,3117852,37414224,1388015,16656180,201053252,48656674,40217783,398189,775,0,0
C072005,2905750,34869000,1360700,16328400,175362080,45958761,43040669,339268,800,0,0
C072006,5085500,61026000,2977511,35730132,220324113,60469551,60469551,462968,881,0,1
C072007,2954561,35454732,2169240,26030880,80317636,40411450,30463656,535992,710,0,0
C072008,6351511,76218132,2470436,29645232,723175299,110859716,110859716,434488,845,0,0
C072009,5308547,63702564,2549639,30595668,605432055,51716820,33897440,495960,865,0,0
C072010,2766221,33194652,883309,10599708,28528639,41389312,38788462,376205,742,0,0
C072011,4618450,55421400,3152046,37824552,165347330,54337876,42154226,301295,775,0,0
C072012,3999884,47998608,3063270,36759240,100258223,42812820,33155559,459254,729,0,0
C072013,3630253,43563036,1820802,21849624,117020865,66659354,66659354,588905,761,1,0
C072014,4279909,51358908,2623551,31482612,87879231,68423312,43413583,419158,741,0,0
C072015,9900575,118806900,4618446,55421352,131497763,360510355,351024355,2280750,893,0,0
C072016,3302147,39625764,1792552,21510624,159581202,17957615,8041875,308647,866,1,0
C072017,2732045,32784540,1764544,21174528,157635368,20104511,20104511,220319,760,0,0
C072018,6776919,81323028,4089053,49068636,182959063,110873498,61034226,985197,739,0,0
C072019,7137299,85647588,2595267,31143204,209349230,129773373,119860670,1303932,821,0,0
C072020,2633927,31607124,1655592,19867104,442499736,33846602,23897306,370012,668,0,1
C072021,4624891,55498692,3163746,37964952,202616637,60701509,56582583,226871,796,0,1
C072022,4392812,52713744,2358403,28300836,306949933,45237214,45237214,751272,747,0,1
C072023,3720989,44651868,2847522,34170264,142736756,40888506,39714612,230543,720,1,0
C072024,1800000,21600000,1102922,13235064,72688714,9706607,9706607,56450,851,0,0
C072025,3865558,46386696,1793474,21521688,649413744,52265673,36025256,579081,770,0,0
C072026,3937598,47251176,2657357,31888284,590973550,22429567,11696739,136774,683,1,1
C072027,4550993,54611916,2032426,24389112,499305187,75371153,75206478,641294,751,0,0
C072028,3567161,42805932,1250346,15004152,599283048,30052708,20130274,374871,773,0,0
C072029,5610511,67326132,4007913,48094956,128602286,55595766,51749872,515984,741,0,0
C072030,3618159,43417908,1743680,20924160,130123531,123409966,119151375,710127,807,0,0
C072031,3954436,47453232,3382845,40594140,174067895,56771169,36211045,143608,838,0,0
C072032,3434813,41217756,1780224,21362688,191411151,14111890,9190233,191644,837,0,0
C072033,6115809,73389708,3953079,47436948,679036270,44128649,31565649,326380,773,1,0
C072034,3723123,44677476,1696841,20362092,135262180,26789460,25437024,159667,781,0,0
C072035,3581665,42979980,2602906,31234872,188192523,59495639,55096518,497667,760,0,0
C072036,3667603,44011236,2424574,29094888,124244421,16836156,16836156,227062,801,0,0
C072037,3694744,44336928,2265923,27191076,75558685,53477171,39243124,257850,780,0,1
C072038,4101094,49213128,2448777,29385324,199120801,61120799,38228956,261340,797,0,0
C072039,3061802,36741624,1556020,18672240,137962484,21014128,21014128,126001,824,0,0
C072040,2311761,27741132,607794,7293528,36112999,30075077,22635484,154073,763,0,0
C072041,2635659,31627908,1570881,18850572,60152138,32277330,25715335,352261,773,0,0
C072042,6021517,72258204,3580681,42968172,315007126,75933090,61001677,431551,721,1,0
C072043,3939468,47273616,2526715,30320580,133089178,69537679,47317378,530986,799,0,0
C072044,7000731,84008772,4793081,57516972,190490888,119880236,118667943,1085126,791,0,0
C072045,6681499,80177988,3609554,43314648,151657764,96680555,96680555,742281,821,0,0
C072046,8857029,106284348,6386562,76638744,165278382,127388453,100050212,664411,778,0,0
C072047,7008653,84103836,2530611,30367332,128257800,89285851,58822883,1019795,849,0,0
C072048,5849853,70198236,3418396,41020752,273562281,119957842,98136621,619113,737,0,0
C072049,3308188,39698256,1418433,17021196,226933113,23974350,19263488,203928,879,0,0
C072050,1800000,21600000,1420972,17051664,124242636,24871844,18027142,262291,756,0,0
C072051,3026264,36315168,1992502,23910024,88594502,11583965,11583965,70673,828,0,0
C072052,3562690,42752280,3110604,37327248,76963348,61698876,42252904,505988,735,0,1
C072053,3630148,43561776,1707687,20492244,292529912,29509904,22877995,378869,837,0,0
C072054,3484940,41819280,1899497,22793964,45648421,25535422,21697513,204943,923,0,0
C072055,6507141,78085692,3799536,45594432,375211941,194981944,167890124,1202800,703,0,0
C072056,5826626,69919512,2289221,27470652,124699148,116717660,103548787,546170,764,0,0
C072057,6801892,81622704,3124926,37499112,217751396,45915730,45915730,827574,806,0,0
C072058,4458645,53503740,3101342,37216104,279090916,113954691,104799669,717075,677,1,0
C072059,6260419,75125028,3074711,36896532,247782698,64023947,64023947,995094,854,0,0
C072060,6509238,78110856,2569748,30836976,340194424,83412880,64804627,686939,792,0,0
C072061,1928298,23139576,1013067,12156804,79458761,23713539,23414572,218587,858,0,0
C072062,1985912,23830944,790481,9485772,100245607,38173734,29879307,167550,922,0,0
C072063,3302540,39630480,2156765,25881180,140275769,72542587,62920086,510400,731,0,0
C072064,3879755,46557060,2748324,32979888,48449337,95959669,79215760,716565,646,0,0
C072065,1800000,21600000,983197,11798364,83805570,75442744,68279554,382528,687,0,0
C072066,7952809,95433708,5546068,66552816,264976351,42123112,42123112,841167,664,0,0
C072067,2510712,30128544,1565557,18786684,66064978,48632536,44996816,371710,808,0,0
C072068,6457494,77489928,3571217,42854604,92937834,198180072,190394985,1485681,738,1,0
C072069,3337008,40044096,2126063,25512756,44092508,60428225,49193512,226590,887,0,0
C072070,2792582,33510984,1857008,22284096,58659220,19007659,18102230,143448,748,0,0
C072071,2883740,34604880,1166621,13999452,241233164,48007198,41387299,525934,736,1,0
C072072,5506665,66079980,4288938,51467256,440485489,50117308,25818825,335286,795,0,0
C072073,4258063,51096756,2859367,34312404,62663980,37672437,30249863,282405,716,0,0
C072074,1800000,21600000,1518976,18227712,25870763,29599131,20470743,194628,784,0,0
C072075,3681866,44182392,2096007,25152084,618553488,36760099,23817523,341758,759,0,0
C072076,6656957,79883484,3707640,44491680,159166980,93778657,81875265,959516,717,0,0
C072077,1800000,21600000,1133959,13607508,68783950,27933471,19493013,201511,733,0,0
C072078,2058464,24701568,1596342,19156104,73875178,23429555,22907295,168224,727,0,0
C072079,3771493,45257916,3012231,36146772,80719030,26347129,23926953,206303,696,0,0
C072080,2772264,33267168,1540150,18481800,58065303,24794749,20518618,235831,742,0,0
C072081,3216985,38603820,1672147,20065764,319363938,66017621,50571149,484913,774,0,0
C072082,6964226,83570712,4200921,50411052,303897364,134801595,109932925,605436,837,0,0
C072083,2420875,29050500,2080965,24971580,138704520,53742878,53742878,515215,733,0,0
C072084,4205866,50470392,1915954,22991448,135480103,73719914,44327764,209110,716,0,0
C072085,5374779,64497348,3762394,45148728,99622032,76401942,34600083,322954,844,0,0
C072086,2610812,31329744,1327834,15934008,119404680,39177802,30531078,331997,895,0,0
C072087,4784053,57408636,3261285,39135420,307612457,81166987,63981359,398101,697,1,0
C072088,7141569,85698828,5874081,70488972,413821901,297145286,212589235,1400019,631,1,1
C072089,3847601,46171212,1400185,16802220,139626783,32147696,26869721,77869,794,0,0
C072090,6958272,83499264,4636713,55640556,290028739,36135315,36135315,311472,784,0,0
C072091,9995374,119944488,4708204,56498448,723348711,143474154,143474154,1209154,814,0,0
C072092,2494431,29933172,1502978,18035736,249544380,50991719,45178262,507998,851,1,0
C072093,5417897,65014764,2954461,35453532,567253050,47488428,47488428,657863,812,0,0
C072094,11489834,137878008,7085799,85029588,1930292112,193245225,108098321,1147463,745,0,0
C072095,3951353,47416236,2731291,32775492,148899583,109622888,109622888,770668,764,0,1
C072096,5342632,64111584,2850230,34202760,451659441,60350684,32514037,379178,780,0,0
C072097,6643834,79726008,3146921,37763052,450526568,45991981,30475400,132877,849,0,0
C072098,5098187,61178244,1274547,15294564,151084096,50879456,28825033,144182,736,0,0
C072099,1800000,21600000,1363063,16356756,65363175,40988622,30925351,243118,631,0,1
C072100,4828129,57937548,3264311,39171732,126054736,49577920,28195456,205896,863,0,0
C072101,5225348,62704176,1969926,23639112,88008594,141301929,134216362,1113293,673,0,0
C072102,2949265,35391180,2064558,24774696,190296988,17788819,16632662,230712,854,0,0
C072103,4150805,49809660,2996835,35962020,191850197,36574883,36574883,363917,726,0,0
C072104,3759942,45119304,2264951,27179412,107962302,50721790,35441255,240427,685,0,0
C072105,4078018,48936216,2313553,27762636,97410145,89136461,75544856,1064292,689,0,0
C072106,3884143,46609716,2098972,25187664,216169380,37987985,12951136,77683,771,0,0
C072107,2769962,33239544,1226817,14721804,116961317,56472743,54222291,397257,786,0,0
C072108,6824140,81889680,3563465,42761580,394976193,46987235,46987235,646300,745,0,0
C072109,5068718,60824616,2305981,27671772,129971911,32225617,23889081,284829,703,0,1
C072110,6860278,82323336,3546993,42563916,128169645,122996771,114492633,784961,832,0,0
C072111,2278269,27339228,930761,11169132,146369971,57213147,51700590,332392,735,0,1
C072112,3339475,40073700,1319036,15828432,91699397,98819324,97465119,588925,717,0,0
C072113,2152488,25829856,1551697,18620364,42054371,39788393,24830806,89670,820,0,0
C072114,2728770,32745240,1593051,19116612,84990418,22530238,12064402,169604,835,0,0
C072115,11388670,136664040,2847168,34166016,525846815,85242377,82772277,1178839,750,0,0
C072116,4428929,53147148,2867983,34415796,153637066,90101941,74189481,584722,742,0,0
C072117,4809702,57716424,3306971,39683652,140060798,122773586,97988417,818478,694,0,0
C072118,8322130,99865560,6452692,77432304,315968733,118072816,64241128,368030,845,0,0
C072119,3954066,47448792,1836126,22033512,49651000,18334625,18334625,127586,843,0,0
C072120,1800000,21600000,921792,11061504,49421720,12721367,5223453,193679,857,0,0
C072121,2673659,32083908,1940988,23291856,156660666,29284705,17197798,268289,777,0,0
C072122,4729062,56748744,1322359,15868308,270004451,84216581,54292959,544680,860,0,0
C072123,2318555,27822660,1248140,14977680,57054497,74787092,69978464,620226,745,0,0
C072124,1991946,23903352,1007885,12094620,49335604,36278190,36278190,311358,809,1,0
C072125,2446418,29357016,1065166,12781992,104541292,10839295,10839295,253111,771,0,0
C072126,8022487,96269844,4022824,48273888,137394240,107791485,70308488,357490,950,0,0
C072127,3933577,47202924,2359334,28312008,156685519,14052597,12941411,202096,898,0,0
C072128,1800000,21600000,1003393,12040716,162779598,16648810,8866279,50000,853,0,0
C072129,4551079,54612948,2932674,35192088,147460415,85334210,76031498,663116,758,1,0
C072130,5631011,67572132,2784399,33412788,705988603,139743216,125867805,1225409,812,0,0
C072131,2558966,30707592,2019835,24238020,102935623,36833194,28829794,265016,802,0,0
C072132,4314232,51770784,2272207,27266484,285728337,19354207,17335489,211523,842,0,0
C072133,6213448,74561376,2075460,24905520,72292755,135779686,116871803,772651,813,0,0
C072134,6051540,72618480,4884951,58619412,184006418,74707833,40378308,863989,692,0,1
C072135,3529320,42351840,2163354,25960248,102083694,26311485,26311485,209446,732,0,0
C072136,3443881,41326572,1881510,22578120,578572008,40781200,24676283,425428,861,0,0
C072137,4088556,49062672,1711128,20533536,487060862,44006809,32160181,437175,791,0,0
C072138,5651370,67816440,2776873,33322476,64269928,81322173,37802213,180435,736,2,0
C072139,2966364,35596368,2096149,25153788,134077306,48928618,42707119,482003,771,0,0
C072140,3299554,39594648,1376144,16513728,309025285,33996901,16198327,101712,811,0,0
C072141,3393988,40727856,3177487,38129844,100104855,115991986,115991986,1017353,589,1,1
C072142,10018936,120227232,5275110,63301320,138538847,307447482,291917794,2219165,764,0,0
C072143,5255155,63061860,1868833,22425996,451285333,42748622,35310281,105103,835,0,0
C072144,2704987,32459844,1780161,21361932,39690506,34379090,28053991,519394,702,1,0
C072145,7522645,90271740,5691290,68295480,171879001,133582096,117298741,1693971,659,0,0
C072146,3641932,43703184,2396805,28761660,337440328,35913129,16768569,80711,897,0,0
C072147,8104747,97256964,4691311,56295732,235557810,138230590,89901037,421408,716,0,0
C072148,5857549,70290588,2122824,25473888,254163162,89354836,82879439,719783,732,0,0
C072149,2246916,26962992,1156677,13880124,204192554,45096605,27297161,163411,839,0,0
C072150,3196213,38354556,1454436,17453232,83219827,37532246,28110633,312867,815,0,0
C072151,5373978,64487736,1665877,19990524,216868386,48760514,46787138,575228,766,0,0
C072152,6505120,78061440,3070020,36840240,90366576,30168277,26659954,302567,815,0,0
C072153,7767207,93206484,4044609,48535308,858939400,121663177,92415645,800351,781,0,0
C072154,5207048,62484576,2783290,33399480,219547824,60531427,45293588,455272,827,0,0
C072155,4045404,48544848,3399251,40791012,103380375,14637220,14637220,157370,798,1,0
C072156,4223850,50686200,2705615,32467380,50937002,71623945,52476293,507070,816,0,0
C072157,4471211,53654532,2911185,34934220,106093628,96833380,57163356,928380,750,0,0
C072158,5064705,60776460,2967141,35605692,850870440,116580459,109598992,623821,827,0,0
C072159,3805616,45667392,2081370,24976440,275913418,36875370,17440490,112906,771,0,0
C072160,3533069,42396828,2287679,27452148,105938933,61524602,61524602,670777,827,0,0
C072161,5228994,62747928,2006937,24083244,272792799,132187877,99329580,857557,763,1,0
C072162,4746844,56962128,2932603,35191236,208407326,58806339,51768792,223829,803,1,0
C072163,4021417,48257004,2936569,35238828,70731035,39590999,27031928,282031,740,0,0
C072164,4852044,58224528,2519819,30237828,172885713,54286542,26940116,556410,759,0,0
C072165,5061101,60733212,2619722,31436664,282831126,63997968,63997968,237363,845,0,0
C072166,2761995,33143940,2189249,26270988,90790531,40743494,33194093,462942,712,0,0
C072167,5123772,61485264,3766047,45192564,860793696,83202669,53715580,416266,667,3,1
C072168,4121590,49459080,1960634,23527608,277208800,50082674,36962399,296862,773,0,0
C072169,6037296,72447552,3672869,44074428,589517898,93909529,86155572,876115,735,0,0
C072170,3781685,45380220,1953065,23436780,195013216,15071572,11048807,290877,950,0,0
C072171,7373133,88477596,4285937,51431244,233695958,128725985,85338410,1095384,794,1,0
C072172,8136755,97641060,2421539,29058468,134024887,57296664,57296664,714013,799,0,0
C072173,4629416,55552992,2110368,25324416,271527660,60454427,54120455,377129,788,0,0
C072174,1989306,23871672,1067250,12807000,34945629,7659064,7085574,50000,849,1,0
C072175,5074700,60896400,2419395,29032740,331088833,74176679,68607032,377005,950,0,0
C072176,4062210,48746520,3002101,36025212,168032918,163773708,163773708,1262339,678,0,1
C072177,2025163,24301956,1460486,17525832,160558428,44988684,36909640,302191,692,0,0
C072178,2348822,28185864,1328939,15947268,72356368,16716358,16716358,58675,809,0,0
C072179,6907648,82891776,2779681,33356172,186255182,75880456,63281156,1019887,777,0,0
C072180,5413062,64956744,2007319,24087828,385775590,33992105,22489130,352219,875,0,0
C072181,7855528,94266336,4293302,51519624,79941265,199558239,167709859,940870,707,0,0
C072182,3218136,38617632,1721098,20653176,144725414,24248563,19909561,355555,733,0,1
C072183,1800000,21600000,1154010,13848120,16387001,15019922,15019922,182795,870,0,0
C072184,2445194,29342328,722441,8669292,75537583,31503883,27445929,315406,757,0,0
C072185,3313857,39766284,2067423,24809076,296801168,39291775,39291775,253999,774,0,0
C072186,4003718,48044616,1623252,19479024,354685207,36783121,27804733,302565,765,0,0
C072187,4384507,52614084,3418821,41025852,121599410,49515074,39451537,375758,824,0,0
C072188,3209729,38516748,1527736,18332832,258015225,33049852,22381133,292758,848,0,0
C072189,3915925,46991100,1378998,16547976,128580626,42448643,23579450,239857,847,0,0
C072190,3675433,44105196,2820190,33842280,89131426,41192308,31193152,502189,754,0,0
C072191,2764749,33176988,1494337,17932044,58805125,27331271,18263740,161918,726,0,0
C072192,2283700,27404400,1307463,15689556,222376137,14656724,10826251,217088,786,0,0
C072193,6583459,79001508,3813520,45762240,129703505,44144513,42596936,177690,826,0,0
C072194,2818661,33823932,1772065,21264780,131219933,17712231,17372550,216051,725,0,0
C072195,2899918,34799016,1461569,17538828,68466979,102151014,76094162,761928,617,2,1
C072196,4164235,49970820,1097862,13174344,166386535,19284656,19284656,196549,855,0,0
C072197,11147378,133768536,4433445,53201340,286677120,135313570,87319838,901568,826,1,0
C072198,4517672,54212064,2637986,31655832,457516123,137791003,111758275,1282906,624,3,1
C072199,4991366,59896392,2862737,34352844,71399365,68384062,68384062,423508,829,0,0
C072200,2641325,31695900,1483880,17806560,152966938,41823269,41823269,277143,789,0,0
C072201,8424969,101099628,5564795,66777540,141145936,133917236,90511653,782722,837,0,0
C072202,4440865,53290380,3868147,46417764,607525453,48864277,42592283,623013,860,0,0
C072203,2471791,29661492,1656122,19873464,47124208,29284020,23288191,303019,816,1,0
C072204,2937763,35253156,2051193,24614316,251366110,13537548,13537548,143370,792,0,0
C072205,8680532,104166384,4645345,55744140,591513946,148741464,121572533,1702700,735,0,0
C072206,5679894,68158728,3720811,44649732,369224890,98008670,87825954,375594,850,0,0
C072207,6378049,76536588,3209535,38514420,478515634,84686222,66651952,682478,812,0,0
C072208,2160243,25922916,1358002,16296024,148634531,30942462,25085765,256528,781,0,1
C072209,3381358,40576296,2504270,30051240,93674927,37049345,15962921,486716,677,1,0
C072210,2567250,30807000,1779166,21349992,282104394,19944911,11605593,101111,726,0,0
C072211,4511451,54137412,3067247,36806964,600426348,63092670,49392553,325933,719,0,0
C072212,3093206,37118472,1887938,22655256,127857556,25373037,16325505,117163,736,0,0
C072213,4315882,51790584,1838283,22059396,725068176,56684494,56684494,608384,894,0,0
C072214,3174964,38099568,1695465,20345580,77044393,19099386,19099386,163859,796,0,0
C072215,3439274,41271288,1967970,23615640,365226579,107150881,68647516,566145,771,0,1
C072216,1800000,21600000,1277066,15324792,96914388,11018967,4183802,205438,737,0,0
C072217,1926457,23117484,1007362,12088344,156064059,15961150,14644450,252136,700,0,0
C072218,4879834,58558008,3556557,42678684,559362535,57540310,16946111,97597,756,0,0
C072219,2096843,25162116,1187329,14247948,352269624,7659707,4681336,131391,844,0,0
C072220,8511242,102134904,5765663,69187956,445259094,69427096,18815785,570318,770,0,1
C072221,4311636,51739632,2321313,27855756,123513519,97192858,97192858,726885,819,0,0
C072222,3280274,39363288,1820500,21846000,68871980,46732883,41187628,144059,739,0,1
C072223,4481655,53779860,2908999,34907988,107914546,23062904,23062904,417028,734,0,0
C072224,4621262,55455144,2400513,28806156,98043559,46915184,21115010,321854,822,0,0
C072225,3355290,40263480,2146276,25755312,50690289,26320342,18163490,212311,841,0,0
C072226,2092347,25108164,1190055,14280660,71607746,7520332,7520332,195396,753,0,0
C072227,5313814,63765768,3441788,41301456,395439342,58867532,41088269,345716,746,0,0
C072228,6737809,80853708,4213286,50559432,751859525,107882551,72170283,542498,747,0,1
C072229,5683695,68204340,3812198,45746376,228814379,93344433,72098755,717603,785,0,0
C072230,2802386,33628632,1316830,15801960,278323270,33076560,19431414,325308,777,0,0
C072231,4157050,49884600,2936157,35233884,432420306,11663190,11663190,365130,791,0,0
C072232,8399010,100788120,6204592,74455104,103906300,112038560,73691075,974169,800,0,0
C072233,10246789,122961468,3312420,39749040,785445003,103408734,83945732,1285926,810,0,0
C072234,3351139,40213668,2006425,24077100,416691622,43404526,31586932,314800,719,1,0
C072235,4904346,58852152,2203354,26440248,392637269,59061742,52233297,877915,906,0,0
C072236,6716986,80603832,2979742,35756904,235382195,169545798,150604689,1000400,786,0,0
C072237,2635947,31631364,1238784,14865408,205111873,52141325,42580981,303393,683,0,0
C072238,5869699,70436388,2908341,34900092,986109432,43090482,32726123,502664,820,0,0
C072239,2959919,35519028,2262288,27147456,81233436,38632645,29429972,310119,640,0,0
C072240,5195689,62348268,3014490,36173880,251680581,73686389,72847509,509561,753,0,0
C072241,3701555,44418660,2016455,24197460,60124265,59705146,48942852,397683,838,0,0
C072242,3242259,38907108,1913888,22966656,109821882,33458524,29775738,272931,718,0,0
C072243,2927902,35134824,1624470,19493640,168119649,34296315,21747087,414684,871,0,0
C072244,2459648,29515776,1613768,19365216,158719142,10921004,5238980,105151,782,0,0
C072245,1800000,21600000,651785,7821420,29240799,14774691,14774691,149456,770,0,0
C072246,5280702,63368424,2750511,33006132,164819480,64065650,42864873,404515,827,0,0
C072247,2093638,25123656,1358412,16300944,182827505,62555992,57937747,498302,714,1,0
C072248,3602665,43231980,900863,10810356,136150770,39449201,27365965,541645,721,0,0
C072249,7337377,88048524,3833881,46006572,1232679336,73657338,73657338,801529,815,0,0
C072250,7470031,89640372,5027593,60331116,370856801,90526377,57334042,249486,853,0,0
C072251,6255455,75065460,4223622,50683464,94169845,69544495,54409858,1115352,792,0,0
C072252,2110009,25320108,1522132,18265584,117261198,11931254,11931254,177518,647,1,0
C072253,5374561,64494732,3173677,38084124,111942846,75981486,75981486,808640,757,0,0
C072254,8344189,100130268,4760783,57129396,281743709,90976318,78023231,928392,859,0,0
C072255,7277985,87335820,5575960,66911520,139020095,79607247,71919268,436192,763,0,0
C072256,3362398,40348776,1365666,16387992,289200881,42033384,25444738,257828,804,0,0
C072257,1800000,21600000,904125,10849500,270269891,13831560,9869235,117205,803,0,0
C072258,3117374,37408488,1676761,20121132,215681475,11160269,7819763,108409,831,0,0
C072259,5182784,62193408,3391744,40700928,341529076,99679340,79373269,423080,728,0,0
C072260,2503360,30040320,2075217,24902604,87021442,35018055,13976459,81297,843,0,0
C072261,1800000,21600000,1188726,14264712,133358208,16633503,16633503,104775,827,0,0
C072262,4740791,56889492,2835948,34031376,331881107,61557830,42962159,360972,800,1,0
C072263,1987641,23851692,993004,11916048,141660157,13727438,13727438,155408,840,0,0
C072264,2829817,33957804,1399472,16793664,138226943,44962048,44962048,294298,829,0,0
C072265,8050712,96608544,4535005,54420060,149157720,44426382,28499247,961324,717,0,0
C072266,3469505,41634060,1561391,18736692,565546658,40859771,29174185,509773,901,0,0
C072267,3138972,37667664,1418527,17022324,134641370,15247991,15247991,115509,765,0,0
C072268,1800000,21600000,515248,6182976,302400000,10957199,6136413,50000,770,1,0
C072269,4605570,55266840,2375322,28503864,73662231,117772845,93188473,596405,775,0,0
C072270,7447969,89375628,5004973,60059676,97699768,155313761,112634056,833709,789,0,0
C072271,3645134,43741608,1003307,12039684,151151036,51506841,35494851,262849,687,0,0
C072272,5148381,61780572,3238115,38857380,317353778,27188553,15442492,787230,716,0,0
C072273,7835721,94028652,4515323,54183876,187401661,383281500,357176112,2360901,831,0,0
C072274,6427431,77129172,3520879,42250548,317485109,107725509,82622912,974559,753,0,0
C072275,3063576,36762912,1952277,23427324,170951491,24525823,24496847,106805,766,0,0
C072276,3524661,42295932,927589,11131068,104228119,68120759,60525431,542526,754,0,0
C072277,4720872,56650464,1469358,17632296,143514329,20951648,20951648,326360,782,0,0
C072278,4907777,58893324,3962279,47547348,301205776,82823035,64498019,947746,565,2,0
C072279,2038962,24467544,1280700,15368400,32490875,26517744,23748916,195302,754,0,0
C072280,2776837,33322044,1778491,21341892,101378300,49487654,31954735,508240,653,0,0
C072281,6924921,83099052,3300717,39608604,534268825,63441085,58519824,493144,910,0,0
C072282,4608957,55307484,2704309,32451708,347688380,48636267,33508754,242371,697,0,0
C072283,2607446,31289352,1098548,13182576,29317353,44855660,32059758,251237,780,0,0
C072284,12000000,144000000,6298527,75582324,313054171,147436755,143655708,1250295,821,0,0
C072285,2628083,31536996,1719868,20638416,304084880,13393542,13393542,243585,820,0,0
C072286,6013485,72161820,3692723,44312676,110716773,42418262,33421543,269237,865,0,0
C072287,3634972,43619664,1915534,22986408,156033252,13713941,9846372,365231,675,0,0
C072288,4114375,49372500,2353040,28236480,460672442,74778195,55119010,694655,830,0,0
C072289,2097868,25174416,590673,7088076,62837347,40393979,28298345,207900,700,0,0
C072290,3650581,43806972,2038653,24463836,84229453,22623888,11419484,291059,786,0,0
C072291,2341630,28099560,1645606,19747272,42234357,22023337,20478365,186523,783,0,0
C072292,4788811,57465732,2619424,31433088,210359849,50533512,46079273,659178,784,0,0
C072293,5420370,65044440,3433942,41207304,89098863,46797101,35405182,707218,740,0,1
C072294,2249825,26997900,1759130,21109560,169786060,67928016,57134165,457330,701,2,1
C072295,4282167,51386004,2024711,24296532,503651340,42605618,35877579,346055,849,0,0
C072296,4488673,53864076,2785313,33423756,90744728,35425260,33488206,138490,716,0,0
C072297,1880146,22561752,1373061,16476732,58916496,21566748,12573810,187823,687,1,0
C072298,5241537,62898444,3691933,44303196,380713790,62635276,55287017,702617,895,0,0
C072299,2655406,31864872,1711999,20543988,113349683,79634154,57716301,387862,749,0,0
C072300,5237895,62854740,4456843,53482116,361567543,36659601,36659601,284307,810,0,0
C072301,2442720,29312640,1237065,14844780,59891876,27753683,22616207,108930,817,0,0
C072302,4184145,50209740,2713684,32564208,78508603,64500517,34798698,363061,730,0,0
C072303,2215814,26589768,836683,10040196,152867847,34799517,29351879,267572,837,0,0
C072304,5160209,61922508,2727431,32729172,327675012,61853062,61853062,557816,809,0,0
C072305,6992030,83904360,3834393,46012716,322799444,390839519,377569620,2252236,812,0,0
C072306,5488349,65860188,3963489,47561868,149297345,42131837,42131837,352131,737,0,0
C072307,3945910,47350920,2019250,24231000,34120979,72120636,58560492,515017,818,0,0
C072308,2737643,32851716,2172601,26071212,56076289,28756939,28756939,348398,835,0,0
C072309,3453401,41440812,2346933,28163196,135008811,33939026,14082867,273803,712,0,0
C072310,7056255,84675060,5348798,64185576,157050222,228311347,203771359,1403139,651,2,0
C072311,3643101,43717212,1251771,15021252,184725563,67235782,47998764,517085,749,0,1
C072312,4655336,55864032,2427447,29129364,233165357,42973791,24972294,93107,795,0,0
C072313,3450858,41410296,1943894,23326728,242503867,77162970,74400202,517923,810,0,0
C072314,3989366,47872392,1760327,21123924,63354702,51858963,39474925,413807,745,0,0
C072315,2893902,34726824,1617244,19406928,109713508,44980489,29064177,194323,821,0,0
C072316,4522472,54269664,3787183,45446196,128706229,32454597,26877955,383493,810,0,0
C072317,7209787,86517444,4233239,50798868,567174665,111028047,111028047,963518,783,0,0
C072318,3174167,38090004,1988967,23867604,112804753,39015740,37662134,425009,695,0,0
C072319,7156794,85881528,4921487,59057844,216217262,36838198,29119729,370061,826,0,0
C072320,2763191,33158292,1721724,20660688,234799907,22838215,11260307,117783,751,0,0
C072321,3411339,40936068,2146271,25755252,330682852,119972517,109940540,864399,757,0,0
C072322,2516998,30203976,1171267,14055204,144575517,81464561,69785718,566792,735,1,0
C072323,2869393,34432716,1522695,18272340,94912557,18866443,15848619,287753,770,0,0
C072324,5607809,67293708,4060498,48725976,612258278,59167347,47286284,182010,846,0,0
C072325,7473155,89677860,4792661,57511932,525416301,122617713,79210002,1080293,746,0,0
C072326,3438336,41260032,2387077,28644924,127308604,21237303,12341028,68767,750,1,0
C072327,5914126,70969512,3374392,40492704,540156857,80446965,55601892,550476,745,0,0
C072328,7797468,93569616,4319576,51834912,499368286,35000642,35000642,155949,810,0,0
C072329,4305615,51667380,3229831,38757972,110317751,62316559,62316559,617820,827,0,0
C072330,8760229,105122748,4440067,53280804,201217061,72215725,47234131,691199,849,0,0
C072331,4937462,59249544,2735691,32828292,129558969,113959376,92992843,784539,711,0,1
C072332,2788302,33459624,1644116,19729392,119461010,16856719,4477365,55766,793,0,0
C072333,2994756,35937072,1224976,14699712,59165454,100058317,100058317,788892,651,0,1
C072334,2944178,35330136,1521471,18257652,61728903,44442049,30382311,235186,805,0,0
C072335,3047072,36564864,1772900,21274800,511908096,35774934,31850512,397028,787,0,0
C072336,3568480,42821760,2163536,25962432,89732502,71365449,58023128,514546,761,0,0
C072337,2626635,31519620,1171732,14060784,142559844,39654201,27016405,400150,796,0,0
C072338,4972397,59668764,2487512,29850144,226513402,204476753,179497441,1310943,690,0,0
C072339,2847399,34168788,820431,9845172,44521016,25937040,20523810,428021,798,0,0
C072340,6052410,72628920,3155614,37867368,700913674,92989493,63283603,566957,743,0,0
C072341,9363455,112361460,5061422,60737064,321787252,74432536,44930091,555983,810,0,0
C072342,3227697,38732364,1003809,12045708,471125254,65577906,45411837,617755,768,0,0
C072343,1955130,23461560,1577362,18928344,78502867,11121233,9285471,50000,852,0,0
C072344,2831118,33973416,1215682,14588184,179629233,23431516,16336281,56622,797,0,0
C072345,3722683,44672196,2453031,29436372,171767225,17272953,17272953,566798,766,0,0
C072346,3120634,37447608,1603674,19244088,41633095,36225596,31307378,133152,862,0,0
C072347,5411694,64940328,1885411,22624932,185398954,52837733,36059752,343901,739,0,0
C072348,4446491,53357892,2243347,26920164,698079653,105683950,90400899,550776,805,0,0
C072349,8390302,100683624,5813634,69763608,254729281,72794355,72794355,540602,733,0,0
C072350,4634679,55616148,2977213,35726556,517723100,162563416,147911599,876524,697,0,1
C072351,3926887,47122644,2957210,35486520,115203761,94047057,84773239,725489,714,0,1
C072352,10281418,123377016,5936073,71232876,605416768,105548949,73841789,734093,852,0,0
C072353,6230494,74765928,3088759,37065108,185600167,63000765,18527535,595210,884,0,0
C072354,5655667,67868004,3775498,45305976,74655845,116081341,63060888,502823,801,0,0
C072355,4946657,59359884,3817150,45805800,113844894,64832379,53166802,753854,788,1,1
C072356,3528736,42344832,2027862,24334344,72558355,26097067,22492845,351079,843,1,0
C072357,2908327,34899924,1548652,18583824,44486435,26186096,21196058,291735,784,0,0
C072358,3541677,42500124,2112729,25352748,421361074,34888242,29789520,273680,866,0,0
C072359,2506593,30079116,1259341,15112092,98269480,30516143,15778275,211794,648,0,0
C072360,2936598,35239176,1465651,17587812,305616111,53434713,41157965,187570,760,0,0
C072361,2091170,25094040,1760425,21125100,41281352,24564080,18112858,177561,750,0,0
C072362,11104139,133249668,8072210,96866520,341439952,170740258,93775299,844948,709,0,0
C072363,3920845,47050140,1985548,23826576,61011498,26541870,21995178,218369,884,0,0
C072364,3963295,47559540,2188515,26262180,366079356,13785517,13239331,426624,823,0,0
C072365,3778860,45346320,1527347,18328164,82191702,20618392,20618392,252557,771,0,0
C072366,3952511,47430132,2625541,31506492,62543340,30238225,21888432,157560,817,0,0
C072367,3952628,47431536,1746428,20957136,173879344,47701721,35507712,458905,750,0,0
C072368,4457984,53495808,3061215,36734580,396854712,65034066,58346825,553440,762,0,0
C072369,2736742,32840904,1052160,12625920,160888255,35906821,26620093,439178,751,1,0
C072370,3395870,40750440,2197117,26365404,121127277,23068003,22832225,123437,825,0,0
C072371,2898839,34786068,2039300,24471600,131428607,29385990,29385990,251557,806,0,0
C072372,3180237,38162844,1819704,21836448,124420989,93317568,88714914,435577,758,0,1
C072373,2118333,25419996,719011,8628132,99280396,45021057,41157701,256748,872,0,0
C072374,6228101,74737212,4156245,49874940,458530637,58294749,19026997,456767,712,0,0
C072375,1925021,23100252,801884,9622608,260561905,82262383,74629534,379828,677,1,0
C072376,2081924,24983088,1019354,12232248,128432553,26940130,16196628,224085,727,0,1
C072377,5643498,67721976,3811107,45733284,135003815,47193411,41532211,396692,873,0,0
C072378,1800000,21600000,1403265,16839180,35058007,27852947,27189357,198449,737,0,0
C072379,6851348,82216176,2862482,34349784,751342724,29576443,29576443,368895,801,0,0
C072380,7141365,85696380,5670650,68047800,529434582,138364328,129258294,1336393,632,0,1
C072381,3505711,42068532,1907715,22892580,278457890,72838603,60717254,557222,829,0,0
C072382,2151445,25817340,1363324,16359888,159987371,24344917,17468838,169842,815,0,0
C072383,1800000,21600000,1043465,12521580,55248380,22126395,16940702,213551,750,0,0
C072384,6301600,75619200,3427456,41129472,385050315,103950531,57651744,869312,852,0,0
C072385,5153997,61847964,3014575,36174900,153655439,55833483,32922970,500254,776,0,0
C072386,5244322,62931864,3380714,40568568,181868844,29585449,25692272,298506,861,0,0
C072387,5611465,67337580,4191783,50301396,767408294,150038499,102498274,1051184,730,0,0
C072388,2849181,34190172,1429685,17156220,45559345,56114367,49494312,310057,762,0,0
C072389,4387634,52651608,2026621,24319452,189968187,70994261,41838304,390028,769,0,0
C072390,4298606,51583272,3356085,40273020,160227718,110854998,103708688,726882,811,0,0
C072391,6318753,75825036,2363686,28364232,101800300,41470965,18137174,309551,841,0,0
C072392,3027877,36334524,2016316,24195792,508683336,64746656,62012932,748219,823,0,0
C072393,7086813,85041756,3880885,46570620,183037478,73067014,34976032,316134,781,0,0
C072394,9313995,111767940,6984692,83816304,292581661,126646889,100993091,398374,769,0,0
C072395,4208191,50498292,3417223,41006676,102672917,247591643,227242314,1706490,624,0,1
C072396,6104754,73257048,3562913,42754956,461012376,85259873,43704696,709115,795,0,0
C072397,5767054,69204648,3746934,44963208,476449133,118113355,101965334,905009,783,0,0
C072398,5605072,67260864,3491403,41896836,154896382,64874366,51788583,821011,811,0,0
C072399,2579060,30948720,761195,9134340,35908504,49519840,33839517,500711,752,0,0
C072400,3435414,41224968,1870553,22446636,193705489,49364126,35816437,409191,770,0,0
C072401,2503946,30047352,1704835,20458020,79415330,29143488,13798020,50079,818,0,0
C072402,5405408,64864896,3427767,41133204,405024729,66675887,52945612,660029,849,1,0
C072403,2022448,24269376,1313577,15762924,27066156,37330171,26244743,188806,751,0,0
C072404,8454804,101457648,3687168,44246016,239048805,72809895,61175015,411232,778,1,0
C072405,3141537,37698444,2082563,24990756,139322877,41008325,40826646,267444,750,0,0
C072406,10922894,131074728,6025231,72302772,237428168,252372547,252372547,1946252,728,0,0
C072407,2178610,26143320,1789526,21474312,109874336,26453509,12329231,356691,764,0,0
C072408,5304049,63648588,2840566,34086792,62609105,60926933,34799864,492414,716,0,0
C072409,2894678,34736136,1974076,23688912,122561006,34431095,29757636,69466,688,0,0
C072410,4217818,50613816,2512633,30151596,174911296,52082809,35404379,612673,790,0,0
C072411,6859688,82316256,2848634,34183608,270309043,101241459,62242475,561721,813,0,0
C072412,4614591,55375092,3497293,41967516,214228298,67174734,53595695,667366,668,0,0
C072413,5945750,71349000,4210486,50525832,231724143,45118010,28096889,124512,713,0,0
C072414,5974636,71695632,2592840,31114080,81713316,46880221,13770298,330619,818,0,0
C072415,5018454,60221448,2272367,27268404,843100272,29504465,23960783,522912,721,0,0
C072416,3519660,42235920,1880656,22567872,126727564,18903008,18903008,145161,817,0,0
C072417,3572357,42868284,1459648,17515776,34630996,22739589,13802731,179887,918,0,0
C072418,3309246,39710952,1224395,14692740,426897918,30715086,25780103,311225,806,0,0
C072419,7308699,87704388,4780933,57371196,364442380,46192672,18647332,995717,698,0,0
C072420,3249702,38996424,1950205,23402460,545949936,50650188,45339544,475705,804,0,0
C072421,2125093,25501116,1259710,15116520,34467470,67532027,62538239,422416,677,0,0
C072422,2722441,32669292,2066695,24800340,98418043,23353522,14977238,210162,703,0,1
C072423,2339535,28074420,1604532,19254384,238697198,17842698,6860610,83261,825,0,1
C072424,6618317,79419804,3419504,41034048,159806033,31238346,31238346,593918,800,0,0
C072425,3225533,38706396,1835189,22022268,73524368,68846507,68846507,534203,723,0,0
C072426,4626951,55523412,2373825,28485900,69395872,44826893,25805596,202749,805,0,0
C072427,5374440,64493280,3512268,42147216,458831716,44834909,44834909,107489,807,0,0
C072428,2410502,28926024,1048388,12580656,261041013,49273960,37634453,222722,711,0,0
C072429,3320077,39840924,2503453,30041436,61561291,44255929,20856482,403886,748,0,0
C072430,4477552,53730624,3406301,40875612,143993635,57349776,53089173,336516,840,0,0
C072431,7837744,94052928,5107470,61289640,874527212,82365572,82365572,1041442,690,0,0
C072432,4534979,54419748,3503715,42044580,284320469,94352833,72646456,579815,753,0,0
C072433,8766966,105203592,4048787,48585444,200951893,198810673,160218867,1005183,802,0,0
C072434,3090346,37084152,2371461,28457532,124711093,26518772,16350259,266018,778,0,0
C072435,3198519,38382228,2102492,25229904,369144035,35452869,20354083,252217,723,0,0
C072436,3209670,38516040,1436301,17235612,251683907,41629329,27199801,335829,782,0,0
C072437,2446049,29352588,988641,11863692,97782281,28891651,12630296,151969,732,0,0
C072438,3960299,47523588,3105130,37261560,112925110,30502389,23796868,319514,769,1,0
C072439,4661385,55936620,1894565,22734780,774962472,69102751,65500756,742094,771,0,0
C072440,3253963,39047556,2422709,29072508,223368722,42408722,39430056,98820,730,0,0
C072441,11888685,142664220,8622018,103464216,1181340066,202292420,130288796,1560140,707,0,0
C072442,3565892,42790704,2200087,26401044,295405970,44107902,22651841,331468,702,0,0
C072443,3623737,43484844,2322701,27872412,86184211,27527411,17754823,72475,789,1,0
C072444,1815143,21781716,1254308,15051696,85663891,32397460,25269858,277977,731,0,1
C072445,3424175,41090100,1604178,19250136,78110120,136470458,122244062,748164,839,0,0
C072446,6155028,73860336,4075124,48901488,702305634,33655163,18027687,524068,838,0,0
C072447,2296062,27552744,755986,9071832,10894272,11657585,4038815,50000,747,0,0
C072448,4858456,58301472,1349653,16195836,58975631,32717131,15410767,431089,906,0,0
C072449,5357485,64289820,3636178,43634136,900057480,78740264,60393765,616282,812,0,0
C072450,1800000,21600000,1334688,16016256,215065026,36892377,35553313,312940,655,1,1
C072451,9377278,112527336,6526631,78319572,361047239,138233511,90225889,1670742,659,0,0
C072452,5462885,65554620,2447927,29375124,178563369,24264083,24264083,276388,913,0,0
C072453,2320065,27840780,1289262,15471144,72047702,50910478,45240749,355639,851,0,0
C072454,6817173,81806076,1704293,20451516,163026422,35507245,33243369,534938,723,0,0
C072455,4365690,52388280,2172073,26064876,161306901,31381295,12998288,394573,904,0,0
C072456,4746744,56960928,3872133,46465596,200218376,48170637,48170637,94935,759,0,0
C072457,2639004,31668048,1512214,18146568,55440647,27115019,14923051,213165,793,0,0
C072458,6324319,75891828,4228203,50738436,296015159,57831963,57831963,316217,780,0,0
C072459,2337617,28051404,1610847,19330164,98444943,57289522,47090294,406224,788,0,0
C072460,2483373,29800476,2013378,24160536,56022711,30183402,24228933,170232,676,0,0
C072461,6119289,73431468,3925940,47111280,174991050,233477486,195149958,1273373,785,0,0
C072462,3046068,36552816,1566817,18801804,321281812,31173724,22795680,204962,751,0,0
C072463,3673800,44085600,2505492,30065904,156455221,53257441,46745726,134918,791,0,0
C072464,4172539,50070468,2755435,33065220,224244497,41635795,17757308,434392,810,0,0
C072465,5024833,60297996,1256208,15074496,199480868,37578542,28805058,393623,854,0,0
C072466,6986867,83842404,4267496,51209952,664702484,79439678,60131540,757747,777,0,1
C072467,5936440,71237280,3220492,38645904,81582570,62658607,26783245,118729,816,1,0
C072468,3915109,46981308,2268218,27218616,132357678,24927167,24927167,439753,761,0,0
C072469,4643470,55721640,1160868,13930416,45659683,57872571,39636592,419045,812,0,0
C072470,7943439,95321268,6222957,74675484,296905626,73484537,73484537,868680,760,0,0
C072471,8608757,103305084,5098289,61179468,736247779,159019950,111461309,719815,892,0,0
C072472,2402728,28832736,1322824,15873888,159880911,35401098,20237835,301195,824,0,0
C072473,3813990,45767880,2140239,25682868,71507590,24855212,24855212,203541,816,0,0
C072474,3519985,42239820,1814200,21770400,174451654,26031422,26031422,339589,791,1,0
C072475,5001019,60012228,2677390,32128680,204472417,52388483,35262126,100020,756,0,0
C072476,2681024,32172288,1583290,18999480,96921852,15744458,15744458,148547,856,0,0
C072477,4631025,55572300,3165279,37983348,171401965,79256253,71883152,473465,808,0,0
C072478,3039129,36469548,2155734,25868808,510573672,22548067,16754222,247563,718,0,0
C072479,3324186,39890232,1963437,23561244,331358312,22289611,22233649,294556,842,0,0
C072480,7934634,95215608,5885708,70628496,50554413,105307922,67382978,450676,765,0,0
C072481,4303634,51643608,3546922,42563064,179614909,108053631,97090637,762444,655,0,1
C072482,6634072,79608864,2179069,26148828,1058230726,129845993,112965515,921106,834,0,0
C072483,2838615,34063380,1706488,20477856,316623280,4742937,4742937,142547,723,0,0
C072484,2540309,30483708,1673140,20077680,93905943,12462061,9425290,59218,753,0,0
C072485,4463056,53556672,2381639,28579668,83227518,74971592,48728845,276830,708,2,0
C072486,4486918,53843016,2478708,29744496,170447223,79773697,63823992,681916,744,0,0
C072487,2710851,32530212,1737766,20853192,155139607,43611623,36832015,406213,785,0,0
C072488,4330664,51967968,2080224,24962688,130534314,70583233,20285137,212651,802,0,0
C072489,3052270,36627240,2263902,27166824,99643419,88162143,54850680,528134,719,1,0
C072490,6853711,82244532,1738226,20858712,376100185,68320552,51713786,501879,771,0,0
C072491,3756082,45072984,1943315,23319780,74849818,86321194,85778529,657970,713,0,1
C072492,3965694,47588328,2446193,29354316,108411654,29725545,11320507,416399,792,0,1
C072493,2351548,28218576,893283,10719396,34756219,25955636,12258698,221471,876,1,1
C072494,2756562,33078744,906342,10876104,306395375,41609113,28647807,348571,847,0,0
C072495,8036448,96437376,3099942,37199304,298735199,67735655,67735655,855103,810,0,0
C072496,4679803,56157636,2360878,28330536,98084330,43114892,21425163,404708,719,0,0
C072497,5852259,70227108,3434144,41209728,101925442,75486685,59502983,456921,763,0,0
C072498,3714095,44569140,2253681,27044172,134124711,38723727,35900349,562599,740,0,1
C072499,5316163,63793956,4659942,55919304,93105189,90542629,69993632,422296,783,0,0
C072500,4579592,54955104,2190595,26287140,269280372,80187794,71725000,514808,817,0,0
C072501,11462509,137550108,5980019,71760228,1548344709,75131436,49392708,310529,853,0,0
C072502,6397557,76770684,5525321,66303852,255064131,149469097,106404862,1041943,772,0,0
C072503,2058612,24703344,967976,11615712,158039642,55465188,39868611,230112,823,0,0
C072504,5218674,62624088,4004438,48053256,136477966,91060472,58112224,738019,673,2,0
C072505,7049007,84588084,2827445,33929340,293809492,86230590,74071993,899385,775,0,0
C072506,4559293,54711516,2820775,33849300,444462456,54417601,54417601,452417,727,0,0
C072507,3674072,44088864,2197755,26373060,52841891,41201325,26476718,301911,727,0,0
C072508,4089261,49071132,3134093,37609116,152361119,102645495,95196642,772807,812,0,0
C072509,5366184,64394208,2429960,29159520,103617035,164906070,152114310,963093,766,0,0
C072510,3144147,37729764,2416581,28998972,167507101,19177932,11602651,275009,802,0,0
C072511,5973186,71678232,3994699,47936388,106688267,46059750,34035663,460513,777,0,0
C072512,1852548,22230576,1356030,16272360,35371383,15726985,15726985,167432,825,0,0
C072513,3021541,36258492,2422536,29070432,85706736,98467260,83356939,801033,682,0,0
C072514,3016431,36197172,1719115,20629380,101982734,18186108,15443769,178468,725,1,0
C072515,2132676,25592112,1227917,14735004,102828325,16994973,8395839,176805,850,0,0
C072516,4091489,49097868,3307506,39690072,398885844,70750833,60589399,829714,628,0,1
C072517,4578144,54937728,3643211,43718532,492538530,115583831,92684451,419938,683,0,0
C072518,4961358,59536296,2424248,29090976,833508144,91371664,88355828,828185,728,1,0
C072519,6114313,73371756,3325394,39904728,286491911,82300200,78656751,631764,843,0,0
C072520,9890649,118687788,5124653,61495836,668351186,52337598,52337598,581877,795,0,0
C072521,3494128,41929536,1307956,15695472,143492575,30187526,17545073,178612,759,2,0
C072522,5121105,61453260,2114864,25378368,85683121,69005317,59921007,779047,850,0,0
C072523,4608343,55300116,3729461,44753532,110059937,43634146,37036570,374835,751,0,0
C072524,4797650,57571800,2581829,30981948,207788694,62049673,62049673,769872,733,0,0
C072525,2826242,33914904,1525646,18307752,16539068,29482858,25049300,165953,797,1,0
C072526,1800000,21600000,1047577,12570924,26624325,24604776,24604776,140216,808,0,0
C072527,3113254,37359048,1935667,23228004,281262366,31412742,31412742,342391,817,0,0
C072528,1871720,22460640,1112980,13355760,68723847,26769181,17392670,212411,808,0,0
C072529,7616403,91396836,4654216,55850592,107026902,119010405,72159133,761802,847,0,0
C072530,6095519,73146228,3267927,39215124,338522099,81548248,81548248,850729,822,0,0
C072531,3895200,46742400,2280339,27364068,172013530,36811138,18789725,164026,835,0,0
C072532,2796505,33558060,1602189,19226268,279974769,18370318,17247482,168075,730,0,0
C072533,2862551,34350612,1904181,22850172,52891048,52036347,37843281,361701,809,0,0
C072534,1800000,21600000,489126,5869512,17083722,7576128,7576128,118004,770,0,0
C072535,5265797,63189564,3014471,36173652,242496334,61815230,57514527,265920,824,0,0
C072536,3201883,38422596,2154674,25856088,72492301,63770811,45414231,122278,774,1,0
C072537,4128018,49536216,2267331,27207972,117235248,33849358,29662077,456219,695,0,0
C072538,3124067,37488804,3280270,39363240,113285391,33214719,8165097,220735,635,4,1
C072539,2513717,30164604,2070776,24849312,23765293,21618369,17956817,99232,810,0,0
C072540,9910007,118920084,7396239,88754868,396014009,60837145,36505389,413840,825,0,0
C072541,3970754,47649048,2187790,26253480,159716081,21119286,12450980,201834,861,0,0
C072542,4035578,48426936,1923606,23083272,348285768,95952259,83481394,839564,835,0,0
C072543,2513911,30166932,1467405,17608860,30227901,32719676,32719676,557581,787,0,0
C072544,3241148,38893776,1577597,18931164,147851997,30354259,18328793,249536,816,0,0
C072545,4729977,56759724,3433419,41201028,112522287,74781545,52618529,505328,675,0,0
C072546,4724735,56696820,2209399,26512788,173879807,24407262,24407262,353875,793,0,0
C072547,2084245,25010940,1590650,19087800,79156581,25655533,21194662,119973,788,0,0
C072548,3881415,46576980,1703889,20446668,371286624,25134768,21222688,390179,687,1,0
C072549,3090625,37087500,1504956,18059472,152849363,82712452,68457571,385916,697,1,1
C072550,7388643,88663716,3418545,41022540,812261007,243549754,207008787,1215539,725,0,0
C072551,3718453,44621436,2519692,30236304,111854040,16021917,14163270,244597,768,0,0
C072552,2888087,34657044,2090557,25086684,485198616,27042869,21858011,288929,828,0,0
C072553,2557781,30693372,1878431,22541172,127403677,82130009,77024665,643192,747,0,1
C072554,5497500,65970000,3336844,40042128,119801923,139020201,123780453,1046284,729,0,0
C072555,2877479,34529748,2276973,27323676,27532320,27784625,25305985,381178,828,0,0
C072556,7331902,87982824,3992840,47914080,448801158,178415183,165174005,753427,777,0,0
C072557,1800000,21600000,819200,9830400,25097134,56618131,39947865,286585,831,0,0
C072558,3750400,45004800,2723798,32685576,630067200,53983556,38200598,183944,747,0,0
C072559,2623803,31485636,2070646,24847752,75803098,50677177,48874337,506766,767,0,1
C072560,5198811,62385732,4172773,50073276,204115797,103657809,60147325,604602,817,0,0
C072561,3136691,37640292,2329332,27951984,232211591,54235098,52603712,390861,693,0,0
C072562,2716064,32592768,934231,11210772,215384587,15967384,12878533,135726,767,1,0
C072563,2690814,32289768,1094356,13132272,19205838,16662988,7705894,53816,845,0,0
C072564,8008489,96101868,5114353,61372236,473087577,85594059,60601692,475076,769,0,0
C072565,2636733,31640796,774760,9297120,61392160,28467718,25863428,249173,753,0,0
C072566,2596755,31161060,1470745,17648940,91606906,26275678,23869624,57636,715,0,0
C072567,7601287,91215444,3828845,45946140,408836691,38689101,36361811,630052,819,0,0
C072568,3698010,44376120,2662590,31951080,57285602,85339864,51401478,446470,732,0,0
C072569,2190744,26288928,1763687,21164244,60483170,32301656,16447778,123148,684,0,0
C072570,6186128,74233536,4149208,49790496,325706927,52066710,48841851,650582,768,0,0
C072571,2702135,32425620,2045079,24540948,76507236,45259064,29496556,321772,733,0,0
C072572,5569796,66837552,3326351,39916212,590325077,93717187,93717187,828779,707,0,0
C072573,5324575,63894900,3135253,37623036,272024474,41526871,41526871,724185,791,0,0
C072574,3844884,46138608,1699401,20392812,58812382,36438981,36438981,230058,864,0,0
C072575,2610590,31327080,1780935,21371220,131874104,32861345,27308570,485621,733,0,0
C072576,4199691,50396292,2493909,29926908,143085369,58777394,34442475,566996,685,2,1
C072577,2555999,30671988,1447126,17365512,229522806,26910299,19846124,243331,757,0,0
C072578,4733589,56803068,3141262,37695144,176154124,42590454,42590454,344994,799,0,0
C072579,5506266,66075192,3836270,46035240,97760487,124114381,124114381,1012471,742,0,1
C072580,3142700,37712400,1344423,16133076,155012216,134984305,126415468,929885,739,0,0
C072581,5288675,63464100,2338504,28062048,503452533,35900925,26194432,160056,784,0,0
C072582,2614075,31368900,1442496,17309952,86583439,34433995,31191344,431664,797,0,0
C072583,3314450,39773400,2386042,28632504,239377459,33219264,20071042,563933,790,0,0
C072584,4124410,49492920,2782106,33385272,192117781,46271976,20492834,194700,794,0,0
C072585,2750711,33008532,898734,10784808,46052736,14991093,14991093,441372,790,0,0
C072586,8082035,96984420,5052179,60626148,191502391,51352721,34650097,687771,729,0,1
C072587,3004168,36050016,1184533,14214396,138398054,39564830,23249592,430970,717,1,1
C072588,1963040,23556480,1272975,15275700,115619630,12627488,4791268,136847,772,0,0
C072589,2897801,34773612,1311998,15743976,76089802,27749098,27749098,185853,805,0,0
C072590,3193580,38322960,1264874,15178488,277767090,47497568,43346849,472158,842,0,0
C072591,4083249,48998988,2442200,29306400,225687147,54357749,50232442,163160,831,0,0
C072592,5906243,70874916,2884368,34612416,618972782,49955482,38580678,368209,699,0,0
C072593,6176392,74116704,5693997,68327964,316329702,53900040,30571802,714258,734,1,0
C072594,2561149,30733788,1306441,15677292,34649186,21175728,9416774,93007,777,0,0
C072595,3904565,46854780,2489476,29873712,188907855,57013651,29472071,380594,774,1,0
C072596,4039884,48478608,3087930,37055160,268186261,34737762,20823631,542107,711,0,0
C072597,5496428,65957136,3403920,40847040,923399904,72579787,72579787,962293,782,0,1
C072598,4995799,59949588,2436312,29235744,274732111,80753808,68507735,650521,876,0,0
C072599,3113674,37364088,859650,10315800,225989258,52037929,33421989,481661,800,0,0
C072600,3132187,37586244,1674467,20093604,142632712,185666525,169138098,1242215,709,0,0
C072601,1800000,21600000,999120,11989440,73054059,14466799,14466799,324118,812,0,0
C072602,2962421,35549052,1548551,18582612,91398635,68917453,53801739,304825,833,1,0
C072603,9151635,109819620,5810398,69724776,751363093,105535842,86122102,1147165,723,1,0
C072604,3251028,39012336,2357819,28293828,76336319,5449848,5449848,192437,717,0,0
C072605,3775230,45302760,2606343,31276116,255654020,39061572,32674980,392883,767,0,0
C072606,6049977,72599724,3406672,40880064,762732437,77381676,71551697,715081,813,0,1
C072607,7159856,85918272,4492358,53908296,103289998,69129494,69129494,817434,808,0,0
C072608,2160651,25927812,1351319,16215828,65716388,23643712,18253891,160808,862,0,0
C072609,7967562,95610744,4780082,57360984,234334065,201415956,169389583,1016460,789,0,0
C072610,9287323,111447876,3439781,41277372,171182965,194129928,180611741,1557338,884,0,0
C072611,1800000,21600000,1448433,17381196,132807512,48069528,36646522,201344,692,0,0
C072612,4306421,51677052,2367995,28415940,91351412,73029994,44783431,375387,810,0,0
C072613,2001783,24021396,1014344,12172128,94830709,41765161,35683467,341035,706,0,0
C072614,1965942,23591304,932529,11190348,135765024,38890877,30648326,331758,894,0,0
C072615,3481376,41776512,2636515,31638180,91813328,58205737,22946740,540113,734,0,0
C072616,4036405,48436860,1675959,20111508,57853050,20683758,16553892,410461,889,0,0
C072617,2036100,24433200,1122805,13473660,342064800,11170104,11170104,190874,786,0,0
C072618,4262480,51149760,3352858,40234296,194633918,26789647,6079885,224451,708,0,0
C072619,6009547,72114564,3016474,36197688,166647691,77897580,58092188,574851,683,0,0
C072620,1800000,21600000,1069403,12832836,44131931,43302119,39537945,284931,782,0,0
C072621,2928785,35145420,2388414,28660968,121173041,70124257,61447031,547894,645,2,1
C072622,1800000,21600000,891686,10700232,86077295,20438595,12025129,142726,796,0,0
C072623,4121835,49462020,2679632,32155584,453384985,61944847,36292717,399179,753,0,0
C072624,3050403,36604836,2172313,26067756,22487011,57452414,48227181,433019,740,0,0
C072625,3457464,41489568,1770784,21249408,109138759,75479832,68316223,571184,874,0,0
C072626,2781023,33372276,1996983,23963796,102861610,11832258,9536616,167688,792,0,0
C072627,5748913,68986956,3127272,37527264,218758764,19882000,19882000,551609,826,0,0
C072628,4582655,54991860,2925077,35100924,211186826,21245738,12204025,172378,700,0,0
C072629,2229992,26759904,1246498,14957976,374638656,27182145,20809355,200992,666,0,1
C072630,6544718,78536616,3176505,38118060,557048487,94113609,89805652,508235,804,0,0
C072631,2584390,31012680,2043474,24521688,137835900,20706024,18851395,289276,667,0,0
C072632,4604133,55249596,2714520,32574240,288734213,27758203,27758203,143171,752,0,1
C072633,4721583,56658996,3354951,40259412,131213952,29556950,29556950,216128,779,0,0
C072634,2315304,27783648,1379795,16557540,30744708,47325680,40928788,381936,754,0,0
C072635,3165067,37980804,2129172,25550064,141649246,67601368,48905085,682714,607,0,0
C072636,5996956,71963472,1499239,17990868,216876851,166861568,164780987,1332941,777,0,0
C072637,3907701,46892412,2076650,24919800,656493768,27701495,27300104,202246,823,0,0
C072638,4415917,52991004,2806256,33675072,275415131,58235856,42854062,502502,726,0,0
C072639,4346110,52153320,2285872,27430464,146790802,70612558,69043821,673142,790,0,0
C072640,5419006,65028072,3105401,37264812,382533598,56706279,31853102,260759,760,0,0
C072641,4648163,55777956,2955598,35467176,176219640,4686908,4686908,448805,780,0,0
C072642,2652710,31832520,1439446,17273352,89591663,38075254,36958821,479802,760,0,0
C072643,2981184,35774208,1530126,18361512,164670414,25671843,16791164,257552,803,0,0
C072644,5265823,63189876,3589043,43068516,46285909,55850340,55103354,178136,842,0,0
C072645,3136619,37639428,1470321,17643852,173925825,43195646,29624428,369384,813,0,0
C072646,4605236,55262832,2537435,30449220,168319989,152755223,113831501,1244494,680,0,0
C072647,2668654,32023848,1265960,15191520,67539378,37003820,24753380,90711,828,0,0
C072648,1800000,21600000,1079895,12958740,108497560,27431965,27431965,271510,847,1,1
C072649,3486352,41836224,1651017,19812204,133308360,29648570,18188241,69727,858,0,0
C072650,4783917,57407004,2703504,32442048,173735333,46606131,38327313,205559,728,0,0
C072651,6721367,80656404,1865035,22380420,201768018,29505618,29505618,690345,834,0,0
C072652,2425202,29102424,1327201,15926412,132813474,25839400,18594147,107079,797,0,0
C072653,4603202,55238424,3864741,46376892,306742683,95473038,80317105,665824,685,0,0
C072654,3789557,45474684,1965935,23591220,63840233,25535268,17251406,233937,850,0,0
C072655,4189611,50275332,2705529,32466348,115381095,47141796,14002713,418504,788,1,0
C072656,3696139,44353668,3177886,38134632,86813835,63082637,53464596,455315,851,0,0
C072657,4612990,55355880,2425136,29101632,229919878,91370518,72176236,501519,795,0,0
C072658,4578034,54936408,3879206,46550472,115911621,63526711,36548662,583712,746,0,1
C072659,5286743,63440916,3047985,36575820,107737326,97436957,74680780,564956,733,0,0
C072660,7269451,87233412,2214338,26572056,200930011,147075718,133132592,1013045,911,0,0
C072661,3390789,40689468,2366376,28396512,237087576,44039278,44039278,160642,829,0,0
C072662,1902732,22832784,1064128,12769536,155549033,14610171,10003334,200699,726,1,0
C072663,3404893,40858716,2630356,31564272,154683187,43241941,37099013,490054,776,0,0
C072664,2973087,35677044,1679137,20149644,64328781,22849213,10614856,184146,690,0,0
C072665,1961545,23538540,1275776,15309312,84030870,14793188,14793188,166687,913,0,0
C072666,4421905,53062860,1992489,23909868,79699421,50174597,21616715,88438,859,0,0
C072667,6220177,74642124,4503470,54041640,426471123,82500875,54239392,461371,749,0,0
C072668,5416334,64996008,3190755,38289060,62459465,244215555,221227092,1407448,777,0,1
C072669,1875413,22504956,680702,8168424,42240830,64518404,58178589,337682,773,0,0
C072670,3209261,38511132,1763826,21165912,384561839,15113331,10497133,250203,829,0,0
C072671,4528964,54347568,1894966,22739592,116329894,73566813,60200129,595828,780,0,0
C072672,4700057,56400684,3720761,44649132,299101996,72037604,67157528,511937,781,0,0
C072673,10560812,126729744,5501658,66019896,648137106,203052175,203052175,1143310,803,0,0
C072674,5573306,66879672,3630866,43570392,382863780,62026018,43249797,576751,679,1,0
C072675,3558640,42703680,1525611,18307332,230291892,45094576,23102852,554027,752,0,0
C072676,6246437,74957244,4489867,53878404,219738392,25293991,13396765,296020,686,4,0
C072677,6300945,75611340,3871655,46459860,209714344,99683579,59563010,448024,862,0,0
C072678,4448200,53378400,2964619,35575428,291832399,27195422,9747367,88964,772,0,0
C072679,2808570,33702840,1330193,15962316,471839760,23586650,13102202,214925,803,0,0
C072680,2543588,30523056,1373948,16487376,102206601,74776583,68497156,581981,812,0,0
C072681,4281178,51374136,3177304,38127648,174630333,76872865,59823951,655868,706,0,0
C072682,4327821,51933852,2227305,26727660,334814914,41753449,20411714,135191,761,0,1
C072683,5448122,65377464,4258310,51099720,782556898,74671015,74671015,454134,778,0,0
C072684,6021665,72259980,3946198,47354376,153770953,129755550,85623795,588186,877,0,0
C072685,5966900,71602800,3401191,40814292,349887647,70907283,54572755,683796,748,0,0
C072686,6781872,81382464,3754069,45048828,280075712,125111819,125111819,1125689,736,0,0
C072687,5132607,61591284,3425032,41100384,431367573,93100172,81973485,718573,752,0,0
C072688,3386908,40642896,1287808,15453696,370831599,25544301,13174092,190539,724,1,0
C072689,4232602,50791224,2800353,33604236,184116733,121022546,105579028,929549,687,0,0
C072690,5267117,63205404,3749108,44989296,669923342,38610585,35079279,434750,749,0,0
C072691,3847863,46174356,2139484,25673808,111830674,42212930,34946105,76957,852,0,0
C072692,3113607,37363284,1769539,21234468,111761788,41140144,35254428,211614,857,0,0
C072693,2164315,25971780,1641647,19699764,63735713,30537022,27064063,69465,797,0,0
C072694,4725650,56707800,2659125,31909500,187369458,45254326,31302125,422265,845,0,0
C072695,3057997,36695964,1677373,20128476,54928718,23850570,14536504,210747,766,0,0
C072696,1846130,22153560,732143,8785716,217613329,20942430,16687482,111498,827,0,0
C072697,3660925,43931100,2216576,26598912,142770139,67082154,66068919,658672,828,0,0
C072698,3266009,39192108,1386392,16636704,173000926,52862165,52862165,462349,868,0,0
C072699,1824431,21893172,1214676,14576112,122462271,8379987,5158769,123913,803,0,0
C072700,5429991,65159892,3734543,44814516,99057855,97616877,52420261,829394,677,1,0
C072701,3403230,40838760,1940585,23287020,217991197,13020936,11404283,139419,897,0,0
C072702,6104719,73256628,4372988,52475856,310488000,69027105,69027105,703129,756,0,0
C072703,3696168,44354016,1634371,19612452,155062573,30300460,18869139,296600,751,0,0
C072704,8559463,102713556,3845083,46140996,358925471,51195265,35786739,652960,856,0,0
C072705,2424321,29091852,1913696,22964352,407285928,56829892,48250566,439347,703,0,0
C072706,5115517,61386204,1564727,18776724,237905291,60717222,60717222,738572,829,0,0
C072707,7054813,84657756,3386014,40632168,315841256,68317630,51575704,175119,737,0,0
C072708,3792756,45513072,1494948,17939376,268832024,34493361,30422842,317721,812,0,0
C072709,2991009,35892108,1686192,20234304,45110518,30559516,30559516,316556,859,0,0
C072710,5026606,60319272,3647128,43765536,227127245,155302945,139605687,1031083,805,0,0
C072711,4271192,51254304,2755881,33070572,717560256,37277107,36151568,198545,900,0,0
C072712,6510539,78126468,4812839,57754068,803608122,55433901,49008535,566913,833,0,0
C072713,2546440,30557280,1314601,15775212,135914883,26232711,17248316,284842,856,0,0
C072714,3981868,47782416,1605554,19266648,149861792,54897980,41617590,188129,742,0,0
C072715,3004551,36054612,1140822,13689864,116929126,29831136,23141831,261660,791,0,0
C072716,4431797,53181564,3081084,36973008,147524815,30409598,20143347,231128,855,0,0
C072717,8616744,103400928,6541650,78499800,248212310,77715844,77715844,1218601,764,1,0
C072718,4244157,50929884,2184147,26209764,95496453,60807195,42313904,563340,753,0,0
C072719,1800000,21600000,910374,10924488,56863142,20885313,13934137,113068,736,0,0
C072720,6915963,82991556,4040001,48480012,158645190,118288179,53476052,615908,798,0,1
C072721,1800000,21600000,986230,11834760,109340472,83277079,80067975,580731,676,0,1
C072722,3934351,47212212,2725836,32710032,146545211,70156449,61178728,482068,849,0,0
C072723,3546457,42557484,2427376,29128512,207505569,65637895,41500549,305440,787,0,1
C072724,7727337,92728044,2710894,32530728,258378231,44073198,44073198,812846,810,0,0
C072725,2700982,32411784,1457861,17494332,86074951,31977764,29118822,215569,797,0,0
C072726,3297721,39572652,1967664,23611968,58839958,26007364,26007364,200749,792,0,0
C072727,3119616,37435392,1009470,12113640,212510142,17904847,16909032,265575,834,0,0
C072728,1918776,23025312,1261165,15133980,72949783,15436160,6656001,206697,781,0,0
C072729,1800000,21600000,1098836,13186032,54697516,31941821,27199970,277978,791,0,0
C072730,2753370,33040440,1654008,19848096,462566160,33621096,15164772,126869,865,0,0
C072731,7312638,87751656,4917881,59014572,125183457,157094320,83070591,932558,784,0,0
C072732,5783350,69400200,4076944,48923328,96670580,85171422,66006862,559171,840,0,0
C072733,1800000,21600000,1352100,16225200,182128832,23761683,21354704,257826,709,0,0
C072734,4682078,56184936,2784469,33413628,130997246,81356787,60363247,340828,732,0,0
C072735,3185920,38231040,1369027,16428324,194652036,32860730,22338531,200077,820,0,0
C072736,2327103,27925236,1236016,14832192,19039146,41729069,34838095,397632,716,0,0
C072737,4501114,54013368,1125279,13503348,461265551,101235835,100888880,673365,733,0,0
C072738,2952602,35431224,1904242,22850904,99418115,58074865,53171967,201294,809,0,0
C072739,4768914,57226968,1780972,21371664,204524768,54490569,31775203,95378,865,0,0
C072740,4396132,52753584,1251073,15012876,101112784,74055921,57191908,403003,797,0,0
C072741,3495057,41940684,923730,11084760,87577467,26464924,13944865,124242,837,0,0
C072742,3499949,41999388,1885268,22623216,89995750,36471382,33239894,190808,882,0,0
C072743,5715393,68584716,5447362,65368344,446027616,47832235,47636984,337581,741,0,1
C072744,4242123,50905476,2748468,32981616,131395770,27120344,23314775,394825,869,0,0
C072745,2440250,29283000,1731378,20776536,78159085,15414637,15414637,108941,794,0,0
C072746,3141693,37700316,2920141,35041692,38374617,71070760,46222699,236803,650,0,0
C072747,2770043,33240516,1833729,22004748,201708446,47336487,22557259,265568,723,0,0
C072748,5962747,71552964,2970923,35651076,128452167,60010351,45793330,589644,810,0,0
C072749,4020253,48243036,2149984,25799808,123912623,90301439,90188843,817667,718,0,0
C072750,5221035,62652420,3830720,45968640,290828902,107565713,98728283,874863,702,0,1
C072751,3358867,40306404,1694848,20338176,105278924,73539772,60091245,384707,763,0,0
C072752,3967465,47609580,1983729,23804748,196301919,10762666,10762666,449843,745,0,0
C072753,3155267,37863204,2105880,25270560,167446863,121055665,103380716,746707,703,0,0
C072754,2649468,31793616,1507928,18095136,99320115,46971108,39177085,323791,917,0,0
C072755,3422676,41072112,1559798,18717576,78621403,74923186,59007685,401524,730,1,0
C072756,5487024,65844288,2230504,26766048,455188971,26805188,12798245,283475,867,0,0
C072757,7708000,92496000,4191522,50298264,560705152,94445706,64488990,673131,843,0,0
C072758,5856662,70279944,4289520,51474240,256163860,27226951,26651667,369708,721,0,0
C072759,7929684,95156208,5774790,69297480,170407053,133910195,125821568,1208033,736,0,0
C072760,3917713,47012556,1964990,23579880,417447715,22401087,21024360,298309,783,0,0
C072761,3282753,39393036,1410519,16926228,286191167,49335242,33661671,280433,916,0,0
C072762,4351457,52217484,2927069,35124828,253479755,80128104,80128104,458368,832,0,0
C072763,4274442,51293304,2821501,33858012,153588751,115364476,95342822,485322,818,0,0
C072764,2046892,24562704,1417377,17008524,29976081,30340776,23090758,166521,758,0,0
C072765,4694024,56328288,3362564,40350768,449159303,42788168,11437834,195151,686,0,1
C072766,4023118,48277416,3225386,38704632,92795943,30350516,22518896,270860,813,0,0
C072767,2272804,27273648,1885482,22625784,67613736,34994938,27003529,342531,669,0,0
C072768,4694920,56339040,2257331,27087972,76764342,44130372,20458957,529842,773,0,0
C072769,3342929,40115148,2020779,24249348,118861985,77694466,72588720,447760,781,0,0
C072770,6563156,78757872,5291495,63497940,311689672,79463375,79463375,594621,858,0,0
C072771,5405981,64871772,2859489,34313868,165529009,34122229,34122229,240459,891,0,0
C072772,1800000,21600000,1117754,13413048,30505069,35331480,31827707,327442,771,0,0
C072773,3268007,39216084,885556,10626672,35848953,47168469,40003385,397316,862,0,0
C072774,1800000,21600000,908534,10902408,76315614,12731347,9917604,50000,774,0,0
C072775,3319500,39834000,2116311,25395732,78885235,28822612,27651622,337292,817,0,0
C072776,6193185,74318220,3295066,39540792,494633479,48675535,43345211,123864,891,0,0
C072777,4239832,50877984,2464579,29574948,109721852,185731863,183587459,949190,768,0,0
C072778,5784041,69408492,5078760,60945120,57888041,97594175,81198877,903683,682,1,0
C072779,3831151,45973812,1859137,22309644,108564356,18509864,18509864,144144,775,0,0
C072780,2845336,34144032,1671879,20062548,91149835,8624929,3743023,203052,737,0,0
C072781,4011071,48132852,2915912,34990944,73011928,143989267,136323688,1065716,687,0,0
C072782,3824641,45895692,2888948,34667376,156591818,106659789,96870177,873217,657,0,0
C072783,5947645,71371740,3340752,40089024,344595374,74897768,37864989,389737,908,0,0
C072784,5612034,67344408,2762881,33154572,125284731,106635638,72342999,588097,766,0,0
C072785,1800000,21600000,1037839,12454068,73154960,24257572,11763278,184187,769,0,0
C072786,8183409,98200908,4998586,59983032,370631725,53159245,17290316,545500,811,1,0
C072787,12000000,144000000,5827065,69924780,577911962,347801773,285713666,1042106,677,1,0
C072788,3716268,44595216,1797818,21573816,91196912,168029895,137995359,981521,769,0,0
C072789,3034657,36415884,1772030,21264360,123031215,49834685,29837540,404830,740,0,0
C072790,2767744,33212928,1616985,19403820,62292892,30245047,22839148,245058,736,0,0
C072791,3889682,46676184,2398530,28782360,74530036,48811949,25073198,413561,804,0,0
C072792,2219561,26634732,1645984,19751808,242416495,29452532,17226884,102386,859,0,0
C072793,3682483,44189796,1948074,23376888,352633015,83339123,81370650,812567,727,0,0
C072794,2058929,24707148,1163636,13963632,345900072,14102119,12808579,298442,801,0,0
C072795,4309318,51711816,3268635,39223620,285436531,65845736,52417755,440212,712,0,0
C072796,10285763,123429156,5073705,60884460,340717455,217077432,217077432,1800071,765,0,0
C072797,4348296,52179552,2941071,35292852,95163180,20131627,20131627,95491,813,0,0
C072798,7253629,87043548,5472916,65674992,177286089,148323521,126877669,1205713,699,0,0
C072799,6106284,73275408,3844380,46132560,242737216,73115248,49321704,294004,860,0,0
C072800,4750027,57000324,3168844,38026128,259453960,19897767,19897767,541558,784,0,0
C072801,4478201,53738412,2453943,29447316,128527560,50877380,34243120,198328,871,0,0
C072802,9863952,118367424,4127602,49531224,1397926305,307393226,191208302,1643988,751,0,0
C072803,3588202,43058424,2765499,33185988,194562185,36024996,33046910,552859,654,1,0
C072804,4070467,48845604,3633642,43603704,145556910,40826054,15518419,508045,786,0,0
C072805,5563102,66757224,3826476,45917712,843606666,35193214,17433038,464686,754,0,0
C072806,2491404,29896848,1417152,17005824,71109124,38884116,32159859,447443,771,0,0
C072807,4300409,51604908,3142220,37706640,18717659,65127916,51784872,477746,750,0,0
C072808,4643894,55726728,2624818,31497816,215116613,43474921,43474921,634320,773,0,0
C072809,2429802,29157624,972208,11666496,26804858,36286277,36286277,335146,718,0,0
C072810,3925785,47109420,1823847,21886164,82978407,69356889,46535658,393597,753,0,0
C072811,3129678,37556136,1526783,18321396,82579218,45995507,34817022,174261,733,0,0
C072812,6372958,76475496,4453365,53440380,161477158,86746166,86746166,708637,836,0,0
C072813,3080650,36967800,1832216,21986592,281669973,80583975,78053598,423702,742,0,0
C072814,4768076,57216912,2428657,29143884,316629609,43078982,10531237,336054,858,0,0
C072815,2744294,32931528,1280257,15363084,317093676,29652748,29652748,315476,779,0,0
C072816,4582273,54987276,2491208,29894496,160206748,105160691,87923156,346560,804,1,0
C072817,6597780,79173360,4457708,53492496,270225214,167835963,133562305,1318196,736,0,0
C072818,3709890,44518680,2639555,31674660,94442562,46177424,28691429,304721,801,0,0
C072819,3397991,40775892,2367797,28413564,81984455,38056938,34839954,101006,790,0,0
C072820,3819194,45830328,2766010,33192120,27422988,54153134,33255787,492380,768,0,0
C072821,5731913,68782956,3422227,41066724,119026570,53622750,53606711,370186,750,0,0
C072822,4066402,48796824,1881177,22574124,260285386,67279873,58568217,366714,809,0,0
C072823,4958896,59506752,2706769,32481228,179056380,53521138,21922484,207584,790,0,0
C072824,3975678,47708136,1737949,20855388,96008254,139546499,116360625,801024,753,0,0
C072825,2658780,31905360,1680152,20161824,68691106,12816544,12816544,290347,693,1,0
C072826,2829095,33949140,1998293,23979516,82336798,15456877,15456877,129406,848,0,0
C072827,4290336,51484032,2862495,34349940,187266484,55950854,46419215,278627,846,0,0
C072828,3250475,39005700,1140902,13690824,272905349,47071321,28204502,219751,842,0,0
C072829,3090849,37090188,1417229,17006748,57156450,18337640,10819502,238158,733,0,0
C072830,2666770,32001240,1238429,14861148,415297149,35533764,35533764,371328,803,0,0
C072831,3110555,37326660,2208730,26504760,147753935,15797981,15499712,194048,780,0,0
C072832,3330451,39965412,2057984,24695808,150036096,37071826,14322722,227932,820,0,0
C072833,2616281,31395372,1752602,21031224,243614139,30173132,30173132,52326,748,0,0
C072834,2822735,33872820,2145698,25748376,195585419,36289198,21009512,352889,701,2,1
C072835,2786081,33432972,696520,8358240,148011895,54907768,50289207,395876,773,0,0
C072836,3269178,39230136,1624906,19498872,120916288,46766208,42452841,190348,782,0,0
C072837,6377196,76526352,3870334,46444008,760828840,32417704,28376727,500723,803,0,0
C072838,1800000,21600000,1001270,12015240,42561206,31586504,26711085,124406,667,0,0
C072839,3525573,42306876,2534309,30411708,335903982,57737990,57737990,450250,753,0,0
C072840,3605835,43270020,2099648,25195776,75545490,108350763,104296682,610521,792,0,0
C072841,2636301,31635612,1321793,15861516,82840056,31566656,20066407,101203,757,0,0
C072842,5617225,67406700,3442680,41312160,289893383,202785963,183054865,1241893,861,0,0
C072843,2900810,34809720,725203,8702436,93783443,44630168,40934345,428367,805,0,0
C072844,3815626,45787512,2520354,30244248,103948141,98267825,98267825,805037,723,0,0
C072845,3183870,38206440,1358563,16302756,96749514,24356991,20255308,357627,774,0,0
C072846,2661230,31934760,1025050,12300600,440169410,29500860,11887842,314333,743,0,0
C072847,4752597,57031164,2591985,31103820,53034103,120316949,120316949,616447,830,1,0
C072848,5807275,69687300,2755115,33061380,117826236,147622479,125807033,1122295,732,0,0
C072849,3152055,37824660,1412468,16949616,32493070,31754261,26948824,428999,704,0,0
C072850,2868251,34419012,1523003,18276036,118243987,59790488,43223458,473709,750,0,0
C072851,7145275,85743300,3291001,39492012,365414960,50205401,31914566,142906,834,0,0
C072852,3200442,38405304,2167046,26004552,94631414,39746459,18037504,140115,799,0,0
C072853,4560268,54723216,3429860,41158320,766125024,51591557,49162010,403093,768,0,0
C072854,6944823,83337876,3879228,46550736,298177398,150142204,117212886,1071958,702,0,0
C072855,3980888,47770656,1987323,23847876,160620930,11264292,7145753,293483,794,0,0
C072856,5456451,65477412,2018472,24221664,114289100,72187985,70900111,605897,793,0,0
C072857,1941278,23295336,1187734,14252808,79940554,18571759,14326471,75089,800,0,0
C072858,1826333,21915996,1452427,17429124,9855340,30531167,23270467,225391,756,0,0
C072859,3782070,45384840,2071158,24853896,190485030,25247500,20860049,339786,869,0,0
C072860,4466674,53600088,3168104,38017248,85599075,44577152,38543319,241587,784,0,0
C072861,2206363,26476356,1527221,18326652,58291387,64364906,54937669,490666,684,0,0
C072862,5085861,61030332,3179048,38148576,210998929,64950117,36680473,469623,766,0,0
C072863,6237460,74849520,3251039,39012468,313113594,36630482,36630482,145988,806,0,0
C072864,4935552,59226624,2980067,35760804,316343024,154668151,125104495,959461,898,0,1
C072865,3710684,44528208,2396930,28763160,119078162,37815013,33154558,248219,819,0,0
C072866,2476017,29712204,661412,7936944,91718051,32471188,13085608,217350,822,0,0
C072867,6837790,82053480,3694907,44338884,232788877,204252105,186431217,1157452,773,0,0
C072868,4504434,54053208,2650483,31805796,101975448,88373420,80834951,477662,764,0,1
C072869,2555926,30671112,1724686,20696232,145244414,49590644,41325613,274107,808,0,0
C072870,3093972,37127664,2241786,26901432,229153597,28843689,22279742,307310,719,0,0
C072871,4245260,50943120,2043745,24524940,194657489,82051169,55576471,500930,725,0,1
C072872,2989411,35872932,2117419,25409028,458136021,43962934,30312107,445531,635,1,0
C072873,3603079,43236948,1566260,18795120,311043685,27503428,27503428,157280,871,0,0
C072874,3176804,38121648,1964946,23579352,268781843,39485683,39485683,466039,755,1,0
C072875,2549651,30595812,1063318,12759816,104285606,47432541,29502448,369703,813,0,0
C072876,4164889,49978668,2846853,34162236,214679650,20097611,14051890,319201,838,0,0
C072877,5576099,66913188,3496402,41956824,96098695,82051817,51531103,539973,737,0,0
C072878,4829959,57959508,3596343,43156116,83615339,128541222,118956224,1097262,754,0,0
C072879,6576669,78920028,3632178,43586136,461062964,79615904,37722662,640250,736,1,0
C072880,7169018,86028216,3560037,42720444,320835725,144012439,99332004,1155771,773,0,0
C072881,3179520,38154240,1194484,14333808,243978827,62141908,41296428,416881,708,0,0
C072882,6312114,75745368,4517865,54214380,228858991,79456501,72056952,482202,722,0,1
C072883,2888510,34662120,1758317,21099804,43943533,37381347,34570195,334787,744,0,0
C072884,4812273,57747276,3105894,37270728,216236902,63182250,63182250,377556,783,0,0
C072885,3469928,41639136,2390401,28684812,70314341,27589622,27589622,354306,723,0,0
C072886,3535162,42421944,1708451,20501412,183459152,41966892,32488246,529952,725,1,0
C072887,3938992,47267904,1627938,19535256,55745516,25268943,22253278,328756,761,1,0
C072888,5146933,61763196,2964559,35574708,251727775,33984630,30201081,611879,763,0,0
C072889,4994315,59931780,3320883,39850596,232903335,110427988,109617033,690108,694,1,0
C072890,6331972,75983664,3134745,37616940,259308288,79029667,50264922,962125,808,0,0
C072891,2227625,26731500,1771286,21255432,106786267,21921592,16220033,70707,741,0,0
C072892,4000842,48010104,2922287,35067444,90393940,63152076,44835798,661316,778,0,0
C072893,3489040,41868480,2128010,25536120,445785419,62954907,42662139,392986,738,0,0
C072894,1965815,23589780,1449451,17393412,210991346,87757633,81752424,602656,588,1,0
C072895,2447075,29364900,889428,10673136,78349679,30868158,22086465,228359,812,0,0
C072896,3822166,45865992,1770893,21250716,345344294,31896019,31896019,421376,819,0,0
C072897,7707195,92486340,2752699,33032388,489743708,154119257,114576658,499804,869,0,0
C072898,2389919,28679028,1203751,14445012,199498561,69445857,59091915,472966,658,1,1
C072899,3733949,44807388,1580029,18960348,93727724,41246602,28102057,368404,824,0,0
C072900,3520602,42247224,2453928,29447136,376565697,34362407,31761948,155128,786,0,0
C072901,4871029,58452348,3093140,37117680,339609945,93158608,73609472,716245,694,1,1
C072902,6975265,83703180,3547131,42565572,301922520,156468014,101791202,1001602,768,0,1
C072903,2138993,25667916,728106,8737272,100609442,48453980,43802702,309198,795,0,0
C072904,7250724,87008688,5121753,61461036,148591724,249855020,228264058,1192296,703,0,0
C072905,3447225,41366700,2051471,24617652,579133800,8844946,8844946,267258,761,0,0
C072906,4091636,49099632,2689298,32271576,163306388,44213146,28198985,242969,765,0,0
C072907,4665393,55984716,2823386,33880632,191558930,67243799,63743486,622129,710,0,0
C072908,3253562,39042744,1437613,17251356,73053430,34567599,21341373,124874,853,0,0
C072909,1894556,22734672,1403261,16839132,173644278,28533792,18869810,240625,830,0,0
C072910,3593816,43125792,1228453,14741436,115355550,17507169,8708564,273156,858,0,0
C072911,4388463,52661556,3272455,39269460,265158640,25687924,25687924,287475,880,0,0
C072912,7459850,89518200,3950078,47400936,277859911,133429224,112276149,576855,824,0,0
C072913,4143429,49721148,2640776,31689312,233828223,32830626,18973718,259451,740,1,0
C072914,3750999,45011988,3261306,39135672,126796088,43563814,23339402,225471,731,0,0
C072915,5573182,66878184,2853759,34245108,125516093,59606119,41439238,362057,802,0,1
C072916,2643476,31721712,1257899,15094788,112298382,42417300,38253674,212621,841,0,0
C072917,7420979,89051748,3756807,45081684,282940144,95322607,95322607,808748,746,0,0
C072918,3396926,40763112,1931636,23179632,246360584,24890160,11696955,232920,783,0,0
C072919,5261854,63142248,3019467,36233604,214737679,23274227,16169694,167021,822,0,0
C072920,5770398,69244776,2499994,29999928,200948092,46441764,35043645,115408,749,0,0
C072921,3116448,37397376,2088945,25067340,61368752,30691360,17076377,470197,784,0,0
C072922,11861497,142337964,8741345,104896140,237930856,148446000,128409307,1193742,847,0,0
C072923,2227609,26731308,843604,10123248,25531272,15188091,12836030,215424,727,0,0
C072924,5029253,60351036,4011996,48143952,189151004,117284372,99739284,513487,789,0,0
C072925,4142828,49713936,2745782,32949384,152066305,26352831,20677730,595942,727,1,1
C072926,2572173,30866076,1503831,18045972,67897139,31042033,16622236,211082,724,0,0
C072927,6931838,83182056,4981499,59777988,202249146,64638923,64638923,912032,740,0,0
C072928,4342936,52115232,2284019,27408228,225191964,67478093,29058043,273241,757,0,0
C072929,5561598,66739176,4543174,54518088,42006029,88815592,79294364,547502,700,1,0
C072930,3987850,47854200,2422291,29067492,229132758,81005173,66528275,485022,756,0,0
C072931,3389624,40675488,1508283,18099396,124999521,23845099,16527518,224337,860,1,0
C072932,9333203,111998436,6388332,76659984,290112791,128284824,121890744,1351294,770,1,0
C072933,4561558,54738696,2581496,30977952,194006201,53326246,34051100,732564,801,0,1
C072934,4239671,50876052,2583223,30998676,260999191,113043301,95993882,667805,794,0,0
C072935,2268077,27216924,1429367,17152404,117196324,23594819,13585192,164400,760,0,0
C072936,3715449,44585388,2566933,30803196,204519037,33851430,16982797,294071,782,0,0
C072937,10591076,127092912,6543860,78526320,221715182,111984673,66441287,520678,763,1,0
C072938,3098244,37178928,1262309,15147708,136908603,41439798,31483434,382141,754,0,0
C072939,4757475,57089700,2734315,32811780,225725272,190318637,181555183,1508316,773,0,1
C072940,4037302,48447624,2329206,27950472,83059005,16606104,15013212,248964,803,0,0
C072941,4813341,57760092,2787551,33450612,68929729,95767544,86466452,710276,749,0,0
C072942,2144220,25730640,1762375,21148500,178505491,56291844,51220391,346275,710,0,0
C072943,1800000,21600000,1232672,14792064,17404273,20024376,17246745,61260,863,0,0
C072944,3326115,39913380,2168949,26027388,266650718,35242207,16205215,165180,805,0,0
C072945,3391507,40698084,1312468,15749616,36593490,30351961,12987627,67830,880,0,0
C072946,4277380,51328560,1262397,15148764,145303906,50266554,50266554,440895,827,0,0
C072947,3901477,46817724,2430551,29166612,238890457,63804484,40378945,443431,755,1,0
C072948,3951141,47413692,2500044,30000528,59701590,73913607,56477088,529544,793,0,0
C072949,2394995,28739940,2021194,24254328,53781146,52484887,47608589,341566,776,0,0
C072950,2298129,27577548,1259918,15119016,84825440,24600141,10530765,113866,833,0,0
C072951,3725975,44711700,2325015,27900180,34064773,60510312,57765469,267655,830,0,0
C072952,2626163,31513956,1264633,15175596,176028923,18638840,11901101,263445,865,0,0
C072953,8523709,102284508,6718304,80619648,305413637,67976284,45879882,484092,805,0,0
C072954,3384603,40615236,1870422,22445064,122920914,29475618,7917520,133687,749,0,0
C072955,9861574,118338888,6839435,82073220,287590692,72098489,72098489,482563,802,0,0
C072956,5927271,71127252,4708958,56507496,195634025,22141804,22141804,247295,765,0,0
C072957,2398390,28780680,1537383,18448596,265477043,23773537,18385090,132348,769,1,0
C072958,2414722,28976664,2136553,25638636,286517046,55698446,45501840,297798,718,1,1
C072959,2846588,34159056,1492218,17906616,321438126,37743968,20971847,208641,838,0,0
C072960,7945911,95350932,6849396,82192752,580498824,84700242,61010183,454602,780,0,0
C072961,3241466,38897592,2092386,25108632,65211422,64971646,52199916,487798,672,0,0
C072962,2369227,28430724,1275293,15303516,243571160,29321794,23561922,238958,799,0,0
C072963,2616152,31393824,1674066,20088792,439513536,18940656,12619958,283394,777,0,0
C072964,3104262,37251144,1809218,21710616,83346467,14670737,14670737,124375,737,0,0
C072965,3170442,38045304,839163,10069956,87776857,46152192,34064033,301995,838,0,0
C072966,2446555,29358660,1189397,14272764,80372753,9303296,8299953,197545,771,0,0
C072967,3920022,47040264,2059442,24713304,170998875,29107994,10592341,403358,719,0,0
C072968,2057210,24686520,1081450,12977400,62459070,18428515,15652969,244978,730,0,0
C072969,3800036,45600432,2528564,30342768,151936721,53103473,51084246,489993,737,0,0
C072970,2859696,34316352,1198242,14378904,75400349,15284254,9055659,57194,803,0,0
C072971,2792295,33507540,1624154,19489848,82438007,72976977,55748057,432059,807,0,0
C072972,2470133,29641596,1763484,21161808,68779548,25498457,12897475,50000,765,0,0
C072973,2263858,27166296,1289132,15469584,35654650,23504943,18402041,65108,868,0,0
C072974,1800000,21600000,1618697,19424364,34800763,22245947,22245947,261798,690,0,0
C072975,5226367,62716404,2741356,32896272,374546505,151837529,142729390,734058,766,0,0
C072976,4418936,53027232,2716200,32594400,133481895,44250355,31023206,139563,934,0,0
C072977,3549321,42591852,2100451,25205412,136850523,137612021,131674543,766143,746,0,0
C072978,3165908,37990896,1639754,19677048,98976225,20614718,20614718,90382,768,0,0
C072979,3073399,36880788,1741294,20895528,306479468,100470537,78346613,714622,639,0,0
C072980,5723495,68681940,2275116,27301392,51503504,106485019,95318395,743159,757,0,0
C072981,3447173,41366076,2101544,25218528,74793119,25028560,13388547,68943,846,0,0
C072982,4940552,59286624,3241484,38897808,332670306,119524932,108524096,849351,781,0,0
C072983,7031685,84380220,2511232,30134784,428781426,94639932,94639932,433100,816,0,0
C072984,4481617,53779404,1871627,22459524,191599697,66363659,51234794,518481,841,0,0
C072985,3567924,42815088,2039050,24468600,83333833,15493674,13554479,146658,815,0,0
C072986,4520974,54251688,3143410,37720920,59638242,115067445,97264861,592216,775,0,0
C072987,6624044,79488528,3718560,44622720,269675264,60729652,60729652,690584,746,0,0
C072988,4054125,48649500,2877787,34533444,63840345,30327339,24285908,504796,950,0,0
C072989,6500580,78006960,3673378,44080536,133840721,62767018,48474022,519417,782,0,0
C072990,7774134,93289608,3941561,47298732,322728614,45711677,45711677,666264,844,0,0
C072991,3989644,47875728,1888187,22658244,256165392,46079612,41150599,380406,790,0,0
C072992,3456097,41473164,2049136,24589632,83633052,42984899,35771988,432292,711,0,0
C072993,4923571,59082852,3675034,44100408,260603292,98287889,88643620,740482,767,1,0
C072994,3622020,43464240,1351538,16218456,343994795,83868920,70141290,583951,836,0,0
C072995,6942973,83315676,3231756,38781072,253105083,87300888,57566509,256437,877,0,0
C072996,3171518,38058216,1907003,22884036,71440101,25994542,25994542,353164,755,0,0
C072997,4501287,54015444,2008289,24099468,80906698,50652219,33041032,234947,876,0,0
C072998,4722259,56667108,3189469,38273628,216318170,35978456,32713762,313261,690,0,0
C072999,9245350,110944200,4618667,55424004,89404175,118272506,84677135,987557,873,0,0
C073000,10763923,129167076,7325534,87906408,497021925,405591993,390987026,2824573,723,0,0
C073001,6216546,74598552,2112572,25350864,363063252,27682522,25592212,485852,901,0,0
C073002,2746651,32959812,1782142,21385704,130779334,18831343,18356626,192968,792,0,0
C073003,12000000,144000000,5006006,60072072,261318821,104578067,104578067,1281376,809,0,0
C073004,3084665,37015980,1730745,20768940,102604271,66475019,56375496,460886,706,0,0
C073005,6816977,81803724,5564480,66773760,221639166,31845272,19349831,706467,731,0,0
C073006,2512368,30148416,1361202,16334424,74565901,23193870,21331074,247176,792,0,0
C073007,11362827,136353924,8426802,101121624,434372231,59794951,46780713,1157321,645,0,0
C073008,3607223,43286676,1898350,22780200,79538197,74808371,67136696,345772,641,0,0
C073009,5198655,62383860,3332049,39984588,601265688,68854904,50794831,534244,826,0,0
C073010,3847185,46166220,1845821,22149852,350891063,45881709,28090475,255983,758,0,0
C073011,4967281,59607372,3211689,38540268,639921651,76884368,76884368,738799,637,0,0
C073012,2958021,35496252,2409117,28909404,211335079,45164149,20129306,337728,720,0,0
C073013,2729365,32752380,1823560,21882720,289718174,28669649,16790570,536462,670,0,0
C073014,2430052,29160624,1104127,13249524,51173826,29586584,19796679,343289,751,0,0
C073015,1800000,21600000,1320025,15840300,44499373,23323402,17089862,307039,735,0,0
C073016,3275310,39303720,1977630,23731560,210265152,70325899,60306572,499198,780,0,0
C073017,3762054,45144648,1958773,23505276,107748213,53167806,36044391,430057,835,0,0
C073018,1800000,21600000,1347180,16166160,62901259,14035090,10705841,139376,823,0,0
C073019,5398174,64778088,2539902,30478824,335148607,188226580,153339669,1143709,778,0,0
C073020,2530660,30367920,1590912,19090944,64127189,70433259,63619921,453436,700,0,0
C073021,5474740,65696880,3124058,37488696,207693559,103127365,88812689,488679,795,0,0
C073022,3083040,36996480,1120826,13449912,68394358,134301876,111273761,693268,731,0,0
C073023,4690400,56284800,1916263,22995156,192373229,74252595,47744932,396352,800,0,0
C073024,5393054,64716648,2525965,30311580,493145178,64365361,49295084,316000,789,0,0
C073025,4236758,50841096,2204367,26452404,325786843,26666099,26666099,296263,787,0,0
C073026,3380365,40564380,1487310,17847720,139752330,34206136,22822771,153772,695,0,0
C073027,6399696,76796352,3375629,40507548,594805723,125464104,111557374,581608,828,0,0
C073028,3902007,46824084,2516757,30201084,68744962,30166855,30166855,291756,715,0,0
C073029,4431979,53183748,2664312,31971744,162051880,87990343,81641950,674143,803,0,0
C073030,2406273,28875276,1475343,17704116,289470860,46111400,34065665,455624,629,0,1
C073031,4092777,49113324,3436842,41242104,98121742,43577475,36271853,356202,781,0,0
C073032,2521948,30263376,1516313,18195756,127720405,51674968,35007122,275761,803,0,0
C073033,4793982,57527784,3296989,39563868,206271512,78565498,42019289,184576,813,0,0
C073034,6061326,72735912,3972838,47674056,157001559,49702709,30347522,225915,804,0,0
C073035,2130355,25564260,1559213,18710556,57202127,22564653,20632178,124687,757,0,0
C073036,3920952,47051424,1651699,19820388,87468306,100211733,100211733,930262,728,0,0
C073037,2784871,33418452,1401788,16821456,224947270,23058095,17893933,115545,800,0,0
C073038,4737888,56854656,2116599,25399188,63229897,60299833,38008110,488804,813,0,0
C073039,6169325,74031900,3968034,47616408,166834402,60909489,49371301,954170,751,0,0
C073040,3532212,42386544,2197870,26374440,103984056,29992028,29992028,304682,851,0,0
C073041,6453174,77438088,3199087,38389044,147505980,121278744,95738337,348174,707,0,0
C073042,2785174,33422088,1214546,14574552,42128019,30367486,22427482,271840,781,0,0
C073043,5957335,71488020,3855606,46267272,269808190,32647224,32647224,522820,778,0,0
C073044,8714366,104572392,4930963,59171556,251375761,184403528,170318604,1213184,784,0,0
C073045,5674271,68091252,2338744,28064928,229736915,21812648,21812648,620863,837,1,0
C073046,2659100,31909200,1650921,19811052,184131811,8035131,8035131,95692,839,0,0
C073047,4168562,50022744,2824728,33896736,146846859,93349366,85051775,555148,770,0,0
C073048,4132859,49594308,2472861,29674332,298478522,85731215,83395522,631315,824,0,0
C073049,2447383,29368596,1132480,13589760,52890091,50982766,31290742,232460,792,0,0
C073050,8396402,100756824,2389817,28677804,599931452,125528544,78210289,700804,842,0,0
C073051,4804826,57657912,2322583,27870996,122488869,105712733,83593277,732223,713,0,0
C073052,10418769,125025228,5188696,62264352,519744431,249163668,215174908,1103400,694,0,0
C073053,6984868,83818416,6537614,78451368,202151643,127500566,117025504,804561,735,0,0
C073054,7235812,86829744,4931957,59183484,493269098,57705847,57705847,598898,907,0,0
C073055,4171870,50062440,2453361,29440332,59000940,46775595,37930724,608859,851,0,0
C073056,5409208,64910496,3114312,37371744,49703658,90556003,77065537,662156,631,2,0
C073057,2843799,34125588,1472180,17666160,145758926,35649401,30864971,213485,776,0,0
C073058,3765543,45186516,2244384,26932608,291531666,10228598,8493036,182789,857,0,0
C073059,3882610,46591320,1919112,23029344,134140866,64276340,45698883,379210,768,0,0
C073060,4840391,58084692,2923963,35087556,173757502,27686939,18623039,308554,746,0,0
C073061,5069403,60832836,3861736,46340832,43996455,80467651,63477936,388370,813,0,0
C073062,4386551,52638612,1900676,22808112,732866977,16170460,16170460,87731,908,1,0
C073063,3592720,43112640,2093787,25125444,46650836,37868286,22680984,441538,709,0,0
C073064,6092461,73109532,3131830,37581960,327462435,24357143,24357143,133484,866,0,0
C073065,3678742,44144904,2550801,30609612,313365913,34763821,22692063,116467,727,0,0
C073066,2424239,29090868,1630259,19563108,110544916,18467787,12975004,99357,872,0,0
C073067,5364009,64368108,2189195,26270340,254226588,59911907,39644349,323805,811,0,0
C073068,3726961,44723532,1820934,21851208,250538440,6117576,6117576,120148,758,0,0
C073069,3938615,47263380,2087415,25048980,103759891,18080131,17310168,167351,829,0,0
C073070,5431256,65175072,2046361,24556332,311213300,38828998,38828998,453400,798,0,0
C073071,7228709,86744508,3849068,46188816,418351527,98747084,67819221,671812,851,0,0
C073072,9121348,109456176,5897614,70771368,504467729,103625235,72143842,296381,659,0,1
C073073,2057453,24689436,1150572,13806864,32430741,38516633,23384941,348977,890,0,0
C073074,1800000,21600000,919942,11039304,201426007,25530146,24758042,237798,748,0,0
C073075,3910677,46928124,2661443,31937316,116221182,62076122,51347663,208657,794,0,0
C073076,4918762,59025144,2643765,31725180,185929776,31292837,19022831,299573,799,0,0
C073077,7815759,93789108,3190847,38290164,64345792,238111450,234053580,1667026,825,0,0
C073078,5837074,70044888,3527829,42333948,168810312,57638467,34794879,567997,766,0,0
C073079,2949935,35399220,737484,8849808,47746381,57821424,45484723,373611,753,0,0
C073080,3019831,36237972,2927446,35129352,121182406,46881993,28797971,383484,756,0,0
C073081,2019551,24234612,1477719,17732628,58704588,25575857,18636389,80348,699,0,0
C073082,6963657,83563884,4269058,51228696,910341005,25206588,23858516,344990,708,0,0
C073083,3061350,36736200,1781831,21381972,89832061,24888101,10798060,216110,750,1,0
C073084,5517743,66212916,3787474,45449688,127275959,180662266,126574809,1260972,632,3,1
C073085,3526643,42319716,3199945,38399340,109527915,31862222,31862222,323023,711,0,0
C073086,7537551,90450612,4068696,48824352,75235652,77559584,55452485,422459,764,0,0
C073087,3815422,45785064,1396553,16758636,238861280,17129927,17129927,152513,723,0,0
C073088,3756144,45073728,951166,11413992,125156365,42946260,12249869,75123,841,0,0
C073089,3606150,43273800,2397402,28768824,80325014,91668563,71703454,381338,742,0,0
C073090,3085791,37029492,2535962,30431544,17065959,44193952,42973539,269293,805,0,0
C073091,3253302,39039624,1812671,21752052,142190910,26295314,16413006,143671,848,0,0
C073092,7974375,95692500,4408565,52902780,179529061,123585341,77292618,664590,750,0,0
C073093,3029569,36354828,1425921,17111052,92022373,39240443,25434118,421296,863,0,0
C073094,5356017,64272204,3682767,44193204,368795127,33108619,20297322,139350,763,0,0
C073095,3995100,47941200,2409926,28919112,98383085,77358396,77358396,555811,736,0,0
C073096,4647925,55775100,2359276,28311312,368447795,47988568,29008512,436640,783,0,0
C073097,1800000,21600000,815202,9782424,93004231,26396860,23062312,137750,764,0,0
C073098,3640787,43689444,1032008,12384096,109966867,14991775,12080902,173611,901,0,0
C073099,2314933,27779196,1766215,21194580,388908744,8842232,8842232,281087,819,0,0
C073100,5272109,63265308,2053391,24640692,824953162,43054999,32710027,119153,751,1,0
C073101,6040979,72491748,2203396,26440752,219301659,22519663,22519663,191702,866,0,0
C073102,8413860,100966320,4665908,55990896,1413528480,53030459,45011163,592829,830,0,0
C073103,2816649,33799788,1365203,16382436,42977833,19451208,12247632,123047,772,0,0
C073104,3977022,47724264,2342208,28106496,240465142,17942041,17942041,314623,834,0,0
C073105,3982641,47791692,2881621,34579452,148769201,18041464,18041464,79653,767,0,0
C073106,4798599,57583188,3000440,36005280,139633687,38725221,31605536,476478,829,0,0
C073107,3079900,36958800,2077971,24935652,97737916,22615238,11901053,166097,792,0,0
C073108,5886492,70637904,3325124,39901488,72823523,60619816,57709942,696316,789,0,0
C073109,6382986,76595832,3379250,40551000,283689220,67967478,46924608,1164981,758,0,1
C073110,2170744,26048928,865170,10382040,60349427,14179145,12185029,232446,782,0,0
C073111,4886791,58641492,2744432,32933184,159586759,72415836,26390146,239016,861,0,0
C073112,2986381,35836572,1667806,20013672,84235616,60025515,60025515,651747,735,1,0
C073113,5003418,60041016,4241666,50899992,185925234,65536255,65536255,679261,902,0,0
C073114,7642486,91709832,5554828,66657936,260847358,91333978,56912801,636108,784,0,0
C073115,5881950,70583400,3622148,43465776,168216097,55252424,55252424,733690,776,1,0
C073116,6113928,73367136,2774359,33292308,200923888,111514834,97331725,1042886,721,0,0
C073117,3934971,47219652,1659195,19910340,147057410,75481132,47017667,456785,727,0,0
C073118,5620788,67449456,4003164,48037968,374760946,69896877,25909599,528208,687,1,0
C073119,3174633,38095596,1745397,20944764,161230427,39656979,23188547,246224,853,0,0
C073120,1800000,21600000,701689,8420268,41484770,9371262,9371262,252410,918,0,0
C073121,3915003,46980036,2287695,27452340,118675685,192804713,178179054,1334196,600,2,1
C073122,7958052,95496624,4384876,52618512,249006081,59853469,59853469,159161,816,0,0
C073123,3194540,38334480,2034889,24418668,76879737,60397874,44742460,353208,730,0,0
C073124,3546056,42552672,1549684,18596208,127454557,39534156,21993272,313046,859,0,0
C073125,5868044,70416528,3908174,46898088,451399459,70385597,54779939,592478,785,0,0
C073126,4879518,58554216,3535436,42425232,167434037,47475339,47475339,217560,793,0,0
C073127,9115391,109384692,3776692,45320304,152642397,138362994,108011706,768730,774,0,0
C073128,4552795,54633540,2229112,26749344,145086907,78451385,57085273,888223,791,0,0
C073129,12000000,144000000,6869577,82434924,545755780,97871024,27413286,959641,804,0,0
C073130,5721667,68660004,2892343,34708116,126755538,39996288,36525091,625914,867,0,0
C073131,1800000,21600000,923900,11086800,69981316,25304077,25304077,244836,886,0,0
C073132,3354329,40251948,1943769,23325228,83414300,17162520,14314256,193211,947,0,0
C073133,2382280,28587360,1707406,20488872,70978809,110032105,106803037,805558,680,0,0
C073134,3163863,37966356,1826899,21922788,63827192,26698334,24421278,296165,798,0,0
C073135,3684219,44210628,1936486,23237832,318354903,82676951,78458233,681147,655,0,0
C073136,5095024,61140288,2399003,28788036,178036232,81815691,72450810,278566,841,0,0
C073137,5794512,69534144,2222121,26665452,386525753,155569764,150896910,1309547,813,0,0
C073138,5873790,70485480,3921530,47058360,150481664,16224936,16224936,317521,841,0,0
C073139,2241071,26892852,1600912,19210944,192410740,33127985,31954181,201031,714,0,1
C073140,2285941,27431292,1236033,14832396,35344299,25559889,25559889,251259,795,0,0
C073141,2898820,34785840,1634734,19616808,72053944,88608808,65282839,732937,708,1,0
C073142,4288376,51460512,2118513,25422156,50054143,69742368,54316199,659448,760,0,0
C073143,2918960,35027520,2533396,30400752,349231181,64260140,61081440,399154,686,0,0
C073144,4834138,58009656,2585434,31025208,281483986,14521677,14521677,514871,811,0,0
C073145,5212038,62544456,3347808,40173696,98507814,215761589,175147665,1321700,710,1,0
C073146,4518860,54226320,2072950,24875400,759168480,132745757,112351673,866859,832,0,0
C073147,5526375,66316500,3345945,40151340,556211626,47790415,40513688,597673,850,0,0
C073148,1800000,21600000,744882,8938584,177722438,25258721,25258721,250891,780,0,0
C073149,3658301,43899612,2171665,26059980,185970867,72044691,51521520,467586,835,0,0
C073150,2333331,27999972,1555468,18665616,21461079,51416820,38500619,346010,711,0,1
C073151,1800000,21600000,1004503,12054036,150435333,12843746,10381524,75399,869,0,0
C073152,6222323,74667876,3037825,36453900,525083212,178601422,160055669,1129577,769,0,0
C073153,3899391,46792692,1692532,20310384,174404135,76435904,76435904,574445,731,0,0
C073154,4145937,49751244,2702558,32430696,126507361,102537248,68689038,924564,630,0,1
C073155,4196160,50353920,2487743,29852916,142843433,78909360,75827982,614168,727,0,0
C073156,4608359,55300308,2288099,27457188,139029262,72599846,47695890,434474,787,0,0
C073157,3615120,43381440,2180536,26166432,62997313,25726500,18292931,432336,722,1,0
C073158,4902768,58833216,3123213,37478556,81244928,101107418,89302576,856893,730,0,0
C073159,4234301,50811612,2429672,29156064,15243484,67826826,63698466,745129,825,0,0
C073160,8499033,101988396,3059353,36712236,143486670,202292091,157130801,561904,769,0,0
C073161,3284214,39410568,1912864,22954368,293063120,31015054,22032404,284667,775,0,0
C073162,5556237,66674844,2925188,35102256,106842730,27409519,12253248,111125,804,0,0
C073163,3046405,36556860,1505230,18062760,320614904,25694674,21676871,281693,788,0,0
C073164,6884957,82619484,3784249,45410988,227737100,81397482,58814641,816632,790,1,0
C073165,6281011,75372132,1835520,22026240,862033479,34769490,20112598,374704,736,0,0
C073166,2188124,26257488,1444762,17337144,116180727,25498197,13275780,256773,819,0,0
C073167,8109148,97309776,5070477,60845724,268541236,49255097,45429431,162183,895,0,0
C073168,6585536,79026432,4907773,58893276,776236569,181154849,174876443,1497939,743,0,0
C073169,4096911,49162932,2690179,32282148,90378048,49274303,31388111,529847,767,1,0
C073170,4040175,48482100,2834655,34015860,320035456,90953317,77300824,654033,823,0,0
C073171,2991563,35898756,2055617,24667404,75751702,63246807,50952925,537310,668,0,1
C073172,9039030,108468360,6323168,75878016,724439011,199769285,164488042,1301604,647,0,1
C073173,2688579,32262948,672145,8065740,74942347,27418792,22040064,176743,885,0,0
C073174,6024275,72291300,2003310,24039720,46613269,91143592,69368189,627861,758,0,0
C073175,3280518,39366216,1806704,21680448,210193066,62850366,48255557,402245,790,0,0
C073176,6073578,72882936,2906430,34877160,415109194,58882802,52748151,721486,725,0,0
C073177,4256872,51082464,2630776,31569312,267601988,40820095,21624623,320655,738,0,0
C073178,1800000,21600000,1115725,13388700,44653197,14986620,12098738,302670,677,0,0
C073179,6155289,73863468,4758940,57107280,116864097,286594118,261912920,2140748,678,0,0
C073180,3318863,39826356,2184387,26212644,205573426,67789456,50756206,277693,746,0,0
C073181,4847967,58175604,3791466,45497592,814458456,30661381,24428670,489871,751,0,0
C073182,5318061,63816732,2889936,34679232,266764049,68886130,53177988,810455,704,0,0
C073183,7096681,85160172,6047461,72569532,560396750,51733320,43067051,284576,832,0,0
C073184,2582678,30992136,1805410,21664920,33081234,26292482,20547304,262339,735,0,0
C073185,3260091,39121092,3423096,41077152,239997499,56492524,43929207,441639,703,0,0
C073186,4944260,59331120,2328378,27940536,99774026,72896833,46888721,383950,847,0,0
C073187,2243749,26924988,1324179,15890148,70759446,37258670,26013378,243851,852,0,0
C073188,2572585,30871020,1674832,20097984,61785080,43558049,43285035,300865,840,0,0
C073189,2400637,28807644,1711385,20536620,107901428,20320193,19481643,264198,788,1,0
C073190,2765784,33189408,1089512,13074144,150638537,63351678,35965250,446479,706,0,0
C073191,5782111,69385332,3937017,47244204,971394648,148009160,137493576,779058,695,1,1
C073192,3556466,42677592,2140263,25683156,359455134,44952046,32119605,177382,725,0,0
C073193,3358586,40303032,1449380,17392560,153405381,34700891,23312199,200189,792,0,0
C073194,3203163,38437956,1969554,23634648,97329977,46659709,28650669,128446,773,0,0
C073195,3265731,39188772,1859288,22311456,53505588,37577842,37577842,65315,787,0,0
C073196,1862976,22355712,1078366,12940392,312979968,26772907,18063544,157011,773,0,0
C073197,5996632,71959584,2756668,33080016,383320466,81165727,54468880,268077,771,0,0
C073198,4834070,58008840,2241194,26894328,202816277,37778098,37778098,96681,801,0,1
C073199,3574120,42889440,2695023,32340276,26825524,41369477,31649182,306275,810,0,0
C073200,7193988,86327856,5943251,71319012,524614711,58013144,58013144,579325,734,0,0
C073201,3498564,41982768,1968367,23620404,37917275,41190594,17142996,69971,817,0,0
C073202,5800762,69609144,3062091,36745092,307875381,59747812,54889106,719317,760,0,1
C073203,4317397,51808764,1853566,22242792,127818853,61299850,26804643,355793,749,0,0
C073204,12000000,144000000,9576776,114921312,1780860569,413572627,350562943,2980266,778,1,1
C073205,2067883,24814596,809830,9717960,68187678,6945619,5693776,94545,792,0,0
C073206,4670316,56043792,2952789,35433468,53624631,36258635,36258635,356123,843,2,0
C073207,4375495,52505940,2717099,32605188,677596021,56778721,39967929,171416,834,0,0
C073208,3470948,41651376,1908261,22899132,188456235,45569578,33080229,455408,673,1,0
C073209,9122458,109469496,5783472,69401664,158138188,147870268,115045277,858861,774,0,0
C073210,4849048,58188576,2655308,31863696,328419536,89640912,69334767,711700,739,0,0
C073211,8303375,99640500,5414286,64971432,500588448,226430833,214915041,2212495,740,0,0
C073212,3757255,45087060,2215498,26585976,91419837,53239982,37478071,369459,782,0,0
C073213,4411350,52936200,2006159,24073908,63313662,26093977,15888504,205792,862,1,0
C073214,7097492,85169904,3669500,44034000,170932417,70095724,70095724,691181,754,0,0
C073215,4780407,57364884,3445543,41346516,217417709,35446029,30192846,134776,781,0,0
C073216,3554567,42654804,2902533,34830396,78682654,27218324,18261275,256412,681,0,1
C073217,6978055,83736660,4415059,52980708,210407649,88676928,82264597,383563,847,0,0
C073218,4263330,51159960,2107392,25288704,272341919,81721229,72298913,683801,784,0,0
C073219,9883062,118596744,6650364,79804368,458503160,123981184,101739146,1299753,773,0,1
C073220,8835495,106025940,3525249,42302988,401026653,84456198,59584527,550772,780,0,0
C073221,10348624,124183488,6231764,74781168,443512163,604979188,558825696,4164494,711,0,1
C073222,3556528,42678336,1610750,19329000,193515589,28461525,28461525,452629,753,1,0
C073223,4700031,56400372,3882597,46591164,60202969,62198866,51654513,518855,774,0,0
C073224,8439087,101269044,4157119,49885428,110741574,76492544,66209292,736091,747,1,1
C073225,1800000,21600000,764678,9176136,43828466,10412432,4982169,117706,776,0,0
C073226,4080496,48965952,3144366,37732392,135068708,60492266,44839723,614091,726,0,0
C073227,4728494,56741928,2503830,30045960,143140920,54889941,28008696,919395,826,0,0
C073228,4365057,52380684,2833672,34004064,197002735,51420515,43876322,221267,736,0,0
C073229,2748008,32976096,1559263,18711156,226579068,28857495,14269562,54960,839,0,0
C073230,4193610,50323320,2336881,28042572,155499748,59211957,39084403,331161,692,0,0
C073231,3611133,43333596,2465870,29590440,173984161,61495152,45402628,190932,744,0,0
C073232,2341593,28099116,1601696,19220352,63021761,19238009,10430440,255898,842,0,0
C073233,5956138,71473656,3869738,46436856,287236081,205240286,171506137,1202308,773,1,1
C073234,2475952,29711424,1546515,18558180,103080051,50107435,40468163,460087,708,0,1
C073235,6939541,83274492,4196879,50362548,346074425,39303876,39303876,156415,786,0,0
C073236,4721994,56663928,2628019,31536228,58041209,65182519,31360850,568597,693,0,0
C073237,4857219,58286628,1720841,20650092,468412441,97074071,81247238,773761,790,0,0
C073238,3882006,46584072,1823001,21876012,123509698,63453326,63453326,484084,750,0,0
C073239,3416647,40999764,2004109,24049308,139567630,181957339,161363580,1209743,778,0,0
C073240,3277293,39327516,2775337,33304044,131416728,31309493,31309493,429408,715,1,0
C073241,3479489,41753868,2319129,27829548,139683768,46222052,32995946,376052,808,0,0
C073242,2081811,24981732,1071079,12852948,92085609,44329006,30744734,248096,829,0,0
C073243,1815333,21783996,1173222,14078664,95152012,11706019,10151687,195083,767,0,0
C073244,8252451,99029412,3829457,45953484,1281337843,126570181,98902911,1176388,680,0,0
C073245,4143314,49719768,2202363,26428356,179044290,50491548,36505696,499763,686,0,0
C073246,4827369,57928428,3386931,40643172,120738452,47998902,47998902,563782,813,0,0
C073247,2406389,28876668,1540315,18483780,185934212,55153112,46164979,341612,734,1,0
C073248,4109240,49310880,2181555,26178660,292229227,33706988,27242788,131691,907,0,0
C073249,3605796,43269552,1762571,21150852,135209416,134443267,114701368,988062,766,0,0
C073250,2306489,27677868,1356631,16279572,141149746,33406445,28304237,323758,784,0,0
C073251,6301529,75618348,3171832,38061984,116067054,62128176,19671975,126031,727,0,0
C073252,2153450,25841400,1267016,15204192,69104821,30455728,20042748,270479,856,0,0
C073253,3281808,39381696,1614650,19375800,143526820,76984327,58909438,194661,769,0,0
C073254,6976336,83716032,3755857,45070284,222785499,40794082,29209809,434697,745,0,0
C073255,4338042,52056504,3340767,40089204,294564265,63725921,49559638,566680,829,0,0
C073256,2523649,30283788,1877182,22526184,57902816,44678517,33676446,268989,677,0,0
C073257,2556729,30680748,1320695,15848340,340101151,30037744,25250845,88569,719,2,0
C073258,3517151,42205812,2156516,25878192,147300219,30946707,30946707,561029,826,0,0
C073259,4205078,50460936,1944015,23328180,140851109,64976497,49188347,434180,783,0,0
C073260,5143555,61722660,2941408,35296896,169542581,82078073,65349314,710758,832,0,0
C073261,6575535,78906420,3374567,40494804,318298692,328130869,283626338,2247085,696,0,1
C073262,2442305,29307660,1398603,16783236,265747320,24438749,16539698,213603,800,0,0
C073263,2063326,24759912,708125,8497500,118262148,6706830,3934611,62783,811,0,0
C073264,2198482,26381784,1096635,13159620,222341840,25303605,22754712,343135,780,0,0
C073265,4425275,53103300,2942112,35305344,151174200,34353409,31643515,528836,825,0,0
C073266,5534458,66413496,1982090,23785080,39570822,190658242,162239362,988860,766,0,0
C073267,2369153,28429836,998493,11981916,39838711,24720385,20237425,265156,769,0,0
C073268,8911059,106932708,3190928,38291136,404760511,72572785,29790097,1013949,799,0,0
C073269,3627044,43524528,2905304,34863648,268505920,23282848,23282848,345535,761,0,0
C073270,4474727,53696724,2650030,31800360,107639429,35883519,35883519,269372,783,0,0
C073271,5668895,68026740,3726100,44713200,381242681,71618195,49929897,350987,829,0,0
C073272,8438514,101262168,5706570,68478840,382827622,104511855,60947655,898708,791,0,0
C073273,6734564,80814768,4349232,52190784,359782460,82530464,57988354,485724,857,0,0
C073274,4947581,59370972,2613613,31363356,187908769,31251126,22291963,440340,861,0,0
C073275,2398273,28779276,1615286,19383432,66457267,49098425,38661515,294997,726,0,0
C073276,1867433,22409196,1030341,12364092,30171509,47990528,25780379,383257,650,0,0
C073277,2140058,25680696,1259003,15108036,46248308,36234922,26562588,182961,800,0,0
C073278,2612912,31354944,1994426,23933112,110499144,34240223,16200992,161164,755,0,0
C073279,4689064,56268768,2576163,30913956,123461089,53901354,52390600,467181,813,0,0
C073280,2646137,31753644,1327398,15928776,103780501,44554872,30989614,287726,836,0,0
C073281,4539157,54469884,2951672,35420064,250308274,74694074,48678446,327187,802,0,0
C073282,4551172,54614064,2640589,31687068,383999005,265438480,245763288,1335649,734,0,0
C073283,3408399,40900788,1780631,21367572,122128216,30225189,15691197,428025,790,0,0
C073284,8216432,98597184,3717304,44607648,1380360576,77730069,77730069,629777,802,0,0
C073285,4361836,52342032,2124269,25491228,289723740,20602135,20602135,425426,798,0,0
C073286,2609752,31317024,1772680,21272160,226301274,51286365,40521379,359689,761,0,0
C073287,1892020,22704240,1464600,17575200,144133403,32488678,13991316,159055,783,0,0
C073288,4057550,48690600,1969380,23632560,63689657,158573899,158573899,1146564,719,0,1
C073289,4385910,52630920,2363234,28358808,736832880,44982457,19289142,422324,746,0,0
C073290,2924549,35094588,1660810,19929720,284270389,25921080,20967675,148313,864,0,0
C073291,3740349,44884188,2106690,25280280,412827482,34742427,16257105,74807,775,0,0
C073292,4449977,53399724,2166913,26002956,189088723,38690945,38690945,520286,825,0,0
C073293,2429253,29151036,1055687,12668244,54037390,26261478,15251818,102273,780,0,0
C073294,4513422,54161064,2301014,27612168,140626662,47399900,13243510,123823,772,0,0
C073295,7547361,90568332,5796147,69553764,209421211,410891418,367035011,2663624,536,2,0
C073296,3765306,45183672,2181117,26173404,307371853,53713938,45150732,410996,825,0,0
C073297,1800000,21600000,835810,10029720,221786182,9056864,5954545,76871,793,0,0
C073298,4859559,58314708,2640084,31681008,184784212,89233631,64840561,333872,744,0,0
C073299,3246222,38954664,1746006,20952072,101499384,37665514,37665514,161665,856,0,0
C073300,3512480,42149760,1753789,21045468,210029226,24007826,24007826,259229,809,0,0
C073301,7131977,85583724,3049155,36589860,273333151,76553830,38707966,579317,781,0,0
C073302,3488996,41867952,1988135,23857620,286773165,70066325,70066325,471987,701,0,0
C073303,6358596,76303152,3391945,40703340,347492797,165254293,144578656,1369611,711,0,0
C073304,3811395,45736740,2620334,31444008,94100921,51249411,43630717,307679,746,0,0
C073305,1800000,21600000,1042357,12508284,105694344,17279429,16844995,184347,812,0,0
C073306,9004200,108050400,5573877,66886524,305816263,118903604,84767673,987109,736,0,0
C073307,2023977,24287724,982300,11787600,65499111,31841844,31841844,278139,714,0,0
C073308,6587440,79049280,3624087,43489044,189379318,121048874,87804334,1010360,757,0,0
C073309,4365952,52391424,3070873,36850476,85833127,17243125,14980388,438464,831,0,0
C073310,3812145,45745740,2544440,30533280,196295203,51561528,41711158,451362,751,0,0
C073311,3073845,36886140,1871228,22454736,318759075,37635226,29421508,470831,701,0,0
C073312,4874006,58488072,4349044,52188528,121438886,115769834,97381243,915296,730,1,1
C073313,1906950,22883400,1376156,16513872,61764052,38921773,32377093,406089,677,1,0
C073314,3703034,44436408,2250159,27001908,115801709,50279704,39498266,572417,691,1,0
C073315,3150323,37803876,1709174,20510088,372475902,41570717,24884049,249432,735,1,0
C073316,4202738,50432856,2584639,31015668,100991872,66694565,36473340,346311,769,0,1
C073317,6204398,74452776,3831880,45982560,157869108,31521154,22608059,539973,819,0,0
C073318,3471385,41656620,1317637,15811644,322340181,48573345,36039674,396387,839,0,0
C073319,3085350,37024200,2075719,24908628,45749436,39713480,24737873,204524,897,0,0
C073320,2908480,34901760,2017873,24214476,128497760,3107320,3107320,93411,810,0,0
C073321,2977710,35732520,2478141,29737692,71265985,59633772,27846336,135936,675,0,0
C073322,1800000,21600000,1252236,15026832,180245483,36281145,26701721,144994,733,0,0
C073323,4824817,57897804,3576952,42923424,233431978,68373303,37596398,633388,732,0,0
C073324,1800000,21600000,1394787,16737444,97343742,27689905,27220802,311107,746,0,0
C073325,4413147,52957764,2064105,24769260,238340326,54488267,33030668,215235,772,0,0
C073326,3413747,40964964,2118896,25426752,113365787,28413491,28413491,151553,827,0,0
C073327,4398380,52780560,2140806,25689672,105053082,35051706,25687360,87968,874,1,0
C073328,2334065,28008780,1311214,15734568,108226908,10648642,10648642,196675,715,0,1
C073329,3860969,46331628,2942124,35305488,166299703,25528291,22732743,115322,739,0,0
C073330,5811193,69734316,3210360,38524320,220197984,71122951,63472588,1038691,808,0,0
C073331,5201451,62417412,3879732,46556784,479448769,93581907,67611883,742948,689,0,0
C073332,5230094,62761128,3325486,39905832,157090667,97132405,94341736,746778,753,0,0
C073333,4757411,57088932,2842196,34106352,170585081,33334201,29028536,275080,801,0,1
C073334,3826556,45918672,2027025,24324300,106111201,32357586,17579696,266610,728,0,0
C073335,3126767,37521204,1611011,19332132,81522655,76706522,56310504,568341,714,0,1
C073336,8221190,98654280,3725205,44702460,444026934,131146189,101801868,1056846,847,0,0
C073337,4736549,56838588,2890713,34688556,795740232,89129644,74003403,870546,650,1,0
C073338,6206510,74478120,4287288,51447456,76843565,98007033,54795099,754457,756,0,0
C073339,7273873,87286476,4155869,49870428,290879777,50304848,32940676,277446,824,0,0
C073340,3896689,46760268,3076342,36916104,563176916,62149262,43563518,360914,770,0,0
C073341,5677812,68133744,4954561,59454732,953872416,107766129,106674703,1138911,615,1,1
C073342,4231894,50782728,2827443,33929316,217519479,77617755,57081248,551261,809,0,0
C073343,3048021,36576252,1936737,23240844,174882280,13767479,13767479,233158,707,2,0
C073344,2734204,32810448,2298074,27576888,66330348,58984526,58984526,486018,637,0,1
C073345,8014257,96171084,4769711,57236532,236887672,52609790,52609790,506189,775,0,0
C073346,6322267,75867204,4661366,55936392,953089585,68815734,52584149,412519,860,0,0
C073347,6941104,83293248,4306550,51678600,121330289,42482342,38249417,181252,749,0,0
C073348,2752775,33033300,1828211,21938532,224121947,47150000,31337514,349120,719,0,0
C073349,8729702,104756424,6375606,76507272,526209712,64191854,53286998,445116,796,0,0
C073350,5417852,65014224,2654321,31851852,243221764,66110498,53843322,836143,809,0,0
C073351,6824131,81889572,2394885,28738620,455547480,95358836,58042113,488479,808,0,0
C073352,2348056,28176672,1545266,18543192,46201542,23173652,23173652,269848,678,0,0
C073353,6758314,81099768,4990202,59882424,563913929,166786569,130005271,872543,736,0,1
C073354,2722836,32674032,1840332,22083984,66033103,44572199,40195798,388397,763,1,0
C073355,1875106,22501272,1294848,15538176,214895873,40685869,40685869,287565,789,0,0
C073356,3734227,44810724,2188921,26267052,215112222,37771098,25375356,484922,871,0,0
C073357,6288504,75462048,4032429,48389148,589602587,27748313,27748313,125770,765,0,0
C073358,6827397,81928764,4714764,56577168,371608493,94175324,69659414,1146999,775,0,0
C073359,3192074,38304888,1581696,18980352,96839746,34572931,20314736,63841,805,0,0
C073360,5635460,67625520,3346723,40160676,335930822,91902394,82062232,841945,844,0,1
C073361,5197395,62368740,2676546,32118552,101953377,37634824,28969728,194981,876,0,0
C073362,3344055,40128660,2593208,31118496,108501523,29272145,16239546,169905,748,0,0
C073363,3873916,46486992,2212900,26554800,210833554,52875428,40393368,391507,803,0,0
C073364,2912265,34947180,1268548,15222576,52507464,18748322,18748322,213436,834,0,0
C073365,3558831,42705972,3219349,38632188,31316781,84679242,83319998,475759,767,0,1
C073366,4620584,55447008,1673089,20077068,289084965,43727133,38344223,115611,789,0,0
C073367,9674516,116094192,4428217,53138604,603520101,182933624,133058302,1290174,813,0,0
C073368,2692581,32310972,1475898,17710776,97515462,14456820,12103860,187037,712,0,0
C073369,2246177,26954124,1229896,14758752,74152603,22554380,14541081,50000,843,0,0
C073370,2673993,32087916,1518325,18219900,101350672,16599761,16599761,325116,739,1,0
C073371,4916968,59003616,2317432,27809184,567790875,57711439,56857748,268430,759,0,0
C073372,4001076,48012912,3342349,40108188,144526544,59637173,31412680,459654,684,0,1
C073373,4647222,55766664,2810065,33720780,100046215,75823692,71519832,929261,817,0,0
C073374,9481439,113777268,6794211,81530532,344371144,179246452,117655195,1140083,672,0,0
C073375,7101430,85217160,4111135,49333620,246787554,156132829,148530682,1030033,813,0,0
C073376,3869968,46439616,1867706,22412472,151672138,126529426,115089415,687101,730,0,0
C073377,6786295,81435540,3578840,42946080,530120780,109566821,109566821,850544,761,0,0
C073378,2530084,30361008,1214815,14577780,24344763,77654067,65829531,504189,700,0,0
C073379,5461636,65539632,2628959,31547508,352263677,171573521,135090697,1251251,758,1,0
C073380,5565652,66787824,3465011,41580132,268964828,117673372,91994166,1044825,676,0,0
C073381,3638830,43665960,2221533,26658396,208585086,22233383,22233383,112562,854,0,0
C073382,5399252,64791024,4337765,52053180,452166130,82664466,44634042,778491,639,1,1
C073383,5346318,64155816,2634215,31610580,545478380,47788389,47788389,353051,728,1,0
C073384,4517517,54210204,4134499,49613988,256948520,40231975,23048055,249884,726,1,0
C073385,2717378,32608536,1508428,18101136,167363634,26455242,26455242,171206,807,0,0
C073386,2702270,32427240,1724126,20689512,67120438,44861529,31494040,301602,743,0,0
C073387,3005668,36068016,1503910,18046920,472201345,22164835,22164835,62510,813,1,0
C073388,4754512,57054144,1953606,23443272,74010700,106373670,87598009,640539,838,0,0
C073389,4229437,50753244,1684922,20219064,166769321,48128069,23142532,624345,695,0,0
C073390,10537207,126446484,5638591,67663092,452841675,125996933,82683892,1321671,734,0,0
C073391,6618593,79423116,3369758,40437096,420969151,93522812,49839966,906895,733,0,0
C073392,5164376,61972512,3044052,36528624,289982450,45943911,33612924,185659,672,0,0
C073393,4723736,56684832,2185279,26223348,162383391,37630063,27677266,144411,802,0,0
C073394,2678073,32136876,930138,11161656,109719818,42305816,27126976,206585,864,0,0
C073395,2091808,25101696,1253683,15044196,316507025,20493050,20493050,271197,768,0,0
C073396,2483608,29803296,1244956,14939472,417246144,48055770,48055770,440314,746,0,0
C073397,4582530,54990360,2388280,28659360,173648673,24652127,24652127,291576,827,0,0
C073398,1942719,23312628,1153370,13840440,140872097,14767142,11046498,215894,790,0,0
C073399,6408454,76901448,4590070,55080840,201759987,115750302,115750302,1104125,783,0,0
C073400,5206977,62483724,3383629,40603548,53117467,31054910,31054910,421887,655,0,1
C073401,5836691,70040292,2675856,32110272,209344002,98778417,64890065,839068,775,0,0
C073402,2401452,28817424,1574500,18894000,216507041,37312565,34794311,318812,732,0,0
C073403,4462113,53545356,3424968,41099616,180900439,28123986,28123986,396673,673,1,0
C073404,2604775,31257300,1469508,17634096,102240956,17076369,9275564,120188,729,0,0
C073405,4396894,52762728,1504322,18051864,625895017,80580613,68830223,673789,818,0,0
C073406,4845435,58145220,2217802,26613624,72735005,91050944,77255084,518565,792,0,0
C073407,2120956,25451472,1193599,14323188,321152497,47210788,42433728,371205,813,0,0
C073408,2678315,32139780,1634361,19612332,380278265,57627656,55530543,399994,768,0,0
C073409,2754570,33054840,1458399,17500788,140401989,33090882,33090882,222242,851,0,0
C073410,6572015,78864180,3602603,43231236,171952509,34117371,34117371,467613,922,0,0
C073411,8525245,102302940,4044538,48534456,730202425,100193327,80220909,339463,892,0,0
C073412,5569904,66838848,2955780,35469360,580465164,68156805,64681159,580888,833,0,0
C073413,6844074,82128888,4726724,56720688,338856286,43694665,43694665,459648,805,0,0
C073414,4430447,53165364,1837858,22054296,114544484,34266999,21273849,93313,801,0,0
C073415,1800000,21600000,1175772,14109264,46168747,6307596,4331137,81318,813,0,0
C073416,2765847,33190164,2252451,27029412,86915650,20643669,9563579,55317,724,0,0
C073417,4403321,52839852,2731515,32778180,179633924,60124335,60124335,343075,833,0,0
C073418,6889467,82673604,3845206,46142472,317114071,57180824,34980566,606036,772,0,0
C073419,2717521,32610252,1091441,13097292,108545945,60743595,52189421,337927,800,0,0
C073420,7367357,88408284,3619304,43431648,335420678,65917448,48595976,259571,813,0,0
C073421,9877115,118525380,3180585,38167020,831300910,67719502,67719502,1378939,819,0,0
C073422,2766076,33192912,1246435,14957220,63482172,51636017,46645865,380011,873,0,0
C073423,3739854,44878248,2821866,33862392,81485328,95075745,95075745,626315,815,0,0
C073424,7817516,93810192,4924084,59089008,340156919,104874722,104874722,1125173,769,1,1
C073425,2442662,29311944,1672418,20069016,345492687,31887215,19270297,114402,783,0,0
C073426,5652270,67827240,2591252,31095024,407358235,133703243,101966137,490471,684,0,0
C073427,11164905,133978860,2791226,33494712,513459595,147065832,96169433,1275342,690,0,0
C073428,3647970,43775640,2509664,30115968,72489825,53476525,44256142,641925,783,0,0
C073429,3730237,44762844,2647978,31775736,130047515,87062355,62783464,706319,689,1,1
C073430,4101167,49214004,2285759,27429108,167612362,68858215,65420141,540751,727,1,0
C073431,6178833,74145996,3848598,46183176,374152763,35270428,16738500,195119,861,0,0
C073432,1800000,21600000,1252732,15032784,130291159,13011991,9210999,87627,805,0,0
C073433,3446455,41357460,2139823,25677876,115850271,31905662,24714479,226246,784,1,1
C073434,2602763,31233156,1588871,19066452,61968402,76865041,68852051,346024,782,0,0
C073435,2581825,30981900,1453982,17447784,138072360,38690572,17046457,236500,747,0,0
C073436,2384370,28612440,1212273,14547276,71095819,41427238,31128005,227170,779,0,0
C073437,4867783,58413396,2279643,27355716,281269063,20860312,20860312,97356,816,0,0
C073438,2405996,28871952,1710471,20525652,74970273,21430607,12958778,243208,702,0,0
C073439,4019411,48232932,2953568,35442816,122888687,26163006,15922065,186430,673,0,1
C073440,6584270,79011240,4338397,52060764,481801296,146652425,106497312,1051348,652,0,0
C073441,4659588,55915056,2784100,33409200,280137333,21929287,21929287,418717,774,1,0
C073442,3254763,39057156,1848594,22183128,69295704,39068405,29211762,312634,829,0,0
C073443,5910363,70924356,3869554,46434648,225268797,123852784,86612538,1141123,821,0,0
C073444,5576537,66918444,3354767,40257204,648846773,92704543,74894141,764195,713,0,0
C073445,3582018,42984216,2134159,25609908,266154614,23901420,14896422,400582,863,1,0
C073446,2968974,35627688,2405047,28860564,116885950,55458978,40576794,542141,662,1,0
C073447,3648998,43787976,2777762,33333144,263553431,13992158,8836065,325437,781,0,0
C073448,4033953,48407436,2716569,32598828,325432029,49252223,36027906,431769,781,0,1
C073449,3005065,36060780,1801152,21613824,181347166,26486023,26486023,200556,813,0,1
C073450,6446138,77353656,1627791,19533492,78120461,73326086,53267589,673745,826,0,0
C073451,3542418,42509016,1405169,16862028,128534252,14149364,14149364,70848,852,0,0
C073452,2499591,29995092,1653933,19847196,32937442,25712061,11009039,68510,834,0,0
C073453,7762748,93152976,6149192,73790304,190073964,134333516,64102003,483334,791,0,1
C073454,6265951,75191412,1904863,22858356,282874381,71755617,45594751,379940,858,0,1
C073455,7388138,88657656,2633816,31605792,314496608,40502861,40502861,654402,856,0,0
C073456,4270392,51244704,2094430,25133160,90423673,180597132,172103140,1199200,794,0,0
C073457,3606575,43278900,1599712,19196544,605904600,42958827,24550377,372945,852,0,0
C073458,3852134,46225608,2203288,26439456,95921755,32566881,26848227,490833,788,0,1
C073459,5995563,71946756,2851722,34220664,523314651,84145795,58461302,801510,826,0,0
C073460,3594628,43135536,2264736,27176832,149154887,33817814,12309268,75584,774,0,0
C073461,4124397,49492764,2032559,24390708,151867776,84029541,75250477,395619,753,0,0
C073462,8052398,96628776,5505740,66068880,284582285,63546845,52842830,654724,807,0,0
C073463,4537716,54452592,2873928,34487136,251990842,67188942,55501451,414026,815,1,0
C073464,1800000,21600000,1168515,14022180,97191217,57092403,57092403,492527,728,1,1
C073465,8388289,100659468,3733833,44805996,1065892828,145721014,127609987,776850,797,0,0
C073466,4376113,52513356,3359971,40319652,249543915,55404408,46501762,598719,808,1,0
C073467,2050950,24611400,1650582,19806984,78196325,9087563,9087563,123246,806,0,0
C073468,4906887,58882644,2985401,35824812,824357016,52741802,52741802,628991,647,0,0
C073469,4039666,48475992,2250371,27004452,545180882,99991364,84543470,629109,805,0,0
C073470,4343642,52123704,2769852,33238224,107427911,53139599,53139599,218355,848,0,0
C073471,6494397,77932764,4258449,51101388,104222913,53439393,45934374,129888,677,0,0
C073472,5952611,71431332,2644543,31734516,105273494,112046147,90173969,745437,714,0,0
C073473,4881799,58581588,2967134,35605608,192646655,256553521,243758184,1572814,705,0,0
C073474,4436726,53240712,2761790,33141480,96197714,87559139,87559139,1044531,864,0,0
C073475,5037364,60448368,2406086,28873032,194097497,63730335,40089938,483437,733,0,0
C073476,2551938,30623256,1594282,19131384,62927351,24915920,19385043,289954,778,1,0
C073477,5292115,63505380,2360530,28326360,402783658,28741768,10022947,105842,744,0,0
C073478,4517026,54204312,2872811,34473732,94277723,60841951,33243453,390748,771,0,0
C073479,2694041,32328492,1347004,16164048,41710696,33680136,24001542,260952,843,0,0
C073480,2743205,32918460,1920388,23044656,136777177,60360291,60360291,362544,732,1,1
C073481,3474024,41688288,1617598,19411176,93784636,16268876,16268876,159189,872,0,1
C073482,6920757,83049084,3960529,47526348,1162687176,223879383,189608231,1771283,870,0,0
C073483,5212808,62553696,2991914,35902968,132887382,72872275,60607376,486706,736,0,0
C073484,2322037,27864444,919003,11028036,136524291,40741332,39839860,301800,793,0,0
C073485,5960541,71526492,3290612,39487344,211645024,89652983,66821084,679022,761,0,0
C073486,2912811,34953732,1266080,15192960,187510429,37189366,26893997,283789,730,0,1
C073487,4299061,51588732,3597471,43169652,44402009,96386519,96386519,726603,711,0,0
C073488,2392605,28711260,1897918,22775016,133512449,18741735,13629926,61880,757,0,0
C073489,6887086,82645032,3148852,37786224,238774679,82968325,59728889,459050,770,0,0
C073490,2928775,35145300,2015852,24190224,84832936,39224461,39224461,531257,776,0,0
C073491,3289312,39471744,2202088,26425056,59755620,13027898,13027898,360970,808,0,0
C073492,1800000,21600000,983308,11799696,302400000,31046107,27509504,300938,734,0,1
C073493,5116190,61394280,3387328,40647936,230116272,33438755,33438755,300503,857,0,0
C073494,2622925,31475100,1326202,15914424,203323167,15129732,10568732,85381,815,1,0
C073495,2779601,33355212,1413902,16966824,125849784,34422197,21894255,389906,886,1,0
C073496,12000000,144000000,9449233,113390796,184901468,115178405,90211701,975109,781,0,0
C073497,3943424,47321088,2992850,35914200,233854264,66201405,53100032,640475,762,0,0
C073498,3244024,38928288,2209293,26511516,217843232,52095552,49778725,686685,780,0,0
C073499,3495200,41942400,2530332,30363984,433019748,48516579,35519462,394761,750,0,0
C073500,2625108,31501296,1531053,18372636,200299411,20392728,14553752,107283,674,1,1
C073501,7378880,88546560,3747714,44972568,211357201,108677769,61031607,497669,816,0,0
C073502,5376429,64517148,3356910,40282920,89212405,62782978,48925560,919435,752,0,0
C073503,8325382,99904584,4850055,58200660,301468520,66521960,56492052,464522,778,0,0
C073504,5391546,64698552,2482003,29784036,308042608,19729463,19729463,213149,846,0,0
C073505,5101734,61220808,3106788,37281456,857091312,48862898,27516772,209403,812,0,0
C073506,12000000,144000000,6985727,83828724,400747244,184356636,138696472,311258,827,0,0
C073507,5062558,60750696,3393201,40718412,290382789,36782016,28667096,520109,678,0,0
C073508,4374726,52496712,3114710,37376520,130341115,65172576,51149031,629748,773,1,1
C073509,3731337,44776044,2636779,31641348,593596530,64320816,51946375,387038,771,1,1
C073510,3934613,47215356,2683866,32206392,19133290,48832227,41381570,597087,711,0,0
C073511,7716517,92598204,3373748,40484976,253672424,75823965,36882552,579075,782,0,0
C073512,2342344,28108128,1696678,20360136,85716190,33067372,31758446,280528,765,1,0
C073513,1983553,23802636,1347896,16174752,91133826,54500455,41272713,392421,652,0,1
C073514,3578791,42945492,1085746,13028952,81410398,25686545,20604727,224244,819,0,0
C073515,3969126,47629512,2323505,27882060,233736398,41823436,33104315,633011,735,0,0
C073516,3705331,44463972,2529462,30353544,67600267,39848057,31539819,497365,834,0,0
C073517,1890828,22689936,1280029,15360348,55235364,13250370,4818255,97849,833,0,0
C073518,4819185,57830220,1918401,23020812,162521219,60465490,24630486,492935,868,0,0
C073519,3951972,47423664,2211240,26534880,103995840,61100090,41380120,443908,694,0,0
C073520,3851708,46220496,962927,11555124,200669810,50429967,44161338,417985,830,0,0
C073521,11078159,132937908,7824789,93897468,306504784,179450590,175708809,1601104,848,0,0
C073522,4387183,52646196,2942645,35311740,414114249,49063775,49063775,266462,894,0,0
C073523,3310830,39729960,2622621,31471452,429852706,64726557,47448493,404122,775,0,0
C073524,4747852,56974224,3223926,38687112,156417259,56405113,53209563,389901,806,0,0
C073525,12000000,144000000,5418278,65019336,986909976,297681133,245710501,2110600,849,0,0
C073526,3137379,37648548,1792265,21507180,190209561,47677984,34725164,471198,681,0,0
C073527,4601172,55214064,2443398,29320776,163574330,42345467,38857162,389195,737,0,0
C073528,2265862,27190344,1234969,14819628,130118640,22948594,15911931,106598,778,0,0
C073529,10427492,125129904,6045121,72541452,1097338176,88958875,80294013,1041147,775,0,0
C073530,4526353,54316236,2939214,35270568,109682449,29207304,29207304,363520,736,0,0
C073531,4599985,55199820,2737133,32845596,178903900,7317270,7317270,92000,853,0,0
C073532,3413389,40960668,2233392,26800704,171915701,22473809,22473809,145061,714,0,0
C073533,4418471,53021652,2797414,33568968,309970075,42693429,31144054,259164,798,0,0
C073534,4156251,49875012,2729198,32750376,94388293,34809532,34809532,169691,791,0,0
C073535,8270334,99244008,7087423,85049076,569489256,160015560,138455806,1083381,848,0,0
C073536,7025384,84304608,6443500,77322000,287474866,230733505,211588617,1667988,706,0,0
C073537,7331716,87980592,3984571,47814852,1231728288,83941796,56593533,146634,825,0,0
C073538,7975577,95706924,5512498,66149976,564933450,35888601,26923449,355332,801,0,0
C073539,3895382,46744584,2073552,24882624,312913371,94098257,82926659,635660,738,0,0
C073540,2292458,27509496,1497543,17970516,97807250,93073173,90639700,629981,684,1,0
C073541,4820102,57841224,3564432,42773184,200708998,137515786,111758687,761481,643,2,1
C073542,3713557,44562684,1994461,23933532,55929041,35601150,22644287,497368,707,0,0
C073543,8955019,107460228,4927344,59128128,340840585,47323256,41392728,179100,810,0,0
C073544,3471339,41656068,1835145,22021740,300792641,150815452,130375634,653739,795,0,0
C073545,7799809,93597708,2900108,34801296,713228206,141843200,141843200,1205257,767,0,0
C073546,7099581,85194972,2581087,30973044,319930574,176437380,144884964,909311,852,0,0
C073547,3571979,42863748,1712325,20547900,93086457,28618928,27911157,366819,802,0,0
C073548,3147734,37772808,1224192,14690304,206704672,66565249,46262169,644190,723,0,0
C073549,1800000,21600000,1466947,17603364,96077546,17849604,16082020,241203,782,0,0
C073550,3575551,42906612,1994410,23932920,99370793,145714256,134859928,921087,640,1,0
C073551,3678366,44140392,2470721,29648652,375354190,57570771,46238625,451036,842,0,0
C073552,5750454,69005448,3514185,42170220,253297623,47946881,46374301,695758,750,0,0
C073553,5834767,70017204,3595246,43142952,357178405,178802739,173426671,1300692,822,0,0
C073554,9225767,110709204,5511472,66137664,355867204,95907545,95907545,1039680,752,0,0
C073555,5236485,62837820,3141057,37692684,90683216,24101527,24101527,322451,818,1,0
C073556,5374885,64498620,2635550,31626600,356891278,70587204,64472293,654152,858,0,0
C073557,5053668,60644016,2940123,35281476,291401613,80397124,77041605,543067,716,0,0
C073558,2764406,33172872,2340115,28081380,128716313,36411993,32366807,83740,787,0,0
C073559,6758203,81098436,3737410,44848920,549916511,105801787,77320656,1040834,736,0,1
C073560,1932051,23184612,1309489,15713868,77921154,55124367,42045596,288259,774,0,0
C073561,6184676,74216112,3859566,46314792,386883000,77236495,68492806,918004,829,0,0
C073562,4521179,54254148,1945378,23344536,226455360,71754436,53174305,659805,742,2,0
C073563,7464561,89574732,5546280,66555360,270314148,70733017,31192533,966073,822,0,0
C073564,3031394,36376728,1713274,20559288,77272234,64913682,56036280,592456,906,0,1
C073565,8963271,107559252,5659337,67912044,475409866,104799947,82533241,1647578,722,0,0
C073566,2820242,33842904,1514893,18178716,148913571,22835803,18118069,372591,851,0,0
C073567,3758885,45106620,1702674,20432088,106223788,53435498,32225436,346572,748,0,0
C073568,3529912,42358944,2270553,27246636,293125746,66858362,66858362,409829,810,0,0
C073569,5072446,60869352,2193839,26326068,35951090,75822315,64068736,840417,757,0,0
C073570,11144195,133730340,5767371,69208452,167576739,62053003,51974138,987242,898,0,0
C073571,5032983,60395796,3682009,44184108,64062218,52586790,37119202,622906,751,0,0
C073572,7329460,87953520,6315741,75788892,154161964,41695831,36201770,463190,749,0,0
C073573,2657355,31888260,1386951,16643412,414195288,55985571,54670951,489366,708,0,0
C073574,2495144,29941728,1431244,17174928,39795106,18649085,12873346,376364,759,1,0
C073575,1884044,22608528,967445,11609340,64218304,18386709,13374816,103366,803,0,0
C073576,4875494,58505928,1945986,23351832,308915528,51005245,46622943,344155,834,0,0
C073577,3803823,45645876,2926049,35112588,248962058,103770676,98411931,707455,770,0,1
C073578,3857231,46286772,2117994,25415928,171674769,27936884,20596280,295911,838,0,0
C073579,5907708,70892496,4729106,56749272,342924544,111193439,111193439,893845,704,0,0
C073580,4853535,58242420,3718692,44624304,83908619,31505004,12720118,97071,868,0,0
C073581,6039778,72477336,4200683,50408196,1014682704,351690476,326148012,1771018,761,0,0
C073582,9519008,114228096,6626356,79516272,882718791,88972738,48409992,1023088,669,1,1
C073583,6480883,77770596,3468841,41626092,222497627,62305975,60395293,732252,704,0,0
C073584,5891978,70703736,4536791,54441492,521195839,57604630,16932090,479182,774,0,0
C073585,2471977,29663724,1570244,18842928,126303323,23365188,7581289,53030,734,0,0
C073586,4505284,54063408,2690527,32286324,373083358,95039571,86871175,621726,782,0,0
C073587,2101172,25214064,1309669,15716028,107331229,27293723,26437356,197595,821,0,0
C073588,5488314,65859768,3077918,36935016,65481931,27281366,10254299,369810,827,0,0
C073589,4164299,49971588,1283260,15399120,94341593,56162836,55542732,400575,922,0,0
C073590,5552355,66628260,2489038,29868456,243463134,142061318,121471112,1151889,834,0,0
C073591,3112874,37354488,2008436,24101232,70982775,26672274,9480432,285510,806,0,0
C073592,1800000,21600000,1031183,12374196,169651398,14237005,14237005,165739,879,0,0
C073593,2676268,32115216,1412095,16945140,449613024,27441207,22427066,329497,782,0,0
C073594,5988163,71857956,3149254,37791048,90022313,76636452,55887141,148933,798,0,0
C073595,4765934,57191208,2979746,35756952,180354566,44692241,14932154,149365,742,1,0
C073596,9234355,110812260,4174705,50096460,151590937,107138590,93360031,1024279,746,0,0
C073597,3946877,47362524,2154767,25857204,127220949,41620016,26092293,319149,796,0,0
C073598,4037101,48445212,2416519,28998228,426883652,35604268,30631363,709871,777,0,0
C073599,3889386,46672632,1863654,22363848,80626071,40564492,29076310,487176,754,0,0
C073600,4494682,53936184,2475770,29709240,369854780,74141818,64372880,698736,771,0,0
C073601,5993148,71917776,3572466,42869592,278865858,62187957,62187957,1141214,846,0,0
C073602,2846164,34153968,1661707,19940484,64368058,26880624,15593750,243176,781,0,0
C073603,4412628,52951536,2179162,26149944,70996937,84868872,69668177,757097,812,1,0
C073604,2217564,26610768,1637587,19651044,47337306,81176502,81030131,515240,813,0,0
C073605,2988048,35856576,1731750,20781000,148966747,75242154,57859089,406605,788,1,0
C073606,4434339,53212068,2468634,29623608,744968952,55177499,43293686,549875,781,0,0
C073607,1800000,21600000,978645,11743740,97737692,11180246,11179740,140194,907,0,0
C073608,5008641,60103692,2628390,31540680,107126880,70332851,68677095,770641,841,0,0
C073609,1800000,21600000,1143410,13720920,260200944,50122266,50122266,377414,757,0,0
C073610,5256885,63082620,3478784,41745408,504947098,58042566,16222671,354617,754,0,0
C073611,6829713,81956556,5138423,61661076,188660964,62034705,62034705,611262,697,1,1
C073612,4952657,59431884,2247861,26974332,205787977,44670975,34957316,768719,738,0,0
C073613,5143326,61719912,3213710,38564520,403819859,114875095,111646369,837464,736,0,0
C073614,6809455,81713460,4109357,49312284,148724575,154104556,108240445,1077302,829,0,0
C073615,9332222,111986664,6640570,79686840,486477186,76949492,76949492,1111135,777,1,0
C073616,2559890,30718680,1841299,22095588,106226126,31537169,16964006,226171,645,0,0
C073617,2382571,28590852,1771638,21259656,74165347,20480520,14070449,211663,708,1,0
C073618,6338369,76060428,2636165,31633980,369599126,45323702,45323702,507143,844,0,0
C073619,4933809,59205708,2492630,29911560,153112309,66959052,62245120,541595,871,0,0
C073620,1960088,23521056,1235446,14825352,80375235,26500612,12057999,95276,859,0,0
C073621,6466059,77592708,4171622,50059464,88819714,201302195,158224835,1635524,730,0,0
C073622,10299808,123597696,6097197,73166364,368548477,159284527,159284527,969318,814,0,0
C073623,4194207,50330484,1782094,21385128,603937857,80509586,64937531,461275,792,1,0
C073624,6676951,80123412,3259484,39113808,77150753,73770708,73770708,668191,805,0,0
C073625,2884307,34611684,1571938,18863256,183381430,34288841,24551639,244522,751,0,0
C073626,2503876,30046512,1903086,22837032,262193333,63588113,55135682,487845,770,0,0
C073627,3025537,36306444,1900489,22805868,290032504,51305964,43781318,453687,727,0,1
C073628,5241911,62902932,3471546,41658552,636266511,61263839,52921570,535437,733,0,0
C073629,4268366,51220392,2634594,31615128,214719060,104720405,74038365,853280,777,0,0
C073630,2833931,34007172,1229295,14751540,164709691,36874804,24155930,349657,739,0,0
C073631,2385284,28623408,1473855,17686260,33547306,77591614,73297230,516808,823,1,0
C073632,12000000,144000000,7899435,94793220,823079756,109221199,102356467,1287271,821,0,0
C073633,3451948,41423376,2746608,32959296,59533214,19703991,13105239,105719,930,0,0
C073634,6782449,81389388,4170563,50046756,189251202,97302610,88445643,588977,763,1,0
C073635,3446830,41361960,1226110,14713320,121454305,15598051,15598051,363433,748,1,0
C073636,1949587,23395044,869113,10429356,44608551,8355146,8355146,103695,787,0,0
C073637,1844259,22131108,920778,11049336,73462901,42047414,41396530,144444,773,0,0
C073638,5126161,61513932,4066115,48793380,110788357,109617806,109617806,1421368,603,3,1
C073639,5779494,69353928,4208837,50506044,83253793,107850420,43773879,715124,778,1,0
C073640,2388144,28657728,914892,10978704,123300377,24570411,21080072,430462,717,0,0
C073641,3801521,45618252,1879317,22551804,269704555,141964546,124850265,903041,663,0,0
C073642,3531986,42383832,1803602,21643224,145541927,48134789,24550139,553714,758,1,1
C073643,4288347,51460164,2465472,29585664,71641491,21018514,6617309,122203,876,0,0
C073644,4485122,53821464,2669149,32029788,168176756,94381701,78983871,457419,771,1,0
C073645,6169064,74028768,3476398,41716776,502820348,64710697,51835032,399088,781,0,0
C073646,11448147,137377764,5060323,60723876,473861184,276619508,276619508,2574085,781,1,0
C073647,2386183,28634196,1523197,18278364,34857874,47395973,40825712,258080,700,0,0
C073648,2787173,33446076,1437741,17252892,57412083,66448772,57328948,270938,749,0,0
C073649,2116554,25398648,1318376,15820512,34845631,37121282,24854273,70823,823,0,0
C073650,3823882,45886584,1954981,23459772,133630171,87514869,67218093,686418,742,1,0
C073651,8156877,97882524,5850726,70208712,274805964,72126249,26686350,739850,835,0,0
C073652,2916040,34992480,1407233,16886796,175193347,25696287,25600563,151105,808,0,0
C073653,3625655,43507860,2105562,25266744,55077337,41023166,31201680,92485,737,0,0
C073654,2778049,33336588,1801593,21619116,122083946,29264847,29264847,223591,859,0,1
C073655,4100288,49203456,2256894,27082728,167181597,101790252,84762655,703972,821,0,0
C073656,3749253,44991036,2976944,35723328,61749627,46921663,31847350,276109,735,0,0
C073657,4403369,52840428,2340301,28083612,303042211,84098961,63486662,393919,779,0,0
C073658,4929431,59153172,3347479,40169748,210726919,27050241,16432853,477023,692,0,0
C073659,2357854,28294248,1694283,20331396,170792224,44289059,44289059,376739,795,0,0
C073660,6660211,79922532,4855589,58267068,422185305,240892033,218569902,1927330,709,1,1
C073661,6285841,75430092,2654425,31853100,465958433,37899234,33017866,320439,790,0,0
C073662,4004556,48054672,3058381,36700572,103453402,53896589,46880705,444340,787,0,0
C073663,4765144,57181728,2558678,30704136,293690202,67960689,67960689,681348,876,0,0
C073664,3415000,40980000,2068478,24821736,215719196,89818132,83845946,534576,754,0,0
C073665,3482993,41795916,1397962,16775544,154927959,24276341,17323596,350901,802,1,0
C073666,7950448,95405376,4752892,57034704,1335675264,231923638,197800634,2033457,765,0,1
C073667,5493241,65918892,3098784,37185408,51743241,38921100,20036303,240885,874,0,0
C073668,2817927,33815124,1781850,21382200,68494742,16902171,13921834,152425,802,0,0
C073669,8147489,97769868,5856816,70281792,876934855,91395784,91395784,701505,785,0,0
C073670,4685817,56229804,3666959,44003508,83864405,81347607,81347607,814260,823,0,0
C073671,5594890,67138680,3661344,43936128,314422785,215401179,199067450,1174723,686,0,0
C073672,6862290,82347480,4110685,49328220,218337945,112697952,101849409,943795,749,0,0
C073673,1800000,21600000,1333327,15999924,104868129,20840776,11063989,166358,813,0,0
C073674,3449543,41394516,1463417,17561004,156667287,55930342,34080821,220211,853,0,0
C073675,2476678,29720136,1341641,16099692,19761648,29597956,18675778,115465,827,0,0
C073676,4393916,52726992,2894198,34730376,423522930,58438715,51892809,475065,836,0,0
C073677,5303661,63643932,2597541,31170492,280757119,129329659,122282318,1099439,750,0,0
C073678,2725433,32705196,1826099,21913188,95659670,34217232,18533149,324648,827,0,0
C073679,4571680,54860160,3159701,37916412,176657054,72541844,54039014,550474,760,0,0
C073680,6041700,72500400,2274809,27297708,97623097,95665448,70728385,690327,910,0,0
C073681,3340348,40084176,1380097,16561164,561178464,41277603,40925014,399503,829,0,0
C073682,2141332,25695984,980128,11761536,109136925,84446136,71059704,434445,820,0,0
C073683,3557653,42691836,2019932,24239184,86905580,82915559,66634389,551152,877,0,0
C073684,4500161,54001932,2949291,35391492,154295875,57241047,39071945,220940,712,0,0
C073685,1924907,23098884,1086415,13036980,45944789,13528376,9880066,156390,804,0,0
C073686,3924831,47097972,2168143,26017716,76210017,33862511,24641932,225492,853,0,0
C073687,2703315,32439780,2193119,26317428,26897015,21752715,16868038,166186,851,0,0
C073688,5236425,62837100,2957121,35485452,442440057,68496566,58385850,597333,799,0,0
C073689,5665680,67988160,2798324,33579888,156372834,51673092,51673092,640617,844,0,0
C073690,8268737,99224844,5796879,69562548,628469035,84452122,46335659,553144,701,0,0
C073691,2191525,26298300,1094716,13136592,107967875,37738101,29442529,167265,807,0,0
C073692,5238678,62864136,3527016,42324192,154244771,212268722,197001405,1134404,716,0,1
C073693,2398990,28787880,905640,10867680,100864882,15781028,7183607,146405,845,1,0
C073694,1931926,23183112,982467,11789604,45893160,32349529,22186557,286375,768,0,0
C073695,2552034,30624408,754268,9051216,149321706,22531398,9781765,183534,749,1,0
C073696,2226195,26714340,1041836,12502032,144908932,14179823,14179823,199090,768,1,0
C073697,7914980,94979760,5654340,67852080,356134907,130565118,106950698,304021,722,0,0
C073698,3689273,44271276,1197982,14375784,180300425,52327817,31724792,325654,817,0,0
C073699,3039157,36469884,2502388,30028656,236594842,53189386,51693763,429397,712,0,1
C073700,5173041,62076492,4115399,49384788,219118338,44486332,35978253,164639,728,0,0
C073701,5482198,65786376,3021896,36262752,466476922,44970641,44970641,598294,871,0,0
C073702,4078236,48938832,2546865,30562380,460827409,62750712,43976373,297053,726,0,0
C073703,7699486,92393832,4183945,50207340,569704170,92058235,74353630,662739,859,0,0
C073704,4767142,57205704,1527603,18331236,195307401,35000587,17304770,363107,865,0,1
C073705,3007950,36095400,1873025,22476300,79676911,13476872,10860975,67176,716,0,0
C073706,3452219,41426628,1773722,21284664,269007494,49122149,48720275,394251,712,0,0
C073707,2860333,34323996,1748548,20982576,80372589,17809998,17809998,57207,824,0,0
C073708,2538883,30466596,1305259,15663108,124216752,46821159,46821159,305250,764,0,0
C073709,4904419,58853028,3129254,37551048,823942392,77563300,74596459,674675,702,1,0
C073710,3518754,42225048,2920541,35046492,180863267,84336427,81312465,559756,730,0,0
C073711,4615220,55382640,3143799,37725588,260240159,156830649,131081919,791113,679,0,1
C073712,2965024,35580288,1508410,18100920,131213503,19123518,9523573,185469,796,1,0
C073713,7401892,88822704,5138297,61659564,192740904,43231527,29223780,1068878,769,0,0
C073714,3227984,38735808,1848133,22177596,45514972,25345228,14504867,68758,747,1,0
C073715,4797068,57564816,2313689,27764268,243606546,75242753,41107006,493919,755,0,0
C073716,5509052,66108624,2971223,35654676,227377554,72989361,65198540,634812,816,0,0
C073717,4348297,52179564,3129888,37558656,386362048,86154816,86154816,660015,801,0,0
C073718,3279567,39354804,2503675,30044100,186084239,37935534,28762164,214448,725,0,0
C073719,3126626,37519512,978820,11745840,72201554,33420661,18253801,229785,857,0,0
C073720,3115102,37381224,1476671,17720052,54686879,57257612,41644377,416311,818,0,0
C073721,4282961,51395532,1647085,19765020,92300320,21798013,19629207,105614,849,0,0
C073722,7228151,86737812,4511759,54141108,228341927,140539756,125057631,873625,769,1,0
C073723,7671249,92054988,3646620,43759440,550061267,59270163,47901808,261484,770,0,0
C073724,4212730,50552760,2629902,31558824,44375204,36233512,21244749,408472,798,0,0
C073725,4748355,56980260,3134100,37609200,113933521,71919947,65672446,404692,842,1,0
C073726,2657121,31885452,1633657,19603884,31250150,3166069,3166069,53142,812,0,0
C073727,1800000,21600000,929509,11154108,34876232,11664455,11664455,147783,828,1,0
C073728,2263770,27165240,1135082,13620984,49568018,24499717,22312542,50000,822,0,0
C073729,1953629,23443548,901095,10813140,122219436,61778430,53640880,367951,771,0,0
C073730,7732203,92786436,5239852,62878224,208256575,70092171,62890940,687855,950,0,0
C073731,1800000,21600000,1445921,17351052,82913572,62295319,60587006,368013,692,0,0
C073732,4496039,53952468,1266587,15199044,45869682,98650214,66626547,314176,784,1,0
C073733,8736007,104832084,5061210,60734520,357920833,152948914,123200227,1169835,810,0,0
C073734,4599594,55195128,3084777,37017324,113414670,15666291,15666291,107498,753,0,0
C073735,5297879,63574548,1986933,23843196,224177637,27517717,27517717,397212,860,0,0
C073736,2533913,30406956,1200309,14403708,146231555,42045588,22345425,215299,750,0,0
C073737,4953038,59436456,2679948,32159376,343737376,51251116,34950366,284963,861,0,0
C073738,2405703,28868436,1561052,18732624,404158104,39931781,19816146,278081,702,1,1
C073739,8464300,101571600,4874256,58491072,625175813,37416087,23647297,512688,795,0,0
C073740,5986096,71833152,3491474,41897688,132135730,73024830,42223666,271485,827,0,0
C073741,8883126,106597512,4835978,58031736,141482230,47973787,36111327,236544,848,1,0
C073742,2205512,26466144,1727029,20724348,222506108,32462619,24100400,185276,695,0,0
C073743,2257868,27094416,1701505,20418060,322096317,41679905,41679905,411296,743,0,1
C073744,1843389,22120668,1228882,14746584,14303007,34361089,32194334,207862,841,0,0
C073745,3965665,47587980,2920420,35045040,345146855,58428605,28303453,234471,826,0,0
C073746,5645484,67745808,3849550,46194600,103235283,112824960,80591343,901914,718,1,0
C073747,8215835,98590020,4220016,50640192,717853405,300253814,300253814,2500545,767,0,0
C073748,4930268,59163216,3099712,37196544,347549328,39727179,31590897,407573,838,0,0
C073749,6568643,78823716,2985301,35823612,377584503,97227828,83045346,728845,752,0,0
C073750,3094214,37130568,1402319,16827828,47967819,45665093,45665093,67823,844,0,0
C073751,4936574,59238888,3378439,40541268,579311018,40596225,15499660,366162,775,2,1
C073752,6873251,82479012,5015148,60181776,127592720,148378611,116555817,664710,869,0,0
C073753,2407159,28885908,1448155,17377860,132789385,39390384,25616207,339571,761,0,0
C073754,5798828,69585936,4480290,53763480,193866482,35108492,23910567,342864,704,1,0
C073755,1800000,21600000,530591,6367092,17117279,28795775,21509460,216514,800,0,0
C073756,3268170,39218040,2295716,27548592,122802344,33447740,16448879,241704,670,2,0
C073757,3471196,41654352,1523081,18276972,109238751,21188541,21188541,320067,795,0,0
C073758,6864485,82373820,3637621,43651452,233437462,267637337,267637337,1700140,756,0,0
C073759,4639569,55674828,2850854,34210248,226237042,36289257,31736446,491441,690,0,0
C073760,3276037,39312444,2255365,27064380,293656295,26776120,26776120,285863,834,0,0
C073761,4131227,49574724,3051556,36618672,78203592,83230021,69762094,577524,731,0,0
C073762,3476877,41722524,1365667,16388004,69053972,40399094,25354929,189583,889,0,0
C073763,6708346,80500152,4637321,55647852,123602428,105252817,91929884,596007,852,0,0
C073764,5047621,60571452,3235623,38827476,377120607,55997411,47038320,384953,908,0,0
C073765,5150587,61807044,4019178,48230136,217656361,34644801,34644801,703658,723,0,0
C073766,6395275,76743300,3749478,44993736,245259378,77193669,62742123,567466,781,0,0
C073767,3870291,46443492,1939364,23272368,141954235,76554164,59964790,615538,684,0,0
C073768,3529989,42359868,3126718,37520616,176913588,84628188,72558849,485852,681,0,0
C073769,3549482,42593784,2281792,27381504,75070047,21721255,11550540,272347,889,0,0
C073770,6179335,74152020,3552030,42624360,122513868,179561865,179561865,1448010,826,0,0
C073771,5029574,60354888,2763283,33159396,844968432,205166434,161993362,1485897,657,0,1
C073772,2332925,27995100,1061337,12736044,147284205,44936374,33758013,323242,734,1,0
C073773,4372401,52468812,2422312,29067744,655675523,32564857,22565158,169308,742,0,0
C073774,2328076,27936912,1075656,12907872,44160864,45067122,21736894,286213,772,0,1
C073775,4310179,51722148,2262472,27149664,152806621,43978509,31654591,379104,839,0,0
C073776,2088543,25062516,1246273,14955276,38712944,29466538,29466538,264868,891,0,0
C073777,5608438,67301256,4060474,48725688,209704036,84794575,50417607,755685,754,0,0
C073778,4839663,58075956,2692733,32312796,138629214,37182771,18413974,131325,778,0,0
C073779,5806059,69672708,3461463,41537556,218023004,104031973,104031973,887672,797,0,0
C073780,2152181,25826172,716740,8600880,76654181,37426121,29675522,180874,759,0,0
C073781,1800000,21600000,1031688,12380256,25666048,20145247,20145247,145793,824,0,0
C073782,3295324,39543888,1660698,19928376,198226775,22192913,22192913,251039,745,1,0
C073783,2327189,27926268,992771,11913252,129160215,29469043,16546566,273051,858,1,0
C073784,4097241,49166892,1883049,22596588,174258251,232208439,221251014,1798281,645,0,0
C073785,5985653,71827836,2812187,33746244,280973461,204250989,141505263,1595946,611,5,1
C073786,5665052,67980624,2276389,27316668,195063372,20280007,20280007,372552,841,0,0
C073787,2821865,33862380,1479545,17754540,292834148,50193620,31617171,272809,785,0,0
C073788,9486068,113832816,6168170,74018040,313835907,188663929,133217627,1608521,766,0,0
C073789,7474205,89690460,4149820,49797840,165852910,179825015,128340268,806837,721,0,0
C073790,3787949,45455388,2814451,33773412,268481574,44771696,44771696,245437,768,0,0
C073791,2965878,35590536,1310571,15726852,202100972,67754183,67754183,624284,790,0,0
C073792,2805752,33669024,1824490,21893880,143154428,66055075,52583582,511047,658,0,0
C073793,3772304,45267648,2527971,30335652,123765734,64955010,44321818,305444,795,0,0
C073794,8373523,100482276,3027729,36332748,742980867,108474858,86335922,842424,867,0,0
C073795,5345646,64147752,1952532,23430384,153362585,132537716,121790190,1223055,752,0,0
C073796,4891717,58700604,3166559,37998708,165336146,122307230,86837472,873847,701,0,0
C073797,2028112,24337344,1427851,17134212,102388934,18247474,12984734,181591,775,0,0
C073798,3010964,36131568,1616496,19397952,34337176,35586525,16914169,294083,780,0,0
C073799,3822109,45865308,1839888,22078656,532082666,72846640,71061849,761719,799,0,0
C073800,4853594,58243128,2867287,34407444,309076313,32555409,32555409,507750,871,0,0
C073801,5212443,62549316,2251481,27017772,386332517,74018514,65780963,696909,742,0,0
C073802,1812658,21751896,1486223,17834676,168683721,88637540,88637540,517989,748,0,0
C073803,3246824,38961888,2077976,24935712,134392737,41974341,27617333,350870,793,0,0
C073804,5370067,64440804,2968467,35621604,200645127,76399403,65992597,532474,788,0,0
C073805,1800000,21600000,1369198,16430376,33402462,44482743,37492689,384181,752,0,1
C073806,2724505,32694060,1089733,13076796,59807193,29381081,29381081,217604,854,0,0
C073807,3496902,41962824,1450898,17410776,31834920,65748197,53891368,189858,874,0,0
C073808,4809789,57717468,3523978,42287736,161713493,37912580,30083134,496902,743,1,0
C073809,5087982,61055784,3341687,40100244,557361852,89710148,83896360,610627,764,0,0
C073810,2813730,33764760,2155309,25863708,263147631,19536664,11737401,56275,799,0,0
C073811,2732411,32788932,1911817,22941804,187219769,12974758,12015532,264589,704,0,0
C073812,2268458,27221496,1575369,18904428,168060773,31444357,31444357,409723,817,0,0
C073813,2205067,26460804,1067560,12810720,30872306,29064990,19405533,205749,735,0,1
C073814,3332129,39985548,2002900,24034800,261338402,45964210,44270744,362593,771,0,0
C073815,4325179,51902148,2263939,27167268,48195855,120759867,113089397,913058,748,0,0
C073816,4671833,56061996,3203226,38438712,92926807,192385609,184397901,1363054,694,0,1
C073817,2096976,25163712,973514,11682168,156192688,82809669,73414228,560811,701,1,1
C073818,3438173,41258076,1528266,18339192,127367149,54652751,47472686,328382,796,0,0
C073819,3812636,45751632,3063680,36764160,584927065,58606383,40232779,406782,783,0,0
C073820,4201363,50416356,2157271,25887252,151659540,25385503,25385503,573185,775,0,0
C073821,6826498,81917976,2494595,29935140,810212355,105946464,82686538,581086,796,0,0
C073822,3095153,37141836,888714,10664568,229822053,41355212,41355212,351130,833,0,0
C073823,4811291,57735492,3696992,44363904,91774843,61829936,60750605,330011,873,0,0
C073824,3547543,42570516,1210839,14530068,595987224,79927713,65939172,380714,791,0,0
C073825,5834989,70019868,2345324,28143888,198127592,33369219,33369219,175703,753,0,0
C073826,4646480,55757760,2096038,25152456,109310768,45803593,31265069,422437,910,0,0
C073827,1800000,21600000,450000,5400000,131477893,21760663,15615658,58053,773,0,0
C073828,3887623,46651476,2541980,30503760,317164519,68829089,57529385,584609,817,1,1
C073829,7500752,90009024,4599157,55189884,595542752,81320242,40712382,804514,799,0,0
C073830,6020986,72251832,3243608,38923296,730992769,50753806,45308233,323690,752,1,0
C073831,3841396,46096752,2735148,32821776,70674514,231438442,201452967,1261212,754,0,0
C073832,3922727,47072724,2035446,24425352,47946990,27721269,23061810,95671,743,0,0
C073833,2267466,27209592,1638403,19660836,250522290,42467501,38052815,284819,795,0,0
C073834,6061068,72732816,3554427,42653124,191058926,45395677,45395677,589874,788,0,0
C073835,4078644,48943728,2607821,31293852,122893041,13716837,13716837,250004,715,0,0
C073836,2333444,28001328,1157182,13886184,160083987,17815712,17815712,185703,710,0,0
C073837,3734107,44809284,2930865,35170380,489349158,25297766,21756689,240384,775,1,0
C073838,4326144,51913728,2385131,28621572,190931475,59145534,59145534,436904,876,0,0
C073839,3562236,42746832,2873368,34480416,249527410,132898591,99126096,601595,661,1,1
C073840,3877504,46530048,2956057,35472684,83647975,47019837,47019837,407054,873,0,0
C073841,3978134,47737608,2190032,26280384,211636353,67193517,46393055,246331,723,0,0
C073842,4594033,55128396,4132798,49593576,170447700,109008137,84282758,820610,658,1,1
C073843,3373964,40487568,1904361,22852332,343485982,38141518,27256368,283806,775,0,0
C073844,2348756,28185072,1631478,19577736,22836782,96353254,89245997,738239,681,0,1
C073845,2237409,26848908,1091072,13092864,158479381,78460903,73927441,454102,761,0,0
C073846,2116236,25394832,1648893,19786716,45819597,47914500,40550876,198377,806,0,0
C073847,4679662,56155944,2548796,30585552,265997956,50189868,50189868,253469,805,0,0
C073848,3978193,47738316,2013423,24161076,190834760,70616638,46253786,441337,862,0,0
C073849,4025621,48307452,2453048,29436576,453056923,28267474,28267474,269948,807,0,0
C073850,2910723,34928676,1425516,17106192,151440715,41320754,34931582,356338,868,0,0
C073851,1800000,21600000,1055013,12660156,78089023,13172923,10653728,225074,764,0,0
C073852,2518468,30221616,1872261,22467132,94858342,30035147,21456287,137134,689,0,0
C073853,4885811,58629732,2820538,33846456,483886952,71215867,67258115,273262,756,0,0
C073854,2314946,27779352,1410921,16931052,65553383,59614917,55890115,511026,696,0,1
C073855,5449388,65392656,2776003,33312036,690984278,39474576,25547200,108988,724,0,0
C073856,3291464,39497568,1447322,17367864,123101735,66636261,66636261,555878,871,0,0
C073857,4208473,50501676,2322874,27874488,177755652,71789197,57375993,566925,780,0,1
C073858,6151524,73818288,3450823,41409876,163660974,45585604,28460628,180559,896,0,0
C073859,9043428,108521136,4619801,55437612,353308534,477598763,412856594,2382141,738,0,0
C073860,4547748,54572976,3069565,36834780,198066896,69729011,69729011,711063,774,0,0
C073861,2082943,24995316,1376027,16512324,203023288,40293615,33223261,438335,702,0,1
C073862,5123224,61478688,2747969,32975628,67351437,61364413,61364413,844752,682,1,1
C073863,2311644,27739728,1239940,14879280,57804985,11962206,7521163,209111,738,0,0
C073864,3600877,43210524,2057812,24693744,17235305,43777891,23250547,231053,801,0,0
C073865,8232940,98795280,5585955,67031460,762708602,170591227,142410817,911039,789,0,0
C073866,2211730,26540760,952822,11433864,32751408,56763167,50098715,263282,822,0,0
C073867,1904157,22849884,627619,7531428,29032276,13298381,13157360,130238,906,0,0
C073868,4679052,56148624,2822816,33873792,73693450,74948992,52940843,530647,721,0,0
C073869,3486195,41834340,2417233,29006796,157133807,29705848,22844185,476223,838,0,0
C073870,3459275,41511300,1985480,23825760,314839432,23191480,14941299,381412,807,0,0
C073871,4552669,54632028,2154781,25857372,77586552,109415248,92238880,960122,744,0,0
C073872,5201437,62417244,4714224,56570688,178630912,49299950,34349407,450214,692,0,1
C073873,2955882,35470584,1528331,18339972,210591998,43193432,34481729,305319,807,0,0
C073874,4160093,49921116,1040023,12480276,323394572,107609929,72983323,718528,842,0,0
C073875,2028912,24346944,1185851,14230212,151111404,5061037,5061037,50000,765,0,0
C073876,5075145,60901740,3482229,41786748,500688513,64852542,31656751,587406,749,0,0
C073877,6533275,78399300,4331404,51976848,171709436,8721758,8721758,130666,722,0,0
C073878,3384841,40618092,1987600,23851200,74887319,52791610,38259899,305672,788,0,0
C073879,3937417,47249004,2842557,34110684,92013144,33864887,18990578,298737,707,0,0
C073880,2864603,34375236,2089855,25078260,66825506,35398961,22073868,554798,651,1,0
C073881,4988627,59863524,2226998,26723976,308293771,86627377,64884476,481501,742,0,0
C073882,1800000,21600000,869675,10436100,45222294,29272711,13913151,285756,748,1,1
C073883,3625462,43505544,1892624,22711488,186587639,104373625,78493268,454015,727,0,0
C073884,3993708,47924496,3189445,38273340,635719154,43451132,41123582,524699,759,1,0
C073885,4416639,52999668,2672940,32075280,147559908,39219373,33405429,263770,873,0,0
C073886,5900017,70800204,4479245,53750940,397443541,73003418,55224677,524640,802,0,0
C073887,7654116,91849392,4629501,55554012,518064966,72904683,58671864,605036,852,0,0
C073888,9848672,118184064,6562043,78744516,188405059,261952186,235370496,1734344,782,0,0
C073889,7753842,93046104,5160224,61922688,549053005,149651210,122020888,1414683,716,0,0
C073890,2766106,33193272,1272276,15267312,55003832,14621074,14621074,86650,731,0,0
C073891,6946101,83353212,3269160,39229920,181485716,52258099,46549770,350212,734,0,0
C073892,3366360,40396320,2037729,24452748,298017619,45972703,45972703,495643,662,0,0
C073893,4659875,55918500,2540511,30486132,151936941,20755061,20294319,93198,806,1,0
C073894,3402762,40833144,2797423,33569076,214819961,78692798,66014698,350936,843,0,0
C073895,3753098,45037176,2253665,27043980,427627499,41380425,26482261,310858,884,0,0
C073896,3810887,45730644,1439358,17272296,114453052,52924153,52924153,481835,793,0,0
C073897,5103562,61242744,3214590,38575080,317387475,35198186,13173219,392391,818,1,0
C073898,4579292,54951504,1545585,18547020,363602966,41622332,34904065,408817,798,0,0
C073899,5062702,60752424,2650224,31802688,415512640,82280451,82280451,623759,688,0,0
C073900,1930482,23165784,1084497,13013964,261148656,8244719,7211965,50000,753,0,0
C073901,6726335,80716020,5608787,67305444,150777510,80464293,51379605,651973,649,0,0
C073902,3764625,45175500,2142855,25714260,305940401,63517253,47483068,400665,771,0,0
C073903,2427221,29126652,1188818,14265816,67259903,47843903,38861795,504345,758,0,0
C073904,5943082,71316984,3230984,38771808,192711509,39950786,25082936,411237,806,0,0
C073905,2699374,32392488,1250300,15003600,92108286,37352155,26524168,211040,822,0,0
C073906,5846286,70155432,3281103,39373236,134803278,80961322,62418605,697306,635,0,0
C073907,4659851,55918212,3068274,36819288,421410062,90404558,83826399,386780,789,0,0
C073908,7501365,90016380,6088564,73062768,172534799,95691085,35621495,817916,696,0,1
C073909,4424365,53092380,2179787,26157444,158488842,123966595,117978460,867122,892,0,0
C073910,2961704,35540448,2218685,26624220,228264422,15897437,10257315,332778,799,0,0
C073911,5125314,61503768,3438009,41256108,251961415,138493765,108279317,998584,676,0,0
C073912,4936037,59232444,2085463,25025556,279601842,39495286,39495286,357265,818,0,0
C073913,3324784,39897408,1511721,18140652,31097994,50430446,39349859,521796,807,0,0
C073914,3709198,44510376,1806001,21672012,160798793,22665409,7490593,376143,791,0,0
C073915,10324292,123891504,5712684,68552208,550454624,250139008,180950183,1915093,656,0,0
C073916,3132560,37590720,2004263,24051156,241843915,59858246,46996866,422005,881,0,0
C073917,2781375,33376500,2031757,24381084,45953858,55690187,40744101,346018,834,0,0
C073918,12000000,144000000,5237537,62850444,1060365845,81529703,81529703,1398398,707,0,0
C073919,4010538,48126456,2269073,27228876,156208171,105059297,101970651,653279,741,0,1
C073920,4796919,57563028,3309621,39715452,61401952,58152328,44084478,590780,788,0,0
C073921,6739756,80877072,4329961,51959532,115128080,64905866,29699006,156131,800,0,1
C073922,7463389,89560668,5798802,69585624,922375524,149534841,104502998,1031863,724,1,0
C073923,2077967,24935604,1233117,14797404,34914321,25932910,16793093,175661,870,0,0
C073924,3511727,42140724,2397520,28770240,152005502,69597310,69597310,767774,833,0,0
C073925,2181693,26180316,1472176,17666112,366524424,15589980,12008200,235753,802,0,0
C073926,3040284,36483408,1610580,19326960,415445208,34663990,22878494,172251,783,0,0
C073927,7022837,84274044,5299182,63590184,465124717,125680726,99677949,960395,734,0,0
C073928,5210907,62530884,3040841,36490092,178026844,81390410,65980934,688533,823,0,0
C073929,1800000,21600000,1031874,12382488,50229660,20248116,7547025,80855,829,0,0
C073930,3715521,44586252,2356966,28283592,123483652,15694804,12224185,337410,769,0,0
C073931,3466012,41592144,2600702,31208424,582290016,129827200,114506060,906889,649,1,0
C073932,4185249,50222988,1046312,12555744,122612614,66542479,62314412,448885,775,0,0
C073933,4578034,54936408,2730571,32766852,60792250,13452383,13452383,91561,683,1,0
C073934,1800000,21600000,828557,9942684,172598381,20310125,12092497,269914,714,1,1
C073935,10968076,131616912,9441128,113293536,622255004,702256179,592276104,4887806,628,0,1
C073936,6308171,75698052,3511587,42139044,272879931,173434073,155989521,1138964,804,0,0
C073937,3313252,39759024,1645209,19742508,90223218,53220686,41591098,443774,849,0,0
C073938,2696634,32359608,1290772,15489264,59555393,67576058,67576058,579217,828,0,0
C073939,4100620,49207440,1359645,16315740,186608332,35430343,12366525,164508,895,0,0
C073940,5460184,65522208,4509582,54114984,147020760,46173719,45514674,541781,660,0,0
C073941,2530256,30363072,1413681,16964172,216068761,34014981,23738117,290695,795,0,0
C073942,3251332,39015984,1822846,21874152,24355168,38075784,34910596,512527,730,0,0
C073943,2100721,25208652,1034486,12413832,80832800,10772177,5892620,159978,786,0,0
C073944,8091996,97103952,5616768,67401216,121928801,70842592,52412659,1084315,788,0,0
C073945,5257512,63090144,2919590,35035080,248668865,59254066,54695219,570253,825,0,0
C073946,4515338,54184056,1461090,17533080,758576784,50899752,45492512,599366,820,0,0
C073947,4961414,59536968,3908162,46897944,128236746,60209037,52277666,574651,786,0,0
C073948,5689122,68269464,3387487,40649844,96019431,134319015,112225805,927870,792,0,0
C073949,4541038,54492456,2359398,28312776,386673010,50901865,47859234,625605,799,0,0
C073950,3661081,43932972,1931196,23174352,327602555,81603618,77343446,565337,795,1,1
C073951,3905717,46868604,2388374,28660488,74099720,53235870,48611097,155295,807,0,0
C073952,7133746,85604952,4542061,54504732,192552298,93567554,78940247,795768,807,0,0
C073953,7369547,88434564,4453576,53442912,581043361,103423774,50451708,547380,702,1,0
C073954,2942580,35310960,1382910,16594920,126923143,27097028,24143194,216043,834,0,0
C073955,1800000,21600000,1411858,16942296,49477587,9571809,4654557,198985,749,1,0
C073956,3795081,45540972,2467947,29615364,637573608,32265618,29915929,298801,797,0,0
C073957,7616281,91395372,3278619,39343428,91270714,72599679,44315835,588164,870,1,0
C073958,3375140,40501680,2351139,28213668,94271774,87724819,78686113,257092,717,1,0
C073959,2714510,32574120,2152437,25829244,99216271,74623045,74623045,473507,782,0,0
C073960,4297922,51575064,2966584,35599008,88870444,38951967,34269593,660426,692,0,0
C073961,6631416,79576992,4291847,51502164,156007226,93303465,87171698,742234,820,0,0
C073962,2990925,35891100,1892402,22708824,117526210,25684332,20083659,373762,829,0,0
C073963,5279920,63359040,2366156,28393872,198815364,76783634,73807297,508476,880,0,0
C073964,3337071,40044852,2437747,29252964,54231008,108589357,92186403,546865,731,0,0
C073965,3996100,47953200,2302335,27628020,182393354,42871453,28822733,208361,756,0,0
C073966,12000000,144000000,7816790,93801480,195154420,39838507,39838507,240000,811,0,0
C073967,3924215,47090580,2506366,30076392,311645846,58966282,28226108,397398,669,0,0
C073968,2722790,32673480,1986063,23832756,307337017,44332172,37893999,311593,834,0,0
C073969,3641418,43697016,2753869,33046428,169749482,75893667,52398864,707793,765,0,0
C073970,6645433,79745196,5148158,61777896,1052852872,61063888,57244363,314814,763,0,0
C073971,3610782,43329384,1297247,15566964,252919596,45018802,43227678,622395,688,0,0
C073972,3851574,46218888,962894,11554728,188167483,27442767,17507818,418283,821,0,0
C073973,3787391,45448692,1332035,15984420,383733590,24086529,24086529,285849,820,0,0
C073974,4351028,52212336,3134865,37618380,216087451,91062245,78162679,809072,700,0,0
C073975,6438997,77267964,3506573,42078876,230018052,164736728,131131955,817810,841,0,0
C073976,1818429,21821148,758021,9096252,237584757,61925449,57275963,411029,798,1,0
C073977,6555103,78661236,4609590,55315080,1029564682,188465737,149782323,1143422,815,1,0
C073978,4476895,53722740,2348120,28177440,172162324,74190665,59609849,432672,817,1,0
C073979,7070507,84846084,4516890,54202680,556887725,71393205,34440761,528560,724,0,0
C073980,4354825,52257900,2192726,26312712,94308773,47078641,26606325,366027,810,0,0
C073981,6644322,79731864,3514898,42178776,85393092,39891175,34075031,292870,859,1,0
C073982,4542265,54507180,2154227,25850724,212911344,39982784,39982784,404615,755,0,0
C073983,2861087,34333044,1876869,22522428,90763354,29492246,24468831,289534,688,0,0
C073984,5808916,69706992,3898966,46787592,381357782,120184964,105325020,1042069,761,0,0
C073985,3640245,43682940,2351644,28219728,611561160,64120070,48125793,518833,752,0,0
C073986,2672974,32075688,1623248,19478976,339882720,37400934,29026912,248228,728,0,0
C073987,5175801,62109612,3346580,40158960,60002599,59245066,45678034,299576,841,0,0
C073988,2608833,31305996,1389353,16672236,114229053,43905541,38511753,310863,812,0,0
C073989,2824127,33889524,1266088,15193056,219190118,22940009,14007271,164002,775,0,0
C073990,2960185,35522220,1497725,17972700,101670984,47523724,37834463,149523,888,0,0
C073991,3794385,45532620,1944601,23335212,135494477,13763561,9492212,226638,812,1,0
C073992,5692211,68306532,3348289,40179468,155768919,57543294,35058682,284878,742,0,0
C073993,5961780,71541360,3045179,36542148,249780304,114665568,114665568,985010,879,0,0
C073994,4439597,53275164,2424484,29093808,182470100,50301335,46525429,320021,799,0,0
C073995,3885719,46628628,1312404,15748848,104182142,39724715,15866280,89746,866,0,0
C073996,7051052,84612624,3015428,36185136,84765202,63008161,53568926,720688,862,0,0
C073997,8263057,99156684,5462650,65551800,1019486797,316529420,309527356,2483474,689,0,0
C073998,5418060,65016720,3734641,44815692,386270318,279740072,253184784,1545690,760,0,0
C073999,3123672,37484064,1671608,20059296,146501938,22332289,12931269,179935,716,0,0
C074000,2000487,24005844,1328299,15939588,28198031,16081540,12240824,141336,789,0,0
C074001,6050878,72610536,3419660,41035920,134282405,82492743,82492743,408567,740,0,0
C074002,5558974,66707688,2936578,35238936,403661916,50383860,30975961,258768,818,0,0
C074003,3269175,39230100,1199370,14392440,173805513,46039930,35949431,471089,713,0,0
C074004,1987133,23845596,1244213,14930556,163989516,45811612,38743978,216270,788,0,0
C074005,3796444,45557328,2795134,33541608,92997366,209912012,205007976,1356481,610,0,1
C074006,6073294,72879528,2912081,34944972,379327316,72540385,72540385,620980,873,0,0
C074007,4203741,50444892,2839268,34071216,427597617,33453865,19199365,770955,695,1,0
C074008,4872927,58475124,2265258,27183096,359999109,85803382,67628909,489775,818,0,0
C074009,1800000,21600000,1495701,17948412,19725947,31287768,23556656,242730,737,1,0
C074010,5274794,63297528,2531412,30376944,531912125,184611269,135645086,947031,714,0,0
C074011,3901721,46820652,2889104,34669248,87401490,83138260,56812692,792562,673,0,1
C074012,5638131,67657572,3095243,37142916,614402690,72549160,60004846,293848,790,0,0
C074013,2199254,26391048,1666524,19998288,133685161,18291729,12296799,123131,741,0,0
C074014,4411263,52935156,3173355,38080260,79549075,49441480,16715006,336017,744,0,0
C074015,4364778,52377336,2159540,25914480,81132366,32379547,20652528,410989,779,0,0
C074016,2287337,27448044,934454,11213448,47329289,16167903,11003960,50000,779,1,0
C074017,4056774,48681288,2159613,25915356,230995978,77696892,72752063,862318,783,0,0
C074018,2299022,27588264,1305736,15668832,60680881,22297795,21374165,235896,793,0,0
C074019,5922056,71064672,3295902,39550824,229461115,88249872,88249872,686050,775,0,0
C074020,7842013,94104156,5142148,61705776,171938235,222807187,178848288,1414626,704,0,0
C074021,4596722,55160664,3022923,36275076,184130493,122935198,108961052,981579,745,0,0
C074022,3194935,38339220,1940399,23284788,73066128,114875636,114875636,765552,776,0,0
C074023,9754961,117059532,6746036,80952432,391285484,185335349,136463492,1254633,801,0,0
C074024,3327863,39934356,2402507,28830084,143056348,81188278,81188278,376982,680,4,1
C074025,3813580,45762960,2220058,26640696,181473623,69796881,40086315,526919,707,0,0
C074026,2374703,28496436,1113388,13360656,108153010,24769336,13421114,169403,766,0,0
C074027,2961087,35533044,1586798,19041576,298624788,84298596,78827596,642292,817,0,0
C074028,5475484,65705808,2825375,33904500,307629678,102262962,88302999,270192,740,0,0
C074029,3091972,37103664,2402102,28825224,519451296,81562382,66270606,453782,817,0,0
C074030,4764071,57168852,3235096,38821152,414981462,26862887,20033219,297155,834,0,0
C074031,3850126,46201512,2441205,29294460,436762726,73664097,63036119,413095,878,0,0
C074032,5655553,67866636,3808034,45696408,146646545,118048370,107180303,331236,805,0,0
C074033,8274702,99296424,6340822,76089864,650055784,85488732,52489210,494890,787,0,0
C074034,3128212,37538544,1673093,20077116,304470893,7827583,6297244,69793,794,0,0
C074035,2661456,31937472,2325990,27911880,212800191,60116034,54194244,539006,723,0,0
C074036,3836003,46032036,1740315,20883780,385688627,32454485,22854596,322078,769,1,0
C074037,4235960,50831520,3642239,43706868,156373921,45803939,45803939,428179,727,0,1
C074038,3662698,43952376,2014613,24175356,133075779,28105764,28105764,585993,669,1,1
C074039,10934051,131208612,5563997,66767964,880477331,199326386,195739669,1308837,775,0,0
C074040,2791457,33497484,1927311,23127732,192126263,34710060,14448742,233374,759,0,0
C074041,4265192,51182304,2976443,35717316,404716725,109514399,91335200,529661,739,0,0
C074042,3831750,45981000,2484255,29811060,103446373,46385306,40486749,477808,825,0,0
C074043,3032470,36389640,1898064,22776768,383729425,63279563,39050781,377096,707,2,0
C074044,6545240,78542880,2227356,26728272,281247844,151918807,113601816,818946,718,0,0
C074045,8699358,104392296,4997391,59968692,765485375,120519275,73981942,1109697,674,0,0
C074046,3052033,36624396,2009383,24112596,48361638,35499297,29736376,346308,797,0,1
C074047,2189531,26274372,1473254,17679048,77254825,9621248,9621248,96036,803,0,0
C074048,2333539,28002468,1588557,19062684,136331821,39240036,35186002,348158,785,0,0
C074049,3263107,39157284,2717693,32612316,365421020,79315030,65387980,578563,814,0,0
C074050,3259748,39116976,843383,10120596,63314884,43241078,28426164,251799,764,0,0
C074051,4895916,58750992,3872894,46474728,208349712,91193287,53545337,713024,705,0,1
C074052,4682975,56195700,2096451,25157412,786739800,130726356,122167225,790223,647,0,0
C074053,4458651,53503812,3318952,39827424,154105646,31641628,31641628,329520,680,0,0
C074054,2799948,33599376,1643661,19723932,72827146,15219637,6850711,85424,869,0,0
C074055,3607078,43284936,1465857,17590284,165854853,47819207,22212497,136034,884,0,0
C074056,6816058,81792696,2411656,28939872,306050546,108412680,88440352,832299,811,0,0
C074057,3094857,37138284,2091941,25103292,151508867,73754836,56984325,411028,854,0,0
C074058,8605134,103261608,6005002,72060024,163553654,81526342,31880257,962430,795,0,1
C074059,3588057,43056684,1946083,23352996,119134510,55868729,26390667,488784,733,1,0
C074060,3181890,38182680,2044144,24529728,116086319,104214812,100398891,844902,707,0,0
C074061,2103235,25238820,1092955,13115460,291943139,36624603,31381368,219556,799,0,1
C074062,1800000,21600000,1025976,12311712,39784311,17066173,8480887,50000,779,0,0
C074063,2383106,28597272,1496536,17958432,101159632,18838060,14737268,297211,754,0,0
C074064,4258423,51101076,2432258,29187096,176585841,74893302,57160642,674170,878,0,0
C074065,2526675,30320100,1459179,17510148,104405056,40666879,35811462,242464,809,1,0
C074066,4522539,54270468,3632740,43592880,121305825,26493859,24125798,358678,821,0,0
C074067,1800000,21600000,907751,10893012,85556640,39590376,32585139,181889,693,0,0
C074068,3776086,45313032,2865651,34387812,144242413,35581057,24386023,301695,781,1,0
C074069,2411648,28939776,1018018,12216216,102291127,43223222,38768189,276294,776,0,0
C074070,4791331,57495972,2421891,29062692,130954183,52086786,52086786,485693,770,0,0
C074071,2941886,35302632,2522232,30266784,68096773,40118061,20612982,524506,719,0,0
C074072,3990581,47886972,1476283,17715396,352432893,45267003,43450555,331348,814,0,0
C074073,3151499,37817988,1954853,23458236,168815902,32303077,25287442,184129,764,0,0
C074074,2065498,24785976,1317838,15814056,37524558,13568748,13568748,171780,818,0,0
C074075,4806519,57678228,2349224,28190688,101033487,28943754,28943754,398249,838,0,0
C074076,7952155,95425860,6033026,72396312,118965598,92892511,64625637,1277316,717,0,0
C074077,5178509,62142108,1482703,17792436,266240693,110524929,98798745,1016983,758,0,0
C074078,4860089,58321068,2665184,31982208,180778613,66721535,50341323,656653,756,0,0
C074079,5830860,69970320,3237472,38849664,116423623,72158559,16877142,200521,743,0,0
C074080,4602417,55229004,1979603,23755236,368738128,59471590,37149759,607878,869,0,0
C074081,6893442,82721304,4695311,56343732,247224455,64175492,39168272,464226,877,0,0
C074082,3647408,43768896,1727316,20727792,612764544,27341721,27341721,336617,888,0,0
C074083,9751746,117020952,7861341,94336092,641698037,98319770,87866348,886450,769,0,0
C074084,3675157,44101884,1709884,20518608,84292091,31135316,22404773,284215,803,0,0
C074085,3718816,44625792,3186358,38236296,384210309,34387357,29142779,361300,695,0,0
C074086,6764532,81174384,4025672,48308064,324880263,86005975,81912197,855492,755,0,0
C074087,3685507,44226084,1163837,13966044,78206735,42284774,27534213,409888,878,0,0
C074088,3951052,47412624,3026803,36321636,88471311,67454124,40659265,426725,695,0,0
C074089,4736724,56840688,2082856,24994272,795769632,26278034,23529779,565906,850,0,0
C074090,8696193,104354316,4775081,57300972,1460960424,92922836,75414899,800595,748,0,1
C074091,5205713,62468556,3490351,41884212,77738714,72123757,36560617,169906,814,0,0
C074092,2132700,25592400,1127529,13530348,324845056,26430861,12764719,202114,719,0,0
C074093,2137323,25647876,1005985,12071820,38537842,46519794,31764965,237397,737,0,0
C074094,2942043,35304516,2307224,27686688,58030463,41114859,23661393,341969,830,0,0
C074095,6272421,75269052,3548043,42576516,192714536,96303625,81459587,819559,741,1,0
C074096,4589261,55071132,2452031,29424372,71330969,90570385,83445986,482899,798,0,0
C074097,3856854,46282248,2164098,25969176,166804130,88373305,88373305,682223,875,0,0
C074098,6451910,77422920,3917689,47012268,641396724,38093781,38093781,794498,843,0,0
C074099,3192438,38309256,2221761,26661132,474373124,36644714,36644714,412282,716,0,0
C074100,3949761,47397132,1842881,22114572,353191800,17078900,15274066,212332,825,0,0
C074101,3105844,37270128,1498580,17982960,77435979,32781891,21136242,147472,831,0,0
C074102,2847259,34167108,2334256,28011072,318125894,31062660,22911583,234880,777,0,0
C074103,3226935,38723220,1880929,22571148,116590059,19409047,19409047,64539,844,0,0
C074104,2842989,34115868,1357183,16286196,83393358,42940313,36120038,214166,801,0,0
C074105,3765163,45181956,2592174,31106088,378915918,114760498,96575922,600127,852,0,0
C074106,3913138,46957656,2484369,29812428,165058283,109283471,108527325,707295,862,0,0
C074107,2508318,30099816,1971393,23656716,45170867,31877542,13451136,369652,661,0,0
C074108,3267797,39213564,2090302,25083624,43802194,15068442,14302009,165454,799,0,0
C074109,5281565,63378780,3961220,47534640,166410911,117887440,117887440,1244437,749,0,0
C074110,4688039,56256468,3089832,37077984,100740362,26772963,20231517,340225,692,0,0
C074111,4965732,59588784,1740888,20890656,248391060,46911687,34506653,449438,863,0,0
C074112,3788169,45458028,1176243,14114916,380081580,19801345,19801345,535975,727,0,0
C074113,3908557,46902684,1467392,17608704,161722324,58435304,49466873,454901,782,0,0
C074114,3281989,39383868,2051717,24620604,138705732,40307904,40307904,375696,786,0,0
C074115,6552606,78631272,5081529,60978348,278223818,78355657,65063712,1233376,778,0,0
C074116,3939947,47279364,2789060,33468720,236997971,43187035,43187035,354256,779,0,0
C074117,2997189,35966268,1588838,19066056,109026576,31624003,18784509,59944,804,0,0
C074118,4763920,57167040,2290605,27487260,214586094,26481503,20566038,162841,838,0,0
C074119,2731927,32783124,1016812,12201744,97110895,116214926,112380600,804304,773,0,0
C074120,6774136,81289632,2923844,35086128,181674692,184686506,158595189,1231101,813,0,0
C074121,2595048,31140576,1336549,16038588,89954057,22197051,19334764,172291,809,1,0
C074122,3221099,38653188,2257797,27093564,278218684,77486907,50569537,439880,776,0,0
C074123,5048113,60577356,2846619,34159428,152130051,95580483,77817822,483583,834,0,0
C074124,4479025,53748300,3158759,37905108,121037122,52817194,29730249,316408,788,0,0
C074125,10895905,130750860,6973434,83681208,324633121,177130375,123425275,1694294,801,0,0
C074126,3570174,42842088,2507597,30091164,55328427,50965984,47584548,637099,793,0,0
C074127,3294291,39531492,1667998,20015976,128020642,118217898,94941882,749902,787,0,0
C074128,4057248,48686976,2423084,29077008,55388947,65990387,57802580,618325,818,0,0
C074129,6599433,79193196,3889028,46668336,36729512,52551550,52551550,308324,905,0,0
C074130,4766736,57200832,3291751,39501012,213359124,153928109,130604231,759357,690,0,1
C074131,2492658,29911896,1418952,17027424,74021539,110824893,105347639,770681,703,0,0
C074132,3734638,44815656,2402016,28824192,414458915,46810693,46810693,228787,813,0,0
C074133,4463338,53560056,2450654,29407848,223369718,51683945,41408825,191004,877,0,0
C074134,3615772,43389264,1009367,12112404,145896386,42653877,33386823,258749,721,0,0
C074135,6920216,83042592,4095820,49149840,260836897,149268475,103068707,1086685,786,0,0
C074136,3542725,42512700,1193392,14320704,140343259,28805048,8800459,338367,805,0,0
C074137,7858768,94305216,5044272,60531264,112367665,116498351,81836128,524629,816,0,0
C074138,3671452,44057424,1797926,21575112,70836175,33950503,27954702,439479,733,0,1
C074139,4017698,48212376,3507921,42095052,236059133,55803848,43928613,309600,746,0,0
C074140,4231074,50772888,2660506,31926072,119865814,212910981,212541695,1344249,616,0,0
C074141,1800000,21600000,1048707,12584484,47825819,22715467,22715467,192451,794,0,0
C074142,5127088,61525056,3997758,47973096,277892728,29639435,29639435,535984,750,0,0
C074143,4033292,48399504,2429391,29152692,105262742,70118675,50838445,520781,806,0,0
C074144,9191407,110296884,3836382,46036584,326387687,141706616,139310431,1746691,736,0,0
C074145,2726138,32713656,1555560,18666720,457991184,38185204,33845945,197740,726,0,0
C074146,5369226,64430712,2798754,33585048,82954319,61531741,46726917,216134,823,0,0
C074147,3241120,38893440,2268198,27218376,207498594,56802801,40318755,567041,691,0,0
C074148,3312813,39753756,2421823,29061876,69417914,24406031,24406031,483350,827,0,1
C074149,5972488,71669856,3661659,43939908,180753649,221055471,186245918,1359912,743,0,0
C074150,9718165,116617980,5424886,65098632,286997783,127577805,127577805,1240672,801,0,0
C074151,4978090,59737080,3180683,38168196,47143453,124015771,109256059,1039418,778,0,1
C074152,3623224,43478688,1964339,23572068,186115069,57449448,49008970,472550,760,0,0
C074153,9339914,112078968,7543299,90519588,659985653,32815721,32815721,664206,798,0,0
C074154,2353591,28243092,1311639,15739668,89297333,21672039,10023244,196944,777,0,0
C074155,4335929,52031148,2463921,29567052,225671118,72303171,53296659,550206,765,0,0
C074156,2902412,34828944,1549885,18598620,111670084,59580297,51875786,561684,742,0,0
C074157,3036440,36437280,1445099,17341188,144939091,24706544,17666119,218594,780,1,0
C074158,6636464,79637568,6498316,77979792,623750867,43815006,31214299,583809,807,0,0
C074159,9250357,111004284,3950121,47401452,403140902,100125847,50046852,772251,777,0,1
C074160,2975586,35707032,1230858,14770296,189737187,26547385,13942583,260536,751,0,0
C074161,3474487,41693844,1624612,19495344,145671493,18633648,16663354,349875,799,0,0
C074162,2992077,35904924,2316310,27795720,176206368,172629817,161572158,904137,585,0,1
C074163,9994627,119935524,3388719,40664628,1004084907,116159787,102091257,685684,789,0,0
C074164,3415220,40982640,2500158,30001896,361215596,61659631,55937531,378111,748,0,0
C074165,6791456,81497472,3365381,40384572,377013246,87539775,78546449,905689,809,0,0
C074166,4121779,49461348,3033351,36400212,211547748,75220377,65039884,670965,757,0,0
C074167,3215667,38588004,1508788,18105456,108150127,23809147,7664493,219143,896,0,0
C074168,6239848,74878176,3907224,46886688,86730952,132659424,104446782,736368,841,0,0
C074169,6053926,72647112,3805131,45661572,323003073,83693883,61559471,709769,781,1,0
C074170,2579874,30958488,1322427,15869124,91992618,103243173,97171885,581123,762,0,0
C074171,7341784,88101408,5125887,61510644,157008363,69359664,37770984,728592,804,0,0
C074172,3219387,38632644,1397975,16775700,157073792,60344011,34194581,104827,797,0,0
C074173,3940061,47280732,2893443,34721316,344515282,65056062,50397922,426710,703,0,0
C074174,2306056,27672672,1558176,18698112,103873197,59207638,54433140,457945,744,0,1
C074175,7731311,92775732,4424861,53098332,432270328,75016604,48503250,589481,834,0,0
C074176,4200316,50403792,2087471,25049652,96786248,245047319,226817064,1428245,761,1,0
C074177,7597708,91172496,4970836,59650032,616290071,100292468,87875901,371785,795,0,1
C074178,4388560,52662720,2765281,33183372,244406117,88828962,88828962,635810,760,0,0
C074179,6998678,83984136,4565035,54780420,78252166,84127283,80127926,818973,861,0,0
C074180,4656311,55875732,2401485,28817820,84903235,33046835,9595028,236707,839,0,0
C074181,4638306,55659672,2573508,30882096,92586598,65518285,55318654,364195,794,0,0
C074182,3309786,39717432,1004494,12053928,92091791,21177768,13789061,164967,749,0,0
C074183,3039031,36468372,1976011,23712132,225561513,101609478,86148203,639773,737,0,0
C074184,2134559,25614708,1223468,14681616,37407403,20470423,8392030,104176,854,0,0
C074185,2206864,26482368,1244778,14937336,168149369,41664693,37991450,461506,797,0,0
C074186,1800000,21600000,1184875,14218500,115849763,18441396,17458039,182481,840,0,0
C074187,2267876,27214512,1053533,12642396,44523474,24311484,19595056,79425,746,0,0
C074188,2118650,25423800,938790,11265480,163834224,9812011,9812011,70494,793,0,0
C074189,4246789,50961468,3044014,36528168,266971213,89687880,48152171,493436,621,0,1
C074190,1800000,21600000,844877,10138524,177144301,31963337,28519411,88235,810,0,0
C074191,7909284,94911408,5503426,66041112,274901415,68923253,67187142,1308325,759,0,0
C074192,2940712,35288544,1713007,20556084,168967476,64500311,58127836,269626,900,0,0
C074193,6049445,72593340,3947685,47372220,105097683,66153671,55553635,256328,773,0,0
C074194,2574107,30889284,1648300,19779600,173378271,10335190,6304415,104662,819,0,0
C074195,2422094,29065128,1383394,16600728,196734189,43083624,31612456,290987,743,0,0
C074196,6139225,73670700,4422545,53070540,173781182,59400639,29289340,616902,789,0,0
C074197,4137304,49647648,2623823,31485876,381264868,89490871,59018101,820183,707,1,0
C074198,5500900,66010800,2552437,30629244,171341936,24572982,24572982,480603,844,0,0
C074199,3374673,40496076,1994226,23930712,478961224,16141263,9865309,487446,791,0,0
C074200,5025577,60306924,2504353,30052236,192356668,82518604,81141037,792520,801,1,0
C074201,3808981,45707772,2620442,31445304,503487104,33638377,33638377,147647,845,0,0
C074202,5637266,67647192,3633898,43606776,155636477,72082911,68141606,575970,796,0,0
C074203,3838580,46062960,1953973,23447676,231263401,43197794,17727947,76772,838,0,0
C074204,6764680,81176160,3152999,37835988,210709988,69401514,61233657,433770,725,0,0
C074205,5748662,68983944,3137589,37651068,244364107,59201794,41800092,296769,822,0,0
C074206,1803998,21647976,800151,9601812,26239290,16093125,16093125,91341,847,0,0
C074207,2936916,35242992,1677504,20130048,493401888,19329760,16918404,218452,867,0,0
C074208,3466436,41597232,1770876,21250512,60846917,23366739,20709050,432712,844,0,0
C074209,4026929,48323148,1569068,18828816,321033031,31409691,12797509,177627,838,0,0
C074210,3858114,46297368,1774094,21289128,115684261,34090920,26583433,195162,830,0,0
C074211,6786499,81437988,4471577,53658924,200465071,94180496,33757946,600397,714,0,0
C074212,6625349,79504188,3331916,39982992,338472490,45437592,45437592,384308,769,0,0
C074213,7672853,92074236,4114602,49375224,413058068,70375125,44159547,430935,761,0,0
C074214,5928588,71143056,3624532,43494384,207998069,105020371,78620388,890756,742,0,0
C074215,2775351,33304212,1884670,22616040,195584230,15501559,15501559,148470,787,0,0
C074216,3467560,41610720,1410747,16928964,212459668,16478033,10605737,184817,857,0,0
C074217,6421086,77053032,2610376,31324512,281097661,59852821,49757273,892561,677,0,0
C074218,8237046,98844552,3796984,45563808,983043754,30547474,23619725,323685,746,0,0
C074219,2483854,29806248,1508088,18097056,256004886,19114008,19114008,192262,790,0,0
C074220,4300824,51609888,2035877,24430524,451633194,51272330,37543062,524388,835,0,0
C074221,3701355,44416260,2882862,34594344,77314610,52568286,45242406,388843,846,0,0
C074222,3838352,46060224,2979577,35754924,299651005,154849061,140908673,913495,644,0,1
C074223,3528297,42339564,2191724,26300688,75784435,99086134,89978780,517317,739,0,0
C074224,1802242,21626904,1378205,16538460,212203197,25590894,24157686,188620,823,0,0
C074225,4981127,59773524,3533770,42405240,93927102,56696816,54488255,662544,751,0,0
C074226,3848323,46179876,3046455,36557460,522279590,85131748,63421684,619252,725,0,0
C074227,4952606,59431272,3316374,39796488,235082471,51276162,40883104,509967,738,0,0
C074228,4140550,49686600,2454972,29459664,398327687,41387433,29038151,171877,748,0,0
C074229,2608290,31299480,1399629,16795548,14618715,23593208,15634998,256541,758,0,0
C074230,2081624,24979488,919839,11038068,90366765,17237584,17237584,181356,866,0,0
C074231,3788011,45456132,2118364,25420368,259286788,73457522,59418237,520985,732,0,1
C074232,6078758,72945096,5191205,62294460,120499366,76112781,40103244,667661,693,0,0
C074233,6408108,76897296,4204961,50459532,141192081,55350013,53071565,307146,815,0,0
C074234,6232863,74794356,3261217,39134604,280364410,65895479,65895479,610433,835,0,0
C074235,7093990,85127880,4132757,49593084,320489863,129607332,72700107,648860,817,1,0
C074236,5237558,62850696,2677598,32131176,366221216,65815966,61549461,489414,743,0,0
C074237,2929679,35156148,1130094,13561128,52464662,44379708,25012602,323245,767,0,0
C074238,2256483,27077796,1368483,16421796,150515247,41319395,41319395,233036,834,0,0
C074239,6294761,75537132,2361744,28340928,829663454,44116795,33312907,764640,758,0,0
C074240,1943762,23325144,1181795,14181540,62906483,27437028,22750385,218122,869,0,0
C074241,4580218,54962616,3553409,42640908,184604540,27476649,18387681,509552,676,0,0
C074242,2627471,31529652,1722110,20665320,237143648,58545782,51618129,365935,747,0,0
C074243,4812105,57745260,3098499,37181988,516485339,49220186,47269613,597673,858,0,0
C074244,4744489,56933868,3596050,43152600,121792341,37441722,37441722,520984,782,0,0
C074245,1865218,22382616,768069,9216828,42407765,19472902,16550051,182753,850,0,0
C074246,3790527,45486324,2753325,33039900,92512454,40167201,11198111,513189,700,1,1
C074247,5981458,71777496,3310817,39729804,304743002,139406653,103973980,757211,808,0,0
C074248,2261265,27135180,1162514,13950168,70966152,38990068,27129284,309446,692,1,1
C074249,1883039,22596468,934777,11217324,140277580,101684441,101684106,641305,801,0,0
C074250,1890802,22689624,937204,11246448,44820173,25225976,12417431,206082,861,0,0
C074251,4266991,51203892,3750107,45001284,172014748,70533270,66404984,756799,741,1,0
C074252,2663940,31967280,1364902,16378824,125161522,41779704,30712715,235712,832,0,0
C074253,4047127,48565524,2293649,27523788,150269628,52319420,52319420,530377,814,0,0
C074254,2780196,33362352,1685217,20222604,274825841,44131278,42400331,498803,824,0,0
C074255,3245268,38943216,1800420,21605040,33716668,71195860,65240225,481201,850,0,0
C074256,1828336,21940032,1043215,12518580,60409417,20702902,18233001,210725,790,0,0
C074257,4753554,57042648,3793846,45526152,74666717,81584171,51297707,769260,662,0,1
C074258,1800000,21600000,1389059,16668708,105435143,12137777,10056420,131419,754,0,0
C074259,2279750,27357000,975949,11711388,48918032,25671589,25671589,287871,802,0,0
C074260,3981476,47777712,2389060,28668720,418160970,34532713,20933964,191117,737,0,1
C074261,1924837,23098044,1023876,12286512,160725223,18213045,11363940,142141,863,0,0
C074262,3503735,42044820,2717876,32614512,419480007,37290884,22812152,422480,726,0,0
C074263,2998350,35980200,1446550,17358600,280847688,39107843,25417235,341027,815,0,0
C074264,3826894,45922728,1386990,16643880,146990154,151034652,146439478,851072,769,0,0
C074265,2608347,31300164,1790394,21484728,189453989,25785457,15376025,162308,867,0,0
C074266,3637554,43650648,1984373,23812476,206568529,31170697,21368522,438496,833,0,0
C074267,4018025,48216300,2017564,24210768,91602007,17432928,14102039,265204,808,0,0
C074268,2758062,33096744,2013286,24159432,366780975,46683962,36606265,244885,753,0,0
C074269,6501164,78013968,3332666,39991992,478024188,97885327,47827189,466782,704,0,0
C074270,3845146,46141752,2673359,32080308,136784334,29301604,29301604,353631,760,0,0
C074271,6129503,73554036,3158433,37901196,442022828,48984811,45373823,195247,760,0,0
C074272,4523692,54284304,2352029,28224348,134131683,76041311,28242500,288137,771,0,0
C074273,6271989,75263868,4323020,51876240,87293762,59900766,30945369,994772,870,0,1
C074274,2201528,26418336,1254337,15052044,86028980,11353668,11353668,202527,778,0,0
C074275,3413369,40960428,1354145,16249740,250152674,33538652,18698452,195902,802,0,0
C074276,3421681,41060172,2335634,28027608,198942978,49719051,44895678,150367,825,0,0
C074277,2304231,27650772,1444645,17335740,13223367,38424322,32446934,414176,738,0,0
C074278,4087296,49047552,3264587,39175044,271003064,63094737,43377132,594100,727,0,0
C074279,3643361,43720332,2670972,32051664,202936629,56860983,44473689,401605,853,0,0
C074280,4123029,49476348,2334151,28009812,254325196,59329888,42630545,560962,672,2,0
C074281,3142317,37707804,1719059,20628708,313334575,71873286,71873286,520564,783,0,0
C074282,4450426,53405112,2067931,24815172,405146516,16102627,16102627,187103,825,0,0
C074283,4299168,51590016,2314856,27778272,265662811,27428732,16612529,117691,830,0,0
C074284,3800781,45609372,1878075,22536900,207058327,41916060,34301127,341620,809,0,0
C074285,4891635,58699620,3093411,37120932,309937026,26582341,22764919,377449,721,0,0
C074286,4536670,54440040,2571126,30853512,75665448,55267006,55267006,400330,778,0,0
C074287,2277231,27326772,1307717,15692604,92110596,11579394,11579394,124439,810,0,0
C074288,3445461,41345532,1824867,21898404,121225129,57792609,46321764,405504,817,0,0
C074289,1800000,21600000,1253168,15038016,44039277,13581739,13581739,252944,798,1,0
C074290,4271491,51257892,1675416,20104992,64772714,97532991,97532991,882723,739,0,0
C074291,4229345,50752140,2289086,27469032,312374323,28666722,17947219,417817,737,0,0
C074292,2382976,28595712,2037103,24445236,30160286,19607185,11297586,178715,769,0,0
C074293,2998832,35985984,1403864,16846368,319717366,67310420,48399814,335629,839,0,0
C074294,3708934,44507208,1992590,23911080,226722161,74282458,55436541,399026,806,0,0
C074295,5232101,62785212,3316648,39799776,250199005,110536032,74753248,762437,775,1,0
C074296,5079564,60954768,3564691,42776292,790579476,32931707,31191252,265541,755,1,0
C074297,3932417,47189004,2278096,27337152,312774320,41651974,21955590,383035,705,0,0
C074298,4274210,51290520,2187740,26252880,313790500,82419737,57445364,665641,736,1,0
C074299,3152461,37829532,1521664,18259968,125223817,26186849,17625989,368325,870,0,0
C074300,5822024,69864288,3618770,43425240,66899338,152724081,116516234,1182920,675,0,0
C074301,4541693,54500316,3764585,45175020,316274560,76237294,68988764,939747,674,0,0
C074302,4869616,58435392,2112489,25349868,818095488,50090569,30439870,463162,735,0,1
C074303,4537527,54450324,3050491,36605892,762304536,55482780,50046848,637733,748,0,0
C074304,11866626,142399512,7593139,91117668,1993593168,267637221,218160529,2713480,750,0,0
C074305,1800000,21600000,1133017,13596204,21724384,30612674,23651676,266842,785,0,0
C074306,2464873,29578476,855028,10260336,151682976,8775804,8412172,139652,774,0,0
C074307,5951385,71416620,4302632,51631584,633307147,29235940,29235940,308587,703,0,0
C074308,6660332,79923984,4043222,48518664,905297947,93898456,61664559,1174922,666,3,1
C074309,3020549,36246588,1020161,12241932,95819196,32160501,21958503,448388,731,0,0
C074310,5123636,61483632,4209356,50512272,562980270,127664009,123618480,914620,798,0,0
C074311,4198607,50383284,3091913,37102956,165684993,34014136,23881733,361297,760,0,0
C074312,2943571,35322852,1543027,18516324,27924339,12996152,12996152,134887,797,0,0
C074313,4118344,49420128,2821295,33855540,59817282,33519338,17727628,235538,787,0,0
C074314,1800000,21600000,1000377,12004524,99460878,13793622,10012219,99791,856,0,0
C074315,6597499,79169988,3558244,42698928,165134346,55464308,50691348,463600,773,0,0
C074316,2536674,30440088,1008469,12101628,128894946,34530622,25510651,330105,866,0,0
C074317,1970664,23647968,1207103,14485236,37904417,34686229,34686229,287860,761,0,0
C074318,3366225,40394700,2065263,24783156,214730802,77151639,72126794,524332,746,0,0
C074319,5847462,70169544,3440894,41290728,94147630,41266893,38042884,438033,837,0,0
C074320,3662344,43948128,3286506,39438072,112413653,30116591,12900439,270936,661,1,1
C074321,2434799,29217588,2263451,27161412,125749048,36459815,30599570,385664,744,0,0
C074322,5403101,64837212,4008848,48106176,284824419,142013937,135591282,918752,759,0,0
C074323,4404529,52854348,2491748,29900976,69181014,30294850,27470546,255321,723,0,0
C074324,8247614,98971368,4075186,48902232,263121499,153244516,109845892,935136,774,0,0
C074325,5493692,65924304,2744526,32934312,404848013,49177682,28552128,109874,803,0,0
C074326,3513943,42167316,1399781,16797372,164272576,80128757,56334792,433211,821,0,0
C074327,3602198,43226376,1901077,22812924,128184671,24111419,21189953,440256,806,0,0
C074328,3016204,36194448,1118875,13426500,224715835,18970374,10267306,253100,805,0,0
C074329,3000656,36007872,1961240,23534880,75176890,103561221,87718085,877472,767,0,0
C074330,4231722,50780664,2166407,25996884,240273007,82662841,63092973,548363,710,0,0
C074331,5261718,63140616,3387660,40651920,528824043,63214034,33802893,450887,749,0,0
C074332,6299270,75591240,3452475,41429700,179025277,103870273,75561673,863169,812,0,0
C074333,2795916,33550992,1351242,16214904,72194336,54690185,40654289,352667,725,0,0
C074334,4219585,50635020,2933574,35202888,440996247,64272419,48555889,521410,766,0,1
C074335,5201858,62422296,1905809,22869708,315905549,33224319,24645731,681887,693,0,0
C074336,8960822,107529864,4429324,53151888,810933147,44358869,30616175,735483,763,0,0
C074337,4902978,58835736,4483596,53803152,106132960,159580501,138877413,1022380,716,1,0
C074338,5243489,62921868,3329286,39951432,528248760,173558689,158655319,1230967,765,0,0
C074339,2340800,28089600,2125364,25504368,32332782,42966791,40971911,342441,806,0,0
C074340,6057596,72691152,2007380,24088560,415520599,57123744,45627343,562881,689,0,0
C074341,2283114,27397368,1068548,12822576,117408942,43434982,42188978,230435,793,0,0
C074342,2103708,25244496,1157350,13888200,32680990,25498086,21586552,191823,731,0,0
C074343,3997589,47971068,2644421,31733052,228749235,46278413,39819366,432017,828,0,0
C074344,5030720,60368640,3230950,38771400,136592667,47603044,24893866,879665,732,0,0
C074345,3354350,40252200,1487610,17851320,130072165,67130572,52870006,220022,744,0,0
C074346,4715836,56590032,2705094,32461128,85059866,46007603,29551562,746478,745,0,0
C074347,8506573,102078876,7628470,91541640,479113335,87754695,70231219,608750,803,0,0
C074348,5596033,67152396,3747900,44974800,144640690,37316258,37316258,438193,739,0,0
C074349,4492325,53907900,2790971,33491652,279083240,73409218,53692901,698601,751,0,0
C074350,3503331,42039972,1926695,23120340,309367345,33482058,29171817,409771,873,0,0
C074351,2537378,30448536,1320367,15844404,101344190,37588425,17244749,157738,775,0,0
C074352,1914617,22975404,1110234,13322808,50938832,22867415,20410682,254878,722,0,1
C074353,2705147,32461764,1334873,16018476,50117816,35225206,32018985,241943,803,0,0
C074354,2872159,34465908,1568257,18819084,391641207,16851514,8817580,235093,872,0,0
C074355,3141281,37695372,2027188,24326256,105151740,35244253,22736150,337105,713,0,0
C074356,3684370,44212440,2923413,35080956,220871652,36154277,25373185,301506,712,0,0
C074357,4161307,49935684,3163697,37964364,334581387,68465819,37099267,442266,704,2,0
C074358,9183467,110201604,6248983,74987796,251027911,255061797,235072026,2079941,721,0,0
C074359,4382492,52589904,2799704,33596448,144687029,78776996,57440470,495970,688,1,0
C074360,5600026,67200312,3696798,44361576,449780907,79004232,68023331,688071,749,0,1
C074361,5110425,61325100,2118888,25426656,547061003,77543793,69545487,342977,896,0,0
C074362,3730526,44766312,2002067,24024804,289547513,41688400,41688400,589217,859,0,0
C074363,6524966,78299592,4315063,51780756,893535445,37731654,37731654,551532,784,0,0
C074364,1800000,21600000,1595383,19144596,41227804,9463573,9463573,97396,776,0,0
C074365,2772398,33268776,1883037,22596444,160601983,29949354,17468629,133251,798,0,0
C074366,5484645,65815740,3612175,43346100,474706727,158451661,136548535,1034469,764,0,0
C074367,4094502,49134024,2799508,33594096,49536115,60742656,35801251,133659,737,0,0
C074368,2842632,34111584,1417618,17011416,85043488,26376345,11410386,134118,807,0,0
C074369,4143704,49724448,2006549,24078588,696142272,74989932,74809386,360988,813,0,0
C074370,2852186,34226232,1824487,21893844,75028827,45583439,41802938,147147,851,0,0
C074371,3753734,45044808,2139461,25673532,144216772,41894111,37735840,630666,827,0,0
C074372,5112115,61345380,2226123,26713476,858835320,41783683,33642968,564409,736,0,0
C074373,3447219,41366628,1740101,20881212,195395093,61698225,57119519,214802,821,0,0
C074374,2598583,31182996,1431658,17179896,181637937,30442898,29889828,134903,735,0,0
C074375,3439506,41274072,2539134,30469608,238958384,28376953,28244575,449731,780,1,0
C074376,4816384,57796608,2511558,30138696,234512489,28674473,21525231,316083,829,0,0
C074377,3924270,47091240,1830402,21964824,89270888,66590725,43057861,366851,811,0,0
C074378,2931291,35175492,1391073,16692876,173264304,31967357,28999611,181423,788,0,0
C074379,3844080,46128960,2522620,30271440,51957489,166947966,136297847,975460,709,0,0
C074380,4062085,48745020,2415116,28981392,62563936,142192490,121614636,646918,814,1,1
C074381,3674255,44091060,2597998,31175976,132700730,15502603,8764544,87915,716,0,0
C074382,4181194,50174328,3385469,40625628,47313021,42243365,23621309,290729,716,0,1
C074383,9156776,109881312,6298745,75584940,283759882,120912084,69943217,919354,724,0,0
C074384,4963357,59560284,3253130,39037560,258626626,56117080,56117080,462457,708,0,0
C074385,3365299,40383588,2612542,31350504,216871889,80059401,73039561,667831,719,1,0
C074386,1874219,22490628,755494,9065928,47920046,48013762,37104535,209819,764,0,0
C074387,3159720,37916640,1903271,22839252,77577253,27459845,14263661,80207,794,0,0
C074388,2654501,31854012,1466804,17601648,98687262,19388991,17010634,343721,757,0,0
C074389,3483007,41796084,2497372,29968464,133253821,26257625,26257625,506571,798,1,0
C074390,2861527,34338324,1879777,22557324,95500693,21358648,21358648,209134,683,0,0
C074391,3186973,38243676,2862849,34354188,232863142,50574726,41326064,617699,764,0,0
C074392,5953057,71436684,4420161,53041932,664549938,173831803,138892424,1092203,686,0,1
C074393,2406926,28883112,1144198,13730376,80339094,23291636,13704234,275748,735,0,0
C074394,3471721,41660652,1325003,15900036,176298109,61709384,37361833,385024,835,0,0
C074395,5422810,65073720,2963600,35563200,72416804,60734420,36485970,702524,771,0,0
C074396,4182849,50194188,2879007,34548084,189116644,56901243,46691204,432018,839,0,0
C074397,2705179,32462148,1961821,23541852,62445629,10505324,10505324,176198,741,1,0
C074398,2185944,26231328,1504710,18056520,19567702,95563783,93484037,656633,681,0,0
C074399,3829908,45958896,2362348,28348176,165615098,35286827,14294597,76598,710,0,0
C074400,8556367,102676404,5792606,69511272,497082954,30713809,30713809,843997,744,0,0
C074401,2843957,34127484,1875912,22510944,179125018,25787082,23866867,284863,860,0,0
C074402,2271895,27262740,1806990,21683880,162871752,14076053,4693445,50000,740,0,1
C074403,2714017,32568204,1652597,19831164,88009729,33237068,29281023,335125,793,1,0
C074404,9412807,112953684,4153057,49836684,557165266,225245568,209108306,1865980,674,2,1
C074405,9307977,111695724,3984090,47809080,877773343,116222089,81686354,1209586,824,0,0
C074406,5848848,70186176,3679649,44155788,620585007,23238882,23238882,495224,816,0,0
C074407,3886632,46639584,2450470,29405640,372231869,45538019,23737227,366578,784,0,0
C074408,3361234,40334808,1479431,17753172,241685834,36923353,27560022,261097,807,0,0
C074409,4135489,49625868,3022858,36274296,136514378,62431020,42665472,528337,712,0,0
C074410,3304899,39658788,2187360,26248320,194062567,65714496,53190358,390253,734,0,0
C074411,2424466,29093592,1192068,14304816,372337497,40093101,34413711,334454,752,0,0
C074412,5163634,61963608,2941072,35292864,123943735,39405062,16960144,342604,748,1,0
C074413,5315394,63784728,3200167,38402004,149062845,75490455,38959126,763546,845,0,0
C074414,3362656,40351872,1367771,16413252,564926208,47363661,34127896,181646,865,0,0
C074415,7270626,87247512,5111413,61336956,301228005,91585953,76102158,944408,770,0,0
C074416,5303034,63636408,2665130,31981560,220433433,48496570,20925420,568892,799,0,0
C074417,7869068,94428816,3339510,40074120,104685766,72195690,64311122,464080,882,0,0
C074418,4187455,50249460,2628362,31540344,345912771,198598066,192288261,1407292,720,1,0
C074419,4079132,48949584,2452158,29425896,183088830,36242524,20517131,340768,795,0,0
C074420,4234767,50817204,2177506,26130072,71278288,31918783,24129997,341290,754,0,0
C074421,5312133,63745596,1653574,19842888,892438344,86074683,66702693,757599,691,2,0
C074422,4821943,57863316,3016605,36199260,37576330,100601640,61607201,477933,820,1,1
C074423,3856808,46281696,2494967,29939604,62816809,22488007,13449695,77136,780,0,0
C074424,1846030,22152360,1454146,17449752,116324508,43075067,33696827,319417,638,0,0
C074425,5518870,66226440,3549976,42599712,254704675,99780567,71301849,601965,767,0,0
C074426,4071920,48863040,1757943,21095316,263258588,143606372,143606372,1199908,685,0,0
C074427,2893433,34721196,1397679,16772148,117681456,22666046,18688804,170285,873,0,0
C074428,3724676,44696112,2679395,32152740,154367427,107001393,92366994,617934,723,0,0
C074429,2558695,30704340,916998,11003976,138579923,26902415,21399696,300699,825,1,0
C074430,5615027,67380324,4597201,55166412,387739612,216658416,196012066,1523624,693,2,0
C074431,4266525,51198300,1825869,21910428,92581707,31829867,31829867,484199,769,0,0
C074432,5766360,69196320,3361819,40341828,227374262,29967198,27322062,411549,768,0,0
C074433,2313250,27759000,1739602,20875224,64342539,107659055,96807556,685793,643,0,1
C074434,2527004,30324048,2088639,25063668,86430390,39134811,39134811,502996,672,0,0
C074435,4737165,56845980,4169456,50033472,197222540,55635939,47622825,801705,668,0,0
C074436,3118720,37424640,1839932,22079184,269687439,28551912,9705103,62374,818,0,0
C074437,4784673,57416076,1959025,23508300,337023607,20071259,10356151,95693,792,0,1
C074438,3099125,37189500,1161541,13938492,188799459,29753085,18253269,229467,895,0,0
C074439,2377462,28529544,1237249,14846988,62477536,24304922,24304922,229823,749,0,0
C074440,2437761,29253132,1939244,23270928,150859155,42358139,34264134,323092,736,0,0
C074441,3173305,38079660,1991395,23896740,193300692,30991674,9492473,306352,798,1,0
C074442,2176070,26112840,1107042,13284504,100278472,46545554,40247414,178012,843,0,0
C074443,1920469,23045628,786200,9434400,60614879,26928503,20575018,329354,816,1,0
C074444,4900970,58811640,2143346,25720152,513525247,56501506,32072175,330170,840,0,0
C074445,4150434,49805208,2540409,30484908,350300062,55188298,39868289,686093,787,0,0
C074446,4185308,50223696,1982944,23795328,231116236,122440619,122440619,1128038,769,0,0
C074447,5367299,64407588,3086111,37033332,237519265,103668261,91577393,514019,740,0,0
C074448,6631421,79577052,5124641,61495692,290908916,119676190,85092410,1081264,691,0,0
C074449,4519265,54231180,1129816,13557792,31785043,34372033,34372033,374554,824,0,0
C074450,3958337,47500044,2245933,26951196,320769537,30781919,30570157,79167,772,0,0
C074451,3112122,37345464,2684176,32210112,86373131,53112810,28289882,422739,701,0,0
C074452,3048899,36586788,2030476,24365712,172147716,117714435,96984609,618314,607,1,1
C074453,7208789,86505468,5599346,67192152,629402924,119827599,88123442,824586,620,3,1
C074454,2429831,29157972,1719586,20635032,217972714,13867993,8608264,141885,769,0,0
C074455,3477705,41732460,2291065,27492780,168572631,55290190,38088424,292855,847,0,0
C074456,2552118,30625416,1472598,17671176,53243211,15296427,12758844,217215,735,0,0
C074457,2557314,30687768,1472311,17667732,95630397,16809522,14826920,168413,797,0,0
C074458,2746555,32958660,1804203,21650436,96646873,31930567,16070959,161052,702,0,0
C074459,2970718,35648616,1520522,18246264,114886283,35713639,35713639,204239,853,0,0
C074460,2108916,25306992,1215364,14584368,46380058,78314325,67860440,515293,793,0,0
C074461,8559914,102718968,5268245,63218940,157355038,199103376,156647891,1151218,667,0,0
C074462,3874759,46497108,1936879,23242548,196142379,76338363,57660537,340635,867,0,0
C074463,4432772,53193264,4062610,48751320,456800086,16137658,12476741,398999,686,0,0
C074464,5522840,66274080,3279790,39357480,927837120,71066528,52799731,440814,809,1,0
C074465,2012942,24155304,1298764,15585168,78734249,29272757,16387281,248659,720,1,0
C074466,2752525,33030300,1292935,15515220,252857198,9580825,9580825,206484,727,0,0
C074467,3868169,46418028,2193117,26317404,97495634,119109247,102455180,909920,726,1,1
C074468,3326109,39913308,1993542,23922504,144968055,57829614,40588779,215851,833,0,0
C074469,3341763,40101156,2540434,30485208,39840520,79956224,54537807,394634,704,1,0
C074470,2471254,29655048,1456815,17481780,74907718,25753221,25753221,201829,899,0,0
C074471,3734939,44819268,2542343,30508116,80118122,18563003,13305427,74699,823,0,0
C074472,3438593,41263116,1883359,22600308,174617379,28425698,26576860,350479,869,0,0
C074473,6160951,73931412,3965930,47591160,150735482,37940678,33956103,212095,765,0,0
C074474,3277525,39330300,1737055,20844660,189733459,109801461,91642123,848265,676,0,0
C074475,2974754,35697048,2564819,30777828,89495234,14497901,13560953,262307,862,0,0
C074476,3765475,45185700,2281252,27375024,135068913,31218069,21543291,332069,863,0,0
C074477,3259485,39113820,1574158,18889896,139191006,42739363,23842303,190189,828,0,0
C074478,3707967,44495604,2668761,32025132,50649401,34129468,15676901,491814,798,0,0
C074479,2800769,33609228,1850095,22201140,71172697,155283779,151241526,1093868,641,0,1
C074480,2943872,35326464,2148255,25779060,109013583,84643093,81632610,516229,787,0,0
C074481,4674515,56094180,2459768,29517216,81359822,65877222,52001643,687636,843,0,0
C074482,5486449,65837388,4524183,54290196,109327218,65668767,43098319,549213,776,0,0
C074483,7844733,94136796,4580271,54963252,925919105,41964645,39455094,413118,754,0,0
C074484,4636620,55639440,1620104,19441248,436737042,80716540,60365014,528830,782,0,0
C074485,1800000,21600000,1210472,14525664,26116568,26481002,15868305,218529,788,0,0
C074486,3945625,47347500,2698378,32380536,229215405,63741077,38891817,342707,735,0,0
C074487,4023367,48280404,3138280,37659360,526567214,94975618,85774083,720186,656,0,0
C074488,7981056,95772672,5671369,68056428,147788831,35667521,35667521,159621,857,0,0
C074489,1800000,21600000,939878,11278536,152161262,39258854,24936398,294581,774,0,0
C074490,5565779,66789348,1945286,23343432,343764975,50279048,35945893,130679,738,0,0
C074491,4216426,50597112,2298359,27580308,667216742,28301182,19315511,491814,807,0,0
C074492,4112132,49345584,2560288,30723456,206505372,64578284,45591530,560366,816,0,0
C074493,6541957,78503484,3902492,46829904,356131899,93551945,78842678,690750,799,0,0
C074494,4837601,58051212,2240352,26884224,372713697,144657121,135808791,1102751,753,0,0
C074495,5984380,71812560,3558100,42697200,68225855,46279606,24251939,125126,775,0,0
C074496,4955077,59460924,4083433,49001196,105619052,31968044,22007251,186236,825,0,0
C074497,4350870,52210440,2679584,32155008,163779481,49258079,30278800,556080,782,0,0
C074498,6168863,74026356,4139217,49670604,205662217,269558273,267472703,1765337,781,0,0
C074499,1800000,21600000,1189763,14277156,72431189,51817733,51817733,500550,679,0,0
C074500,3503923,42047076,2244781,26937372,162195320,33753889,33753889,294580,777,0,0
C074501,5458531,65502372,1444289,17331468,380759384,31998316,31713701,258588,732,0,0
C074502,4040974,48491688,3249879,38998548,455451380,73618876,73268047,678762,764,0,0
C074503,3104002,37248024,1390884,16690608,44997942,69064836,65581569,460930,812,0,1
C074504,1900816,22809792,1319960,15839520,88880721,11777591,10186974,81727,754,0,0
C074505,4390699,52688388,2385385,28624620,644975286,88461140,57609634,552645,720,0,0
C074506,5063136,60757632,2532711,30392532,141787453,31859890,22926033,441492,814,0,0
C074507,1841043,22092516,950460,11405520,158074093,52981122,48338363,345005,816,0,0
C074508,5272398,63268776,3361974,40343688,179071015,159248860,126352445,1103534,601,1,1
C074509,4940361,59284332,2731998,32783976,243202066,21630573,15082809,98807,757,0,0
C074510,7162851,85954212,4530166,54361992,344707687,289460302,249881276,2255713,740,1,1
C074511,4692513,56310156,2269646,27235752,78794529,106075197,83819956,768472,797,0,0
C074512,4419282,53031384,3405089,40861068,430248602,174901819,136327615,1083850,669,0,1
C074513,8860789,106329468,4827112,57925344,1023619700,97989775,49312922,1190981,781,0,0
C074514,3116611,37399332,2648524,31782288,99712528,112257691,112257691,979144,567,0,1
C074515,4925374,59104488,4202301,50427612,487586370,44512710,32028724,994842,738,0,0
C074516,4254025,51048300,2452519,29430228,97692504,61894832,53770985,556537,748,1,0
C074517,8177554,98130648,5070027,60840324,186879352,78191004,60033273,958171,658,1,1
C074518,7353118,88237416,4389368,52672416,352866168,73771712,55223559,225939,803,0,0
C074519,4865648,58387776,2877321,34527852,397383141,80412532,55057890,433203,824,0,0
C074520,2956450,35477400,1429772,17157264,62314586,55321328,41511098,479573,710,0,0
C074521,1800000,21600000,1289978,15479736,47578895,15713687,4281746,80999,696,0,0
C074522,2740168,32882016,1444029,17328348,74781708,54018785,51709447,548425,744,0,0
C074523,7955339,95464068,5728884,68746608,281281753,175776024,142850358,1128623,750,0,0
C074524,5574839,66898068,2098125,25177500,616044113,57493607,25038974,464033,839,0,0
C074525,3945931,47351172,1924968,23099616,132918326,62378464,60205059,631410,917,0,0
C074526,4567974,54815688,2727532,32730384,360689924,11309540,11008512,91359,778,0,0
C074527,4793866,57526392,2491154,29893848,743771410,60265129,30900410,309433,851,0,0
C074528,5556564,66678768,1738357,20860284,432272755,38333215,10311453,111131,833,0,0
C074529,5298758,63585096,4692152,56305824,377044803,55970101,41200212,767072,767,0,0
C074530,2941870,35302440,1580393,18964716,366163054,16116894,13944254,365551,712,0,0
C074531,6752900,81034800,3910510,46926120,181157453,380011004,364656600,2264345,649,0,1
C074532,3626134,43513608,2707191,32486292,151255957,25158790,20811631,279454,797,0,0
C074533,3302104,39625248,2566434,30797208,118518109,132367327,123262077,1013176,665,0,1
C074534,4205506,50466072,1680008,20160096,97578950,69122534,43478019,625250,794,0,0
C074535,4503386,54040632,1448569,17382828,163768758,51535053,46812521,421635,878,0,0
C074536,4535176,54422112,3048130,36577560,603901492,127206992,112272312,1063479,669,0,0
C074537,3161595,37939140,2142837,25714044,100679622,24211256,14220003,314948,807,0,0
C074538,4147992,49775904,2442715,29312580,416427605,88459509,82495646,640917,787,0,0
C074539,4491511,53898132,2120021,25440252,193264430,37312786,15398508,434245,790,0,0
C074540,2612535,31350420,973251,11679012,100174716,36444865,33194248,434810,726,2,0
C074541,2992773,35913276,1501700,18020400,218157139,51410029,45942548,449930,863,0,0
C074542,3872112,46465344,2116997,25403964,207369409,39466430,31080426,179713,767,1,0
C074543,3863865,46366380,2999730,35996760,207532844,60299809,45352717,670797,753,0,0
C074544,3320093,39841116,2555934,30671208,403985834,60374744,58416742,478357,768,0,1
C074545,5279297,63351564,2265862,27190344,178253016,74536057,58107819,623555,781,0,0
C074546,1800000,21600000,1239533,14874396,172158836,23626373,20944814,187638,829,0,0
C074547,3545118,42541416,1990832,23889984,50861867,38292737,26699099,191124,777,0,0
C074548,2796427,33557124,1780167,21362004,219355949,10347666,10347666,198506,772,0,0
C074549,4655911,55870932,2742311,32907732,684697086,57826592,56505718,457073,867,0,0
C074550,7167666,86011992,4393573,52722876,605636319,126361364,83725392,971887,697,0,0
C074551,6779920,81359040,4325381,51904572,191241655,111706127,64612756,820152,735,0,0
C074552,5802137,69625644,3072689,36872268,263559622,47480127,47480127,438963,863,0,0
C074553,6290777,75489324,4067568,48810816,158343144,41804752,28708884,515681,708,0,0
C074554,1998324,23979888,1185609,14227308,123881529,107909496,107909496,600656,780,0,0
C074555,3856732,46280784,1525449,18305388,102196151,144618561,120910216,557282,836,0,1
C074556,6274983,75299796,3251749,39020988,238975979,100050438,65067172,879723,820,0,0
C074557,5113727,61364724,3018985,36227820,44856867,43832275,39801899,316347,807,0,0
C074558,3979691,47756292,1653499,19841988,193118349,60291031,40382675,193874,809,0,0
C074559,2844830,34137960,1813546,21762552,138324050,13018636,12291500,200705,850,0,0
C074560,1853494,22241928,1195502,14346024,224714188,34571143,26340688,229691,680,0,0
C074561,4776505,57318060,3501773,42021276,312835214,30598108,29713102,308595,792,0,0
C074562,7087503,85050036,5498728,65984736,915602426,68434720,40874033,475748,773,0,0
C074563,7397768,88773216,3651301,43815612,231972580,45327513,29644128,633769,844,0,0
C074564,3428528,41142336,2285869,27430428,40999665,52810606,44945920,587695,834,0,0
C074565,3586323,43035876,1170965,14051580,285864699,23572946,10560889,141720,784,1,0
C074566,2327064,27924768,1235627,14827524,72440971,23076212,12705281,193414,797,0,0
C074567,3513291,42159492,1936649,23239788,166957170,28759895,20060744,242769,866,0,0
C074568,2984135,35809620,1509101,18109212,53768812,29808528,27990968,199417,849,0,0
C074569,5822011,69864132,5433585,65203020,129249273,149318300,99731786,833197,639,0,1
C074570,4364451,52373412,3137795,37653540,713165331,48787558,30631988,266205,854,0,0
C074571,5141207,61694484,4281258,51375096,116025001,90686805,79998463,658486,788,0,0
C074572,2757181,33086172,1652105,19825260,67566691,28520971,27836941,218993,879,0,0
C074573,8203112,98437344,5546897,66562764,271689399,400701021,376078621,2710334,700,0,0
C074574,4252642,51031704,2180420,26165040,118412003,64498867,31907799,85053,859,0,0
C074575,7155866,85870392,4619382,55432584,142405754,105582918,76951114,397533,834,0,0
C074576,4679722,56156664,2391760,28701120,150004821,77564261,58694664,658697,825,0,0
C074577,7102555,85230660,3709025,44508300,408068936,134103525,101739336,656529,788,0,0
C074578,7827192,93926304,5318390,63820680,400748057,119655511,99819428,989974,780,0,0
C074579,5285635,63427620,3401432,40817184,189112157,99898852,81608984,643179,745,0,0
C074580,7623711,91484532,4929800,59157600,239757172,54387312,29760667,326225,740,0,0
C074581,5255882,63070584,4040785,48489420,396004226,58437661,32280128,352917,840,0,0
C074582,3512536,42150432,1428479,17141748,234753794,65373922,58663974,311523,825,0,0
C074583,4858466,58301592,3869015,46428180,416446698,21935437,20839877,440151,729,0,0
C074584,2707715,32492580,1485193,17822316,173088590,52735230,36771759,266596,677,1,0
C074585,4396391,52756692,2313506,27762072,395964587,40707758,39917289,411925,887,0,0
C074586,5454029,65448348,3226187,38714244,269020189,55689794,55689794,394315,763,0,0
C074587,4517764,54213168,1825860,21910320,51341022,78461260,57154606,567426,854,0,0
C074588,6826473,81917676,5052808,60633696,217791527,42235032,29428685,276863,850,0,0
C074589,5264461,63173532,2147816,25773792,194478879,22208295,20416033,437945,794,0,0
C074590,3633773,43605276,2374101,28489212,237122084,106774728,103768021,596901,739,0,1
C074591,4110192,49322304,2131354,25576248,493894838,56302806,41341133,323177,653,2,1
C074592,3237287,38847444,1643494,19721928,128943364,45170062,33889527,187327,798,1,0
C074593,3469650,41635800,1886145,22633740,159896043,27917474,26632344,314679,819,0,0
C074594,3438297,41259564,2323539,27882468,161809542,13288857,13288857,153581,834,0,0
C074595,3113613,37363356,1396664,16759968,85821366,37975130,37975130,395649,842,0,0
C074596,6269371,75232452,4020108,48241296,405554768,149970200,94128282,1270713,659,0,1
C074597,3468958,41627496,2045266,24543192,66143650,78334114,61248547,580251,718,0,1
C074598,2529492,30353904,1092260,13107120,54750724,26870515,26303294,352814,724,0,1
C074599,2157554,25890648,1310581,15726972,42789254,21229916,21229916,239337,854,0,0
C074600,3275134,39301608,1607895,19294740,550222512,17644665,10391569,108157,776,0,0
C074601,5079769,60957228,3672869,44074428,180978373,50167046,25390518,281899,861,0,0
C074602,2890945,34691340,2263261,27159132,304693342,74393635,55767176,527116,678,0,1
C074603,4075140,48901680,2596705,31160460,79787308,176583232,161563745,1307667,695,0,1
C074604,3493693,41924316,2360691,28328292,109533737,14030211,14030211,215626,830,0,0
C074605,10796500,129558000,7777475,93329700,511982419,97740154,95982628,1155889,827,0,1
C074606,4056581,48678972,2778419,33341028,295757660,72121960,63051934,795778,701,0,0
C074607,7729888,92758656,3361668,40340016,446058426,54764258,35730249,711649,736,0,0
C074608,2727750,32733000,1629633,19555596,167080773,79012430,64579093,437867,865,0,0
C074609,4836714,58040568,4246200,50954400,175885470,57331855,36053141,324235,712,1,0
C074610,3439946,41279352,2411497,28937964,577910928,35690218,34546875,184784,897,0,0
C074611,2481319,29775828,1226003,14712036,90026130,146078614,129291614,818287,657,1,1
C074612,2622124,31465488,1754663,21055956,301085554,75921507,56457268,596402,760,0,0
C074613,2226248,26714976,920608,11047296,84859980,21473890,21067969,144978,885,0,0
C074614,3546033,42552396,1623911,19486932,538370260,112815241,101996434,759297,720,1,1
C074615,4081049,48972588,1844699,22136388,685616232,43670220,18996795,239638,713,1,0
C074616,4206780,50481360,2553261,30639132,123476557,155669810,139074448,1026224,697,0,0
C074617,7362474,88349688,4365963,52391556,1178568711,22431729,12707511,641915,862,0,0
C074618,3649795,43797540,2217844,26614128,131244436,43112352,33512071,306548,808,0,0
C074619,3278850,39346200,1857129,22285548,180027420,45816444,42701194,344836,772,0,1
C074620,6855506,82266072,4638023,55656276,1015276163,56502828,53789236,178978,723,0,0
C074621,3742938,44915256,2163102,25957224,152685664,46560651,41931668,525288,785,2,0
C074622,3651051,43812612,2382730,28592760,67474873,58184994,51390644,448375,770,0,0
C074623,3651218,43814616,1597734,19172808,141318466,90105036,64088388,849978,680,1,0
C074624,4158304,49899648,2291144,27493728,196956068,34634680,26764694,325177,786,0,0
C074625,2737965,32855580,1224690,14696280,459978120,53537904,25255942,381732,835,0,0
C074626,4238482,50861784,2825879,33910548,91941840,77451444,56242775,290448,831,0,0
C074627,6370124,76441488,4855168,58262016,996053148,65599820,56104468,724884,705,0,0
C074628,3894652,46735824,1967935,23615220,70711547,37646170,24413520,230909,761,0,0
C074629,5343378,64120536,3604483,43253796,476413789,42729997,42223433,768543,784,0,0
C074630,4636643,55639716,2382091,28585092,151199143,24363504,24363504,261188,756,1,0
C074631,5441881,65302572,4746210,56954520,354565342,26015651,26015651,576055,751,1,1
C074632,7782946,93395352,2963415,35560980,208606179,141266357,123688045,1048303,777,0,0
C074633,3439359,41272308,2490715,29888580,135947219,82960542,74867722,339287,793,0,0
C074634,5598700,67184400,3654505,43854060,234077427,46252770,27166466,704976,694,0,0
C074635,2060756,24729072,1378395,16540740,328803910,9188063,8201030,201866,807,1,0
C074636,2433124,29197488,1062766,12753192,48999355,60710399,52254734,323198,825,0,0
C074637,1800000,21600000,1037526,12450312,43393976,16681248,12404980,252779,851,0,0
C074638,5551156,66613872,3194743,38336916,443110182,25963286,21438504,484518,684,1,0
C074639,4228789,50745468,1850888,22210656,172997124,39151063,20055012,179992,801,0,0
C074640,3140175,37682100,1901445,22817340,83542579,19521293,13610580,62804,799,0,0
C074641,3442707,41312484,2161046,25932552,206652490,37173047,31404197,286540,831,0,0
C074642,3452633,41431596,2415209,28982508,246445597,49350670,45672907,451379,755,0,0
C074643,3266649,39199788,2049273,24591276,113605001,84326087,73442372,641741,836,0,1
C074644,4301633,51619596,2902351,34828212,284601852,100548952,86216002,438033,737,0,0
C074645,4620473,55445676,2627018,31524216,519444771,53644191,32237308,143451,753,1,0
C074646,5764919,69179028,4040641,48487692,166854512,55426909,48805871,554868,750,1,0
C074647,4095253,49143036,2505162,30061944,281740645,33342813,26575543,304636,780,0,0
C074648,1800000,21600000,955404,11464848,178138296,33006964,16142960,202874,717,0,1
C074649,6516706,78200472,3407131,40885572,152409997,153669577,125561669,1104413,792,0,0
C074650,2965305,35583660,2547573,30570876,121093761,39201008,31303112,191041,845,0,0
C074651,6437341,77248092,3772171,45266052,189990287,267763383,267763383,1257341,773,1,0
C074652,3523402,42280824,2301876,27622512,59565594,24181614,21930003,160213,793,1,1
C074653,3533065,42396780,2332333,27987996,204437065,98549430,86369492,385801,692,1,0
C074654,2775764,33309168,2123904,25486848,34598981,14662054,14662054,97262,758,1,0
C074655,3736116,44833392,1279192,15350304,549393904,32033505,30605474,251011,784,0,0
C074656,2571490,30857880,924466,11093592,148611947,78153589,57895095,486377,778,0,0
C074657,4129290,49551480,2840234,34082808,129859331,25645280,23053221,505443,806,0,0
C074658,2362507,28350084,1588334,19060008,76296671,21953398,17759544,275849,782,0,0
C074659,4304032,51648384,3338816,40065792,150792284,23753944,20724511,485597,770,0,0
C074660,6326469,75917628,2674513,32094156,189083682,190848649,190848649,1524095,696,0,0
C074661,2737618,32851416,2011277,24135324,45485469,13438136,13438136,233225,824,0,0
C074662,5929731,71156772,3613102,43357224,235811942,161538809,142248454,1317662,657,0,0
C074663,2528037,30336444,1893533,22722396,360278298,23335238,20265953,283848,696,0,0
C074664,2186506,26238072,693198,8318376,59582478,22924287,21551494,264619,818,0,0
C074665,3608451,43301412,2242689,26912268,221711114,32936622,23879895,129960,738,0,0
C074666,2297533,27570396,1576815,18921780,223755611,16611633,7345700,204939,724,0,0
C074667,2150539,25806468,1035935,12431220,82693280,36509695,18029042,294990,789,0,0
C074668,4756098,57073176,2658574,31902888,373226417,70129314,44458115,682762,836,0,0
C074669,2221367,26656404,1188885,14266620,99779651,26389647,21579053,163479,828,0,0
C074670,1955779,23469348,1483115,17797380,80456101,27233164,21309955,242447,743,0,0
C074671,6428320,77139840,3758433,45101196,373505917,116581948,84268234,667154,775,0,0
C074672,3218382,38620584,1614960,19379520,137308589,44065178,33416650,179086,808,0,0
C074673,5637742,67652904,3044658,36535896,205888348,29584489,20591829,408682,827,0,0
C074674,4612778,55353336,3879022,46548264,91328564,55464251,45440631,542686,726,0,0
C074675,5924611,71095332,2876608,34519296,169513100,66210652,44671288,428098,742,1,0
C074676,4875892,58510704,2606900,31282800,258987015,67024945,67024945,784413,804,0,0
C074677,4199670,50396040,2778800,33345600,280160565,62496886,62496886,483145,809,0,0
C074678,10070119,120841428,3228365,38740380,251515785,227734354,138934474,1296381,724,0,1
C074679,2228655,26743860,1295008,15540096,122841718,28523690,19071689,231092,747,0,0
C074680,3071519,36858228,1755016,21060192,109867275,44230180,33683615,384125,799,0,0
C074681,3275844,39310128,1539094,18469128,62227018,96612794,71722663,523998,710,0,0
C074682,10443947,125327364,5801863,69622356,448446770,104037636,69739433,867449,825,0,0
C074683,4377332,52527984,2771756,33261072,268097371,36660864,35832620,338887,785,0,0
C074684,3387897,40654764,1773142,21277704,276310446,30019310,22914926,188466,772,0,1
C074685,2619581,31434972,1567985,18815820,65063472,35384621,30043093,194503,832,0,0
C074686,4240212,50882544,2143498,25721976,129624469,52194700,25055888,433003,750,0,0
C074687,3472453,41669436,2610921,31331052,157310858,41698561,29030605,662726,675,0,1
C074688,5992422,71909064,1864668,22376016,413412070,47032034,35608913,345558,761,0,0
C074689,3808458,45701496,2896766,34761192,68003226,38064454,38064454,481304,722,1,0
C074690,5735250,68823000,3150431,37805172,776232411,38649924,34469749,252764,830,0,0
C074691,5072798,60873576,3146179,37754148,141757801,41633855,41633855,546221,831,0,0
C074692,3964028,47568336,1924974,23099688,166573666,35993521,35993521,523651,720,1,0
C074693,2706923,32483076,1619477,19433724,112973055,12852945,12633070,196585,785,1,0
C074694,6135326,73623912,3506676,42080112,650046736,99711261,91243945,563143,757,0,0
C074695,2976840,35722080,744210,8930520,215451076,33063572,28379132,372098,730,0,0
C074696,3672423,44069076,2217580,26610960,217092464,63958945,40204526,298045,764,0,0
C074697,4611927,55343124,2706626,32479512,105141621,70458545,55751880,469632,742,0,0
C074698,7263403,87160836,3638897,43666764,287340338,75149246,75149246,762935,820,0,0
C074699,4448468,53381616,2982110,35785320,27332966,65115347,48318065,271878,749,0,0
C074700,4773901,57286812,3367738,40412856,119812017,110027785,94307187,662414,813,0,0
C074701,6336239,76034868,4250443,51005316,240745790,32754173,20273053,223753,776,0,0
C074702,6491837,77902044,3314450,39773400,430366430,73599114,54334669,245176,760,0,0
C074703,5069345,60832140,3090500,37086000,351333418,24911377,16923671,459380,690,0,1
C074704,3288437,39461244,1691081,20292972,91760217,59544477,39946855,234781,773,0,0
C074705,2608595,31303140,1580996,18971952,42304533,69608510,60670334,504605,746,0,0
C074706,5526360,66316320,4116447,49397364,181272339,106639527,81755911,1076349,678,1,0
C074707,3120121,37441452,1653364,19840368,43829269,40545146,34828541,414954,804,0,0
C074708,3131806,37581672,1276591,15319092,80446316,185904132,169117524,1013871,719,0,0
C074709,6030214,72362568,4139603,49675236,368203206,93078244,62431517,886814,704,0,0
C074710,7507565,90090780,4503069,54036828,481447026,95935790,43271199,338784,878,0,0
C074711,1897901,22774812,1168949,14027388,187137272,66113057,60938193,406328,759,0,0
C074712,5501765,66021180,3558196,42698352,128031287,48192222,41216366,390240,833,0,0
C074713,6501860,78022320,4465315,53583780,155694981,88158705,40924743,1063045,720,1,0
C074714,3797810,45573720,2549342,30592104,241896826,73109371,71157849,656908,752,0,0
C074715,2300325,27603900,1324477,15893724,111662604,25340620,25340620,218006,842,0,0
C074716,2703949,32447388,1086108,13033296,55844022,43522051,42671892,416844,816,0,0
C074717,4879567,58554804,2796565,33558780,155325264,42648271,42648271,391173,777,0,0
C074718,2291516,27498192,1174335,14092020,37659223,33537522,27321007,311516,815,0,0
C074719,2574208,30890496,643552,7722624,106259513,36219983,34785056,443327,751,0,0
C074720,2873404,34480848,1312332,15747984,50287292,9392353,9392353,314825,901,0,0
C074721,6714400,80572800,5250037,63000444,181666800,40755810,40755810,641711,820,0,0
C074722,5625050,67500600,3222761,38673132,574166133,26386207,26386207,353586,828,0,0
C074723,4245123,50941476,2104106,25249272,163642726,21281106,16717192,332657,881,0,0
C074724,2565173,30782076,1593336,19120032,203254750,44890929,44890929,430257,754,0,0
C074725,4157915,49894980,2755377,33064524,143789028,42805295,42805295,149220,744,0,0
C074726,4801293,57615516,2255920,27071040,399455048,70578906,70578906,595182,825,0,0
C074727,4803582,57642984,1598340,19180080,213604847,22260392,15602829,100580,866,0,0
C074728,2772559,33270708,2325177,27902124,114411215,114271100,107950763,662990,777,0,0
C074729,6705890,80470680,3870738,46448856,87921119,65381485,37806536,727133,755,0,0
C074730,3036690,36440280,1855355,22264260,219659041,70038700,56742063,552868,743,0,0
C074731,3395324,40743888,1672974,20075688,87879915,42879667,23081061,337026,731,1,1
C074732,10740701,128888412,7323849,87886188,208290486,176466849,139604732,829061,848,0,0
C074733,2192212,26306544,819221,9830652,87797191,32893618,21831780,357378,864,0,0
C074734,7420005,89040060,4642881,55714572,496033126,315165459,287151765,1914068,753,0,0
C074735,2412903,28954836,1518441,18221292,144748337,38190446,29438366,338101,658,0,0
C074736,3161931,37943172,2047612,24571344,91273418,34621863,28555034,317519,873,0,0
C074737,1971477,23657724,1584700,19016400,63062032,28816135,28816135,194406,862,0,0
C074738,7490982,89891784,5314818,63777816,411767065,150324781,143379680,868014,832,0,0
C074739,2359737,28316844,1409039,16908468,216325099,52259801,41294938,545300,769,0,0
C074740,6908013,82896156,4390800,52689600,130947263,79052019,50558766,260295,761,0,0
C074741,9832190,117986280,7826232,93914784,132676268,88713046,50518473,955683,820,0,0
C074742,2884298,34611576,1803409,21640908,320244620,64777513,60545109,552787,681,0,0
C074743,5809471,69713652,4319866,51838392,800570455,59466490,59466490,836493,767,0,0
C074744,3540350,42484200,1528452,18341424,272908884,26568485,23987159,276733,870,0,0
C074745,6092210,73106520,2347282,28167384,246915572,41912072,37231609,529343,899,0,0
C074746,1918287,23019444,938509,11262108,76995740,9755900,7554041,184556,754,0,1
C074747,4240803,50889636,2792972,33515664,176602129,30703471,24826410,591357,723,1,0
C074748,2702788,32433456,1531956,18383472,126954006,30813392,20809841,337585,689,1,0
C074749,3542350,42508200,1596050,19152600,295007206,38909383,36817198,398411,853,0,0
C074750,3421520,41058240,2118279,25419348,164113663,35762834,24636031,246040,727,0,1
C074751,5427780,65133360,2442640,29311680,245194560,62127803,53627212,581087,816,0,0
C074752,3549166,42589992,2430310,29163720,123906253,94753758,78291778,643527,715,0,1
C074753,5125456,61505472,4110523,49326276,215227457,56040126,55931029,628961,739,0,0
C074754,9028925,108347100,4978086,59737032,533221824,65743690,38118670,855039,771,0,0
C074755,7415418,88985016,2367385,28408620,228121783,115484272,97271797,1244305,758,0,0
C074756,1800000,21600000,1185983,14231796,199204245,10147298,8300302,119002,862,0,0
C074757,4103396,49240752,1833035,21996420,171324396,39228465,16288827,311631,756,0,0
C074758,2437392,29248704,1458337,17500044,108462634,49630745,45004107,310083,807,0,0
C074759,6526283,78315396,4512021,54144252,171723775,47613452,35821737,536371,862,0,0
C074760,5072781,60873372,3805812,45669744,330208650,104629773,73463553,503995,740,0,0
C074761,4646802,55761624,3004244,36050928,56135741,263577636,250927308,1731392,740,1,1
C074762,3665167,43982004,1879275,22551300,242627091,44338302,28283697,255081,855,0,0
C074763,2665109,31981308,1760245,21122940,99678437,5955627,5955627,53302,854,0,0
C074764,4159081,49908972,2238306,26859672,86166631,19171933,10380354,293753,798,0,0
C074765,3892745,46712940,1883280,22599360,63902762,22091884,17194153,271281,815,0,0
C074766,3354800,40257600,2275218,27302616,171313725,27360776,17341811,233789,766,1,0
C074767,7080689,84968268,4341450,52097400,991982646,54741813,18434563,141614,831,0,0
C074768,2534758,30417096,1005477,12065724,121597465,53033493,50084868,391860,794,0,0
C074769,5072384,60868608,2648437,31781244,390362153,43767276,29458072,416017,794,0,0
C074770,4120295,49443540,3518634,42223608,124046074,31656387,20412891,227404,821,0,0
C074771,3814033,45768396,2966958,35603496,180329669,40118827,30426870,343554,690,0,0
C074772,3675276,44103312,1450287,17403444,106489007,23385160,22002351,203814,736,0,0
C074773,3798280,45579360,1547631,18571572,64360511,28667463,22703650,75966,829,0,0
C074774,2282508,27390096,1498124,17977488,64618430,26973208,11267239,122340,703,1,0
C074775,1913143,22957716,478286,5739432,62721728,36820984,31068577,305742,741,0,1
C074776,8827165,105925980,4075092,48901104,303067084,100757183,73360254,1370298,764,0,0
C074777,3498381,41980572,1942320,23307840,237039426,17588206,14372111,399803,696,2,1
C074778,3142670,37712040,2381557,28578684,36103876,91519762,76829433,570122,771,0,0
C074779,6472414,77668968,2678101,32137212,185432757,54974595,40600229,265164,774,0,0
C074780,4404445,52853340,2567646,30811752,334152287,38590717,38590717,480781,690,0,0
C074781,3278560,39342720,2194953,26339436,77190051,35076278,17278286,199697,850,0,0
C074782,3451494,41417928,2125904,25510848,140676338,153387178,125391818,984288,669,0,1
C074783,8027391,96328692,4645016,55740192,225569490,60572483,29001102,460152,802,0,0
C074784,3266206,39194472,2513919,30167028,165164274,39583007,25016252,517943,670,0,1
C074785,1800000,21600000,1013290,12159480,40459811,17181751,10547166,233786,826,0,0
C074786,1860268,22323216,638345,7660140,63165658,23164248,16935067,146377,744,0,0
C074787,4464322,53571864,1852321,22227852,179007337,54439762,20911981,89286,862,0,0
C074788,4489512,53874144,1871537,22458444,148943756,35647663,25709181,111565,895,0,0
C074789,4875993,58511916,1747242,20966904,312021932,158300300,132150515,1328039,752,0,0
C074790,2816968,33803616,1686075,20232900,133403093,17283276,10492060,264600,708,0,0
C074791,3610306,43323672,2297398,27568776,298620682,32024906,32024906,179278,836,0,0
C074792,7478762,89745144,4788915,57466980,467482676,47591029,43340836,326902,773,0,0
C074793,3582532,42990384,2222997,26675964,412676254,63170372,43578395,339675,784,0,0
C074794,3979660,47755920,2729499,32753988,121570242,65666169,38925387,631585,707,0,0
C074795,6085698,73028376,4718965,56627580,127958818,25794657,25794657,267643,810,0,0
C074796,2251021,27012252,1528997,18347964,34786842,19114958,7692234,67747,773,0,0
C074797,7092448,85109376,3882834,46594008,256259982,80609661,42910718,557701,756,0,0
C074798,7331815,87981780,3789999,45479988,794051873,63879693,49095550,1080660,768,0,0
C074799,2755172,33062064,1262019,15144228,58909696,21782589,20956463,116675,806,0,0
C074800,3332425,39989100,1290197,15482364,72174938,122808164,122808164,983760,756,0,0
C074801,5070831,60849972,3049097,36589164,82792819,69051760,55505068,467879,704,1,0
C074802,1847383,22168596,1169556,14034672,214732165,11956729,5946730,133635,820,0,0
C074803,3783092,45397104,2203389,26440668,41740690,15758275,11166719,217137,745,0,0
C074804,4110661,49327932,2715738,32588856,322385270,56559164,24426052,319375,871,0,0
C074805,5325868,63910416,4191931,50303172,397072013,51671360,37819554,483216,690,0,1
C074806,2755905,33070860,1118936,13427232,84613802,26638764,26638764,213150,843,0,0
C074807,4698713,56384556,2541594,30499128,140279107,86547397,71054285,358082,757,0,0
C074808,3920362,47044344,2401361,28816332,108342793,63605682,49235627,704991,774,0,0
C074809,10405633,124867596,6904080,82848960,201235737,56793635,47199553,273638,760,0,0
C074810,1800000,21600000,1284928,15419136,55448061,14843753,13285424,50000,722,0,0
C074811,7790812,93489744,5183788,62205456,607372142,171412875,129401713,1339672,718,0,0
C074812,3704348,44452176,1868453,22421436,74307596,52617359,35492821,460956,779,0,0
C074813,2303264,27639168,1346700,16160400,67125971,33434541,20239455,208525,853,0,0
C074814,2813926,33767112,2047899,24574788,214463074,31436090,24336479,293961,817,0,0
C074815,5116047,61392564,3622246,43466952,251519357,105714794,87915205,1054883,724,0,1
C074816,1909412,22912944,1271097,15253164,75362115,4168162,4168162,69531,789,0,0
C074817,6372769,76473228,3715048,44580576,321347156,148592729,138557572,857288,725,0,0
C074818,3002881,36034572,1687591,20251092,346017010,25212121,25212121,196260,750,0,0
C074819,3571872,42862464,2425681,29108172,37469004,48359930,32099051,266592,858,0,0
C074820,3121547,37458564,2206530,26478360,106218952,44420311,33356734,320935,745,1,0
C074821,6836659,82039908,4786611,57439332,418111987,117496746,83503837,643262,747,0,0
C074822,4581259,54975108,1737756,20853072,319860895,64774238,52865169,407890,743,1,0
C074823,4509185,54110220,1590646,19087752,159702237,94834264,83976280,624308,776,0,0
C074824,5702697,68432364,3674437,44093244,324199789,57404292,38221689,119467,801,0,0
C074825,5405324,64863888,2417806,29013672,416899332,98009600,98009600,798069,757,0,0
C074826,4219975,50639700,1320278,15843336,66743473,20026130,20026130,335777,882,0,0
C074827,5203759,62445108,4145297,49743564,96707124,43289777,34850469,413490,704,0,1
C074828,1800000,21600000,481533,5778396,45319409,104841178,96497807,524812,747,1,0
C074829,6322331,75867972,2510598,30127176,54275256,101685150,89335096,543101,887,0,0
C074830,2321418,27857016,1478665,17743980,82375122,32397488,26688751,267073,728,1,0
C074831,6094379,73132548,3907817,46893804,104426446,130671851,130671851,1196723,794,0,0
C074832,8227483,98729796,6073266,72879192,231261871,121568933,81705608,1327780,703,0,0
C074833,2688727,32264724,1564899,18778788,114845944,30504166,21436572,213776,748,0,0
C074834,4926828,59121936,3133008,37596096,137857380,65882271,42188341,605304,820,0,0
C074835,4769525,57234300,3264402,39172824,121639605,45908755,33020703,536922,719,0,0
C074836,3391121,40693452,2092709,25112508,143858046,37291678,19353003,377033,771,0,0
C074837,3151906,37822872,2094361,25132332,47936088,15204852,15204852,194337,712,1,0
C074838,3334867,40018404,1441510,17298120,138137407,101204634,75145291,562263,691,1,0
C074839,4986671,59840052,3072159,36865908,198841643,51132685,27078922,178273,849,0,0
C074840,4383195,52598340,3523454,42281448,288612980,33559945,24823931,347940,799,0,0
C074841,3443664,41323968,1293631,15523572,76073964,63053704,60093646,459730,730,0,0
C074842,4363968,52367616,1438748,17264976,190422066,81472630,58778539,784076,730,0,0
C074843,3440779,41289348,1596162,19153944,122160123,38826928,25132068,432222,713,1,0
C074844,4822471,57869652,3719475,44633700,176978256,70589418,57641693,628093,748,1,0
C074845,5664399,67972788,1864358,22372296,260747695,37930577,37248998,397282,821,0,0
C074846,4296748,51560976,2637106,31645272,218613735,53516432,43804118,352004,770,1,0
C074847,3181272,38175264,1443276,17319312,247015163,53311743,52860049,398639,731,0,0
C074848,3584033,43008396,1904325,22851900,253794625,41666756,15302953,71681,790,0,0
C074849,2532443,30389316,1811336,21736032,69950355,35102892,16875834,258528,672,0,0
C074850,3127678,37532136,1282780,15393360,25099372,23392542,18720971,159419,779,0,0
C074851,5069721,60836652,2808737,33704844,99547356,62056131,24017199,136559,770,0,0
C074852,3417641,41011692,1375795,16509540,476089886,95397439,83884950,592777,761,1,0
C074853,2905763,34869156,1713194,20558328,27493395,155665114,149539546,850253,751,0,0
C074854,4676935,56123220,3804837,45658044,682123959,67971431,48894142,667691,735,0,0
C074855,5760785,69129420,4062424,48749088,426942760,37254363,37254363,115216,757,0,0
C074856,4036948,48443376,1855280,22263360,265540615,94066641,78873730,861825,672,0,0
C074857,5236526,62838312,2888197,34658364,328624004,26223350,26223350,313127,816,1,0
C074858,2552504,30630048,1480776,17769312,108720668,59125224,51742323,339021,756,0,1
C074859,3826496,45917952,2176892,26122704,503710439,56431552,43417297,529799,744,0,0
C074860,3645422,43745064,1460864,17530368,86040289,90152824,90152824,539386,716,0,0
C074861,7448827,89385924,3351724,40220688,306497115,81798052,69302912,495561,861,0,0
C074862,5526696,66320352,2885170,34622040,169099734,88591848,88591848,1419696,836,0,0
C074863,2849645,34195740,1384705,16616460,151243539,8042753,5198318,188411,830,0,0
C074864,2081253,24975036,1340151,16081812,42138041,12040073,8234782,143172,712,0,0
C074865,6168950,74027400,2245244,26942928,168628940,155281647,145113267,1028201,737,0,0
C074866,4132358,49588296,2513941,30167292,442056900,53772999,28281362,82647,768,0,0
C074867,2607155,31285860,1740391,20884692,97122069,17412101,17412101,159752,835,0,0
C074868,3316206,39794472,1949023,23388276,78013348,32401970,32401970,359013,736,0,0
C074869,1800000,21600000,981468,11777616,19679386,17962261,11592296,186828,828,0,0
C074870,5854919,70259028,1636441,19637292,209182625,44263257,31802629,515754,813,0,0
C074871,4022296,48267552,2655026,31860312,39817354,69278516,54612757,677235,687,1,0
C074872,2386209,28634508,1619890,19438680,85390805,29442360,18009042,331753,735,0,0
C074873,4457323,53487876,3952127,47425524,424070771,55822675,38413954,352037,693,0,1
C074874,5895190,70742280,3450770,41409240,187583454,57195236,45596093,504821,744,0,0
C074875,4023993,48287916,2511111,30133332,117931985,75377680,41977590,331143,768,0,0
C074876,1800000,21600000,1491866,17902392,69146840,19470098,13334424,152695,788,0,0
C074877,12000000,144000000,4015538,48186456,564161597,124780664,81861625,783068,801,0,0
C074878,6533237,78398844,1700234,20402808,285795113,211008624,191325992,1146310,915,0,0
C074879,4140227,49682724,2606980,31283760,128662975,56369241,49857738,672942,695,0,0
C074880,4669887,56038644,1555719,18668628,73942071,76235200,59299648,546876,798,0,0
C074881,5822335,69868020,3403597,40843164,342863195,76279795,51540170,406510,691,0,0
C074882,2523749,30284988,1613285,19359420,16869964,68656493,58353198,452277,778,0,1
C074883,4811219,57734628,4759920,57119040,127045030,46328479,27057546,271553,807,0,0
C074884,5952333,71427996,3099862,37198344,140700134,27545602,27545602,119047,775,0,0
C074885,4017166,48205992,2479316,29751792,57643834,27328826,15509132,275481,870,0,0
C074886,9575886,114910632,7012623,84151476,516311112,80961016,56206475,756115,750,0,0
C074887,2830090,33961080,1513921,18167052,45434506,58935995,37219445,201051,730,0,0
C074888,2771925,33263100,1856378,22276536,72129033,10303486,10303486,200602,776,0,0
C074889,4022197,48266364,2998176,35978112,156122723,53252759,35595161,362234,713,0,0
C074890,7511191,90134292,4093452,49121424,523982248,83015966,74361309,867235,800,0,0
C074891,7236663,86839956,4931128,59173536,313565882,167427546,110678004,681860,685,1,0
C074892,4884676,58616112,2034221,24410652,298336730,39184105,18717730,423600,768,0,0
C074893,5332017,63984204,2572486,30869832,209449238,78188317,55278477,263244,810,1,1
C074894,4724341,56692092,2724869,32698428,223065100,50669035,39675764,94487,950,0,0
C074895,3600112,43201344,2494522,29934264,228338520,30251603,25897520,151575,759,0,0
C074896,4116244,49394928,1965639,23587668,319464629,88237630,64534076,714307,709,0,0
C074897,5842313,70107756,3164504,37974048,431963180,108391957,101575615,1028732,785,0,0
C074898,4091291,49095492,2407090,28885080,459800412,42823269,38843933,409194,713,0,0
C074899,3159697,37916364,1379094,16549128,130882057,30563753,27382333,561328,728,0,0
C074900,4410538,52926456,2556443,30677316,646834226,98205945,75438433,817633,741,0,0
C074901,2683655,32203860,1033153,12397836,72339875,24664284,16091325,216488,789,0,0
C074902,4815270,57783240,1873318,22479816,160160935,58286471,56115905,583505,781,0,0
C074903,1800000,21600000,843743,10124916,31035493,47519920,38647274,302628,656,0,0
C074904,4030506,48366072,2426912,29122944,118989412,91493374,63691121,407066,682,1,0
C074905,3050675,36608100,1874060,22488720,59086554,31538826,15784055,326283,844,0,0
C074906,4461503,53538036,3026015,36312180,238794905,31685206,17599484,321961,784,0,0
C074907,2666559,31998708,1059507,12714084,113142034,36189640,36189640,235293,850,0,0
C074908,4928930,59147160,2076939,24923268,266092420,34074726,15132603,229638,802,0,0
C074909,3804704,45656448,2753502,33042024,163755350,185709694,171078188,970594,699,0,1
C074910,6531150,78373800,4472545,53670540,400780741,88686552,66988913,849130,789,0,0
C074911,3010176,36122112,1880738,22568856,117007738,33791881,23864879,326896,717,0,0
C074912,5431401,65176812,3767244,45206928,570114717,102901391,75197757,462041,750,0,0
C074913,5784395,69412740,3125641,37507692,294726410,92443958,65877402,598638,748,1,0
C074914,3024502,36294024,2146057,25752684,116480791,20023497,18402677,192056,712,1,0
C074915,2665473,31985676,1926602,23119224,362980431,31812153,18057922,473552,699,0,0
C074916,6102988,73235856,4144804,49737648,419945857,96376766,61297465,805458,649,1,1
C074917,6786232,81434784,4768694,57224328,239940007,196907527,179303917,1429975,776,0,0
C074918,5006257,60075084,3545751,42549012,216860018,43167310,37205962,247242,718,0,0
C074919,5312488,63749856,2962762,35553144,786102746,26678790,16838593,209677,835,0,0
C074920,3641786,43701432,2370411,28444932,147693315,41746135,31611344,290602,768,0,0
C074921,4840120,58081440,2896865,34762380,570641743,83229720,64499935,156856,780,0,0
C074922,6095305,73143660,4837492,58049904,172732193,90927355,88827118,1276187,676,0,0
C074923,3511546,42138552,1989289,23871468,58042229,35516388,26689166,138150,719,0,0
C074924,3559880,42718560,2405924,28871088,363735599,45706201,33003070,302831,897,0,0
C074925,5570040,66840480,3494202,41930424,42402463,73931887,35686126,1187852,770,0,0
C074926,2453433,29441196,1309924,15719088,131178446,32257755,32257755,468649,701,0,0
C074927,1800000,21600000,1052211,12626532,73410149,26236664,26236664,244650,779,0,0
C074928,3702785,44433420,3003097,36037164,412951001,20117947,12812221,456263,726,0,0
C074929,6668804,80025648,3213333,38559996,1053149371,78259498,44004288,645491,750,1,0
C074930,5039296,60471552,3484898,41818776,181221980,47610416,47610416,271311,782,0,0
C074931,6671873,80062476,5484802,65817624,172963491,106018676,76841672,500847,804,0,0
C074932,4804360,57652320,1751558,21018696,372156235,97854561,97854561,950792,805,0,0
C074933,5863511,70362132,3140940,37691280,260862612,200740473,191722906,1232163,798,0,0
C074934,5094167,61130004,2192058,26304696,157132573,58576381,58576381,597956,765,1,0
C074935,2592692,31112304,1629211,19550532,168420498,17921495,9358102,109252,818,0,0
C074936,4176447,50117364,2310035,27720420,701643096,34013353,22150254,83529,782,0,0
C074937,4387614,52651368,1954527,23454324,155632769,85764976,81034754,595054,766,0,0
C074938,2992491,35909892,1641755,19701060,105909058,29107512,21904269,431974,777,0,0
C074939,2095515,25146180,1499232,17990784,74596450,14170389,14170389,213779,777,0,0
C074940,3077213,36926556,1248430,14981160,120036729,31790805,12124663,129765,843,0,0
C074941,4983326,59799912,1681440,20177280,298930827,40179216,30907344,131068,846,0,0
C074942,4908493,58901916,2296653,27559836,757185330,73122757,71215797,922178,781,0,0
C074943,2627065,31524780,1725505,20706060,53383383,91188791,83615178,596979,756,1,1
C074944,1800000,21600000,765358,9184296,130884980,13653695,10778714,90076,850,0,0
C074945,5600338,67204056,1828228,21938736,275934686,41201963,18097979,194940,788,0,0
C074946,3295458,39545496,1995394,23944728,77914863,45493322,31088988,371199,680,0,0
C074947,5308751,63705012,2466882,29602584,70476279,56794232,32682758,189721,861,0,0
C074948,5954592,71455104,1523581,18282972,428393325,95016162,95016162,655494,848,0,0
C074949,1800000,21600000,1106598,13279176,174771105,11714595,11714595,157642,771,0,0
C074950,4275750,51309000,2476223,29714676,464608659,129258526,104224633,637447,811,0,0
C074951,4594966,55139592,2040389,24484668,504290698,106764012,92270218,598407,795,0,0
C074952,4078241,48938892,3591554,43098648,117312849,84194684,70194477,515136,684,1,0
C074953,5640178,67682136,3619346,43432152,225494391,129204294,92209954,442781,749,0,0
C074954,2262906,27154872,1360819,16329828,90883510,26937861,19708033,226216,795,0,0
C074955,4106258,49275096,1253427,15041124,257933280,61893498,47691848,462816,711,0,0
C074956,4750528,57006336,1990010,23880120,236764823,43935657,43935657,591457,765,0,0
C074957,4988140,59857680,2394083,28728996,121706638,49813421,36790787,111552,770,0,0
C074958,6685318,80223816,1671330,20055960,335567018,85098877,48997712,1146802,784,1,0
C074959,5881466,70577592,2825740,33908880,345944282,42037663,21098606,470383,736,0,0
C074960,2888304,34659648,1156353,13876236,415298252,13993601,13993601,100494,862,0,0
C074961,7353917,88247004,5329247,63950964,591589449,64350109,46293409,351828,880,0,0
C074962,3670532,44046384,1468896,17626752,56775007,64080648,63744259,373013,799,0,0
C074963,5047286,60567432,2764772,33177264,268892265,65855091,25540201,328343,803,0,0
C074964,4447816,53373792,2685028,32220336,124401881,21028508,18986636,313980,747,0,0
C074965,3841572,46098864,2204915,26458980,65098149,52627281,25817340,490387,759,0,0
C074966,4980048,59760576,3143904,37726848,167689691,32558937,22241702,427832,742,0,0
C074967,4615661,55387932,3076717,36920604,631014645,47240597,25418111,92313,920,0,0
C074968,3035279,36423348,2034610,24415320,160221008,48532730,42185554,206177,785,0,0
C074969,2153530,25842360,1822587,21871044,59723262,23767010,22852579,313543,776,0,0
C074970,2301407,27616884,1511977,18143724,386636376,50649125,40651033,314012,753,0,0
C074971,1800000,21600000,1048779,12585348,32961559,25589375,17721328,50000,789,0,0
C074972,7003683,84044196,3609598,43315176,290956102,205949304,161403140,1714257,650,1,1
C074973,5078943,60947316,3600293,43203516,242135017,46638609,38723615,478488,948,0,0
C074974,4628715,55544580,2067523,24810276,291411099,130521023,105751800,822881,663,0,0
C074975,2213377,26560524,1358702,16304424,193870029,18742489,18742489,333908,785,1,0
C074976,6458401,77500812,3489263,41871156,427446813,112266547,83158818,732275,738,0,0
C074977,2962070,35544840,929583,11154996,115643451,101640367,101640367,672441,764,1,0
C074978,5031918,60383016,3722403,44668836,60241842,102076387,64399801,1003151,741,0,0
C074979,4272930,51275160,1585162,19021944,102675258,78836926,55405453,491139,760,0,0
C074980,2709685,32516220,1141451,13697412,127846558,57714267,50962391,344905,811,0,0
C074981,4320531,51846372,2220835,26650020,98159339,52193133,30902654,152887,717,0,0
C074982,3259607,39115284,2559836,30718032,99350566,52094145,44526861,485177,788,0,0
C074983,5106948,61283376,3728753,44745036,78499123,47424303,29207425,212505,729,1,0
C074984,3643808,43725696,2476236,29714832,63616570,37104204,9375234,235986,755,0,0
C074985,4006491,48077892,1976264,23715168,85431107,90938530,89285145,714447,859,1,0
C074986,3747113,44965356,1207999,14495988,134408640,182879393,173221160,1360198,669,0,0
C074987,3331774,39981288,1920814,23049768,35817163,89044765,82238597,694383,732,0,0
C074988,2981999,35783988,1773072,21276864,192731643,35210043,15294637,144452,767,0,0
C074989,2151510,25818120,1333530,16002360,83679999,7447581,7447581,145752,788,0,0
C074990,8571320,102855840,5094733,61136796,155260518,93437782,93306870,1432305,851,0,0
C074991,6417145,77005740,3567320,42807840,74379540,36525613,21222283,766964,820,0,0
C074992,6247622,74971464,4087817,49053804,507149231,55366656,55366656,886617,828,0,0
C074993,6136588,73639056,4220285,50643420,235927626,122777181,101267170,1100074,668,1,0
C074994,5195156,62341872,2298756,27585072,865361381,25262456,13994429,136181,806,0,0
C074995,5092642,61111704,4350808,52209696,855563856,44376210,36390052,285956,643,0,0
C074996,2175451,26105412,1111881,13342572,175724529,20156124,12654448,206968,762,0,0
C074997,3709656,44515872,2256838,27082056,139262300,58912254,48005554,444880,809,0,0
C074998,5131671,61580052,3893737,46724844,467347713,65529548,64971307,743443,802,0,0
C074999,2386781,28641372,1148470,13781640,62489528,28406731,14169319,70493,796,0,0
C075000,3156841,37882092,2335716,28028592,190572740,22265549,22029954,290299,694,0,0
C075001,3526206,42314472,1889144,22669728,78237720,27402923,22409621,262410,783,0,0
C075002,7637670,91652040,2845224,34142688,184045209,20803003,20803003,298824,772,0,0
C075003,4722875,56674500,3014435,36173220,227781149,13823137,13626419,447814,720,1,0
C075004,2546980,30563760,1802771,21633252,100681770,39103877,39103877,360271,747,1,1
C075005,2472058,29664696,1400377,16804524,110828950,12252825,12252825,101782,864,0,0
C075006,7724682,92696184,6926004,83112048,271212399,126035693,80165212,858050,565,2,1
C075007,8000956,96011472,5653771,67845252,323353408,142513469,92020710,761981,685,2,1
C075008,3190953,38291436,2118997,25427964,41247877,55944809,31567288,255398,763,1,0
C075009,8780789,105369468,4401979,52823748,681000182,102516239,80250684,717776,657,0,0
C075010,3852642,46231704,2446887,29362644,339752258,24717076,24717076,259535,792,0,0
C075011,4330601,51967212,2250192,27002304,157648972,58760024,56982085,540431,828,0,0
C075012,4617170,55406040,2691987,32303844,775684560,41638001,20308066,260416,776,0,0
C075013,6826920,81923040,3506917,42083004,1146922560,97090335,61713741,829369,852,0,0
C075014,3855673,46268076,2316543,27798516,85791581,50785522,38057152,651251,772,1,0
C075015,5789378,69472536,3347446,40169352,360669764,70644598,70644598,576899,822,0,0
C075016,3474548,41694576,2367713,28412556,206361079,39020711,22406075,419865,695,0,0
C075017,3751723,45020676,2296211,27554532,149073989,14020864,10633018,107806,751,0,0
C075018,3420470,41045640,1885640,22627680,109021070,30112059,19557915,346257,857,0,0
C075019,3724107,44689284,3017126,36205512,90311172,58679510,33678758,794818,624,1,0
C075020,2734054,32808648,1796071,21552852,97132676,50153720,49004688,377686,824,0,0
C075021,4510334,54124008,2397282,28767384,155028116,21959498,18107020,188040,770,0,0
C075022,5142717,61712604,2900266,34803192,438030170,164452487,149992340,1037375,775,0,0
C075023,2534248,30410976,1723102,20677224,67328424,11820649,10214435,50685,850,0,0
C075024,3744814,44937768,2607328,31287936,126887515,17626110,17626110,106497,784,0,0
C075025,5950274,71403288,2431698,29180376,197393661,54113296,54113296,251898,797,0,0
C075026,3762210,45146520,2846459,34157508,105018418,69180712,52669495,440665,705,0,0
C075027,1800000,21600000,1003243,12038916,25051640,38540625,31013216,215920,792,0,0
C075028,6027272,72327264,3369432,40433184,286914336,220539238,158854311,1534826,700,2,1
C075029,4706163,56473956,3181470,38177640,326952640,56253855,48300253,847410,844,0,0
C075030,2803699,33644388,1788964,21467568,102136675,27224165,19788393,274822,754,0,0
C075031,3583498,43001976,1818982,21827784,157339543,111282702,101984354,823081,803,0,0
C075032,8293743,99524916,3463847,41566164,246273075,98884763,75769566,397198,816,0,0
C075033,3929915,47158980,1908705,22904460,465394675,19204517,9248895,218104,776,0,1
C075034,5654386,67852632,2819578,33834936,716607314,79818041,58480189,892860,779,0,0
C075035,1833830,22005960,649581,7794972,147417589,8116824,6804688,139706,777,0,0
C075036,4746049,56952588,2809747,33716964,228676547,43823470,43823470,410168,709,0,0
C075037,6206972,74483664,3526169,42314028,178480488,77851473,46742556,681215,733,0,0
C075038,3906314,46875768,2650817,31809804,213060968,93562823,76195045,627710,718,0,0
C075039,3284294,39411528,1873881,22486572,171449007,32580129,32580129,167048,848,0,0
C075040,1988986,23867832,1126957,13523484,86591045,33997919,22485660,239340,773,1,0
C075041,5407450,64889400,2280792,27369504,58055407,33493257,26246857,108149,772,0,0
C075042,6070233,72842796,4155323,49863876,252274867,58574473,35310643,424784,783,0,0
C075043,4052861,48634332,2098409,25180908,400995093,35116298,33418593,138645,819,0,0
C075044,4997138,59965656,2518596,30223152,115453576,17492051,17492051,479070,753,0,0
C075045,6237808,74853696,2688425,32261100,206242312,82516554,53182937,362934,867,0,0
C075046,5532060,66384720,3339909,40078908,100703729,19995615,19995615,314039,876,0,0
C075047,4508412,54100944,1475321,17703852,63743619,121796239,88339543,316825,831,0,0
C075048,2703326,32439912,1469168,17630016,128532311,24426811,16320332,185335,698,0,0
C075049,2762416,33148992,1894287,22731444,54242872,68804766,60862023,571943,706,0,0
C075050,3124794,37497528,2057341,24688092,104593625,95874937,78632973,753888,747,0,1
C075051,5094058,61128696,2880921,34571052,109289640,106819419,92639223,1112241,713,1,1
C075052,1954726,23456712,736867,8842404,70620304,24965798,17540953,133194,849,0,0
C075053,5709975,68519700,3956709,47480508,638023720,158821680,139153649,774279,734,0,0
C075054,4155374,49864488,2088253,25059036,81578621,104704797,99112167,755486,793,0,0
C075055,3827953,45935436,2426213,29114556,343144814,41173796,21669339,303999,792,0,0
C075056,3835759,46029108,1533416,18400992,273808740,55884946,44581601,466539,832,0,0
C075057,4759129,57109548,1307096,15685152,165702050,93373830,79188592,460073,736,0,0
C075058,4094832,49137984,1795834,21550008,182075235,39380246,39380246,712196,820,0,0
C075059,3256304,39075648,819250,9831000,351636000,24315200,22727117,399552,739,0,0
C075060,1916752,23001024,1271444,15257328,32393365,35955013,21175605,204906,794,1,0
C075061,8019972,96239664,7668404,92020848,583272756,111567044,81291160,1675893,727,1,1
C075062,3964112,47569344,2044821,24537852,118220632,62734239,55114111,669285,733,0,0
C075063,5992797,71913564,3407340,40888080,873494350,62469346,60780356,622679,851,0,0
C075064,3906576,46878912,1980797,23769564,149132156,106457892,101708409,745105,782,0,0
C075065,3642742,43712904,2284975,27419700,407325191,54886448,39211931,456360,726,0,0
C075066,5487974,65855688,3521643,42259716,499214893,101821286,71307207,648222,801,0,0
C075067,12000000,144000000,11425949,137111388,328413280,67470592,19383906,506697,786,0,0
C075068,3460223,41522676,2181418,26177016,267855493,19993838,12439928,196152,745,0,0
C075069,3554846,42658152,1388128,16657536,68579676,102458488,99799994,689633,791,0,0
C075070,3028602,36343224,1793744,21524928,113228335,55043540,55043540,413407,873,0,0
C075071,9652756,115833072,8355261,100263132,257083625,146836311,104668616,1255258,658,0,0
C075072,6117272,73407264,4618449,55421388,259149287,73798979,36733810,711068,728,0,1
C075073,6025094,72301128,4419190,53030280,369011752,101795961,87062217,596084,799,1,0
C075074,2960931,35531172,1591780,19101360,102500763,43716118,40659539,412021,864,0,0
C075075,6820461,81845532,5395529,64746348,303196777,262689371,239932919,1437921,787,0,0
C075076,1820857,21850284,1304304,15651648,79336632,37673926,28473173,215538,796,0,0
C075077,3336076,40032912,1928688,23144256,155146363,105444359,91350245,813222,869,0,0
C075078,2783207,33398484,1287484,15449808,217726465,84239197,69858144,556067,626,1,1
C075079,3450439,41405268,2056389,24676668,96416069,26761871,12866906,369383,762,0,0
C075080,8840307,106083684,6018282,72219384,245935674,225342100,201585686,1736986,744,0,0
C075081,2483075,29796900,1597150,19165800,139781773,23793321,9138832,140211,767,0,0
C075082,6539225,78470700,6834160,82009920,263943388,80462249,63342510,680277,799,0,0
C075083,2510112,30121344,1399835,16798020,270266725,22368066,9181218,50202,763,0,1
C075084,3084313,37011756,2070137,24841644,91508566,38698589,34830103,313915,787,0,0
C075085,4257144,51085728,2769335,33232020,249279652,87600026,77476130,554635,857,0,0
C075086,1800000,21600000,999060,11988720,141372307,21606984,17082917,104619,819,0,0
C075087,4909550,58914600,2482086,29785032,413267721,22609265,16847398,173062,812,0,0
C075088,6016576,72198912,3553666,42643992,157778573,136166975,93649866,1021334,660,0,1
C075089,3495797,41949564,2421138,29053656,207354097,71013579,71013579,573961,747,0,0
C075090,2676120,32113440,1377906,16534872,207609183,66613332,48521929,320794,789,0,0
C075091,2389628,28675536,1850010,22200120,38434459,58745095,53745523,502995,684,1,0
C075092,3181412,38176944,2124448,25493376,116944561,35084062,35084062,365744,788,0,0
C075093,6491029,77892348,5290375,63484500,645373070,81109338,63425992,769022,821,0,0
C075094,5950017,71400204,3953050,47436600,113300496,38829659,30318361,569688,841,0,0
C075095,2095971,25151652,1035924,12431088,117669383,19544734,14050563,149854,765,0,0
C075096,7815140,93781680,5913647,70963764,154241830,105728995,63481034,716482,745,0,1
C075097,3644291,43731492,1905945,22871340,122171963,33942683,33464726,441749,900,0,0
C075098,4562028,54744336,1912079,22944948,193515963,22129115,22129115,363871,777,0,0
C075099,4033712,48404544,1434792,17217504,31382525,40309994,22149556,80674,877,0,0
C075100,3545331,42543972,2331263,27975156,188343233,38314784,25192367,491210,824,0,0
C075101,4522918,54275016,2724663,32695956,253072633,37554546,34583029,729980,817,0,0
C075102,5695572,68346864,3934271,47211252,385412927,26524328,26524328,939001,748,0,1
C075103,4369937,52439244,3327828,39933936,114031406,22225475,19073131,87399,825,0,0
C075104,7494234,89930808,4355612,52267344,481789911,98135502,98135502,1254306,936,0,0
C075105,2495201,29942412,1048342,12580104,65925871,45817581,29955946,286825,697,0,0
C075106,4547040,54564480,2572277,30867324,383414472,93304280,73016423,430396,825,0,0
C075107,6097154,73165848,3927921,47135052,421944482,71510115,52846340,610350,845,0,0
C075108,4995391,59944692,2736031,32832372,662983243,47592660,40198602,330900,845,0,0
C075109,3563357,42760284,2241186,26894232,124616995,15431321,15431321,182092,822,0,0
C075110,6043879,72526548,3207222,38486664,247767152,165428175,134993562,1099211,744,1,0
C075111,5538020,66456240,3029280,36351360,93753463,46783444,17576395,458171,739,0,0
C075112,7039610,84475320,3509108,42109296,156428932,97186966,76761672,821207,780,0,0
C075113,5280163,63361956,2193327,26319924,887067384,50628230,27950537,537510,772,0,0
C075114,4856339,58276068,2939694,35276328,225779001,53464718,44019923,97127,877,0,0
C075115,3926615,47119380,3462510,41550120,104190685,39124258,34792899,566601,678,1,0
C075116,4828302,57939624,1930818,23169816,142884175,101271726,78302485,449549,819,0,0
C075117,4289835,51478020,1877250,22527000,77784901,41591432,17419052,286416,834,0,0
C075118,5767121,69205452,2374281,28491372,118133180,43698195,27781177,230890,815,0,0
C075119,8196306,98355672,4775663,57307956,190071298,220009172,189959259,1505096,705,0,0
C075120,3245603,38947236,2102124,25225488,51597589,84745387,74936395,633253,721,0,0
C075121,3320397,39844764,1395168,16742016,66800729,14642453,8204347,283030,826,0,0
C075122,3504841,42058092,2180031,26160372,175061633,38263456,29404764,298772,803,0,0
C075123,6951380,83416560,4757529,57090348,89179506,165856915,119208172,1211803,744,0,0
C075124,4045211,48542532,2588319,31059828,98601137,44534243,34557178,276202,731,0,0
C075125,2678657,32143884,1694313,20331756,119047215,36036578,36036578,445550,788,0,0
C075126,3596127,43153524,1392114,16705368,167357518,76871103,64145618,377141,837,0,0
C075127,4557509,54690108,1828622,21943464,293455863,89073681,64654595,469817,753,0,0
C075128,3315888,39790656,1389002,16668024,118740203,40715005,23382198,130689,795,0,0
C075129,4996562,59958744,2108281,25299372,434215772,60136044,48121668,239640,864,0,0
C075130,4122819,49473828,2216182,26594184,181255183,85910703,70961777,789515,778,0,0
C075131,4257566,51090792,2443223,29318676,459214374,129469087,104526605,832838,702,0,0
C075132,1831081,21972972,929426,11153112,97376187,23940781,23940781,272472,771,0,0
C075133,2717807,32613684,1343180,16118160,201756925,67521362,56270364,506048,763,0,0
C075134,3839589,46075068,3102196,37226352,39048694,36392599,14527308,229157,771,0,0
C075135,4827995,57935940,3196848,38362176,59720551,53977878,37174723,96560,809,0,1
C075136,5901108,70813296,2888439,34661268,219657325,93943524,93943524,411451,753,0,0
C075137,2806038,33672456,1549989,18599868,72413565,37652379,25338250,146193,797,0,0
C075138,2766342,33196104,1792059,21504708,154534490,28941848,13842063,162513,729,0,0
C075139,5682002,68184024,2356675,28280100,91592452,155556445,101551998,808546,751,0,0
C075140,3359470,40313640,1678561,20142732,167268347,103877909,86721478,629514,743,0,0
C075141,3554210,42650520,2339995,28079940,94249791,70727353,52979799,181378,743,0,0
C075142,3106233,37274796,1695705,20348460,32136110,32474142,20086231,199479,740,0,0
C075143,2733293,32799516,1428257,17139084,157716132,22927344,12365121,54666,832,0,0
C075144,3904963,46859556,2776784,33321408,303992945,70994371,58413268,677760,742,0,0
C075145,4078246,48938952,2693485,32321820,473292808,35979898,35979898,277912,759,0,0
C075146,5183939,62207268,3445923,41351076,292622262,143239083,136992813,1138878,733,0,1
C075147,6611973,79343676,3274191,39290292,162101604,131698901,105931583,787134,786,0,0
C075148,3239061,38868732,1430547,17166564,124471993,45865067,27194850,329028,788,0,0
C075149,4650523,55806276,1909589,22915068,119953387,84801064,69684524,691674,895,0,0
C075150,4917504,59010048,2984868,35818416,142132278,100881387,89400291,954417,686,0,1
C075151,4523086,54277032,1965265,23583180,210443493,65561433,65561433,484421,793,0,0
C075152,3441031,41292372,2181344,26176128,179926939,14163648,14163648,228438,859,0,0
C075153,3931008,47172096,2285540,27426480,124917061,51696140,36890245,232885,754,0,0
C075154,3318116,39817392,1404291,16851492,50142929,64441100,57590752,439829,790,0,0
C075155,7373322,88479864,4602080,55224960,446586308,39047873,35762566,277185,821,0,0
C075156,4647380,55768560,3346938,40163256,62141811,96335737,91473681,720098,709,0,1
C075157,4078199,48938388,1951305,23415660,186632174,48348576,41187234,286906,875,0,0
C075158,3117331,37407972,1714433,20573196,63383688,33631506,15568096,350024,798,0,0
C075159,9310153,111721836,5029392,60352704,1084068147,28341626,28341626,708990,887,0,0
C075160,2376129,28513548,1442166,17305992,399189672,46279534,35088073,156743,735,0,0
C075161,4204040,50448480,2781179,33374148,396555395,39349179,33273878,388747,878,0,0
C075162,4193355,50320260,2903038,34836456,62007699,40180866,40180866,422095,790,0,0
C075163,10006341,120076092,5038143,60457716,1006957391,31491704,31491704,344856,768,0,0
C075164,2519026,30228312,1606180,19274160,57139652,28312916,21690129,214800,749,0,1
C075165,6353974,76247688,4496767,53961204,241558126,68310495,46036962,502051,732,1,0
C075166,10423414,125080968,6504946,78059352,415786574,313252686,308093731,2572141,892,0,0
C075167,5811152,69733824,3632718,43592616,585584502,69017808,52291034,456524,725,0,0
C075168,4608336,55300032,2170667,26048004,82464864,100633512,76401344,255484,868,0,0
C075169,3042841,36514092,1938336,23260032,78560844,19379671,19379671,255866,786,0,0
C075170,4290341,51484092,2897904,34774848,186718703,30689615,29303410,611986,796,0,0
C075171,5442050,65304600,3061131,36733572,115453578,123216201,76061317,941358,769,0,0
C075172,6237983,74855796,4444298,53331576,183564992,48194023,40143846,151873,777,0,0
C075173,4957490,59489880,2450245,29402940,220471157,26337248,9393729,234667,794,0,0
C075174,2301341,27616092,1042351,12508212,159784506,72812472,64464846,573944,795,0,0
C075175,4300814,51609768,2233849,26806188,77625580,38416460,38416460,372417,788,0,0
C075176,2690305,32283660,1799191,21590292,138967842,64597522,45178748,460575,677,0,0
C075177,2497791,29973492,1384972,16619664,43149740,26178262,13240348,251118,692,1,1
C075178,2168991,26027892,1501315,18015780,45786154,66956314,56059860,518158,695,1,0
C075179,7235483,86825796,5924915,71098980,217867465,156709547,120589175,1219698,683,0,0
C075180,4271108,51253296,1430477,17165724,184968914,63986639,30393287,85422,824,0,0
C075181,4704374,56452488,3227836,38734032,99725797,206907358,198744470,1368660,619,1,0
C075182,8405624,100867488,3535452,42425424,152783517,60700650,35239678,512921,820,1,0
C075183,3764712,45176544,2914233,34970796,319248187,60106522,26526495,244176,635,1,1
C075184,3936468,47237616,2273255,27279060,43236859,46841704,29702945,152191,804,0,0
C075185,5769541,69234492,1864442,22373304,74150845,127331143,114110029,635958,789,0,0
C075186,5142544,61710528,3311322,39735864,193055385,33849046,33849046,500943,735,1,0
C075187,1897138,22765656,739069,8868828,85557929,41153976,36038003,276678,790,0,0
C075188,5423626,65083512,3054005,36648060,731547855,46960983,46960983,379716,733,0,0
C075189,4163105,49957260,2426544,29118528,86252166,35431925,35431925,581047,778,0,0
C075190,4625609,55507308,3414059,40968708,340317211,30560977,30560977,467348,709,0,0
C075191,2408446,28901352,1482743,17792916,205579555,31585515,23272011,302091,691,1,0
C075192,1852497,22229964,1424670,17096040,106697969,47625823,37957597,310793,696,0,0
C075193,3013103,36157236,1166700,14000400,135839166,13405612,9798993,266306,767,0,0
C075194,3230477,38765724,2152663,25831956,125111845,28497881,10669664,80100,806,0,0
C075195,4023230,48278760,1949223,23390676,135167967,54859201,38751489,244655,796,0,0
C075196,5134616,61615392,3633303,43599636,362084578,32885206,23672368,187303,730,1,0
C075197,2636785,31641420,1360888,16330656,74387792,41978467,41978467,357786,770,0,0
C075198,3547226,42566712,1546110,18553320,59160463,10567690,10167583,70945,835,1,0
C075199,3302638,39631656,1654954,19859448,114443314,16019109,16019109,285209,810,0,0
C075200,4658967,55907604,2434207,29210484,115470515,42012665,25102981,534173,729,1,0
C075201,5206549,62478588,3630168,43562016,79357583,101032817,71924148,701160,820,0,0
C075202,6089339,73072068,5100970,61211640,272502383,78663199,78663199,645231,715,0,0
C075203,6195192,74342304,3723771,44685252,116941841,121076246,110515268,949888,765,1,0
C075204,2183715,26204580,1678826,20145912,138169465,43220919,43220919,309035,756,1,0
C075205,4229724,50756688,2486244,29834928,287870961,60065760,39893588,190189,823,0,0
C075206,5582404,66988848,2477991,29735892,483061170,179556731,153060608,587699,786,0,0
C075207,3155983,37871796,2720903,32650836,115340197,29323975,29323975,308957,710,0,0
C075208,2528532,30342384,1690884,20290608,99880480,33975169,30958087,327535,740,0,0
C075209,4295400,51544800,1649211,19790532,237591194,59999245,46705527,455019,656,1,1
C075210,6904936,82859232,4007368,48088416,350409717,81623608,81623608,924869,771,0,0
C075211,1800000,21600000,1317221,15806652,42491188,16033355,12502645,50000,881,0,0
C075212,4699967,56399604,2146220,25754640,494895363,45867450,20015302,257528,853,0,0
C075213,7760024,93120288,5034581,60414972,316887378,83961798,50441502,155200,790,0,0
C075214,6530389,78364668,4938039,59256468,143901513,30674166,22785063,877654,794,0,0
C075215,5391604,64699248,1425779,17109348,343640889,139592851,127865159,944528,742,1,0
C075216,3053461,36641532,1174682,14096184,167348224,44588316,41825309,669726,783,0,0
C075217,4511076,54132912,2292576,27510912,323593099,18025529,18025529,96687,767,0,0
C075218,3155183,37862196,1403717,16844604,195200305,45039258,11929154,266312,932,0,0
C075219,5180656,62167872,2861567,34338804,57836377,23688748,23688748,269779,843,0,0
C075220,3586472,43037664,2357898,28294776,162711643,28428534,20172477,434494,823,1,0
C075221,7588752,91065024,4113263,49359156,46997731,55228559,38598885,267035,845,0,0
C075222,6387807,76653684,4105788,49269456,694166515,64912735,36639639,127756,700,0,0
C075223,5753810,69045720,4552347,54628164,356124997,133579270,133579270,897977,782,0,0
C075224,5480015,65760180,3371083,40452996,128375376,66101329,44190341,347622,812,0,0
C075225,3223058,38676696,1082470,12989640,375970085,27904867,27904867,181552,847,0,0
C075226,5048375,60580500,3738216,44858592,848127000,71666709,32858144,386086,785,0,0
C075227,3907999,46895988,2633103,31597236,89694438,37378151,32987883,215639,835,0,0
C075228,7441211,89294532,4187201,50246412,181439276,76903455,71372168,1188681,700,1,0
C075229,4052093,48625116,1804623,21655476,74907789,32047122,11900259,173758,777,0,0
C075230,4491306,53895672,2804070,33648840,165944862,49886425,48040272,530225,785,0,0
C075231,5041861,60502332,3085831,37029972,519702374,65606589,42738256,317446,790,0,0
C075232,5644168,67730016,4636116,55633392,156063487,11347260,6115560,112883,837,0,0
C075233,3042712,36512544,1430203,17162436,55962471,40620652,29170945,283069,860,0,0
C075234,3614037,43368444,2032172,24386064,108319744,99060960,84420560,571845,754,0,0
C075235,2638491,31661892,1757973,21095676,287394717,24407989,24407989,281465,891,0,0
C075236,4910229,58922748,2415708,28988496,195958311,45081505,18426793,313553,816,0,0
C075237,3057017,36684204,2150445,25805340,102801998,29425553,16274696,405484,652,0,0
C075238,5138095,61657140,4510238,54122856,360569488,88860592,82395834,740302,748,0,1
C075239,4686172,56234064,2329782,27957384,205641085,118689018,85994124,795275,774,0,0
C075240,1800000,21600000,1227709,14732508,39139291,27462946,25794514,293221,695,0,0
C075241,3075772,36909264,1839026,22068312,97501029,24262264,19346094,315843,753,0,0
C075242,5829219,69950628,2770331,33243972,344604889,201800030,199959777,1402740,751,1,0
C075243,4703734,56444808,3558913,42706956,228506660,64331026,30934727,736639,716,0,0
C075244,2411386,28936632,1225534,14706408,24184507,24681715,20334535,471789,717,0,0
C075245,3971642,47659704,1980505,23766060,116017538,61753827,56088775,497833,798,0,0
C075246,9234273,110811276,7003156,84037872,140916596,220103958,211249058,1645439,636,0,0
C075247,6888342,82660104,4129536,49554432,255119581,58756824,58756824,1030807,757,1,0
C075248,3617743,43412916,1594040,19128480,261506231,26198507,26198507,390436,881,0,0
C075249,6808972,81707664,3452138,41425656,76192795,186086005,173752192,1280295,749,0,0
C075250,6223425,74681100,2966634,35599608,643426397,81730125,73169110,805156,838,0,0
C075251,3657201,43886412,1411970,16943640,236698911,50606437,47120756,470435,811,0,0
C075252,2347136,28165632,1040029,12480348,285378048,23724394,17300682,190470,815,0,0
C075253,3381014,40572168,2022879,24274548,57381809,34910855,30633589,490735,698,0,0
C075254,3874477,46493724,2953106,35437272,37074183,57242292,57242292,655464,766,0,0
C075255,5973541,71682492,3023075,36276900,230923714,39768056,29048273,119471,777,1,0
C075256,3025562,36306744,1607980,19295760,392616171,61956333,52550973,380705,778,0,0
C075257,1874955,22499460,1008581,12102972,13981302,13018868,6288372,175728,823,0,0
C075258,9006389,108076668,6018132,72217584,259634070,35615913,35615913,617070,798,0,0
C075259,3339277,40071324,1388490,16661880,246195523,37588111,37588111,436712,879,0,0
C075260,3591100,43093200,1475839,17710068,35156033,87716888,84554914,496131,818,0,0
C075261,2643028,31716336,1759635,21115620,318003755,20248059,14402229,52861,815,0,0
C075262,4409081,52908972,2604624,31255488,109281712,32801756,23212798,347731,827,0,0
C075263,4546697,54560364,2615648,31387776,378490711,50209026,27599927,400195,810,0,0
C075264,6492675,77912100,5033847,60406164,258152515,75061443,75061443,907185,751,0,0
C075265,7803218,93638616,3601745,43220940,111603401,135462108,135462108,1020665,824,0,0
C075266,3642207,43706484,2757888,33094656,601879017,25989287,25989287,452331,754,0,1
C075267,3236428,38837136,2263171,27158052,210131370,37960493,20741438,129420,778,0,0
C075268,3401843,40822116,2139945,25679340,114068139,9376113,9376113,358369,721,0,1
C075269,5592728,67112736,2281498,27377976,316787552,94292025,64897157,918124,720,0,0
C075270,2747679,32972148,1535233,18422796,256586625,118656312,110545301,833827,732,0,1
C075271,2794175,33530100,1696797,20361564,223078892,37416180,21803250,197613,897,0,0
C075272,1844444,22133328,1161315,13935780,25996816,22103095,16801726,214152,737,0,0
C075273,3831653,45979836,1874404,22492848,86020506,106470490,104057049,593317,795,0,0
C075274,6873768,82485216,3428220,41138640,195282351,111550706,111550706,705442,792,0,0
C075275,3527088,42325056,3084362,37012344,107250900,89407166,78428261,724349,743,0,0
C075276,8387313,100647756,3138667,37664004,329412910,111560436,66884239,257259,831,0,0
C075277,4765960,57191520,2660563,31926756,250330367,60787753,38415268,264704,815,0,0
C075278,5836178,70034136,3914461,46973532,361146416,53559089,37770212,116724,811,0,0
C075279,2795423,33545076,1533998,18407976,74085604,20555914,20184949,241827,845,0,0
C075280,3908680,46904160,2884237,34610844,260066022,93263322,71638795,525655,682,0,0
C075281,4668023,56016276,2444649,29335788,59663517,78254141,60029977,606388,748,0,0
C075282,3486826,41841912,2487012,29844144,165373270,70573599,63421005,494829,711,0,0
C075283,3257522,39090264,1793066,21516792,67708207,54223182,43020012,404261,852,0,0
C075284,3612649,43351788,2119575,25434900,101541830,36435620,28186170,473878,768,0,0
C075285,3860754,46329048,2543585,30523020,323865661,53110665,41607257,346799,751,1,1
C075286,4075834,48910008,3151679,37820148,601910246,48820640,33407298,254977,671,1,1
C075287,5835862,70030344,4490264,53883168,104026880,53591483,42389498,642618,773,0,0
C075288,3797499,45569988,2220158,26641896,156747953,63901373,55765419,288778,723,0,0
C075289,3296000,39552000,2602204,31226448,285924560,60256419,46511211,519536,692,1,0
C075290,4975305,59703660,3979226,47750712,225038171,52914903,34376366,277477,717,0,0
C075291,6711158,80533896,4705544,56466528,159117334,86466723,71544069,663569,753,0,0
C075292,4613033,55356396,2418325,29019900,81673236,77675721,56011901,503341,859,0,0
C075293,2536392,30436704,1013095,12157140,71062457,67878948,54552746,408548,772,1,0
C075294,1917939,23015268,879884,10558608,52703316,36278864,26311579,220068,810,0,0
C075295,3896255,46755060,1896263,22755156,190871018,57643118,34914906,447390,771,0,0
C075296,4828064,57936768,2267915,27214980,249768520,88257840,60127297,641683,784,0,0
C075297,5129907,61558884,3167140,38005680,253099997,79584150,58000467,502392,727,0,1
C075298,5019929,60239148,3926947,47123364,36898668,42153155,36111310,337873,850,0,0
C075299,5323804,63885648,3326024,39912288,630266857,63606968,37158863,480869,771,0,0
C075300,2457113,29485356,804289,9651468,145050589,26417613,19482277,287912,808,0,0
C075301,5462760,65553120,4190834,50290008,257880378,93267179,60530681,445970,667,0,0
C075302,8613039,103356468,4657351,55888212,439132961,97499832,86820586,698746,859,0,0
C075303,5132046,61584552,4163934,49967208,123074206,110868197,109080000,972049,664,1,1
C075304,5683224,68198688,4346060,52152720,849332931,33673064,25645209,113664,773,1,0
C075305,3123533,37482396,1555901,18670812,319814632,24392000,24392000,353341,932,0,0
C075306,4428001,53136012,2632712,31592544,38491381,39311129,26040840,389987,810,0,0
C075307,2123369,25480428,1128317,13539804,38732599,21403014,17664708,279521,823,0,0
C075308,3339208,40070496,1692815,20313780,123865817,13842832,7005018,205834,884,0,0
C075309,7257132,87085584,5949058,71388696,559344006,101095862,101095862,1278987,769,0,0
C075310,6093664,73123968,4006436,48077232,78718996,21832082,21832082,355460,714,0,0
C075311,3009761,36117132,1688310,20259720,44235249,42318475,24071822,108218,831,0,0
C075312,3090619,37087428,1694928,20339136,188044081,42635008,30774730,330368,834,0,0
C075313,3045819,36549828,2143897,25726764,66891816,27461163,27461163,255521,806,0,0
C075314,4276305,51315660,3192826,38313912,254017954,28982869,28982869,450093,766,0,0
C075315,6529426,78353112,3234236,38810832,172772050,84143858,46356116,686648,821,0,1
C075316,6729193,80750316,3630028,43560336,1069141411,47158567,33596931,291265,754,1,0
C075317,2947940,35375280,2113077,25356924,79747007,31929712,28707154,322693,743,0,0
C075318,4484139,53809668,2305425,27665100,82150423,111410809,96397062,725621,800,0,0
C075319,3725134,44701608,2910602,34927224,133421377,29113015,15756889,457641,764,2,1
C075320,4186826,50241912,2213742,26564904,104909216,25264744,19953089,430373,828,0,0
C075321,5463003,65556036,3005125,36061500,190711921,74727003,62414866,541689,851,0,0
C075322,4529652,54355824,1949274,23391288,427326425,52449205,28595250,95294,825,0,0
C075323,2655922,31871064,1917725,23012700,45401474,138856197,130875678,982609,705,0,0
C075324,4140404,49684848,2867150,34405800,333381189,31499865,14841895,271786,794,0,0
C075325,1800000,21600000,814823,9777876,91214064,5958968,5882312,117040,687,0,0
C075326,3512509,42150108,2354147,28249764,58241303,22839846,20454798,297121,668,0,0
C075327,4288895,51466740,2043788,24525456,126428751,90348166,70428091,608676,812,0,0
C075328,5554104,66649248,3015093,36181116,241544216,56538330,46163400,374589,778,0,0
C075329,3045632,36547584,1697053,20364636,467071520,24561028,18873753,209713,848,0,0
C075330,10303140,123637680,9218729,110624748,477138812,111081258,103707508,1261570,737,1,0
C075331,5910961,70931532,1689898,20278776,267408764,85409923,77348498,613467,852,1,0
C075332,2171378,26056536,951764,11421168,66985020,33881024,30117223,164018,832,0,0
C075333,2356461,28277532,1173672,14084064,153792376,19342840,19342840,143805,769,1,0
C075334,1907021,22884252,1045740,12548880,73937320,17880256,11593483,187874,771,0,0
C075335,3228912,38746944,2079115,24949380,257488673,56112197,40237175,556493,740,1,0
C075336,4518022,54216264,2499554,29994648,185555942,66373895,49099991,432937,735,0,0
C075337,6194180,74330160,1980852,23770224,176624318,118826520,118826520,818839,885,0,0
C075338,7046000,84552000,4735966,56831592,591222062,98928600,72086746,731383,749,0,0
C075339,7614431,91373172,2885538,34626456,343193500,357641408,299709982,2360754,697,0,1
C075340,5986608,71839296,3298606,39583272,79084794,22883187,22883187,400831,785,0,0
C075341,6647742,79772904,3078191,36938292,112432802,75066804,69591123,319145,747,1,0
C075342,3738737,44864844,2188034,26256408,367449823,57270008,17178762,293885,841,0,1
C075343,5661233,67934796,2455237,29462844,334654946,38378872,38378872,256603,808,0,0
C075344,4761469,57137628,3799346,45592152,142124870,58582485,43264575,233514,742,1,0
C075345,2476959,29723508,1150694,13808328,54228740,19401270,19401270,338635,774,0,0
C075346,3451701,41420412,2187995,26255940,118031216,51523607,35635472,378089,884,0,0
C075347,3358338,40300056,2025105,24301260,36940351,64274620,63934607,598038,759,0,0
C075348,5809505,69714060,2816420,33797040,209507584,99553590,91777406,1097147,822,0,0
C075349,3123506,37482072,1440202,17282424,68289125,38708163,30709931,433172,889,0,0
C075350,6351395,76216740,2872227,34466724,444933298,185439211,161018959,1232137,869,0,0
C075351,4195276,50343312,2748220,32978640,127030446,226544904,226544904,1289536,689,0,1
C075352,4946268,59355216,2861040,34332480,416947463,54128360,54128360,589565,765,0,0
C075353,7885789,94629468,5183559,62202708,210788497,115878642,86922656,778011,861,0,0
C075354,3997942,47975304,2352860,28234320,671654256,68395951,51626989,302928,790,0,0
C075355,8237593,98851116,6404329,76851948,218175868,70585314,68312721,858197,774,0,0
C075356,2077663,24931956,1760487,21125844,325475473,51980646,44909073,379076,802,2,0
C075357,5987112,71845344,2989361,35872332,189107077,108391856,82819645,839390,830,0,0
C075358,3733078,44796936,1568638,18823656,385285923,40134878,26639482,383155,789,0,0
C075359,3206199,38474388,1328237,15938844,294019208,43969367,27324084,182705,838,0,0
C075360,3950851,47410212,2732721,32792652,97388979,60377711,44330545,173916,820,0,0
C075361,4358672,52304064,2585023,31020276,103523466,39999854,32410038,570109,794,0,0
C075362,3494051,41928612,1099326,13191912,90121370,28313743,26474830,228590,748,0,0
C075363,2944435,35333220,1096315,13155780,35935216,38572214,24059840,58889,867,0,0
C075364,5899440,70793280,4308034,51696408,334967574,48874532,31628690,644443,781,0,0
C075365,2253825,27045900,1788584,21463008,114864453,40568386,23185441,398770,736,0,1
C075366,5018637,60223644,2978924,35747088,148552523,41232615,29685493,549381,790,1,0
C075367,4549538,54594456,3558681,42704172,478778890,69384949,66825235,432200,728,0,0
C075368,3674910,44098920,2644680,31736160,119939853,66867162,62381962,542506,776,0,0
C075369,3869529,46434348,3087137,37045644,199117048,35974810,24136167,469656,777,0,0
C075370,3591311,43095732,1587343,19048116,603340248,25639399,25639399,394521,802,0,0
C075371,2575108,30901296,1569152,18829824,94143640,25971398,22364378,387632,902,1,0
C075372,6272222,75266664,3458828,41505936,138280414,113988324,113988324,1291215,818,0,0
C075373,3549958,42599496,2868340,34420080,132078545,31087320,23080223,104269,751,0,1
C075374,2682022,32184264,1008612,12103344,41815672,41294736,37235872,298687,753,0,0
C075375,4735653,56827836,1614036,19368432,372866449,33843383,24334006,142693,802,0,0
C075376,4554388,54652656,3007174,36086088,262471191,95308526,82944125,929990,680,2,1
C075377,2371051,28452612,1338019,16056228,44922553,51900595,36379841,381785,729,1,0
C075378,4434283,53211396,2768342,33220104,158768028,67206716,44498369,666519,776,0,0
C075379,3111211,37334532,1154493,13853916,86376585,16567880,15292184,62224,835,0,0
C075380,1800000,21600000,1178289,14139468,70357802,15156065,8265899,131998,786,0,0
C075381,2487005,29844060,1487407,17848884,247884970,14068848,14068848,205930,799,1,0
C075382,5514012,66168144,2355402,28264824,485334969,113054126,92185803,550544,817,0,0
C075383,1956107,23473284,644693,7736316,71896685,33057832,24089800,247100,816,0,0
C075384,3863183,46358196,2370710,28448520,240405303,51775161,48517400,419555,783,0,0
C075385,7216758,86601096,3464720,41576640,162219899,20952527,20952527,641944,805,0,0
C075386,4220711,50648532,1810640,21727680,608057568,39661973,31857243,169879,744,0,0
C075387,4370063,52440756,2616222,31394664,146923380,78065602,78065602,505838,751,0,0
C075388,3647376,43768512,2455120,29461440,385496225,43218506,20225402,433197,704,0,0
C075389,4722468,56669616,2791347,33496164,122475789,40556435,25790898,335132,766,0,0
C075390,3642415,43708980,1801122,21613464,80754461,17110141,17110141,294252,790,0,0
C075391,5649614,67795368,2137728,25652736,210220448,63784589,40969094,458565,821,0,0
C075392,7766018,93192216,5202884,62434608,655728407,149944015,85208102,864507,697,0,0
C075393,4776146,57313752,3035465,36425580,96401011,44965791,44965791,378340,746,0,0
C075394,8079540,96954480,4523679,54284148,663051140,139788192,83531393,1250486,657,3,0
C075395,3701975,44423700,1806344,21676128,49074574,35165070,35165070,448821,709,0,0
C075396,2625003,31500036,1552641,18631692,163239822,39345267,28771704,280961,811,0,0
C075397,2582932,30995184,2016475,24197700,90962929,37441023,37441023,104218,838,0,0
C075398,1800000,21600000,1387005,16644060,32001752,30044554,25845119,130362,809,0,0
C075399,5513359,66160308,3284658,39415896,59682797,153464605,129610753,880153,870,0,0
C075400,4707602,56491224,2404683,28856196,65293262,38155206,28464818,341409,780,0,0
C075401,5074777,60897324,3286710,39440520,851812679,78040189,70439276,603046,759,0,0
C075402,4588742,55064904,3142325,37707900,282500526,62682218,41962043,199716,781,0,0
C075403,4762093,57145116,2869949,34439388,133406998,45601101,19060991,208693,807,0,0
C075404,6858908,82306896,3824878,45898536,390272822,79233898,78626186,137178,804,0,0
C075405,4320024,51840288,1818472,21821664,298190858,95287249,65215472,306535,769,0,0
C075406,3845457,46145484,2424781,29097372,150465824,9236009,9236009,318446,692,1,1
C075407,5962825,71553900,3315091,39781092,787336420,113271528,113271528,982957,741,0,0
C075408,3702549,44430588,1357133,16285596,114728275,41400215,26998592,400169,730,1,0
C075409,2832076,33984912,1231443,14777316,197440952,24125364,24125364,155774,885,0,0
C075410,9518658,114223896,4904357,58852284,101114358,236038612,236038612,1723393,796,0,0
C075411,5040848,60490176,3221299,38655588,446737917,168092194,141371751,1400236,654,0,0
C075412,5618494,67421928,3123425,37481100,207506850,92030521,85099093,746770,787,0,0
C075413,3881255,46575060,2257748,27092976,137796947,8646708,8646708,77625,859,0,0
C075414,3121388,37456656,1918311,23019732,280838717,21169645,21169645,133630,821,0,0
C075415,7528893,90346716,3129426,37553112,176897446,80350691,42171080,150578,811,0,0
C075416,4322873,51874476,3044509,36534108,125921396,67448177,34877980,305247,827,0,0
C075417,4998146,59977752,4481260,53775120,250300945,81679257,81679257,650304,759,0,0
C075418,3280845,39370140,1946975,23363700,551181960,65669913,38748014,409307,720,0,0
C075419,6263347,75160164,3270360,39244320,343715098,343370471,338220738,2342705,822,0,0
C075420,4416737,53000844,2759796,33117552,249393911,43132748,37570026,88335,703,0,0
C075421,2897158,34765896,1794110,21529320,186622734,26148824,26148824,229664,755,0,0
C075422,2161521,25938252,1419924,17039088,35193776,22002405,10459868,213270,767,0,1
C075423,4095339,49144068,2603194,31238328,336093247,113731947,78609668,825779,770,0,0
C075424,2480098,29761176,1687000,20244000,144826474,15764595,9579847,77662,880,0,0
C075425,7263387,87160644,4718505,56622060,948273205,96190982,60265131,487624,795,0,0
C075426,3252058,39024696,1003001,12036012,152104965,179608067,171583120,1274554,753,1,1
C075427,6868117,82417404,4917820,59013840,430401357,79448577,37664220,614140,741,0,0
C075428,3449580,41394960,2019864,24238368,48710777,75374228,64458969,614321,755,0,0
C075429,4039055,48468660,2747556,32970672,235418231,152381059,132457638,938934,754,0,1
C075430,3572955,42875460,1003959,12047508,51280381,72287687,66262525,711224,895,0,0
C075431,3579243,42950916,2826799,33921588,50946817,42191307,30988388,247551,718,0,0
C075432,2960002,35520024,1743783,20925396,353431279,54761559,44552211,224966,812,0,0
C075433,7398390,88780680,4503240,54038880,98800158,189664609,175732204,1243704,809,0,0
C075434,2792102,33505224,1848979,22187748,78761992,35956635,32189669,313170,776,0,0
C075435,2504069,30048828,1155713,13868556,51032802,37261312,36605206,243175,812,0,0
C075436,4178265,50139180,2652622,31831464,123008814,53017892,36180986,408617,674,2,0
C075437,2822995,33875940,1226240,14714880,224306612,43367347,42843268,325369,837,0,0
C075438,6410355,76924260,2815372,33784464,1076939640,78836070,42238394,216261,684,0,0
C075439,2643937,31727244,1753013,21036156,367405968,15321741,8140279,52879,754,1,0
C075440,2568811,30825732,1760693,21128316,223072859,33873541,20358747,329162,699,0,0
C075441,7183969,86207628,3539573,42474876,697975694,92253707,50809701,784420,768,0,0
C075442,2213425,26561100,1079829,12957948,230264503,41167531,33244661,228881,758,1,0
C075443,4908387,58900644,2318031,27816372,194551305,55521329,42632295,406046,754,0,0
C075444,3318511,39822132,1915663,22987956,231697996,94899859,82901130,703300,782,0,0
C075445,6171018,74052216,2288389,27460668,349938416,131070384,113873758,916979,839,0,0
C075446,2523529,30282348,1647535,19770420,44037510,15889469,6551709,50471,771,0,0
C075447,4649883,55798596,2157107,25885284,39275339,30257414,25728301,679068,789,0,0
C075448,6957488,83489856,3914240,46970880,294045497,81348364,47895538,546228,796,0,0
C075449,4086695,49040340,2221313,26655756,60633373,60645346,43776278,509824,756,0,0
C075450,4933442,59201304,2344328,28131936,119219698,164743750,148610835,1010046,775,0,0
C075451,3744998,44939976,2242813,26913756,142506000,27526104,16779568,203315,859,0,0
C075452,3143217,37718604,2271538,27258456,90466861,32246487,24445472,324473,790,0,0
C075453,7153553,85842636,3509971,42119652,498449668,55936423,30594449,602730,883,0,0
C075454,1800000,21600000,560997,6731964,127702431,28857709,12668996,133073,810,0,0
C075455,5114155,61369860,3725737,44708844,268859972,40699195,38842094,283070,707,0,0
C075456,4105633,49267596,1559317,18711804,201883507,47297607,14976792,305307,883,0,0
C075457,6905879,82870548,4079255,48951060,678548915,37731920,23196212,219449,783,0,0
C075458,2600026,31200312,1162343,13948116,150326900,13653709,9276724,259495,691,0,0
C075459,8541106,102493272,2831364,33976368,985110586,137657070,113999831,1577048,725,0,0
C075460,5374692,64496304,2857185,34286220,541430860,97430105,65981839,668415,761,0,0
C075461,3578081,42936972,2116835,25402020,135072911,72891657,59628190,571008,807,0,0
C075462,4187063,50244756,1790280,21483360,703426584,42108891,24623568,471135,764,0,0
C075463,4260544,51126528,2658599,31903188,239499989,65401799,45162550,492447,762,0,0
C075464,5223535,62682420,3207133,38485596,328089638,61788961,24872080,111576,771,0,0
C075465,2536853,30442236,2080151,24961812,259503344,13813922,13813922,255775,794,0,0
C075466,5138865,61666380,2588074,31056888,571880544,84766902,82672017,716871,697,0,0
C075467,2688836,32266032,1641933,19703196,106614686,34358801,21407311,293284,803,0,0
C075468,3765837,45190044,1567112,18805344,233939800,22788099,17670243,141710,804,0,0
C075469,3487382,41848584,2582927,30995124,271437711,47959978,30175492,271347,735,0,1
C075470,3593626,43123512,2420047,29040564,287316084,15919996,15919996,459708,926,0,0
C075471,3188155,38257860,2607899,31294788,87464936,17339792,17339792,403790,732,1,0
C075472,2118790,25425480,1437156,17245872,150432334,103867843,97214241,371075,737,0,0
C075473,2052411,24628932,1146875,13762500,122358184,9997162,9997162,210676,685,1,0
C075474,3140852,37690224,2132221,25586652,239405007,31295405,23778032,422226,840,0,0
C075475,3460079,41520948,2564865,30778380,178917379,54354154,30843872,375892,690,0,0
C075476,4784049,57408588,3487406,41848872,556767778,58379232,29790389,533452,601,4,1
C075477,2644727,31736724,1691497,20297964,157339346,44611975,22538964,243464,828,0,0
C075478,4375303,52503636,2529585,30355020,208128212,68066671,66526339,440650,825,1,0
C075479,5628244,67538928,2955518,35466216,126092941,37227789,32245443,365083,790,0,0
C075480,5626709,67520508,2933536,35202432,248056866,61213332,47736402,647591,861,0,0
C075481,4445636,53347632,2419751,29037012,342905534,24210517,12508815,88913,806,0,0
C075482,3608459,43301508,1815313,21783756,526694183,80282669,50097999,509894,673,0,1
C075483,4234900,50818800,2541414,30496968,214791393,89558388,82946374,639996,856,0,0
C075484,2227580,26730960,1109934,13319208,51439129,34465237,31155754,513246,732,0,0
C075485,2065419,24785028,1139434,13673208,44436682,11864548,11864548,93689,850,0,0
C075486,3473330,41679960,868333,10419996,97482065,91823318,88116934,690822,795,0,0
C075487,2462021,29544252,1162822,13953864,153237460,19495802,19495802,219335,853,0,0
C075488,7535878,90430536,3543583,42522996,134461237,30652629,30652629,520762,827,0,0
C075489,4104070,49248840,2621626,31459512,591610695,43646859,27369986,162280,944,0,0
C075490,9142746,109712952,3145350,37744200,626255610,127454980,88418721,1045042,741,0,0
C075491,5631495,67577940,1806948,21683376,46686183,78257441,56960114,759591,799,0,0
C075492,3148760,37785120,1716970,20603640,54042662,25821943,21008668,223709,764,0,0
C075493,3881616,46579392,1420490,17045880,423920751,89160987,60106045,645738,698,1,0
C075494,2876651,34519812,1276871,15322452,188854438,22990969,22990969,291977,754,0,0
C075495,3147177,37766124,1188679,14264148,41799050,55560817,55560817,368244,867,0,0
C075496,4562300,54747600,3599396,43192752,200022605,24118565,24118565,91246,886,0,0
C075497,3856385,46276620,1721306,20655672,226110324,45221047,29890768,250680,783,0,0
C075498,4348226,52178712,1424140,17089680,162776626,45644048,44630837,465331,844,0,0
C075499,1884714,22616568,1372944,16475328,48903391,19570338,3865971,130689,750,0,0
C075500,4437817,53253804,2191397,26296764,429315988,42271281,35138881,714935,773,0,0
C075501,4883270,58599240,1822645,21871740,199823675,42944963,19011288,113312,711,1,0
C075502,2434797,29217564,1351706,16220472,174517976,42637121,37966133,293907,800,0,0
C075503,2768218,33218616,1513370,18160440,73024678,10729760,9917891,137403,861,0,0
C075504,8436282,101235384,7562592,90751104,272061958,170691943,155175266,1561602,642,0,0
C075505,2937635,35251620,1671487,20057844,117546363,25735894,12785301,81030,761,0,0
C075506,4813496,57761952,1446692,17360304,181968568,26213632,14929501,96270,867,0,0
C075507,4500125,54001500,1802366,21628392,104729113,88830908,81162129,559908,718,0,0
C075508,5171340,62056080,2768998,33227976,175345868,58912042,35270576,447747,849,0,0
C075509,4172603,50071236,2183168,26198016,270160910,101235646,89630307,547844,718,1,0
C075510,4851779,58221348,3438005,41256060,260082100,88033532,46089127,515983,669,0,1
C075511,6588044,79056528,2580082,30960984,176939503,64978378,64978378,345285,879,0,0
C075512,3661941,43943292,2157103,25885236,232245858,22364024,16536325,538389,699,1,0
C075513,4962882,59554584,2152993,25835916,150755872,146146212,131591004,1381181,747,0,0
C075514,2108527,25302324,1368485,16421820,86720854,21960096,12104952,251792,862,1,0
C075515,6480506,77766072,2493133,29917596,653518930,123118197,101872333,476004,808,0,0
C075516,2488386,29860632,1404546,16854552,207001431,28185749,22727783,208916,786,0,1
C075517,4692263,56307156,3112898,37354776,256954814,10540971,10540971,493016,825,0,1
C075518,4770249,57242988,2548562,30582744,281099381,165774606,152556247,1183577,737,0,1
C075519,3004595,36055140,2008927,24107124,81603824,63051557,53892770,534543,727,1,0
C075520,3453237,41438844,1686570,20238840,138397579,44036788,28606640,261399,848,0,0
C075521,2033115,24397380,1007909,12094908,87891195,23285631,13191865,61736,880,0,0
C075522,6389969,76679628,3287055,39444660,94945909,160692322,160692322,1375253,750,0,0
C075523,4006639,48079668,2534318,30411816,128309671,86231282,83214038,388539,683,0,0
C075524,2968633,35623596,2118123,25417476,437488361,36050585,22364018,256268,752,0,1
C075525,2980608,35767296,1795588,21547056,143612607,56507983,36490669,197317,779,0,0
C075526,5249881,62998572,2485829,29829948,125113123,25551485,10026891,263554,822,0,0
C075527,5820545,69846540,2732050,32784600,190287684,170587444,158839505,1486227,696,0,0
C075528,3386749,40640988,2654985,31859820,219299423,30655103,23692038,291309,777,0,0
C075529,3785143,45421716,1980037,23760444,533630618,93307261,68704214,728122,740,0,0
C075530,3536941,42443292,2828685,33944220,51060710,48717457,21787440,368027,871,0,0
C075531,6578750,78945000,4541243,54494916,158904751,61127473,49455981,680237,749,1,0
C075532,4082894,48994728,3402109,40825308,221583583,63867955,58337510,533242,725,0,1
C075533,5347703,64172436,3355615,40267380,63286071,59822165,37514797,896899,682,1,0
C075534,4740569,56886828,2338352,28060224,348616065,64559610,39491451,374252,801,0,0
C075535,2043718,24524616,1072558,12870696,119845305,28966690,25023608,299665,884,0,0
C075536,6450920,77411040,5462136,65545632,257917429,60130849,46408772,140720,758,0,0
C075537,7246654,86959848,3843441,46121292,180056604,51362771,26110190,221879,810,0,0
C075538,4634016,55608192,2351023,28212276,65615470,42718195,42718195,398670,820,0,0
C075539,2751284,33015408,1652885,19834620,55020966,45358263,37797835,202854,771,0,0
C075540,7323477,87881724,6779912,81358944,490631369,94004475,41605704,793142,691,0,1
C075541,3267924,39215088,2110040,25320480,549011232,116739543,110243794,715609,759,0,0
C075542,2581853,30982236,960401,11524812,240613663,67891610,61323451,453404,809,0,0
C075543,5515928,66191136,3527511,42330132,114072556,41110308,41110308,797693,736,0,0
C075544,4055579,48666948,2737889,32854668,62064618,148436025,130556889,899854,699,0,0
C075545,5516261,66195132,2321758,27861096,163756212,97249852,91515093,596365,845,0,0
C075546,7758804,93105648,4525652,54307824,733428301,47762838,33419759,155176,844,0,0
C075547,7754360,93052320,5195721,62348652,222252026,120317770,57618417,965204,669,3,1
C075548,2686599,32239188,1473812,17685744,234983167,21520832,4965767,57053,807,0,0
C075549,3636671,43640052,2416870,29002440,175280469,20579414,20579414,281572,865,0,0
C075550,4849626,58195512,2960734,35528808,290507311,265817380,261879804,1478701,685,2,0
C075551,5847592,70171104,2434145,29209740,323771487,60737014,58381214,867323,871,0,0
C075552,7389328,88671936,5061348,60736176,222386388,33482649,22266113,255462,815,0,0
C075553,7440228,89282736,3714595,44575140,70968913,90836004,49639461,836041,890,0,0
C075554,4522908,54274896,2239147,26869764,68994743,30186725,30186725,405924,738,0,0
C075555,3500172,42002064,1327403,15928836,119243802,76290387,62706553,531802,834,0,0
C075556,8842614,106111368,3978346,47740152,505620688,110600216,72797398,803846,778,0,0
C075557,3688416,44260992,1592163,19105956,59297833,39833729,14278176,197081,764,0,0
C075558,5813692,69764304,3417703,41012436,228614223,46460054,46460054,588075,817,0,0
C075559,4924772,59097264,3411640,40939680,358663060,73948803,54148368,528619,746,0,0
C075560,2553918,30647016,1236102,14833224,91650548,42785788,33722150,165214,797,0,0
C075561,2638879,31666548,1218835,14626020,205241535,44738510,26000684,248050,784,0,0
C075562,4252420,51029040,3413861,40966332,264897756,83969919,83969919,521566,785,0,0
C075563,3106118,37273416,1387782,16653384,89401022,31352346,27976067,354429,841,0,0
C075564,2489339,29872068,1607168,19286016,54851767,72360257,72360257,548191,741,0,0
C075565,4788666,57463992,2653147,31837764,231968075,36640991,28197348,475048,778,0,0
C075566,1800000,21600000,1297850,15574200,88171259,40406181,36737771,305299,735,0,0
C075567,3691886,44302632,1908361,22900332,123666778,67349991,43012855,519322,765,0,0
C075568,4297791,51573492,1842431,22109172,305652635,54369176,54369176,557855,813,0,0
C075569,4518820,54225840,3181445,38177340,335403906,41388028,24156358,313975,743,1,0
C075570,4426698,53120376,2362663,28351956,338834344,86089922,85741391,666746,804,1,0
C075571,2946463,35357556,1396741,16760892,56016421,74114957,64775796,440552,876,0,0
C075572,2237529,26850348,1036587,12439044,86274338,40828608,40828608,427787,833,0,0
C075573,2274512,27294144,850952,10211424,197037303,11880651,11880651,201118,888,0,0
C075574,4570909,54850908,3821002,45852024,70985848,22547474,22547474,252628,765,0,0
C075575,1947950,23375400,1120823,13449876,52103371,3726018,3262376,202428,761,0,0
C075576,2207857,26494284,1876915,22522980,18438457,50969850,41480905,219010,713,0,0
C075577,4046471,48557652,2163192,25958304,426498151,73011220,41948189,642316,727,0,0
C075578,4251457,51017484,1062864,12754368,73064584,55239798,47375051,441581,803,0,0
C075579,7487077,89844924,4685989,56231868,510311270,71682823,33974178,149742,821,0,0
C075580,5760931,69131172,3498197,41978364,300322278,51747570,42510299,646333,882,0,0
C075581,7033697,84404364,4706818,56481816,302707299,75845991,71648270,842872,702,0,0
C075582,2235307,26823684,1313695,15764340,142081657,50295383,44440667,403144,794,1,0
C075583,4370783,52449396,3096995,37163940,217861951,59761606,37165957,613615,572,0,0
C075584,2840565,34086780,1544100,18529200,151994613,60241725,50100234,504811,758,0,0
C075585,4907614,58891368,2957768,35493216,136952716,34225496,33172174,98152,842,0,0
C075586,5220772,62649264,2385726,28628712,287064098,35894967,23200725,528663,836,0,0
C075587,6309385,75712620,2752605,33031260,72680580,162195714,125556525,1140898,776,0,0
C075588,6122241,73466892,3694671,44336052,229654423,25305473,12523386,122445,771,0,0
C075589,4523927,54287124,3551730,42620760,80521845,96026931,78473689,446854,699,0,0
C075590,4222745,50672940,3852113,46225356,228983938,23113485,23113485,598700,719,0,1
C075591,4181119,50173428,1837744,22052928,240355155,62744196,62744196,619440,752,0,0
C075592,7121267,85455204,3461674,41540088,84118822,196679784,195083061,1194006,711,0,0
C075593,6051477,72617724,3096148,37153776,162230309,100299760,62514963,912069,760,0,0
C075594,4469222,53630664,2429188,29150256,124164564,55354271,55354271,509899,739,0,0
C075595,4149904,49798848,2725027,32700324,60721473,164116971,146043128,801661,755,0,0
C075596,4895641,58747692,3399196,40790352,127627228,54773892,39540120,698718,665,1,0
C075597,2390631,28687572,1241874,14902488,133454648,15060131,15060131,197131,844,0,0
C075598,4181464,50177568,2078222,24938664,99816035,26328746,16118290,504141,811,0,0
C075599,2630236,31562832,1900423,22805076,81478379,34001877,34001877,308169,850,0,0
C075600,3919649,47035788,2493804,29925648,107921581,42969038,23460089,419610,821,0,0
C075601,2109469,25313628,1843574,22122888,86254364,22278366,14153710,117631,684,0,0
C075602,1800000,21600000,861261,10335132,119785886,9565904,7915015,125087,790,0,0
C075603,8887032,106644384,5130005,61560060,184642754,113060092,105660956,1429240,864,1,0
C075604,4070964,48851568,1465779,17589348,46000260,52189384,44497430,321647,832,0,0
C075605,2841115,34093380,2122243,25466916,187221929,14551037,5514830,149931,813,0,0
C075606,4744326,56931912,2206888,26482656,307978683,76318732,57382524,720387,739,0,1
C075607,5521487,66257844,4126117,49513404,177514732,118622257,80497732,925643,649,1,0
C075608,2786707,33440484,1506706,18080472,273289161,33715005,23844075,513777,667,0,0
C075609,1881404,22576848,763298,9159576,316075872,25410528,22987788,229363,743,0,0
C075610,9039442,108473304,4446649,53359788,172319696,154875309,109201614,1891275,709,0,0
C075611,4027113,48325356,2418738,29024856,332671625,50202601,43011859,281856,794,0,0
C075612,3335818,40029816,1636101,19633212,99093323,68182290,42091274,552727,722,0,0
C075613,1914536,22974432,733153,8797836,30301372,37360780,29560272,249209,767,0,0
C075614,4530326,54363912,3195541,38346492,112682574,163974878,163974878,848822,734,0,0
C075615,3701464,44417568,1368692,16424304,312854277,24302855,24302855,249953,753,0,0
C075616,2941441,35297292,1715268,20583216,122498149,19993026,9759578,164521,778,0,0
C075617,3951844,47422128,2889664,34675968,268335083,32845533,32845533,457083,706,0,0
C075618,3388692,40664304,1963424,23561088,160820930,60804884,60300590,484237,834,0,0
C075619,4356068,52272816,2449778,29397336,138129774,51439218,34802272,413022,789,0,0
C075620,3007274,36087288,2383360,28600320,59379444,29479430,13251382,434020,616,0,0
C075621,2923859,35086308,1851167,22214004,193152023,86751195,74911592,600914,824,0,0
C075622,6643950,79727400,5008987,60107844,601918619,159040731,150440545,1577769,707,1,0
C075623,6969401,83632812,5245776,62949312,506867050,159591574,138426287,1392761,738,0,0
C075624,4103984,49247808,2562984,30755808,508400850,50807245,34947240,499188,761,0,0
C075625,3125673,37508076,2303736,27644832,251830453,57417184,47862397,267848,685,0,0
C075626,4360491,52325892,1372366,16468392,112901086,54586166,40722595,725714,729,0,0
C075627,3513717,42164604,2379311,28551732,109917282,55214313,43832158,547087,710,0,0
C075628,2848165,34177980,1727933,20735196,249136556,36279488,23720139,230494,757,0,0
C075629,2834992,34019904,1237952,14855424,125100970,23223933,20591352,332514,820,0,0
C075630,4065876,48790512,2413066,28956792,16970108,39820573,12501094,248937,851,0,0
C075631,3072929,36875148,1779395,21352740,322879236,18463765,16275674,138793,789,0,0
C075632,2775594,33307128,1488615,17863380,168373094,27626767,20898530,401218,807,0,0
C075633,3511397,42136764,2023433,24281196,45316714,34994733,22267025,180264,800,0,0
C075634,3811866,45742392,2735565,32826780,284315813,48940303,27007945,528277,714,0,1
C075635,4910642,58927704,1915485,22985820,428205658,98555931,38788550,98213,705,0,0
C075636,2228498,26741976,965606,11587272,322600565,43057259,27405931,384002,756,0,0
C075637,9036571,108438852,4524920,54299040,241545469,75489483,66030164,789901,806,0,0
C075638,2857509,34290108,1264162,15169944,100588331,74875777,64261381,649106,790,0,0
C075639,5652409,67828908,2603470,31241640,297645928,46794026,32166973,452119,769,0,0
C075640,6253385,75040620,3295876,39550512,263265467,159229666,144896774,1211470,736,1,1
C075641,5341788,64101456,2587610,31051320,272833748,116611439,101812113,722036,710,0,0
C075642,5073719,60884628,4830914,57970968,183067468,73973505,62817260,353793,865,0,0
C075643,8778261,105339132,3163569,37962828,317277681,63073665,53518160,440373,904,0,0
C075644,6144763,73737156,2763303,33159636,284939881,122080842,122080842,750305,737,0,0
C075645,6675536,80106432,3759003,45108036,318349824,85113597,40177272,316322,807,0,0
C075646,3060588,36727056,1798272,21579264,95294571,19714510,19053970,273240,795,0,0
C075647,7615475,91385700,5746818,68961816,244046359,95349498,46205134,456733,834,0,0
C075648,3508871,42106452,1846513,22158156,100382796,80923474,71228817,686677,755,0,0
C075649,2604667,31256004,1832528,21990336,196340532,12860849,9239477,238541,809,0,0
C075650,2208536,26502432,1439351,17272212,95118781,57674851,44583625,116983,775,0,0
C075651,6762448,81149376,2969666,35635992,118347961,97268414,52839241,479557,840,0,0
C075652,2299066,27588792,1808581,21702972,240741831,33085136,20374801,310042,794,0,0
C075653,6597103,79165236,2509212,30110544,397305536,265508626,265470367,1408516,785,0,0
C075654,3108039,37296468,2428470,29141640,146266305,63198782,62003503,713188,610,0,0
C075655,2957294,35487528,1391471,16697652,136577601,87413136,58814979,461909,741,0,0
C075656,5478312,65739744,3272062,39264744,132577764,95003374,95003374,608758,795,0,0
C075657,3470585,41647020,1368340,16420080,198607053,38788741,32655554,224105,789,0,0
C075658,3940881,47290572,2431966,29183592,148954546,77311907,67105188,486132,694,0,0
C075659,2515741,30188892,2177291,26127492,422644488,49058803,28891025,334665,694,0,0
C075660,6045154,72541848,3499200,41990400,250455533,61497168,53521282,628095,827,0,0
C075661,2841985,34103820,1853711,22244532,56706592,33554419,33554419,256271,838,1,0
C075662,3706072,44472864,926518,11118216,186928046,94792413,91941885,751396,815,0,0
C075663,6131353,73576236,2543819,30525828,256591529,84942513,84942513,267634,818,0,0
C075664,5065811,60789732,3236832,38841984,525262860,173531933,134522210,1309470,713,0,0
C075665,7673281,92079372,2972223,35666676,158468019,122203907,90952254,923012,849,0,0
C075666,5283130,63397560,3217098,38605176,206117587,44847177,33631139,258619,704,0,0
C075667,5056532,60678384,2585946,31031352,304424064,36134778,18610103,101131,813,0,0
C075668,4757000,57084000,2892383,34708596,151565329,49543485,35890334,356331,869,0,0
C075669,2823395,33880740,1604080,19248960,102099025,47145253,41221533,465797,769,0,0
C075670,2605115,31261380,2224005,26688060,68197379,42898923,36002472,437335,727,0,0
C075671,3158724,37904688,1637005,19644060,56820488,50809431,39466133,232915,738,0,0
C075672,4542770,54513240,2332293,27987516,138358586,34782530,25225812,277229,823,0,0
C075673,3675692,44108304,1868585,22423020,142497323,36194824,20712772,246044,817,0,0
C075674,3720792,44649504,2641984,31703808,209001743,28072255,13667097,331065,790,0,0
C075675,2993012,35916144,2098347,25180164,86831172,29245020,23800103,371593,815,0,0
C075676,5706991,68483892,3260562,39126744,275748653,102836753,70003690,285132,860,0,0
C075677,10326427,123917124,3684179,44210148,1199532020,149023118,86043528,1115540,851,0,0
C075678,5131438,61577256,2919516,35034192,468590583,112384105,97104274,682145,771,0,0
C075679,6352229,76226748,2029999,24359988,1067174472,109782002,107283472,688373,783,0,0
C075680,2522045,30264540,1365959,16391508,76814694,14773901,14773901,141145,831,0,0
C075681,3004031,36048372,1253733,15044796,174959854,55792427,52754633,440559,818,0,0
C075682,4593027,55116324,3961370,47536440,237213307,25525405,20459227,224173,797,0,0
C075683,4091733,49100796,1502017,18024204,240328576,18166328,15439581,81835,800,0,0
C075684,2539216,30470592,1326459,15917508,28506453,22847768,19672817,110152,760,0,0
C075685,1861861,22342332,1137050,13644600,40364190,28677792,20758030,249763,747,1,0
C075686,2183709,26204508,1164297,13971564,185835657,24666756,24666756,302253,784,0,0
C075687,8133088,97597056,4227212,50726544,361126231,134784376,79503572,902151,728,0,0
C075688,6131610,73579320,3682349,44188188,347529532,59623402,38831672,381729,783,0,0
C075689,3340828,40089936,2832518,33990216,263237340,34453910,22418501,216127,769,0,0
C075690,1800000,21600000,1438027,17256324,77450296,16515699,9752758,95945,707,0,0
C075691,2359842,28318104,807806,9693672,396453456,10403339,5125335,58214,927,0,0
C075692,5419815,65037780,2748582,32982984,271004646,68650313,44755031,641835,797,0,0
C075693,2772463,33269556,1368360,16420320,83864371,32590183,26575353,153566,736,0,0
C075694,4633530,55602360,2341905,28102860,138281541,33860078,14403470,426279,844,0,0
C075695,2169571,26034852,1402601,16831212,148386974,7800951,7800951,232468,767,0,1
C075696,4266604,51199248,2949570,35394840,198126792,21057317,21057317,106670,773,0,0
C075697,3877626,46531512,1707489,20489868,182239052,92939907,67860860,639518,710,1,0
C075698,4460398,53524776,2806439,33677268,414851913,35492183,20932181,556445,863,0,0
C075699,3663113,43957356,1796242,21554904,239463610,26525788,26525788,274415,788,0,0
C075700,4933192,59198304,3385098,40621176,184700005,31069840,19972928,688057,776,1,0
C075701,3653827,43845924,2366492,28397904,124810014,32598359,22981349,494308,856,0,0
C075702,3561529,42738348,1721689,20660268,51187884,40741200,19600424,278382,732,0,0
C075703,6320113,75841356,3641277,43695324,260842485,41857448,25405114,199597,742,0,0
C075704,5864632,70375584,4400436,52805232,658740862,34777122,29565132,232709,843,0,0
C075705,5197026,62364312,1557663,18691956,229262877,26188210,12865013,195167,760,0,0
C075706,3294100,39529200,1206209,14474508,125560233,26776992,25364976,249537,794,0,0
C075707,4551596,54619152,2418063,29016756,177304710,39559149,24310123,258823,808,0,0
C075708,4969323,59631876,3244206,38930472,67575583,141498180,135736456,1275365,631,0,1
C075709,2482424,29789088,1483699,17804388,170408528,61287616,53407026,456111,695,0,0
C075710,1800000,21600000,1376478,16517736,106356620,21432867,16009106,272428,750,0,0
C075711,6373457,76481484,3780741,45368892,521844042,48392470,48392470,202360,717,1,0
C075712,2592751,31113012,1980972,23771664,108927370,60799547,46707677,552019,719,0,1
C075713,2709047,32508564,1376221,16514652,262439976,29273016,29273016,462048,912,0,0
C075714,2388812,28665744,1130734,13568808,123106744,31724176,20455747,214845,913,0,0
C075715,3908155,46897860,1929595,23155140,164746839,51658460,51658460,269637,877,0,0
C075716,2938030,35256360,951284,11415408,227661819,18549739,12072911,191333,828,0,0
C075717,5196210,62354520,4243837,50926044,415736793,157550309,127703286,863948,632,0,1
C075718,7739082,92868984,4701786,56421432,581041432,226045385,206751870,1503119,876,0,0
C075719,4831263,57975156,3149736,37796832,308848344,51472586,47798032,568370,772,0,0
C075720,2603513,31242156,1248137,14977644,15036915,16320750,9924496,144976,737,0,0
C075721,2703911,32446932,1844660,22135920,126606536,38190292,33849340,304898,760,0,0
C075722,3680877,44170524,1931702,23180424,513118825,50750628,44419814,580151,837,0,0
C075723,3020311,36243732,1830180,21962160,76114176,41924526,25670524,303540,821,0,0
C075724,6501217,78014604,4972482,59669784,345756513,105487121,83413345,984559,744,0,0
C075725,7328139,87937668,5336934,64043208,149799259,26912840,26912840,497303,755,0,0
C075726,5964787,71577444,3983061,47796732,141976797,123005624,109788265,888050,787,0,0
C075727,3378236,40538832,1872062,22464744,310550132,36630713,21995567,434509,714,1,0
C075728,6697098,80365176,3719480,44633760,431070352,113222237,111082401,653787,883,0,0
C075729,4621385,55456620,2359730,28316760,93537067,56634482,46922329,311019,801,0,0
C075730,2727646,32731752,874012,10488144,120241622,47682717,30957475,345620,786,1,0
C075731,3042611,36511332,1938710,23264520,105438201,16063295,12081561,60852,872,0,0
C075732,2457100,29485200,1111361,13336332,127920833,27790043,27790043,249029,871,0,0
C075733,2982123,35785476,2033500,24402000,164071556,58422183,31780139,233155,769,0,0
C075734,4148076,49776912,2975592,35707104,376317629,99901543,99901543,733798,821,0,0
C075735,4933922,59207064,3272498,39269976,412708854,19574708,10340187,315424,850,0,0
C075736,4148259,49779108,2560110,30721320,696907512,124765124,76684347,538655,751,0,0
C075737,2172732,26072784,1277656,15331872,134648215,23328801,10837158,143605,776,0,0
C075738,4769398,57232776,2716447,32597364,315605971,63068137,46650346,472652,769,1,0
C075739,5229935,62759220,1958114,23497368,110972980,50180169,42780020,638518,787,0,0
C075740,3258383,39100596,2039142,24469704,59708614,56209658,41158234,505235,711,0,1
C075741,4165980,49991760,2503060,30036720,91869199,54827563,42677666,447964,745,1,0
C075742,4540170,54482040,2760303,33123636,56549610,77498073,59463905,708690,760,0,0
C075743,4416474,52997688,3926205,47114460,157105089,44264416,29854901,438325,826,0,0
C075744,3939307,47271684,1647672,19772064,400216112,45553137,38933438,260750,791,0,0
C075745,4235200,50822400,2441570,29298840,352066041,30404687,26861893,175920,895,0,0
C075746,4310188,51722256,3509247,42110964,468987187,54717760,31814944,458246,741,0,1
C075747,3465490,41585880,2102851,25234212,73749214,95882221,70939181,641275,727,0,0
C075748,3165610,37987320,1484269,17811228,144308031,45399659,38939277,526885,766,0,0
C075749,2497677,29972124,1591163,19093956,293272384,44432606,23575165,304760,718,0,0
C075750,5334158,64009896,2397801,28773612,222630707,64890255,37236067,379741,808,0,0
C075751,3213712,38564544,1182516,14190192,152440614,15012765,15012765,202702,842,0,0
C075752,4176690,50120280,2362977,28355724,33903311,36177466,19378131,373502,825,0,0
C075753,4379766,52557192,1904149,22849788,144455492,21122778,20240037,544000,862,0,0
C075754,5307357,63688284,3179509,38154108,891635976,105790378,93620157,1027436,733,2,0
C075755,4468988,53627856,2378176,28538112,109886805,98746133,70809131,792196,813,0,0
C075756,4971093,59653116,3163481,37961772,183056854,44366997,27194792,537790,774,0,0
C075757,2941911,35302932,1619176,19430112,142885737,46437997,36754149,357645,844,0,0
C075758,3539821,42477852,2402162,28825944,113915807,41133080,28932383,102010,826,0,0
C075759,4876167,58514004,3099392,37192704,243913133,109614194,96694749,887256,740,0,0
C075760,3107484,37289808,1246128,14953536,387911608,35933753,35933753,400536,777,0,0
C075761,6159395,73912740,3529202,42350424,245032271,133318485,106916589,647985,686,0,0
C075762,6926625,83119500,3572134,42865608,177124017,27278756,18185419,536618,828,0,0
C075763,2648282,31779384,1510466,18125592,72157842,21402672,17133703,287991,775,0,0
C075764,3831345,45976140,2955176,35462112,180078854,75031614,57807845,647741,773,0,0
C075765,5661744,67940928,4392615,52711380,111334018,71126786,71126786,537305,776,0,0
C075766,2128644,25543728,1298315,15579780,59473755,23293927,15307381,111283,835,0,0
C075767,2670393,32044716,1995394,23944728,66405604,44208916,31636082,373057,748,0,0
C075768,12000000,144000000,8665855,103990260,191815334,153295711,116890577,1449382,749,0,0
C075769,3231852,38782224,1744524,20934288,54755986,41147422,32715376,172839,852,0,0
C075770,8928635,107143620,6320960,75851520,577353474,60328512,60328512,626892,850,0,0
C075771,4520621,54247452,2425537,29106444,114646727,152997085,134748381,901121,774,0,0
C075772,3631863,43582356,1626800,19521600,284289860,91967128,88037802,586178,759,0,0
C075773,1800000,21600000,1579852,18958224,124066221,11229385,4345524,50000,704,0,0
C075774,5018202,60218424,1678353,20140236,150053877,51620253,47529526,448753,796,0,0
C075775,4554118,54649416,2617612,31411344,153351518,18267473,18267473,252655,705,0,0
C075776,5842618,70111416,2754163,33049956,424623253,35954821,32598702,131979,826,0,0
C075777,8694674,104336088,7831833,93981996,511939916,128849845,128849845,883051,771,0,1
C075778,2381551,28578612,1406646,16879752,36017766,16631020,16631020,173082,816,1,0
C075779,6266286,75195432,3846246,46154952,831246816,66003656,37222765,219972,824,0,0
C075780,2944842,35338104,1858297,22299564,191651677,15798673,15798673,282661,762,0,0
C075781,3838467,46061604,1966217,23594604,51421939,44622473,28393911,199570,787,0,0
C075782,2259026,27108312,1160541,13926492,34797539,41370381,41370381,368065,692,0,0
C075783,2596774,31161288,1726436,20717232,114332855,32716724,20153350,92316,847,0,0
C075784,4883351,58600212,3492181,41906172,57028917,148473349,148473349,1126821,717,0,0
C075785,5622767,67473204,2443188,29318256,191619747,100132943,89893877,597331,801,0,0
C075786,5280559,63366708,3996180,47954160,69127614,83425715,67092221,914877,709,0,0
C075787,4399999,52799988,1999973,23999676,284270749,65442538,55195262,355474,735,0,0
C075788,8422941,101075292,4220058,50640696,378892414,62539311,50808705,707176,719,1,0
C075789,2627414,31528968,2268444,27221328,36756853,43472161,28306512,195502,744,0,1
C075790,3373982,40487784,1746565,20958780,82698387,30187651,13905280,108264,920,0,0
C075791,5221507,62658084,2325058,27900696,367211458,81511734,74104806,759193,721,0,1
C075792,3776854,45322248,2162752,25953024,101834177,34999339,22877962,75537,806,0,1
C075793,4869261,58431132,3706063,44472756,341308189,83307250,66885223,628048,826,0,0
C075794,3939867,47278404,2703471,32441652,337767228,62076019,35869600,405713,810,0,0
C075795,1876627,22519524,1234428,14813136,82996200,35762367,32046826,430685,670,0,0
C075796,2676960,32123520,1399562,16794744,32174497,93615204,67916618,322984,796,0,0
C075797,2551397,30616764,1595517,19146204,245463697,24691376,21428054,157053,868,0,0
C075798,6539712,78476544,4286370,51436440,260512543,127803126,89644267,1172724,775,1,0
C075799,2676721,32120652,1429421,17153052,192970640,11385259,11385259,53534,737,0,0
C075800,9659678,115916136,7322734,87872808,586963660,179064357,145771158,1714310,669,0,0
C075801,4860576,58326912,2471394,29656728,431657787,71316098,49338572,462546,750,0,0
C075802,2620001,31440012,1081351,12976212,256675020,29936698,24571313,119817,758,0,0
C075803,2442468,29309616,1548242,18578904,234392046,44687653,40901166,447839,743,0,0
C075804,3020827,36249924,2132031,25584372,153733714,130870185,117507216,836077,675,1,1
C075805,4042583,48510996,1574926,18899112,95294227,54297643,31193492,170863,817,0,0
C075806,4334969,52019628,2355957,28271484,68660086,45081954,45081954,414412,807,0,0
C075807,2784495,33413940,2113985,25367820,106065507,26430240,26430240,359299,802,0,0
C075808,5700024,68400288,2583933,31007196,361027438,56283429,19979252,357826,777,0,0
C075809,2337548,28050576,1168630,14023560,172274195,23453951,22144752,202016,746,0,0
C075810,5617147,67405764,4160337,49924044,147488101,192232930,177045083,1297828,814,0,0
C075811,8975607,107707284,6411588,76939056,340579879,229426536,222701342,1656918,773,0,0
C075812,3872149,46465788,1729946,20759352,150921775,54994282,32163627,109243,825,0,0
C075813,3556614,42679368,2390155,28681860,79190236,34925414,16570211,234182,741,0,0
C075814,2516325,30195900,1116799,13401588,113779945,35802448,27895226,155359,772,0,0
C075815,2483106,29797272,1529385,18352620,31110476,24697899,24697899,319109,658,2,0
C075816,6287583,75450996,5146771,61761252,409454853,18836269,7584558,588468,810,0,0
C075817,6851308,82215696,4700079,56400948,316270358,43970977,30951517,635917,771,0,0
C075818,2276940,27323280,1180474,14165688,124173311,23322589,14773398,401394,714,2,0
C075819,1800000,21600000,1501640,18019680,176369447,16933900,16933900,295847,801,1,1
C075820,4186556,50238672,1810128,21721536,112448923,51350380,30892723,464615,924,0,1
C075821,3523162,42277944,2148861,25786332,217175970,42602605,26121412,410530,746,0,0
C075822,3072328,36867936,1863021,22356252,223970015,56312444,45113804,261113,792,0,0
C075823,8282431,99389172,6414409,76972908,822583882,102423388,71709850,1142936,826,0,0
C075824,3164429,37973148,1967911,23614932,199771947,22343270,22343270,303790,775,0,0
C075825,3868639,46423668,2180893,26170716,73265161,114154200,79149184,557679,614,1,1
C075826,7004145,84049740,4702234,56426808,607693733,168712574,126004508,1468374,765,0,0
C075827,2026197,24314364,1225336,14704032,172226552,30436311,24611548,123654,789,0,0
C075828,6421178,77054136,3817341,45808092,629170981,109529773,95424073,958098,782,1,0
C075829,3102692,37232304,1834942,22019304,152254206,32743854,14090524,278773,755,0,0
C075830,5449520,65394240,3731969,44783628,828621927,40456164,40456164,483597,790,0,0
C075831,11238357,134860284,7803766,93645192,233428367,179186924,146407577,1091210,756,0,0
C075832,3213577,38562924,1513375,18160500,55270991,132378645,119129019,1108656,727,0,0
C075833,4089862,49078344,2345387,28144644,322988148,31312788,18676225,288030,817,0,0
C075834,3953387,47440644,1674558,20094696,286076389,7266755,7266755,79068,773,0,0
C075835,3899831,46797972,1855174,22262088,107756199,47492336,37926603,327104,790,0,0
C075836,3946576,47358912,3283568,39402816,271475239,70353862,70353862,560830,782,0,0
C075837,4963819,59565828,1469282,17631384,110498526,107620490,85074784,570650,717,0,0
C075838,6050955,72611460,3036571,36438852,588007470,38892758,38892758,402000,861,0,0
C075839,3213590,38563080,1908522,22902264,179797062,33223371,20750482,310866,795,0,0
C075840,3277733,39332796,1867048,22404576,240340059,8309434,3946640,243129,822,0,0
C075841,1916901,23002812,670496,8045952,34718267,39447077,27492998,263851,749,0,0
C075842,2045291,24543492,927632,11131584,343608888,21322226,9340807,83623,796,0,0
C075843,5999154,71989848,2484409,29812908,497490080,92817758,49239463,631394,747,0,0
C075844,4607799,55293588,3216961,38603532,120233071,55296607,43573808,613520,751,0,0
C075845,2555903,30670836,1781669,21380028,111886623,21552208,11714281,454819,758,1,0
C075846,2149892,25798704,1478935,17747220,31899127,21739184,16214000,166354,797,1,0
C075847,3764053,45168636,1611539,19338468,519871987,29781867,22242415,421453,762,0,0
C075848,9125686,109508232,4146186,49754232,217071566,39590381,33353457,723149,833,0,0
C075849,3700290,44403480,2316714,27800568,200648063,24927803,19033046,339064,827,0,0
C075850,2711248,32534976,1490776,17889312,84288504,18272096,18272096,124785,787,0,0
C075851,2769403,33232836,2059216,24710592,64939866,47128726,44071935,455236,702,0,0
C075852,4915853,58990236,2922626,35071512,139077152,152648171,148217039,1031640,706,0,0
C075853,3652581,43830972,1719592,20635104,66008821,48994939,37687379,533638,860,0,0
C075854,2914640,34975680,1084861,13018332,122122824,43019564,43019564,358932,795,0,0
C075855,4011611,48139332,1898793,22785516,673950648,84088810,73152797,642421,816,0,0
C075856,2368369,28420428,1771610,21259320,20885957,43584261,32821159,247849,683,0,0
C075857,4694866,56338392,2146214,25754568,788737488,57050377,35575134,366976,811,0,0
C075858,3459270,41511240,3263322,39159864,94842100,35014296,35014296,415198,749,0,0
C075859,2843239,34118868,1873105,22477260,74648967,16214576,10958371,231418,788,0,0
C075860,2906380,34876560,1853083,22236996,131666991,22196016,17943112,237091,803,0,1
C075861,2549236,30590832,1477274,17727288,239440155,13367510,8494755,73816,730,1,0
C075862,5261670,63140040,4413698,52964376,150428118,93566816,67773758,740467,754,0,0
C075863,2179225,26150700,930405,11164860,197807659,38368720,33447789,331484,681,0,0
C075864,5656743,67880916,3433925,41207100,280163818,41754128,41754128,269647,803,0,0
C075865,3869407,46432884,2982917,35795004,209745634,35948248,17366884,296246,795,0,0
C075866,2027334,24328008,1349716,16196592,101062875,28463323,19680078,261137,746,0,0
C075867,5285419,63425028,3504342,42052104,222312422,51445708,51445708,462182,798,0,0
C075868,9229530,110754360,3285839,39430068,143790824,162772529,147995054,607316,844,0,1
C075869,4470019,53640228,2220195,26642340,273975023,54665872,41188726,277698,796,0,0
C075870,5348133,64177596,3190240,38282880,301451485,53264759,28117249,106963,845,0,0
C075871,2399002,28788024,1401179,16814148,120506599,28732805,15825406,316087,738,0,0
C075872,4320967,51851604,2141986,25703832,178556753,55479494,33901734,320417,751,0,0
C075873,5655675,67868100,3244615,38935380,280629694,81420256,47689193,412239,851,0,0
C075874,4196177,50354124,1968557,23622684,462706420,61677632,35394954,322753,782,0,0
C075875,4194002,50328024,2414315,28971780,117883324,64737227,64737227,676435,756,0,0
C075876,3089918,37079016,1257657,15091884,63700584,24022147,19245818,192342,767,0,0
C075877,1800000,21600000,945013,11340156,38077346,5143001,2345855,114825,742,0,0
C075878,4459018,53508216,2295336,27544032,443881682,95545741,91488068,1014996,693,0,0
C075879,7793159,93517908,2249159,26989908,152294442,77436522,48810694,576873,829,0,0
C075880,9661848,115942176,5899545,70794540,217288775,149036291,149036291,1510653,740,0,0
C075881,3532417,42389004,2377951,28535412,161016264,31662725,31662725,222139,845,0,0
C075882,6050976,72611712,5058361,60700332,230417273,87223523,74934760,875903,669,1,1
C075883,4140708,49688496,3542827,42513924,135082606,33761893,23457768,233820,767,0,0
C075884,4641714,55700568,3116964,37403568,74841320,87988588,76363495,428588,722,0,1
C075885,6263318,75159816,3857810,46293720,374689808,169003596,141526589,1399092,743,0,1
C075886,3312016,39744192,1622910,19474920,138566222,10308945,10308945,234686,828,0,0
C075887,1956840,23482080,1382959,16595508,107676540,18547912,18547912,199772,820,0,0
C075888,2768187,33218244,1632539,19590468,85774128,16921809,16921809,321705,732,0,0
C075889,4313250,51759000,2760963,33131556,240429747,73950329,71012085,377389,850,0,0
C075890,9431141,113173692,5610977,67331724,692749612,136528280,99708241,936884,748,0,0
C075891,3236470,38837640,2144133,25729596,47232516,21333681,11766088,182551,802,0,0
C075892,4425307,53103684,3664669,43976028,109913193,84543981,53004286,393502,780,0,0
C075893,4213825,50565900,3271435,39257220,170654528,27198777,12382954,417872,686,0,0
C075894,7921244,95054928,6578457,78941484,755162811,56415192,48185393,724942,660,0,0
C075895,3892633,46711596,1498749,17984988,248420482,83047075,83047075,680176,814,0,0
C075896,2236840,26842080,1739492,20873904,123213927,28200515,8992977,243060,694,1,0
C075897,6284859,75418308,5256081,63072972,237049800,83689320,69295722,627647,840,0,0
C075898,6870401,82444812,4560461,54725532,107353241,47364368,39650353,657214,756,0,0
C075899,6406974,76883688,2169064,26028768,311737692,91487862,67202703,445133,876,1,0
C075900,6351631,76219572,4124889,49498668,330687530,119316350,114545272,957702,706,0,0
C075901,3906634,46879608,2697854,32374248,193625071,109061321,93986588,597700,725,0,0
C075902,3109202,37310424,1968338,23620056,174882622,26873239,17818722,62184,820,0,0
C075903,3020210,36242520,1336096,16033152,269827052,59169134,52096072,518751,795,0,0
C075904,2544310,30531720,636078,7632936,51691647,16619122,8662224,236245,887,0,0
C075905,5347474,64169688,3944316,47331792,206373970,37900472,28649201,708190,761,0,1
C075906,6098172,73178064,3715328,44583936,1024492896,102962526,102244419,733525,806,0,0
C075907,5341740,64100880,1605999,19271988,197860966,26308272,18116387,256768,858,0,0
C075908,5046988,60563856,3459894,41518728,165458654,87712999,62981244,231225,784,0,0
C075909,4948827,59385924,3798631,45583572,91868666,54165128,39598337,688571,770,1,0
C075910,3022827,36273924,1331160,15973920,91592846,42696184,30380627,419041,758,0,0
C075911,2678089,32137068,1442733,17312796,40545412,19612252,18819470,53562,801,0,0
C075912,3336210,40034520,2513057,30156684,103928876,83733936,83733936,424766,852,0,0
C075913,3923265,47079180,1733508,20802096,150456901,63607975,53147387,247275,777,0,0
C075914,6282157,75385884,3786937,45443244,317786509,35248193,25916326,546579,802,1,0
C075915,6487139,77845668,4403343,52840116,57427425,97846165,86214051,938825,718,0,0
C075916,4513154,54157848,3656310,43875720,170798337,116543819,108367669,885531,757,0,0
C075917,3475819,41709828,2191298,26295576,78932233,118072879,76551881,725326,669,0,0
C075918,2917399,35008788,1665083,19980996,97552775,68500445,49517908,585609,681,1,1
C075919,5296930,63563160,2955180,35462160,114987792,112428788,112428788,980173,779,0,0
C075920,3261873,39142476,2348708,28184496,94708210,19762543,19762543,280444,707,0,0
C075921,3808533,45702396,2392801,28713612,56750329,27499088,18622608,119589,735,1,0
C075922,2836026,34032312,1714998,20579976,144792051,20513228,16928553,80626,794,0,0
C075923,4693852,56326224,2610532,31326384,106074017,97290935,60247382,759201,689,0,0
C075924,2253689,27044268,1353270,16239240,78180958,23214915,23214915,186974,805,0,0
C075925,4958058,59496696,3903813,46845756,335837588,36635045,14634877,298773,820,0,0
C075926,3135434,37625208,2073788,24885456,238879073,35007299,23239964,359045,729,0,1
C075927,3015683,36188196,1211678,14540136,109912179,63036552,59710129,356966,828,0,0
C075928,4370085,52441020,3390742,40688904,365639207,18541581,11964135,293510,782,0,0
C075929,6234190,74810280,3411927,40943124,293035585,34770083,15830285,179465,767,0,0
C075930,4453908,53446896,2591376,31096512,391136056,14920101,11192449,89078,807,0,0
C075931,4778735,57344820,2233251,26799012,272036894,67526565,67526565,645832,799,0,0
C075932,4417905,53014860,1711741,20540892,72160603,64162088,43636403,496812,859,0,0
C075933,4672164,56065968,3092476,37109712,151751635,29112713,19559846,483219,874,0,0
C075934,8585536,103026432,4404011,52848132,472121919,72720967,72720967,826760,735,0,0
C075935,3062795,36753540,2348993,28187916,129556898,27210764,17178022,152204,707,0,0
C075936,2273203,27278436,1481891,17782692,106074036,52984430,40182155,329845,677,0,0
C075937,4188895,50266740,2303853,27646236,106853130,79357196,76338659,434367,795,0,0
C075938,3791404,45496848,2732025,32784300,118567393,47596334,31748678,461262,826,0,0
C075939,5837038,70044456,3402238,40826856,214456736,42931731,37256373,520077,802,0,0
C075940,4432797,53193564,2152464,25829568,229567206,22250608,22250608,325474,845,0,0
C075941,6145726,73748712,3930728,47168736,312367592,116547099,70570577,832657,747,0,0
C075942,6438174,77258088,3896979,46763748,116464107,149316966,108416161,793116,756,0,0
C075943,3554586,42655032,2240387,26884644,138385221,41284281,41284281,316201,862,0,0
C075944,6233894,74806728,2635775,31629300,443603223,28638249,28638249,141672,809,0,0
C075945,5673454,68081448,3609232,43310784,575760924,136750770,124890966,1203464,755,0,0
C075946,4988432,59861184,3194443,38333316,261277282,284592881,269375328,1991279,653,2,1
C075947,2353395,28240740,1595039,19140468,226096310,29534368,19762344,148240,739,0,1
C075948,8434883,101218596,4144524,49734288,248851069,218173833,194239546,1833934,760,0,0
C075949,6974179,83690148,3221487,38657844,309482063,97339571,97339571,516988,904,0,0
C075950,1932209,23186508,1200520,14406240,64645110,66323817,53824798,388651,654,0,0
C075951,4978528,59742336,2328970,27947640,261772100,51323302,51323302,333908,863,0,0
C075952,7113874,85366488,4549192,54590304,477792543,76031122,55218107,619340,858,0,0
C075953,2946387,35356644,1764879,21178548,155154116,56944289,54488148,326930,785,0,0
C075954,6073761,72885132,3661369,43936428,275824229,58116556,28676252,198834,802,0,0
C075955,2574509,30894108,1985561,23826732,304225327,46482650,39971727,308788,717,1,0
C075956,4618831,55425972,3209869,38518428,490762331,77954824,74067253,621717,777,0,1
C075957,1891896,22702752,1029549,12354588,39551734,26511168,20392722,190661,767,0,0
C075958,2199621,26395452,1054486,12653832,79820089,25748216,18732269,157461,859,0,0
C075959,2722540,32670480,1637756,19653072,99894915,48387153,27618805,339609,687,1,0
C075960,4437707,53252484,1109427,13313124,205004605,53344569,44184008,389693,841,0,0
C075961,2722196,32666352,1619807,19437684,189398270,17181062,13586701,281444,765,0,0
C075962,4292852,51514224,2480345,29764140,208847658,90347226,90347226,872065,822,0,0
C075963,5725922,68711064,3742969,44915628,343116571,100072284,87652976,572169,820,1,0
C075964,3992218,47906616,1950120,23401440,263815322,206841639,186700727,1496318,710,0,0
C075965,7864118,94369416,5316379,63796548,381388340,138561213,94489006,826832,839,0,0
C075966,8584815,103017780,3085797,37029564,1334038080,125301465,75946325,668707,804,0,0
C075967,3706042,44472504,2066571,24798852,527549340,40610391,40610391,356176,856,0,0
C075968,5723365,68680380,4143138,49717656,314559340,56873453,34840430,609213,824,0,0
C075969,3783775,45405300,2757093,33085116,119554958,42738966,35538131,313679,904,0,0
C075970,7943805,95325660,2789129,33469548,590405692,71101704,38802905,158876,904,0,0
C075971,5692820,68313840,3707598,44491176,300086550,51970629,23130988,115435,787,0,0
C075972,7293462,87521544,5934088,71209056,392611372,96060083,36916994,683602,695,0,0
C075973,2644667,31736004,1462910,17554920,80650807,22140939,8812106,208555,768,0,0
C075974,4302323,51627876,3806907,45682884,305669003,55782052,34110833,117631,686,1,0
C075975,1800000,21600000,764041,9168492,72037148,22717182,11398090,160484,795,0,0
C075976,6599025,79188300,4854366,58252392,1108636200,135150414,135150414,1115357,733,0,0
C075977,3308440,39701280,1562238,18746856,318372434,83273413,70523004,423630,811,0,1
C075978,6667842,80014104,4498224,53978688,279234868,156939760,156939760,1098469,727,0,0
C075979,3430112,41161344,1899009,22788108,130841939,83192541,71464833,547913,821,0,0
C075980,10379948,124559376,7030964,84371568,1743831264,156545129,106413634,1586358,718,0,0
C075981,8317005,99804060,6699653,80395836,387812421,367298575,292905460,2640556,674,0,1
C075982,3345521,40146252,1409179,16910148,55902038,68775952,64518564,409307,805,0,0
C075983,3251465,39017580,2069972,24839664,47678422,28691543,28691543,282441,848,0,0
C075984,6736664,80839968,4697936,56375232,153512830,98969176,81258532,861158,697,0,0
C075985,2364151,28369812,852365,10228380,129238555,18165798,16223221,312010,812,0,0
C075986,6240702,74888424,3096056,37152672,1048437936,33533924,31884411,329494,812,0,0
C075987,8896677,106760124,5851912,70222944,444774982,15734067,15734067,406044,823,0,0
C075988,2667861,32014332,910249,10922988,102875018,40944527,27370343,240664,775,0,1
C075989,4249409,50992908,2507753,30093036,85296201,87227181,79426062,487463,796,0,0
C075990,2735087,32821044,1173069,14076828,69539984,17278154,12231524,107887,769,0,0
C075991,5548472,66581664,3169882,38038584,232196268,172938467,137015793,1309976,766,0,0
C075992,3497994,41975928,2925519,35106228,88752440,148652803,134996436,893263,611,0,1
C075993,2439935,29279220,1188791,14265492,229723048,26075306,19539930,235735,874,0,0
C075994,3967817,47613804,2106772,25281264,105447858,66083175,54409018,149987,844,0,0
C075995,4713597,56563164,1736588,20839056,268878157,94927466,66736430,553698,777,0,0
C075996,3523287,42279444,1597972,19175664,99809529,71897128,39460108,417320,864,0,0
C075997,4313042,51756504,1789728,21476736,182978553,27310958,13374009,183497,821,0,0
C075998,5005297,60063564,2871042,34452504,255259235,35635216,25274450,316612,903,0,0
C075999,2123209,25478508,1478005,17736060,287991967,30016014,28573761,336784,731,0,0
C076000,1800000,21600000,1091520,13098240,68477059,27267211,21167896,159599,817,0,0
C076001,3355352,40264224,2102403,25228836,273173922,34821987,34821987,207960,795,0,1
C076002,4799731,57596772,1940955,23291460,398001743,82124535,58257134,720437,809,0,0
C076003,4826304,57915648,3338964,40067568,72455227,89874294,57889465,512362,707,1,0
C076004,6837630,82051560,5198696,62384352,177497174,83751625,63173762,789986,654,1,0
C076005,1949759,23397108,1257216,15086592,118485220,72032693,72032693,624361,706,0,0
C076006,3327242,39926904,1755827,21069924,146721483,38083163,28526284,224720,810,0,0
C076007,5149483,61793796,4206431,50477172,79671962,126245975,106739955,601136,714,0,0
C076008,3187637,38251644,1568950,18827400,97868769,60001437,51229554,720378,622,1,0
C076009,3376385,40516620,1699773,20397276,65943355,21368384,15636475,170877,747,0,0
C076010,5361672,64340064,2760165,33121980,270432624,50133582,50133582,494621,711,1,1
C076011,3747438,44969256,1954093,23449116,441771953,17486427,16820662,344211,815,0,0
C076012,3038953,36467436,1888752,22665024,274141858,92691036,80261908,654572,629,1,0
C076013,7014025,84168300,3495427,41945124,110157645,400565743,368474844,2562959,649,0,1
C076014,3680668,44168016,2251767,27021204,456200723,19137110,17466914,169154,870,0,0
C076015,5343248,64118976,4547873,54574476,311653566,68963587,46182424,738564,765,0,0
C076016,6351346,76216152,3363332,40359984,396929963,30467697,30467697,755153,810,0,0
C076017,2740857,32890284,1022131,12265572,66728148,41616892,32152851,151096,780,0,0
C076018,6070563,72846756,5763680,69164160,119556704,72119900,46836245,938707,582,5,1
C076019,2973875,35686500,1771690,21260280,165900355,45897303,31406049,435829,707,0,0
C076020,2183941,26207292,1432962,17195544,88821732,26148208,13845213,170642,744,0,0
C076021,4933435,59201220,2367464,28409568,246892755,93657075,87021279,546200,728,0,0
C076022,4934450,59213400,2951060,35412720,828987600,75229939,43216230,681780,746,0,1
C076023,3053023,36636276,1455903,17470836,113821091,33398388,18323744,229120,775,0,0
C076024,3043180,36518160,1741082,20892984,90153741,33852239,28033480,369480,832,0,0
C076025,4907724,58892688,4320103,51841236,49572520,101455343,87770904,915125,695,1,1
C076026,2893357,34720284,1995357,23944284,185256533,14217000,12242279,175879,773,0,0
C076027,1800000,21600000,745007,8940084,53933357,9055642,9055642,74682,815,0,0
C076028,3647456,43769472,2314299,27771588,340915998,98975772,74014329,519567,836,0,0
C076029,4723064,56676768,3519685,42236220,748829018,86249209,66738751,332552,717,0,0
C076030,1915975,22991700,724795,8697540,103080484,19943966,14274099,126570,753,1,0
C076031,2043817,24525804,1169546,14034552,70394455,30534730,21844806,341835,740,0,0
C076032,5098138,61177656,2986904,35842848,161892269,105836394,105836394,738476,774,0,0
C076033,6830292,81963504,3746898,44962776,134525728,28896440,19002171,665350,794,0,0
C076034,1800000,21600000,1109426,13313112,92227376,18667639,16580186,278254,775,0,0
C076035,5404304,64851648,3231044,38772528,154138049,37785219,37785219,692849,800,1,0
C076036,2799812,33597744,1545036,18540432,39682840,19151386,19151386,193827,847,0,0
C076037,3850531,46206372,3234238,38810856,135833953,66437809,51926338,324726,689,0,0
C076038,5174983,62099796,3231493,38777916,230983397,36289752,36289752,567922,845,0,0
C076039,8236094,98833128,5211611,62539332,248025062,108651935,65849685,829857,803,0,0
C076040,8881943,106583316,5367898,64414776,390797222,87899298,73489173,258255,800,0,0
C076041,1904351,22852212,740203,8882436,104065004,16945403,8267816,107460,780,0,0
C076042,2697759,32373108,1461318,17535816,235872071,77196413,64870177,352068,820,0,0
C076043,5665248,67982976,2429065,29148780,177580876,54720526,54720526,351203,807,0,0
C076044,3425815,41109780,2357751,28293012,205944086,76616960,61676743,337780,777,0,0
C076045,4656376,55876512,2825566,33906792,146142408,34177926,29173492,93128,703,0,0
C076046,1800000,21600000,1111991,13343892,43883942,31622698,28405606,207501,909,0,0
C076047,4952961,59435532,2310969,27731628,186733885,43588889,20960562,99059,804,0,0
C076048,7940140,95281680,4585416,55024992,231493210,61105771,61105771,899843,780,0,0
C076049,6523603,78283236,4264981,51179772,164326443,143656742,89736891,834990,791,0,0
C076050,5123846,61486152,3989912,47878944,138821804,64276994,28177478,220164,690,0,0
C076051,3864211,46370532,2995086,35941032,260020509,62879592,48747771,435258,858,0,0
C076052,4980896,59770752,3796478,45557736,169576623,54632140,22483239,420563,638,0,0
C076053,3599674,43196088,2855969,34271628,91898899,55475012,46663508,354092,753,0,0
C076054,2215636,26587632,1162193,13946316,47112281,33737693,23315292,252924,781,0,0
C076055,3143867,37726404,1553455,18641460,197828240,35012687,28092973,269970,803,0,0
C076056,4170923,50051076,2899713,34796556,274505266,75547463,62284743,500881,747,0,1
C076057,8323211,99878532,6947061,83364732,93074765,117709345,96068391,1155868,719,0,0
C076058,2600095,31201140,1460052,17520624,52421992,22920858,22920858,52002,829,0,0
C076059,6487272,77847264,3637768,43653216,145619338,111040661,84064466,749880,875,0,0
C076060,6163491,73961892,2784754,33417048,126109722,82928916,54101512,436084,723,0,0
C076061,9735190,116822280,8186959,98243508,679275219,208396278,137210359,1394097,618,1,0
C076062,1925610,23107320,897182,10766184,31037307,38519725,28993887,214143,755,0,0
C076063,4514439,54173268,1667934,20015208,707625145,86669856,86669856,861462,892,0,0
C076064,5050193,60602316,2554066,30648792,390788694,25569083,25569083,364266,721,0,0
C076065,8960538,107526456,5945774,71349288,653724771,78781474,57054156,664858,889,0,0
C076066,1800000,21600000,1231233,14774796,48414249,32261738,23866615,221787,723,0,0
C076067,6331503,75978036,4738685,56864220,225081137,42304512,33038171,398068,758,1,0
C076068,3347655,40171860,2208107,26497284,85831905,34871063,28379992,235574,740,0,0
C076069,2648374,31780488,1690111,20281332,190646690,13772421,11617093,148312,870,0,0
C076070,3068542,36822504,1822708,21872496,97895403,126334941,112165378,809465,675,1,0
C076071,2457288,29487456,1211093,14533116,84121584,15124647,12728718,151460,816,0,0
C076072,5938046,71256552,4649012,55788144,172845221,82360857,54687967,865892,708,0,1
C076073,4989621,59875452,2722472,32669664,203648730,44472402,24473499,236698,757,0,0
C076074,5453263,65439156,1363316,16359792,272719945,55990044,29399513,373590,825,0,0
C076075,6137503,73650036,3319729,39836748,321824660,61405201,39311468,122750,738,1,0
C076076,1925593,23107116,1079107,12949284,203710517,63505272,55179831,438707,691,1,0
C076077,4724116,56689392,2702212,32426544,264319106,102422359,88835215,723169,656,1,1
C076078,3994285,47931420,2678272,32139264,103986061,51522578,25806843,652032,692,0,0
C076079,2596815,31161780,1436569,17238828,436264920,35517988,31629967,284936,779,0,0
C076080,5325070,63900840,4168776,50025312,128269553,157351620,134382893,914787,704,0,0
C076081,2858933,34307196,1486646,17839752,285851204,33942789,31409005,331042,847,0,0
C076082,3650453,43805436,3149363,37792356,120535439,74884819,54714803,706275,631,2,1
C076083,7168029,86016348,4127963,49535556,977848258,91141328,73081964,657454,809,0,0
C076084,2464931,29579172,1723557,20682684,92399074,45686877,40671512,493907,784,0,1
C076085,1800000,21600000,845855,10150260,28930156,19701984,10692835,140332,774,0,0
C076086,2988837,35866044,1454500,17454000,167933215,43646999,35808313,310143,819,1,0
C076087,3963209,47558508,1633155,19597860,355252530,38639272,15711910,436879,821,0,0
C076088,3559669,42716028,2421071,29052852,175722620,56043491,37422410,441710,759,0,0
C076089,4899863,58798356,3094889,37138668,229889008,142748417,115042403,925806,826,0,0
C076090,3888077,46656924,2326074,27912888,363029140,120438755,108912614,740765,803,0,0
C076091,2173433,26081196,792998,9515976,75543199,26455860,18583065,373401,893,0,0
C076092,7401515,88818180,3369108,40429296,234124572,79575947,55631867,148030,806,0,0
C076093,5350473,64205676,2626979,31523748,242416636,63649632,63462320,462031,859,0,0
C076094,2458760,29505120,1220619,14647428,70690247,42871579,38768148,361417,908,0,0
C076095,3151118,37813416,1741380,20896560,272054595,23117184,18961816,375936,814,0,0
C076096,3168417,38021004,1566751,18801012,144216041,66162408,65377604,560861,709,0,1
C076097,3456892,41482704,2250561,27006732,80051389,25595588,25595588,758735,725,0,0
C076098,3713325,44559900,2488583,29862996,107074991,14444494,6904227,295144,827,0,0
C076099,2148234,25778808,995535,11946420,154493058,14971497,14971497,188468,847,0,0
C076100,3627047,43524564,1819253,21831036,69959393,78239759,72410716,441508,808,0,0
C076101,6395415,76744980,3932097,47185164,701916947,55917448,55917448,979559,842,0,0
C076102,2199717,26396604,1196741,14360892,16808715,32469136,32469136,252259,807,0,1
C076103,2189161,26269932,1194562,14334744,182639243,31250491,19126551,156928,727,0,0
C076104,4846515,58158180,3061742,36740904,144711990,61852888,43806679,825065,724,0,0
C076105,5568085,66817020,3516746,42200952,149073946,32503137,32503137,526271,787,0,0
C076106,2670085,32041020,1919135,23029620,72600276,41822218,41822218,519849,716,0,0
C076107,3614199,43370388,2193707,26324484,182062177,72747389,64108189,299720,756,1,0
C076108,2384336,28612032,1556500,18678000,66326495,21463934,19836468,144927,747,0,0
C076109,2761611,33139332,1126906,13522872,420158662,73712094,73712094,588197,795,0,0
C076110,8258484,99101808,5752758,69033096,328708306,105325613,76371613,851188,783,0,0
C076111,6696473,80357676,3603944,43247328,73653267,214681228,185435697,1968416,616,1,0
C076112,3541759,42501108,1922557,23070684,191255865,112074391,101161582,636599,702,0,0
C076113,3960416,47524992,3005430,36065160,51617595,10530283,8589218,175067,723,0,0
C076114,5749818,68997816,4418090,53017080,206006805,168685073,129970881,1168541,680,1,1
C076115,4143949,49727388,3302507,39630084,623358428,54605287,46281926,369905,692,0,1
C076116,3893841,46726092,2298078,27576936,149194845,79075155,76741810,569868,763,0,0
C076117,3785606,45427272,1898463,22781556,144121552,33554262,14167294,267275,795,0,0
C076118,1800000,21600000,777334,9328008,42707697,15152999,7829740,91310,837,0,0
C076119,3134969,37619628,1183979,14207748,282265184,22440267,8147697,347047,889,0,0
C076120,8565271,102783252,5608490,67301880,285417018,152140384,150178741,1706066,763,0,0
C076121,3534467,42413604,1933328,23199936,197921002,85455188,62117033,442962,768,0,0
C076122,5086774,61041288,3559017,42708204,76242463,42440977,42440977,425255,784,0,0
C076123,6143127,73717524,2700738,32408856,688983724,71603771,71603771,453585,800,0,0
C076124,7943288,95319456,4903603,58843236,349756522,74884385,49681908,319655,743,0,0
C076125,4365635,52387620,2472151,29665812,197410347,87225871,66694046,595309,806,0,0
C076126,3051740,36620880,1435623,17227476,235682859,76363878,71650410,352971,746,0,0
C076127,2821893,33862716,1841987,22103844,57167955,16880268,16880268,209291,832,0,0
C076128,4888450,58661400,2951209,35414508,151744289,81510654,79731742,417000,755,0,0
C076129,2202949,26435388,1397888,16774656,18731236,76600164,60089351,592694,688,2,1
C076130,6923045,83076540,3380511,40566132,188270440,35339987,10931057,138461,816,0,0
C076131,5251127,63013524,2891729,34700748,599215141,91197001,70652726,591290,820,0,0
C076132,4849713,58196556,4325543,51906516,814751784,64011193,41030797,825556,767,0,0
C076133,4755888,57070656,3011994,36143928,187477047,86988177,67748858,709117,753,0,0
C076134,3294540,39534480,1730086,20761032,187829549,55448117,45193385,339663,805,0,0
C076135,2248949,26987388,1288195,15458340,212380200,36572163,30318439,302363,814,0,0
C076136,1880926,22571112,1002229,12026748,127585470,22090431,21296817,255042,888,0,0
C076137,3659329,43911948,2076576,24918912,312323964,38437974,24536024,191017,854,0,0
C076138,3436263,41235156,1873990,22487880,80803960,21384604,17035429,182276,789,0,0
C076139,4962473,59549676,3962326,47547912,188071407,48486699,48486699,691488,687,0,0
C076140,2375194,28502328,1213662,14563944,192097409,37762185,35354975,322168,822,0,0
C076141,2744728,32936736,1840059,22080708,263933124,84569190,62372895,563614,752,0,0
C076142,4657623,55891476,3007086,36085032,274196362,92724784,73642765,486435,826,0,0
C076143,3456723,41480676,2203248,26438976,185307230,79046580,68853024,744668,709,0,1
C076144,4014098,48169176,1989708,23876496,88520217,55825088,40580016,304379,825,0,0
C076145,5326300,63915600,3754105,45049260,159487278,36980031,29271006,169759,733,0,0
C076146,3360172,40322064,1211894,14542728,153562645,48588336,39596656,158792,723,0,0
C076147,3153929,37847148,1932543,23190516,126464444,36980569,18682213,352117,738,0,0
C076148,5044141,60529692,3304001,39648012,363409191,65076231,37573362,100883,820,0,0
C076149,6959655,83515860,4768163,57217956,106718474,50780258,37100949,520479,740,0,1
C076150,4000297,48003564,2389816,28677792,255960514,15714959,15372269,80006,798,0,1
C076151,3427065,41124780,2017642,24211704,410121339,56126092,37571425,280243,803,0,0
C076152,2618187,31418244,2514917,30179004,60989685,78755060,68578993,543669,698,0,0
C076153,4122078,49464936,1739264,20871168,76569259,55240726,43681669,688187,843,0,0
C076154,2895031,34740372,2030308,24363696,155733107,74086834,70031708,606636,716,0,0
C076155,4457418,53489016,1692972,20315664,328455096,89172464,75521491,467903,785,0,0
C076156,3784510,45414120,2161690,25940280,176589976,102801671,79933081,725212,713,0,0
C076157,5056387,60676644,1861876,22342512,112651405,54542034,33962639,413123,741,0,0
C076158,3971133,47653596,1104402,13252824,139475201,36002289,9318070,79423,835,0,0
C076159,8852800,106233600,4584290,55011480,454617708,147613530,147613530,1039006,777,0,0
C076160,2374287,28491444,1152199,13826388,33326791,41647583,32475228,235519,782,0,0
C076161,3961294,47535528,2365488,28385856,165860084,93901689,65222036,644250,681,1,1
C076162,3742378,44908536,2437767,29253204,253313657,23042123,12951015,232380,762,0,1
C076163,4133124,49597488,3390608,40687296,147924694,69099182,50323005,596059,701,1,0
C076164,4023536,48282432,2418586,29023032,36496634,7833666,7833666,285050,839,0,0
C076165,5661632,67939584,2802560,33630720,395673112,230235600,219327819,1716661,685,0,0
C076166,8366013,100392156,3809536,45714432,866869515,137868194,98770174,426875,854,0,0
C076167,3479931,41759172,1978653,23743836,39994689,65447712,52917430,456455,756,0,0
C076168,4541731,54500772,3885007,46620084,218831181,58242861,39713159,295512,733,0,0
C076169,6554975,78659700,3997005,47964060,254725427,96726443,83096178,1111298,807,0,0
C076170,2910141,34921692,1538867,18466404,328004829,26133325,14481008,166850,792,0,0
C076171,2977982,35735784,1357519,16290228,111237977,59341462,45925656,509294,800,0,0
C076172,7320770,87849240,4929753,59157036,265839958,110532678,83442134,565222,705,0,0
C076173,12000000,144000000,7422615,89071380,1692667054,122694065,122694065,1760292,856,0,0
C076174,7319800,87837600,4314698,51776376,449526593,154261265,120931665,646086,768,0,0
C076175,4644969,55739628,3378376,40540512,202308982,85703504,71598309,795063,687,0,0
C076176,5604376,67252512,3046048,36552576,364166415,75716225,60856903,397900,855,0,0
C076177,3679528,44154336,2926779,35121348,57422462,82141706,70942937,654769,662,0,0
C076178,4774219,57290628,2826355,33916260,432802276,48684337,19623208,224389,680,1,0
C076179,3252405,39028860,1572210,18866520,311937736,23386228,7337235,111394,774,0,0
C076180,3023536,36282432,1462842,17554104,75889519,8677243,8677243,139499,814,0,0
C076181,4688320,56259840,2819577,33834924,171530698,269156183,243583557,1401418,642,0,1
C076182,6697167,80366004,4445885,53350620,319108740,112170709,94742802,934326,761,0,0
C076183,4801086,57613032,2110334,25324008,149529313,95257400,52576329,595022,712,1,0
C076184,2379520,28554240,1038784,12465408,65365742,28086417,28086417,232919,830,0,0
C076185,4369274,52431288,2982174,35786088,129329504,93345219,87793809,691634,708,0,1
C076186,4996307,59955684,2139120,25669440,225972631,98480134,81191233,704885,768,0,0
C076187,3113546,37362552,1044931,12539172,90442312,26966614,26966614,401706,853,0,0
C076188,5526834,66322008,3321923,39863076,117279784,57544113,33055185,433019,793,0,0
C076189,4194477,50333724,2839046,34068552,659779896,54570651,46616005,506605,818,0,0
C076190,9647518,115770216,5385453,64625436,291415857,68871655,68871655,192950,849,0,0
C076191,2259648,27115776,1473163,17677956,58251322,20846084,20846084,332637,848,0,1
C076192,4283445,51401340,3907521,46890252,71986677,32633472,16827273,422814,860,0,0
C076193,5316645,63799740,2482263,29787156,332466576,30748428,24824884,675170,824,0,0
C076194,2673586,32083032,1122932,13475184,61494271,38884337,24672787,445746,847,0,0
C076195,4537882,54454584,3341261,40095132,273370745,111665448,80980833,503323,771,0,0
C076196,4900430,58805160,3450587,41407044,109490041,84850543,73351499,579064,841,0,0
C076197,5293876,63526512,2515637,30187644,134759504,38650509,32887115,272738,734,0,0
C076198,6275764,75309168,3622087,43465044,367184692,79102534,54925992,316046,764,0,0
C076199,5175268,62103216,2945918,35351016,154220476,127684781,119937244,846193,731,0,0
C076200,4726315,56715780,2447710,29372520,547571256,91395722,58481118,657229,760,1,0
C076201,3665655,43987860,2280329,27363948,284917200,34999317,19942300,167790,824,0,0
C076202,5797686,69572232,2668248,32018976,138578224,131525343,110249182,852776,792,0,0
C076203,5998666,71983992,3924367,47092404,527037206,41123445,39793461,289055,768,0,0
C076204,3257397,39088764,2357034,28284408,29039936,11207238,11207238,218740,870,0,0
C076205,4667323,56007876,3112654,37351848,136772537,14692682,14692682,93346,814,0,0
C076206,3894611,46735332,2200031,26400372,390802498,106906025,97058917,679700,774,1,1
C076207,2950765,35409180,1559254,18711048,229663938,15781132,15781132,94607,828,0,0
C076208,2903382,34840584,2203331,26439972,74445332,27332909,17826748,337777,736,0,0
C076209,8320736,99848832,6569991,78839892,149502863,95637802,45712962,784918,755,0,0
C076210,6337240,76046880,4206884,50482608,246273385,52367703,43036819,490310,818,0,0
C076211,4935103,59221236,3079418,36953016,163906689,142241635,127625275,852327,754,2,0
C076212,5250463,63005556,2651706,31820472,187691667,143241123,143241123,1337801,658,0,0
C076213,2849512,34194144,1422211,17066532,464450531,51952812,36337855,362134,783,0,0
C076214,6006272,72075264,4797976,57575712,227566419,98065242,91137900,607260,735,0,0
C076215,2379098,28549176,1255641,15067692,16901362,17327325,17327325,197761,734,0,0
C076216,5575641,66907692,3068523,36822276,794856378,29150335,29150335,733849,820,0,0
C076217,1843546,22122552,1001475,12017700,154343933,16691980,16691980,226105,808,0,0
C076218,4885579,58626948,2120901,25450812,235498283,136296786,108219300,732597,873,0,0
C076219,4033069,48396828,2414429,28973148,54465444,83408201,83408201,523007,835,0,0
C076220,8068553,96822636,4981128,59773536,470282694,46942047,23020546,431381,736,0,0
C076221,1816692,21800304,1112317,13347804,178625050,22335999,22335999,177484,854,0,0
C076222,12000000,144000000,9982581,119790972,720124202,305911380,288720350,2333071,717,0,0
C076223,3204500,38454000,2116421,25397052,223210462,43176438,38064614,440285,829,0,0
C076224,8724231,104690772,5111127,61333524,343380649,143176149,112012649,931763,762,0,0
C076225,3380169,40562028,2574268,30891216,372919668,14896816,14896816,215270,788,0,0
C076226,5089776,61077312,2656120,31873440,206333904,28519057,25478850,489541,782,0,0
C076227,1800000,21600000,1150176,13802112,48610576,25900280,10999492,131612,771,0,1
C076228,1800000,21600000,838509,10062108,239296785,13734580,13734580,161104,766,0,0
C076229,2573834,30886008,1326693,15920316,121463458,53201412,49142217,255073,761,0,0
C076230,5765911,69190932,2624321,31491852,47779233,57038229,46669004,679766,792,0,0
C076231,4370220,52442640,2759761,33117132,281470139,51473711,27810652,87404,757,1,0
C076232,4546477,54557724,2076973,24923676,117099430,86204716,56243494,657504,771,0,0
C076233,5838346,70060152,3969002,47628024,188464470,60237584,47600575,534349,788,0,1
C076234,2838336,34060032,2176337,26116044,90847542,29496113,24184898,379242,702,1,1
C076235,1800000,21600000,1008383,12100596,79880578,65961580,62943859,373876,757,0,0
C076236,10988047,131856564,4924686,59096232,328589356,118096994,101429582,1035365,838,0,0
C076237,5847311,70167732,2798704,33584448,982348248,100531983,69934053,419207,826,0,0
C076238,2299825,27597900,1468817,17625804,92462127,47063251,32231543,232097,715,0,0
C076239,4690414,56284968,2659230,31910760,20652257,29383470,29383470,309167,848,0,0
C076240,1899934,22799208,1991086,23893032,29583015,109271521,100438769,831658,581,1,1
C076241,5557976,66695712,2745647,32947764,99183688,43197898,43197898,565284,737,0,0
C076242,1997440,23969280,1580136,18961632,39603230,51842060,44310838,344756,731,0,0
C076243,3394946,40739352,1337809,16053708,108080825,65259159,34013970,221475,874,0,0
C076244,4308935,51707220,2744261,32931132,201355759,15877605,15877605,86179,818,0,0
C076245,4868092,58417104,2508184,30098208,311761904,94904477,91207120,955574,693,0,1
C076246,4326660,51919920,2836566,34038792,348080581,64036443,52446602,352963,726,0,0
C076247,3761518,45138216,2745475,32945700,631935024,28694244,24703237,268587,805,0,0
C076248,4011715,48140580,2489970,29879640,147187873,64128297,60260221,443568,743,0,0
C076249,2525778,30309336,1165768,13989216,102650913,22676145,22090262,50516,870,0,0
C076250,5401806,64821672,2783091,33397092,125722241,159552286,127970519,1084089,864,0,0
C076251,5917089,71005068,4272041,51264492,114947040,102833708,80111416,763610,846,0,0
C076252,5418857,65026284,1548793,18585516,232876997,139848127,98317007,717157,830,0,0
C076253,6662564,79950768,5503744,66044928,339519788,179421350,176978024,1278271,641,0,0
C076254,6250854,75010248,4669634,56035608,274385818,98385742,54078975,627936,779,0,0
C076255,2403637,28843644,1232853,14794236,71036953,22846565,17774290,275236,820,0,0
C076256,4873013,58476156,2797882,33574584,500546060,17097185,15469128,211671,743,0,0
C076257,2172705,26072460,1665279,19983348,23432909,9171379,9171379,53312,785,0,0
C076258,4959868,59518416,3233840,38806080,54759131,18957683,13359687,443053,698,0,0
C076259,2463443,29561316,646471,7757652,181258802,8974260,5624809,130245,860,0,0
C076260,4309034,51708408,3063424,36761088,182970052,105909965,99473029,796354,759,0,0
C076261,3323165,39877980,1769664,21235968,126304312,73417359,53806831,604898,719,0,0
C076262,8814256,105771072,5489089,65869068,229995651,59524641,48055496,821481,768,0,0
C076263,5397614,64771368,2754947,33059364,181116785,116124253,116124253,765767,805,0,0
C076264,3312833,39753996,2349167,28190004,118769151,45388514,37456368,255078,698,0,0
C076265,5585018,67020216,2708831,32505972,279741154,226014610,185674257,1009322,694,1,1
C076266,6132293,73587516,3454364,41452368,269605886,72057672,50901531,257958,837,0,0
C076267,3129908,37558896,1790113,21481356,38537278,74657408,49218952,523045,673,1,0
C076268,5546181,66554172,3195078,38340936,499111430,97524660,77331014,861164,789,1,0
C076269,2437890,29254680,1580820,18969840,409565520,23054270,23054270,323775,831,0,0
C076270,4117020,49404240,2750721,33008652,276020538,35611000,29278561,173176,780,0,0
C076271,5155290,61863480,2209589,26515068,540938716,142013071,126654401,943446,711,0,0
C076272,5114020,61368240,2329770,27957240,193715792,44237438,22299905,256841,773,0,0
C076273,3305965,39671580,1498761,17985132,453472914,40571784,21722664,207812,755,0,0
C076274,4814279,57771348,3277418,39329016,200771189,139997952,109883026,798440,719,0,0
C076275,6053021,72636252,3816188,45794256,830527497,101688985,73233444,655429,844,0,0
C076276,4965162,59581944,3175059,38100708,449914466,71709014,55077892,572033,769,0,0
C076277,4008153,48097836,3155401,37864812,308143353,34704420,24190762,341475,828,0,0
C076278,5098431,61181172,2977342,35728104,292483462,56370973,22771287,101969,859,0,0
C076279,2324710,27896520,1588022,19056264,89984768,16697839,15132052,324688,770,0,0
C076280,4388813,52665756,3161566,37938792,179458850,73766842,44913994,729299,736,0,0
C076281,5239988,62879856,2651481,31817772,117938861,58271789,38643974,420486,855,0,0
C076282,2036911,24442932,933516,11202192,14908456,31498185,31498185,374346,916,0,0
C076283,7463672,89564064,5436393,65236716,736022536,82594023,72546750,862375,800,0,0
C076284,2347879,28174548,1209295,14511540,20363738,29966730,17762980,183360,811,0,0
C076285,4724230,56690760,2364107,28369284,77418100,39056234,34052646,241894,830,0,0
C076286,3285459,39425508,1676612,20119344,73958743,11754169,11754169,371406,865,0,0
C076287,5591450,67097400,4248915,50986980,104120048,89088353,66114842,626023,802,0,0
C076288,4375287,52503444,2001819,24021828,232309165,157358901,151247297,1129133,701,0,1
C076289,4476549,53718588,2214434,26573208,183555924,47962043,20997113,415550,655,0,0
C076290,3381923,40583076,1913826,22965912,23737618,49846961,49846961,436371,774,1,0
C076291,5264299,63171588,2503634,30043608,778789595,155826352,139177943,1030485,717,0,0
C076292,1800000,21600000,1423541,17082492,121981184,34654368,22177334,272818,834,0,0
C076293,3541059,42492708,2707215,32486580,123303571,42539855,32754232,88094,756,0,0
C076294,5853760,70245120,4240107,50881284,518606497,96984169,78780247,776408,725,1,0
C076295,2781494,33377928,1643967,19727604,44098098,49349425,45905978,342290,831,0,0
C076296,3916325,46995900,2589699,31076388,55225059,58366579,41670528,406004,800,0,0
C076297,5998465,71981580,3291556,39498672,299355489,79186672,62490117,246616,790,0,0
C076298,5291841,63502092,2103195,25238340,839091916,75378790,56803103,1097505,729,0,0
C076299,1800000,21600000,989069,11868828,33975584,26818980,24419220,182799,775,0,0
C076300,4597524,55170288,2452240,29426880,281513209,54391807,17118435,529826,812,0,0
C076301,5870426,70445112,4318771,51825252,244332798,59063357,28517408,665021,585,2,0
C076302,3667156,44005872,2177269,26127228,128693389,106991970,106991970,757761,757,0,0
C076303,4268826,51225912,2791125,33493500,218948945,47570410,38185320,216476,769,0,0
C076304,6813366,81760392,3804676,45656112,174552770,92308035,80150681,291373,810,1,0
C076305,6173377,74080524,3376792,40521504,136789165,77403158,68499280,609334,807,0,0
C076306,2240453,26885436,783873,9406476,26783967,32046005,31805227,204113,782,0,0
C076307,5197637,62371644,3049458,36593496,163801247,135095278,111859362,1097658,725,0,0
C076308,2112700,25352400,1697132,20365584,208071158,79102842,77878749,543874,612,1,0
C076309,4444216,53330592,3513198,42158376,746628288,13675904,13675904,171250,796,0,0
C076310,4927435,59129220,2616752,31401024,169225570,159762299,159762299,1295563,729,0,0
C076311,2569465,30833580,1509316,18111792,125551169,21319455,21299825,432081,817,0,0
C076312,6609329,79311948,3121304,37455648,456493057,84193713,44342619,310125,725,1,0
C076313,1800000,21600000,1226802,14721624,121001306,36986049,34303338,326091,704,1,0
C076314,5979171,71750052,4290918,51491016,79985910,70183455,44943658,316176,856,0,0
C076315,9571009,114852108,6260272,75123264,430326944,300969864,283590132,2109543,737,0,0
C076316,3532993,42395916,2105407,25264884,216090265,46279130,41156779,411755,729,0,0
C076317,3951847,47422164,1888119,22657428,63883555,28821760,18717410,265474,831,0,0
C076318,5282418,63389016,3229074,38748888,143072742,43498907,43498907,681897,738,1,0
C076319,4307621,51691452,2852125,34225500,117758699,52661905,40220250,433564,716,0,0
C076320,3737644,44851728,2414596,28975152,330730489,102926806,78133179,305606,856,0,0
C076321,3288124,39457488,2483541,29802492,127541436,23905988,23905988,439653,710,0,0
C076322,5810918,69731016,3740029,44880348,438192825,48241358,12579283,344586,813,0,0
C076323,7369846,88438152,2186306,26235672,589829906,81128707,48933236,810981,775,0,0
C076324,7078191,84938292,2935482,35225784,415554095,43305924,41418967,721150,807,0,0
C076325,2636841,31642092,1715866,20590392,31060055,64042703,64042703,350160,806,0,0
C076326,5569658,66835896,4136666,49639992,286774214,124061604,97424241,568320,690,0,1
C076327,3858406,46300872,2087798,25053576,159706866,31582808,27193677,215774,808,0,0
C076328,8146390,97756680,4187036,50244432,172669440,129215464,118519471,1265104,818,0,1
C076329,4495076,53940912,2591374,31096488,190139916,60122523,39070607,201048,803,0,0
C076330,4398602,52783224,2144424,25733088,135657786,35768063,35768063,510873,853,0,0
C076331,4426711,53120532,2368098,28417176,135168260,39666357,27823428,131636,842,0,0
C076332,4660291,55923492,2218599,26623188,216010210,20159543,20159543,419229,852,0,0
C076333,4460243,53522916,1696836,20362032,91226372,89435626,61269653,503781,800,0,0
C076334,4739993,56879916,2615086,31381032,136731678,108607050,99407119,709300,773,0,0
C076335,1800000,21600000,1168876,14026512,100696254,18636125,17804583,246948,712,0,1
C076336,2786976,33443712,1583182,18998184,88820848,18909496,11988590,301769,798,0,0
C076337,3885300,46623600,1157136,13885632,66819788,25320395,23038622,264399,845,0,0
C076338,1800000,21600000,1126626,13519512,138750108,24168585,8919418,108232,745,1,0
C076339,6556601,78679212,1992286,23907432,156272575,202032456,178313499,1358967,669,1,0
C076340,2793282,33519384,1467220,17606640,469271376,32385795,10602577,88483,864,0,0
C076341,2345393,28144716,1921288,23055456,80619793,42335982,42335982,427832,715,2,0
C076342,2594233,31130796,1927359,23128308,274773862,45006910,28881688,365614,752,0,0
C076343,4943920,59327040,3182842,38194104,158704606,47615794,31560178,470417,866,0,0
C076344,3266063,39192756,2505377,30064524,104823211,17614121,12021573,287721,664,2,0
C076345,3602368,43228416,2279078,27348936,456300487,22676271,15615461,143952,795,0,0
C076346,10590579,127086948,4115276,49383312,256513826,62206765,54313988,1040801,751,0,1
C076347,2742487,32909844,1846781,22161372,147773219,41130606,29823142,380751,720,0,0
C076348,5234386,62812632,4682622,56191464,106277136,49028557,38067758,376025,743,0,0
C076349,6191110,74293320,4587459,55049508,242496463,45409653,20643174,382110,892,0,0
C076350,3763622,45163464,2195468,26345616,257107206,100040271,76549301,753339,807,0,0
C076351,2700942,32411304,1675840,20110080,84514750,40732353,28713958,270358,799,0,0
C076352,6708288,80499456,3992292,47907504,290575366,107368131,76536636,542870,718,0,0
C076353,2767945,33215340,1488470,17861640,75725049,53600474,36711706,275243,752,1,0
C076354,2540240,30482880,1698710,20384520,33029141,19292330,8200044,178016,773,0,0
C076355,1800000,21600000,708910,8506920,82894888,25489315,21897323,177999,896,0,0
C076356,3813117,45757404,1785600,21427200,97561016,115551198,90264954,843574,716,0,1
C076357,3011725,36140700,1926252,23115024,178962609,41783207,30862733,535950,739,0,0
C076358,4182367,50188404,3336992,40043904,292831286,108413598,92593412,822662,718,0,0
C076359,2923031,35076372,2377634,28531608,26103998,51735238,45769036,493389,714,0,0
C076360,5292302,63507624,3128216,37538592,282705330,79698218,64154999,817168,698,0,0
C076361,2665647,31987764,1341816,16101792,103695557,30732772,30732772,309286,805,0,0
C076362,4783149,57397788,3076386,36916632,705120752,109357468,90759496,918609,688,0,0
C076363,5237637,62851644,3004167,36050004,225990539,86946658,86946658,500795,758,0,1
C076364,8468095,101617140,6634568,79614816,336519028,118180844,97225335,1220503,806,0,0
C076365,2299657,27595884,1564704,18776448,21468047,31261469,27238588,198192,772,0,0
C076366,3693494,44321928,2268237,27218844,50651909,36877730,25283875,73870,793,0,0
C076367,2427981,29135772,914546,10974552,103281590,84125526,74733835,523586,731,0,0
C076368,4804649,57655788,3638920,43667040,571594991,66438758,45346378,161234,726,0,0
C076369,2699166,32389992,674792,8097504,67804352,25552748,14028385,136382,843,0,0
C076370,4781837,57382044,1854334,22252008,128120496,113371999,88624962,750442,758,0,0
C076371,4044560,48534720,2203013,26436156,132404491,43448276,35159774,220494,740,0,0
C076372,2341041,28092492,1311400,15736800,225755074,18873327,17399164,218111,767,0,0
C076373,5013277,60159324,2352376,28228512,165190179,57539581,35712167,614941,795,0,0
C076374,5711612,68539344,3359150,40309800,89861061,161306057,128963905,859465,748,0,0
C076375,7109329,85311948,3255866,39070392,307177037,48011955,27316930,202739,707,0,0
C076376,2489457,29873484,1797187,21566244,226221206,38938624,38938624,351163,833,0,0
C076377,3965961,47591532,3226598,38719176,189749004,55544312,44803786,651003,718,0,0
C076378,3026714,36320568,1639657,19675884,508487952,19960504,12624132,255081,813,1,0
C076379,3002757,36033084,1692252,20307024,130859419,64738947,52486823,426690,686,0,1
C076380,4187448,50249376,1396357,16756284,136349040,27500253,14577867,141518,791,0,0
C076381,4936850,59242200,1834545,22014540,188462344,115185196,79389477,566531,824,0,0
C076382,2431419,29177028,1634011,19608132,251737456,16348831,7305924,50000,854,0,0
C076383,5193789,62325468,3997826,47973912,135860968,36640522,25129279,470515,762,0,0
C076384,3292648,39511776,1855187,22262244,64487766,50715425,40734493,522562,817,0,0
C076385,5321357,63856284,3664612,43975344,602477200,48035876,48035876,391411,761,0,0
C076386,4127930,49535160,2271218,27254616,50339861,95564353,80212283,720786,652,0,0
C076387,3445950,41351400,2423553,29082636,286072212,12615733,10196347,88407,775,0,0
C076388,4362564,52350768,3721560,44658720,293850559,39639170,32189963,369941,770,0,0
C076389,6590748,79088976,3042255,36507060,698661029,52522114,52522114,308459,720,0,0
C076390,11281460,135377520,5787843,69454116,429574632,189698023,168710005,1373451,772,0,0
C076391,4916250,58995000,2332165,27985980,93958238,134889373,103316701,858573,779,0,1
C076392,4253406,51040872,3715226,44582712,115102900,34100203,26733385,489070,745,0,0
C076393,3518059,42216708,1612568,19350816,159402124,75757009,75757009,468102,859,0,0
C076394,3034753,36417036,1946479,23357748,34553518,19733267,19733267,290179,814,0,0
C076395,1800000,21600000,1034894,12418728,73587747,5726234,5726234,77403,768,0,0
C076396,3708042,44496504,2362336,28348032,73731256,66566776,54542347,506492,766,0,0
C076397,2353443,28241316,1735280,20823360,87810191,62490675,62490675,440147,724,1,0
C076398,2682763,32193156,1316802,15801624,450704184,17450418,15567038,158283,863,0,0
C076399,3199280,38391360,1588528,19062336,83937354,27225416,18633346,63986,837,0,0
C076400,3142474,37709688,1898665,22783980,271372452,48227858,37263871,187445,781,0,0
C076401,6381842,76582104,5247763,62973156,203659787,113934228,87263364,902672,680,2,1
C076402,2362586,28351032,1539306,18471672,126646537,33194577,26790072,281647,761,0,0
C076403,4418778,53025336,2821094,33853128,26899760,50921890,35519477,558964,730,0,0
C076404,3520076,42240912,1798130,21577560,152250098,17977926,11340886,240245,747,0,0
C076405,4412289,52947468,1826081,21912972,124317214,38470437,30860645,290970,802,0,0
C076406,3916803,47001636,2088765,25065180,171808584,30440004,29976971,540379,820,0,0
C076407,3013062,36156744,1607051,19284612,78818557,40812106,28599351,60261,752,0,0
C076408,5018585,60223020,2312833,27753996,179105464,48032808,32169400,216711,728,0,0
C076409,6461244,77534928,3853873,46246476,270116086,121241613,71865320,731666,820,0,0
C076410,3279195,39350340,2010400,24124800,146912850,26628798,26628798,65584,780,0,0
C076411,6457823,77493876,5137473,61649676,696174309,65762649,60251055,405062,784,0,0
C076412,2916657,34999884,2105029,25260348,199143184,32602611,19439132,214729,747,1,0
C076413,3086306,37035672,1743930,20927160,80756713,84286274,84286274,647315,744,0,0
C076414,7057156,84685872,3341099,40093188,224351662,76978568,67519001,906649,779,0,0
C076415,5081868,60982416,2878290,34539480,117387638,40065834,40065834,583496,831,0,0
C076416,5585347,67024164,4489262,53871144,422556097,181562510,159539366,1367090,659,0,1
C076417,3146782,37761384,1389911,16678932,55020185,94352312,68260117,391819,778,0,0
C076418,2582289,30987468,1668239,20018868,119383694,19104696,17599635,220101,868,0,0
C076419,6025028,72300336,3488055,41856660,210564115,135871466,113130252,970378,762,0,1
C076420,1800000,21600000,1429319,17151828,105074524,43976146,28166362,324494,645,0,1
C076421,3409978,40919736,2026768,24321216,111543499,44923076,21961714,296077,788,0,0
C076422,3561326,42735912,1725732,20708784,147936688,54042660,54042660,312939,771,0,0
C076423,8683787,104205444,3427027,41124324,241909737,319911661,278679580,2201315,752,0,0
C076424,4145343,49744116,1974999,23699988,178725157,50922598,49753235,353960,789,0,0
C076425,7325438,87905256,4320034,51840408,635499789,242076445,224768219,1156523,740,0,0
C076426,7918925,95027100,5743622,68923464,188495437,113107681,97618210,628855,745,0,0
C076427,5946515,71358180,3071463,36857556,245352887,143023571,122320266,1046550,782,0,0
C076428,2658996,31907952,1233245,14798940,82895538,49454393,34265777,271497,758,0,1
C076429,2798410,33580920,1090260,13083120,84349578,30868063,30127026,314715,809,0,0
C076430,3303285,39639420,2277798,27333576,207261544,41171166,21352931,277686,757,1,1
C076431,1800000,21600000,1349010,16188120,143252344,17513302,9852806,108762,713,0,1
C076432,2108606,25303272,1446910,17362920,32954049,24707227,14739162,50000,765,0,1
C076433,3845530,46146360,2360843,28330116,196085461,29896938,29393195,381231,767,1,0
C076434,6011747,72140964,2601583,31218996,256665462,91079995,63904439,772189,800,0,0
C076435,6111011,73332132,2608610,31303320,419792959,60417383,50691937,379258,820,0,0
C076436,3817938,45815256,2580682,30968184,79782204,24603602,19435833,385770,693,0,0
C076437,2342669,28112028,1428740,17144880,214537664,38469267,25901685,299809,801,0,0
C076438,5551224,66614688,2758686,33104232,175216319,32153780,27827104,343282,790,0,0
C076439,4277514,51330168,2474047,29688564,258227224,37331838,21869594,283652,716,0,0
C076440,4432204,53186448,2956461,35477532,149854017,20478894,20478894,224084,891,0,0
C076441,2778443,33341316,1431252,17175024,466778424,22659612,21558554,357364,776,0,0
C076442,3721135,44653620,1605709,19268508,131305632,36946938,28913206,320141,862,0,0
C076443,5259078,63108936,3173059,38076708,52893959,79421396,48171530,589937,854,0,0
C076444,3385424,40625088,1574910,18898920,102712446,155829877,141781330,925899,883,0,0
C076445,3836599,46039188,1895592,22747104,438764771,50041162,18142396,290626,870,0,0
C076446,7574176,90890112,4737726,56852712,466952744,33581403,33581403,350734,822,0,0
C076447,3673251,44079012,2122677,25472124,164345180,62192208,46954410,525379,820,0,0
C076448,7060923,84731076,3101608,37219296,452754021,238326025,223670353,1870387,781,0,1
C076449,3732230,44786760,2550149,30601788,115695246,22818431,17537890,437241,820,0,0
C076450,9432035,113184420,5308582,63702984,536062484,126820937,87497772,365490,715,0,0
C076451,2969415,35632980,1448520,17382240,63468179,55686465,49130440,605878,780,0,0
C076452,3005350,36064200,2336314,28035768,125935142,11074422,11074422,211259,825,0,0
C076453,6911708,82940496,4103987,49247844,577623984,60154842,38501818,501905,789,0,0
C076454,5795487,69545844,3373720,40484640,441840701,265091934,265091934,2075123,665,0,0
C076455,5098733,61184796,3110510,37326120,156913304,60226110,50372815,526938,768,0,0
C076456,2981494,35777928,1162395,13948740,46516174,131704726,129008698,766562,718,0,0
C076457,2559193,30710316,1672333,20067996,95868265,35523436,23717626,277623,782,0,0
C076458,7240320,86883840,4040888,48490656,298618835,204358497,176445488,1503849,778,0,0
C076459,4808508,57702096,3482140,41785680,233160962,49638279,35654513,385697,872,0,0
C076460,6412264,76947168,4357236,52286832,204402716,63099908,63099908,725988,759,0,0
C076461,1940930,23291160,1073890,12886680,85517477,24046931,7457605,209972,834,0,0
C076462,1812599,21751188,1204653,14455836,106955841,31797033,28172243,286688,718,0,1
C076463,4715966,56591592,2710721,32528652,166755580,57231273,53283664,948192,666,1,0
C076464,3530518,42366216,1656877,19882524,347381018,28541548,22973399,265680,750,0,0
C076465,2000585,24007020,1144505,13734060,18575293,41775947,38212818,357008,797,0,0
C076466,2253055,27036660,974000,11688000,291973452,15610454,12402372,200793,803,0,0
C076467,4694829,56337948,3342585,40111020,139704071,94296855,76017414,719281,715,1,0
C076468,4848430,58181160,2358789,28305468,81595975,35350472,10663212,96969,784,0,0
C076469,5836537,70038444,2710544,32526528,149588369,135279953,108811381,787413,882,0,1
C076470,2462196,29546352,1441951,17303412,37614969,36198292,27243228,252383,846,0,0
C076471,2624624,31495488,1216955,14603460,133887376,38045428,29275309,108603,851,0,0
C076472,3427858,41134296,1616278,19395336,95619497,54796340,38048697,348027,699,1,0
C076473,5300812,63609744,3362234,40346808,163257901,135096726,104154353,977424,690,0,0
C076474,2871159,34453908,1654109,19849308,122128032,8413089,8413089,74238,855,0,0
C076475,7246542,86958504,3703057,44436684,1102645028,64848501,54722337,1065147,818,0,0
C076476,3510249,42122988,2468980,29627760,83126296,93682300,85285043,612158,732,0,0
C076477,4664347,55972164,1965892,23590704,239190418,44392481,30306666,149326,862,0,0
C076478,7315202,87782424,3983790,47805480,783894674,78928996,54061800,786701,882,0,0
C076479,2518591,30223092,1248818,14985816,82560404,18860250,17692396,101788,886,0,0
C076480,3404890,40858680,1186439,14237268,175939090,32775716,20906574,256255,752,0,0
C076481,4501061,54012732,2606014,31272168,258332790,54790888,45740242,275722,782,0,0
C076482,6934387,83212644,2622582,31470984,345962008,107353308,90759562,1064745,764,0,0
C076483,2650397,31804764,1617375,19408500,90194419,38430692,25088778,201676,662,0,0
C076484,2638634,31663608,1150762,13809144,186678733,24843234,15950587,256929,806,0,0
C076485,4771840,57262080,2666109,31993308,185463437,28261145,28261145,482703,853,0,0
C076486,5470545,65646540,2110489,25325868,332809215,142698691,127247407,765524,702,0,0
C076487,2350689,28208268,907784,10893408,33625625,34045390,17132713,77712,828,0,0
C076488,2784808,33417696,2311114,27733368,106951857,54541037,48618724,521014,715,0,1
C076489,5732999,68795988,3538557,42462684,349050842,139941162,137414677,745135,754,0,0
C076490,3846773,46161276,1633213,19598556,98121395,40315820,19396868,304775,816,0,0
C076491,5517002,66204024,2526730,30320760,164077217,38094093,33349619,646621,818,0,0
C076492,3122652,37471824,1992885,23914620,220111729,30337707,26548644,242710,926,0,0
C076493,4732097,56785164,2437938,29255256,315991176,45820532,45820532,353841,837,0,0
C076494,4101188,49214256,2738887,32866644,405827351,112399468,88892460,883667,758,0,0
C076495,5614549,67374588,4062833,48753996,340870224,52885424,43729544,667379,715,0,0
C076496,3882363,46588356,2663506,31962072,72357279,50009822,48303287,320292,821,0,0
C076497,5402057,64824684,2604521,31254252,142844989,40951394,40951394,468906,865,0,0
C076498,5740294,68883528,3295826,39549912,302009269,75375781,41237593,592423,691,0,0
C076499,1882797,22593564,883749,10604988,85135656,10426685,5865024,117496,720,1,0
C076500,8567020,102804240,5182154,62185848,421645663,129228612,102968717,1318451,694,0,0
C076501,6293494,75521928,2849117,34189404,362620035,126333860,98036719,346724,852,0,0
C076502,2775466,33305592,1111063,13332756,94968806,31576658,24323345,522846,638,0,1
C076503,4823331,57879972,2595933,31151196,158817742,84693625,79462247,682801,758,1,0
C076504,6431044,77172528,3258886,39106632,77666534,66175523,66175523,867304,950,0,0
C076505,2315317,27783804,1177112,14125344,29586278,22996438,19842557,217287,776,0,0
C076506,1800000,21600000,1538354,18460248,109137401,24928933,20522830,183077,723,0,0
C076507,6095604,73147248,3367255,40407060,125654972,108091531,108091531,1345225,707,0,1
C076508,2927618,35131416,2140180,25682160,364657900,19581790,19581790,98800,739,0,0
C076509,3568259,42819108,1531529,18378348,247811381,32129866,23368943,162397,855,0,0
C076510,4361091,52333092,3082110,36985320,242701806,75653099,75653099,798619,794,0,0
C076511,7360005,88320060,3303120,39637440,168055587,18930261,18930261,248325,795,0,0
C076512,3632405,43588860,2031483,24377796,75878347,63353912,60450767,465920,745,0,0
C076513,2533034,30396408,1356795,16281540,38854299,25675096,20289940,294357,768,0,0
C076514,3322041,39864492,1613354,19360248,100948598,46112712,32796669,229209,722,0,1
C076515,1800000,21600000,1236366,14836392,174605274,7440378,7440378,61055,772,0,0
C076516,2877054,34524648,1159291,13911492,249263403,13315911,6248620,57541,878,0,0
C076517,3128180,37538160,1481831,17781972,109798340,56169583,50944373,435557,790,0,0
C076518,6159292,73911504,4590767,55089204,217200951,61341959,29976643,470425,780,0,0
C076519,2470855,29650260,1469687,17636244,98131940,12399115,11916834,216375,839,0,0
C076520,6653301,79839612,5430918,65171016,113496729,60386794,53943274,646936,755,0,0
C076521,2506516,30078192,1436758,17241096,90332663,15044187,11337690,271505,840,0,0
C076522,2595087,31141044,1742961,20915532,230555163,41969747,33148203,446731,748,0,1
C076523,4901046,58812552,2898328,34779936,143739224,58041958,26211210,298364,827,0,0
C076524,6984405,83812860,3792895,45514740,163738729,61155828,61155828,774143,889,0,0
C076525,4858832,58305984,3371693,40460316,367473125,27363488,22472756,247075,878,1,0
C076526,2790534,33486408,1268364,15220368,108045626,29261082,22413294,256794,832,0,0
C076527,5165292,61983504,3249874,38998488,51989937,48149195,31296729,519891,786,0,0
C076528,5899587,70795044,3215969,38591628,106215034,56612297,26075796,117992,865,0,0
C076529,3393105,40717260,1472754,17673048,61696404,27885672,22025843,298329,764,0,0
C076530,6443348,77320176,3528761,42345132,173347426,97106593,62181520,621968,806,0,0
C076531,4401688,52820256,1746442,20957304,529000310,21276776,15968138,418429,754,0,0
C076532,4726494,56717928,2785368,33424416,470109307,75409576,61435239,927271,672,0,1
C076533,2687588,32251056,1849008,22188096,160332597,11647947,10328825,230405,788,0,0
C076534,8009306,96111672,3782230,45386760,489010660,86452552,67093718,160186,787,0,0
C076535,3352436,40229232,2101965,25223580,120186721,47143876,40193970,512486,783,0,0
C076536,6689763,80277156,4259234,51110808,1123880184,31488591,25426370,160519,759,0,0
C076537,3480467,41765604,2070012,24840144,314905932,57631006,43108458,358443,760,0,0
C076538,3895099,46741188,1547737,18572844,99926058,30503511,15372126,77902,818,0,0
C076539,1813114,21757368,840355,10084260,102026195,51076161,44607861,447566,778,0,0
C076540,6847787,82173444,4651171,55814052,173207562,136625474,123944138,1039211,887,0,0
C076541,5191418,62297016,3594297,43131564,709065359,33638760,21168677,244226,828,0,0
C076542,1800000,21600000,839840,10078080,102427445,21356933,14416020,162218,788,0,0
C076543,5970557,71646684,3328134,39937608,268929034,199713678,177891766,1256971,678,0,0
C076544,3680074,44160888,1712582,20550984,143832817,48428070,42935213,287624,807,0,0
C076545,2574874,30898488,2099904,25198848,41608402,50114825,49331291,393289,810,0,0
C076546,2974802,35697624,2095799,25149588,89241576,46383483,34100933,316539,713,0,0
C076547,3266698,39200376,2419770,29037240,84393529,28001895,19945903,108274,779,0,0
C076548,3361259,40335108,2221577,26658924,130731352,23605386,22465083,231596,867,0,0
C076549,6077495,72929940,4505446,54065352,292485442,83074423,81454479,645199,793,0,0
C076550,2091540,25098480,1509185,18110220,60560627,101693111,100186103,727201,661,0,0
C076551,5756620,69079440,3191375,38296500,63802972,153426342,135197658,1149615,869,0,0
C076552,4784238,57410856,3733549,44802588,134603555,11852718,11852718,95685,826,0,0
C076553,5162430,61949160,3654976,43859712,419954968,34581014,34581014,332330,800,0,0
C076554,5457333,65487996,4820424,57845088,104918351,75705709,60225948,545047,700,0,0
C076555,4218823,50625876,1929890,23158680,195058593,111133603,93429503,670304,734,0,0
C076556,2346081,28152972,1344869,16138428,167157958,19886348,17416139,298479,717,0,0
C076557,3178601,38143212,1502642,18031704,211864772,24371123,24371123,265005,884,0,0
C076558,3413787,40965444,1789665,21475980,139910618,47565843,40708190,340154,821,0,0
C076559,4928111,59137332,2036378,24436536,261316385,109302717,72516518,604853,868,0,0
C076560,3377672,40532064,1805529,21666348,38679935,38707376,19907421,245934,823,0,0
C076561,3642424,43709088,2353278,28239336,36571511,42189739,35299191,330690,776,0,0
C076562,3201963,38423556,1620527,19446324,43892662,44710880,38833807,332892,871,0,0
C076563,3222082,38664984,1450140,17401680,356246088,34896050,34896050,356554,773,0,0
C076564,3149568,37794816,1762307,21147684,68968134,12522603,12522603,62991,930,0,0
C076565,2364103,28369236,1242149,14905788,176112534,56877521,51699155,433523,716,0,1
C076566,6287717,75452604,3394895,40738740,107723246,50667079,48389766,584360,847,0,0
C076567,2921912,35062944,1791998,21503976,90379087,13157111,9577429,118760,767,0,0
C076568,2747352,32968224,981997,11783964,75247291,62801913,55855800,510158,825,0,0
C076569,6783956,81407472,2517470,30209640,163413907,99888737,63575802,633049,728,0,0
C076570,5015801,60189612,3761222,45134664,842654568,112108413,94212721,857454,746,1,0
C076571,4903443,58841316,2733226,32798712,176237118,36936692,18938936,292890,737,0,0
C076572,3603878,43246536,1724923,20699076,125251301,61300881,51422620,521268,762,2,0
C076573,2437518,29250216,2043665,24523980,122051350,22228650,12115486,234723,723,1,0
C076574,5421396,65056752,2349426,28193112,210747317,165382483,108291433,585779,771,0,0
C076575,6743478,80921736,2272970,27275640,283522685,120093464,87983425,617643,822,0,0
C076576,2356656,28279872,1509838,18118056,57827808,27870718,15096325,172322,693,0,0
C076577,2751933,33023196,1239122,14869464,147211517,41886663,41886663,562890,769,0,0
C076578,6580643,78967716,4851192,58214304,231537428,51589505,26430441,291329,815,0,0
C076579,6718772,80625264,3361170,40334040,392307427,81991783,80793390,639722,792,0,0
C076580,3992601,47911212,2133935,25607220,281837196,15567381,15567381,306528,866,0,0
C076581,2928201,35138412,1877391,22528692,79939412,64258104,54473091,538048,824,0,0
C076582,1800000,21600000,942386,11308632,12896438,37380577,37380577,226137,900,0,0
C076583,3246629,38959548,2343386,28120632,64903234,36838317,36838317,460978,754,0,0
C076584,6065702,72788424,3976057,47712684,526780993,31803626,28951154,631151,755,0,0
C076585,3058759,36705108,1348891,16186692,91083426,30077773,22664753,277032,810,0,0
C076586,4787142,57445704,2768029,33216348,70830776,65979798,44441461,378063,702,2,0
C076587,3891232,46694784,2156430,25877160,210006539,109798389,102323041,888417,754,0,0
C076588,5708668,68504016,4823215,57878580,281385246,58546629,37306714,720450,692,1,0
C076589,2576793,30921516,1295197,15542364,76499837,22892896,13954724,291379,844,0,0
C076590,4329184,51950208,2907401,34888812,290929242,25309795,19887648,508513,708,0,0
C076591,3524706,42296472,2301078,27612936,192766697,80215273,60488379,465698,822,0,0
C076592,2844731,34136772,2070121,24841452,56624972,30273318,13462738,181093,782,0,0
C076593,4885954,58631448,3404442,40853304,402287055,140130367,124569940,785574,726,1,0
C076594,4123219,49478628,2994298,35931576,343711340,23785203,19004709,192604,812,0,0
C076595,1832740,21992880,994576,11934912,65556928,21879305,18022588,179040,761,0,0
C076596,2836666,34039992,1278091,15337092,157874939,18712145,18712145,86394,738,0,1
C076597,3192047,38304564,1654694,19856328,180557641,48982901,38697616,240881,782,0,0
C076598,4381321,52575852,1936281,23235372,195448063,64016918,58106674,514712,804,0,0
C076599,4735880,56830560,2751907,33022884,125957328,23086839,8552794,94838,820,0,0
C076600,9771725,117260700,4090092,49081104,195706167,109212279,98985781,1257348,796,0,0
C076601,2501561,30018732,1520880,18250560,38380414,31570103,27351200,302533,767,0,0
C076602,2738481,32861772,1530733,18368796,102051676,20041348,18688021,152365,814,0,1
C076603,10093489,121121868,8378676,100544112,1222002716,46383350,33176963,208976,751,0,0
C076604,3224216,38690592,1429923,17159076,135235851,22339871,19673623,79666,774,0,0
C076605,4988338,59860056,3447100,41365200,171405645,81219564,63377239,459844,776,0,0
C076606,6675047,80100564,3830198,45962376,292867193,86379256,55877300,740231,778,0,1
C076607,3789381,45472572,2411044,28932528,152804411,112890250,101669130,757558,674,0,0
C076608,3329123,39949476,1405935,16871220,155795677,9061436,9061436,66582,786,0,0
C076609,4517968,54215616,2968305,35619660,328540536,37580884,19614630,282275,700,1,0
C076610,5161139,61933668,3620050,43440600,213289143,26672921,23351246,237952,708,0,0
C076611,5685723,68228676,2932183,35186196,166388031,183543395,170915716,952506,733,0,0
C076612,4327522,51930264,4049961,48599532,96130428,58870696,49159232,649074,731,0,0
C076613,5494525,65934300,2034941,24419292,524282467,111351613,103403612,1013012,784,0,0
C076614,4066601,48799212,2478388,29740656,203371230,62000722,43780739,212834,820,0,0
C076615,7658457,91901484,5546044,66552528,1286620776,27940842,27940842,153169,800,0,0
C076616,6754795,81057540,4859983,58319796,191020820,79912661,62024139,514148,804,0,0
C076617,5148069,61776828,2763408,33160896,135756862,40345963,19977929,328962,903,0,0
C076618,2800343,33604116,1574420,18893040,325229502,88664084,78458777,540538,734,0,0
C076619,4990002,59880024,1998581,23982972,152489643,31827113,27168646,150403,822,0,0
C076620,4110904,49330848,2220641,26647692,315237659,31881304,16050796,130710,765,0,0
C076621,9199396,110392752,3622545,43470540,504344864,179221519,114503962,1384967,749,0,1
C076622,4029198,48350376,2524280,30291360,154830915,58188934,48339214,492308,792,0,0
C076623,3695317,44343804,1935983,23231796,68563610,56148055,55921730,408646,817,0,0
C076624,3489933,41879196,2043391,24520692,210043507,57984505,48431760,508632,800,1,0
C076625,4645934,55751208,2816026,33792312,762669733,145020091,143791149,936777,757,0,0
C076626,6032090,72385080,3411474,40937688,439904872,124224471,117433402,973752,709,0,0
C076627,5405301,64863612,3568452,42821424,284437456,84068188,72710457,1229260,731,0,0
C076628,5370968,64451616,3086307,37035684,269710484,89250114,84512454,560604,784,0,0
C076629,2364422,28373064,1960065,23520780,103628293,46042464,41489300,448065,773,0,1
C076630,4152844,49834128,3003556,36042672,96105135,81317117,53098596,672839,691,1,1
C076631,2908328,34899936,1708674,20504088,171988881,32694132,14908250,278768,788,0,0
C076632,3310324,39723888,2551839,30622068,99225419,16415347,6301072,84912,748,0,0
C076633,2413966,28967592,1598167,19178004,102873698,27758479,27758479,242163,788,0,0
C076634,3809034,45708408,2205922,26471064,107912220,49239300,42858825,388681,818,0,0
C076635,4723081,56676972,2536333,30435996,201588531,105258895,85934659,669359,837,0,0
C076636,3868369,46420428,2105386,25264632,78888544,23620823,18043390,122883,829,1,0
C076637,9307487,111689844,5849566,70194792,251504874,63274451,63274451,845800,760,0,0
C076638,1986094,23833128,1263261,15159132,136787446,25742783,13166990,232630,695,0,1
C076639,6227287,74727444,2541386,30496632,294561507,46490423,46490423,582585,847,0,0
C076640,5611879,67342548,4172551,50070612,137929335,64817153,57788100,713239,757,0,1
C076641,4682047,56184564,3318855,39826260,126816096,36685084,36067866,108400,789,0,0
C076642,3106028,37272336,2476606,29719272,169152017,41565549,40430466,449604,719,1,0
C076643,2452708,29432496,1651886,19822632,106748412,19890836,15100286,189731,792,0,0
C076644,7060601,84727212,6040010,72480120,187313838,77856998,59098790,727093,633,2,0
C076645,3826674,45920088,2286706,27440472,102480143,37466434,26498663,179863,811,0,0
C076646,3420089,41041068,1488008,17856096,96271859,21221291,13154910,190846,797,0,0
C076647,5649645,67795740,3244035,38928420,253567228,68491957,53140998,457690,815,0,0
C076648,4896586,58759032,1984451,23813412,302632862,41367688,34179735,353041,866,0,0
C076649,2530491,30365892,2117217,25406604,106913969,34932746,24705365,228966,748,0,0
C076650,4955351,59464212,3525541,42306492,250193066,101401827,92676070,1039603,686,0,1
C076651,2378311,28539732,901617,10819404,115912686,17007772,7660129,186417,864,0,0
C076652,2941823,35301876,2195745,26348940,49257948,19358078,13998870,139415,741,0,0
C076653,3341702,40100424,883068,10596816,223909514,56291623,41934332,345166,755,0,0
C076654,5242241,62906892,3504026,42048312,55364192,33461763,17127410,439902,751,0,0
C076655,1800000,21600000,711497,8537964,52025154,24439753,22357448,243601,819,0,0
C076656,2556411,30676932,1479087,17749044,109320058,37582812,27342300,180813,784,0,0
C076657,4142964,49715568,2216696,26600352,50715140,30623526,12174728,413659,805,0,0
C076658,5785525,69426300,2556742,30680904,140098797,86824165,86824165,1042322,922,0,0
C076659,4070968,48851616,2388575,28662900,294076375,30736303,19375718,204550,867,0,0
C076660,7115953,85391436,4543015,54516180,162642174,43194493,43194493,809169,713,1,0
C076661,1946059,23352708,1255597,15067164,158707989,23608657,14366901,217001,812,0,0
C076662,6914949,82979388,5038903,60466836,445767001,121173469,72619514,1230020,640,0,0
C076663,8269406,99232872,5636913,67642956,350061721,42042604,31144296,563213,861,0,0
C076664,3096690,37160280,1766594,21199128,448789602,47183561,47183561,619211,769,0,0
C076665,2701695,32420340,1536377,18436524,201523948,35536367,35536367,267946,846,0,0
C076666,2871189,34454268,2221378,26656536,78435235,38455054,25168614,273510,653,2,0
C076667,4106748,49280976,2381032,28572384,117741250,52187527,52187527,303257,828,0,0
C076668,2758950,33107400,1713972,20567664,72948977,55431535,52141350,588748,773,0,0
C076669,1800000,21600000,613985,7367820,15128978,12739459,10244232,93088,778,1,0
C076670,5241616,62899392,2477011,29724132,43909098,85882302,71635666,997989,732,0,0
C076671,2019320,24231840,1386632,16639584,132438207,32542761,32542761,223673,831,0,0
C076672,4480655,53767860,3306149,39673788,59613938,111106389,99318479,778057,718,0,0
C076673,3382787,40593444,1632206,19586472,68149001,33493134,29195777,511922,931,0,0
C076674,2928443,35141316,2140258,25683096,125383885,27555846,17697738,232195,813,0,0
C076675,3393119,40717428,1978100,23737200,237462509,45676231,29705789,296075,761,0,0
C076676,5839611,70075332,2199957,26399484,844713956,38518643,38518643,577744,719,0,0
C076677,3846323,46155876,1981051,23772612,142478532,18705096,17984880,129136,902,0,0
C076678,3791672,45500064,1784987,21419844,65466227,65561340,65561340,524544,870,0,0
C076679,3319156,39829872,1928129,23137548,80215403,35814038,30254133,280845,801,0,0
C076680,3190682,38288184,1554312,18651744,234201695,29508821,17480364,81979,873,0,0
C076681,3178885,38146620,1649769,19797228,173728568,24862622,24862622,132459,775,0,0
C076682,3888256,46659072,1841198,22094376,56085539,115528852,87429793,694177,806,1,0
C076683,6159191,73910292,3307581,39690972,379584929,70784957,48396649,431741,795,0,0
C076684,7532989,90395868,2025913,24310956,131633119,102537419,73468339,577402,750,0,0
C076685,4372116,52465392,2824370,33892440,53379390,27647006,27647006,260143,828,0,0
C076686,4741866,56902392,3025736,36308832,183443355,71893969,65115859,319927,802,0,0
C076687,3045374,36544488,1373957,16487484,55711849,72531959,62234123,762192,678,0,0
C076688,4697794,56373528,2191582,26298984,49651915,71187578,60213906,756018,788,0,0
C076689,3114996,37379952,2184218,26210616,73029452,14880330,14880330,332349,744,0,0
C076690,2180490,26165880,967616,11611392,65499078,31942284,20952026,227405,865,0,1
C076691,1984848,23818176,1355317,16263804,140118266,43723920,34392203,245256,675,0,0
C076692,3175817,38109804,1427536,17130432,75632970,18641170,13056931,263461,856,0,0
C076693,2358042,28296504,1401330,16815960,191273405,8703403,8703403,121841,823,0,0
C076694,3505510,42066120,2253217,27038604,128292712,101878512,94844250,805611,736,0,0
C076695,4455436,53465232,1998410,23980920,117818325,35174583,18525511,188358,763,0,0
C076696,2855651,34267812,1445838,17350056,94503999,10078048,9588923,257811,764,0,0
C076697,3976455,47717460,2404264,28851168,211343462,37855867,17496814,116191,754,0,0
C076698,6769368,81232416,4821761,57861132,421034587,159071845,140057444,1246301,767,0,0
C076699,6449123,77389476,4433268,53199216,516685979,69674577,42108244,824554,839,0,0
C076700,4396681,52760172,3485587,41827044,261365147,22153949,21970221,348655,789,0,0
C076701,5441642,65299704,3823336,45880032,74724195,67519041,45954336,927230,722,0,0
C076702,5218422,62621064,3380351,40564212,60781497,79162294,67891072,773703,756,0,0
C076703,5500500,66006000,4533998,54407976,118835518,172532350,172532350,1397474,745,0,0
C076704,2098700,25184400,1338875,16066500,122347505,46708659,35541219,283655,731,0,1
C076705,3076791,36921492,2418028,29016336,170571786,21685812,10404006,164599,737,0,0
C076706,3548753,42585036,2067820,24813840,330705308,7010977,6369074,242827,768,0,0
C076707,2302859,27634308,1977963,23735556,344939820,40971257,28911223,464030,720,1,1
C076708,3808136,45697632,3259057,39108684,162146241,44939844,29230434,314777,819,0,0
C076709,3595407,43144884,1986707,23840484,131983101,39358294,29686423,412001,827,0,0
C076710,3342628,40111536,1846444,22157328,44589472,54630818,38371380,323951,796,0,0
C076711,8423930,101087160,4648798,55785576,190929925,28218121,28218121,461550,745,0,0
C076712,4968755,59625060,3387416,40648992,43692627,46765891,22548966,472464,761,0,0
C076713,1898359,22780308,747888,8974656,41628339,36926451,36704804,269762,736,0,0
C076714,4845334,58144008,2061809,24741708,150755647,87317296,58513477,271897,781,0,0
C076715,5101852,61222224,2664819,31977828,291239752,47735162,38163192,459922,791,0,0
C076716,8075569,96906828,3560996,42731952,872491838,86072171,52495883,890437,872,0,0
C076717,3953741,47444892,1880119,22561428,20327850,56570655,49401984,240486,800,0,1
C076718,3079050,36948600,2096366,25156392,121214898,39918948,27758069,335854,759,0,0
C076719,9880474,118565688,6354433,76253196,503325640,77229419,77229419,536974,773,0,1
C076720,3455125,41461500,2024210,24290520,103778084,57827270,55733116,358243,823,0,0
C076721,3540794,42489528,1879022,22548264,226220985,117859458,112840878,815964,770,0,0
C076722,2155646,25867752,1459845,17518140,60794763,8449829,7073677,119155,670,0,1
C076723,5362211,64346532,2253263,27039156,55905100,50044094,25110723,359836,862,0,0
C076724,2670688,32048256,871840,10462080,99909007,25027690,17968613,365415,756,0,0
C076725,3697944,44375328,1902598,22831176,153550545,67752726,66216623,546962,784,0,0
C076726,4322724,51872688,2224806,26697672,323194646,49138668,43496662,434152,916,0,0
C076727,2873423,34481076,1956745,23480940,81195477,37292837,35116116,310569,890,0,0
C076728,2982747,35792964,1455260,17463120,228857962,62063346,47714238,467470,705,1,0
C076729,2582224,30986688,1321761,15861132,46907038,15695269,6000266,62574,779,0,0
C076730,4632305,55587660,4077351,48928212,108250810,112174700,78714425,495282,705,0,0
C076731,10377368,124528416,5090879,61090548,697671949,85657156,37796484,1077995,763,0,1
C076732,5814018,69768216,2382921,28595052,270434417,87352966,62200095,581924,723,1,0
C076733,2592920,31115040,1338457,16061484,116510544,65709512,65073245,349510,722,0,0
C076734,6499814,77997768,3992931,47915172,422231428,84856355,67135414,571098,774,0,0
C076735,9300960,111611520,5541737,66500844,279490696,119261764,119261764,1055576,695,1,0
C076736,4099591,49195092,1980713,23768556,137113875,182103411,175385050,1278626,710,0,1
C076737,2731106,32773272,1758652,21103824,323690922,18366535,16697141,65248,847,0,0
C076738,3293783,39525396,1707544,20490528,43180972,21794075,21794075,65876,728,0,0
C076739,5092404,61108848,2773089,33277068,311615872,33030002,33030002,396821,820,0,0
C076740,3214187,38570244,1614767,19377204,192452311,170879646,170879646,1277627,610,0,1
C076741,3060668,36728016,1580956,18971472,336566603,31560312,20837015,339125,833,0,0
C076742,2874066,34488792,1447200,17366400,225369435,50141237,37000028,178458,732,0,0
C076743,2554981,30659772,1297384,15568608,39632716,30854598,15194781,267708,830,0,0
C076744,2123569,25482828,917394,11008728,40033748,12434998,11669405,203397,845,0,0
C076745,5536477,66437724,2580095,30961140,504627524,56171998,53050627,554442,866,0,0
C076746,5658865,67906380,4078494,48941928,857734240,143800205,121530159,810027,776,0,0
C076747,11591570,139098840,4299836,51598032,252181075,178901229,140394609,550453,904,0,0
C076748,3284592,39415104,2016937,24203244,70741767,85032062,72108618,488427,740,0,0
C076749,5757157,69085884,4378430,52541160,376306866,22598341,22598341,595208,766,0,0
C076750,3876607,46519284,2216422,26597064,453919467,37143201,12128628,256299,855,0,0
C076751,3447156,41365872,2061233,24734796,115519639,21622083,20214797,319304,810,1,0
C076752,3225847,38710164,2246891,26962692,496276232,52310764,35204488,487294,660,0,0
C076753,2164059,25968708,1000872,12010464,37265636,20150811,12835255,251468,784,0,0
C076754,5511313,66135756,4262488,51149856,96547256,133804968,112175732,1179809,690,0,0
C076755,5217317,62607804,2128321,25539852,318083313,106071750,79259745,970185,782,0,0
C076756,4324858,51898296,2722540,32670480,32790165,46496090,30905631,585735,764,0,0
C076757,2372610,28471320,1171790,14061480,137172219,32758180,32758180,221393,749,0,0
C076758,5761668,69140016,3583863,43006356,224322967,55068638,54096634,567900,707,0,0
C076759,2605586,31267032,1891092,22693104,126556208,29720374,18480762,355880,681,1,0
C076760,2404403,28852836,1549438,18593256,139320590,52283121,48063727,591861,706,0,0
C076761,2969446,35633352,2047364,24568368,91916037,43970522,40853798,213331,857,0,0
C076762,3037057,36444684,2031399,24376788,198149306,11183023,11183023,188225,833,0,0
C076763,4825348,57904176,3140938,37691256,184871156,33224452,25563150,96507,695,1,0
C076764,3506691,42080292,1323459,15881508,179822670,48352189,48352189,232551,751,0,0
C076765,2741987,32903844,1188877,14266524,160795480,39459764,30830484,241749,890,0,0
C076766,5148943,61787316,2728314,32739768,187309157,60217136,49437654,705133,742,0,0
C076767,4305738,51668856,2096872,25162464,114563077,20603582,20603582,332873,824,0,0
C076768,4977763,59733156,4217663,50611956,174639043,125359679,107130572,969976,797,0,0
C076769,3837207,46046484,1655319,19863828,180288330,63459743,51696205,616908,775,0,0
C076770,3975891,47710692,2679522,32154264,280615971,55267606,50286836,145352,713,0,0
C076771,1800000,21600000,546982,6563784,66738133,26146393,24117718,228421,812,0,0
C076772,1800000,21600000,742816,8913792,186193714,12158114,12158114,50000,795,1,0
C076773,5141515,61698180,3498992,41987904,405777051,83788468,72401722,864090,763,0,0
C076774,3957060,47484720,2072272,24867264,216399690,48772098,21316654,406814,744,0,0
C076775,3179224,38150688,1964436,23573232,123780964,31415283,27135306,92850,853,0,0
C076776,4097263,49167156,2671593,32059116,119382229,50282174,40104230,307214,756,0,0
C076777,3161292,37935504,2097917,25175004,137072031,57757154,53113195,569617,648,0,1
C076778,3971234,47654808,2719437,32633244,148383893,27701724,19322990,130291,737,0,0
C076779,6806316,81675792,5878483,70541796,135990794,55406339,38460159,422149,842,0,0
C076780,7970467,95645604,5180710,62168520,346442995,58352321,53534711,1079052,730,0,0
C076781,3463500,41562000,1802861,21634332,41890570,45400284,31386922,272610,792,0,0
C076782,3502295,42027540,2050850,24610200,28130100,12174941,8003965,226009,824,0,0
C076783,5362765,64353180,3485142,41821704,169037445,123703229,123703229,1128280,797,0,0
C076784,5637797,67653564,2337374,28048488,69679454,50503877,50503877,744585,886,0,0
C076785,3632260,43587120,2536693,30440316,195932440,38620653,17945125,422897,749,0,0
C076786,3310939,39731268,1845768,22149216,59733993,42720604,41486766,481246,829,0,0
C076787,3208718,38504616,1502443,18029316,125701504,29696721,27255857,461385,769,0,0
C076788,3030184,36362208,1792661,21511932,221499226,36743073,27125161,182632,780,0,1
C076789,4336948,52043376,2862675,34352100,283854263,64233519,48206556,528628,853,0,0
C076790,5110574,61326888,2440212,29282544,858576432,198362469,177221219,1295214,805,0,1
C076791,4952461,59429532,3134464,37613568,58207252,181864651,158092176,1035557,736,0,0
C076792,2481004,29772048,1997327,23967924,96498272,36116618,31790067,232502,729,0,0
C076793,4753116,57037392,1188279,14259348,115713595,35716783,18271635,96414,794,0,0
C076794,6497648,77971776,4480601,53767212,362374277,127080796,106092675,980876,759,0,0
C076795,1828952,21947424,912154,10945848,72085098,8734443,8179557,136924,824,0,0
C076796,5306722,63680664,2792104,33505248,130087687,151291882,146357513,903821,789,0,0
C076797,4129998,49559976,2321968,27863616,224629868,54588735,54588735,514437,857,0,0
C076798,2564605,30775260,1809442,21713304,58037729,62245611,48685866,270317,679,0,0
C076799,8421678,101060136,4916100,58993200,672364527,124363576,92404916,857684,809,0,0
C076800,3207804,38493648,2098372,25180464,165357775,72870954,64478517,619977,821,0,0
C076801,2950258,35403096,1891373,22696476,203746227,29841554,21304887,367629,662,0,0
C076802,2947618,35371416,1566726,18800712,170032754,20661126,19895771,127933,914,0,0
C076803,2407934,28895208,1152587,13831044,51235285,57029430,49460805,437643,817,0,0
C076804,3806454,45677448,1945259,23343108,64927886,62243498,54702169,777261,767,0,1
C076805,2809070,33708840,1724056,20688672,165094462,24167820,7054376,435817,765,1,1
C076806,4360715,52328580,1242147,14905764,104886846,53479564,32581541,432177,794,1,0
C076807,2912629,34951548,2161611,25939332,348588919,111321824,100048281,651173,696,0,0
C076808,4798954,57587448,1582813,18993756,158433513,37461273,21491021,95979,776,0,0
C076809,4242317,50907804,2553816,30645792,186390234,17404586,11710005,189052,828,0,0
C076810,6213251,74559012,3904397,46852764,329495849,49475383,39154867,457945,950,0,1
C076811,3465229,41582748,2203722,26444664,363510678,60927872,43320532,210958,882,0,0
C076812,4332756,51993072,2706061,32472732,122516024,57453864,53736806,393974,741,1,0
C076813,9854978,118259736,6201511,74418132,295959726,105148260,79133988,1023534,703,0,0
C076814,2773307,33279684,1601288,19215456,393484335,68776997,54452057,386946,867,0,0
C076815,4295485,51545820,2608305,31299660,249797046,43005257,18729457,426941,818,0,0
C076816,6877139,82525668,4190352,50284224,702969804,96602643,87906064,819636,758,0,0
C076817,2379988,28559856,1121592,13459104,54786326,97707074,97707074,690738,742,0,0
C076818,5951321,71415852,4049135,48589620,211619735,41455782,27597070,791567,831,0,0
C076819,2995502,35946024,1761565,21138780,95890688,39098823,24428891,386059,662,1,0
C076820,7617004,91404048,4463004,53556048,69749377,77426348,49634515,596039,827,0,0
C076821,4511862,54142344,2062191,24746292,527205665,54547663,30515174,510610,764,0,0
C076822,3678628,44143536,2297443,27569316,121985425,53901850,51889882,251064,784,1,0
C076823,6112045,73344540,4323196,51878352,229077980,78499872,47934341,655839,806,0,0
C076824,3914919,46979028,2211113,26533356,464534781,52944924,45335259,330340,740,0,0
C076825,4554205,54650460,2563330,30759960,170148930,36208171,10372043,291471,804,1,0
C076826,5688760,68265120,3121048,37452576,454742084,67524221,67524221,223100,880,0,0
C076827,3959896,47518752,1831963,21983556,186430300,79615306,46211745,585259,702,0,0
C076828,3405536,40866432,2123669,25484028,201549899,74865301,63648840,417528,831,0,0
C076829,1935231,23222772,1869288,22431456,75673773,14789709,14789709,236660,776,0,1
C076830,8771306,105255672,6775756,81309072,477518723,138269734,98352254,1430622,674,1,1
C076831,2960165,35521980,740041,8880492,106377623,48463921,48463921,596556,785,0,0
C076832,2965101,35581212,1336257,16035084,54390582,98909933,87034621,636366,813,0,0
C076833,4651855,55822260,3664668,43976016,769816028,94851563,90766453,1096856,694,1,0
C076834,6384690,76616280,4490650,53887800,106496758,116326798,87011990,941763,689,0,0
C076835,3638951,43667412,1879788,22557456,334109635,34393955,27713549,72779,776,0,0
C076836,3156484,37877808,1728636,20743632,135808466,27209645,27209645,479323,788,0,0
C076837,3081151,36973812,1403217,16838604,33872571,54015513,38299241,348964,778,1,0
C076838,3965807,47589684,2353096,28237152,129497767,14665867,14641731,79316,792,0,0
C076839,2918580,35022960,1378988,16547856,37990953,30631527,30631527,290393,921,0,0
C076840,3747679,44972148,2407920,28895040,211771247,30416663,17695443,259241,877,0,0
C076841,2512128,30145536,1683727,20204724,96768733,69818037,58710830,394323,756,0,0
C076842,2654420,31853040,845731,10148772,129764855,24431151,13615432,296462,776,0,0
C076843,4849877,58198524,3399603,40795236,445453696,61535894,52788503,167692,811,0,0
C076844,5841778,70101336,3976997,47723964,89345419,139667544,131230337,1495610,701,1,0
C076845,7569052,90828624,4591021,55092252,181014368,66263097,50767301,1124142,734,1,0
C076846,1800000,21600000,964839,11578068,28209867,12568294,12568294,216887,863,0,0
C076847,2399145,28789740,1092033,13104396,173615487,25753804,24666083,316053,811,0,0
C076848,2924769,35097228,1661854,19942248,75961013,22901980,12673109,182326,833,0,0
C076849,3714772,44577264,1716411,20596932,275641652,75953867,61051790,412316,853,0,0
C076850,6426845,77122140,3812981,45755772,490862616,145347350,137303840,758982,750,0,0
C076851,5589450,67073400,3031124,36373488,144767750,94971190,84370952,504855,780,0,0
C076852,4584378,55012536,1473301,17679612,141269338,62744768,46530372,361750,756,0,0
C076853,3167226,38006712,1506026,18072312,59425599,72802757,54369028,502260,816,0,0
C076854,2706757,32481084,702037,8424444,93941200,56142612,50287749,307369,824,0,0
C076855,2893068,34716816,1592149,19105788,19917403,13135597,13135597,214659,839,0,0
C076856,1800000,21600000,885407,10624884,46810814,12187846,8036777,50000,789,0,0
C076857,1800000,21600000,1144880,13738560,47050381,28491794,25317907,287600,710,0,0
C076858,9194835,110338020,4788531,57462372,316543973,68408985,47826208,758561,754,0,0
C076859,2329300,27951600,1558593,18703116,351150599,24331691,14471243,218196,744,0,0
C076860,5118594,61423128,3975101,47701212,162790673,63503237,61964471,338954,742,0,1
C076861,3196197,38354364,2420666,29047992,497543800,85524531,75696981,738771,779,0,0
C076862,4130979,49571748,3314899,39778788,269432932,73201564,53758310,171612,744,0,0
C076863,3290032,39480384,3172751,38073012,454526930,50115787,41218948,283496,780,0,1
C076864,7516823,90201876,2966347,35596164,302214658,246400448,221636349,1728949,719,0,0
C076865,3891782,46701384,2435643,29227716,179738945,9898380,9898380,77836,845,0,0
C076866,3639861,43678332,1763811,21165732,117646715,46917757,13997616,168711,802,0,0
C076867,2847941,34175292,2080569,24966828,175648823,51530208,51005956,696928,727,0,0
C076868,3356557,40278684,1530477,18365724,214186864,65583608,42349333,497502,787,0,0
C076869,3814669,45776028,2844162,34129944,160077889,117726493,102014083,624405,713,0,0
C076870,4000519,48006228,2502634,30031608,672087192,42982172,40977010,360589,822,0,0
C076871,7277773,87333276,4127564,49530768,573071944,81881005,59101544,507765,790,0,0
C076872,4579283,54951396,2227750,26733000,144758694,146576567,141652762,985898,819,0,0
C076873,6104582,73254984,3303824,39645888,88924599,50639146,50639146,122092,783,0,0
C076874,2143521,25722252,744356,8932272,193817256,18891108,18891108,151851,772,0,0
C076875,3235490,38825880,1755490,21065880,462017296,37699532,13344445,106351,887,0,0
C076876,5372283,64467396,2446777,29361324,524941425,188521701,179462882,1065717,709,0,0
C076877,3668378,44020536,1236339,14836068,141287359,44764644,40057865,362934,848,0,0
C076878,2178390,26140680,833965,10007580,83335800,24436723,15788317,107869,750,0,0
C076879,5140813,61689756,4118864,49426368,418765380,43026522,27490430,530184,723,0,0
C076880,1800000,21600000,1074283,12891396,26535492,25666024,5674176,71121,791,0,0
C076881,6564878,78778536,1641220,19694640,236519725,61149007,48060439,255158,748,0,0
C076882,3690138,44281656,2414257,28971084,121796404,27795217,20263667,417498,724,0,1
C076883,3702183,44426196,1909994,22919928,332056300,23324871,22311356,215389,770,0,0
C076884,4501739,54020868,2765087,33181044,121763939,97695692,82213184,526891,887,0,0
C076885,6923064,83076768,3267230,39206760,171752132,100385265,86952789,244598,835,0,0
C076886,4534352,54412224,2456816,29481792,246748440,48145392,40511430,339874,778,0,0
C076887,4131691,49580292,2159322,25911864,143885498,60952998,38938247,237192,821,0,0
C076888,3844301,46131612,2168728,26024736,198057306,47542402,45331791,264562,702,1,1
C076889,3697217,44366604,2832604,33991248,145690147,56057706,52607653,639031,828,0,0
C076890,2979457,35753484,1914227,22970724,171669862,19440731,13384922,183276,698,0,0
C076891,1800000,21600000,1378501,16542012,22116605,32119157,30651294,330445,736,0,0
C076892,2892009,34704108,2335650,28027800,179351466,31607959,31607959,272405,763,0,0
C076893,4561083,54732996,3333582,40002984,355216085,264509883,246298482,1906291,729,0,0
C076894,4088307,49059684,1964227,23570724,154216457,36381156,33544080,362196,721,0,0
C076895,6967862,83614344,5145487,61745844,936333829,84617884,35275242,432216,671,0,0
C076896,6379550,76554600,2769485,33233820,450020840,31863441,28857762,172045,800,1,0
C076897,1800000,21600000,1122333,13467996,155447578,36669323,32572125,361162,622,1,0
C076898,3289899,39478788,2286479,27437748,168107841,87489924,62576628,492263,821,0,0
C076899,4266414,51196968,2202417,26429004,84512506,149556113,124255652,848135,722,1,0
C076900,5491146,65893752,2398728,28784736,345890339,71753339,64905387,1063298,828,0,0
C076901,2406120,28873440,1321305,15855660,53911672,11180017,11180017,116653,798,0,0
C076902,3293660,39523920,1781416,21376992,198068781,19294058,6984181,431113,705,0,0
C076903,4523466,54281592,2778302,33339624,630264848,46649779,31425904,282550,717,1,0
C076904,4654439,55853268,4089732,49076784,133984607,50248516,50248516,246329,761,0,0
C076905,4463642,53563704,2646088,31753056,82128674,46848899,32486154,560664,775,0,0
C076906,1800000,21600000,704882,8458584,52899768,16671830,15071330,301900,739,0,0
C076907,3101947,37223364,1614791,19377492,154956516,22123312,22123312,149285,806,0,0
C076908,2656221,31874652,1370130,16441560,194286803,21385800,20097276,177329,708,0,0
C076909,1800000,21600000,1185762,14229144,83798756,16063714,10933680,50000,873,0,0
C076910,12000000,144000000,6627148,79525776,1307341860,152110047,93873716,1039394,754,0,0
C076911,3121095,37453140,1864255,22371060,74717432,36753903,27384008,591468,782,0,0
C076912,4139510,49674120,2293227,27518724,481854055,33005471,32407219,231238,950,0,0
C076913,3393539,40722468,1501085,18013020,200407034,28278992,16037323,482724,702,1,1
C076914,7130641,85567692,4313182,51758184,127401063,48375843,37586454,142613,815,0,0
C076915,3664870,43978440,2087765,25053180,168614835,15518691,15518691,315420,718,0,0
C076916,4223217,50678604,2964478,35573736,216400958,122189347,102983433,946418,658,0,0
C076917,1800000,21600000,500591,6007092,89830243,31310509,22717159,290545,874,0,0
C076918,4235144,50821728,3290595,39487140,128602485,45122494,42543976,601486,742,0,0
C076919,4358467,52301604,2335614,28027368,324408599,22188296,22188296,234575,814,0,0
C076920,2353346,28240152,1441824,17301888,71244334,24731672,16844079,264820,847,0,0
C076921,5084791,61017492,1271198,15254376,192408734,88237004,77604183,648283,786,0,0
C076922,4290148,51481776,2649753,31797036,208785334,28851153,28851153,177943,810,0,0
C076923,3038299,36459588,1404402,16852824,58187166,55336041,55336041,435591,811,0,0
C076924,4193208,50318496,1288346,15460152,122750284,93091489,80486727,609878,803,0,0
C076925,9798727,117584724,3853944,46247328,405244609,563608099,529131258,3675205,644,0,1
C076926,1800000,21600000,1375290,16503480,193153625,44260488,35691425,286042,663,0,0
C076927,6017489,72209868,2679899,32158788,126037294,61216557,56695887,540427,861,0,0
C076928,1800000,21600000,1171657,14059884,45848722,18339619,15110895,141623,774,0,0
C076929,4658373,55900476,3271697,39260364,99293081,67647063,45205538,541175,705,0,0
C076930,9076160,108913920,4507396,54088752,206176807,79148340,56905011,649446,775,0,0
C076931,12000000,144000000,8816928,105803136,1663058242,125273253,123670606,1009898,696,0,0
C076932,2182743,26192916,1585324,19023888,366700824,76078504,76078504,611085,692,0,0
C076933,2761486,33137832,1780353,21364236,254786316,40788848,40788848,357075,802,0,1
C076934,7048101,84577212,4897876,58774512,378044135,238740283,232003404,1876076,746,0,0
C076935,3599566,43194792,2452666,29431992,169617545,18175785,18175785,379981,748,0,0
C076936,5466920,65603040,3306251,39675012,918442560,43809446,33869164,485839,750,0,0
C076937,3365109,40381308,1622624,19471488,266425881,78795314,69752807,388167,789,0,0
C076938,4013712,48164544,2116733,25400796,195512612,35819536,5055064,300606,736,1,1
C076939,4136192,49634304,2549546,30594552,499559916,90915383,79048696,464688,774,0,0
C076940,1800000,21600000,1201272,14415264,104205957,33216544,26844874,83539,802,0,0
C076941,7780193,93362316,4939131,59269572,184679795,71147654,59241793,679920,777,0,0
C076942,4187173,50246076,2439423,29273076,218524899,20049450,13122152,268897,786,0,0
C076943,4751905,57022860,3105644,37267728,140290310,85628799,59801540,607861,729,0,0
C076944,2101173,25214076,882032,10584384,132168694,12511064,8020388,105122,817,0,0
C076945,4454375,53452500,3325457,39905484,748335000,76902907,61412806,623927,754,0,0
C076946,2146978,25763736,1555941,18671292,59933887,39833436,26322901,236834,592,1,1
C076947,2179211,26150532,1407084,16885008,128503406,36330852,30320909,222336,757,0,0
C076948,3800469,45605628,996024,11952288,187547648,40463161,40463161,387312,910,0,0
C076949,2628052,31536624,1444157,17329884,217513200,19561245,12383227,285635,654,1,0
C076950,4172415,50068980,3245261,38943132,257584375,55673572,55673572,375734,731,0,0
C076951,3593410,43120920,3050993,36611916,140669393,29080174,14511125,282450,699,0,0
C076952,1990472,23885664,559754,6717048,51222046,35980151,21954411,205836,731,0,0
C076953,3401896,40822752,1884768,22617216,321789576,43536232,38033272,384381,706,1,1
C076954,6263189,75158268,2428535,29142420,617335817,99382350,97848080,648577,734,0,0
C076955,3883579,46602948,2681839,32182068,86127207,56027520,35211728,397231,713,0,0
C076956,4510690,54128280,2559694,30716328,75076860,41344182,29619652,398632,692,0,0
C076957,5991550,71898600,3598236,43178832,78376418,70315832,35266243,530134,676,0,0
C076958,4413585,52963020,2178606,26143272,90088836,142079518,133982803,839572,822,0,0
C076959,3955912,47470944,2322273,27867276,204695898,57433628,37917336,530177,765,0,0
C076960,4413064,52956768,2072137,24865644,677034214,150921728,150921728,736646,767,0,0
C076961,2685689,32228268,1193044,14316528,100029900,31765161,27459207,235533,857,0,0
C076962,2891577,34698924,2017676,24212112,125059846,37469441,36029052,157681,820,0,0
C076963,5110948,61331376,3451677,41420124,163371501,95701208,73600191,701868,687,0,0
C076964,4761512,57138144,1987196,23846352,67065254,127873543,124372699,815702,843,0,0
C076965,1953857,23446284,793510,9522120,188108613,29245969,22129100,148798,800,0,0
C076966,8938531,107262372,5726482,68717784,344246704,53564352,53564352,516169,754,1,0
C076967,4907417,58889004,1650136,19801632,507667963,42373999,22977657,360797,752,0,0
C076968,9934468,119213616,7578593,90943116,212894252,113926865,73311098,672852,767,0,0
C076969,3859881,46318572,3194289,38331468,325900901,41509290,38860333,259062,726,0,0
C076970,5290855,63490260,4216340,50596080,502564115,92607251,66740970,566392,654,0,0
C076971,4397977,52775724,3227252,38727024,704062123,37477468,37477468,568033,665,0,0
C076972,4260052,51120624,2452370,29428440,109182208,45587485,35583940,582371,791,0,0
C076973,4383312,52599744,2675113,32101356,116202811,33099722,13072023,228540,836,0,0
C076974,3941258,47295096,3232546,38790552,104664763,43225328,43225328,495126,796,0,0
C076975,4374362,52492344,3090718,37088616,150016334,61570803,32845768,440236,702,0,1
C076976,2350528,28206336,1490731,17888772,146426143,40885390,31490156,266975,782,0,0
C076977,4808273,57699276,2831969,33983628,807789864,46516842,28418951,96165,719,0,0
C076978,4796841,57562092,3182576,38190912,287293275,58906779,40959557,448920,807,0,0
C076979,7115909,85390908,2627891,31534692,218941101,65071104,31557973,588621,797,0,0
C076980,3389522,40674264,1553247,18638964,118473542,61684623,39120918,361843,778,0,0
C076981,4820374,57844488,3440697,41288364,161582498,52974398,44567330,422923,700,0,0
C076982,4685411,56224932,2413995,28967940,114381109,91494000,74885720,766453,740,0,0
C076983,6133393,73600716,4544815,54537780,215244359,193208686,161635953,1348163,813,1,0
C076984,5597582,67170984,3357155,40285860,745092041,67430686,67430686,847282,736,0,0
C076985,3723174,44678088,2936327,35235924,109545146,110799545,110799545,681839,802,0,0
C076986,3019404,36232848,1697446,20369352,195758048,56498882,42818429,327515,711,0,0
C076987,4403682,52844184,2304195,27650340,235759750,39315921,33252206,355254,829,0,0
C076988,5338502,64062024,2718099,32617188,373302760,164814060,164814060,1362571,759,1,0
C076989,5276142,63313704,4164285,49971420,437712477,48853867,48092616,726197,768,0,0
C076990,3541772,42501264,2863759,34365108,73246333,51572671,49750273,689550,770,2,1
C076991,6793924,81527088,3767242,45206904,185992870,27096578,25750363,159641,850,0,0
C076992,5792989,69515868,3648738,43784856,541973754,39347019,39347019,912892,838,0,0
C076993,2830714,33968568,2432470,29189640,159532648,135701349,134768943,960004,652,0,0
C076994,3986400,47836800,2681888,32182656,123450996,128365264,109380439,712471,769,0,0
C076995,3708196,44498352,1587841,19054092,271884933,22784782,20495547,275590,795,0,0
C076996,2420931,29051172,1208867,14506404,66112112,20195971,17737676,206759,779,0,0
C076997,3089074,37068888,1963046,23556552,518964432,38622975,26947937,394641,865,0,0
C076998,2649082,31788984,1596666,19159992,445045776,100197168,93879962,561455,804,0,0
C076999,9457483,113489796,5727289,68727468,1185893847,167111880,126862027,1559574,723,0,0
C077000,4454892,53458704,2153546,25842552,59263178,112817443,94379472,559529,902,0,0
C077001,4807173,57686076,2678369,32140428,237552347,53915371,52809710,476378,768,1,0
C077002,1800000,21600000,1171160,14053920,137987441,47543962,41487786,467439,813,0,0
C077003,2865238,34382856,1700101,20401212,343739468,17741910,17741910,425206,742,0,0
C077004,5892850,70714200,3971085,47653020,372153618,101624105,78955401,569518,779,0,0
C077005,3129494,37553928,2466971,29603652,70659786,34198262,14731970,337654,682,2,0
C077006,2618871,31426452,1992585,23911020,139665503,23566695,17037898,153228,777,0,0
C077007,3375656,40507872,2102294,25227528,87044252,20352796,14659539,302041,807,0,0
C077008,3686896,44242752,2419274,29031288,55089663,54740781,44328543,297683,806,1,0
C077009,3780318,45363816,1365382,16384584,543364359,41582520,36916066,296227,747,1,1
C077010,5755780,69069360,3855562,46266744,76214408,33690778,22043554,626434,760,0,0
C077011,3713493,44561916,1957017,23484204,169764777,49082810,49082810,126033,761,0,0
C077012,3977323,47727876,3135802,37629624,400513083,85609261,60466998,569391,762,0,0
C077013,3032487,36389844,1494299,17931588,217435188,63129892,52249842,364464,754,0,0
C077014,2995073,35940876,1646624,19759488,123164688,19180730,19180730,371735,787,2,0
C077015,4079756,48957072,1645954,19751448,324446413,80142039,45562880,440866,747,0,0
C077016,3242055,38904660,2543385,30520620,82436834,21756630,8708779,206222,793,1,0
C077017,3980741,47768892,1936177,23234124,248451958,46724504,20434313,238361,800,0,0
C077018,2647999,31775988,1495027,17940324,113906668,22936629,22936629,224628,760,0,0
C077019,3232736,38792832,1776390,21316680,28868937,37449625,30970148,231814,881,0,0
C077020,6836206,82034472,3499765,41997180,1071153674,88172846,76992693,803335,747,1,0
C077021,2332286,27987432,1345454,16145448,50445413,17529439,12398624,224489,799,0,0
C077022,6881539,82578468,3727524,44730288,346544833,133468298,125135409,767684,763,1,0
C077023,2256581,27078972,564145,6769740,109062671,70126803,63591484,578639,866,0,0
C077024,9077724,108932688,5719156,68629872,417029703,43712855,43712855,181554,806,0,0
C077025,3503398,42040776,2266447,27197364,158997767,71366940,69888045,545314,663,0,0
C077026,4584508,55014096,2570284,30843408,200688430,81069183,64203559,761344,763,0,0
C077027,9032723,108392676,4499627,53995524,676239256,72849151,29968385,828769,751,0,0
C077028,3762363,45148356,1871255,22455060,251598755,44240882,42068412,642318,717,0,1
C077029,3314453,39773436,1207263,14487156,167647391,32612234,32612234,432939,749,1,0
C077030,5175895,62110740,3857756,46293072,116026891,60211898,38099637,507390,746,0,0
C077031,4966731,59600772,2682429,32189148,201894822,58556503,13241495,181201,791,1,0
C077032,4969002,59628024,3535424,42425088,329697318,62045098,36488629,285500,804,0,0
C077033,3471675,41660100,1643312,19719744,33465460,28189976,15840885,199636,741,0,0
C077034,4662656,55951872,1816203,21794436,218710754,40235381,40235381,550968,842,0,0
C077035,2846257,34155084,1791449,21497388,199939475,8176939,7627004,56925,844,0,0
C077036,3387580,40650960,1802694,21632328,116471979,175849984,175849984,1112541,695,1,1
C077037,3840820,46089840,2574775,30897300,162534007,73117606,41233159,303148,802,0,0
C077038,3391391,40696692,2223040,26676480,88937225,34075871,26958024,228790,736,0,0
C077039,3470665,41647980,1779765,21357180,177827034,48077023,33145184,391020,838,0,0
C077040,3989715,47876580,2245894,26950728,419777390,67257647,38329048,441579,725,1,0
C077041,5614912,67378944,3435918,41231016,481834303,41220657,33782337,175281,791,1,0
C077042,1800000,21600000,866680,10400160,93785157,15825116,11424298,207884,822,0,0
C077043,7884660,94615920,4759708,57116496,168361137,148563849,121387049,714534,773,0,0
C077044,3898668,46784016,2119435,25433220,122830880,37528856,19997901,457059,807,0,0
C077045,4706736,56480832,2264047,27168564,166951202,66511411,43028636,530267,833,0,0
C077046,5278755,63345060,4197403,50368836,282115806,75985948,66769011,555921,750,0,0
C077047,1958202,23498424,1089743,13076916,175522950,25799169,17796536,145319,796,0,0
C077048,6674043,80088516,3722247,44666964,156104986,82971864,70349142,750392,861,0,0
C077049,3708083,44496996,2057243,24686916,239431688,42293911,30821198,542937,725,0,0
C077050,2459222,29510664,1166315,13995780,187419513,22786517,12892706,197744,799,1,1
C077051,4234002,50808024,2681371,32176452,184214116,156655014,148215086,951139,746,0,0
C077052,1989769,23877228,756350,9076200,99498899,53960663,47386690,320080,721,1,0
C077053,2574691,30896292,1330696,15968352,110622270,19496074,12865939,239458,886,0,0
C077054,7316971,87803652,4224878,50698536,167759348,81697783,46252769,1104183,751,0,0
C077055,4883755,58605060,2473944,29687328,248951528,62452629,37644417,835679,866,1,0
C077056,8177856,98134272,4033697,48404364,177773614,77322257,56835764,570622,779,0,0
C077057,3479250,41751000,2621625,31459500,303406275,116664440,100442612,726685,720,0,0
C077058,4816612,57799344,3160359,37924308,628082326,30873961,21585828,517605,769,1,0
C077059,3838316,46059792,2002824,24033888,50496326,21225383,14605833,453490,827,0,0
C077060,5609713,67316556,3307685,39692220,48255640,99620855,69592879,585096,770,0,0
C077061,2367031,28404372,1358725,16304700,237452140,34423483,26789189,127690,761,0,0
C077062,2096724,25160688,1213750,14565000,47395050,54624343,49104517,439286,687,0,0
C077063,2923836,35086032,1417103,17005236,74449002,32746752,32746752,417508,919,0,0
C077064,2059450,24713400,1083901,13006812,42442431,23774398,17470102,167217,824,0,1
C077065,2772415,33268980,2071981,24863772,120961448,34619503,17507871,94119,726,0,0
C077066,4015661,48187932,2390680,28688160,235855346,20305017,13519456,80313,821,0,0
C077067,5871264,70455168,4365628,52387536,55344646,175680248,149209846,1175797,636,1,0
C077068,4457485,53489820,2931929,35183148,64264616,35433828,17642953,344366,819,0,0
C077069,6178990,74147880,1686830,20241960,74358784,14330023,14330023,148732,835,0,0
C077070,5644578,67734936,1750391,21004692,51987820,47819094,33998940,233568,814,0,1
C077071,3874282,46491384,1871206,22454472,116047536,27690235,27690235,77486,820,1,0
C077072,3313776,39765312,1327186,15926232,89618901,29098916,29098916,445715,831,0,0
C077073,7193821,86325852,4709257,56511084,108558788,85594030,85594030,960134,826,1,0
C077074,3769997,45239964,2174604,26095248,453987093,37432422,37290077,516950,829,0,0
C077075,5069871,60838452,3333329,39999948,122375222,72062116,72062116,332727,903,0,0
C077076,3408110,40897320,1902334,22828008,363433266,23776392,16441634,95223,724,0,0
C077077,6855822,82269864,4024992,48299904,666652565,150280049,131332682,1070535,779,0,0
C077078,6430292,77163504,3410590,40927080,202354996,61366365,34205874,298478,637,0,0
C077079,2509620,30115440,1791602,21499224,116462397,20120226,10458311,298382,723,0,1
C077080,2775394,33304728,1702948,20435376,96558960,44434399,40722277,367676,758,0,0
C077081,2151947,25823364,1170513,14046156,104871331,28879893,27782910,249672,785,0,0
C077082,6642739,79712868,2831046,33972552,169742096,98899915,63368434,449499,826,0,0
C077083,4717623,56611476,2954797,35457564,183855896,19642969,12752562,459306,843,0,0
C077084,5120427,61445124,2529924,30359088,710673039,70417804,70417804,794606,761,0,0
C077085,7165123,85981476,2763963,33167556,50257909,60687217,39881787,307176,746,0,0
C077086,4616114,55393368,1753710,21044520,99091284,82306961,77361900,489560,878,0,0
C077087,2368818,28425816,1216844,14602128,133257864,25441919,18667524,381090,771,0,0
C077088,6083254,72999048,3018343,36220116,155541557,102420553,78326969,535635,717,0,0
C077089,2815156,33781872,1760266,21123192,157599728,31854205,27484206,336319,784,0,0
C077090,3092909,37114908,2388523,28662276,98690496,89785931,82578646,669040,721,2,0
C077091,5388688,64664256,3039254,36471048,164369719,209467231,187277973,1489857,822,0,0
C077092,2812425,33749100,1505449,18065388,139245968,63901385,46112876,419057,752,0,0
C077093,7063202,84758424,4149437,49793244,157984383,94514190,62049784,588901,771,0,0
C077094,3686803,44241636,2607829,31293948,295445740,120751684,114001642,794350,729,0,0
C077095,2827634,33931608,2226200,26714400,64708641,24586475,24586475,395875,710,0,0
C077096,3827163,45925956,2819109,33829308,91886810,16634545,16634545,207661,790,0,0
C077097,4676344,56116128,2354835,28258020,273302084,78461832,57322920,320607,795,0,0
C077098,3344788,40137456,2446056,29352672,74928909,46014520,38236153,351157,817,0,0
C077099,6730194,80762328,4196094,50353128,627155727,36333438,36333438,423656,741,0,0
C077100,3423157,41077884,1551496,18617952,142344055,34562759,15461016,262224,864,0,0
C077101,4011389,48136668,3276714,39320568,98015575,31448913,11430314,315963,795,0,0
C077102,4682819,56193828,2219320,26631840,248222963,91292988,87356676,789286,687,0,0
C077103,3779073,45348876,1934197,23210364,157105106,48128714,43937348,571883,730,0,0
C077104,1800000,21600000,1003919,12047028,56696758,17315906,17315906,197489,748,0,1
C077105,3202747,38432964,1763465,21161580,124989266,57882598,54288539,452057,770,0,0
C077106,2907240,34886880,1797829,21573948,38149800,24696246,16500368,324154,787,0,0
C077107,2962832,35553984,2450383,29404596,47430345,29452454,21138767,468840,654,0,0
C077108,2485873,29830476,1554762,18657144,156533390,33108897,33108897,457700,665,2,0
C077109,5039526,60474312,3649694,43796328,469505715,49707294,47633108,849262,699,0,0
C077110,9235572,110826864,5826168,69914016,123424905,81874132,81874132,502526,786,0,0
C077111,4665809,55989708,2261207,27134484,177643704,43258836,24770621,267337,732,0,0
C077112,5186275,62235300,3118667,37424004,242869031,106563411,81865503,978967,725,0,0
C077113,5701663,68419956,4096940,49163280,381970967,76779212,46272417,471981,721,1,0
C077114,4086608,49039296,2234759,26817108,203327025,29807417,20162544,137265,776,0,0
C077115,3948517,47382204,1980207,23762484,201012342,59175239,53834530,742989,719,0,0
C077116,2146087,25753044,1803959,21647508,121024881,8020679,4683685,50000,760,0,0
C077117,4975779,59709348,2818507,33822084,225441766,117876716,89056200,1023605,629,2,1
C077118,3115996,37391952,1951119,23413428,70030161,44735174,44735174,511642,698,0,0
C077119,3761826,45141912,1812341,21748092,101047372,11807049,11807049,371171,851,1,0
C077120,2979146,35749752,2133359,25600308,133100548,19227878,18701845,138347,825,0,0
C077121,5838215,70058580,2549105,30589260,978474782,128573844,97490556,641179,782,0,0
C077122,3128649,37543788,1666827,20001924,525613032,12394222,9516394,208436,800,0,0
C077123,2270178,27242136,1079319,12951828,121842090,15210686,10716068,96252,802,0,0
C077124,3167749,38012988,1913222,22958664,291779587,33558722,33558722,465710,731,0,0
C077125,3502008,42024096,2044934,24539208,151802746,119875281,103718058,622248,666,0,0
C077126,3229607,38755284,2675428,32105136,45973277,36990129,36990129,302375,843,0,0
C077127,6087444,73049328,3275293,39303516,81434169,87468746,81859888,634719,836,0,0
C077128,4195625,50347500,2392133,28705596,201321726,56850836,52379435,360977,769,0,0
C077129,2695742,32348904,2256578,27078936,147417292,43777997,29271662,214822,712,0,0
C077130,3554953,42659436,1714112,20569344,514726213,45867395,44134783,563494,705,1,0
C077131,2207410,26488920,1866356,22396272,73393654,12407539,5559436,50000,777,0,0
C077132,6073400,72880800,3996620,47959440,279481451,137798106,133002949,834450,719,0,0
C077133,3906925,46883100,2538999,30467988,378687495,46974485,26191404,275742,784,0,0
C077134,5277939,63335268,4420192,53042304,243401170,55880657,25267397,625669,739,1,0
C077135,3439922,41279064,1789453,21473436,143889480,88033518,67573529,667208,674,0,1
C077136,3946621,47359452,3379462,40553544,263450807,47105301,27014236,469072,611,1,1
C077137,4955719,59468628,3581354,42976248,327300597,50681580,50681580,389552,732,1,0
C077138,5532909,66394908,2464783,29577396,256228553,50120226,39246356,282607,713,0,1
C077139,2909381,34912572,2086329,25035948,43881740,147499089,120601860,1011590,654,0,0
C077140,1800000,21600000,865606,10387272,55679670,35592716,35592716,186873,793,0,0
C077141,5239584,62875008,2099392,25192704,270858821,34868657,34868657,991149,753,0,0
C077142,5309745,63716940,2754452,33053424,384419914,87463601,76729271,286793,779,0,0
C077143,1800000,21600000,826185,9914220,71672098,13846325,12699275,118747,828,0,0
C077144,7007050,84084600,2868416,34420992,1047481227,164397644,114751716,563531,833,0,0
C077145,5804854,69658248,3166259,37995108,489298763,53857458,47764039,498827,821,0,0
C077146,4143210,49718520,2121535,25458420,158466989,26074243,26074243,82864,754,0,0
C077147,3368434,40421208,1561336,18736032,214025083,38024810,38024810,449472,878,0,0
C077148,9160598,109927176,4046825,48561900,184957796,132672548,85510039,1515608,872,0,0
C077149,1802991,21635892,884780,10617360,34650924,18543823,18543823,200299,904,0,0
C077150,4698950,56387400,2505794,30069528,162207865,117613257,102037641,1045384,759,0,0
C077151,2880799,34569588,1404439,16853268,217983956,21201870,20830790,274554,800,0,0
C077152,5087185,61046220,4174075,50088900,236336199,56338605,54357031,230927,835,0,0
C077153,2705351,32464212,1866918,22403016,56001772,37557379,26039869,431835,743,0,0
C077154,4707573,56490876,2962264,35547168,35853549,87328681,81647776,403167,760,0,0
C077155,2006698,24080376,1094413,13132956,42631827,31096561,27972119,270078,671,1,0
C077156,3737832,44853984,3378334,40540008,530161623,24170132,20625855,74757,730,0,0
C077157,3099970,37199640,1393029,16716348,89804303,43796035,19662546,236709,779,0,0
C077158,4079180,48950160,2724479,32693748,73789558,27255267,24243403,92502,827,0,0
C077159,6414294,76971528,2763031,33156372,352976617,101875009,101875009,388015,783,0,0
C077160,6254737,75056844,4364047,52368564,193643735,22817426,21688490,712649,761,0,0
C077161,9791143,117493716,4414864,52978368,1001689574,161847304,143395513,1465722,791,0,0
C077162,1800000,21600000,1267606,15211272,55253407,14767662,9086702,170413,841,0,0
C077163,4015800,48189600,1967370,23608440,123813456,82641979,51952327,619876,675,0,0
C077164,4313134,51757608,4119548,49434576,336371684,40134318,30682804,343907,685,0,0
C077165,5412931,64955172,3413082,40956984,98902684,76267790,47394501,310017,930,0,0
C077166,8623218,103478616,5937548,71250576,188615397,122067934,85966640,1158944,713,0,0
C077167,6557422,78689064,5342537,64110444,655866564,57816949,53777233,452411,785,0,0
C077168,5933959,71207508,3949144,47389728,405915192,44335325,13384769,516158,798,1,0
C077169,5916784,71001408,3279466,39353592,102396530,76211342,76211342,990410,704,1,0
C077170,5494010,65928120,3174501,38094012,640188834,58430405,42281427,423543,828,0,0
C077171,8276377,99316524,4865117,58381404,227371831,139106426,110536718,1052895,715,1,0
C077172,4253566,51042792,2550229,30602748,104580657,183756338,169405196,1231183,771,0,0
C077173,7461803,89541636,4731758,56781096,647506369,45502927,26808681,149236,829,0,0
C077174,2261797,27141564,1581722,18980664,143797052,25781679,23146251,176856,753,0,0
C077175,3147485,37769820,1789396,21472752,138318295,40623535,15474185,62950,842,0,0
C077176,2558327,30699924,1282606,15391272,147148023,22493937,11203578,175719,760,0,0
C077177,5932585,71191020,4559498,54713976,116402079,67574739,28922420,650706,790,0,0
C077178,2563558,30762696,1014180,12170160,85981969,20288368,5973457,89301,801,0,0
C077179,2650754,31809048,1542544,18510528,40980864,7608535,4894740,212485,813,0,0
C077180,3692869,44314428,3018283,36219396,161168722,88235366,56082945,619317,634,1,1
C077181,5467541,65610492,2684243,32210916,906612272,110716011,97097047,1024013,732,0,0
C077182,4495630,53947560,2636140,31633680,299541652,132356244,123580830,700489,834,0,0
C077183,1800000,21600000,928898,11146776,79975133,46947326,37300574,231177,832,1,0
C077184,4791195,57494340,2848700,34184400,641306215,94522445,74380881,684690,692,2,0
C077185,3854165,46249980,2467200,29606400,256272902,79317873,71853721,681352,828,0,0
C077186,5023284,60279408,2664179,31970148,136739430,55249297,52753552,381184,696,0,0
C077187,1800000,21600000,1361755,16341060,90617431,41179907,37070180,365429,686,0,0
C077188,6028557,72342684,3900364,46804368,625306667,79510017,56847334,655389,819,1,0
C077189,4288241,51458892,1072060,12864720,282951026,45844529,45844529,248625,814,0,0
C077190,5329549,63954588,3595555,43146660,132155179,55797290,55797290,561801,842,0,0
C077191,6230946,74771352,3651100,43813200,231759654,197285876,167914534,1351798,683,0,0
C077192,8873509,106482108,4761037,57132444,581763355,180897448,109756571,1173837,724,0,0
C077193,3064731,36776772,1591358,19096296,75256834,89699786,86091635,685406,716,0,0
C077194,2281149,27373788,1302856,15634272,43267264,26175423,20680971,205142,848,0,0
C077195,2099850,25198200,1302841,15634092,168215880,17125270,13519946,176231,871,0,0
C077196,3160127,37921524,2230427,26765124,246145098,29981001,15725090,243398,781,0,0
C077197,4365860,52390320,2697430,32369160,86916929,25519739,20353312,185288,778,0,0
C077198,2731616,32779392,1738754,20865048,167820569,156097176,147507264,989161,721,0,0
C077199,3070884,36850608,1099425,13193100,109926890,39594373,25386442,90513,844,0,0
C077200,3661872,43942464,2070476,24845712,110316591,32673404,23374029,448144,830,0,0
C077201,2810569,33726828,1343949,16127388,182332863,29479852,29479852,252641,742,0,0
C077202,3007616,36091392,1420285,17043420,151056806,41991714,25813490,305924,855,0,0
C077203,2693065,32316780,1579296,18951552,96354660,36707801,35634243,376680,724,0,0
C077204,7840544,94086528,3987943,47855316,318869249,99900429,99900429,1081049,766,0,0
C077205,3029110,36349320,1760013,21120156,78972409,37853004,30661892,563671,656,0,0
C077206,6628123,79537476,4144510,49734120,133152143,60428000,36715663,421003,823,0,0
C077207,6074526,72894312,3070723,36848676,278824003,32754349,32754349,457299,776,0,0
C077208,3745555,44946660,1503286,18039432,82654004,85926171,73238104,464585,738,0,0
C077209,11340164,136081968,8347518,100170216,338671977,154474529,96843146,999003,731,0,0
C077210,6250159,75001908,3880999,46571988,139524400,66675431,60617148,837223,796,0,0
C077211,2910432,34925184,2129506,25554072,300815072,51957235,51957235,233747,838,1,0
C077212,2731407,32776884,1309893,15718716,57105113,27181798,18163411,164611,792,0,0
C077213,2945329,35343948,1635882,19630584,162140695,30627297,23494586,359407,761,0,0
C077214,4695064,56340768,3636260,43635120,176231678,234977989,214747000,1707753,637,1,1
C077215,6450123,77401476,2931991,35183892,103251106,82612106,67906118,609400,783,0,0
C077216,2927350,35128200,1404200,16850400,81750390,33181818,33181818,295870,799,0,0
C077217,9972767,119673204,5106425,61277100,814651645,338508903,318930401,2140806,735,0,1
C077218,4899995,58799940,2894653,34735836,423146085,122076486,88438369,712805,760,0,0
C077219,3682147,44185764,2373810,28485720,109251318,72092871,72092871,573459,756,1,0
C077220,3896594,46759128,2359623,28315476,397402079,30676747,22303027,163013,793,1,0
C077221,5834656,70015872,3217401,38608812,138014771,128130978,118979954,986898,708,0,0
C077222,1800000,21600000,1371165,16453980,261186537,32718391,29160777,278787,769,0,0
C077223,4788519,57462228,2336365,28036380,107301168,92701695,75362617,488650,826,0,0
C077224,4855262,58263144,3983939,47807268,303912679,130448267,130448267,1360968,716,0,0
C077225,4905663,58867956,2765618,33187416,509962896,99200566,83002763,417407,710,0,0
C077226,3860153,46321836,2475046,29700552,247866757,49344240,49344240,380819,828,0,0
C077227,4077490,48929880,3245830,38949960,213314471,57932176,48531028,574031,811,0,0
C077228,2604063,31248756,1305517,15666204,144578285,18821062,18821062,193707,769,0,0
C077229,3148849,37786188,2014239,24170868,103497013,31756931,31756931,285541,828,0,0
C077230,2030943,24371316,825556,9906672,177260231,20296244,6581302,123533,844,0,0
C077231,3606745,43280940,2135732,25628784,77485852,49173147,37422008,307610,781,0,0
C077232,1800000,21600000,1207124,14485488,56941887,15311000,9920301,50000,731,0,0
C077233,3110649,37327788,1850549,22206588,89282494,128999989,121076897,707605,829,0,0
C077234,2396279,28755348,993558,11922696,156083815,42346206,28600618,297024,900,0,0
C077235,2084859,25018308,1209103,14509236,40697189,37011887,18733611,104745,807,0,0
C077236,5293763,63525156,3982127,47785524,113846683,114755306,96111876,930124,748,0,0
C077237,3279375,39352500,1657313,19887756,315264589,22402597,18704871,313861,806,0,0
C077238,12000000,144000000,6537496,78449952,573954568,69790854,69790854,503427,766,0,0
C077239,4720895,56650740,3174807,38097684,271156797,55028386,37871730,608931,768,0,0
C077240,4721774,56661288,2308063,27696756,317194419,128439965,102151107,714413,620,0,0
C077241,4285647,51427764,2416838,29002056,309167853,42343445,37670758,402067,802,0,0
C077242,2888746,34664952,1252834,15034008,196546114,35028385,30010407,216393,901,0,0
C077243,4520385,54244620,3530430,42365160,98599628,113592639,83171830,830679,727,0,0
C077244,4194768,50337216,2235897,26830764,170341422,48020899,27193069,390999,792,0,0
C077245,4357110,52285320,2840199,34082388,298106406,40498002,34514170,446291,818,0,0
C077246,5603974,67247688,4739834,56878008,346790216,56568674,41066286,482506,710,1,0
C077247,2890287,34683444,2209921,26519052,485568216,86198346,84756978,300249,714,0,0
C077248,2106501,25278012,1145102,13741224,53433235,34235790,18953984,251388,807,0,0
C077249,3114154,37369848,2176152,26113824,74781227,33946799,31022875,189571,756,0,0
C077250,6708636,80503632,3001655,36019860,263739512,50763635,34980665,419836,821,0,0
C077251,2648523,31782276,1223036,14676432,363284590,16890530,15077927,159482,834,0,0
C077252,3346710,40160520,2179290,26151480,99409257,35627831,23393351,284574,780,0,0
C077253,4128945,49547340,1879684,22556208,89947496,83808631,81752398,730875,750,0,0
C077254,8534275,102411300,6906903,82882836,719386637,110671649,84309256,1228885,769,0,0
C077255,4826813,57921756,3371164,40453968,61940986,68813270,51689103,322282,786,0,0
C077256,3515803,42189636,972369,11668428,403093987,57854509,47426555,211565,754,0,0
C077257,4759752,57117024,2980985,35771820,137122598,91519640,66561153,768115,756,0,0
C077258,4501508,54018096,4089809,49077708,109682256,34661377,22652206,204172,723,0,0
C077259,5350683,64208196,1883216,22598592,334242159,87240912,77492595,842027,752,0,0
C077260,2495814,29949768,1397902,16774824,179188675,42392234,39342188,364929,886,1,0
C077261,3863714,46364568,1332542,15990504,215246189,38644708,38644708,397474,842,0,0
C077262,7439364,89272368,3355766,40269192,667058708,48262502,48262502,402020,822,0,0
C077263,4769335,57232020,3390959,40691508,365932175,80569591,56874702,594115,678,0,0
C077264,7279056,87348672,2679484,32153808,123357314,93667825,68041696,681373,797,0,0
C077265,2271570,27258840,1810843,21730116,105643241,122664780,122664780,747824,638,0,1
C077266,2164101,25969212,1156152,13873824,100958922,15907996,14479464,288907,923,0,0
C077267,8401221,100814652,3676140,44113680,392975390,171983419,131994905,1065310,726,1,0
C077268,4693224,56318688,2577817,30933804,549683670,52762378,9125897,261499,748,0,0
C077269,4268708,51224496,3194566,38334792,62865203,158978704,158978704,1222025,763,0,1
C077270,2819554,33834648,1568534,18822408,167962807,152255916,152255916,1007156,728,0,0
C077271,6297506,75570072,4718627,56623524,254733943,39192132,30279535,671114,837,0,0
C077272,5482021,65784252,4326838,51922056,82662872,104672350,104672350,387177,850,0,0
C077273,5517440,66209280,3470832,41649984,373043574,308107883,297941760,1939846,668,0,1
C077274,6443064,77316768,4087714,49052568,634055752,84777270,62523445,413273,671,0,0
C077275,8549163,102589956,6245318,74943816,599716137,209932131,162088856,1081735,713,0,0
C077276,4347287,52167444,3522120,42265440,199901701,53076955,23578883,441486,632,0,0
C077277,4239771,50877252,2335812,28029744,574744942,23626367,23626367,116555,770,0,0
C077278,3147213,37766556,2273886,27286632,286702484,30901148,22150233,174104,739,0,0
C077279,4007691,48092292,2354569,28254828,83821458,92992937,85844602,655788,785,0,0
C077280,6208705,74504460,4026894,48322728,566604930,181709903,164779402,1300488,749,0,0
C077281,8459042,101508504,5278446,63341352,577610681,167946962,147201296,960763,730,0,0
C077282,3802176,45626112,1930932,23171184,294092332,41927828,40884703,330083,871,0,0
C077283,4653278,55839336,1971920,23663040,781750704,54505152,37485050,445423,784,0,0
C077284,2459589,29515068,1931162,23173944,84787059,17723423,14518186,301373,849,0,0
C077285,6740792,80889504,4372851,52474212,176070160,84755705,83543230,735746,747,0,0
C077286,3855440,46265280,2257748,27092976,42498764,74445932,58917256,506180,754,0,0
C077287,4256281,51075372,2301150,27613800,112290209,135224818,119781285,712355,778,0,0
C077288,4887773,58653276,3054693,36656316,390069781,62859725,29251920,909139,645,1,0
C077289,4248995,50987940,1837469,22049628,713831160,6107047,6107047,235791,824,0,0
C077290,3509851,42118212,2014153,24169836,262876001,68480407,46500445,454018,841,0,0
C077291,9336025,112032300,5650506,67806072,248361781,112369747,85582631,888057,812,1,1
C077292,2805589,33667068,2269866,27238392,202218167,64192274,57863567,555353,621,1,1
C077293,7067197,84806364,3926390,47116680,319798592,263509182,222050275,917915,782,0,0
C077294,7546523,90558276,7178536,86142432,144437478,206612114,206612114,1546588,664,0,1
C077295,5803344,69640128,3629257,43551084,155275572,83636470,54947789,1069017,804,0,0
C077296,2571195,30854340,1771001,21252012,220120091,29122147,24927818,261215,633,1,0
C077297,7403531,88842372,2039997,24479964,72975988,80114519,80114519,849214,743,0,0
C077298,5182762,62193144,2297349,27568188,314541024,96103468,64403116,919333,919,0,0
C077299,6124439,73493268,2254269,27051228,199783262,88152644,74768276,709335,826,0,0
C077300,2311820,27741840,1442788,17313456,33700975,20676549,15513281,212332,760,0,0
C077301,3909690,46916280,1831740,21980880,235330155,24564950,20815648,198693,775,0,0
C077302,1823407,21880884,912583,10950996,189531228,32514345,28376162,409608,766,1,0
C077303,5729358,68752296,2089375,25072500,382476201,78743223,65137359,759841,793,0,0
C077304,6677659,80131908,2430644,29167728,378656660,70857382,64778393,598138,834,0,0
C077305,2774843,33298116,1707040,20484480,124603093,21611935,21611935,303530,753,0,0
C077306,3283038,39396456,2007277,24087324,237990829,64299554,42213207,381660,900,0,0
C077307,5144259,61731108,3136113,37633356,180874005,178130756,163922706,1223676,729,0,0
C077308,6704044,80448528,3980078,47760936,275337328,107213912,83495153,496088,745,1,0
C077309,9024408,108292896,4499185,53990220,301801788,100846895,83036239,993267,815,1,0
C077310,6156462,73877544,3699202,44390424,204283624,188179481,133974864,1405282,831,0,0
C077311,4253520,51042240,3098277,37179324,124849276,80731543,58332377,817379,863,0,0
C077312,4512483,54149796,3592165,43105980,64074590,182858736,151380745,762831,634,1,0
C077313,3914916,46978992,2061331,24735972,247753468,69766318,52220539,447412,828,0,0
C077314,2584835,31018020,1585004,19020048,143974953,12258550,5321112,113418,795,0,0
C077315,4818295,57819540,2026506,24318072,137216676,49565360,32141978,310284,714,0,0
C077316,3244154,38929848,2618218,31418616,306945568,47531275,25679031,171414,733,0,0
C077317,2908014,34896168,1913719,22964628,71498881,16871384,11312450,177499,809,1,0
C077318,6271591,75259092,3187501,38250012,99779323,82832540,63990788,779336,839,0,0
C077319,3494446,41933352,2161019,25932228,574526677,19107376,11955179,69889,829,0,0
C077320,8136449,97637388,4054927,48659124,286899087,79271029,46265044,209868,764,0,0
C077321,4936253,59235036,3898507,46782084,829290504,68767903,68767903,684246,767,1,0
C077322,11217305,134607660,9461265,113535180,252539418,145221252,127131951,1323532,737,2,0
C077323,3665065,43980780,1523471,18281652,261009242,69993724,69993724,818366,833,0,0
C077324,2582991,30995892,1420166,17041992,101447657,11654021,11654021,132333,807,0,0
C077325,4084298,49011576,2628566,31542792,90022587,50177461,44678104,153929,822,0,0
C077326,2539015,30468180,1317829,15813948,189254805,57099474,52780268,382375,686,1,0
C077327,5007690,60092280,2643771,31725252,194947627,55916212,28821720,362557,763,0,0
C077328,2417865,29014380,998968,11987616,133590377,18543044,12235183,135982,820,0,0
C077329,1823968,21887616,1069374,12832488,32947594,8562745,3312183,109599,808,0,0
C077330,5868606,70423272,4074858,48898296,475872875,59132517,58833839,340447,809,0,0
C077331,2930198,35162376,1672181,20066172,145983793,25063908,25063908,128671,837,0,0
C077332,6531311,78375732,4191279,50295348,479057708,104599248,65835212,548076,747,0,0
C077333,2243892,26926704,1345027,16140324,111438571,17473551,17473551,299577,802,0,0
C077334,1800000,21600000,964032,11568384,28124337,14254166,14254166,94985,899,0,0
C077335,3515256,42183072,3306518,39678216,150387375,39024675,34100542,331540,885,0,0
C077336,4932825,59193900,2879740,34556880,152019152,42144334,42144334,422440,730,0,0
C077337,1903738,22844856,1175740,14108880,48630349,20218227,14753138,216480,706,1,0
C077338,6564726,78776712,1993745,23924940,418694283,84572612,82238590,561356,765,0,0
C077339,4144224,49730688,1964802,23577624,206384861,23977992,15155047,334759,771,0,0
C077340,2056302,24675624,1519656,18235872,61427643,44020048,43186690,295555,753,0,0
C077341,12000000,144000000,6540752,78489024,647644850,231827665,231827665,1075109,803,0,0
C077342,3374815,40497780,1506166,18073992,162083394,63428641,45926204,493693,694,1,0
C077343,8307201,99686412,7319822,87837864,124006409,112395292,79250147,1016544,694,0,0
C077344,3908396,46900752,2744786,32937432,321969212,57198893,30834765,239591,693,0,0
C077345,8494334,101932008,4576077,54912924,648647883,120919000,119307920,1371817,729,0,0
C077346,5131859,61582308,2450827,29409924,103241845,72572423,72572423,571725,880,0,0
C077347,3465402,41584824,2086379,25036548,582187536,59517170,48821839,425440,795,0,0
C077348,4536805,54441660,3574499,42893988,100667607,115415373,89773205,728512,792,0,0
C077349,4800764,57609168,2277833,27333996,272412784,48281190,41175824,315740,777,1,0
C077350,5546777,66561324,2855161,34261932,137526282,30836195,25897738,449840,826,0,0
C077351,4034975,48419700,2379967,28559604,91449550,50757085,50757085,578970,754,0,0
C077352,4358517,52302204,3056916,36682992,260268604,51245226,51245226,559823,763,0,0
C077353,2594667,31136004,1292754,15513048,76361914,53932357,39483891,473303,758,1,0
C077354,5633935,67607220,2758249,33098988,87906801,27567246,27567246,497710,875,1,0
C077355,3700495,44405940,2346938,28163256,352089930,58823262,38430960,177616,723,0,0
C077356,4786624,57439488,3618079,43416948,133310942,122111785,112403766,995696,680,0,1
C077357,5555727,66668724,3663909,43966908,533265881,93588661,63724622,670402,782,0,0
C077358,9064626,108775512,4546829,54561948,148275734,46191444,37468236,717352,842,0,0
C077359,4452997,53435964,2370230,28442760,145996974,82197181,76360397,1004691,622,0,0
C077360,3676872,44122464,1833932,22007184,84911892,34707282,17221350,144932,832,0,0
C077361,2632471,31589652,1425036,17100432,23510766,39898136,28497871,64370,822,0,0
C077362,3052405,36628860,1164227,13970724,110896088,12927325,12927325,61048,785,1,0
C077363,1905027,22860324,1252490,15029880,71546129,36109475,29721384,181886,769,0,0
C077364,9866990,118403880,6927767,83133204,533392157,108816102,53721289,1395775,738,0,0
C077365,2444004,29328048,1580491,18965892,191645444,22425491,11671751,251533,718,0,0
C077366,5617469,67409628,2892028,34704336,437672078,72848561,39160775,669289,704,0,0
C077367,4443979,53327748,2824579,33894948,126207391,77574940,55725998,593306,815,0,0
C077368,6245662,74947944,4339760,52077120,140417533,62072393,42926965,251909,792,1,0
C077369,4767875,57214500,2242177,26906124,220181597,56679960,27020006,338361,779,0,0
C077370,5709393,68512716,2284475,27413700,544786827,42654155,40345387,310199,797,0,0
C077371,5210684,62528208,2868323,34419876,429934369,82900205,82900205,724011,810,0,0
C077372,2586370,31036440,1555157,18661884,114585977,37689718,22592533,465334,813,0,0
C077373,5536085,66433020,4562281,54747372,515092361,209387999,209387999,1467222,803,0,0
C077374,1800000,21600000,1097895,13174740,100802941,19041110,11863243,50000,835,0,0
C077375,2782444,33389328,1709863,20518356,97974633,17754314,7065366,238748,836,0,0
C077376,8931350,107176200,5287345,63448140,291899179,60054950,24739983,333031,790,0,0
C077377,1923596,23083152,1385885,16630620,112702964,26035882,22860794,276248,706,0,1
C077378,6084661,73015932,2510939,30131268,250040379,87059929,87059929,963506,799,0,0
C077379,4125146,49501752,3675072,44100864,353633308,30408505,21011533,382570,696,0,0
C077380,3710480,44525760,2609398,31312776,78258047,37793930,37793930,341416,786,0,0
C077381,4392067,52704804,2921543,35058516,50593541,161719085,144169783,884220,736,1,0
C077382,5127879,61534548,2730305,32763660,436037007,158859534,145575318,968874,816,0,0
C077383,3729864,44758368,2567131,30805572,60556480,46260832,32217444,454835,820,0,0
C077384,4044062,48528744,2149042,25788504,162059576,84350205,53737551,540972,710,1,0
C077385,2990217,35882604,1859535,22314420,49020688,81847726,73077407,641509,685,0,1
C077386,3017084,36205008,1136885,13642620,163914506,79869276,74437556,574372,774,0,0
C077387,8968808,107625696,6169309,74031708,363083036,326700304,326700304,2283997,756,0,0
C077388,4844817,58137804,2679553,32154636,153260182,69276385,63827661,490419,752,0,0
C077389,4995906,59950872,3955865,47470380,264545148,80579904,47543642,625346,703,1,0
C077390,3029934,36359208,1481141,17773692,154268469,40514782,34765057,502912,772,0,0
C077391,7383879,88606548,5523250,66279000,240806236,22093739,18480184,397012,727,0,0
C077392,3538818,42465816,2003756,24045072,171035213,107893778,82679817,714371,667,0,0
C077393,3846589,46159068,2439606,29275272,161059905,31777525,31632039,403139,744,1,1
C077394,5833406,70000872,1959394,23512728,71533592,148299935,122507794,924605,718,0,0
C077395,2177200,26126400,1386709,16640508,41106608,35082192,18040700,201732,648,0,0
C077396,5447191,65366292,3523685,42284220,458756307,105374766,74024026,524909,714,0,0
C077397,2273541,27282492,1957276,23487312,170782517,56303334,56303334,445471,670,0,0
C077398,3593892,43126704,2194344,26332128,150190734,63436847,56005157,666218,906,0,0
C077399,2666632,31999584,1791100,21493200,53280693,61345157,50899325,480119,700,0,0
C077400,4191541,50298492,3120483,37445796,448381125,60488064,35035434,497841,860,0,0
C077401,4890496,58685952,2969636,35635632,519854656,28696324,21290881,590729,891,0,0
C077402,6202316,74427792,4093326,49119912,255042468,67278210,67278210,640072,785,0,0
C077403,2520231,30242772,1268391,15220692,300411167,34253405,29634414,266010,716,0,0
C077404,8769632,105235584,5516607,66199284,326584017,29203140,29203140,616337,777,0,0
C077405,2711973,32543676,2118566,25422792,197725448,44969971,30123915,184415,802,0,0
C077406,3722013,44664156,2811609,33739308,167607562,32589444,20484261,274453,833,1,0
C077407,1800000,21600000,891504,10698048,147361579,25746319,22755457,250306,778,0,0
C077408,4926059,59112708,2635132,31621584,478922329,64748074,43655489,238042,891,1,0
C077409,2564575,30774900,915548,10986576,96297432,13916231,13916231,181105,791,0,0
C077410,7140341,85684092,5801413,69616956,667219277,77324457,31569241,569596,724,0,0
C077411,5888563,70662756,3318700,39824400,191407362,33929642,33929642,568015,738,0,0
C077412,3764501,45174012,2298279,27579348,223141419,52816491,26865164,609518,782,0,0
C077413,4369647,52435764,2281412,27376944,112425595,38244538,27792542,134649,795,1,0
C077414,3183077,38196924,1670085,20041020,61049662,89432277,72264966,580221,748,0,0
C077415,3221240,38654880,1716560,20598720,287369508,47782669,40131584,325185,800,0,0
C077416,7810429,93725148,6841749,82100988,403160180,69575456,57641353,812770,771,1,0
C077417,5609594,67315128,3487927,41855124,211846578,67154681,39393544,439901,811,0,0
C077418,5123031,61476372,2715960,32591520,356277203,149542269,135392635,1399792,709,0,0
C077419,2026167,24314004,1410257,16923084,119489270,23371646,23371646,155409,768,1,0
C077420,5731520,68778240,3193722,38324664,293276296,130733181,95859606,915690,754,0,0
C077421,6303515,75642180,4085784,49029408,385981042,121666524,121666524,951701,772,0,0
C077422,3473581,41682972,1497316,17967792,55269672,36890590,26205206,285598,865,0,0
C077423,2296080,27552960,1621827,19461924,162441263,36128334,32205750,373437,875,0,0
C077424,5018823,60225876,2441498,29297976,153310362,298029545,271016442,1711211,727,0,0
C077425,7694759,92337108,4178761,50145132,811318839,35155269,25839426,1108130,731,0,0
C077426,4967659,59611908,2200834,26410008,450790953,74582185,54047191,384410,796,0,0
C077427,5031466,60377592,2710182,32522184,195557231,43626473,33825688,509725,855,0,0
C077428,3440280,41283360,1927439,23129268,116896178,82970151,57003209,464001,759,0,0
C077429,3920807,47049684,2774018,33288216,215392173,49386605,39175258,78416,828,0,0
C077430,2378412,28540944,1549906,18598872,214093449,43161701,40043873,297298,834,0,0
C077431,4313119,51757428,2301835,27622020,297537777,69257248,67711326,637317,768,0,0
C077432,2840538,34086456,1575997,18911964,42246780,62694632,52796778,465707,835,0,0
C077433,7328822,87945864,5491268,65895216,423159694,103277951,60276228,481531,798,0,0
C077434,2497897,29974764,2114790,25377480,366082657,9342279,8092757,186980,788,0,0
C077435,2800424,33605088,1719763,20637156,143206681,29250538,29250538,177446,808,0,0
C077436,2793825,33525900,1200623,14407476,117736995,16423352,9840984,246169,807,0,0
C077437,5470661,65647932,3247734,38972808,635601131,59082574,26722748,348539,746,0,0
C077438,1800000,21600000,1107249,13286988,87407182,26016975,25290259,297200,729,0,0
C077439,2819422,33833064,1198900,14386800,178569629,42553276,21876758,224418,737,0,0
C077440,4213205,50558460,1469709,17636508,342163463,41359780,26617753,382586,803,0,0
C077441,3677268,44127216,2419298,29031576,149844926,26953380,12507370,316063,878,0,0
C077442,2965233,35582796,2431760,29181120,79451910,34173452,29971062,333608,809,1,0
C077443,2873739,34484868,1341954,16103448,109603612,34963360,25080595,334786,825,0,0
C077444,3845504,46146048,2230168,26762016,103310600,80773878,70713023,668333,695,2,0
C077445,4969985,59639820,1760158,21121896,89435033,48432330,38645866,643427,731,0,0
C077446,3515027,42180324,2331394,27976728,145769711,76787511,61306387,515100,705,0,0
C077447,2411188,28934256,1494715,17936580,356250551,29757074,20096713,307622,925,0,0
C077448,3829035,45948420,1740984,20891808,55301387,35880579,24842681,276644,754,0,0
C077449,6977271,83727252,4618512,55422144,391147961,86914176,55330820,584894,783,0,0
C077450,4401644,52819728,1714096,20569152,369503186,39863499,34490052,210782,809,0,0
C077451,3793264,45519168,1580396,18964752,278537585,59955271,47181753,443532,759,0,0
C077452,3740395,44884740,2424548,29094576,197793202,90227488,68906261,823144,747,1,0
C077453,3513894,42166728,1685104,20221248,35126751,29845755,28465737,242366,796,0,1
C077454,2733043,32796516,1794794,21537528,135512254,68348742,62798618,553477,643,0,0
C077455,4637603,55651236,2377041,28524492,72266679,45016246,24105403,92752,731,0,1
C077456,9160281,109923372,8953476,107441712,284783185,237744410,148399082,961829,713,0,0
C077457,5544261,66531132,4292221,51506652,299164065,15479187,15479187,731086,660,1,1
C077458,5264359,63172308,4626368,55516416,106181892,93086499,83013559,897893,805,0,0
C077459,2587714,31052568,1516175,18194100,50239042,26037947,26037947,270416,814,0,0
C077460,2824258,33891096,1836612,22039344,151670064,52530064,45338902,570878,758,0,0
C077461,4471120,53653440,2476393,29716716,440952922,51113486,34805724,309047,757,1,0
C077462,8539723,102476676,4190031,50280372,340876089,89980601,76748008,841167,697,0,0
C077463,3845306,46143672,2935511,35226132,102437387,20566273,13619554,165982,749,0,0
C077464,4411336,52936032,2596474,31157688,366851593,31325079,27315853,421042,766,0,0
C077465,5478584,65743008,2910570,34926840,113697433,93225310,87807263,508624,787,0,0
C077466,6469682,77636184,4536481,54437772,298401802,62433377,51436868,532881,774,0,0
C077467,2824518,33894216,1064001,12768012,457844805,55804547,55804547,282916,772,0,0
C077468,1800000,21600000,1828532,21942384,47562470,23746472,23746472,167793,754,0,0
C077469,2354030,28248360,986563,11838756,115608702,26945413,26945413,202261,781,0,0
C077470,4283543,51402516,2256456,27077472,156662352,63567649,24116727,300165,769,0,0
C077471,6003480,72041760,4327634,51931608,131573677,44359913,33625548,367594,914,0,0
C077472,2043579,24522948,510895,6130740,136640377,39646637,30987225,244581,849,0,0
C077473,2513861,30166332,1566629,18799548,239913337,41282027,41282027,501019,703,0,0
C077474,5938258,71259096,3507425,42089100,142349518,164612183,164612183,1410128,711,1,0
C077475,4246544,50958528,2753745,33044940,196520036,24274839,18008289,602595,643,0,0
C077476,7378862,88546344,2061233,24734796,178834177,89551486,89551486,1093258,836,0,0
C077477,2708141,32497692,1711168,20534016,178533894,26987356,19967044,360028,783,1,0
C077478,4309137,51709644,2528322,30339864,723935016,105017349,81877221,669986,746,0,0
C077479,2686801,32241612,1675465,20105580,41174171,36068289,36068289,150583,800,0,0
C077480,5159512,61914144,2686109,32233308,66987160,47719146,36739371,317526,849,0,0
C077481,3455049,41460588,1728752,20745024,105700090,29711161,16768765,287281,709,1,1
C077482,6926830,83121960,4666948,56003376,245274677,43894534,26025952,617297,780,0,0
C077483,2091244,25094928,1495668,17948016,102087605,10837301,10837301,129088,791,0,0
C077484,1800000,21600000,1225836,14710032,62020499,50117170,45654706,301785,699,0,0
C077485,8585055,103020660,4706766,56481192,328206815,35935981,15714611,223308,733,0,0
C077486,3032568,36390816,1650158,19801896,102463241,27112314,19506170,262106,835,0,0
C077487,2875827,34509924,2078700,24944400,300646984,47022460,22366334,333749,773,0,0
C077488,3005522,36066264,1011395,12136740,171301848,17835130,12277470,60110,763,0,0
C077489,3540588,42487056,2643752,31725024,38818192,21526671,14994540,229698,816,0,0
C077490,6504350,78052200,3122058,37464696,206945500,15218164,14387170,130087,834,0,0
C077491,5715631,68587572,4072391,48868692,324332597,195635557,195635557,1280774,663,0,0
C077492,5782426,69389112,4809321,57711852,189512090,98009036,64563271,703183,760,0,0
C077493,2549558,30594696,1661767,19941204,27166227,37645752,17534187,66705,721,1,0
C077494,1934732,23216784,1163952,13967424,155538898,36312374,26834167,133339,771,0,0
C077495,2202106,26425272,1818783,21825396,58523907,59695691,46686679,291762,744,0,0
C077496,3449184,41390208,995717,11948604,166692422,31550133,28309258,330415,898,0,0
C077497,2765056,33180672,1582653,18991836,49286139,36362536,17635489,329738,742,0,0
C077498,4392939,52715268,2573720,30884640,124879710,42659031,34624681,412829,760,0,0
C077499,5161368,61936416,3071365,36856380,338215754,55306459,43539712,679347,757,0,0
C077500,2767723,33212676,1471824,17661888,117716037,36424313,28703135,375929,841,0,0
C077501,2752799,33033588,1624113,19489356,176304093,10092219,6887486,198096,809,0,0
C077502,3155653,37867836,1738698,20864376,90843456,20288154,14215034,455539,815,0,0
C077503,3441253,41295036,1594292,19131504,74307334,16385783,16385783,470514,805,0,0
C077504,5270668,63248016,4266475,51197700,158344861,12475605,12475605,674370,749,0,0
C077505,4245366,50944392,2051074,24612888,53556755,74574784,69528322,440858,772,0,0
C077506,3809557,45714684,3267385,39208620,16629348,52201217,44973313,390467,772,0,0
C077507,6635504,79626048,4151505,49818060,345619338,67538863,43238947,305536,874,0,0
C077508,3634898,43618776,2373724,28484688,71539421,60645070,51212944,370646,813,0,0
C077509,3477865,41734380,1116872,13402464,199170611,47275350,46171282,376930,850,0,0
C077510,4928057,59136684,2856977,34283724,122928500,90045623,72174270,699761,759,0,0
C077511,5181757,62181084,3228056,38736672,105110417,56935168,44255969,446612,774,0,0
C077512,5156949,61883388,3220408,38644896,197256803,113751758,93026378,988785,752,0,0
C077513,2481385,29776620,1439227,17270724,136744761,29227466,24513144,267432,832,0,0
C077514,4791820,57501840,1275255,15303060,185535339,55639713,46392373,468133,864,0,0
C077515,4690739,56288868,2968156,35617872,142837926,65970838,51276370,610799,704,1,1
C077516,4843865,58126380,1494730,17936760,516534850,71502701,71502701,616971,724,0,0
C077517,8279784,99357408,4895123,58741476,168274657,66963344,28141713,754052,757,0,0
C077518,4898520,58782240,3654843,43858116,203096106,69771336,52108468,519603,739,0,0
C077519,5669047,68028564,3581085,42973020,213465884,31114794,31114794,493737,745,0,0
C077520,3135804,37629648,1810313,21723756,126894329,37692009,27842342,489032,743,0,0
C077521,6615614,79387368,4238507,50862084,196227373,81214782,52669658,734690,815,0,0
C077522,2909916,34918992,1821175,21854100,64107226,66867870,57771915,295165,721,0,0
C077523,2863702,34364424,1961222,23534664,138674113,24488596,18976864,94902,816,0,0
C077524,6069559,72834708,3123900,37486800,648745470,36998571,12094222,121391,820,0,0
C077525,4435682,53228184,2565224,30782688,229740544,66599742,31058688,234605,844,0,0
C077526,5073492,60881904,2717789,32613468,730965469,51397340,38427739,340815,823,0,0
C077527,3044780,36537360,1261773,15141276,128084929,24920459,14228840,289844,864,0,0
C077528,3985446,47825352,2320966,27851592,159357655,122333881,112146798,1014336,829,0,0
C077529,3498491,41981892,2491359,29896308,52883249,52750873,30924735,385108,674,0,0
C077530,3882758,46593096,2285484,27425808,147573924,13171671,11393188,124471,775,0,0
C077531,2765145,33181740,1132780,13593360,160969917,27594407,12538863,55303,770,0,0
C077532,4774582,57294984,3063162,36757944,472682597,54121228,54121228,424693,848,0,0
C077533,3369817,40437804,1381238,16574856,103787798,38080626,29733282,265391,869,0,0
C077534,5128090,61537080,3038261,36459132,124848659,122559310,122559310,961517,842,0,0
C077535,2454917,29459004,1307127,15685524,49066370,28041165,27008632,101598,763,0,0
C077536,3869605,46435260,2134901,25618812,141681004,41279043,37636143,149515,805,0,0
C077537,5297957,63575484,2725439,32705268,244214147,60419991,32518646,478840,886,0,0
C077538,6048303,72579636,3819430,45833160,209777633,24069266,11162948,129553,950,0,0
C077539,4676697,56120364,1355656,16267872,165298526,59475945,33415649,310734,781,0,1
C077540,4441666,53299992,3261608,39139296,740983997,86730360,54755819,667925,755,0,0
C077541,4609591,55315092,2292255,27507060,42581634,13839765,13839765,117770,884,0,0
C077542,5498051,65976612,3344235,40130820,213655821,47780529,44672423,761282,841,0,0
C077543,3515237,42182844,2336325,28035900,104187942,71186742,71186742,650590,802,0,0
C077544,1800000,21600000,1139359,13672308,27044423,16327403,2629966,50000,789,0,0
C077545,2227640,26731680,1334890,16018680,28443614,33600752,33102366,404176,822,0,1
C077546,1800000,21600000,766310,9195720,115206965,12886318,12886318,161373,950,0,0
C077547,5189668,62276016,3128217,37538604,498872830,67964865,67964865,353772,851,0,0
C077548,6204282,74451384,3882681,46592172,289699775,47428868,25012938,240827,802,0,0
C077549,2679326,32151912,1495840,17950080,159698383,106106676,103149813,682479,712,0,1
C077550,5169320,62031840,3416751,41001012,217718768,134368955,110715891,894004,692,1,0
C077551,6722063,80664756,3715476,44585712,687957952,78595392,38828843,576986,728,0,0
C077552,3541069,42492828,1873327,22479924,105553760,31654655,31654655,223140,749,0,0
C077553,2401022,28812264,1648621,19783452,142521574,23233642,15347558,65611,758,0,0
C077554,7543096,90517152,5355734,64268808,245630872,160525331,103367268,897598,698,1,1
C077555,4962427,59549124,3232906,38794872,167655851,68842841,59242662,654773,796,0,0
C077556,4890679,58688148,2401423,28817076,291995948,43463554,37670634,426141,732,0,0
C077557,3505777,42069324,2555670,30668040,125304232,74376736,44208214,235431,758,1,0
C077558,3226101,38713212,1842749,22112988,484082156,18917136,16032805,235509,837,0,0
C077559,3050462,36605544,1967005,23604060,210354214,12474855,12474855,244801,782,0,0
C077560,2858665,34303980,1714156,20569872,45462441,47138485,24827635,445211,750,0,0
C077561,3086701,37040412,2296652,27559824,206537163,39556819,32413977,702240,711,0,1
C077562,2349692,28196304,1437243,17246916,131500889,20922247,4871582,95965,817,0,0
C077563,2908480,34901760,2063968,24767616,217111722,57951813,49503784,464315,699,0,0
C077564,3905182,46862184,3336862,40042344,139667497,22601529,22601529,91612,805,0,0
C077565,3941022,47292264,2053824,24645888,298964963,29486964,24800817,499880,842,1,0
C077566,2659281,31911372,2086988,25043856,205405592,19270998,17518706,160966,778,0,0
C077567,3871677,46460124,2005115,24061380,375060527,111747674,80253138,638304,801,0,0
C077568,3108894,37306728,1334545,16014540,397883137,42243278,39234376,326935,821,0,0
C077569,6456832,77481984,2488792,29865504,667170409,161049017,121442909,706509,829,0,0
C077570,3389218,40670616,2631247,31574964,214302175,126401078,112144331,814562,701,0,0
C077571,6211768,74541216,3063531,36762372,204554719,67726572,51745711,307287,810,0,1
C077572,4930929,59171148,4178824,50145888,224188039,37470266,27534298,445099,781,0,0
C077573,2292263,27507156,1297695,15572340,385100184,32485760,32485760,258626,719,0,0
C077574,3346600,40159200,2586419,31037028,194852134,41384007,41384007,232017,725,0,0
C077575,3676701,44120412,1396215,16754580,90994414,45673612,39916355,424316,802,0,0
C077576,6167693,74012316,2868501,34422012,57865345,139800250,120301471,1037243,795,0,0
C077577,2250959,27011508,1454381,17452572,112096235,21871754,8251912,162176,837,0,0
C077578,6061489,72737868,3256769,39081228,603947298,64272185,24481294,219016,950,0,0
C077579,6256413,75076956,3113974,37367688,572781135,107290313,90146277,333485,792,0,0
C077580,5334452,64013424,2704164,32449968,140378864,61518300,58222838,666355,808,0,0
C077581,5410960,64931520,3364301,40371612,275575426,52241222,40223463,601683,719,0,0
C077582,2541185,30494220,1250091,15001092,46903428,24220585,22575641,236133,723,0,0
C077583,1800000,21600000,1194942,14339304,68810335,27278090,18333523,166977,786,0,0
C077584,2678323,32139876,1851284,22215408,78480194,73971354,72112198,461874,782,0,0
C077585,5473724,65684688,4529493,54353916,328331819,45403121,37443033,592773,757,0,0
C077586,7635099,91621188,5945755,71349060,345601931,104667876,78088666,624330,736,0,0
C077587,2084342,25012104,1781983,21383796,20773257,6516872,6430726,50000,778,0,0
C077588,3827731,45932772,2295648,27547776,272456986,52683384,47339795,287254,710,0,0
C077589,2438731,29264772,1557052,18684624,116240520,77278016,62252459,490196,692,0,0
C077590,3546467,42557604,1755459,21065508,93162466,43064585,20044287,303028,809,0,0
C077591,1960486,23525832,1072430,12869160,228635104,34057966,25975631,270340,805,0,0
C077592,4509733,54116796,2753363,33040356,93445173,92456907,75988525,664283,765,0,0
C077593,5264015,63168180,1505009,18060108,201192597,74493829,74493829,546555,796,0,0
C077594,3649520,43794240,2307134,27685608,167820310,25853011,11942109,72990,732,0,0
C077595,7731437,92777244,4317612,51811344,151160962,119091465,96296683,154629,809,0,0
C077596,10202068,122424816,6933852,83206224,444923345,109855104,58161504,533706,772,0,0
C077597,1895224,22742688,859009,10308108,139132343,40451203,40451203,327774,739,0,0
C077598,3463206,41558472,2207215,26486580,99345728,20590996,20590996,69264,881,0,0
C077599,2015061,24180732,503765,6045180,150966196,12480350,12114692,153763,775,0,0
C077600,3726337,44716044,2245240,26942880,141855165,23498746,23498746,323279,831,0,0
C077601,4861668,58340016,2161973,25943676,215922505,53250354,43601230,230601,824,0,0
C077602,3889365,46672380,1492504,17910048,229004790,33864964,19750852,347752,773,0,0
C077603,4104575,49254900,2932622,35191464,48533149,94780332,79707016,659025,741,1,0
C077604,4905096,58861152,2509079,30108948,307456987,54794848,40121299,286085,789,0,0
C077605,1800000,21600000,895367,10744404,258170485,70836142,70836142,428512,719,1,0
C077606,4607261,55287132,3632186,43586232,246550884,90340401,90340401,942902,751,0,0
C077607,2669068,32028816,1837120,22045440,37512840,27790520,16871218,288066,720,1,0
C077608,7565030,90780360,5355087,64261044,486030247,77564422,77564422,832182,772,1,0
C077609,1909404,22912848,1450222,17402664,77091052,23774760,13685076,304808,653,1,0
C077610,4128674,49544088,2125832,25509984,182692213,50861976,35719808,320461,827,0,0
C077611,4016411,48196932,2566106,30793272,568012585,45297614,32947782,313112,713,0,0
C077612,2870188,34442256,2160622,25927464,107058907,17104579,17104579,121083,815,0,0
C077613,4300988,51611856,3401578,40818936,176903609,21444974,10175363,91339,750,0,0
C077614,5303887,63646644,4003125,48037500,368398934,40369574,25416515,354320,684,0,0
C077615,4858196,58298352,2351177,28214124,435305266,57874979,57874979,614956,809,0,0
C077616,2932345,35188140,2450246,29402952,111455796,22189000,11285506,184421,702,0,0
C077617,4497009,53964108,2629238,31550856,39661463,28173617,23325392,335788,757,0,0
C077618,3489989,41879868,2350173,28202076,35303682,71431691,56127400,472389,796,0,0
C077619,2619429,31433148,1050481,12605772,64378001,17635098,11630165,293711,850,0,0
C077620,3740926,44891112,2662142,31945704,628475568,46411427,29693383,302069,706,0,0
C077621,3502261,42027132,1031173,12374076,181230493,96382940,82040139,610576,706,1,0
C077622,1926561,23118732,840540,10086480,201547574,31719083,26710657,181022,781,0,0
C077623,2470781,29649372,1447026,17364312,76077947,38241964,35976800,383843,792,0,0
C077624,3598007,43176084,2157682,25892184,302492027,34914728,34914728,263292,820,0,0
C077625,3486552,41838624,2389606,28675272,152251687,53133689,43081444,423362,793,0,0
C077626,5340616,64087392,3069765,36837180,575252687,58785463,18572535,471097,791,0,0
C077627,3714155,44569860,2308022,27696264,112204068,73218580,59916404,704005,901,1,0
C077628,5043216,60518592,3312720,39752640,331859804,61143679,45852490,439299,777,0,0
C077629,5507727,66092724,3172782,38073384,218171480,65858386,42045962,643969,692,1,0
C077630,6235194,74822328,4700805,56409660,127560694,41597688,35855988,627057,784,0,0
C077631,3279126,39349512,1513879,18166548,187250358,98008698,74526893,518501,718,0,0
C077632,7056841,84682092,4286892,51442704,584683377,52104743,47276984,296322,826,0,0
C077633,2323724,27884688,1552500,18630000,46188770,33992222,28381590,325953,865,0,0
C077634,3493560,41922720,2632787,31593444,100506718,62646663,49461284,589504,836,0,0
C077635,5959578,71514936,3517501,42210012,715307357,38447006,38447006,119192,896,0,0
C077636,2190285,26283420,1116729,13400748,64720740,93007614,93007614,648644,683,0,1
C077637,1917696,23012352,1444756,17337072,134405466,24389288,23688253,333273,643,0,0
C077638,5431235,65174820,2216512,26598144,74137173,104249916,81569466,595474,807,0,0
C077639,5266402,63196824,3723833,44685996,119555851,44876647,44876647,550647,719,0,0
C077640,4482541,53790492,1695778,20349336,77445147,44706189,23528871,130869,827,0,0
C077641,6503871,78046452,4784459,57413508,642244689,60599499,28973998,567234,780,0,0
C077642,3187210,38246520,1208917,14507004,58446769,98383462,94691676,499568,773,0,0
C077643,5021757,60261084,1617379,19408548,500741981,92770355,64391358,633411,767,1,0
C077644,2011613,24139356,1324017,15888204,120526844,7167453,7167453,50000,732,0,0
C077645,2608796,31305552,1891054,22692648,19896621,50197480,50197480,328659,859,0,0
C077646,3025054,36300648,1727948,20735376,161891854,28831126,28831126,277673,711,0,0
C077647,5448001,65376012,2821066,33852792,383076263,90271765,57996222,564744,802,0,0
C077648,4298283,51579396,3143694,37724328,52982092,50137167,42509165,341831,834,0,0
C077649,3655000,43860000,1697831,20373972,258199953,35235742,33584673,346071,723,0,0
C077650,7434462,89213544,2749596,32995152,193588219,176223427,158786795,1437445,805,0,0
C077651,5627058,67524696,3077178,36926136,138985732,62368691,41752719,472222,795,0,0
C077652,2552958,30635496,1421564,17058768,50168464,119945531,108703095,765486,678,0,0
C077653,5224959,62699508,3061508,36738096,332893233,54619819,54619819,564933,748,0,0
C077654,3440530,41286360,1977369,23728428,191935437,60002578,56796421,340858,825,0,0
C077655,3713757,44565084,2206554,26478648,419594807,64502529,63159678,428201,818,0,0
C077656,2533508,30402096,1284044,15408528,56522634,54201074,39201503,270053,764,0,0
C077657,3419880,41038560,2017860,24214320,54066051,71343045,71343045,353742,817,0,1
C077658,4502113,54025356,3036037,36432444,194092373,155284774,136537495,1017275,797,0,0
C077659,4258291,51099492,2385064,28620768,109566908,22991105,17503913,351155,885,0,0
C077660,7775913,93310956,4769598,57235176,155858204,194681223,179508014,1359211,762,0,1
C077661,1800000,21600000,951369,11416428,18469580,23024890,16545426,140836,808,0,0
C077662,4213713,50564556,2690361,32284332,78106083,31674191,21666271,409184,836,0,0
C077663,2185759,26229108,1394969,16739628,251997619,11919568,8221989,165241,801,0,0
C077664,1800000,21600000,1105555,13266660,47975234,62100813,58733565,473535,741,0,0
C077665,4834042,58008504,3513258,42159096,441601000,58939502,35798754,568870,690,0,1
C077666,2297517,27570204,1332835,15994020,58161652,21064455,10069665,259972,854,0,0
C077667,5568657,66823884,4091255,49095060,402646081,54681807,40697924,382134,861,0,0
C077668,3083814,37005768,1818064,21816768,82340202,26546984,26546984,193901,876,0,0
C077669,4137004,49644048,1719914,20638968,101715612,27438893,14634275,82740,819,0,0
C077670,9285886,111430632,4938417,59261004,61379817,120943209,120943209,1748773,734,0,0
C077671,7522379,90268548,4445077,53340924,209763551,54935831,40873854,150448,804,0,0
C077672,4462994,53555928,3281127,39373524,477562491,103992975,91296880,929824,671,0,0
C077673,3026693,36320316,1596501,19158012,21354881,46888792,39352894,351067,865,0,0
C077674,4516661,54199932,3219872,38638464,185624772,50878047,22391627,351918,766,0,0
C077675,5566461,66797532,2266387,27196644,268279724,78498035,55390366,519853,718,0,0
C077676,2611394,31336728,2018449,24221388,294594031,27949590,25816502,267706,720,0,0
C077677,2480299,29763588,1121583,13458996,108222152,16171106,16171106,98301,773,0,0
C077678,3613381,43360572,1872916,22474992,154777478,51976376,50212853,492798,803,0,0
C077679,2465480,29585760,1732345,20788140,139030992,30252092,19935931,194143,781,0,0
C077680,3256218,39074616,814055,9768660,91997975,90286490,72324306,512825,734,0,0
C077681,2623758,31485096,691557,8298684,165125884,33431309,29026663,332446,731,0,0
C077682,3749429,44993148,2826009,33912108,300386370,37572228,27935488,423305,782,0,0
C077683,4330542,51966504,2156417,25877004,260555233,18482820,14485288,210910,727,0,0
C077684,1800000,21600000,1234572,14814864,109460253,36819258,27659522,313754,736,0,0
C077685,2229417,26753004,1523202,18278424,374542056,10939819,7360307,136765,838,0,1
C077686,3536877,42442524,2082600,24991200,268886663,50515806,45011615,518056,635,0,0
C077687,7400794,88809528,4125838,49510056,362662762,59542942,41875156,205567,809,0,0
C077688,9906740,118880880,7360447,88325364,454565400,244745425,222266311,1634210,787,1,0
C077689,5751046,69012552,1978796,23745552,966175728,69079130,52552247,450450,846,0,0
C077690,3011258,36135096,915585,10987020,87623195,28658580,14742563,251578,703,0,0
C077691,6400211,76802532,2336445,28037340,122681523,49873340,28182038,295701,856,0,1
C077692,4553847,54646164,1953951,23447412,235012750,50574210,17508836,416165,731,0,0
C077693,2979579,35754948,2306087,27673044,62561744,8492167,8492167,184485,770,0,0
C077694,5421121,65053452,4560427,54725124,382288065,70731436,42519133,508883,814,0,0
C077695,2782796,33393552,1879119,22549428,53719479,62108284,35752091,190660,649,0,0
C077696,4493103,53917236,3208086,38497032,100063075,51672713,41820100,673987,797,0,1
C077697,4910268,58923216,2743356,32920272,321909659,59301584,46573399,600160,830,0,0
C077698,2285932,27431184,1474841,17698092,18955894,28907865,23668784,404476,796,0,0
C077699,5299804,63597648,3288383,39460596,369120720,40125983,25018491,258105,803,0,0
C077700,3872092,46465104,2316878,27802536,166770685,79724355,68536392,652134,766,0,1
C077701,5356565,64278780,2437298,29247576,330159916,126545181,112109794,617087,754,0,0
C077702,3220197,38642364,1161276,13935312,189811447,50625385,34627129,305652,784,0,0
C077703,6593326,79119912,5097161,61165932,176357391,45655442,23244415,650147,707,1,0
C077704,11283609,135403308,6237365,74848380,284029995,75467359,36122468,461440,786,0,0
C077705,3143441,37721292,1794921,21539052,239400168,66668710,51097960,509971,681,0,0
C077706,3355727,40268724,2020918,24251016,241924821,36220743,20002955,453933,747,0,0
C077707,5280384,63364608,4067449,48809388,128009556,101994682,75114726,742809,727,0,0
C077708,3317003,39804036,2433902,29206824,397246143,9811688,9811688,203817,731,0,0
C077709,7088297,85059564,1772074,21264888,186732153,34292220,34292220,445003,824,0,0
C077710,3828929,45947148,2514047,30168564,386728248,37870275,20925697,269006,727,0,1
C077711,5327146,63925752,2690953,32291436,663953540,67459058,47292376,915554,764,0,0
C077712,3035561,36426732,1449596,17395152,125104353,45112691,27990684,180519,813,0,0
C077713,5557146,66685752,3673762,44085144,933600528,51914313,51914313,570419,704,0,0
C077714,4362895,52354740,2022636,24271632,477478946,70613769,69914834,758368,863,0,0
C077715,2758497,33101964,2409164,28909968,235724165,29756401,25748677,173401,676,0,1
C077716,5445290,65343480,3271831,39261972,138566562,43359113,23285759,187783,804,0,0
C077717,3281114,39373368,2338971,28067652,245221033,31665268,19691449,184053,803,0,0
C077718,5599660,67195920,2861600,34339200,415470395,85466938,64028421,576569,868,0,0
C077719,2396609,28759308,1121312,13455744,93282289,40987675,35677048,340970,704,1,0
C077720,7913899,94966788,3327608,39931296,173525541,107062647,85975524,822390,770,0,0
C077721,4463102,53557224,2765520,33186240,256427406,58749055,31058867,461386,672,0,0
C077722,2944165,35329980,1776920,21323040,60905775,49557923,33831429,465808,716,0,0
C077723,3627637,43531644,3010846,36130152,109947643,60527006,39264355,355434,838,0,0
C077724,3272469,39269628,2211799,26541588,78447023,25795537,14722859,287964,778,0,0
C077725,4295363,51544356,2763204,33158448,257128612,38698790,26492575,280658,717,0,1
C077726,3525930,42311160,1399085,16789020,592356240,26799648,16407205,275914,832,0,1
C077727,2476592,29719104,1469655,17635860,257070402,63366045,60188823,396807,752,0,0
C077728,2941543,35298516,827696,9932352,476567372,32489749,15547730,74292,790,0,0
C077729,1800000,21600000,1312776,15753312,25739528,6457497,5692581,186385,776,0,0
C077730,6330465,75965580,3627371,43528452,706712557,40801297,25547768,573833,884,0,0
C077731,2379203,28550436,1069017,12828204,134261742,17025844,14740213,253971,850,0,0
C077732,3588386,43060632,2303032,27636384,100512551,14759062,14759062,411812,804,0,0
C077733,5504974,66059688,3361941,40343292,165253462,81424694,42861778,535161,749,0,0
C077734,4029001,48348012,2517654,30211848,88952790,109454410,103098307,645176,706,0,0
C077735,3497408,41968896,1969801,23637612,143778684,56989840,51351659,149183,936,0,0
C077736,4350565,52206780,3461161,41533932,329845003,60822394,44697151,604221,801,0,0
C077737,5133441,61601292,3365111,40381332,154559810,87855841,87855841,491714,778,0,0
C077738,3704502,44454024,1614867,19378404,216678275,42302138,27368021,527105,748,0,0
C077739,4079595,48955140,2708519,32502228,124327385,33462664,20441456,252987,845,0,0
C077740,2764575,33174900,1718305,20619660,47755961,20077821,20077821,370172,712,0,1
C077741,2868086,34417032,2297385,27568620,481838448,52319912,37355313,458249,640,0,0
C077742,3041515,36498180,2009794,24117528,147508363,58547334,43723487,361301,834,0,0
C077743,2486403,29836836,1873042,22476504,29471039,25927631,13803493,97654,753,0,0
C077744,4633380,55600560,3621089,43453068,337487467,99653981,65383646,717775,617,1,0
C077745,4038367,48460404,2608236,31298832,253975353,71586347,45287854,546590,747,1,0
C077746,5662686,67952232,3947402,47368824,122580168,71464696,71464696,667244,787,0,0
C077747,5192385,62308620,3112520,37350240,131755173,37461665,12974355,642665,775,0,0
C077748,1919620,23035440,1350534,16206408,33438797,36703168,36703168,263768,742,0,0
C077749,3246168,38954016,811542,9738504,196203727,21489327,21489327,235826,828,0,0
C077750,2602192,31226304,1418657,17023884,30037695,11667656,9186364,247944,840,0,0
C077751,4346375,52156500,2291884,27502608,481782446,32872465,20115115,86928,804,0,0
C077752,3416800,41001600,2377425,28529100,33030881,31080808,11173055,249300,776,0,0
C077753,3548219,42578628,1545516,18546192,252889341,42499970,27263748,208310,790,0,0
C077754,2485356,29824272,2214252,26571024,18237397,51527905,46649500,523080,610,2,1
C077755,3346995,40163940,1376863,16522356,76797410,102026861,91787640,895061,728,0,0
C077756,3476457,41717484,2028464,24341568,179286007,38131684,34950417,356634,737,0,0
C077757,2564684,30776208,1571144,18853728,27968443,48297729,46833745,354138,832,0,0
C077758,6896291,82755492,4744165,56929980,389544497,222115860,182938844,1511379,688,0,1
C077759,2772128,33265536,2206035,26472420,212658350,31503781,28029468,352727,763,0,0
C077760,3941776,47301312,1535091,18421092,279197470,72484869,56130846,598792,710,0,0
C077761,2059434,24713208,1407338,16888056,77739243,41294446,36629612,286727,762,0,0
C077762,2105920,25271040,1113330,13359960,101856721,11697295,6484598,50000,771,1,0
C077763,2089131,25069572,1392332,16707984,148016878,72246456,67012265,415622,629,1,1
C077764,4143568,49722816,2620247,31442964,238176865,41781170,20868394,274848,812,0,0
C077765,3931539,47178468,1723130,20677560,348611346,34793254,20010143,108260,838,0,0
C077766,3723758,44685096,2162714,25952568,113478521,52963625,46690644,426414,838,0,0
C077767,2842399,34108788,1343237,16118844,127283078,18527708,8209980,242213,914,0,0
C077768,3245298,38943576,1526555,18318660,152849884,62133588,53255525,381501,781,0,0
C077769,4299387,51592644,2111298,25335576,215636701,31409829,31409829,359141,860,0,0
C077770,4059344,48712128,1377070,16524840,635002296,71756896,43370212,337360,811,0,0
C077771,2978332,35739984,1595036,19140432,64970608,31951209,18723476,311020,798,1,0
C077772,5404549,64854588,3388372,40660464,300332052,97405558,64815851,265271,707,1,1
C077773,5115528,61386336,4034342,48412104,128701643,25854601,25854601,470568,682,0,1
C077774,3401023,40812276,1999162,23989944,483389783,36482486,26504266,293746,737,0,0
C077775,3737626,44851512,1509464,18113568,95658449,96141717,86878486,519644,793,0,0
C077776,5406551,64878612,3304349,39652188,153461727,79546497,76261264,697880,791,0,0
C077777,8818290,105819480,5818051,69816612,187677339,176011653,136796056,1468409,756,0,0
C077778,4322661,51871932,2432207,29186484,149944260,102782403,80875705,435077,786,0,0
C077779,4483265,53799180,3014089,36169068,294893717,33447308,22132480,553120,649,0,1
C077780,12000000,144000000,7404815,88857780,1289702279,197983667,114837591,891002,678,1,0
C077781,5874794,70497528,3929657,47155884,692229350,31791301,29953607,284887,836,0,0
C077782,4291206,51494472,2116523,25398276,184848926,79319359,53962638,773489,712,0,0
C077783,2841391,34096692,2525608,30307296,54490984,11729357,11729357,225008,742,0,0
C077784,3517829,42213948,2521576,30258912,590995272,113491595,84392457,670333,703,0,0
C077785,3129483,37553796,1622253,19467036,230540195,10719284,6918233,124850,768,0,0
C077786,4462493,53549916,2359757,28317084,216894279,63568987,36861203,453788,705,0,0
C077787,3526654,42319848,1521387,18256644,157892638,29222013,18508914,340302,814,0,0
C077788,3266082,39192984,1840490,22085880,171994122,19369936,12169713,130421,841,0,0
C077789,8367566,100410792,4903426,58841112,1081109359,151610975,114214375,931171,787,0,0
C077790,5644204,67730448,3984686,47816232,161967447,87500065,80102770,943752,639,1,0
C077791,5536837,66442044,2512624,30151488,144101171,71031097,35199669,322557,862,0,0
C077792,6716631,80599572,4724625,56695500,425156572,42245306,42245306,587486,848,0,0
C077793,2887804,34653648,1624929,19499148,102131605,14817801,14817801,86976,803,0,0
C077794,3338828,40065936,1922106,23065272,121775912,50677094,37114047,122918,675,0,1
C077795,8611622,103339464,5513511,66162132,887590418,171099709,128917768,1080233,815,0,0
C077796,2837416,34048992,1825500,21906000,138475023,8847158,8847158,68803,750,0,0
C077797,5349797,64197564,2002662,24031944,502785210,71542250,38684378,366025,846,0,0
C077798,6409767,76917204,4255962,51071544,767471665,168828756,134293982,870258,760,0,1
C077799,2465522,29586264,1136748,13640976,74085165,22620847,22620847,228942,791,0,0
C077800,6006538,72078456,3232081,38784972,429050346,85060154,58607509,526695,738,0,1
C077801,3709600,44515200,2096087,25153044,147287548,51204840,36400789,703708,730,3,1
C077802,2832914,33994968,1219916,14638992,270898576,41983959,33241421,56658,757,0,0
C077803,3086368,37036416,1748837,20986044,50530555,40313549,21381156,387254,838,0,0
C077804,4543609,54523308,2796101,33553212,112684426,109991259,93398990,606238,821,1,0
C077805,6082467,72989604,3409851,40918212,100189133,181519542,126888825,1161560,586,0,0
C077806,3920661,47047932,1202086,14425032,103117173,54867495,29347307,178630,786,0,0
C077807,3549389,42592668,2600674,31208088,82776074,12247815,12247815,70988,785,0,0
C077808,4440430,53285160,2790655,33487860,211639650,35724489,17422099,341363,849,0,0
C077809,4008306,48099672,2356705,28280460,95421823,89391652,77734799,535129,778,0,0
C077810,3810277,45723324,2575199,30902388,423945694,43907414,32110995,423335,829,0,0
C077811,2902979,34835748,1126859,13522308,238618963,58756695,58756695,362382,879,0,0
C077812,2299757,27597084,574939,6899268,113560619,29843027,19521846,176094,770,0,0
C077813,1924570,23094840,1235991,14831892,99554437,14450285,5530341,277191,731,0,0
C077814,5313507,63762084,2040957,24491484,241393950,65194226,45057827,437574,828,0,0
C077815,5012465,60149580,3713565,44562780,784490135,45454571,32253004,701739,733,0,0
C077816,4616076,55392912,2370542,28446504,24799690,84871192,35560201,297169,830,0,0
C077817,5474188,65690256,4227123,50725476,370373201,95828977,80065117,868067,702,1,1
C077818,1819817,21837804,638129,7657548,27283739,32130818,32130818,197336,829,0,0
C077819,6667634,80011608,3604714,43256568,120583134,191454690,169160732,1354325,757,0,0
C077820,5322159,63865908,3468314,41619768,163532908,91139386,72288805,627834,767,0,0
C077821,4003190,48038280,1973604,23683248,122718773,74340436,36116407,524272,768,0,0
C077822,4906424,58877088,1912982,22955784,215380875,102356627,87371125,523130,950,0,0
C077823,3989695,47876340,1659008,19908096,184217156,88221247,73464949,625813,737,0,0
C077824,5398992,64787904,2369138,28429656,68456749,62615617,43436786,433960,775,0,0
C077825,4941823,59301876,3785886,45430632,614849687,87271822,76214731,888291,711,1,1
C077826,5242957,62915484,2992607,35911284,213012984,137339299,118732392,1035061,693,0,0
C077827,4244440,50933280,1698603,20383236,713065920,56507221,29894690,91520,893,0,0
C077828,2362152,28345824,1473211,17678532,190819896,22148804,15414725,180253,901,0,0
C077829,2309222,27710664,1338551,16062612,20425488,45082973,41851541,298524,697,0,0
C077830,2366202,28394424,1459112,17509344,152696752,38001575,24035383,254895,783,0,0
C077831,2636767,31641204,1357183,16286196,86888044,52292110,47737580,475455,702,0,0
C077832,12000000,144000000,8612711,103352532,240000248,252282084,252282084,2248662,811,0,0
C077833,2559576,30714912,1890552,22686624,119963453,16803168,16803168,262835,835,0,0
C077834,4277903,51334836,2539370,30472440,154820455,109477570,97662576,664079,836,0,0
C077835,5837688,70052256,3053905,36646860,481326974,62083667,46646904,600277,766,0,0
C077836,4590695,55088340,1807979,21695748,161286581,26725000,17911541,204839,808,0,0
C077837,4338352,52060224,2674607,32095284,132290354,24730326,20901886,485286,790,0,0
C077838,3530802,42369624,1875505,22506060,261894473,9713175,9713175,123479,810,0,0
C077839,3454096,41449152,1739064,20868768,152233386,36216723,29395565,405441,816,0,0
C077840,4183289,50199468,3041808,36501696,108532615,99073805,99073805,877925,698,1,0
C077841,6119482,73433784,3383277,40599324,670211837,20342226,18136957,233823,870,0,0
C077842,6359854,76318248,5002347,60028164,173294495,30560436,10852005,127197,815,0,0
C077843,4800553,57606636,2137522,25650264,806492904,23169738,23169738,231074,807,0,0
C077844,4175121,50101452,2212937,26555244,103869436,23016751,20223242,144953,735,0,0
C077845,4667370,56008440,1843518,22122216,161935802,84784430,37390771,516910,692,0,0
C077846,6604452,79253424,4673945,56087340,234500244,107536441,83893786,874809,755,2,0
C077847,2647568,31770816,2041154,24493848,136133397,16399852,16399852,202709,791,0,0
C077848,2096795,25161540,1450617,17407404,93180456,10388845,3534879,71941,783,0,0
C077849,2657789,31893468,1838221,22058652,139859758,34685963,24004548,273068,772,0,1
C077850,4547545,54570540,3092230,37106760,94471470,65775404,17330745,490091,614,0,0
C077851,2576710,30920520,1564646,18775752,91664465,19020304,13367341,258095,773,0,0
C077852,6902419,82829028,3880197,46562364,214846070,57409761,34968088,138048,767,0,0
C077853,3545407,42544884,2581776,30981312,514677997,54171707,34525918,290341,840,0,0
C077854,2992689,35912268,1035777,12429324,409285776,35317079,24274483,415686,844,0,0
C077855,5832583,69990996,2572763,30873156,175056830,120372583,120372583,768221,701,2,0
C077856,4104182,49250184,2338641,28063692,165576508,36672585,20644241,249272,825,0,0
C077857,7399345,88792140,4177439,50129268,341698129,165361678,101518344,647316,755,0,0
C077858,4236641,50839692,2419355,29032260,278688397,52753195,40010113,269821,790,0,0
C077859,3877887,46534644,2640762,31689144,54753751,59725736,59725736,380099,831,0,0
C077860,4310578,51726936,3178898,38146776,316946271,58616265,38607075,228297,788,0,0
C077861,5835406,70024872,2915759,34989108,178901625,202086399,201775363,1536487,867,0,0
C077862,5267735,63212820,2745044,32940528,560403244,34940677,29591622,423945,756,0,0
C077863,3977494,47729928,1828859,21946308,100605268,54743622,54743622,494493,823,0,0
C077864,3109250,37311000,2356224,28274688,269878245,20003270,17274269,463561,792,0,0
C077865,2895165,34741980,1777343,21328116,138781178,44399539,21688145,209880,810,0,0
C077866,2694503,32334036,1671892,20062704,84168762,91636293,91636293,594529,770,0,0
C077867,4525755,54309060,2230005,26760060,65931747,24070219,18746134,270031,789,0,0
C077868,4030347,48364164,3205058,38460696,128831883,89473449,68779237,733301,812,1,0
C077869,7825293,93903516,4583822,55005864,91926110,160581501,160581501,1404440,830,0,0
C077870,1800000,21600000,1283726,15404712,293958726,25324316,17514420,166891,753,0,0
C077871,4111043,49332516,1857297,22287564,355533860,34690348,28946621,365214,759,1,0
C077872,5302627,63631524,4214043,50568516,338902023,28832393,28832393,664429,704,0,0
C077873,2719908,32638896,1243689,14924268,61985620,32763146,26491589,189714,771,1,0
C077874,4053451,48641412,1906639,22879668,134047032,14913811,14913811,173717,817,0,0
C077875,4689750,56277000,3596668,43160016,108404824,71888141,66317077,472242,790,0,0
C077876,2070887,24850644,898939,10787268,61101766,41909235,28975401,245330,763,0,0
C077877,4511406,54136872,3162562,37950744,185611036,56675629,37106852,348838,835,0,0
C077878,3386168,40634016,1881519,22578228,399103409,24303169,22100853,108897,791,0,0
C077879,2485714,29828568,1141810,13701720,48533927,84601349,67993041,508696,748,0,0
C077880,2158874,25906488,1658791,19905492,119619732,62985066,56320545,397247,768,0,0
C077881,2447164,29365968,1132143,13585716,97087143,13092748,13092748,100780,796,0,0
C077882,3190030,38280360,1902609,22831308,89887672,52290591,38648355,358035,790,0,0
C077883,3165039,37980468,1176669,14120028,132856021,26453709,24921696,164912,820,0,1
C077884,2891500,34698000,1971579,23658948,96338275,70410258,67700217,507285,732,0,0
C077885,3008502,36102024,1409868,16918416,250333797,32175014,18125096,331225,810,0,0
C077886,8636823,103641876,3591915,43102980,164535904,127820895,72693900,852033,785,0,0
C077887,3030462,36365544,2302732,27632784,73661169,61099369,61099369,552435,681,1,0
C077888,4683010,56196120,2321572,27858864,91763882,28608777,26592906,212354,750,0,0
C077889,4520390,54244680,2878331,34539972,458479564,20758516,19486764,104917,772,0,0
C077890,3182351,38188212,2087576,25050912,286922614,47993087,47993087,444716,740,0,0
C077891,6880405,82564860,5103614,61243368,318067439,129422803,129422803,508406,820,0,0
C077892,3408246,40898952,1664544,19974528,52612176,71300364,71300364,970336,758,0,1
C077893,2362159,28345908,956138,11473656,71803898,52254556,43807875,407380,756,0,0
C077894,1800000,21600000,643261,7719132,84984168,20118343,15393974,147565,841,0,0
C077895,2905582,34866984,1656309,19875708,225682916,85667088,72865802,552340,755,0,0
C077896,5422582,65070984,4057418,48689016,90320141,25192408,25192408,670116,892,0,0
C077897,3541186,42494232,2504823,30057876,294225465,60458221,54191038,510218,752,0,0
C077898,3631313,43575756,2813838,33766056,48212869,73723164,45804755,251993,693,1,1
C077899,6239492,74873904,4118872,49426464,134426003,111132442,108311365,1072602,854,0,0
C077900,3070494,36845928,1865386,22384632,73112168,134804206,126074471,821144,859,0,0
C077901,3429389,41152668,1164800,13977600,205357585,64899854,56739699,648260,706,0,0
C077902,2403426,28841112,1537365,18448380,140716247,53675819,46767052,298257,681,1,0
C077903,2763275,33159300,2176640,26119680,165329706,47005937,42943502,328159,777,0,0
C077904,3582924,42995088,1627456,19529472,92796288,29255644,23366966,253563,876,0,0
C077905,7197406,86368872,4058798,48705576,271688119,104924014,94372844,584209,832,0,0
C077906,4903082,58836984,2946406,35356872,72594342,58375934,56449235,578094,799,0,0
C077907,5028793,60345516,1632673,19592076,74680082,162433843,142073874,966752,805,0,0
C077908,3661066,43932792,1531581,18378972,431419322,23814280,18918286,309798,802,0,0
C077909,4958668,59504016,3793733,45524796,550347070,85041400,75977903,899258,838,0,0
C077910,2339674,28076088,1578345,18940140,176706445,47609158,39299535,166585,700,0,0
C077911,2950846,35410152,1838731,22064772,70193854,19523243,11568982,134261,740,1,0
C077912,9017268,108207216,4882882,58594584,722720296,82066159,73524242,581910,838,0,0
C077913,2187678,26252136,1097975,13175700,201302413,30351729,19913717,180944,876,0,0
C077914,2799749,33596988,2238798,26865576,222903545,71663366,67525073,404498,711,0,0
C077915,3128968,37547616,1443259,17319108,98890651,13400971,8554004,120799,603,0,0
C077916,1800000,21600000,1193607,14323284,56379141,24465652,5862942,97681,760,0,0
C077917,4424089,53089068,1987329,23847948,585011295,70116652,57634215,424248,814,0,0
C077918,4509679,54116148,2251237,27014844,183639752,19184384,19184384,186167,869,0,0
C077919,1800000,21600000,961646,11539752,71291386,84541506,75442133,448989,700,0,0
C077920,2550079,30600948,1674587,20095044,36620727,96469004,83360088,504706,742,0,0
C077921,8942125,107305500,4089909,49078908,571696706,273424487,267015623,2454589,741,0,0
C077922,2963488,35561856,1175079,14100948,175056576,20393633,13298353,398582,805,0,0
C077923,2295449,27545388,1277277,15327324,41988805,20261335,16615978,368779,761,0,0
C077924,2451976,29423712,1618553,19422636,41026186,46116151,32915586,427878,731,1,1
C077925,1800000,21600000,1119819,13437828,78246192,21631928,19726476,227121,747,0,0
C077926,2778543,33342516,973221,11678652,377768243,24306173,7259390,192530,872,0,0
C077927,5235460,62825520,2138903,25666836,68343914,65299649,47231915,598694,764,0,0
C077928,6418843,77026116,3658818,43905816,388735707,98371689,67855842,1000070,745,1,0
C077929,5023926,60287112,3184845,38218140,278437768,86403302,81043450,961340,781,0,0
C077930,3866504,46398048,1899765,22797180,239319053,51951637,33298358,645291,739,0,0
C077931,4061645,48739740,1663210,19958520,115346135,46057723,18180642,81233,818,0,0
C077932,2772401,33268812,1452134,17425608,155870912,25985214,10862355,55448,746,0,0
C077933,2615869,31390428,1229217,14750604,92084356,18897458,5776902,88286,865,0,0
C077934,2767966,33215592,1646954,19763448,149703047,28057093,21893943,227781,824,0,0
C077935,2591866,31102392,2511705,30140460,203632011,51415850,42903091,495075,643,1,1
C077936,4845820,58149840,2920891,35050692,233583643,57512452,39854463,491484,750,1,0
C077937,4783481,57401772,2995149,35941788,142421716,50672447,21404782,241765,807,0,0
C077938,8625848,103510176,4648613,55783356,663968853,123539568,73554467,675980,690,0,1
C077939,3954929,47459148,2551542,30618504,239481110,74685622,61988616,798268,763,0,1
C077940,6471524,77658288,5700993,68411916,603919141,102113985,69771418,798953,637,2,0
C077941,4547355,54568260,3253525,39042300,116355271,88816627,62699318,1117229,647,0,1
C077942,4149884,49798608,2705782,32469384,137645332,160886148,160886148,1369687,679,0,0
C077943,3315747,39788964,2129009,25548108,186903089,82576964,82576964,766426,825,0,0
C077944,5879028,70548336,2529175,30350100,510652231,39316980,39316980,117581,755,0,0
C077945,5956698,71480376,5185131,62221572,166611618,69401798,30457662,1141872,691,0,0
C077946,2948380,35380560,737095,8845140,78098430,74384544,54996973,413593,728,1,0
C077947,3572457,42869484,2519465,30233580,125640383,72660776,63029307,374073,750,0,0
C077948,3665724,43988688,1200263,14403156,117846767,32755904,32755904,73314,774,0,0
C077949,3025200,36302400,1360510,16326120,39518869,15523614,14877956,60504,815,0,0
C077950,2707071,32484852,1302722,15632664,118164064,12823375,12823375,141895,808,0,0
C077951,3081011,36972132,1701531,20418372,362758540,32071331,18087599,61620,824,0,0
C077952,4538325,54459900,2471158,29653896,762438600,102187551,85270171,792299,706,0,0
C077953,4831512,57978144,2175572,26106864,326173217,93659445,74612051,932393,766,0,0
C077954,10969404,131632848,5212968,62555616,278074985,55505151,44141976,219388,886,0,0
C077955,3380979,40571748,1006360,12076320,99992088,99379128,77242458,505610,737,0,1
C077956,3133027,37596324,1721167,20654004,125237661,16945991,16945991,155051,830,0,0
C077957,9829874,117958488,2815951,33791412,127984949,215343473,162244924,929991,766,0,0
C077958,3578644,42943728,2739502,32874024,131275396,50721589,38593429,691829,677,0,0
C077959,3041204,36494448,1564754,18777048,251975191,56329725,39520433,391011,712,0,0
C077960,3746535,44958420,1683353,20200236,336268354,23859504,18808598,111901,794,0,0
C077961,2677701,32132412,2176168,26114016,44934448,26457232,24955152,297266,668,3,0
C077962,2774780,33297360,1921047,23052564,196430382,35072965,21477096,361545,857,1,0
C077963,5147613,61771356,3465496,41585952,193021159,43447861,30927576,661498,766,0,0
C077964,3215699,38588388,1794598,21535176,133568038,45430736,27624310,153545,771,0,0
C077965,3871859,46462308,2476187,29714244,256160264,135082483,124889385,902825,715,0,0
C077966,7935959,95231508,6345728,76148736,415315579,42876596,41363582,899827,743,0,0
C077967,2438210,29258520,1477885,17734620,126027957,128597672,114157414,785912,667,0,1
C077968,6677397,80128764,3831671,45980052,326899049,69637608,69637608,440573,759,0,0
C077969,5445142,65341704,4179256,50151072,546977036,82688453,73706204,939289,702,0,1
C077970,8454894,101458728,5277440,63329280,1116864804,100871756,100871756,868360,747,0,0
C077971,4218930,50627160,2479123,29749476,170620798,66188685,40500783,332809,712,0,0
C077972,3258211,39098532,1548133,18577596,113962678,30196669,16889559,301828,823,0,0
C077973,7790323,93483876,3043827,36525924,256414435,306528172,294166866,2155569,813,0,0
C077974,3192858,38314296,2494542,29934504,298208917,21780174,12408279,223611,801,0,0
C077975,4369670,52436040,2661974,31943688,265744862,51434369,35799431,466920,842,0,0
C077976,4400488,52805856,2546667,30560004,131446001,24974890,24974890,288429,827,0,0
C077977,5234196,62810352,2771339,33256068,221553538,146723285,126058758,954991,799,0,0
C077978,2681184,32174208,1380908,16570896,97602267,28745878,19821070,371179,794,0,0
C077979,6239169,74870028,2808743,33704916,281852277,59004862,46708309,1161405,710,0,0
C077980,4674069,56088828,2085797,25029564,78428207,79580030,79580030,337940,729,0,0
C077981,6401827,76821924,4312811,51753732,417965447,97112694,60596523,414013,788,0,0
C077982,2827060,33924720,2077185,24926220,140697210,32687893,25782935,142146,684,0,0
C077983,2884292,34611504,2055776,24669312,445728121,57441858,38429844,201378,715,0,0
C077984,3176725,38120700,1796104,21553248,108825211,27431513,16352949,268793,922,0,0
C077985,4692735,56312820,2669446,32033352,97237114,128731440,122829885,1009055,847,0,0
C077986,2268906,27226872,1689374,20272488,191990690,12328947,7284906,281668,755,0,0
C077987,4787722,57452664,2387507,28650084,177344446,78108126,53751646,557408,800,0,0
C077988,3693736,44324832,2629642,31555704,221476033,109679824,100100345,551645,754,0,0
C077989,3627376,43528512,2345733,28148796,80215287,86185447,66459006,625811,699,0,0
C077990,3989076,47868912,2153076,25836912,207737394,42371593,25880285,350911,950,0,0
C077991,3089568,37074816,2265731,27188772,63679238,43385970,20480896,185091,839,0,0
C077992,5649230,67790760,2272067,27264804,112193687,30578705,30021670,113300,759,0,0
C077993,8499773,101997276,4976641,59719692,748181484,96975763,57216569,583988,866,0,0
C077994,4012449,48149388,1788556,21462672,119713074,98349872,69559551,368323,806,0,0
C077995,2076700,24920400,1629179,19550148,114316063,33523010,24589598,141252,732,0,0
C077996,6175768,74109216,5205392,62464704,212165273,59694009,39453834,708644,824,1,0
C077997,2193589,26323068,1366939,16403268,73785421,21814899,21018047,323079,717,1,0
C077998,3120817,37449804,2270237,27242844,79192110,108212760,94493586,548403,822,0,0
C077999,4639332,55671984,2493311,29919732,48971615,64793725,53867571,488724,860,0,0
C078000,4407348,52888176,2700645,32407740,128643290,29263506,20840426,209284,832,0,0
C078001,2951026,35412312,1384307,16611684,63962242,80159112,80159112,627327,769,0,0
C078002,4533547,54402564,3193624,38323488,55938414,42038310,14975172,437417,697,0,0
C078003,2207028,26484336,1560537,18726444,56033196,34210968,27142397,264571,655,1,0
C078004,4728761,56745132,3763547,45162564,377830710,73729275,48255114,649779,711,0,0
C078005,2453919,29447028,940174,11282088,94798079,9696008,7449972,155023,771,0,0
C078006,2919267,35031204,1442801,17313612,244492515,32647088,22773803,369287,726,0,0
C078007,6512205,78146460,4335316,52023792,234052742,70686952,43631373,604716,877,1,0
C078008,9525903,114310836,5455690,65468280,608480078,207639358,181203012,1026683,808,0,0
C078009,2840791,34089492,2329516,27954192,86025953,69012008,56844016,317266,763,0,0
C078010,1860953,22331436,1148571,13782852,175170446,104413740,100491462,634716,657,1,0
C078011,2777558,33330696,2069963,24839556,110074070,29917648,20508735,408622,687,1,0
C078012,3064750,36777000,1351955,16223460,62867197,52706849,47024618,586230,837,0,0
C078013,6163042,73956504,2339003,28068036,219892414,309954400,288634575,1873894,697,0,0
C078014,4414303,52971636,2708994,32507928,275015825,51087510,26387511,385142,728,0,0
C078015,4869543,58434516,2962811,35553732,158087141,126140792,109450385,800484,785,0,1
C078016,4289246,51470952,2846314,34155768,232057185,99014398,71032875,649208,854,0,0
C078017,2429800,29157600,2029989,24359868,86519163,54032815,34790124,511812,569,5,1
C078018,2585963,31031556,1985490,23825880,78943343,9024608,8197189,151634,857,0,0
C078019,4963086,59557032,3274308,39291696,51949680,43930839,34126155,625598,752,0,0
C078020,5331529,63978348,3871293,46455516,266634026,61725182,43147388,582447,677,0,0
C078021,2830331,33963972,1323760,15885120,65079436,30010291,15393667,250945,781,0,0
C078022,2792164,33505968,2388405,28660860,81547528,52560077,42799946,482295,639,3,1
C078023,4486945,53843340,2079965,24959580,165054361,96453543,96453543,750877,867,0,0
C078024,1800000,21600000,765493,9185916,58209880,16421434,16421434,117571,849,0,0
C078025,2889893,34678716,1640746,19688952,485502024,54692266,36506869,363398,760,0,0
C078026,3281921,39383052,2436738,29240856,78790937,27349474,20291692,473721,759,0,0
C078027,2543693,30524316,1421937,17063244,67544303,26829750,13869461,75871,823,0,0
C078028,2990988,35891856,1059710,12716520,125881196,86166527,82434902,522378,836,0,0
C078029,2670522,32046264,1396806,16761672,87424590,38580867,38580867,414350,814,1,0
C078030,4945876,59350512,2340256,28083072,254900877,107439481,106146753,893172,730,0,0
C078031,2325167,27902004,1586883,19042596,189485634,80910486,61570783,454444,667,0,0
C078032,7105028,85260336,4036251,48435012,523830739,131968177,114584918,1113127,804,0,0
C078033,4258830,51105960,2452227,29426724,338505217,61761281,61761281,383887,725,0,0
C078034,4658913,55906956,2100653,25207836,81970277,13567694,13567694,452119,752,1,0
C078035,3368380,40420560,2553232,30638784,213214652,37804629,19011632,152627,783,0,0
C078036,4399352,52792224,2864072,34368864,644957469,63802801,47497785,437486,785,0,0
C078037,5810878,69730536,3470263,41643156,159243231,97363264,64860201,339012,764,0,0
C078038,2210710,26528520,849419,10193028,246066421,36879053,24617487,151301,729,0,0
C078039,3086657,37039884,1463797,17565564,279812308,31231443,26461204,441753,752,0,0
C078040,1971455,23657460,1203610,14443320,92885358,43997113,37805643,284831,681,0,0
C078041,6352057,76224684,6595269,79143228,234843001,131509911,83575010,964786,660,3,1
C078042,6804262,81651144,3572336,42868032,288891519,57539001,35713950,142602,741,2,0
C078043,3155213,37862556,2500270,30003240,63178445,43664495,31951544,597984,615,0,1
C078044,4201214,50414568,2666781,32001372,135471783,47459391,15048787,467271,715,0,0
C078045,2990534,35886408,2475484,29705808,55656973,33533547,31669571,254995,622,1,1
C078046,2566356,30796272,1845159,22141908,246820178,27362762,23455240,328977,706,0,0
C078047,6299677,75596124,3146433,37757196,547487310,83323328,69959304,460155,861,0,0
C078048,3338054,40056648,1976293,23715516,171721576,68692393,56415312,612003,735,0,0
C078049,3712220,44546640,2678635,32143620,160620810,40199548,40199548,339751,782,0,0
C078050,2445773,29349276,1560008,18720096,410889864,11265180,11265180,178033,793,0,0
C078051,3482037,41784444,2182722,26192664,318874293,95758089,87705458,707696,789,0,0
C078052,4437545,53250540,4001935,48023220,239278997,46409260,25288735,169550,791,1,0
C078053,2574642,30895704,1134840,13618080,56003018,12106053,12106053,269522,824,0,0
C078054,3641335,43696020,2775495,33305940,509918212,23754386,20615418,243319,777,1,0
C078055,8303415,99640980,5299785,63597420,353888670,55270034,29835000,756990,792,0,0
C078056,2950330,35403960,1624893,19498716,59022159,42604113,41121996,472142,751,0,0
C078057,1800000,21600000,1025253,12303036,81087285,19151875,19151875,247295,795,0,0
C078058,2330422,27965064,1647715,19772580,190572494,49855486,42380513,426863,706,1,0
C078059,5904693,70856316,4498571,53982852,214018516,271459498,227667556,1499769,720,0,1
C078060,4357159,52285908,2237691,26852292,60194846,55206597,34607196,344022,782,0,0
C078061,2726649,32719788,2006064,24072768,319998861,28255346,21584325,278295,648,0,0
C078062,3278622,39343464,1730577,20766924,95012750,112514559,110761451,554859,709,0,0
C078063,5124135,61489620,4613127,55357524,154980903,68457954,68457954,930894,753,0,1
C078064,3175781,38109372,1638881,19666572,75445301,22256284,17955934,206663,870,0,0
C078065,5545716,66548592,3055649,36667788,582784784,67467947,55396503,533667,703,0,0
C078066,1800000,21600000,1298875,15586500,68828191,20821291,19520899,195581,685,0,0
C078067,3239874,38878488,1429200,17150400,91162587,62871195,60115538,287997,813,0,0
C078068,3176343,38116116,1666173,19994076,81678648,13361989,13361989,63527,823,0,0
C078069,2734477,32813724,1785450,21425400,48590430,19836674,15234759,169402,740,0,0
C078070,8095207,97142484,4901555,58818660,231668386,141672582,92650931,771325,765,0,0
C078071,5259950,63119400,3610829,43329948,110610965,111759228,111759228,1114157,832,0,0
C078072,3716979,44603748,1875692,22508304,178675351,169061200,148795778,1087066,748,0,0
C078073,4256358,51076296,1942224,23306688,134969638,67524438,67524438,489447,749,0,0
C078074,5943193,71318316,3619855,43438260,48352108,92389546,92389546,692785,896,0,0
C078075,3258709,39104508,1146257,13755084,97751548,50014445,20865681,394162,839,0,0
C078076,2344270,28131240,871843,10462116,76574129,46256133,33628273,329361,735,2,0
C078077,3072819,36873828,2462561,29550732,256083475,46043537,37711467,317353,810,0,0
C078078,4141147,49693764,2008503,24102036,151071092,39705813,24040848,584681,820,0,0
C078079,2684207,32210484,1433297,17199564,38741309,5464016,5464016,113275,752,0,0
C078080,5467810,65613720,3039512,36474144,714151486,109166193,84784272,926862,841,0,0
C078081,3610017,43320204,1504443,18053316,158805509,14080242,11789784,72200,844,0,0
C078082,2504724,30056688,1714079,20568948,366421362,25892382,13461371,142128,813,0,0
C078083,4645384,55744608,2450616,29407392,306361812,85320601,69729471,618592,773,0,0
C078084,3154084,37849008,1476300,17715600,39409949,56501921,50182732,581197,698,1,0
C078085,3304615,39655380,1885299,22623588,97529079,31025053,22561432,311214,867,0,0
C078086,2887975,34655700,1546684,18560208,255745875,50225518,43878271,501649,916,0,0
C078087,1800000,21600000,1033678,12404136,97252185,30246827,28112614,255908,807,0,0
C078088,4956575,59478900,2867891,34414692,832704600,66290700,41743937,382308,812,0,0
C078089,3724938,44699256,2040691,24488292,243581239,23355612,23355612,639027,743,1,0
C078090,3476215,41714580,2325904,27910848,72293664,33074794,10167364,119611,769,0,0
C078091,2860724,34328688,1611585,19339020,37799753,142022046,142022046,937968,738,0,0
C078092,2665972,31991664,1563124,18757488,147502410,47020490,41566822,177490,764,2,0
C078093,4200223,50402676,2893470,34721640,457375070,55234339,46739312,221804,783,0,0
C078094,4211162,50533944,2375169,28502028,263306833,60612469,47689086,339391,812,0,0
C078095,5397567,64770804,3420319,41043828,154109759,47749116,30061013,444316,759,0,0
C078096,6685384,80224608,4804092,57649104,295085793,46537274,46537274,892414,785,0,0
C078097,5577309,66927708,2267047,27204564,585071640,69675500,59186047,991640,722,1,0
C078098,2493578,29922936,1894744,22736928,86222769,20963324,17106278,73953,792,0,0
C078099,4519182,54230184,2858703,34304436,251450901,33680638,33680638,423185,677,0,0
C078100,6509607,78115284,2268713,27224556,90259672,121159712,121159712,570270,755,2,0
C078101,4110062,49320744,2954512,35454144,426459057,23929843,16991647,298360,855,0,0
C078102,3834804,46017648,2548181,30578172,136889535,17969156,8673055,76696,728,1,0
C078103,4090920,49091040,2243191,26918292,234279718,26717655,20840605,81818,894,0,0
C078104,6732880,80794560,3837398,46048776,283506962,134021473,122600195,1033983,922,0,0
C078105,4493910,53926920,2869671,34436052,98663438,59713434,38778045,322564,852,0,0
C078106,6268211,75218532,3989344,47872128,257806240,40386235,39269143,689946,720,0,0
C078107,8272805,99273660,4926053,59112636,727259823,196312260,196312260,1316859,774,0,0
C078108,5796288,69555456,4437456,53249472,147850991,25962586,25962586,690129,700,0,0
C078109,5447137,65365644,3669129,44029548,306367392,105171609,86558581,834601,749,0,0
C078110,4342830,52113960,3279851,39358212,136213457,50954113,39935145,86857,721,0,0
C078111,4531007,54372084,2685945,32231340,498888889,61176306,61176306,499646,826,0,0
C078112,3011245,36134940,1976289,23715468,101110361,95073274,76533216,789131,702,0,0
C078113,2447867,29374404,1693525,20322300,263865832,24859923,23502447,281041,823,0,0
C078114,2865773,34389276,1582848,18994176,135944610,13502830,13502830,227678,760,0,0
C078115,3536851,42442212,2233000,26796000,594190968,190989954,190989954,1258982,740,0,0
C078116,3481382,41776584,1606970,19283640,311300392,80279523,80279523,663040,813,0,0
C078117,3994330,47931960,2755353,33064236,206282124,68661052,45043804,371139,748,0,0
C078118,5384821,64617852,1975775,23709300,145872679,47904399,19191331,433686,783,1,0
C078119,1913216,22958592,1250668,15008016,107242136,18343486,10634445,50000,777,0,0
C078120,6283589,75403068,4457991,53495892,482569458,135945825,121376290,1058681,735,0,1
C078121,5873730,70484760,3000038,36000456,333565216,43829568,27458232,795043,760,0,0
C078122,2872490,34469880,1318680,15824160,29905131,23539562,23539562,211752,821,0,0
C078123,4579282,54951384,2894244,34730928,293612434,70390830,55347428,308233,912,0,0
C078124,3013365,36160380,1573186,18878232,153395047,50850597,38333816,218501,841,0,0
C078125,3916151,46993812,2317277,27807324,322797269,24061461,19599640,293336,772,0,1
C078126,3233181,38798172,2237288,26847456,101438659,27042558,16399031,87009,895,0,0
C078127,2269560,27234720,1323253,15879036,35294049,33590946,33590946,196931,755,0,0
C078128,2963238,35558856,1723805,20685660,69650666,60011581,55093803,363954,787,0,0
C078129,3148831,37785972,2332545,27990540,90161581,117965462,95346394,923070,677,0,1
C078130,4082219,48986628,2884208,34610496,144744184,29367419,27637040,371314,745,0,0
C078131,7583417,91001004,5007130,60085560,189909623,93078058,24593029,453382,759,0,0
C078132,4465916,53590992,2206539,26478468,440571597,146059285,127782102,993319,731,0,1
C078133,2382040,28584480,1700332,20403984,54891893,26960222,16594675,127028,859,1,0
C078134,5074161,60889932,2780211,33362532,235758793,58059766,38243229,603673,718,0,0
C078135,3016698,36200376,1383660,16603920,128544834,15840176,15840176,305393,746,0,0
C078136,2404683,28856196,1251915,15022980,138730912,45628735,34325379,423740,796,0,0
C078137,3246557,38958684,2615840,31390080,72606877,22026600,11624838,359519,729,0,0
C078138,3711010,44532120,1125006,13500072,136770730,46916495,31437351,300385,834,0,0
C078139,3352461,40229532,1758498,21101976,78911249,45701596,45701596,548077,788,0,0
C078140,2546241,30554892,984592,11815104,173646938,43469649,42452884,356537,779,0,0
C078141,2830292,33963504,1711832,20541984,64372334,40088598,33603517,354726,905,0,0
C078142,2954498,35453976,1600303,19203636,17005325,42369530,42369530,173361,856,0,0
C078143,8939393,107272716,6685204,80222448,231911554,101709994,66392212,777032,802,1,0
C078144,1940313,23283756,1345363,16144356,71983050,56225669,47060873,393323,744,0,0
C078145,3067390,36808680,1842223,22106676,82018240,53955529,48867458,293514,820,0,0
C078146,4429245,53150940,1627918,19535016,384239758,33289363,33289363,219682,848,0,0
C078147,4283350,51400200,2395286,28743432,257269860,20397493,20397493,223005,816,0,0
C078148,2542473,30509676,999693,11996316,28962624,8723737,5464402,127126,818,0,0
C078149,8630963,103571556,7739384,92872608,110149727,154212486,107667675,1503014,726,0,0
C078150,4716912,56602944,3074570,36894840,488271303,61629891,32409177,551288,757,0,1
C078151,5241584,62899008,1896454,22757448,108917593,26645933,18540396,368924,765,0,0
C078152,3535655,42427860,2660671,31928052,314589488,18386821,9313723,310404,775,0,0
C078153,3969005,47628060,1826766,21921192,269730645,68077494,54003818,553767,790,0,0
C078154,3754037,45048444,2561893,30742716,282732861,93045064,93045064,634296,793,0,0
C078155,2132760,25593120,1424670,17096040,159466622,57691200,54906500,329539,777,0,0
C078156,3136697,37640364,1712399,20548788,56304915,89936847,89936847,715374,751,0,0
C078157,5273896,63286752,3494019,41928228,417562393,104019250,70438415,584078,805,1,1
C078158,3212016,38544192,2208799,26505588,190723383,31696307,20272355,250062,720,0,0
C078159,5785081,69420972,3306378,39676536,971893608,49628814,42743672,122346,814,0,0
C078160,3184193,38210316,1184973,14219676,45286290,54262720,43606296,481332,823,0,0
C078161,3135634,37627608,1368243,16418916,130806888,46194404,40776875,355395,753,0,0
C078162,4782995,57395940,3467351,41608212,81796555,52073659,40986852,525662,664,0,0
C078163,6215528,74586336,4097680,49172160,945439117,45351356,45351356,377453,829,0,0
C078164,4236592,50839104,3102850,37234200,144719694,39001065,27338756,240838,740,0,0
C078165,2450419,29405028,1276394,15316728,95001730,143319695,123480890,931983,633,0,0
C078166,5909867,70918404,4831994,57983928,98654568,77126628,61300785,910631,748,0,0
C078167,2329680,27956160,1280352,15364224,130929208,12330264,12330264,132179,750,1,0
C078168,4127215,49526580,2124699,25496388,73087912,35094834,26867349,82544,814,0,0
C078169,4240128,50881536,3054862,36658344,109604910,64775694,28678965,367768,707,0,0
C078170,6239744,74876928,4625182,55502184,769226913,81485289,47222225,938877,681,0,0
C078171,4352607,52231284,3407216,40886592,453007192,133977112,118624522,509043,756,0,0
C078172,5665243,67982916,3538194,42458328,226477925,137813370,96464277,701305,779,0,0
C078173,5040663,60487956,2457946,29495352,144339964,91167134,74102242,616500,747,0,0
C078174,4857107,58285284,2901602,34819224,472346324,77512260,66256796,942205,697,0,0
C078175,6403520,76842240,5502314,66027768,66671043,80609326,57309816,1034953,692,0,1
C078176,4228268,50739216,3199454,38393448,457992308,146864761,137335439,1060173,658,0,1
C078177,3362176,40346112,1783285,21399420,100116863,52048171,40315781,518309,776,0,0
C078178,5514222,66170664,2719000,32628000,414085367,140399360,121826696,874804,832,0,0
C078179,5261718,63140616,2566949,30803388,211794994,49453588,49453588,581595,805,0,0
C078180,5719355,68632260,3469392,41632704,587397188,71834699,30030790,585477,787,0,0
C078181,5779592,69355104,3898214,46778568,249277590,65302753,43442793,444554,743,2,0
C078182,3809298,45711576,2522973,30275676,86547085,20865178,16398218,477997,724,0,1
C078183,4877065,58524780,2633129,31597548,134710196,68075600,54202376,305046,697,0,0
C078184,4953411,59440932,2580557,30966684,56790673,68535027,37268924,267037,758,0,0
C078185,4266331,51195972,3147101,37765212,306017990,44663585,16075299,591895,710,0,1
C078186,7147635,85771620,3439439,41273268,264861059,97110165,97110165,711744,847,0,0
C078187,3430020,41160240,1675692,20108304,258010077,95172686,95172686,733369,845,0,0
C078188,2785567,33426804,1936166,23233992,175361457,61572487,40904802,248013,780,0,1
C078189,2519672,30236064,1243442,14921304,336731879,20847223,9555813,221470,792,0,0
C078190,5155656,61867872,2339556,28074672,262809350,73982567,73982567,390210,832,1,0
C078191,8853762,106245144,5934998,71219976,186692099,119437143,104934560,1180162,823,0,0
C078192,10880847,130570164,7810293,93723516,1589395667,155472015,79088667,712620,694,1,0
C078193,2466246,29594952,958481,11501772,61687877,51782829,51782829,502684,760,0,0
C078194,4319105,51829260,2307474,27689688,119921490,54697063,51363460,682365,750,0,0
C078195,2407250,28887000,1655198,19862376,34160763,14450547,5715842,222183,875,0,0
C078196,2501017,30012204,1365569,16386828,95401391,45028150,36191251,316147,860,0,0
C078197,10224523,122694276,7189478,86273736,670159118,186450679,141206411,555688,810,0,0
C078198,2498306,29979672,1617241,19406892,74170272,51887902,51887902,376587,727,0,0
C078199,4179760,50157120,3259135,39109620,109173864,31863300,17863112,387735,764,0,0
C078200,3902751,46833012,1149113,13789356,59152903,28920761,24665230,279308,814,0,0
C078201,3343602,40123224,1692475,20309700,169385857,53001874,52886583,620949,762,0,0
C078202,3800905,45610860,1902166,22825992,486874944,14479804,14479804,140625,828,0,0
C078203,4071731,48860772,2188822,26265864,443034343,58136707,43547196,248284,828,0,0
C078204,7624590,91495080,4449083,53388996,817626074,70731536,70731536,879919,803,0,0
C078205,9993411,119920932,4697152,56365824,208651861,103507069,74437534,341680,805,0,0
C078206,2081048,24972576,1285421,15425052,110714746,51187616,33722655,454860,636,2,0
C078207,4903254,58839048,4470095,53641140,219580368,69113322,69113322,976564,758,0,0
C078208,5523665,66283980,2721560,32658720,295153954,160537944,160537944,983108,778,0,0
C078209,3992553,47910636,2368285,28419420,93884652,24722564,8451204,79851,760,0,0
C078210,5386495,64637940,2069113,24829356,243134827,75339304,69319934,706596,937,0,0
C078211,3857912,46294944,2170266,26043192,143847975,46563387,33362774,448349,811,0,0
C078212,6296689,75560268,2890379,34684548,151246291,46795282,33397783,338390,710,0,0
C078213,4215478,50585736,2363928,28367136,270726826,68002878,49279539,428839,865,0,0
C078214,1800000,21600000,623681,7484172,39268238,55353407,51946100,547811,668,0,0
C078215,2375567,28506804,1088445,13061340,66772121,59168934,54815422,383024,835,0,0
C078216,2645123,31741476,1804814,21657768,104211955,60739659,48561381,388378,726,0,1
C078217,3503920,42047040,2881966,34583592,89308715,49022279,38739226,618356,700,0,1
C078218,3511554,42138648,1972399,23668788,128033338,35635622,27210714,275579,802,0,0
C078219,3029210,36350520,1533614,18403368,508907280,32696558,18175230,297542,778,0,0
C078220,3333082,39996984,1505964,18071568,82589875,21363198,21363198,105823,828,0,0
C078221,4977822,59733864,3206192,38474304,363339598,39299912,20476366,394372,726,0,0
C078222,2214393,26572716,1377511,16530132,43021134,36560562,19742504,240471,754,1,0
C078223,3794596,45535152,1932026,23184312,637492128,70495106,70495106,426186,835,0,0
C078224,4581098,54973176,3019667,36236004,71382679,80917703,55447366,550460,747,0,0
C078225,2853209,34238508,1887378,22648536,206488666,19962337,12149893,107953,743,0,0
C078226,2780814,33369768,1281029,15372348,111061083,56922128,56922128,385471,872,0,0
C078227,4165582,49986984,1891089,22693068,234571322,138353031,131327903,943202,618,0,0
C078228,3745693,44948316,2005088,24061056,61497877,41240810,21183799,143555,885,0,0
C078229,4989088,59869056,3791226,45494712,79780449,94341085,94341085,844511,828,0,0
C078230,3187414,38248968,1972171,23666052,355752173,60826975,59959792,573657,759,0,0
C078231,3635479,43625748,3475990,41711880,70738593,44304764,26111024,496008,691,0,1
C078232,2424423,29093076,1834678,22016136,361785847,76651495,64668353,458357,763,0,1
C078233,2562100,30745200,1095744,13148928,14507016,55626437,46246563,513454,788,0,0
C078234,2770108,33241296,1825645,21907740,110835643,16022704,8458162,189846,763,0,0
C078235,1979033,23748396,1126598,13519176,94561758,22822306,7857212,50000,749,0,0
C078236,7835591,94027092,3173846,38086152,245114434,147538350,117097236,1586574,734,0,0
C078237,5237129,62845548,4616415,55396980,335366960,40862286,37536467,656968,817,0,0
C078238,5714006,68568072,2155267,25863204,647052895,100409121,81017352,909092,796,0,0
C078239,3010704,36128448,1277371,15328452,167055100,52237906,52237906,471180,888,0,0
C078240,4207374,50488488,2434574,29214888,130724537,39591199,36261435,437666,751,0,0
C078241,3468022,41616264,2143106,25717272,129341117,34262222,18721750,69360,826,0,0
C078242,2917223,35006676,1415967,16991604,91671082,44883917,35614243,192172,848,0,0
C078243,4225975,50711700,2858322,34299864,107732072,68375825,38488388,534924,754,1,1
C078244,5229278,62751336,2943616,35323392,149737154,151265514,134246043,886974,684,0,0
C078245,5717888,68614656,3085059,37020708,68712110,107834971,90297242,770082,806,0,0
C078246,3413186,40958232,1470015,17640180,243643637,30033760,25800563,544114,888,0,0
C078247,3047923,36575076,1287816,15453792,346099762,35493026,17533144,115556,877,0,0
C078248,4575788,54909456,3252416,39028992,392734589,76443639,72411189,820836,811,0,0
C078249,1800000,21600000,1091224,13094688,55105594,21910701,21910701,228388,758,0,0
C078250,1800000,21600000,928449,11141388,236113124,18187668,12262796,125865,928,0,0
C078251,8054714,96656568,6319124,75829488,104780612,364236207,334798140,2625767,650,0,0
C078252,3728501,44742012,2227103,26725236,205715407,58639567,52199759,413398,762,0,0
C078253,6846179,82154148,4859511,58314132,444858919,95589972,87177163,523877,815,0,0
C078254,2648530,31782360,1489762,17877144,111413756,31380054,11251392,230388,807,0,0
C078255,4437825,53253900,2767153,33205836,274011314,58436321,37225985,375970,818,0,0
C078256,5741946,68903352,3607910,43294920,91261493,82012982,41096852,774840,745,0,0
C078257,2459152,29509824,1321414,15856968,364896583,24978415,17706375,207897,950,0,0
C078258,3820805,45849660,1900965,22811580,264015738,40206514,17942626,272010,785,1,0
C078259,6262981,75155772,4829890,57958680,183901232,82120407,58490744,466018,687,0,1
C078260,6915718,82988616,3097472,37169664,598941560,75323011,49824766,412941,724,0,0
C078261,4883864,58606368,3044143,36529716,152887733,33609632,33609632,228752,824,0,0
C078262,5113203,61358436,3026098,36313176,318147444,22546184,20619355,339634,805,0,0
C078263,8072468,96869616,4241009,50892108,449256033,54299732,33171609,438476,777,0,0
C078264,2382266,28587192,1603879,19246548,49889092,47172349,42242212,226565,756,0,0
C078265,6089935,73079220,3480591,41767092,738739324,50307845,50307845,489316,764,1,0
C078266,4418758,53025096,3024392,36292704,715707568,38339954,34590344,497647,787,0,0
C078267,3369342,40432104,2338464,28061568,345166088,52795717,46225182,199301,748,0,0
C078268,4881822,58581864,3211033,38532396,218689224,99523101,89817927,815189,828,0,0
C078269,2190345,26284140,1007548,12090576,357272558,33947248,25546419,310876,765,0,0
C078270,2805563,33666756,1297519,15570228,143502119,28424398,23568131,427506,881,0,0
C078271,6053326,72639912,4753467,57041604,140396409,119358270,93748383,1125626,685,0,0
C078272,6244879,74938548,4174385,50092620,563993472,87750958,59342444,763391,704,0,0
C078273,3418974,41027688,2021157,24253884,251048015,24983133,22132035,436403,718,0,0
C078274,2850563,34206756,1815253,21783036,34355850,39919518,39919518,284458,805,0,0
C078275,3610449,43325388,1682489,20189868,94739244,88574395,71859941,656197,736,0,0
C078276,5956786,71481432,3591783,43101396,112131405,41376489,18264348,343226,761,0,0
C078277,6748714,80984568,3442932,41315184,480577018,47055681,15407662,272893,728,0,0
C078278,4702910,56434920,3457575,41490900,164779876,105398655,86479163,1173550,644,1,1
C078279,7672280,92067360,2986568,35838816,233337844,90675818,77206563,633181,764,0,0
C078280,4964773,59577276,2563461,30761532,249165095,66843792,55644320,849988,811,1,0
C078281,4483853,53806236,2850666,34207992,48250832,27614862,22471764,301832,777,0,0
C078282,3315558,39786696,1913651,22963812,69780526,44552426,23609384,367069,939,0,0
C078283,4627549,55530588,1755064,21060768,88177290,34742597,20412875,420440,822,0,0
C078284,5962168,71546016,3294831,39537972,505225470,163303079,132817517,984878,782,0,0
C078285,2608455,31301460,1965425,23585100,66035462,24872733,24714465,375991,745,0,0
C078286,2558181,30698172,1608291,19299492,157020237,23858603,13973165,135452,806,0,1
C078287,2384788,28617456,1410095,16921140,47218551,14321051,8659357,165936,784,0,0
C078288,3518673,42224076,1985750,23829000,62435488,125182032,86689851,720757,644,1,1
C078289,4639644,55675728,3615863,43390356,91914072,52018413,43348600,500224,713,1,0
C078290,2484409,29812908,1794433,21533196,417380712,41772864,27032958,326555,731,2,0
C078291,2223140,26677680,1128756,13545072,136626618,6949309,5735181,89910,746,0,0
C078292,9735638,116827656,4762900,57154800,381351408,138566629,59119515,585256,713,0,0
C078293,2935483,35225796,2003644,24043728,99175652,64298979,40527303,469086,660,0,0
C078294,3468010,41616120,2107319,25287828,186424052,39442257,39442257,98719,807,1,0
C078295,3527541,42330492,2446585,29359020,105313616,94693225,88151491,649578,747,0,0
C078296,3641186,43694232,2152707,25832484,246754476,60518350,34162793,507949,735,0,1
C078297,3117616,37411392,1580897,18970764,66528308,55941518,41492137,381929,732,0,0
C078298,4222217,50666604,2628462,31541544,258899860,36016606,35709533,84444,816,0,0
C078299,2029871,24358452,969897,11638764,137907620,34292896,29198555,220708,806,0,1
C078300,3137189,37646268,1518387,18220644,53650169,62628719,51656129,392893,838,0,0
C078301,2504148,30049776,1143379,13720548,23699344,17034720,8579860,63704,855,0,0
C078302,4000149,48001788,2660354,31924248,237639720,92370414,57823217,567250,884,0,0
C078303,2265158,27181896,975354,11704248,117563070,26588598,13899218,152772,772,0,0
C078304,2987749,35852988,1352974,16235688,119815910,111511312,97048998,739114,777,0,0
C078305,1898265,22779180,678241,8138892,62393615,31425862,25861437,213673,805,0,0
C078306,3484692,41816304,2469366,29632392,51630862,50901062,47634943,714884,761,0,0
C078307,3035604,36427248,1409236,16910832,146278969,50055580,47978638,280203,794,0,0
C078308,3886017,46632204,1306308,15675696,55861847,58315085,43040077,324677,787,0,0
C078309,6511668,78140016,4679568,56154816,308926375,112633974,86779479,850879,707,0,0
C078310,4045127,48541524,1844467,22133604,33085947,29791663,23942089,431051,783,0,0
C078311,2510289,30123468,1617758,19413096,71359132,32663387,23758313,280656,847,0,0
C078312,5768279,69219348,4133227,49598724,490127118,65102247,47497386,708599,785,0,0
C078313,3141029,37692348,1753916,21046992,84578465,29365233,21506724,298806,806,2,0
C078314,4174112,50089344,2654181,31850172,59789242,79257902,68110903,484596,796,0,0
C078315,6799034,81588408,2405803,28869636,1130081266,40871458,40871458,135981,906,0,0
C078316,4904112,58849344,3152159,37825908,150427264,97815171,82399703,466797,833,0,0
C078317,4179671,50156052,2907092,34885104,459834687,56151603,25249045,516014,873,0,0
C078318,3959953,47519436,1684534,20214408,64289654,64799738,47034979,390617,782,0,0
C078319,7287902,87454824,3574535,42894420,1224367536,67478601,44792547,798521,836,0,0
C078320,4186234,50234808,2339750,28077000,131291089,14209608,11022454,243000,910,0,0
C078321,6192771,74313252,4737427,56849124,1040385528,68165671,65200475,953933,719,0,0
C078322,5625554,67506648,2785209,33422508,177462544,18494345,18494345,687046,869,0,0
C078323,4410522,52926264,2338418,28061016,113709656,15523375,15523375,287986,814,0,0
C078324,2796302,33555624,1355602,16267224,61057263,25568130,21380989,285665,837,0,0
C078325,2603413,31240956,1343981,16127772,437373384,15391231,13658052,135357,738,0,0
C078326,4074126,48889512,2416853,29002236,81325952,76339478,76339478,609722,766,0,0
C078327,6692634,80311608,4533461,54401532,117897560,78532895,59836373,388698,758,0,0
C078328,1800000,21600000,1097554,13170648,60773186,15871945,10605650,109679,800,0,0
C078329,7860930,94331160,2907863,34894356,635124066,93605120,77495353,1255402,730,0,0
C078330,4043062,48516744,1724838,20698056,338647994,30757657,30757657,80861,714,1,0
C078331,2458686,29504232,1521479,18257748,41555273,90552765,72165113,453378,692,0,0
C078332,8231240,98774880,4654036,55848432,250510121,135490363,101560134,1296716,766,0,0
C078333,4278989,51347868,1630100,19561200,156652781,76932324,42002051,484551,781,0,0
C078334,3680679,44168148,2206489,26477868,141464902,25756391,25756391,125551,761,0,0
C078335,5318739,63824868,2528191,30338292,315016101,30785735,30785735,411663,837,0,0
C078336,4136732,49640784,3010333,36123996,300925118,52086838,31352956,486808,861,0,0
C078337,4294265,51531180,2844782,34137384,36820257,26918139,11934117,342035,705,0,0
C078338,4126458,49517496,2885337,34624044,640289601,41346248,24014581,189586,809,0,0
C078339,3654689,43856268,1601936,19223232,109711170,72482165,53206142,432763,775,0,0
C078340,5581998,66983976,2924797,35097564,102827040,17092419,8502481,431727,807,0,0
C078341,2529639,30355668,1246802,14961624,96546593,83120838,83120838,503730,787,0,0
C078342,3093029,37116348,1204200,14450400,116622223,50332210,42856325,313336,883,1,0
C078343,4785585,57427020,4186728,50240736,78123874,49410492,27280984,183686,727,0,0
C078344,5311764,63741168,4157322,49887864,113492402,35308504,35308504,248705,737,0,0
C078345,2451345,29416140,1401165,16813980,168885458,86943380,79219800,645083,710,0,0
C078346,2847539,34170468,844150,10129800,84690959,92372374,75854412,533057,775,0,0
C078347,4400924,52811088,2142857,25714284,98886793,37476705,33229668,402222,861,0,0
C078348,4115196,49382352,1971978,23663736,100562878,93260821,82766368,497481,897,0,0
C078349,4640950,55691400,2917712,35012544,45150236,21997973,21711319,92819,861,0,0
C078350,4103741,49244892,3121240,37454880,29757844,67876065,49724250,304527,764,0,0
C078351,5075998,60911976,2366135,28393620,247231068,134510469,133858270,809231,770,1,0
C078352,5298140,63577680,2815629,33787548,293491614,44910057,35137739,567306,835,0,0
C078353,5864126,70369512,2905559,34866708,67052131,98054747,97863997,808194,776,0,0
C078354,3176292,38115504,1655107,19861284,410947214,38775863,20577447,381179,770,1,0
C078355,3435665,41227980,1984564,23814768,321490398,55364879,41398295,391451,740,0,0
C078356,3591755,43101060,2456191,29474292,150782445,47127685,42854356,477230,821,0,0
C078357,11033057,132396684,6293654,75523848,290886242,137869489,135016005,999095,789,0,0
C078358,3038099,36457188,1973244,23678928,73344597,36039937,23358577,104851,798,0,0
C078359,3754396,45052752,2047682,24572184,92454248,54966456,34948366,338300,813,0,0
C078360,1938179,23258148,1087883,13054596,41232247,9776072,9776072,198263,817,0,0
C078361,3761677,45140124,2085966,25031592,201618950,30586275,27198204,260609,950,0,0
C078362,3366193,40394316,1233649,14803788,168148866,108692852,100461483,641101,824,0,0
C078363,3540595,42487140,1468093,17617116,346208842,64273218,47515745,434162,731,0,0
C078364,5306223,63674676,2170358,26044296,160813044,68925638,43308490,717852,836,0,1
C078365,2085870,25030440,1130216,13562592,109583074,19178167,19178167,74180,839,0,0
C078366,2749538,32994456,2031693,24380316,38625381,32752367,17630428,247225,673,0,0
C078367,3773312,45279744,2631258,31575096,318461824,20304933,20304933,278376,760,0,0
C078368,5834984,70019808,3119588,37435056,237116898,59583233,51788362,694337,835,0,0
C078369,1800000,21600000,1033288,12399456,44311532,9719789,5406474,148624,815,0,0
C078370,3498594,41983128,1715156,20581872,516985971,32963737,32902375,402427,780,0,1
C078371,1884997,22619964,1223798,14685576,41637024,42138771,42138771,89436,761,0,0
C078372,3445429,41345148,2675230,32102760,371275301,16078144,6620256,288926,774,0,0
C078373,3688631,44263572,1988788,23865456,52969731,29272572,29272572,103615,787,0,0
C078374,3506674,42080088,2146985,25763820,247964057,39417638,23782828,400355,890,0,0
C078375,3365435,40385220,1822531,21870372,453897800,50533948,36056085,295071,779,0,0
C078376,4036939,48443268,1252838,15034056,401791761,85130042,69665887,696202,682,1,1
C078377,6559697,78716364,4011538,48138456,651727669,89281828,87106755,570480,796,0,0
C078378,3971401,47656812,1443474,17321688,211921990,38042180,28749661,232257,793,0,0
C078379,4451983,53423796,2806821,33681852,154837715,73477128,59254095,645717,770,0,1
C078380,4229168,50750016,2250649,27007788,97575331,53709153,25275393,609938,784,0,0
C078381,4734485,56813820,2288951,27467412,264063773,53253241,53253241,566283,837,0,0
C078382,4325249,51902988,2536310,30435720,106022216,78377086,48659146,518025,760,0,0
C078383,3309790,39717480,1353411,16240932,169082302,22045941,13923160,300909,754,0,0
C078384,4914630,58975560,3534984,42419808,163431273,81227025,80058903,744591,812,0,0
C078385,2052973,24635676,1440712,17288544,188659004,23020872,22197895,166352,785,0,0
C078386,8949389,107392668,4757914,57094968,581109724,89870867,68643628,979660,660,1,0
C078387,12000000,144000000,8933319,107199828,236715943,286577417,212504789,2506640,691,0,1
C078388,3839423,46073076,2403807,28845684,208373056,76034075,48619748,584397,739,1,0
C078389,4716832,56601984,3090863,37090356,104233441,27076493,12044859,94337,785,0,0
C078390,2539509,30474108,994659,11935908,97774957,70885037,69584408,389356,750,0,0
C078391,4542984,54515808,1790968,21491616,200112348,40993402,21683319,199783,843,0,0
C078392,3925245,47102940,2454172,29450064,159354470,52558108,33822046,545044,723,0,0
C078393,5179070,62148840,2925423,35105076,116640982,63907213,38136138,222984,919,0,0
C078394,8144126,97729512,4709947,56519364,148492733,28574486,21906121,275239,785,0,0
C078395,3376739,40520868,1752594,21031128,130129511,57677035,57677035,304181,729,1,0
C078396,2934274,35211288,1196572,14358864,96829465,28546892,20741943,439486,790,1,0
C078397,5210190,62522280,2619051,31428612,85119055,35837233,35837233,567086,846,0,0
C078398,2902998,34835976,1590700,19088400,39597912,38863362,31137154,202298,799,0,0
C078399,7072508,84870096,6384997,76619964,422921566,60893829,41596987,813608,655,1,1
C078400,3881160,46573920,2088666,25063992,126618525,51558756,38209008,211708,889,0,0
C078401,8562177,102746124,2978913,35746956,257909023,82882485,80978880,1648213,783,0,0
C078402,3293228,39518736,1474271,17691252,113009918,19524633,14085496,135099,840,0,0
C078403,2442233,29306796,1379615,16555380,92983487,34015460,29883431,88679,762,0,0
C078404,6530804,78369648,4284581,51414972,327629773,67153861,64826078,452724,862,0,0
C078405,2077037,24924444,808298,9699576,77191661,34179632,21987660,225169,712,0,0
C078406,4091396,49096752,1203728,14444736,337867148,24992965,21426755,310778,790,0,0
C078407,3161444,37937328,2234959,26819508,128604087,70325390,62589113,341153,811,0,0
C078408,4761140,57133680,3284947,39419364,799871520,59595360,48065329,381869,802,0,0
C078409,2783657,33403884,2400332,28803984,30973300,29000806,23476033,437581,712,0,0
C078410,3640198,43682376,1823588,21883056,42031420,31168723,13641018,223801,728,1,0
C078411,4176292,50115504,2574804,30897648,438041198,59731117,41894738,422373,758,0,0
C078412,9857390,118288680,6485374,77824488,546962633,32828401,32828401,378063,838,0,0
C078413,1800000,21600000,1685267,20223204,50923361,28658239,28658239,245406,731,0,1
C078414,3392860,40714320,2308784,27705408,270647033,48397397,40300045,347132,815,0,0
C078415,5512287,66147444,2993162,35917944,454318190,119926722,115726311,808515,857,0,0
C078416,2931130,35173560,1579682,18956184,153378665,17766171,16537056,346003,775,0,1
C078417,3126017,37512204,1956729,23480748,52449974,38236432,23229996,94314,746,0,1
C078418,2978264,35739168,1652066,19824792,231081071,11013659,11013659,59565,801,0,0
C078419,3304412,39652944,1823649,21883788,81911704,31701426,29294797,349105,777,0,0
C078420,4611794,55341528,2012723,24152676,127101112,59257094,59257094,588386,855,1,0
C078421,5716614,68599368,1530303,18363636,302716631,43096397,15702218,115349,835,0,0
C078422,5313924,63767088,1845775,22149300,663959556,78532059,35076400,534235,664,0,0
C078423,8721623,104659476,5501001,66012012,943273466,106956854,86388950,1170119,812,0,0
C078424,3503284,42039408,2165713,25988556,258492009,62012294,54300227,586323,760,0,0
C078425,5168919,62027028,2503266,30039192,822451343,34464048,22689732,291554,803,0,1
C078426,6797356,81568272,3177277,38127324,263726281,104059221,74519710,290121,740,0,0
C078427,5024868,60298416,2413652,28963824,208686534,52390335,39136247,454337,835,0,0
C078428,2566559,30798708,1616998,19403976,151994614,13063613,7562866,204148,823,0,0
C078429,6444732,77336784,3879018,46548216,1010945817,141587947,100518665,1102556,800,0,0
C078430,12000000,144000000,7833379,94000548,344149914,237947537,186894834,1072832,771,0,1
C078431,3006477,36077724,1588101,19057212,61658162,39891649,37180649,200226,791,0,0
C078432,3422554,41070648,2514576,30174912,232850201,55356020,32963170,528865,747,0,0
C078433,3243599,38923188,2094626,25135512,157776152,28780054,16838287,123920,826,0,0
C078434,5402374,64828488,3569948,42839376,154105078,64747423,58348240,647632,811,0,0
C078435,1863694,22364328,1417845,17014140,175937765,60258297,49552449,406252,618,0,1
C078436,2426781,29121372,1684035,20208420,111018481,25131535,18473472,170318,832,0,0
C078437,1800000,21600000,624996,7499952,135609011,13621228,8446649,135619,768,0,0
C078438,2837610,34051320,1952925,23435100,49966369,29504752,19789980,332672,830,0,0
C078439,4408240,52898880,2665990,31991880,193196914,44592485,22377691,301532,706,2,0
C078440,5716356,68596272,2906173,34874076,847233415,78785448,78785448,342448,852,0,0
C078441,4989656,59875872,2626534,31518408,685004726,120894667,115350764,523014,823,0,0
C078442,4664115,55969380,2994352,35932224,67469601,51566630,48354398,482935,854,0,0
C078443,5388376,64660512,2678680,32144160,183832533,77836639,58260788,456886,674,0,1
C078444,5238494,62861928,2797965,33575580,569992964,25727967,22268921,327654,808,0,0
C078445,2303341,27640092,1172536,14070432,386961288,25817004,14373393,176671,783,1,0
C078446,4497256,53967072,3627107,43525284,438402260,86352369,69556669,617536,736,0,0
C078447,6873215,82478580,4642848,55714176,248897785,52267224,31732808,566097,788,0,0
C078448,4655717,55868604,3031068,36372816,70330372,44089886,27208268,145968,863,1,0
C078449,6763848,81166176,3955065,47460780,286106033,187458433,154457902,914210,781,0,0
C078450,2086041,25032492,1106108,13273296,120859772,12286089,7814297,87946,784,0,0
C078451,2571284,30855408,1602799,19233588,79461012,36132969,25642659,212792,671,0,1
C078452,3716634,44599608,2798583,33582996,165803669,111464848,89862916,837785,624,0,1
C078453,1800000,21600000,942818,11313816,223025871,34408154,28960364,312019,746,0,0
C078454,2904015,34848180,1937215,23246580,257154335,129405278,117114059,736913,687,0,0
C078455,4740553,56886636,2477314,29727768,190505942,52237728,52237728,357665,902,0,0
C078456,4897614,58771368,1477217,17726604,305611087,26429338,9659767,198641,872,0,0
C078457,3712976,44555712,2059730,24716760,143470543,37796036,37796036,318359,791,0,0
C078458,2376424,28517088,1523036,18276432,59448824,11422202,11422202,50000,876,0,0
C078459,2253054,27036648,811761,9741132,82745118,12187202,10946334,91003,813,0,0
C078460,7620989,91451868,5942524,71310288,202628534,56397542,52502997,566986,760,0,0
C078461,3160318,37923816,1495779,17949348,95748399,31386501,25788292,481484,817,0,0
C078462,2045684,24548208,1140962,13691544,36091657,31225703,21220682,264583,778,0,0
C078463,2763089,33157068,1605918,19271016,59798947,71916527,62157275,577627,753,0,0
C078464,4173271,50079252,2622851,31474212,198419166,37615577,21533253,556797,789,0,0
C078465,6450855,77410260,2753205,33038460,374002598,33623181,33623181,510508,880,0,0
C078466,4296374,51556488,1948004,23376048,296566018,151644437,133698771,840187,740,0,0
C078467,5330995,63971940,3580966,42971592,138056155,56409477,40451949,258542,833,0,0
C078468,3062289,36747468,1966864,23602368,275354372,29436678,29436678,243044,784,0,0
C078469,3717336,44608032,1632503,19590036,223309577,19074415,12470515,96448,757,0,0
C078470,2538121,30457452,1189770,14277240,51379609,53409560,30184635,63691,823,0,0
C078471,4476520,53718240,1977447,23729364,262874081,109764136,83561292,648556,760,0,0
C078472,2160140,25921680,1315781,15789372,240201765,74012570,56752058,458000,724,0,0
C078473,6725723,80708676,3287171,39446052,557270619,53655418,33066501,167008,813,0,0
C078474,2933810,35205720,2496978,29963736,80762549,14167781,14167781,218406,731,0,1
C078475,2438020,29256240,1571685,18860220,117907224,85155037,77922787,622311,662,1,0
C078476,2540290,30483480,772237,9266844,225780989,89507867,75543098,417046,749,0,0
C078477,4566082,54792984,2081873,24982476,429755914,51170673,45318774,294024,760,0,0
C078478,1998299,23979588,1154138,13849656,11211659,25284088,13487320,56343,812,0,0
C078479,4349847,52198164,3444032,41328384,129453099,57404586,42353618,442768,756,0,0
C078480,2441312,29295744,984764,11817168,311850936,43831311,34036986,407751,637,0,0
C078481,4288421,51461052,2437428,29249136,351349241,122191727,101912557,930481,635,0,0
C078482,6265997,75191964,4315961,51791532,389931352,72243967,43208952,639463,726,0,0
C078483,5706521,68478252,2789504,33474048,548234468,36365981,21522822,756747,775,0,0
C078484,9795106,117541272,3803439,45641268,1201691345,32657089,32657089,280444,806,0,0
C078485,9013134,108157608,5458816,65505792,104873110,111992260,103908565,957247,915,0,0
C078486,5574211,66890532,3590083,43080996,540152019,68827626,68827626,594731,763,0,0
C078487,1800000,21600000,1035124,12421488,20372025,26364300,16861557,166198,731,0,0
C078488,3353479,40241748,1922257,23067084,111540580,72628140,63178886,345244,785,0,0
C078489,2327160,27925920,985708,11828496,133889330,15988872,14980226,203195,780,0,0
C078490,5331050,63972600,3691380,44296560,212743525,45417693,41400920,607955,743,0,0
C078491,2752699,33032388,1822575,21870900,220334567,98875756,85842533,733390,692,1,1
C078492,4770328,57243936,3169322,38031864,192953451,101532987,101532987,486019,801,0,1
C078493,2181474,26177688,1319420,15833040,60175210,27563611,27563611,283064,842,0,0
C078494,3926936,47123232,2383810,28605720,473188391,56700881,43563525,548765,722,0,0
C078495,5888582,70662984,3131967,37583604,234722638,116841929,77414116,634161,856,0,0
C078496,2594153,31129836,1622105,19465260,253886670,51242212,51242212,344533,802,0,0
C078497,8025029,96300348,4646449,55757388,173644826,468074109,433351566,2967269,639,0,0
C078498,2743434,32921208,2213401,26560812,106246552,23880261,20394143,350068,791,0,0
C078499,4972258,59667096,3042769,36513228,292616720,140046062,95779519,642795,683,1,0
C078500,4456728,53480736,1901981,22823772,99920670,86275639,60375545,525434,772,0,0
C078501,5115822,61389864,2570678,30848136,299450207,134632506,113945681,701034,812,0,0
C078502,3388322,40659864,1341134,16093608,254709934,41398600,19856368,151542,751,2,0
C078503,3562842,42754104,2183746,26204952,134946389,62703000,48365270,431506,769,1,0
C078504,3420307,41043684,2202733,26432796,38853490,21434336,13568740,68406,783,0,0
C078505,5608881,67306572,4300442,51605304,70636650,193595823,173068743,1538905,712,0,1
C078506,3345574,40146888,2347558,28170696,35551952,26508444,15871474,439431,726,1,1
C078507,3219884,38638608,2173236,26078832,221176595,42617348,16816150,299255,827,0,0
C078508,2953324,35439888,2068513,24822156,196177480,29438681,29438681,242824,809,0,0
C078509,4061869,48742428,2120515,25446180,217987877,33622418,19156761,152767,768,1,0
C078510,1800000,21600000,760682,9128184,302400000,30457077,23568356,184790,802,0,0
C078511,2303565,27642780,1666025,19992300,103085328,24278452,19068091,212716,846,0,0
C078512,2680011,32160132,979517,11754204,62061495,43246041,28970840,132590,804,1,0
C078513,4518278,54219336,3332324,39987888,265208054,31348897,25282892,235411,686,0,0
C078514,6519249,78230988,3241122,38893464,278882864,24687624,24687624,528332,763,0,0
C078515,4239257,50871084,2414419,28973028,71398798,110438124,96881693,668465,727,0,0
C078516,7108853,85306236,3968117,47617404,392233399,59116422,21587186,231246,786,0,0
C078517,5583521,67002252,3154166,37849992,938031528,103783221,82053685,726456,888,0,0
C078518,3328244,39938928,1848822,22185864,124230303,21036359,21036359,306570,723,0,0
C078519,5317609,63811308,3665356,43984272,87692523,68013733,51159828,672654,716,0,0
C078520,6390558,76686696,3933826,47205912,320762907,172091109,129068488,1333552,701,0,0
C078521,8944946,107339352,4673511,56082132,1197196449,130303495,64160361,994987,718,0,1
C078522,3564550,42774600,2398941,28787292,110043182,36127591,25614238,297184,865,0,0
C078523,3439502,41274024,2783881,33406572,390617605,56130655,42756006,502525,715,0,0
C078524,6898843,82786116,4318326,51819912,905244221,117072677,70153801,847065,742,0,0
C078525,4199424,50393088,3067457,36809484,113192735,124295704,98026445,734717,712,0,0
C078526,6360048,76320576,5127352,61528224,167179980,140006182,121444646,1124817,676,0,1
C078527,2757020,33084240,1775260,21303120,173608113,43714490,43714490,546860,688,0,0
C078528,4052297,48627564,2311966,27743592,122023733,18859845,14014838,238285,790,0,0
C078529,4655717,55868604,2626643,31519716,108404699,36963475,23034237,239961,676,0,0
C078530,1800000,21600000,1312678,15752136,94436357,11047339,3521810,137520,704,0,0
C078531,2915211,34982532,2028628,24343536,244608779,40023736,40023736,356478,810,0,0
C078532,8355857,100270284,5072414,60868968,557212892,48769703,19402436,784435,825,0,0
C078533,3747532,44970384,2641944,31703328,155796995,53814560,39150502,520159,778,0,0
C078534,3838489,46061868,2115028,25380336,159821417,124357436,124357436,840917,772,0,0
C078535,2217476,26609712,1607079,19284948,62319485,30960100,28556294,318170,848,0,0
C078536,2401388,28816656,1110571,13326852,192202302,21157147,12533131,98324,803,1,0
C078537,4757612,57091344,2296059,27552708,42799659,37157501,29640188,518769,862,0,0
C078538,4895679,58748148,2380799,28569588,46420040,91042563,60723862,765726,838,0,0
C078539,4344535,52134420,1948594,23383128,270924206,64230700,59918517,646857,818,0,0
C078540,3040183,36482196,1986424,23837088,52636712,26572568,18892982,140068,846,0,0
C078541,2042894,24514728,687293,8247516,104764531,28971565,12193350,114964,763,0,0
C078542,3832830,45993960,2898181,34778172,316865307,29170136,17449607,197895,761,0,0
C078543,6474528,77694336,3171045,38052540,630425813,217900820,187632533,1155074,691,0,0
C078544,1800000,21600000,1572418,18869016,32809002,12947949,10658807,208382,759,0,0
C078545,2942908,35314896,1735292,20823504,494408544,44908441,24858026,583708,716,1,0
C078546,1881453,22577436,1312088,15745056,285831178,28734035,22094174,248600,795,0,0
C078547,3467250,41607000,2240197,26882364,154875621,95850388,81562613,875659,699,0,0
C078548,3484436,41813232,2030463,24365556,46034424,33924927,30431661,384773,811,0,0
C078549,2795717,33548604,1657324,19887888,310912992,44856593,37590724,194556,819,0,0
C078550,4401038,52812456,2799761,33597132,193255995,27603735,25164402,281234,816,1,0
C078551,3410004,40920048,1951016,23412192,177364119,105130445,101811619,930002,647,1,0
C078552,2988716,35864592,1405914,16870968,120496950,48494785,41075695,393525,762,0,0
C078553,12000000,144000000,5797508,69570096,231046131,108426795,104408238,610702,731,0,0
C078554,3847004,46164048,2727561,32730732,284830619,17251018,17251018,196569,861,0,0
C078555,3284295,39411540,1945968,23351616,73701312,55066915,41304471,355548,728,0,0
C078556,3345832,40149984,1730302,20763624,208412285,130232503,122410428,955935,745,0,0
C078557,4599214,55190568,2388374,28660488,143370034,65125518,65125518,398309,872,0,0
C078558,8096004,97152048,3047088,36565056,268928295,107109004,88526855,737810,823,0,0
C078559,6520928,78251136,3904275,46851300,529567640,139922626,114008669,513267,766,0,0
C078560,2148110,25777320,1282122,15385464,70444256,21307142,13269819,112768,878,0,0
C078561,3268311,39219732,1569739,18836868,93958161,26634950,21488171,294338,773,0,0
C078562,5228612,62743344,2850068,34200816,67413277,30967652,10385636,347672,732,1,0
C078563,3525370,42304440,2404523,28854276,95611961,39293474,39293474,590860,779,0,0
C078564,3363416,40360992,1945710,23348520,114982095,30606786,11617612,346259,759,0,0
C078565,3667874,44014488,2332669,27992028,356012435,28988018,24392730,441732,761,1,0
C078566,7245188,86942256,4989140,59869680,366105058,44030690,44030690,490254,876,0,0
C078567,7671328,92055936,5818660,69823920,503490786,163125815,100786443,702037,817,0,0
C078568,4817811,57813732,2854201,34250412,171395050,61109744,43175762,216033,900,0,0
C078569,1991126,23893512,1294959,15539508,139404553,39997716,29692416,247143,705,0,0
C078570,4135153,49621836,2563632,30763584,157690632,60877613,60877613,402615,870,0,0
C078571,2295408,27544896,1404426,16853112,41857986,17653146,14988156,176088,857,0,0
C078572,2144767,25737204,1366277,16395324,120545082,12802894,12802894,184592,801,0,0
C078573,3286334,39436008,1516459,18197508,209276744,46308022,24433378,103954,766,0,0
C078574,4924430,59093160,2640545,31686540,199894992,48900084,34298816,540769,713,0,0
C078575,7411594,88939128,5094358,61132296,333340403,103602916,92583989,1134540,705,0,0
C078576,4749892,56998704,3381500,40578000,261797879,42116829,39866792,673567,745,0,0
C078577,3529171,42350052,2343666,28123992,379391919,30330140,19827907,343303,796,0,0
C078578,3113630,37363560,1698384,20380608,44223459,66396294,61897323,518024,873,0,0
C078579,3431884,41182608,1251334,15016008,146157354,59633984,43994106,303027,782,0,0
C078580,3132504,37590048,863716,10364592,79959021,45848044,38202108,265236,722,0,0
C078581,3514603,42175236,2340571,28086852,160741952,48775620,28163458,251183,840,0,0
C078582,4131300,49575600,1674124,20089488,169752019,63911613,46655936,424284,780,0,0
C078583,4261102,51133224,2901682,34820184,133788588,65507339,53933615,359881,812,0,0
C078584,6983761,83805132,4095117,49141404,824083673,49333822,31148629,370211,764,1,1
C078585,2991270,35895240,2063339,24760068,212149763,65412006,63978908,415724,735,0,0
C078586,5130996,61571952,2813992,33767904,328714441,67505304,67505304,609143,793,0,0
C078587,5024022,60288264,2064248,24770976,490628012,107943605,95296288,1127904,721,1,0
C078588,4703050,56436600,3249545,38994540,219436351,47402983,45036238,671943,783,0,0
C078589,5774233,69290796,2692247,32306964,517290613,29062721,29062721,367343,842,0,0
C078590,2885825,34629900,1690448,20285376,161510236,37161788,26426436,428982,801,0,0
C078591,4026756,48321072,2079657,24955884,153459166,13118169,11934377,80535,795,0,0
C078592,2519738,30236856,1721564,20658768,146965268,18268450,11314202,187610,700,0,0
C078593,2544560,30534720,1339219,16070628,114217048,75774635,71342228,520133,851,0,0
C078594,6624662,79495944,3155586,37867032,385498499,126269436,91585921,826386,746,0,0
C078595,4315484,51785808,2528866,30346392,131381805,40223301,13490329,151587,782,1,0
C078596,3078702,36944424,1664643,19975716,111864065,182214434,166249908,990145,697,0,1
C078597,3344592,40135104,1699360,20392320,26279328,50606548,48729109,325895,755,0,0
C078598,3812228,45746736,1780378,21364536,276077014,64698766,53985164,491535,916,0,0
C078599,4981043,59772516,3068406,36820872,363585938,33550388,22377568,124832,754,0,0
C078600,3320387,39844644,2029672,24356064,105628380,64485441,64485441,610444,751,1,0
C078601,3208846,38506152,2014942,24179304,326363284,14982795,8742125,337694,792,0,0
C078602,5485606,65827272,3590580,43086960,180249145,55529196,55529196,676478,842,0,0
C078603,3872791,46473492,2948400,35380800,232415713,80056717,66963786,359725,749,0,0
C078604,4848355,58180260,2654874,31858488,203741242,56600739,46160236,291064,871,0,0
C078605,4545171,54542052,3378115,40537380,286493913,61884570,52947252,553131,716,0,1
C078606,9695910,116350920,5687460,68249520,465247298,98373426,98373426,1528978,795,0,1
C078607,3865425,46385100,1327465,15929580,501642890,38591719,30653838,343053,814,0,0
C078608,2732801,32793612,852952,10235424,42117912,44583250,37432429,367244,709,0,0
C078609,4417984,53015808,2251696,27020352,95929048,42363650,38280221,221873,773,1,0
C078610,2617476,31409712,1532348,18388176,61080510,52246688,39548936,248149,755,0,0
C078611,4757740,57092880,2884143,34609716,134828471,64709987,64709987,855579,817,0,0
C078612,5794944,69539328,4412494,52949928,72420603,151385183,151385183,1430716,673,0,1
C078613,5301827,63621924,4118198,49418376,326507534,34526946,30062042,179084,727,0,0
C078614,5797086,69565032,3797546,45570552,63836637,46142139,31328255,192709,790,0,0
C078615,4251662,51019944,1892718,22712616,198036581,35831333,35675436,499975,776,0,0
C078616,3873722,46484664,2772340,33268080,47349363,50596072,50596072,413155,661,0,0
C078617,3465452,41585424,1292930,15515160,259700640,38399434,38399434,503350,741,0,0
C078618,2860277,34323324,1375204,16502448,20978876,17391494,10612772,226861,821,0,0
C078619,6601617,79219404,2822907,33874884,366282211,61828972,33141793,371834,783,0,0
C078620,5408116,64897392,1830753,21969036,200175811,77512037,73077108,422560,800,0,0
C078621,4499152,53989824,2320127,27841524,144742536,34456524,28863056,403457,723,1,0
C078622,6439191,77270292,3837399,46048788,743033919,79681803,62874792,561805,791,0,0
C078623,3627531,43530372,2191585,26299020,93376115,42433509,21029273,356168,790,0,0
C078624,5697132,68365584,3854622,46255464,62273396,107493517,84687420,447856,745,0,1
C078625,4100548,49206576,2170646,26047752,444497673,28792821,19295509,179795,800,0,0
C078626,2394361,28732332,1493031,17916372,110126399,36071131,24830414,349814,745,0,0
C078627,3486699,41840388,2034598,24415176,413770661,200086895,188281746,1342742,693,0,0
C078628,5179375,62152500,4411368,52936416,177709870,30078267,27869642,359949,781,0,0
C078629,7952704,95432448,3962530,47550360,468872687,57706544,38774812,571846,796,0,0
C078630,4420038,53040456,2464123,29569476,458243664,77225452,72914562,826144,838,0,0
C078631,4398825,52785900,2555320,30663840,137721450,90480774,73529767,850791,658,1,1
C078632,5055643,60667716,2579810,30957720,326133069,54738870,39569457,634110,719,0,0
C078633,2612087,31345044,1628218,19538616,100760982,45884404,37983568,414973,783,0,0
C078634,4913703,58964436,2852985,34235820,136103485,94595547,68058939,442630,808,0,0
C078635,6158366,73900392,3938371,47260452,602613300,139796639,126050384,1063882,803,0,0
C078636,5717389,68608668,2369299,28431588,105738843,99783077,75543597,825433,777,1,0
C078637,4001346,48016152,2980237,35762844,89315348,62320329,47360738,611376,822,0,0
C078638,7304389,87652668,4869015,58428180,139737543,30198943,28079921,450995,726,0,0
C078639,8516734,102200808,4640657,55687884,295526110,128713809,128713809,1130640,809,0,0
C078640,3353716,40244592,2161260,25935120,429523220,84083045,81634414,603046,717,0,1
C078641,6054909,72658908,2239439,26873268,367870593,47404695,21166069,259118,749,0,0
C078642,2646506,31758072,1511034,18132408,103128193,13384163,13384163,68825,767,0,0
C078643,4048295,48579540,2197726,26372712,286948126,22008226,16393289,328527,819,0,0
C078644,4152858,49834296,3364466,40373592,349275837,63095121,51744694,510255,717,1,1
C078645,4123843,49486116,2431181,29174172,127001151,37604233,27671583,82477,881,0,0
C078646,4254754,51057048,3603148,43237776,142949632,34898896,23372702,185816,648,0,1
C078647,3198980,38387760,1813096,21757152,82548847,59297259,59297259,366253,741,0,0
C078648,3479230,41750760,2118881,25426572,128429494,95514931,78044148,677622,786,0,0
C078649,5600444,67205328,3369868,40438416,254980947,130624219,106109786,1019596,818,0,0
C078650,4625533,55506396,2306103,27673236,310263761,20546406,17571614,336093,848,0,0
C078651,1800000,21600000,688321,8259852,26855077,8506932,8333698,50000,889,0,0
C078652,2520080,30240960,1010009,12120108,86339327,55771038,45645035,468692,788,1,0
C078653,2190303,26283636,1281258,15375096,90648925,18031678,7817734,50000,885,0,0
C078654,3365309,40383708,2316663,27799956,60579910,38715384,26184737,364697,754,1,0
C078655,4617026,55404312,2469226,29630712,356354820,38948023,29093114,648862,840,0,0
C078656,1818188,21818256,1258658,15103896,29330660,15915398,12649409,174651,804,0,0
C078657,5254877,63058524,3755752,45069024,351239424,125389229,102595591,431663,700,0,1
C078658,5948981,71387772,3501317,42015804,959422187,153926090,133275863,1141315,829,0,0
C078659,3989836,47878032,3619115,43429380,209317737,47701705,21354010,317297,690,0,0
C078660,3677626,44131512,2898136,34777632,142248689,73170178,67583186,422175,767,0,0
C078661,4114722,49376664,3070473,36845676,285974056,43863307,27128534,335362,769,0,0
C078662,2250207,27002484,776895,9322740,60609760,38967161,20210248,189060,755,1,1
C078663,2902477,34829724,1058260,12699120,311975896,32485221,20173149,260140,792,0,0
C078664,4976164,59713968,2171887,26062644,237154723,18060407,16885305,371565,755,0,0
C078665,1800000,21600000,880313,10563756,72269702,5365935,5365935,64652,813,0,0
C078666,1800000,21600000,1148141,13777692,43217653,26379619,25487813,255460,856,0,0
C078667,3505462,42065544,1001779,12021348,238283515,50737188,34725675,371607,814,0,0
C078668,5656940,67883280,2178366,26140392,451122915,20081096,19026980,311809,795,0,0
C078669,4004645,48055740,2741606,32899272,346207221,44788272,40751318,511006,837,0,0
C078670,5418125,65017500,2608113,31297356,877029542,318758628,292578750,1822580,623,0,1
C078671,3895257,46743084,2413689,28964268,307849079,32433983,24816125,315064,728,1,0
C078672,2701466,32417592,1086217,13034604,61166214,38535919,24195236,354286,854,0,0
C078673,5851631,70219572,4437275,53247300,725005560,52166884,26655651,565753,797,0,0
C078674,2369182,28430184,1444096,17329152,64826911,27338511,18438712,269531,686,0,0
C078675,4995708,59948496,2638216,31658592,185426432,54623639,35879658,491153,787,0,0
C078676,5130116,61561392,2742604,32911248,206658181,88137024,70503075,429180,843,0,0
C078677,5020122,60241464,2223446,26681352,217879496,77550879,70295725,455988,799,0,0
C078678,2488627,29863524,1135665,13627980,89844741,18006564,17294046,174110,820,0,0
C078679,4455334,53464008,3490667,41888004,37790277,46220432,18103570,405845,719,1,0
C078680,3501792,42021504,2322879,27874548,119864995,25345195,25345195,70036,901,1,0
C078681,1800000,21600000,1179301,14151612,168534409,27311812,19425848,426451,642,2,1
C078682,8396641,100759692,3259495,39113940,562716023,26728126,26728126,702949,721,0,0
C078683,3285612,39427344,1230752,14769024,118501096,46864182,29785936,92661,782,1,0
C078684,6160487,73925844,3617224,43406688,118809498,77497467,33718204,581843,745,1,0
C078685,2659075,31908900,1887403,22648836,347464206,51407257,37033134,326552,760,0,0
C078686,5200721,62408652,3384617,40615404,185669738,59746471,53270297,277806,778,0,0
C078687,2357327,28287924,881938,10583256,70600422,72146317,53138759,489245,767,0,0
C078688,8759744,105116928,4833652,58003824,276602946,58687117,58687117,250176,802,0,0
C078689,4174967,50099604,2466078,29592936,342383693,13506327,11558416,342514,808,0,0
C078690,2920107,35041284,2707471,32489652,233191893,39450747,37149608,577826,758,0,0
C078691,5345411,64144932,2430277,29163324,898029048,121481975,121481975,891158,814,0,0
C078692,8542801,102513612,4499828,53997936,801406836,70243611,70243611,347637,782,0,0
C078693,5568788,66825456,3473352,41680224,255776876,42010346,42010346,520795,823,0,0
C078694,7223792,86685504,4485872,53830464,130446966,190429195,188090963,1290961,705,0,0
C078695,2925975,35111700,1708090,20497080,123296411,31672723,19654667,500005,742,0,0
C078696,5623018,67476216,1995836,23950032,99015780,107552082,99911066,770105,766,0,0
C078697,4347833,52173996,2237218,26846616,331590670,72893653,72893653,289497,857,0,0
C078698,2113470,25361640,1245375,14944500,151364515,40563183,28803002,307480,712,0,0
C078699,3418441,41021292,2275281,27303372,121043357,22009372,22009372,408747,668,0,0
C078700,6649144,79789728,2570397,30844764,415545399,202856687,202856687,1286288,798,0,0
C078701,11566013,138792156,7494476,89933712,1943090184,130211890,74821770,1127715,857,0,0
C078702,4238731,50864772,1616564,19398768,163023479,48424033,32215960,454848,701,0,0
C078703,2485320,29823840,1233696,14804352,86175366,53507235,40805644,285199,709,0,0
C078704,7528080,90336960,3821089,45853068,118192825,145914254,90321313,793813,802,0,0
C078705,2069462,24833544,983212,11798544,58754706,48102021,39769308,227356,814,0,0
C078706,4481416,53776992,2161029,25932348,121576186,69258575,44992311,294328,822,0,0
C078707,5108393,61300716,3101335,37216020,348942560,64703664,64703664,774899,856,0,0
C078708,5167360,62008320,3110343,37324116,161569188,80028228,61689319,373186,859,0,0
C078709,4947557,59370684,2211202,26534424,263835429,108923674,108923674,707977,748,0,0
C078710,2978384,35740608,2022029,24264348,173834867,44157078,29621024,359836,771,1,0
C078711,5859238,70310856,4594009,55128108,840620870,154862323,131170134,832687,797,0,0
C078712,3898767,46785204,2117872,25414464,165202160,38136377,26343468,238720,697,0,0
C078713,4567284,54807408,2698354,32380248,83857636,38238251,13797466,328410,817,0,0
C078714,3425545,41106540,2389657,28675884,146027827,85444085,85444085,700408,759,0,0
C078715,2529531,30354372,1342339,16108068,176647734,36992105,36992105,449798,803,0,0
C078716,3621414,43456968,1751454,21017448,163091309,28793588,24958135,157195,819,0,0
C078717,6943901,83326812,4231020,50772240,431407150,165462015,141429912,1063785,850,0,0
C078718,4747458,56969496,3461318,41535816,129841568,64861515,41866029,452602,749,0,0
C078719,9302425,111629100,4943580,59322960,342329964,86635771,61727075,960202,803,0,0
C078720,8208064,98496768,6686222,80234664,624822728,142672830,99557887,981183,632,0,1
C078721,4663945,55967340,3001883,36022596,498682802,51790975,35512304,262630,826,0,0
C078722,7190684,86288208,3441472,41297664,355830003,366171305,357057509,2458468,748,1,1
C078723,7756942,93083304,5184570,62214840,252375944,41369364,41369364,637039,846,0,0
C078724,3961987,47543844,2065999,24791988,419775790,64257976,32956273,290932,868,0,0
C078725,2067033,24804396,1531956,18383472,248632264,12792082,12523663,131431,864,0,0
C078726,1800000,21600000,1244542,14934504,79625929,24577020,20137055,189279,793,0,0
C078727,2931670,35180040,2115188,25382256,261165551,55705147,52641705,485059,705,1,0
C078728,7031422,84377064,4977161,59725932,275440620,91923755,70386985,1045879,862,0,0
C078729,3565577,42786924,1863461,22361532,331225782,73639979,60614223,590538,737,0,0
C078730,2735423,32825076,1287985,15455820,202858589,31022226,19699839,274327,819,0,0
C078731,5796972,69563664,2979684,35756208,137359293,198898557,195147954,1333233,671,1,0
C078732,3195752,38349024,1455929,17471148,200695942,28646028,26131094,427703,772,0,0
C078733,4702680,56432160,3783265,45399180,198442426,58780841,37021227,601878,720,0,1
C078734,2693798,32325576,2078187,24938244,106839778,44786792,37342071,487585,872,0,0
C078735,2278537,27342444,1690593,20287116,238725877,38081037,27056676,262203,732,0,0
C078736,9625058,115500696,5315157,63781884,282372967,176846365,161323157,857061,822,0,0
C078737,4369815,52437780,2263926,27167112,183210750,45356648,22936549,87396,837,0,0
C078738,2686767,32241204,1751547,21018564,150995870,9456480,8105275,96329,793,0,0
C078739,5637479,67649748,2067119,24805428,231246989,34724030,29875196,475448,800,0,0
C078740,4700537,56406444,3087642,37051704,120298065,28605230,14944649,129301,832,0,0
C078741,2855097,34261164,1520311,18243732,241930443,32476394,31456692,250115,830,0,0
C078742,3956516,47478192,2596950,31163400,139318290,15338426,15338426,288895,770,0,0
C078743,5734384,68812608,2663311,31959732,100538864,23174825,20807113,433270,811,0,0
C078744,6304347,75652164,1613273,19359276,347628234,56625529,52291395,675639,871,0,0
C078745,3266345,39196140,1343488,16121856,506658460,56634143,49159264,474260,785,0,1
C078746,2724913,32698956,1675061,20100732,133797646,25753380,24366047,391938,693,0,0
C078747,4071328,48855936,2276789,27321468,530227365,34287197,15830579,128181,773,0,0
C078748,1800000,21600000,1159896,13918752,64122183,54779084,48765884,400841,676,0,0
C078749,3817083,45804996,1461514,17538168,211240126,49622868,38602091,489213,756,0,1
C078750,3132937,37595244,1124810,13497720,259939573,47708938,47708938,368975,777,0,0
C078751,2903405,34840860,1959760,23517120,476260567,47080759,41957713,343276,780,0,0
C078752,3617333,43407996,1660896,19930752,37628070,90953248,89658622,576309,776,0,0
C078753,8054797,96657564,4248705,50984460,145813408,121860389,121860389,756732,796,0,0
C078754,4032917,48395004,3025394,36304728,321268788,50810596,36542788,331309,642,0,1
C078755,2522507,30270084,2035013,24420156,151283698,30085158,20184451,295054,661,1,0
C078756,2276734,27320808,1165780,13989360,162328638,38182898,35383667,352955,843,0,0
C078757,3284537,39414444,1583919,19007028,216355245,65610483,65610483,625237,679,0,0
C078758,3058936,36707232,1797751,21573012,177272798,38839955,29618527,158364,890,0,0
C078759,1800000,21600000,1012946,12155352,32828579,19237969,19237969,138788,823,0,0
C078760,4944770,59337240,3017239,36206868,88993771,25900081,14829442,382052,824,0,0
C078761,4417268,53007216,3607441,43289292,92226844,57219051,44664853,604668,880,0,0
C078762,4758029,57096348,2942252,35307024,151684133,87954983,61952639,582365,763,0,0
C078763,2387925,28655100,1307028,15684336,38064881,51678480,42423967,325321,710,0,0
C078764,3143453,37721436,1906424,22877088,504410693,20677196,18614200,269063,796,0,0
C078765,4734014,56808168,1785321,21423852,499874472,70861389,51815008,466640,860,0,0
C078766,3837178,46046136,2724749,32696988,64411079,93279320,57320493,507962,724,0,0
C078767,3637963,43655556,1739609,20875308,363130279,102359362,102359362,825619,778,0,0
C078768,3913194,46958328,2673538,32082456,271532344,20426542,19776815,283242,884,0,0
C078769,4227633,50731596,2398903,28786836,202622167,89411683,71113796,457450,814,0,0
C078770,5341377,64096524,1412339,16948068,56966715,68267846,68267846,425095,873,0,0
C078771,4581544,54978528,2608236,31298832,96906001,30132223,14176931,91631,903,0,0
C078772,5391285,64695420,2218099,26617188,457356465,45411567,45411567,286900,763,0,0
C078773,2220055,26640660,1260288,15123456,57164249,43892699,40299809,496771,754,0,0
C078774,2518511,30222132,1503714,18044568,43784635,16222617,16222617,136178,912,0,0
C078775,4110302,49323624,2085838,25030056,249830812,41814184,41814184,464911,818,0,0
C078776,2277999,27335988,1438640,17263680,295229103,25023311,12762390,235309,787,0,0
C078777,3011272,36135264,1446103,17353236,111457736,12532740,7582006,72196,792,0,0
C078778,8338774,100065288,4085605,49027260,458141390,63481607,63481607,249355,789,0,0
C078779,3384887,40618644,2275118,27301416,93351861,39983234,29336079,252093,659,1,0
C078780,3745689,44948268,3202525,38430300,214320005,61976983,44638721,563238,667,0,1
C078781,5763423,69161076,5578995,66947940,211915073,169356651,127496569,875851,590,1,1
C078782,6100847,73210164,3147550,37770600,132714733,92173295,84718830,1144984,860,0,0
C078783,1800000,21600000,1014149,12169788,138494206,22902443,20477953,220463,869,0,0
C078784,2448520,29382240,1497436,17969232,76607274,18821585,3080052,152647,727,0,0
C078785,2726963,32723556,1421945,17063340,87966963,35444595,17992985,187021,755,0,0
C078786,6248604,74983248,2728344,32740128,122625331,85882881,70710299,984565,783,0,0
C078787,2290039,27480468,655577,7866924,59740015,16877751,16877751,179548,811,0,0
C078788,5541456,66497472,2145065,25740780,54636487,133582252,120063994,1483129,838,0,0
C078789,3097044,37164528,2241264,26895168,95882096,103068551,87539785,666748,760,1,0
C078790,2467868,29614416,1561458,18737496,95431830,32091627,28210764,315263,827,0,0
C078791,6298978,75587736,4000988,48011856,495373634,28336708,28336708,494483,750,0,0
C078792,11529567,138354804,3628689,43544268,572061065,134470994,131762147,1469123,847,0,0
C078793,3961471,47537652,2448339,29380068,425254273,41421449,36732236,298626,821,0,0
C078794,3627746,43532952,2509240,30110880,65758408,36926715,32256511,246134,850,0,0
C078795,8084731,97016772,5094348,61132176,398843028,55670159,29677470,569345,853,0,0
C078796,5356595,64279140,2551078,30612936,899907960,88298778,80810130,898953,774,0,0
C078797,1819832,21837984,953355,11440260,31156571,22673554,13873863,111309,771,0,0
C078798,3259340,39112080,2116651,25399812,35704678,26354439,18848198,65187,875,0,0
C078799,2320015,27840180,1542957,18515484,22789400,27433827,16491638,83174,800,0,0
C078800,5511733,66140796,2946549,35358588,304265416,48951478,48951478,193003,764,0,0
C078801,8098459,97181508,3984939,47819268,183563138,178396304,112217220,372815,762,0,0
C078802,6412283,76947396,3495205,41942460,80899617,111998095,60171024,514965,775,0,0
C078803,3569000,42828000,2047240,24566880,443350443,31118545,27514537,156649,776,0,0
C078804,4138069,49656828,1838785,22065420,31643131,58142413,42543907,184175,825,0,0
C078805,3512956,42155472,1310082,15720984,83906539,49448890,44745915,529247,788,0,0
C078806,3837636,46051632,1944172,23330064,148370077,61171764,56860050,691348,750,1,0
C078807,3583471,43001652,2470587,29647044,295354564,51258239,24048296,298848,719,0,0
C078808,7444667,89336004,4057852,48694224,427880619,57234316,34181619,239894,764,0,0
C078809,4561782,54741384,2136403,25636836,71265324,77752359,58474904,385251,810,0,0
C078810,5863010,70356120,2459671,29516052,709340441,63997978,53778968,725701,801,0,0
C078811,5054587,60655044,3490943,41891316,183527699,58447198,36484623,469113,802,0,0
C078812,3041266,36495192,2095946,25151352,362356979,90656361,81387217,623168,652,2,0
C078813,7171013,86052156,3524422,42293064,310377510,38452493,20885395,397767,886,0,0
C078814,6313049,75756588,1679942,20159304,292871505,65804782,57337772,752059,790,0,0
C078815,3910451,46925412,2830456,33965472,218473012,62671848,52211688,394252,736,0,0
C078816,3518357,42220284,879589,10555068,62379934,74316359,52570810,422631,785,0,0
C078817,2151108,25813296,1246351,14956212,197666407,28527366,25971231,330529,829,0,1
C078818,4144798,49737576,2055790,24669480,122886689,62474001,32068230,347720,835,0,0
C078819,5112272,61347264,2949096,35389152,344494455,50192291,45009525,403351,834,0,0
C078820,5652562,67830744,3082693,36992316,610041626,58704888,42969017,661479,743,0,0
C078821,2755892,33070704,2072951,24875412,79563834,23583348,10962134,225459,746,0,0
C078822,4979109,59749308,3202607,38431284,223722162,89020955,67000791,383796,760,0,0
C078823,5869741,70436892,2972486,35669832,188576947,14066954,9191202,145593,872,0,0
C078824,9612444,115349328,3811701,45740412,446981632,114317246,85635046,467111,794,0,0
C078825,5656477,67877724,4023831,48285972,127134896,65347088,37317772,470340,739,0,0
C078826,6501682,78020184,2943086,35317032,119342955,73326554,67336033,435403,784,0,0
C078827,6015166,72181992,2866229,34394748,165282296,158379247,126627294,832057,820,0,0
C078828,8017404,96208848,6657003,79884036,656605528,210341119,162171985,2100491,692,0,0
C078829,4951388,59416656,2827658,33931896,831833184,51762724,32466401,686878,770,0,0
C078830,3089092,37069104,1536775,18441300,86376140,8049364,7640615,108633,843,0,0
C078831,3270166,39241992,1640356,19684272,135852538,106874780,100389103,761408,763,0,0
C078832,3556110,42673320,2949002,35388024,273647898,57132355,35368043,398837,786,0,0
C078833,4620982,55451784,3417700,41012400,212793650,30571858,30025293,354504,804,0,0
C078834,4423365,53080380,2375747,28508964,196207689,19385620,15758202,125514,823,0,0
C078835,6366028,76392336,3166564,37998768,134279139,120126644,108327232,1370206,781,0,0
C078836,4269801,51237612,1850217,22202604,293565093,36402466,21117945,144972,860,0,0
C078837,5175616,62107392,3185193,38222316,53022348,32134957,32134957,480305,727,0,0
C078838,2513874,30166488,1332403,15988836,203165694,58740896,52145735,450593,738,0,0
C078839,2944360,35332320,1512280,18147360,172695658,55164572,39839714,327375,793,0,0
C078840,4809947,57719364,3116079,37392948,115017299,47097288,22968549,386096,702,0,0
C078841,2603080,31236960,1294407,15532884,294731054,52464539,40248555,288030,748,0,0
C078842,3531088,42373056,1868162,22417944,51918325,36143692,34494559,185103,868,0,0
C078843,3520654,42247848,1882805,22593660,140707662,64086833,57598394,599141,760,0,0
C078844,4173537,50082444,2393898,28726776,112115395,55271693,49502684,633590,711,0,0
C078845,6498930,77987160,5541820,66501840,354523023,37368844,31312750,151222,726,1,0
C078846,1857527,22290324,1218780,14625360,58649843,33480344,30735310,202956,808,0,0
C078847,8731883,104782596,3012474,36149688,1466956344,115885269,69342975,329314,787,0,0
C078848,3731028,44772336,1790946,21491352,283179958,48092927,34553475,288784,815,0,0
C078849,4888432,58661184,3356084,40273008,207987381,23957870,23957870,286943,732,0,0
C078850,5606411,67276932,2443927,29327124,206985137,33211374,33211374,430410,908,0,0
C078851,4078042,48936504,1628074,19536888,196908668,45800297,25084724,723244,798,0,0
C078852,3651679,43820148,2771953,33263436,168495456,58027455,52478468,659886,731,0,0
C078853,3738050,44856600,3089324,37071888,233027961,42910472,36444144,441876,769,0,1
C078854,8712345,104548140,4633284,55599408,383191317,179903620,126095945,664905,787,0,0
C078855,6272661,75271932,3518795,42225540,410114796,65054271,40549118,125453,880,0,0
C078856,4948228,59378736,4215551,50586612,98046719,79852655,69036052,649769,809,0,0
C078857,2917580,35010960,1892056,22704672,422122706,38176674,26910411,404736,859,0,0
C078858,2359325,28311900,1396679,16760148,72259976,23225849,13778684,272293,865,1,0
C078859,2660409,31924908,1683372,20200464,59243477,23005391,23005391,504095,735,1,0
C078860,5017880,60214560,3407721,40892652,149753375,74993544,68954541,518447,824,0,0
C078861,1800000,21600000,1244153,14929836,61691949,45477268,38715780,305969,679,0,0
C078862,4160527,49926324,1686497,20237964,245067266,114960407,80740911,554880,804,0,0
C078863,4849576,58194912,3548453,42581436,414444975,119830925,90830052,549662,800,0,0
C078864,3936249,47234988,2031925,24383100,177743483,40513132,24754012,244441,807,0,0
C078865,2205796,26469552,1267035,15204420,87728671,28337318,18110135,118151,779,1,0
C078866,3265462,39185544,1474918,17699016,88566298,66442562,52651199,513054,828,0,0
C078867,4089430,49073160,2063237,24758844,377937065,15496509,10807334,99916,835,0,0
C078868,3430775,41169300,1682595,20191140,250661545,20435104,14060798,68616,750,0,1
C078869,3379250,40551000,1830888,21970656,34020577,45194445,45194445,481711,787,0,0
C078870,5570996,66851952,2828108,33937296,262806193,78486616,48883147,519598,683,0,0
C078871,2967466,35609592,1437535,17250420,175571513,25177906,24088812,437974,766,0,0
C078872,1922808,23073696,914029,10968348,62096684,17863542,17863542,185666,911,1,0
C078873,2508257,30099084,1243753,14925036,29211436,26089867,21230640,318447,766,0,0
C078874,3526529,42318348,2504947,30059364,48916724,46133733,33430332,472878,718,1,0
C078875,4610258,55323096,3405286,40863432,88124023,35261972,24384665,286773,743,0,0
C078876,8281310,99375720,5308816,63705792,1336714073,88170594,88170594,760472,820,0,0
C078877,3159837,37918044,1553082,18636984,204093644,44445562,43083603,390786,753,0,0
C078878,3359632,40315584,1396965,16763580,75018317,36236322,16380748,197909,851,0,0
C078879,2979403,35752836,1375726,16508712,140514824,41840927,41344285,530411,801,0,0
C078880,4636753,55641036,2352435,28229220,234860601,98783425,80245583,498509,764,0,0
C078881,2186038,26232456,1017778,12213336,191165156,25223745,15195746,193578,886,0,0
C078882,3806022,45672264,2654528,31854336,372720616,107824259,63206538,482145,806,0,0
C078883,3733198,44798376,2957821,35493852,279746721,8139898,8139898,216536,826,0,0
C078884,5056440,60677280,2576850,30922200,82670348,37678859,26305038,604162,864,0,0
C078885,5614037,67368444,3011927,36143124,22234044,53945250,52891176,707309,896,0,0
C078886,6511763,78141156,3838300,46059600,344728832,90348428,57047810,760142,680,0,1
C078887,3761046,45132552,2116055,25392660,28035597,74374188,74131269,533216,851,0,0
C078888,4354123,52249476,2417213,29006556,148162648,47238363,38035139,635015,810,0,0
C078889,3663988,43967856,1521624,18259488,147051895,24390397,24390397,372283,794,1,0
C078890,2903359,34840308,2126787,25521444,170224614,8788624,4415223,169852,723,0,0
C078891,5527193,66326316,4097814,49173768,200523855,21449699,15312208,287847,725,0,0
C078892,5411421,64937052,3003894,36046728,348184764,65120428,39447918,210447,790,0,0
C078893,5401099,64813188,3856578,46278936,703882778,88175426,66572656,552045,717,1,0
C078894,5843763,70125156,2482423,29789076,125057358,106894575,85201749,851966,793,0,0
C078895,4053436,48641232,2199429,26393148,196882714,131933214,104304756,844689,703,0,0
C078896,4199704,50396448,2156461,25877532,262900696,39652381,27325770,418638,811,0,0
C078897,2717645,32611740,1963910,23566920,253388241,47955286,32228788,167305,729,0,0
C078898,5379254,64551048,3230472,38765664,567199985,122536686,101782954,827213,687,0,1
C078899,5507485,66089820,3163377,37960524,253169041,73011551,71407371,612049,877,0,0
C078900,6950825,83409900,3721911,44662932,576359282,7834589,7834589,461352,687,0,0
C078901,5746358,68956296,3460488,41525856,132880016,124619658,105511451,593164,857,0,0
C078902,3133164,37597968,1729972,20759664,197935270,35229460,15978446,221402,782,0,0
C078903,4133647,49603764,2045453,24545436,138104639,80452752,69010018,345345,854,0,0
C078904,8624960,103499520,4890024,58680288,183247168,18550513,18550513,320592,752,0,0
C078905,4470066,53640792,1818229,21818748,266898145,45120577,38640757,191156,906,0,0
C078906,9957178,119486136,4543849,54526188,965544666,126374274,79769538,856105,775,0,0
C078907,3825009,45900108,2461553,29538636,156555019,81284685,57955712,317830,709,0,0
C078908,8265669,99188028,4113583,49362996,200634308,75897027,75897027,1020968,828,0,0
C078909,5750224,69002688,3702977,44435724,966037632,93135927,61262300,452600,742,2,0
C078910,4470597,53647164,2806610,33679320,210915145,71161328,71161328,574275,816,0,0
C078911,2736104,32833248,2306391,27676692,113173819,42491946,42491946,283157,950,0,0
C078912,3377064,40524768,2330741,27968892,129872131,61411889,47607982,388470,720,0,1
C078913,1800000,21600000,1068762,12825144,105542003,10932490,9995325,124128,871,0,0
C078914,4786683,57440196,3038825,36465900,187470502,41663519,32258577,218957,795,0,0
C078915,3248274,38979288,2046722,24560664,113990644,26844926,12688209,64965,866,0,0
C078916,5611338,67336056,3481724,41780688,125179598,101556747,76342179,319129,830,0,0
C078917,4452889,53434668,3193895,38326740,116803254,64042511,39219216,527514,753,0,0
C078918,6112876,73354512,4517552,54210624,175830165,117959942,117959942,775612,728,0,0
C078919,5976150,71713800,3730419,44765028,218633805,73786680,61863766,554508,766,1,0
C078920,5608315,67299780,2647069,31764828,360688669,185928361,156870492,1350295,874,0,0
C078921,6215986,74591832,2678627,32143524,244049281,75399099,48447082,793072,824,0,0
C078922,3720945,44651340,2861624,34339488,193640911,26936568,26936568,389230,705,0,0
C078923,4819183,57830196,4446700,53360400,358516012,34076869,11183717,314850,778,0,0
C078924,4905623,58867476,3550551,42606612,222409127,88296495,75473244,675769,836,0,0
C078925,3899181,46790172,3237403,38848836,103549045,14429845,12398640,281499,788,0,0
C078926,4395194,52742328,2759642,33115704,111873349,173326554,163374979,864235,752,0,0
C078927,2787036,33444432,2132556,25590672,62160983,17503493,17503493,100328,767,0,0
C078928,6715009,80580108,2985438,35825256,445895329,126391052,70182261,900410,749,0,0
C078929,8900535,106806420,6495719,77948628,168570786,45229771,45229771,398276,764,0,0
C078930,2139050,25668600,993431,11921172,156335471,17856614,13732505,175881,850,0,0
C078931,4687056,56244672,2026288,24315456,237874403,66235489,59494158,448627,780,0,0
C078932,1800000,21600000,964295,11571540,83718991,6832335,6766004,187461,734,1,0
C078933,4508588,54103056,3366582,40398984,236855439,60722422,60722422,494208,696,0,0
C078934,2269072,27228864,1625884,19510608,115609943,33374154,33374154,195045,864,0,0
C078935,7095238,85142856,3633580,43602960,398580627,161951455,146132171,1213500,733,0,0
C078936,9974730,119696760,7001445,84017340,1675754640,236066273,236066273,1884106,808,0,0
C078937,4164504,49974048,3168216,38018592,211530086,46016856,46016856,344369,832,0,0
C078938,6730351,80764212,3532655,42391860,943401876,70591979,63210016,260223,819,0,0
C078939,4006183,48074196,2503804,30045648,172833464,29423411,29423411,80124,766,0,0
C078940,3081323,36975876,2046501,24558012,290017918,78177852,55454867,639124,720,1,0
C078941,7708987,92507844,5127223,61526676,212347288,51266222,51266222,474162,802,0,0
C078942,4822888,57874656,2236150,26833800,810245184,33071833,14429225,468346,653,0,1
C078943,4853525,58242300,1352404,16228848,124715290,49416518,32716270,269198,829,0,0
C078944,2722631,32671572,1885245,22622940,73599309,32429887,19300380,57966,950,0,0
C078945,2190395,26284740,1258932,15107184,71369861,31668789,30104873,357023,767,0,0
C078946,4613484,55361808,2353298,28239576,371243321,31781521,28951956,501407,792,0,0
C078947,5050421,60605052,2366142,28393704,300023450,57104170,31815568,101008,887,0,0
C078948,2010896,24130752,972554,11670648,95914457,15514342,15514342,188815,814,0,0
C078949,6522962,78275544,3795892,45550704,210052649,82805673,55293171,1034009,716,0,0
C078950,7306444,87677328,3841502,46098024,273339121,81087160,47775932,270054,744,0,0
C078951,2645424,31745088,2172151,26065812,91804148,13283278,13283278,320770,738,0,1
C078952,5622538,67470456,2643595,31723140,460544724,96591493,88600091,574402,732,1,0
C078953,5460428,65525136,2697826,32373912,635654098,68536286,39465603,494149,797,0,0
C078954,3794259,45531108,2102665,25231980,77048225,52257132,43605756,388640,754,0,0
C078955,1800000,21600000,961506,11538072,39660822,38588951,31265354,139685,751,0,0
C078956,6439708,77276496,3445380,41344560,329338374,33296264,33296264,209652,809,0,0
C078957,3019768,36237216,1519733,18236796,229762803,39498960,29715622,444438,750,0,0
C078958,3651606,43819272,2303704,27644448,68831583,42996831,15167409,177555,656,0,0
C078959,5152101,61825212,3718484,44621808,81853566,47429979,26664325,212792,731,0,0
C078960,2298930,27587160,1949828,23397936,68746199,17132376,17132376,165237,769,0,0
C078961,2832496,33989952,2052349,24628188,475859328,13983045,12481802,246813,767,1,0
C078962,4247027,50964324,1531678,18380136,76704196,84867182,52455495,642031,743,0,0
C078963,7087045,85044540,2730128,32761536,433870340,93151980,93151980,837919,789,0,0
C078964,9491082,113892984,6984637,83815644,799498862,78295985,45709949,531667,874,0,0
C078965,3711325,44535900,927831,11133972,50707699,9409444,9409444,74227,793,0,0
C078966,1800000,21600000,782945,9395340,108925676,20948298,12601506,50000,766,0,0
C078967,3992354,47908248,3090032,37080384,186463218,53744139,44106466,515577,663,0,0
C078968,2765745,33188940,1530313,18363756,48764002,30120067,21815187,156115,878,0,0
C078969,6418814,77025768,3859481,46313772,258937647,35526671,31026932,551406,799,0,0
C078970,4831419,57977028,1695562,20346744,221139380,37579348,16918127,96628,827,0,0
C078971,3336410,40036920,1746703,20960436,227039309,72055902,69516028,474788,838,0,0
C078972,6288728,75464736,3874586,46495032,261605660,104579375,86891699,1085406,751,0,0
C078973,2601372,31216464,1750354,21004248,66829096,28195434,20739504,186817,712,0,0
C078974,2537505,30450060,1752922,21035064,89690379,37921887,26967727,50750,820,0,0
C078975,3427196,41126352,2142787,25713444,481034992,45567042,43510699,170708,809,0,0
C078976,9870571,118446852,4829782,57957384,451244360,75143389,53373934,1103887,775,0,0
C078977,8740177,104882124,6374849,76498188,1468349736,119255180,99151057,937816,765,0,0
C078978,3273834,39286008,2062548,24750576,122895408,25354576,23991519,229209,807,0,0
C078979,4975148,59701776,2564055,30768660,177022947,60993668,53855881,632094,772,0,0
C078980,3741169,44894028,2431202,29174424,56819648,51058690,51058690,232426,865,0,0
C078981,5088495,61061940,2042472,24509664,298289835,67890477,43893290,483104,812,0,0
C078982,3456577,41478924,2360007,28320084,52136509,49330414,45598516,370022,762,0,1
C078983,11318249,135818988,7016381,84196572,242397848,676705305,611185446,4102151,639,0,1
C078984,10128113,121537356,6643887,79726644,680915714,69548341,51579323,1006724,742,0,0
C078985,3232633,38791596,2204309,26451708,69315209,47381781,39333537,428780,793,0,0
C078986,4165168,49982016,2614950,31379400,40554823,75682276,57230340,432267,795,0,0
C078987,2075620,24907440,1846380,22156560,78407888,57327759,47965661,313857,720,0,0
C078988,3196593,38359116,1862417,22349004,168130045,46551996,39120759,511806,777,0,0
C078989,3007116,36085392,1564314,18771768,350574998,39982177,29409875,311529,841,1,0
C078990,5130559,61566708,3498693,41984316,177609035,66899339,34778821,125962,874,0,0
C078991,3720324,44643888,1396811,16761732,118907926,76108802,58883983,360059,787,0,0
C078992,4508370,54100440,3248660,38983920,68194850,39749929,26634963,90167,786,0,0
C078993,4379617,52555404,2319249,27830988,128688717,60764144,51559547,880549,739,0,0
C078994,5344632,64135584,3133412,37600944,649004333,27702577,27702577,258806,886,0,0
C078995,4468062,53616744,2081412,24976944,174352682,76949798,63820308,626449,746,0,0
C078996,3626531,43518372,2182983,26195796,128512465,26868206,17451794,177539,806,0,0
C078997,5633975,67607700,4009500,48114000,523662893,52973380,43834065,564922,698,0,1
C078998,2208293,26499516,1494729,17936748,45480670,24868630,11072337,315529,672,1,0
C078999,4162976,49955712,1495824,17949888,150329354,28220202,13187707,345726,806,0,0
C079000,3721736,44660832,2115284,25383408,231294747,28724229,27002926,229469,772,0,0
C079001,6512031,78144372,3956059,47472708,739786172,132185348,94071025,683157,801,0,0
C079002,8014271,96171252,4522587,54271044,248439256,125115525,121146008,1078533,731,0,0
C079003,2487849,29854188,1416384,16996608,127765208,14278886,14278886,234119,776,0,0
C079004,3156205,37874460,1622667,19472004,284743621,48458566,35498269,317548,921,0,0
C079005,5333566,64002792,3255500,39066000,73063168,32424051,31567351,106671,695,1,0
C079006,2945142,35341704,2125369,25504428,226859348,13917516,12278059,58903,794,0,0
C079007,1800000,21600000,926240,11114880,105985877,37037623,29371213,258563,710,1,0
C079008,4594211,55130532,3315723,39788676,92361110,29032241,29032241,420427,812,0,0
C079009,3908836,46906032,3033522,36402264,42635611,27621031,27621031,193951,818,0,0
C079010,7944184,95330208,5454093,65449116,488359921,84456799,77402555,247743,811,1,0
C079011,5072230,60866760,1405987,16871844,363777866,38736864,14475276,205113,772,0,0
C079012,3614294,43371528,1943354,23320248,234966654,118247455,91141950,477718,730,0,1
C079013,9304035,111648420,4993167,59918004,727648025,177634689,116816217,1143649,828,1,0
C079014,5376928,64523136,3472791,41673492,205383610,88959344,74238309,176864,772,0,0
C079015,3444796,41337552,1987991,23855892,287233492,36628287,20501930,147676,815,0,0
C079016,3200144,38401728,1890975,22691700,104098151,45722275,31593126,369522,758,0,0
C079017,2310831,27729972,1003478,12041736,46884384,11898196,8753926,50000,842,0,0
C079018,8528235,102338820,3878065,46536780,364903126,16001345,16001345,579465,879,0,0
C079019,3890430,46685160,2182625,26191500,33427338,88862304,66577806,818150,711,1,0
C079020,2914482,34973784,1625970,19511640,235434822,27358004,13765669,188428,759,0,0
C079021,3559120,42709440,2445030,29340360,83752820,30888487,16658799,221994,827,0,0
C079022,4198658,50383896,2977553,35730636,119872586,112522238,105334177,887012,753,0,0
C079023,2643124,31717488,1855399,22264788,202833847,41431735,34654288,155824,778,0,0
C079024,6133302,73599624,3282309,39387708,358906027,106715114,106715114,668094,767,0,0
C079025,6780827,81369924,4982235,59786820,824911905,152113548,142524281,1581889,772,0,0
C079026,3003686,36044232,1672387,20068644,144262247,68402717,68402717,690685,764,0,0
C079027,2687371,32248452,1432431,17189172,164883152,52678578,52678578,347168,762,0,0
C079028,3794863,45538356,1203950,14447400,128475316,157642015,151218092,1057209,689,1,0
C079029,4980681,59768172,2241423,26897076,249274480,21233037,16378736,289475,897,0,0
C079030,3283937,39407244,1993575,23922900,104264255,49563101,26741889,314129,687,0,0
C079031,8191913,98302956,5728795,68745540,395284320,249473195,236408335,1917829,734,0,0
C079032,2450512,29406144,2291591,27499092,141546200,45693593,29089323,302369,732,0,0
C079033,5270478,63245736,2061734,24740808,180542929,40344839,21419821,105410,747,0,0
C079034,9711369,116536428,7844019,94128228,841074700,120667697,83003579,1271534,855,0,0
C079035,4172006,50064072,2163806,25965672,122201256,39519096,23023084,406925,732,0,0
C079036,3794561,45534732,2787717,33452604,177086783,61401326,45055938,585841,721,0,1
C079037,1800000,21600000,1045281,12543372,30717061,10098332,10098332,131171,820,0,0
C079038,4931969,59183628,2603367,31240404,461272301,50473724,35353173,129723,836,1,0
C079039,3528925,42347100,2480929,29771148,282904673,26607248,26607248,154159,679,0,0
C079040,4417544,53010528,3586495,43037940,92266135,70995431,58009094,556984,755,0,0
C079041,4036405,48436860,2041405,24496860,53963928,45830863,45830863,517984,813,0,0
C079042,2784026,33408312,1032668,12392016,124850558,47104520,27424582,285127,700,0,1
C079043,1800000,21600000,901206,10814472,46389624,18429663,14347615,118009,767,0,0
C079044,3839193,46070316,1712965,20555580,95459775,73210285,73210285,593762,809,0,0
C079045,7252763,87033156,4512197,54146364,67752806,119315482,77632552,507262,759,0,0
C079046,7574365,90892380,3997242,47966904,517218517,104867522,100388764,449182,759,0,0
C079047,3685905,44230860,2084647,25015764,246909387,87306948,64626733,489971,766,0,1
C079048,2000552,24006624,1067808,12813696,18152582,17859198,8710902,50000,761,0,0
C079049,5069816,60837792,2605258,31263096,176960851,34836972,24247225,696779,871,0,0
C079050,2700937,32411244,2303525,27642300,270291917,28873253,21099917,257734,775,0,0
C079051,5370542,64446504,2958212,35498544,260371358,71327077,69702154,1297927,744,0,0
C079052,1832771,21993252,1440087,17281044,36540033,22701543,12841290,249811,718,4,1
C079053,4156432,49877184,2771403,33256836,76938041,50765100,50765100,330029,701,0,0
C079054,4867975,58415700,2541644,30499728,411903941,85778167,71477852,658721,822,0,0
C079055,6025527,72306324,4764658,57175896,259936138,57817389,49329673,832243,756,1,1
C079056,5307573,63690876,3680387,44164644,85335185,85811277,60829124,861669,750,0,0
C079057,4472873,53674476,3030439,36365268,422389320,40288156,34973946,305960,712,0,0
C079058,4620321,55443852,2893794,34725528,190201745,90243449,57445296,353260,718,0,1
C079059,4713968,56567616,3934199,47210388,43841515,95335391,95335391,948118,643,1,1
C079060,8021177,96254124,4487710,53852520,215013355,44099361,10884398,160424,790,0,0
C079061,1899984,22799808,1163742,13964904,135610172,33663423,27951730,311214,789,0,0
C079062,2216829,26601948,1385447,16625364,85274235,17268103,17268103,260814,719,0,0
C079063,5050327,60603924,2557351,30688212,848454936,122405154,120679789,827467,805,0,0
C079064,3117940,37415280,1905240,22862880,179826465,17772541,13096881,137530,775,0,0
C079065,2492654,29911848,1909928,22919136,153815525,22831411,14960634,267739,648,2,0
C079066,7524459,90293508,1881115,22573380,332217587,64324991,40356539,548678,813,0,0
C079067,3985082,47820984,2081112,24973344,292305394,79680919,79680919,541956,796,0,0
C079068,3841337,46096044,1819674,21836088,104292105,123615436,107927078,757664,831,0,0
C079069,5312850,63754200,3494936,41939232,242684596,41110740,29962311,704034,703,0,0
C079070,4375647,52507764,2984593,35815116,196134387,38715716,13637029,360353,708,0,0
C079071,2775318,33303816,1643985,19727820,166449973,32851005,32851005,367226,776,0,0
C079072,3284015,39408180,2742474,32909688,212081610,59087202,45086257,378725,736,0,0
C079073,3428307,41139684,2086735,25040820,55825317,105170154,105170154,826607,823,0,0
C079074,3755602,45067224,2628992,31547904,267067540,78148240,60274378,807307,735,0,0
C079075,2691293,32295516,1496119,17953428,110009848,19487543,13533524,173688,782,0,0
C079076,2872926,34475112,2160521,25926252,219074170,48422824,35742052,500100,738,0,0
C079077,3983855,47806260,3372273,40467276,105834445,19200126,19200126,328092,691,0,0
C079078,2342203,28106436,1606953,19283436,178285556,36440673,36440673,290376,811,0,0
C079079,1800000,21600000,1396025,16752300,72464039,19208843,19208843,269683,765,0,1
C079080,3747703,44972436,2238879,26866548,316311771,50107614,39940717,494418,736,0,1
C079081,4594206,55130472,2285534,27426408,99644032,100664550,92875823,880150,769,0,0
C079082,3570329,42843948,2078741,24944892,37683606,79690754,73587819,650974,697,0,0
C079083,3570096,42841152,3609632,43315584,46518771,37908529,13269322,304763,685,0,1
C079084,3771373,45256476,2842825,34113900,139144137,81794162,81794162,572007,772,0,0
C079085,6407710,76892520,3134051,37608612,236064326,103280262,81708881,929993,737,0,0
C079086,3554287,42651444,1981130,23773560,344979826,42391892,36357108,493396,801,0,0
C079087,8229674,98756088,4207523,50490276,267966834,54565924,28014872,269724,931,0,0
C079088,3484183,41810196,1601378,19216536,349638504,25328903,13718617,323463,797,1,0
C079089,2071727,24860724,1399774,16797288,18547666,9011861,5335012,132670,710,0,0
C079090,2843302,34119624,1216058,14592696,267322138,78144695,69106218,684621,710,1,0
C079091,4145955,49751460,1747311,20967732,155287204,46348760,31943909,230699,698,0,0
C079092,3134743,37616916,2083339,25000068,526636824,16605699,10284916,143292,758,0,0
C079093,2572821,30873852,1227070,14724840,88188799,51337223,41479043,385865,737,0,0
C079094,4521426,54257112,2206132,26473584,168297030,206754179,190666036,1315122,664,0,1
C079095,4559561,54714732,2239251,26871012,142477501,66974686,40982443,319398,662,0,0
C079096,4189945,50279340,2563546,30762552,214784328,54598023,54598023,419529,826,0,0
C079097,3838154,46057848,2729823,32757876,171801656,19402484,13793140,85995,854,0,0
C079098,3695335,44344020,2575889,30910668,120805275,69666969,50829132,439520,703,0,0
C079099,6170302,74043624,4649793,55797516,152314292,21111091,9943177,258808,774,0,0
C079100,4747852,56974224,4073704,48884448,162170534,113586329,86154191,831554,652,0,0
C079101,8513875,102166500,4434282,53211384,165106595,129987776,88940428,1443018,670,3,0
C079102,3274951,39299412,1936151,23233812,353482796,27267890,23767666,330591,769,0,0
C079103,4820077,57840924,3631475,43577700,166623414,28759901,21999276,331195,812,0,0
C079104,5695923,68351076,3463614,41563368,147488635,59804551,46873329,504439,713,1,0
C079105,4307390,51688680,2219405,26632860,394910869,35661113,27492527,445943,799,0,0
C079106,1840993,22091916,902517,10830204,37662324,33152416,24089355,89161,771,0,0
C079107,6727058,80724696,4451836,53422032,480954443,44591122,38026649,745366,741,0,0
C079108,2432058,29184696,1525811,18309732,63133320,20170614,10112074,192017,740,0,0
C079109,7003398,84040776,2531832,30381984,87561789,110595220,75522613,404399,814,0,0
C079110,6638806,79665672,3511891,42142692,600874621,189070454,154834403,1534832,719,0,0
C079111,4020899,48250788,2546428,30557136,63675924,131393742,120562972,944954,773,0,1
C079112,5765905,69190860,2022942,24275304,183158549,64173437,41101689,524303,794,0,0
C079113,3159915,37918980,1517230,18206760,107561218,40463185,25496875,265217,827,0,0
C079114,2452664,29431968,1596566,19158792,34231582,93315913,85996759,661215,800,0,0
C079115,2254516,27054192,893227,10718724,123618243,19613953,7925264,118264,791,0,0
C079116,3042470,36509640,1752379,21028548,168046043,15780217,10062841,172263,793,0,0
C079117,5658968,67907616,2201665,26419980,170710697,43967289,25560977,354644,688,1,0
C079118,3930542,47166504,1857132,22285584,26993818,65466960,37955437,140654,760,0,0
C079119,3143066,37716792,1419721,17036652,36650464,84114785,59546703,473929,797,0,0
C079120,9836347,118036164,5917808,71013696,597298090,171654596,128631025,1361547,840,0,0
C079121,6482873,77794476,4292202,51506424,158354422,103639555,73869939,690333,891,0,0
C079122,3813045,45756540,3033517,36402204,195036993,45239078,29951853,311873,815,0,0
C079123,8437979,101255748,4783096,57397152,286020713,47063206,34192822,277112,801,0,0
C079124,3238913,38866956,2240082,26880984,544137384,29286271,12223363,165348,900,0,0
C079125,6784850,81418200,5133406,61600872,504047631,50574209,24925908,633259,781,1,0
C079126,3239961,38879532,1272879,15274548,173320683,36232203,23761708,131143,765,0,0
C079127,6029641,72355692,4615877,55390524,102740007,107922347,107922347,1219295,625,0,1
C079128,4707789,56493468,2268268,27219216,451927671,48269996,48269996,193889,843,0,0
C079129,2661712,31940544,1814528,21774336,162809082,26932474,26932474,353697,752,0,0
C079130,3230278,38763336,1356089,16273068,542686704,42010827,31058201,491135,689,0,0
C079131,4698607,56383284,2370609,28447308,80682861,61612245,56141975,292050,926,0,0
C079132,4947858,59374296,2578524,30942288,170978852,52977947,30918708,381374,784,0,0
C079133,4159548,49914576,3212270,38547240,273750683,30332930,11875525,304185,694,1,0
C079134,4527544,54330528,2545085,30541020,201503960,38092195,27878649,266278,836,0,0
C079135,2219437,26633244,840093,10081116,217633127,21128462,17004556,162551,788,0,0
C079136,3786986,45443832,2470119,29641428,37849143,73871514,45527559,308983,742,0,0
C079137,4653396,55840752,1984508,23814096,59013362,67609933,57113618,242592,795,0,0
C079138,4224993,50699916,2436194,29234328,134152995,48100553,40447778,446172,716,1,0
C079139,3142721,37712652,2079442,24953304,257758879,30785850,21318489,387689,695,0,0
C079140,4397374,52768488,2009758,24117096,96480420,49587388,36905334,644597,767,0,0
C079141,3375562,40506744,1396141,16753692,140172035,19422691,10088966,170168,826,0,0
C079142,2205723,26468676,1185846,14230152,49330397,12633112,6818608,122282,821,0,0
C079143,5820036,69840432,5136021,61632252,239796171,194061579,194061579,1407125,617,2,0
C079144,2416129,28993548,1348164,16177968,63432128,31685901,16408604,122964,723,0,0
C079145,6042142,72505704,4185269,50223228,259931147,58016444,39073780,574676,706,1,0
C079146,9469907,113638884,3480927,41771124,419676328,96654962,96654962,657400,713,0,0
C079147,7091870,85102440,3588240,43058880,114943525,142917811,111927972,941967,865,0,0
C079148,3839017,46068204,1987209,23846508,349121574,39826222,39826222,435859,765,0,0
C079149,2929635,35155620,1733479,20801748,88091733,39923794,30496936,389800,771,0,0
C079150,3690030,44280360,2215313,26583756,303825759,64828171,47762250,266482,847,0,0
C079151,7638771,91665252,4602271,55227252,459738250,36518698,28430619,532520,768,0,0
C079152,2761230,33134760,1648756,19785072,90127996,66729948,65630554,500696,679,1,1
C079153,1832701,21992412,1205389,14464668,87505404,38896427,24666480,184094,679,0,0
C079154,2683725,32204700,1434789,17217468,177979275,25519824,25519824,390329,843,0,0
C079155,5674220,68090640,5132320,61587840,118741560,45554324,45554324,686618,705,1,0
C079156,9574148,114889776,5624465,67493580,247538816,99202990,74067707,877743,850,0,0
C079157,4049499,48593988,2817390,33808680,109586387,45381918,45381918,306033,735,0,0
C079158,4665568,55986816,2268546,27222552,127265010,23754703,19337454,312971,829,0,0
C079159,7336319,88035828,4397909,52774908,363026249,104223851,78510899,1209391,685,0,0
C079160,5979860,71758320,4702331,56427972,279989249,70558001,63703261,859844,713,1,0
C079161,3938546,47262552,2804049,33648588,259356439,56578675,51188401,611979,692,1,0
C079162,8586717,103040604,5163148,61957776,259279909,297474766,279924118,2210625,741,0,0
C079163,5418540,65022480,3119732,37436784,119611743,62141098,23966195,892797,704,2,0
C079164,2575187,30902244,2023790,24285480,149016004,124457659,101503336,571827,650,0,1
C079165,7506409,90076908,4042838,48514056,555593012,57385849,53193962,484970,730,0,0
C079166,4336517,52038204,2593128,31117536,165748729,61517989,38774042,340901,827,0,0
C079167,3983829,47805948,2000857,24010284,199994971,56598646,41096199,477028,738,0,0
C079168,4213164,50557968,1679938,20159256,111981379,27924495,24581110,412349,830,0,0
C079169,3685023,44220276,1343851,16126212,80733231,64193008,42901156,360120,777,0,0
C079170,4223446,50681352,2580635,30967620,120963050,62785494,57931818,526144,749,0,0
C079171,6096990,73163880,3505258,42063096,63089028,55790939,55790939,538080,828,0,0
C079172,2608804,31305648,652201,7826412,418492580,43127786,34632610,470523,782,0,0
C079173,2741606,32899272,1813620,21763440,219811821,41973493,39744546,357481,746,0,1
C079174,4703882,56446584,3369498,40433976,187026106,117942208,100274335,1030520,739,1,0
C079175,2189080,26268960,1239534,14874408,226573263,41844763,38962854,305190,710,0,0
C079176,8688965,104267580,5586530,67038360,787016166,29639551,29639551,945441,818,0,0
C079177,4817137,57805644,3655806,43869672,102819752,66304268,49102354,762375,796,0,0
C079178,9009863,108118356,4258276,51099312,235535975,90653731,90653731,1349695,794,0,1
C079179,6590866,79090392,3878125,46537500,349298685,49649570,47486771,419433,783,1,0
C079180,3595713,43148556,2007169,24086028,517647311,169875303,138702559,1156734,632,0,0
C079181,4802748,57632976,2770816,33249792,476778001,37609108,28801522,197169,843,0,0
C079182,2402769,28833228,917162,11005944,64738240,24847318,24847318,282035,761,0,0
C079183,2018107,24217284,1111318,13335816,169557093,28412690,16519867,285641,726,0,0
C079184,7371522,88458264,5740520,68886240,262231152,51517027,45502541,399733,771,0,0
C079185,3505618,42067416,1535312,18423744,111828799,113369226,102368597,872878,716,0,0
C079186,3281013,39372156,1570081,18840972,224867634,16114176,12625152,210706,860,0,0
C079187,2371443,28457316,1365052,16380624,165831434,8836094,8836094,50000,813,0,0
C079188,3062219,36746628,1734121,20809452,231128435,30764303,30764303,614932,744,0,0
C079189,2906915,34882980,2347572,28170864,93160699,23997077,14132042,400059,703,0,0
C079190,5322232,63866784,2730509,32766108,209175710,45829780,34312102,534368,772,0,1
C079191,3600750,43209000,1495139,17941668,223045105,39278246,17976549,233276,764,0,0
C079192,4350075,52200900,2844684,34136208,303275013,52262837,35656735,756061,728,0,0
C079193,7855010,94260120,4756834,57082008,164477652,83715739,73724213,872515,865,0,0
C079194,7075746,84908952,2841064,34092768,451084116,67971221,60698333,533199,817,0,0
C079195,6490584,77887008,4813787,57765444,267116023,30671151,12544349,391433,760,0,0
C079196,3534558,42414696,1761468,21137616,135250596,55850814,45858337,368228,763,0,0
C079197,3442992,41315904,2033180,24398160,121719572,36757615,21711055,145038,770,0,0
C079198,12000000,144000000,4132628,49591536,881508860,135868010,82666199,240000,772,0,0
C079199,4185969,50231628,3704646,44455752,138485820,52027075,32377907,277728,759,0,0
C079200,2700775,32409300,1837697,22052364,272677548,28739002,23929171,214651,833,0,0
C079201,5175296,62103552,3208293,38499516,347079163,62575328,53940406,563337,778,0,0
C079202,5954563,71454756,3711866,44542392,200148748,113878050,107031380,867548,829,0,0
C079203,5530435,66365220,2045567,24546804,215506090,38524823,38524823,455213,800,0,0
C079204,4422331,53067972,1180946,14171352,123409591,49613113,46690293,513228,797,1,0
C079205,4331950,51983400,2589640,31075680,135274770,38939801,32700790,388605,736,1,0
C079206,5997944,71975328,3759062,45108744,475059906,52208313,42602577,400863,794,0,0
C079207,6431294,77175528,3280938,39371256,393192071,175347870,159257156,1006550,789,0,0
C079208,1800000,21600000,1312232,15746784,79746066,7530569,3377171,96129,800,0,0
C079209,3844176,46130112,2732537,32790444,133654022,55639585,45738831,518877,695,1,0
C079210,3440962,41291544,2057064,24684768,61516260,19653771,12976629,70382,816,0,0
C079211,3319191,39830292,1743699,20924388,114284953,55729953,41921174,319133,907,0,0
C079212,2608496,31301952,1212145,14545740,55081002,44865044,23116422,52170,771,0,0
C079213,3592293,43107516,2230900,26770800,211341497,66826916,54906822,666831,723,1,0
C079214,2207542,26490504,1426510,17118120,84705359,19619823,19619823,396674,884,0,0
C079215,3549653,42595836,1224436,14693232,81441755,30665366,23365786,217623,814,0,0
C079216,4058302,48699624,2571411,30856932,120384551,118264219,113868482,782168,816,0,0
C079217,6270705,75248460,3123776,37485312,108845108,42439931,19747515,285247,817,0,0
C079218,7627354,91528248,3331516,39978192,286041256,19467096,19467096,475754,806,1,0
C079219,5243743,62924916,3087142,37045704,193313099,40846703,18346574,189966,726,0,0
C079220,4729108,56749296,2664042,31968504,162590708,40513786,31250468,102264,828,0,0
C079221,5396924,64763088,2395903,28750836,518922059,61487993,40111554,407280,928,0,0
C079222,2931095,35173140,1329813,15957756,164352259,47859239,42069365,426087,735,0,0
C079223,12000000,144000000,6816169,81794028,445042213,284406310,176721429,995465,742,0,0
C079224,2878952,34547424,1866565,22398780,18033180,44628884,38343773,395239,762,0,0
C079225,6056849,72682188,2518320,30219840,91613453,58028064,44621621,147909,828,0,0
C079226,2315315,27783780,1297663,15571956,50870568,122252640,117398254,932917,661,1,1
C079227,3614159,43369908,2699282,32391384,295160140,12075104,12075104,138452,843,0,0
C079228,4050070,48600840,1167293,14007516,51328137,48330183,36510968,564128,787,0,1
C079229,10797998,129575976,4684013,56208156,202890903,63304350,26328851,853221,867,0,0
C079230,5727079,68724948,3393976,40727712,90815433,77832963,60372970,611816,829,1,0
C079231,3652622,43831464,2027607,24331284,60701344,15341783,10613906,73052,726,2,0
C079232,10395813,124749756,5838122,70057464,398380828,144179727,133150795,1418938,703,0,0
C079233,1827649,21931788,1166027,13992324,77497015,29141770,29141770,187944,787,0,0
C079234,4179369,50152428,3308409,39700908,109554117,68703105,65708102,483993,771,0,0
C079235,4626402,55516824,2707567,32490804,84918520,75595332,71976784,867016,713,2,0
C079236,3996220,47954640,1985372,23824464,378775961,58525562,45066522,522676,799,0,0
C079237,3033146,36397752,1445855,17350260,50434948,27930424,16379579,248512,860,0,0
C079238,3826847,45922164,2263772,27165264,162320298,59963514,47548751,519021,711,0,0
C079239,7304160,87649920,4167633,50011596,122236009,90778606,52946294,792521,829,0,0
C079240,2911499,34937988,1172315,14067780,220901464,66458302,57851452,532111,835,0,0
C079241,3592153,43105836,2513119,30157428,255728321,104707150,92406155,996165,692,0,0
C079242,8288990,99467880,4457132,53485584,1392550320,90430121,79110301,803232,764,0,0
C079243,5215055,62580660,2320820,27849840,324174671,56250206,24569189,104301,815,0,0
C079244,3408835,40906020,1728629,20743548,75591972,6404571,6404571,68177,835,0,0
C079245,4607931,55295172,2018991,24227892,278571380,56684456,30904801,549406,769,0,0
C079246,3548595,42583140,1864702,22376424,262599072,43315296,25498877,334058,838,0,0
C079247,5783152,69397824,3740588,44887056,593016468,60780776,39100121,678576,835,0,0
C079248,5385881,64630572,4024182,48290184,596950387,50018652,21954784,767069,819,0,0
C079249,6043067,72516804,4066010,48792120,387716933,266925975,218336840,1626714,670,0,1
C079250,5798808,69585696,3755162,45061944,303702771,48552491,29375185,421045,800,0,0
C079251,4109586,49315032,2219173,26630076,122334496,51650341,27154922,382958,784,0,0
C079252,4412408,52948896,1497903,17974836,173428671,58478757,49569089,583104,820,0,0
C079253,7673763,92085156,3940980,47291760,379001524,82700829,82700829,441107,837,0,0
C079254,3795739,45548868,3092257,37107084,79923149,25944275,21698224,113347,788,0,0
C079255,2917307,35007684,2079511,24954132,130783811,45952459,28349270,282523,782,0,0
C079256,3558507,42702084,2980138,35761656,83591668,63869636,50075055,767494,695,0,0
C079257,3598267,43179204,1924242,23090904,152161612,38666312,18927975,357988,801,0,0
C079258,4233648,50803776,3460477,41525724,136313443,77154143,76423172,767617,672,1,0
C079259,4456049,53472588,3057808,36693696,152512825,38573594,25835686,358290,763,0,0
C079260,4652361,55828332,2358080,28296960,116562647,66727633,42332146,258894,822,0,0
C079261,6101690,73220280,3391803,40701636,914037021,41304600,41304600,712822,933,0,0
C079262,4921260,59055120,3090439,37085268,294875701,68488972,51612901,628163,839,0,0
C079263,5857358,70288296,4398855,52786260,935993928,167467400,166507046,1143934,819,0,0
C079264,7074929,84899148,6086558,73038696,247003234,140175364,122781042,465903,713,0,0
C079265,3447004,41364048,1252303,15027636,262983666,46601691,39444198,410456,799,0,0
C079266,3122033,37464396,1710262,20523144,121211161,40350380,40350380,416452,848,0,0
C079267,2407193,28886316,1427159,17125908,86703970,12532732,12532732,222840,763,0,0
C079268,3105585,37267020,1869739,22436868,439027580,21546426,14745803,209451,799,0,0
C079269,4487038,53844456,2223497,26681964,247347046,33270050,26757320,535213,778,0,0
C079270,6931740,83180880,4790016,57480192,251161984,171029835,171029835,942402,790,0,0
C079271,5640414,67684968,3844922,46139064,247051483,71483071,40972224,164797,705,0,0
C079272,4466855,53602260,2938043,35256516,545067503,112959974,98673454,1032290,710,1,0
C079273,1800000,21600000,872928,10475136,38582520,15527562,13378121,176316,804,0,0
C079274,4913245,58958940,2106099,25273188,323603303,57755160,42799047,523430,745,0,0
C079275,6931224,83174688,2974760,35697120,96299729,81958931,81958931,734394,832,0,0
C079276,1800000,21600000,1140817,13689804,20964723,18872383,14081227,182208,821,0,0
C079277,5033265,60399180,3993522,47922264,198335662,43254787,22380306,115573,699,1,0
C079278,3865402,46384824,2343453,28121436,50961729,117413605,110421305,978113,694,0,0
C079279,2244846,26938152,970552,11646624,88811292,29143705,28577594,318675,908,0,0
C079280,6140431,73685172,2607699,31292388,229799071,114768183,89757772,1256919,866,0,0
C079281,5034438,60413256,3204426,38453112,333935721,115171467,85242269,1129153,660,1,0
C079282,5676868,68122416,3128500,37542000,128695475,78543078,65760458,769850,766,0,0
C079283,2987748,35852976,2175299,26103588,159315426,81096014,73831063,594512,752,1,0
C079284,4517981,54215772,2736971,32843652,166094815,55277015,34118353,689014,689,0,1
C079285,3402342,40828104,1422990,17075880,220978124,49480027,34591447,284779,853,0,0
C079286,2052170,24626040,1068425,12821100,140603131,27487516,25866638,246515,744,0,0
C079287,12000000,144000000,6506264,78075168,1205888904,125212486,79260040,628016,861,0,0
C079288,2338654,28063848,1212391,14548692,124015613,12445268,9977406,87981,915,0,0
C079289,3077330,36927960,1529194,18350328,246636987,85492063,76119544,508710,830,0,0
C079290,3648296,43779552,1815233,21782796,75912913,75029960,57555291,676157,897,0,0
C079291,2732012,32784144,2102748,25232976,85793352,82989868,66278071,411853,783,0,0
C079292,3873026,46476312,2700373,32404476,113437654,55761719,49860095,409682,782,0,0
C079293,3514611,42175332,2710889,32530668,69307940,21027894,7085155,167358,755,0,0
C079294,2551967,30623604,1123568,13482816,144555603,53744089,46898309,498555,804,0,0
C079295,2682326,32187912,1639882,19678584,295009271,48083649,38687383,444971,682,0,0
C079296,2592416,31108992,2036348,24436176,81281981,17636117,13637556,74551,834,0,0
C079297,3193549,38322588,798387,9580644,218381745,43743771,23378483,353049,776,0,0
C079298,3460324,41523888,1972679,23672148,86439265,42917803,34529098,151204,827,0,0
C079299,4490571,53886852,2481793,29781516,240939114,61686154,59644575,491188,835,0,0
C079300,3422067,41064804,1614871,19378452,289666597,73451076,73451076,441408,754,0,0
C079301,3785379,45424548,1478584,17743008,244846796,66285236,43794453,574952,786,1,0
C079302,6986773,83841276,4854841,58258092,132230659,51061355,25943654,695910,676,0,0
C079303,3580787,42969444,1838839,22066068,82826507,70192903,69181506,459746,848,0,0
C079304,3465056,41580672,1624360,19492320,164961599,27312381,27312381,412018,769,0,0
C079305,2057908,24694896,1453216,17438592,71967237,23926938,22721926,121592,769,0,0
C079306,2174805,26097660,1170608,14047296,67888743,29494784,18777808,336782,730,1,0
C079307,3648486,43781832,2322842,27874104,171996501,72336628,42957656,403210,795,0,0
C079308,2541228,30494736,1240606,14887272,154539780,18868328,18868328,321475,778,0,0
C079309,6722391,80668692,3827887,45934644,253286533,105664122,105664122,951368,767,0,0
C079310,2518819,30225828,1412593,16951116,77320654,20826301,20826301,284783,796,0,0
C079311,5465472,65585664,5090291,61083492,196032039,63398240,34429173,278449,790,0,0
C079312,1800000,21600000,1299634,15595608,58160519,31624127,21176540,137209,765,0,0
C079313,6895323,82743876,4123491,49481892,1084257302,27902195,26956832,725063,711,0,0
C079314,4913830,58965960,3247785,38973420,499806153,73941493,62764765,854806,785,0,0
C079315,4885463,58625556,3123165,37477980,410067617,33453845,33453845,304375,857,0,0
C079316,5421528,65058336,2607532,31290384,300642832,111182795,78717632,559517,714,1,0
C079317,3802012,45624144,1428534,17142408,331596141,55454700,29829069,76040,751,0,0
C079318,3677033,44124396,1209248,14510976,142687065,39772729,16771673,358286,812,0,0
C079319,6479324,77751888,4159920,49919040,267406378,44429352,44429352,270790,798,0,0
C079320,2623145,31477740,1931251,23175012,43229957,21578141,9496606,53526,628,0,0
C079321,3259949,39119388,1132147,13585764,241315449,21464208,21464208,136038,769,0,0
C079322,2546416,30556992,1373717,16484604,175537947,5722694,5722694,199314,908,0,0
C079323,2974769,35697228,1734229,20810748,67588827,14756855,10538336,255893,768,0,0
C079324,8495753,101949036,4744992,56939904,342269155,480176791,458770662,2766187,705,0,0
C079325,3234510,38814120,2425541,29106492,135954274,29827432,29827432,493624,825,0,0
C079326,12000000,144000000,5108913,61306956,797862871,156673657,150357917,2230525,766,0,0
C079327,5834061,70008732,2693629,32323548,258800823,111825602,69585289,1016324,821,0,0
C079328,8161861,97942332,4024625,48295500,237485122,105620274,38126278,393945,827,0,0
C079329,3143818,37725816,900220,10802640,65306927,46328703,32134448,444991,830,0,0
C079330,4278279,51339348,3027643,36331716,568967356,40815214,11150168,91465,926,1,0
C079331,5619906,67438872,4220720,50648640,184784417,105566685,81877001,424468,808,0,1
C079332,3047717,36572604,2648623,31783476,179748005,40682256,38862676,386415,782,0,0
C079333,5877900,70534800,3194486,38333832,315033655,75971201,69856529,525524,790,0,0
C079334,6061648,72739776,5908329,70899948,471243845,49103769,34483130,590807,661,2,0
C079335,2768934,33227208,1405109,16861308,107609231,21737257,10980248,69573,792,0,0
C079336,4567906,54814872,2039843,24478116,129844851,58474322,58474322,390350,816,0,0
C079337,3433050,41196600,2376989,28523868,104521451,25000037,19403194,206169,758,0,0
C079338,4927919,59135028,1617966,19415592,86061038,48962223,47993031,351593,739,0,0
C079339,4194441,50333292,1967616,23611392,128679458,118902255,101069529,662504,719,0,1
C079340,4540099,54481188,2144978,25739736,75047306,26058523,26058523,277742,723,0,0
C079341,5582503,66990036,4082198,48986376,76904905,44561637,17568457,707755,748,1,0
C079342,3214612,38575344,1534416,18412992,267735530,83753922,66659336,569427,724,0,1
C079343,3717667,44612004,2181196,26174352,65389608,68673757,58417077,324220,716,1,0
C079344,7887986,94655832,5983269,71799228,172460121,212903327,144605799,1198000,664,0,0
C079345,4916956,59003472,1963529,23562348,54045514,65373601,44572285,337272,784,0,0
C079346,4420694,53048328,2617927,31415124,153081794,33995083,30974988,448084,804,0,0
C079347,4445114,53341368,2985566,35826792,746779152,122060516,98175668,735098,697,0,0
C079348,4588892,55066704,3645025,43740300,105271306,36601319,24394247,91778,745,0,0
C079349,3205600,38467200,2544163,30529956,171210553,38037436,38037436,195681,702,0,0
C079350,4924489,59093868,2994343,35932116,211926353,62958929,48682363,401661,784,1,0
C079351,11665925,139991100,6885650,82627800,736821769,136875647,122118085,1457440,831,0,0
C079352,9028568,108342816,6912117,82945404,285799540,103369706,102249169,589507,676,0,0
C079353,4445854,53350248,2040077,24480924,203468160,32645327,16195765,150888,855,0,0
C079354,3244582,38934984,1562008,18744096,65070337,43354826,43354826,253007,757,0,0
C079355,2893222,34718664,1645937,19751244,71393188,38969137,22861535,281537,819,0,0
C079356,2070451,24845412,1272015,15264180,50578157,14962892,14962892,96822,766,0,0
C079357,3699662,44395944,1180751,14169012,321712326,101522328,79169508,547180,771,0,0
C079358,5088860,61066320,1826603,21919236,836882001,99877406,76181527,752112,733,1,1
C079359,3832947,45995364,1634751,19617012,524342331,55884622,55884622,89725,804,0,0
C079360,3952588,47431056,2952842,35434104,264270119,19155570,13253488,310834,773,1,0
C079361,5472332,65667984,2911371,34936452,132522722,63836097,52397051,900285,689,0,0
C079362,5160443,61925316,1677227,20126724,238890462,84517503,58028665,320350,719,1,0
C079363,6912171,82946052,3622343,43468116,460022354,63281754,35740366,457905,850,1,0
C079364,2119079,25428948,1167904,14014848,163445243,84839949,82539308,530530,766,0,0
C079365,6462672,77552064,4240878,50890536,196113952,57706886,49352268,330430,853,0,0
C079366,4240668,50888016,1776735,21320820,145190322,30828135,26894314,471097,775,0,0
C079367,3114653,37375836,1041716,12500592,137492858,22828122,17491195,227085,737,0,0
C079368,2438426,29261112,2066502,24798024,137573883,60575591,45271787,418273,675,0,0
C079369,4258384,51100608,2679899,32158788,66494952,17272641,17272641,166623,794,0,0
C079370,4092421,49109052,3045554,36546648,185745480,40140411,35238896,193548,761,0,0
C079371,3762413,45148956,1138138,13657656,98400785,19244589,18886157,324408,772,0,0
C079372,5990131,71881572,2898239,34778868,91628757,49716651,49716651,448999,752,0,0
C079373,4276133,51313596,3378079,40536948,160750884,43161357,23652609,376130,718,0,0
C079374,2168189,26018268,1368822,16425864,55006334,29041712,19160132,193094,735,0,0
C079375,8824940,105899280,4267539,51210468,148900256,46619504,44648112,796764,758,0,0
C079376,1984209,23810508,1166858,14002296,24494358,41013739,33798396,263272,776,1,0
C079377,2322479,27869748,1744085,20929020,51294046,17643257,9761352,50000,786,0,0
C079378,3189814,38277768,2215870,26590440,119351895,175777389,172249956,1149686,665,0,1
C079379,3867236,46406832,2061539,24738468,78271786,215837750,208830744,1413696,682,0,0
C079380,3674724,44096688,1615637,19387644,295801589,50267199,50267199,73494,765,0,0
C079381,4022388,48268656,3237027,38844324,292698457,102609772,74548854,507227,735,0,0
C079382,2662858,31954296,1067342,12808104,141224431,36589350,35411558,200493,789,1,0
C079383,2171822,26061864,751166,9013992,79577686,15257818,15257818,212134,827,0,0
C079384,4452788,53433456,2783230,33398760,135218416,112668425,82221350,604224,756,1,0
C079385,2917836,35014032,1557890,18694680,87881885,11150444,6926606,207468,737,0,0
C079386,5475437,65705244,2903698,34844376,328031985,51457402,28774254,345284,763,0,0
C079387,3126668,37520016,2268501,27222012,61355793,33823489,19569818,191242,688,0,0
C079388,3036538,36438456,1529597,18355164,184960364,48242693,48242693,391273,765,1,0
C079389,3706946,44483352,2207279,26487348,235281302,43099209,33035262,392789,832,0,0
C079390,3929807,47157684,2003515,24042180,331269096,67937585,53878064,487134,895,0,0
C079391,4436165,53233980,2970555,35646660,300151430,59538636,43655488,565120,707,0,0
C079392,1858723,22304676,880713,10568556,18716918,49104015,42186275,411176,792,0,0
C079393,4001560,48018720,2021693,24260316,241720336,32448639,32448639,83862,890,0,0
C079394,4792173,57506076,3597704,43172448,219589106,20649292,15097861,220040,791,0,0
C079395,8083540,97002480,3918261,47019132,348855108,212081609,189745038,1671459,788,0,0
C079396,6952301,83427612,4625327,55503924,175325656,29834010,29834010,306435,774,0,0
C079397,9468459,113621508,6475288,77703456,669545231,173155985,133812137,1574584,649,0,1
C079398,3113471,37361652,1675335,20104020,96859616,38368297,18321555,189114,791,0,0
C079399,2120635,25447620,1246993,14963916,128835791,26097237,19679738,177089,770,0,0
C079400,4468859,53626308,2832573,33990876,39671363,55316297,30147458,514036,798,0,0
C079401,5632231,67586772,3105138,37261656,291345912,87513436,70112125,801229,791,0,0
C079402,4185266,50223192,1894058,22728696,128497007,70451583,38963507,254605,786,0,0
C079403,8199257,98391084,5030708,60368496,441879838,142161480,116307342,956165,766,1,0
C079404,4034740,48416880,2577780,30933360,246966290,24523532,24523532,135622,865,0,0
C079405,4326654,51919848,2234218,26810616,470457718,31795658,18946926,100009,738,1,0
C079406,7121847,85462164,4840584,58087008,190300924,400890948,384579738,2631160,664,0,1
C079407,4000123,48001476,1662655,19951860,160322451,26469776,15149728,310652,762,0,0
C079408,5108630,61303560,3474022,41688264,707461963,55215963,42914178,384597,812,0,0
C079409,3866707,46400484,2070503,24846036,539102775,26284135,23027616,327989,835,0,0
C079410,4782005,57384060,1655823,19869876,400783361,50905971,44190586,445540,822,0,0
C079411,3902774,46833288,1172984,14075808,128078353,98220789,87626933,476858,794,0,0
C079412,5516257,66195084,2208568,26502816,146367506,142018521,119782569,1219495,844,0,0
C079413,3015916,36190992,1577348,18928176,351338676,32726086,14802264,320952,902,0,0
C079414,2320866,27850392,1070773,12849276,62470200,17150569,13905273,167429,881,0,0
C079415,3970505,47646060,2598832,31185984,55212352,83193459,72390787,767773,748,0,1
C079416,5150909,61810908,2425534,29106408,170871941,21251706,21251706,474877,753,0,0
C079417,5143604,61723248,4486771,53841252,236393395,58560053,38087436,315936,660,1,0
C079418,4393458,52721496,3444131,41329572,597866046,14599625,14599625,276058,767,0,0
C079419,6660251,79923012,4887425,58649100,323219845,107744052,77532206,257759,879,0,0
C079420,2578991,30947892,1895183,22742196,113677391,52630459,38514408,339080,669,0,0
C079421,3833084,45997008,958271,11499252,43725708,38019502,18399711,291046,860,0,0
C079422,3625827,43509924,1422696,17072352,296643264,42156423,30667529,345093,828,0,0
C079423,3279122,39349464,1738853,20866236,116416790,45841901,37219281,270095,838,0,0
C079424,2562007,30744084,1507866,18094392,71329487,36197867,25142375,182652,762,0,0
C079425,7218214,86618568,4341099,52093188,180004669,80754351,58930464,950338,711,0,0
C079426,9826217,117914604,6849183,82190196,106256512,186307182,150778328,1273959,721,0,0
C079427,7070947,84851364,5184296,62211552,243811632,36289468,19022508,338978,713,0,0
C079428,2129700,25556400,1195202,14342424,27847480,33914688,33914688,355454,728,0,0
C079429,4696225,56354700,1635018,19620216,212688119,24825368,24825368,145829,844,0,0
C079430,5130004,61560048,2303018,27636216,231129706,27150902,19762655,264919,800,0,0
C079431,3096332,37155984,1656364,19876368,75847919,57324179,48282389,645296,720,0,0
C079432,4125462,49505544,2247560,26970720,540429748,39597931,39597931,463458,775,0,0
C079433,2548633,30583596,1480050,17760600,39557388,34781710,25481248,317802,749,0,0
C079434,1800000,21600000,728512,8742144,96897357,40975349,33468265,329386,688,2,0
C079435,3986959,47843508,2703411,32440932,84537215,51793948,27358359,289828,816,0,0
C079436,6288246,75458952,1891443,22697316,465681085,43021249,43021249,467857,735,0,1
C079437,1800000,21600000,941551,11298612,39262377,13057701,12248234,63796,757,0,0
C079438,8851423,106217076,6375142,76501704,926199075,171089692,136560342,1353375,735,0,0
C079439,2906406,34876872,1371390,16456680,119264348,59937606,51706883,503518,784,0,0
C079440,1800000,21600000,1214871,14578452,62418258,44207854,37407904,399997,753,0,0
C079441,3998639,47983668,3210262,38523144,358321972,53874082,29568457,305874,729,0,0
C079442,4117650,49411800,2282624,27391488,127870474,43137281,25444651,336147,764,0,0
C079443,1800000,21600000,1350921,16211052,302400000,23176397,20063510,85419,857,0,0
C079444,2912266,34947192,2083590,25003080,126363352,43079752,38274825,364681,721,0,0
C079445,6306113,75673356,3449449,41393388,409277654,124621620,80217238,876397,712,0,0
C079446,5719888,68638656,4069294,48831528,794682949,76054112,61893491,427861,778,0,0
C079447,4682376,56188512,1911684,22940208,307674377,74170189,51249941,305761,777,0,0
C079448,4302831,51633972,2872532,34470384,114154457,80874563,51380305,776413,629,0,1
C079449,2392413,28708956,1662130,19945560,68276901,20214533,11226707,50000,792,1,0
C079450,3553724,42644688,1450093,17401116,231264119,33861612,24883835,142579,731,0,0
C079451,2439201,29270412,1537144,18445728,181472658,74110741,64580518,548717,713,0,1
C079452,2763364,33160368,1787826,21453912,186849230,51089429,39078704,447430,673,2,0
C079453,5430968,65171616,2586838,31042056,122331506,86792728,63657965,602656,845,0,0
C079454,7177752,86133024,3743606,44923272,216298710,163186326,141114761,967112,729,0,0
C079455,2395639,28747668,1567352,18808224,61443823,29369785,22907208,198625,835,0,0
C079456,3053376,36640512,2643658,31723896,73656981,19936304,9109100,215733,728,0,0
C079457,4934233,59210796,3233009,38796108,176219383,67935843,55951340,627557,762,1,0
C079458,3081692,36980304,2131951,25583412,68861862,47079135,23556235,301417,896,0,0
C079459,6450497,77405964,3629270,43551240,260599947,74846269,63274432,720969,778,1,0
C079460,5552740,66632880,3802663,45631956,662879322,101748758,88375917,1092970,649,1,1
C079461,3064793,36777516,1982929,23795148,118441371,20654317,18768021,366475,666,0,0
C079462,5767777,69213324,2706651,32479812,118514600,65078630,65078630,864790,904,0,0
C079463,4508279,54099348,3090958,37091496,84643172,53689112,45845710,727342,720,1,1
C079464,2486242,29834904,991830,11901960,75913907,23415246,16469278,254839,895,0,0
C079465,3322542,39870504,1511807,18141684,441523395,51974100,50474362,579150,777,0,0
C079466,2510669,30128028,1557506,18690072,49144738,12141344,12141344,206324,759,0,0
C079467,2232631,26791572,1108288,13299456,54448289,20706232,18177801,380177,786,0,0
C079468,3314811,39777732,2598949,31187388,181749833,48138328,46017827,381163,766,0,0
C079469,1800000,21600000,821986,9863832,107812026,18010616,12008648,50000,862,0,0
C079470,2869893,34438716,1731749,20780988,66557684,50222648,32339942,241140,812,0,0
C079471,6225783,74709396,3921652,47059824,846030377,101205506,61273709,389154,950,0,0
C079472,5479346,65752152,3204372,38452464,786200951,94419861,79321509,460029,882,0,0
C079473,6110760,73329120,5198509,62382108,175766762,36218717,36166872,589332,792,0,0
C079474,4310302,51723624,3521180,42254160,67140814,41014218,25178527,277539,817,0,0
C079475,6970887,83650644,2995100,35941200,328781104,88729943,66453529,473864,824,0,0
C079476,4889173,58670076,2068976,24827712,111196903,46449472,16148930,469373,802,0,0
C079477,8937004,107244048,7251769,87021228,1501416672,120634726,101565911,941215,830,0,0
C079478,2284591,27415092,936868,11242416,151334374,25185015,23865186,230823,852,0,0
C079479,3867253,46407036,2087437,25049244,649698504,27960013,12508495,147808,864,0,0
C079480,4718167,56618004,2784687,33416244,108537973,90406634,90406634,734125,745,0,0
C079481,4636313,55635756,2837533,34050396,107498397,36509814,21317379,363723,688,0,0
C079482,1800000,21600000,867473,10409676,93567891,48641484,46695414,415028,719,0,0
C079483,5770716,69248592,3222191,38666292,324492484,81989001,54444454,386684,770,0,1
C079484,5679970,68159640,3330619,39967428,236687767,110886961,90370242,1186773,754,0,0
C079485,4269905,51238860,1236362,14836344,385732780,39970343,39970343,734677,782,0,0
C079486,3435365,41224380,1654550,19854600,99658808,38680974,18769584,213110,857,0,0
C079487,2577753,30933036,1476388,17716656,193620816,24204210,14411437,351128,743,1,0
C079488,3835450,46025400,1734283,20811396,43033764,39580059,28840970,240601,783,0,0
C079489,4200595,50407140,1813767,21765204,482405066,69547994,59277676,550853,701,0,0
C079490,6604637,79255644,4060424,48725088,151738516,64854465,64854465,481004,818,0,0
C079491,1800000,21600000,1127937,13535244,187017359,10248213,4348457,71839,851,0,0
C079492,2848411,34180932,2018692,24224304,90099109,164034618,153814194,1271988,582,0,1
C079493,3363664,40363968,1705204,20462448,204876899,16782625,15364055,262274,930,0,0
C079494,4096022,49152264,2443301,29319612,688131696,6497413,6497413,483276,757,0,0
C079495,5817732,69812784,3079585,36955020,131272108,143617155,135657917,1091527,774,0,0
C079496,5005448,60065376,2026513,24318156,340668840,87778590,76057630,540610,657,0,1
C079497,1800000,21600000,1261924,15143088,79552400,30058202,17624163,246582,681,0,0
C079498,5656321,67875852,3184228,38210736,239436580,96913732,84203682,304664,861,0,0
C079499,4935823,59229876,2761126,33133512,295496920,76960004,55735317,583368,733,0,0
C079500,4186734,50240808,2669953,32039436,157561261,70993064,40901114,349629,715,0,0
C079501,3205295,38463540,2191144,26293728,176071596,34644591,14062480,293826,793,0,0
C079502,4569779,54837348,2507319,30087828,303763928,81930150,37081064,648839,735,0,0
C079503,8541933,102503196,3933968,47207616,418512789,131853745,131853745,799356,848,1,0
C079504,7198549,86382588,3358685,40304220,110025157,151584533,151584533,719132,846,0,0
C079505,5971400,71656800,3644153,43729836,386810064,86611106,47111447,685037,747,2,0
C079506,7308443,87701316,4939238,59270856,241810456,122905925,109955083,1211101,742,0,0
C079507,4075305,48903660,2944247,35330964,684651240,22980187,5633523,81506,792,0,0
C079508,4746111,56953332,3106396,37276752,294067693,60238694,60238694,488433,806,0,0
C079509,5211096,62533152,3301308,39615696,65001922,93932871,69476500,573947,789,0,0
C079510,2740062,32880744,1553843,18646116,151823830,48499620,26594363,474261,712,2,0
C079511,1800000,21600000,1381805,16581660,122307680,24653812,14272998,241788,775,0,0
C079512,5238790,62865480,3142382,37708584,239934884,78635209,58660049,485554,906,0,0
C079513,8705934,104471208,3338388,40060656,152468190,162042081,134273177,1359464,846,0,0
C079514,6919061,83028732,4139140,49669680,513521161,77739358,69548569,802913,676,0,0
C079515,3192848,38314176,1979419,23753028,78423310,96340050,85339045,424134,770,0,0
C079516,3846267,46155204,2449779,29397348,123874059,56404760,56404760,540218,784,1,0
C079517,3544982,42539784,1887979,22655748,231975287,51763343,28806321,332058,887,0,0
C079518,3812707,45752484,1257997,15095964,63927093,31997321,26058038,375023,832,0,0
C079519,3816613,45799356,2174983,26099796,218632724,31935140,20411989,218088,794,0,0
C079520,5198988,62387856,2076066,24912792,180842843,106693467,93279272,920720,866,0,0
C079521,3050232,36602784,2340936,28091232,179042530,69875076,69875076,668787,701,0,1
C079522,5567453,66809436,2418075,29016900,428787947,147151301,113232635,903395,750,2,0
C079523,5997727,71972724,4826991,57923892,438748568,170059774,125234365,1127728,617,0,0
C079524,6266943,75203316,3280631,39367572,352716299,52693084,41683340,307264,841,0,0
C079525,3670709,44048508,2090094,25081128,58218115,40878806,38352120,395299,853,0,0
C079526,2041801,24501612,1655743,19868916,119202008,11725494,8946091,125506,710,0,0
C079527,3080853,36970236,2344184,28130208,233607876,181012475,166366062,1202596,672,0,1
C079528,2969984,35639808,934064,11208768,133792717,16791824,16545844,286096,853,0,0
C079529,2342136,28105632,1809542,21714504,100426315,14017944,11459719,251217,834,0,0
C079530,5297512,63570144,3069091,36829092,889982016,44939241,27220924,449850,790,0,0
C079531,5333091,63997092,2918901,35026812,196553445,66896795,46744651,314988,744,0,0
C079532,4765047,57180564,2562583,30750996,499186107,36212692,36212692,535076,865,0,0
C079533,4344091,52129092,2335270,28023240,109527119,97822585,84158177,915858,721,0,0
C079534,10251071,123012852,6106844,73282128,209597166,38634278,33189167,205021,800,0,0
C079535,4864682,58376184,2407701,28892412,108402248,115887308,91484467,732098,725,1,0
C079536,3334967,40019604,1603355,19240260,95282562,99987581,99987581,576219,873,0,0
C079537,3582505,42990060,1673455,20081460,182675972,28832194,17015532,258945,867,0,0
C079538,3300325,39603900,2113896,25366752,239887511,62458855,41723185,454382,750,0,0
C079539,2457078,29484936,997088,11965056,34809360,29763528,29763528,277478,772,0,0
C079540,3036394,36436728,1438245,17258940,89239598,47701605,36530231,397403,767,0,0
C079541,4894678,58736136,2163541,25962492,292578854,41680973,41680973,470125,890,0,0
C079542,5275872,63310464,3856352,46276224,90117668,31342134,19298663,199501,727,0,0
C079543,3042966,36515592,2040538,24486456,220241325,24547153,24547153,298732,799,0,0
C079544,3210019,38520228,1332685,15992220,108385070,32226156,32226156,396522,786,0,0
C079545,5025812,60309744,2100006,25200072,175636914,49186174,42782526,377326,727,0,0
C079546,3343554,40122648,2072022,24864264,361580661,38202362,22849647,461034,831,0,1
C079547,3622275,43467300,2552953,30635436,476943720,51159191,26055705,608565,767,0,0
C079548,6292795,75513540,4944259,59331108,263027035,35023124,35023124,275824,689,0,0
C079549,3463375,41560500,1954773,23457276,118868714,73114142,44560849,303228,755,0,0
C079550,5892008,70704096,3945879,47350548,820132225,73392278,42154299,339915,766,0,0
C079551,1875772,22509264,1641601,19699212,69083918,14917086,11754735,92702,771,0,0
C079552,5179882,62158584,3786201,45434412,260758108,38024324,38024324,462423,767,0,0
C079553,3146509,37758108,1875809,22509708,52400181,10576423,10576423,198804,807,0,0
C079554,3380833,40569996,845208,10142496,255020330,70179298,57409059,513884,851,0,0
C079555,1899795,22797540,1428801,17145612,81332487,28102378,20935860,189085,847,1,0
C079556,2958996,35507952,2029171,24350052,59349546,66777934,54624147,571677,736,0,0
C079557,7021626,84259512,2954422,35453064,266430614,129961688,123235513,914087,747,0,0
C079558,4810381,57724572,2939242,35270904,173389402,82348893,65574731,795579,767,0,0
C079559,9380089,112561068,6091340,73096080,251956499,108253465,94565592,1169852,752,0,0
C079560,5945473,71345676,2665603,31987236,665027756,61932235,57340330,756063,857,0,0
C079561,5282066,63384792,3747472,44969664,465912077,207271810,190876455,1238400,738,0,0
C079562,3743047,44916564,2792260,33507120,91710721,85853747,83621713,669075,624,1,0
C079563,5747630,68971560,3513399,42160788,309293045,29344233,13193234,271006,790,0,0
C079564,5266699,63200388,1821909,21862908,111041204,43318047,24255804,419211,731,0,0
C079565,12000000,144000000,6996227,83954724,333143156,110221497,110221497,240000,786,0,0
C079566,2716758,32601096,2199006,26388072,89516968,19057499,14090584,250719,721,0,0
C079567,3103254,37239048,1055714,12668568,197223417,25106786,11802484,197752,826,0,0
C079568,2332359,27988308,817025,9804300,191095259,27832254,19890299,201287,775,0,0
C079569,4741774,56901288,2148427,25781124,563697663,84887575,79546523,788693,740,0,0
C079570,4249352,50992224,1766000,21192000,193758114,153127630,138643239,986747,691,0,0
C079571,4296724,51560688,2329722,27956664,118343871,54632681,28589110,140274,828,0,0
C079572,5881277,70575324,5591333,67095996,988054536,166777700,147364907,1335635,636,1,1
C079573,6431772,77181264,2881364,34576368,705401521,39174165,29000540,499831,812,0,0
C079574,5611608,67339296,4318170,51818040,219889640,272949329,239542763,1544466,648,0,1
C079575,6011914,72142968,4878822,58545864,303667982,129288226,85639484,1039008,622,2,1
C079576,3879212,46550544,2135765,25629180,31593461,45807931,36970416,260565,811,0,0
C079577,6142835,73714020,4679149,56149788,201376063,43027052,18650221,765382,859,0,0
C079578,5073733,60884796,2021929,24263148,114549768,56003766,51389898,209381,735,0,0
C079579,3661729,43940748,1554516,18654192,120367219,31806279,16075072,73235,812,0,0
C079580,4336948,52043376,2877757,34533084,152683888,46642760,46642760,558595,706,0,0
C079581,2601956,31223472,1860048,22320576,85951319,146844871,140505624,1059777,749,0,1
C079582,2068977,24827724,1392400,16708800,94649016,34443531,28583752,260471,939,0,0
C079583,1917438,23009256,1050869,12610428,50112124,59492658,55090486,428991,740,1,1
C079584,4489498,53873976,3522965,42275580,104464296,25385966,18439405,298080,733,0,0
C079585,3828715,45944580,2397928,28775136,56502317,37745378,34531205,623026,766,0,0
C079586,10086352,121036224,5507404,66088848,284437610,140123335,88637277,1087399,803,1,1
C079587,3628847,43546164,1873383,22480596,152391978,52145035,21177602,239847,835,0,0
C079588,7807197,93686364,4132220,49586640,357998576,68241392,47083266,953662,766,0,0
C079589,3015602,36187224,1267697,15212364,109958064,59019849,54106417,541195,678,0,0
C079590,4444991,53339892,2379273,28551276,48279459,85236870,61197030,808278,811,0,0
C079591,2600386,31204632,922017,11064204,173730450,118002254,114866706,905958,705,0,0
C079592,3098662,37183944,1128235,13538820,171147129,25847011,25542819,421881,751,0,0
C079593,2584035,31008420,1270051,15240612,74721218,33351276,33351276,225527,887,0,0
C079594,3655487,43865844,1231834,14782008,254227514,19356673,19356673,392889,783,0,0
C079595,2902734,34832808,1399657,16795884,334247235,25800747,25800747,356572,774,1,0
C079596,2116335,25396020,1496823,17961876,76846058,20503106,14299936,136072,908,0,0
C079597,2395060,28740720,1692304,20307648,177677295,26063810,18914238,108501,783,0,0
C079598,6847631,82171572,4680649,56167788,72468560,39487918,25042906,136953,925,0,0
C079599,3469823,41637876,2440162,29281944,226483812,61686060,44516234,556460,751,0,1
C079600,5026681,60320172,2096266,25155192,295582899,172151163,167137057,1200323,782,0,0
C079601,12000000,144000000,6064672,72776064,2000000000,363178900,333110023,2753114,818,0,0
C079602,1800000,21600000,835267,10023204,116024696,24480960,16998549,132657,777,1,1
C079603,7040481,84485772,5463837,65566044,119493902,227308864,227308864,1548746,735,0,0
C079604,1800000,21600000,1521587,18259044,175258849,10025644,10025644,143092,760,0,0
C079605,3221477,38657724,1361258,16335096,125492068,47347402,44736363,265433,766,0,0
C079606,3888660,46663920,1812442,21749304,240613350,79765022,59186610,651016,746,0,0
C079607,6314404,75772848,3968786,47625432,113665310,103120012,79260181,782872,799,0,0
C079608,5115803,61389636,3413756,40965072,290891501,89635727,89635727,824562,743,0,0
C079609,3295086,39541032,1514962,18179544,192933473,25568748,16525414,157627,814,0,0
C079610,2419291,29031492,1158002,13896024,80671808,59960276,49310608,309811,809,0,0
C079611,1970854,23650248,994512,11934144,281222365,35394790,31708811,253655,747,0,0
C079612,2914520,34974240,1224588,14695056,114321394,20155964,20155964,352994,712,0,0
C079613,5592041,67104492,3305861,39670332,939462888,44743449,44743449,194111,803,0,0
C079614,3448200,41378400,2028768,24345216,192221339,14844380,6701605,169913,788,0,1
C079615,4501268,54015216,3556030,42672360,464870181,78366499,67547972,300954,763,0,0
C079616,8004011,96048132,4675954,56111448,183869536,73761308,73761308,736678,651,0,0
C079617,2721216,32654592,743901,8926812,62334372,16033003,12847061,135126,811,0,0
C079618,3128414,37540968,1760851,21130212,79025330,87014839,74737084,727045,743,0,0
C079619,2584832,31017984,1018708,12224496,29654489,26539586,26539586,241588,759,0,0
C079620,3467804,41613648,1916444,22997328,141150802,14035662,14035662,408457,834,2,0
C079621,3556230,42674760,1354540,16254480,208491196,39311651,18121860,181700,745,0,0
C079622,2705713,32468556,1989160,23869920,191102349,36941342,19375698,190585,846,0,0
C079623,3862698,46352376,2640438,31685256,248451452,50198438,31828166,292988,730,1,0
C079624,3538772,42465264,1869940,22439280,139231288,36677808,21920076,305310,782,0,0
C079625,2220697,26648364,1726738,20720856,237664822,24302445,16768444,50000,950,0,0
C079626,7968835,95626020,5758485,69101820,532281295,64853366,28864644,616085,821,0,0
C079627,8871023,106452276,7147765,85773180,163711988,105326306,105326306,574321,743,0,0
C079628,2857633,34291596,2472170,29666040,265562988,32839805,21891200,236012,743,0,0
C079629,4259768,51117216,2472088,29665056,258467482,44526581,27802663,604848,695,0,1
C079630,4514000,54168000,2205676,26468112,211797307,64681928,64681928,395874,794,0,0
C079631,3585259,43023108,2054703,24656436,94915149,46155189,31651014,174741,830,0,0
C079632,4449228,53390736,2113860,25366320,72743916,43514400,38030515,540476,789,1,0
C079633,2489089,29869068,1429434,17153208,55259144,23858928,23858928,186925,873,0,0
C079634,3559669,42716028,1723742,20684904,98565005,42718783,13131426,198440,844,0,0
C079635,5070629,60847548,4144258,49731096,213276544,87186712,47922844,515099,657,0,0
C079636,8864728,106376736,5913265,70959180,732972305,126354225,108830820,1294851,792,0,0
C079637,3234076,38808912,2163551,25962612,52698308,26799468,12023478,148872,665,0,0
C079638,3504336,42052032,2084122,25009464,94007177,12268786,10426839,260400,859,0,0
C079639,3453266,41439192,1957122,23485464,104649051,38109224,22479218,543269,729,0,0
C079640,5875706,70508472,3770869,45250428,227606579,43252451,28103541,117514,822,0,0
C079641,2659074,31908888,1690690,20288280,344395100,25919686,16174275,484460,786,0,0
C079642,2228297,26739564,977859,11734308,311913725,43888722,16062275,73727,791,0,0
C079643,2985887,35830644,1857635,22291620,117587279,47502650,35464498,252674,736,0,0
C079644,2218047,26616564,1173489,14081868,231445593,46882344,43359471,379754,717,0,0
C079645,3584876,43018512,1404796,16857552,134705385,51966031,35696327,293880,812,0,0
C079646,3908209,46898508,2526935,30323220,149065124,24343929,24343929,131106,870,0,0
C079647,3040195,36482340,1566292,18795504,298940507,52104841,33413089,285657,891,1,0
C079648,2601277,31215324,766456,9197472,105758767,31238003,16964512,190679,848,0,0
C079649,5070362,60844344,3020690,36248280,241978692,58259431,45915598,252013,767,0,0
C079650,4296324,51555888,2722741,32672892,527369957,42575848,26535928,413650,678,0,1
C079651,4040301,48483612,2032708,24392496,678770568,13838885,13838885,593218,829,0,0
C079652,3649877,43798524,2144616,25735392,144272561,41304441,22675212,240090,878,0,0
C079653,2148415,25780980,1337466,16049592,81120691,21884382,19199375,181760,796,0,0
C079654,4348834,52186008,2074847,24898164,56526089,62233104,62233104,426660,726,0,0
C079655,12000000,144000000,4491588,53899056,303037919,173603456,173603456,1261706,844,0,0
C079656,3698529,44382348,2498124,29977488,131929662,41529014,24232732,417509,701,0,0
C079657,2666514,31998168,1784545,21414540,22255256,9725654,9725654,236468,794,0,0
C079658,3310494,39725928,1803235,21638820,111894567,26113029,23409849,234446,878,0,0
C079659,2351380,28216560,1239261,14871132,151507343,91151102,78737264,768914,608,0,1
C079660,5472442,65669304,4659476,55913712,449023153,89279155,74552214,1053582,623,4,1
C079661,2974169,35690028,1625935,19511220,105313600,25372467,14376262,59483,897,0,0
C079662,4336753,52041036,2211248,26534976,68467587,62147494,41802379,619217,732,2,0
C079663,2982656,35791872,1570109,18841308,91250142,34865746,22989925,278756,778,0,0
C079664,2895859,34750308,1688406,20260872,486504312,39416577,32869909,391649,744,0,0
C079665,5570312,66843744,3891224,46694688,280315995,66716998,41847884,455494,763,1,0
C079666,1800000,21600000,1363356,16360272,171812568,27018829,17261759,219182,673,1,0
C079667,3378158,40537896,1195905,14350860,239963618,106451247,81022131,875400,645,0,0
C079668,4055576,48666912,1897590,22771080,605576032,45760350,21130421,467032,808,0,0
C079669,2423772,29085264,1544016,18528192,130902234,50352497,35215227,382794,672,1,0
C079670,6240236,74882832,3187005,38244060,303947188,82391114,47709930,646727,732,1,0
C079671,4532273,54387276,2842640,34111680,77816882,11915042,11915042,162737,801,0,0
C079672,4997688,59972256,1952264,23427168,204938021,137993498,126053902,1486535,748,0,0
C079673,3076182,36914184,1763812,21165744,118301765,26101318,17038261,223606,722,0,0
C079674,4887187,58646244,2034812,24417744,519166666,37761646,27888864,364684,818,0,0
C079675,3767138,45205656,2535558,30426696,118532712,73341876,44972760,497099,748,0,1
C079676,2851864,34222368,2004385,24052620,98149898,67138592,52935973,352603,792,0,0
C079677,2706130,32473560,2058150,24697800,95185687,20303164,17906895,74159,801,0,0
C079678,3065860,36790320,2031873,24382476,73398748,5429298,5429298,120193,819,0,0
C079679,3444036,41328432,2298936,27587232,65712740,32054427,14429439,203870,825,0,0
C079680,6432377,77188524,4361322,52335864,394430453,52091167,28575549,553752,757,0,0
C079681,1800000,21600000,484458,5813496,120890811,9510668,9510668,74388,808,0,0
C079682,3646540,43758480,2419987,29039844,114159520,111582447,111582447,738689,803,0,0
C079683,3417774,41013288,2221924,26663088,149001158,45243020,37286081,408837,849,0,0
C079684,7675565,92106780,2810911,33730932,532319774,101745756,74155170,413311,812,0,0
C079685,2699140,32389680,1599633,19195596,76708787,23849212,15046817,295152,683,0,0
C079686,3926177,47114124,2553544,30642528,222030296,50009847,17860954,185734,731,0,0
C079687,3677208,44126496,1650813,19809756,403786488,53740273,31330867,278423,689,0,0
C079688,4477954,53735448,3211418,38537016,397040208,62333538,45069173,949115,739,1,0
C079689,1800000,21600000,1196486,14357832,299501864,26072665,13134877,186578,712,0,0
C079690,4785775,57429300,2612276,31347312,493577149,46737528,35195239,453865,779,1,0
C079691,2587160,31045920,1663106,19957272,70942737,36368227,32553834,157936,816,0,1
C079692,5389717,64676604,3817140,45805680,263115398,41515972,35049151,536219,781,0,0
C079693,3833096,45997152,2100720,25208640,73470154,6143235,6143235,140908,912,0,0
C079694,4583262,54999144,2933874,35206488,365080147,97133269,84316453,753507,675,1,0
C079695,2568803,30825636,1325245,15902940,118039852,19058692,17490096,313430,836,0,0
C079696,3625965,43511580,906491,10877892,261902381,195802110,195802110,1347341,759,0,0
C079697,2726434,32717208,1445714,17348568,50336352,116418547,115429225,751769,751,0,0
C079698,7368910,88426920,4366926,52403112,476636692,73088249,49235241,1276938,916,0,0
C079699,5459539,65514468,3331752,39981024,149135265,69446317,65599602,653016,781,0,0
C079700,6931588,83179056,3739807,44877684,348516901,91521848,60108669,502798,780,1,0
C079701,3299321,39591852,1019992,12239904,147253908,28159796,26992102,430817,781,0,0
C079702,2103079,25236948,979121,11749452,86830517,9622976,7510345,229495,795,0,1
C079703,4953559,59442708,3719818,44637816,287978096,34986670,32963898,475224,699,0,0
C079704,2579065,30948780,1715497,20585964,35806649,13057388,11837360,212860,784,0,0
C079705,4619123,55429476,3179926,38159112,389929623,71126917,52498809,566741,767,0,0
C079706,3488597,41863164,1493883,17926596,83111904,35866554,13931127,243645,755,0,0
C079707,2855435,34265220,1896393,22756716,144203233,66137772,44672575,338774,818,0,0
C079708,4213703,50564436,1620940,19451280,489362640,19987246,11297198,473428,752,0,0
C079709,2584894,31018728,2219438,26633256,136552280,28277992,13071730,98549,758,0,0
C079710,6001652,72019824,4604047,55248564,549405053,49516158,16471323,264507,656,0,0
C079711,4157743,49892916,2739029,32868348,84503444,68547505,59193649,167270,819,0,0
C079712,3871935,46463220,2567633,30811596,114284720,73501824,68140956,763240,711,0,0
C079713,7043279,84519348,4828438,57941256,95192950,97067029,83961026,627691,831,0,0
C079714,5935208,71222496,3693547,44322564,660222835,162301398,146439175,980691,732,0,0
C079715,5258539,63102468,2788637,33463644,71757056,52185459,38861239,379340,817,1,0
C079716,4115345,49384140,2905103,34861236,77823130,49809013,34356359,559770,785,0,0
C079717,1800000,21600000,1282599,15391188,111746778,18243032,11709109,207432,784,0,0
C079718,7007184,84086208,4038423,48461076,385767265,187832468,168700956,850276,645,0,1
C079719,5654066,67848792,2271297,27255564,223992559,36198019,36198019,706118,759,0,0
C079720,3988596,47863152,1378574,16542888,247793667,126999832,107651441,781320,733,0,0
C079721,2919154,35029848,1897445,22769340,98450066,25034400,25034400,251516,826,0,0
C079722,2161298,25935576,1287424,15449088,97524972,16007397,11787574,133286,701,0,0
C079723,2153447,25841364,606211,7274532,331607412,36882771,18557184,325684,737,0,0
C079724,3372259,40467108,1757476,21089712,95352299,46684982,18443433,234337,859,0,0
C079725,3834099,46009188,2253110,27037320,205233360,63781601,39703685,381030,716,0,1
C079726,4272732,51272784,1924154,23089848,115134088,28579675,9281315,276345,814,0,0
C079727,4344437,52133244,2700818,32409816,253203041,46131744,13805177,425945,662,0,0
C079728,11077021,132924252,7305757,87669084,317735752,105921626,70333230,1215758,772,0,0
C079729,3383246,40598952,1354349,16252188,142822440,47302992,47302992,426134,790,0,0
C079730,1800000,21600000,972152,11665824,102535597,14409082,12532877,74864,876,0,0
C079731,4594981,55139772,2478901,29746812,269391206,68180782,68180782,713234,745,0,0
C079732,1895078,22740936,1178907,14146884,52049636,9342607,9342607,80244,868,0,0
C079733,2916187,34994244,2385463,28625556,170036042,56798782,51209529,278379,669,0,1
C079734,4496105,53953260,2737124,32845488,208561695,107940260,107940260,1125670,736,0,0
C079735,3697866,44374392,2803101,33637212,220178888,34377593,24574966,184132,842,0,0
C079736,3628366,43540392,2300389,27604668,64257136,41962671,27422122,297809,819,0,0
C079737,3360444,40325328,2006515,24078180,155005928,78679667,49496673,518078,710,1,0
C079738,3455671,41468052,2130466,25565592,68575014,81396511,70462202,716618,617,1,0
C079739,2920418,35045016,1449803,17397636,38403825,35978723,19282951,58408,780,0,0
C079740,4054068,48648816,2995615,35947380,303665075,52598921,52598921,236275,842,0,0
C079741,3663491,43961892,2884274,34611288,251490439,56021593,54621772,462014,764,0,0
C079742,9332557,111990684,3438404,41260848,397778342,147798773,135554457,1239268,818,0,0
C079743,5852617,70231404,2618330,31419960,394803330,168548514,139927234,1033792,753,0,0
C079744,4307138,51685656,3914511,46974132,723599184,147911323,119002376,885813,623,2,1
C079745,5248175,62978100,3050301,36603612,417669321,151320285,151320285,1052384,823,0,0
C079746,2357668,28292016,1335062,16020744,126888119,49549803,49549803,467491,739,0,0
C079747,3921796,47061552,2382946,28595352,217314437,68085893,46298268,279372,859,0,0
C079748,4936683,59240196,2706750,32481000,125912088,106606666,106606666,900028,754,0,0
C079749,3883945,46607340,1921574,23058888,186005718,36972222,24810305,95772,741,0,0
C079750,5408704,64904448,3459591,41515092,140354853,98227659,84994163,1028792,784,0,0
C079751,6490810,77889720,2858975,34307700,340107882,87919050,71365872,527603,888,0,0
C079752,3304423,39653076,2136599,25639188,239195921,48599248,44907904,538514,692,1,0
C079753,2611582,31338984,1149724,13796688,143831779,14796794,11992129,272199,840,0,0
C079754,3478302,41739624,2242141,26905692,121442743,98018310,88140401,579953,734,0,0
C079755,3756618,45079416,2194563,26334756,153752812,31414956,23604452,361168,738,2,0
C079756,3492981,41915772,1358695,16304340,335314150,52513529,43867508,469010,857,0,0
C079757,6542875,78514500,4060551,48726612,466682380,200872716,140587622,1281014,720,1,1
C079758,3857834,46294008,2582253,30987036,73895652,60485888,54367413,539584,876,0,0
C079759,4019743,48236916,2816625,33799500,302462837,29565980,25683671,541504,791,0,0
C079760,3960423,47525076,3140567,37686804,511453220,70981234,59262385,499117,710,0,0
C079761,2932397,35188764,2121028,25452336,275667591,56186349,49447620,453916,687,1,1
C079762,3529134,42349608,1527480,18329760,63848766,15264281,9058815,188825,792,0,0
C079763,4407780,52893360,1885964,22631568,166413503,34090102,24993194,328379,824,0,0
C079764,4015172,48182064,2587794,31053528,210550827,43522357,35042564,435230,783,0,0
C079765,9625585,115507020,7022528,84270336,1026037312,152445255,87480948,2037770,657,0,0
C079766,5410698,64928376,2908936,34907232,297707432,95687562,91868188,726896,827,0,0
C079767,3596263,43155156,1426539,17118468,182327455,116527017,107610891,716354,755,0,0
C079768,5305164,63661968,3174232,38090784,165642254,64381005,49837520,549775,714,0,0
C079769,3863734,46364808,1614705,19376460,115392875,38857465,14616927,120864,874,0,0
C079770,2827870,33934440,2111645,25339740,172416843,15922616,15032397,331246,698,0,0
C079771,6651892,79822704,2866897,34402764,214259048,104889299,104889299,757785,782,0,0
C079772,2316753,27801036,898731,10784772,79406543,30050583,28147550,272674,757,0,0
C079773,4404278,52851336,2456870,29482440,35747470,14302026,9561764,156027,829,0,0
C079774,2531264,30375168,1800779,21609348,72584499,91451026,80487650,513908,750,0,0
C079775,5462756,65553072,3303092,39637104,437496480,169667809,133036406,1098930,796,0,0
C079776,4858840,58306080,4252200,51026400,79772892,149048445,149048445,1003287,628,0,0
C079777,3949180,47390160,1876417,22517004,209035652,31300467,19086779,245908,754,0,0
C079778,2234762,26817144,1415834,16990008,283661396,48779900,45761139,398114,764,0,0
C079779,4741661,56899932,2989072,35868864,761306798,42708190,24314567,206638,741,0,0
C079780,4581311,54975732,3415436,40985232,163655556,70405673,60888358,393375,683,1,0
C079781,5835582,70026984,3476463,41717556,164895079,124586968,124586968,1036039,794,0,0
C079782,3120777,37449324,2004698,24056376,35761923,46863491,29887390,319230,843,0,0
C079783,3302924,39635088,825731,9908772,66284429,98265290,85620398,499518,760,1,0
C079784,1800000,21600000,1070891,12850692,66978642,19957948,8117851,190233,785,0,0
C079785,3570764,42849168,1529112,18349344,254128904,70658172,62000964,425447,914,0,0
C079786,4978356,59740272,2685204,32222448,182212211,106617508,96360632,718244,803,0,0
C079787,3890344,46684128,2058491,24701892,69875173,29518949,28186994,508334,734,0,0
C079788,5335832,64029984,2262893,27154716,159297293,87709440,81677202,735431,822,0,0
C079789,2581556,30978672,1757892,21094704,65899290,48578904,42622890,487491,602,1,1
C079790,5389503,64674036,3424739,41096868,770670924,135495690,133761081,747572,728,0,0
C079791,3498625,41983500,1746493,20957916,78191552,81440089,81440089,471006,792,0,0
C079792,5092385,61108620,3741369,44896428,269760715,96741770,64711809,787977,858,0,0
C079793,3977861,47734332,2784041,33408492,49655067,105377048,100844904,791721,727,1,0
C079794,3474706,41696472,1885565,22626780,109720052,41435654,25677445,299283,712,2,0
C079795,3133898,37606776,1303920,15647040,486936787,62313125,62313125,526969,820,0,0
C079796,6203479,74441748,3063966,36767592,240992409,50653792,34716291,150448,796,0,0
C079797,3644646,43735752,2708776,32505312,195300721,50391188,47352711,525840,780,0,0
C079798,1800000,21600000,1448842,17386104,238807575,9054921,3454090,50000,856,0,0
C079799,4187306,50247672,2324499,27893988,703467408,53730215,44949922,362337,836,0,0
C079800,2749120,32989440,1251992,15023904,85874939,43762052,18499282,206294,728,0,0
C079801,4454236,53450832,2626950,31523400,91688514,35611446,24049295,258579,876,0,0
C079802,7069431,84833172,2669510,32034120,189878310,78579674,53668981,300346,744,0,0
C079803,5659166,67909992,3149559,37794708,252663157,73060946,40755883,394697,837,1,0
C079804,2094210,25130520,1257083,15084996,328936704,8866566,5945414,199725,827,0,0
C079805,2615825,31389900,1027640,12331680,99427422,46710278,34889048,365438,743,0,0
C079806,4571357,54856284,2454175,29450100,179466922,95191809,71469516,626404,751,0,0
C079807,1928099,23137188,1792934,21515208,150221298,25864867,25864867,203654,886,0,0
C079808,2834313,34011756,1230649,14767788,252841750,8909873,8375368,188423,832,0,0
C079809,6524550,78294600,4882484,58589808,448126621,82450232,50251133,989202,657,0,0
C079810,4595535,55146420,2437832,29253984,218604961,54579350,38411035,529436,857,0,0
C079811,5104662,61255944,2839649,34075788,200666291,35910885,35910885,689178,825,0,0
C079812,2027574,24330888,1420528,17046336,62399089,36216747,25745850,291730,696,1,0
C079813,4960294,59523528,4088694,49064328,819305024,52785613,44739662,594888,729,0,1
C079814,8783119,105397428,5790724,69488688,429882667,112064508,79471266,660616,754,0,0
C079815,5382547,64590564,2954501,35454012,283703048,98593707,77103664,714811,749,0,0
C079816,4965234,59582808,3173175,38078100,398116378,58380725,26188436,189033,798,0,0
C079817,3755935,45071220,2171460,26057520,36270214,32339352,9831463,123202,778,0,0
C079818,6938502,83262024,4010475,48125700,217296583,123319302,109204651,1179774,764,0,0
C079819,2736287,32835444,2052280,24627360,256130933,36000739,28993590,350420,718,0,0
C079820,2271736,27260832,2119054,25428648,110216601,35372666,20863167,153295,797,0,0
C079821,3890502,46686024,2627305,31527660,70973420,25131161,7916522,236880,742,0,1
C079822,2865742,34388904,1621967,19463604,315335497,23019905,14666032,289692,748,0,0
C079823,3501383,42016596,2083363,25000356,38769498,39952666,24299690,206916,737,0,0
C079824,5299690,63596280,1335087,16021044,161066859,69464982,39596377,214610,738,0,0
C079825,4089610,49075320,2998326,35979912,234460864,84879135,61981838,623557,684,0,0
C079826,6210960,74531520,3947876,47374512,232955214,22690420,22452202,189786,872,0,0
C079827,10108790,121305480,5968821,71625852,140360515,166212616,79847322,1368296,796,0,0
C079828,3825014,45900168,2181660,26179920,215719035,91836167,91836167,768341,769,0,0
C079829,3324977,39899724,1664794,19977528,177179979,52407657,35080997,355883,825,0,0
C079830,4695637,56347644,2744932,32939184,230610058,173342727,173342727,1250200,816,0,0
C079831,6126506,73518072,5263568,63162816,125655017,97025906,60192774,446423,696,0,0
C079832,3755843,45070116,1623008,19476096,566851994,48165219,30577318,220418,876,0,0
C079833,5776353,69316236,4799441,57593292,610572217,77664579,70500510,600891,781,0,0
C079834,1916075,22992900,1048064,12576768,96622212,21200752,13385645,149905,950,0,0
C079835,3773614,45283368,1420901,17050812,209915400,38491294,18617817,267041,759,0,0
C079836,4435897,53230764,2798581,33582972,306056446,103998074,81389226,460891,806,0,0
C079837,3452803,41433636,2231213,26774556,133455200,24544055,12319875,347714,630,1,1
C079838,11757578,141090936,6523203,78278436,206158718,119579079,62025859,235152,767,0,0
C079839,2791041,33492492,1653552,19842624,158889481,76745460,61741493,576143,685,0,0
C079840,5879668,70556016,3796596,45559152,149235559,38996661,18849683,451043,833,0,0
C079841,6558390,78700680,1894710,22736520,549693949,38178203,36690780,494906,853,0,0
C079842,3609677,43316124,1916647,22999764,131976681,114761227,95019014,848027,760,0,0
C079843,5473640,65683680,3828133,45937596,123868176,103268380,97936124,530027,784,0,0
C079844,3760893,45130716,3276886,39322632,124861247,23562465,23562465,217955,801,0,0
C079845,6367228,76406736,3402796,40833552,222256138,60017048,23343129,661604,728,1,0
C079846,3670385,44044620,2528791,30345492,148717133,23070872,23070872,106637,815,0,0
C079847,3735941,44831292,2209444,26513328,358929141,37247436,33283488,355623,778,0,0
C079848,2531864,30382368,1891399,22696788,43937464,18325509,9690047,50637,762,0,0
C079849,2852964,34235568,1815734,21788808,172753757,86381408,65483347,444173,663,2,1
C079850,9979542,119754504,5903546,70842552,788820788,103462182,56366314,690821,811,0,0
C079851,5524219,66290628,3028359,36340308,258353056,43798093,24905880,566876,684,0,0
C079852,4318320,51819840,1862724,22352688,86484089,13033860,13033860,122222,750,0,0
C079853,7055917,84671004,3694801,44337612,180350753,74640519,58954784,806270,824,0,0
C079854,3492015,41904180,1441252,17295024,248823053,46284294,23348311,309020,787,0,0
C079855,5842577,70110924,4490290,53883480,293176881,131783753,107288649,742097,605,1,0
C079856,3558904,42706848,2515317,30183804,99803866,15365705,15365705,89297,772,0,0
C079857,5069434,60833208,4733388,56800656,187220276,64401001,39006468,327551,707,0,0
C079858,2693190,32318280,1539853,18478236,110005641,21395935,18134299,271874,804,0,0
C079859,3901207,46814484,1971966,23663592,83267371,41680192,36903346,327523,897,0,0
C079860,5745944,68951328,4433051,53196612,175350922,161714393,161714393,1160019,735,0,0
C079861,6314304,75771648,4489954,53879448,243036031,64027346,56186617,729197,753,0,0
C079862,3104370,37252440,1313090,15757080,101592578,31442427,17156840,179915,707,0,0
C079863,2721659,32659908,1615545,19386540,236892803,40433710,27378285,290515,705,3,1
C079864,3854227,46250724,1246908,14962896,295421313,34252602,26393744,314063,779,0,0
C079865,1800000,21600000,1057930,12695160,302400000,39335987,34105797,165312,778,0,0
C079866,3990191,47882292,3306084,39673008,154333061,80010883,80010883,547714,724,0,0
C079867,1800000,21600000,1348346,16180152,16706019,18598289,15633636,114877,721,0,0
C079868,4057309,48687708,2108763,25305156,66198955,163606315,142372517,1113119,778,0,0
C079869,4261594,51139128,1841235,22094820,86312034,98584191,98451006,799801,752,0,0
C079870,2711486,32537832,1479565,17754780,31077840,21620033,8882552,162742,791,0,0
C079871,4683855,56206260,1466936,17603232,282908292,98957804,69549676,686351,719,0,0
C079872,4079542,48954504,2136812,25641744,280747597,22198565,22198565,81591,813,0,0
C079873,5447779,65373348,3115683,37388196,110195972,50712748,50712748,767381,787,0,0
C079874,1984297,23811564,849982,10199784,123647883,5237274,4108956,68431,817,0,0
C079875,2619419,31433028,1850792,22209504,97570351,58269124,30345123,365063,739,0,0
C079876,2173060,26076720,1618184,19418208,114716721,29315196,21160440,279647,728,0,0
C079877,5562791,66753492,3172846,38074152,359054071,104872110,91689506,1193547,737,1,0
C079878,6369272,76431264,2826294,33915528,164185265,73801812,59669662,692064,719,0,0
C079879,3244021,38928252,2359212,28310544,199257434,41204304,41204304,514043,749,0,0
C079880,2408009,28896108,1348573,16182876,287123122,22749731,22749731,310194,796,0,0
C079881,6325666,75907992,3693438,44321256,706628500,121774424,92507202,406811,825,0,0
C079882,7838266,94059192,2104414,25252968,574784010,45951012,39566390,316354,829,1,0
C079883,6886040,82632480,4748212,56978544,805936485,47061435,38449979,770409,761,0,0
C079884,5126755,61521060,1773772,21285264,185444547,72337161,46824946,266387,811,0,0
C079885,2731323,32775876,1716170,20594040,208051400,46807615,46241183,322625,837,0,0
C079886,6984892,83818704,4685437,56225244,701155691,47231807,28940234,351924,854,0,0
C079887,4351278,52215336,1686725,20240700,199111963,40094377,27005518,680965,852,0,0
C079888,3009582,36114984,1470851,17650212,42731829,131094900,123984069,894514,724,0,0
C079889,3865189,46382268,2006215,24074580,649351752,129942923,117758006,609259,828,0,1
C079890,2749216,32990592,2122131,25465572,32556595,26894065,19552607,54984,782,0,0
C079891,3587738,43052856,1627875,19534500,119929394,53834041,41299096,420906,810,0,0
C079892,5081442,60977304,2923918,35087016,294296525,46733691,46733691,529753,817,0,0
C079893,4084876,49018512,2527353,30328236,330007207,74861392,62499811,685727,776,0,1
C079894,3135507,37626084,1047244,12566928,46807217,21704373,9607539,135309,777,0,0
C079895,5435818,65229816,3228579,38742948,257723349,60943040,49131832,399694,782,0,0
C079896,9597682,115172184,5707027,68484324,323555838,75457241,67257865,798037,778,0,0
C079897,1800000,21600000,807713,9692556,87693045,23010209,20931300,229796,798,0,0
C079898,4396877,52762524,2349031,28188372,637281664,41457512,33061115,149532,802,0,0
C079899,3549629,42595548,1896061,22752732,106188481,41236092,29990650,70993,807,0,0
C079900,2723546,32682552,1972888,23674656,89363952,50162769,26762043,476505,726,1,1
C079901,3873258,46479096,1742037,20904444,108570936,34080376,26766565,395845,855,0,0
C079902,3230163,38761956,1102626,13231512,96604450,10599774,8225359,132294,849,0,0
C079903,2951373,35416476,1234947,14819364,38507063,63907292,58279572,327338,801,0,0
C079904,3081420,36977040,2376352,28516224,172241369,54471163,33868213,560580,656,2,1
C079905,5016637,60199644,3403241,40838892,209794732,85687491,68237841,541891,689,0,0
C079906,2087131,25045572,1492696,17912352,208945294,37290278,30810895,77691,839,0,0
C079907,4799970,57599640,3216516,38598192,291569861,77933230,73828615,674404,887,0,0
C079908,4225837,50710044,1685287,20223444,139279646,69090891,49770112,745139,794,0,0
C079909,4372901,52474812,1670803,20049636,165823241,236596570,229856446,1709900,642,1,1
C079910,3722397,44668764,1946584,23359008,83525263,31137038,31137038,352988,806,1,0
C079911,2235828,26829936,1599859,19198308,91797264,39873073,35430024,337323,741,0,1
C079912,3605710,43268520,2015017,24180204,50907972,83192343,70308072,584887,758,0,0
C079913,4891301,58695612,1721910,20662920,368313141,30071407,22166022,536967,732,0,0
C079914,4173084,50077008,2582473,30989676,92762545,64452379,26655086,336259,852,0,0
C079915,4963614,59563368,3925707,47108484,343133664,78037411,56422191,504445,702,0,0
C079916,4015474,48185688,1791255,21495060,251641628,15686789,15686789,80309,852,0,0
C079917,2409464,28913568,1122476,13469712,107957355,22132054,16589991,121063,818,0,1
C079918,5483658,65803896,1499678,17996136,154216050,45608583,32894656,218944,830,0,0
C079919,5131379,61576548,2883074,34596888,269105324,45523941,29894258,377102,814,0,0
C079920,3943122,47317464,1055971,12671652,87514528,12476171,12476171,258005,864,0,0
C079921,3541231,42494772,1581411,18976932,172147041,49649636,30286076,439970,720,0,0
C079922,5250326,63003912,2346327,28155924,249844468,22182303,22182303,426919,871,0,0
C079923,4324229,51890748,2222011,26664132,315744775,55295094,34804258,586717,736,0,0
C079924,4766295,57195540,2994582,35934984,88457089,103278404,100171233,527296,786,0,0
C079925,9082008,108984096,4337194,52046328,277126002,35789905,35789905,906556,785,0,0
C079926,3434775,41217300,2479820,29757840,140857669,91861555,79506732,605268,596,1,0
C079927,3163197,37958364,2106779,25281348,133451056,46150888,46150888,285731,844,0,0
C079928,4737916,56854992,1184479,14213748,566177724,108166374,108166374,857669,839,0,0
C079929,2559290,30711480,1189964,14279568,93550974,42655895,34247797,302547,791,0,0
C079930,2121299,25455588,1296248,15554976,88999236,86925000,75654790,557759,715,0,0
C079931,5009650,60115800,1890886,22690632,283165109,61756853,61756853,367653,834,0,0
C079932,2160242,25922904,1305819,15669828,106096207,21104832,9463554,272636,768,0,0
C079933,3513441,42161292,2376427,28517124,58936727,38280984,24459278,365193,710,0,0
C079934,2169989,26039868,1340134,16081608,30130797,16369646,9641833,107946,756,0,0
C079935,6797282,81567384,4483124,53797488,70604713,59766375,23934238,465951,836,0,0
C079936,4527340,54328080,2129707,25556484,248900309,56764679,49659163,267511,887,0,0
C079937,2557372,30688464,2240276,26883312,69781253,89335148,75101003,493647,682,1,1
C079938,3006879,36082548,781302,9375624,86301880,69083547,49137016,278333,741,0,0
C079939,5845356,70144272,3369753,40437036,247861302,26631841,22324220,512843,751,0,0
C079940,3991207,47894484,1647336,19768032,124826208,92828518,92828518,706712,819,0,0
C079941,1882422,22589064,1016615,12199380,213395676,13640211,7836812,149854,734,0,0
C079942,2876499,34517988,1538040,18456480,140379288,76861166,76861166,577795,769,0,0
C079943,4707550,56490600,2512516,30150192,171803492,59565364,45366707,688084,815,0,0
C079944,2819923,33839076,1381422,16577064,166741047,28876148,19155434,309235,819,0,1
C079945,3305438,39665256,1959444,23513328,237708648,27772463,14067825,66109,733,0,0
C079946,7005796,84069552,2534405,30412860,330642695,105134184,83405192,787332,818,0,0
C079947,2091444,25097328,965272,11583264,93538800,18677569,16215821,210631,858,0,0
C079948,4307810,51693720,2398245,28778940,88598698,54689365,54689365,450498,765,0,0
C079949,5930474,71165688,4545275,54543300,80876774,54874083,45943783,288556,766,0,0
C079950,3439528,41274336,1887068,22644816,175270980,34444332,29185537,347707,787,0,0
C079951,4863141,58357692,3289146,39469752,247412453,73003917,50370198,123935,798,0,0
C079952,3224165,38689980,1678261,20139132,180173111,49681249,43858962,230617,766,0,0
C079953,5356467,64277604,3172366,38068392,155905076,47100253,36977031,258492,771,0,0
C079954,11133427,133601124,7504804,90057648,230157979,290343733,223270378,1898419,763,0,1
C079955,3025178,36302136,1440371,17284452,249751883,22255970,17585600,120609,784,0,0
C079956,4331044,51972528,2996466,35957592,119597930,54967419,33222556,770770,746,0,0
C079957,5054782,60657384,2975250,35703000,91670120,40723306,25242246,172745,786,0,0
C079958,3973655,47683860,1808033,21696396,561562314,45794910,27842961,193531,763,0,0
C079959,4064781,48777372,1184262,14211144,96317432,124014662,76353729,739300,793,0,0
C079960,6585010,79020120,5717906,68614872,304010975,116372147,94938388,1268600,723,0,1
C079961,3583009,42996108,2515497,30185964,19438470,63438284,48760385,430252,800,0,0
C079962,2811993,33743916,986265,11835180,42438496,50989907,42108593,468832,666,0,0
C079963,3630913,43570956,2464504,29574048,343053890,67479682,49739804,613428,721,2,0
C079964,3923600,47083200,1898511,22782132,250227574,49188082,46243317,206960,802,0,0
C079965,5633306,67599672,2997739,35972868,194557097,125790243,105998051,843986,764,0,0
C079966,6600832,79209984,4034414,48412968,224873480,110973799,73739495,630234,719,0,0
C079967,3391648,40699776,1930726,23168712,569796864,53869833,53869833,525403,806,0,0
C079968,5070448,60845376,4489960,53879520,428786913,102233984,74347989,253128,842,0,0
C079969,4746769,56961228,3090124,37081488,266112835,129798867,129798867,1051774,775,0,0
C079970,4544660,54535920,1703555,20442660,369956481,40013647,39344142,605142,776,0,0
C079971,5056544,60678528,3655421,43865052,129814742,43169144,37782282,182954,745,0,0
C079972,5550523,66606276,3794173,45530076,176140898,48966324,20667444,388764,787,0,0
C079973,11529408,138352896,7915551,94986612,720625902,125816694,38077398,846937,742,0,0
C079974,8268258,99219096,3339318,40071816,318017515,180449642,172897597,1122673,758,1,0
C079975,3810110,45721320,2072552,24870624,238850188,57671218,38983052,269345,797,0,0
C079976,6322887,75874644,3119302,37431624,438608383,68137893,56384490,573892,707,0,0
C079977,3016093,36193116,1718870,20626440,107304529,54758617,43477318,581632,739,0,0
C079978,4854876,58258512,2477839,29734068,68454550,26509886,26509886,417850,816,0,0
C079979,2067226,24806712,1636804,19641648,182783001,70817343,57009622,521511,674,0,1
C079980,4757254,57087048,2646814,31761768,143286351,50057785,15225529,467733,767,0,0
C079981,2723514,32682168,1220668,14648016,194173676,25598158,21473611,348028,748,0,0
C079982,11522137,138265644,6044784,72537408,658479434,135598495,97776548,230443,699,0,0
C079983,4007839,48094068,3321190,39854280,217159989,106362149,106362149,566574,790,0,0
C079984,5506426,66077112,3709270,44511240,226413584,74250488,74250488,565719,723,0,0
C079985,3583053,42996636,2565472,30785664,176413405,17934197,13913772,195810,862,0,0
C079986,4637746,55652952,2068487,24821844,194892728,156087399,145525787,986826,775,0,0
C079987,4564076,54768912,3868896,46426752,265383145,45075259,35399180,725126,640,0,0
C079988,2733393,32800716,2317791,27813492,105598785,25144313,25144313,179723,683,1,0
C079989,4174137,50089644,1857754,22293048,646659090,102229084,102079234,773730,803,0,0
C079990,5591209,67094508,3117827,37413924,173197854,72799826,32765350,510463,818,0,0
C079991,5865878,70390536,3143142,37717704,367129025,147728540,128007398,1006970,716,0,0
C079992,4011442,48137304,1215697,14588364,239424982,64326824,47732976,214161,814,0,0
C079993,2374777,28497324,2117967,25415604,148533543,25968137,13520623,310392,619,0,0
C079994,4442941,53315292,3188932,38267184,212853799,51692527,51692527,714345,702,0,0
C079995,4760965,57131580,2956684,35480208,497337940,55713595,55024828,840341,768,0,0
C079996,3129987,37559844,1682469,20189628,346555977,40143855,25767310,274428,766,0,0
C079997,4094772,49137264,1397821,16773852,454647619,40578065,33865235,363448,924,1,0
C079998,4357954,52295448,2200667,26408004,78451961,33243752,27967163,457339,874,0,0
C079999,2304784,27657408,1313757,15765084,170269977,97304484,83752117,647823,666,0,0
C080000,3708036,44496432,2620800,31449600,229863376,22494347,20957611,210194,817,0,0
