customer_id,monthly_income,annual_income,monthly_expense,annual_expense,total_assets,total_debt,loan_balance,monthly_loan_payment,credit_score,past_overdue_count,target
C010001,4018158,48217896,2534153,30409836,114013194,100450872,88671827,662482,873,0,0
C010002,3082382,36988584,1454867,17458404,164907900,16737359,6812498,197247,849,0,0
C010003,2083022,24996264,1403316,16839792,38418701,34847714,34847714,407952,759,0,0
C010004,3646239,43754868,1988023,23856276,367779946,50310838,40854771,430573,791,0,0
C010005,5009852,60118224,3611955,43343460,109952977,127163368,113836484,1557505,607,0,1
C010006,7435230,89222760,3583621,43003452,538773312,68083945,46904545,148705,860,0,0
C010007,2186595,26239140,1065342,12784104,138605520,59689759,57942526,525538,773,0,0
C010008,5643557,67722684,3444192,41330304,757815722,37741323,19706048,183735,852,0,0
C010009,2821334,33856008,1767765,21213180,473984112,13307570,7636405,261336,766,0,0
C010010,5576493,66917916,3938699,47264388,912219309,123583274,98595095,455618,767,0,0
C010011,4399973,52799676,2278519,27342228,48676022,51237008,41444307,407348,773,0,1
C010012,5656355,67876260,4067112,48805344,415453217,75021451,75021451,917974,712,2,1
C010013,3686939,44243268,2471521,29658252,337075961,38460895,31834738,338628,747,0,0
C010014,3293421,39521052,1751133,21013596,109237944,59212037,56280355,495696,848,0,0
C010015,2303343,27640116,1190681,14288172,89111499,29126719,29126719,193823,927,0,0
C010016,3569437,42833244,2581047,30972564,322399439,71259348,58219840,423201,686,0,0
C010017,3059662,36715944,2170771,26049252,153074348,59064038,39925637,401500,728,0,0
C010018,5669070,68028840,2122190,25466280,92621989,29209194,23837101,373180,756,0,0
C010019,2741098,32893176,1634226,19610712,137839244,40253214,28492260,185397,723,0,0
C010020,5835905,70030860,2641342,31696104,540669649,125148143,101124784,1029082,801,0,0
C010021,1821511,21858132,927707,11132484,51903530,63288397,52026114,451827,609,1,0
C010022,3951394,47416728,1787687,21452244,171252599,67410809,26370374,172274,777,0,0
C010023,6138794,73665528,4798852,57586224,151374416,99524273,76410887,626637,863,0,0
C010024,5936593,71239116,4058073,48696876,618885572,68467192,59751711,925683,744,0,0
C010025,4088566,49062792,1844926,22139112,202328102,60350220,31349269,465070,783,0,0
C010026,3018177,36218124,1812335,21748020,56568052,75745824,75745824,656143,875,0,0
C010027,5785959,69431508,2475704,29708448,457281426,69994653,44283858,290267,850,0,0
C010028,3552307,42627684,2202142,26425704,302765739,90426539,73427753,743486,709,0,0
C010029,6948426,83381112,3637061,43644732,247730622,140800796,131815626,1335189,678,1,0
C010030,2293426,27521112,1330148,15961776,71057255,9202957,4465351,136735,787,0,0
C010031,7634261,91611132,4253816,51045792,443997136,147394889,116700520,915651,798,0,0
C010032,4767677,57212124,2946790,35361480,385004880,80024921,61713914,690838,741,0,0
C010033,1800000,21600000,1003995,12047940,29952349,10995220,4744536,80179,760,0,0
C010034,4658926,55907112,3972116,47665392,122729970,55170957,44745395,494525,795,0,0
C010035,4878323,58539876,1937820,23253840,79863704,88672268,87292879,1077321,708,1,0
C010036,2553257,30639084,1681808,20181696,260454431,18807647,9705842,240725,656,0,0
C010037,3528049,42336588,882012,10584144,83131710,120792281,105470267,838027,778,0,0
C010038,6058661,72703932,5821402,69856824,406707161,67434018,67434018,901607,658,1,1
C010039,4711652,56539824,1759672,21116064,256455946,15003871,14855299,208230,886,0,0
C010040,5612734,67352808,3741810,44901720,290002985,69104659,26192233,586088,735,0,0
C010041,4267697,51212364,2363920,28367040,72884021,77632073,77055204,973158,702,1,0
C010042,5853661,70243932,3926632,47119584,359402777,84362908,45432346,580741,735,0,0
C010043,2157946,25895352,1086766,13041192,175285665,16090224,16090224,62205,786,0,1
C010044,3210086,38521032,1798436,21581232,114277989,36081135,29907263,325497,672,0,0
C010045,3607527,43290324,3152001,37824012,391088635,54412511,50282127,620205,697,0,0
C010046,4967025,59604300,3452854,41434248,288721196,59494724,43735282,561778,777,0,0
C010047,3814954,45779448,1721215,20654580,138578206,57298162,36324216,353823,791,0,0
C010048,4331104,51973248,3390847,40690164,120233258,113850760,87078653,366086,711,2,1
C010049,6455006,77460072,3163070,37956840,281651299,72608717,56425795,216922,852,0,0
C010050,2771275,33255300,1787396,21448752,160491377,20811166,11090006,165199,873,0,0
C010051,5811622,69739464,5021671,60260052,387949765,97092879,92134891,576761,731,0,0
C010052,5358668,64304016,3322336,39868032,139615267,63213344,54771185,593160,761,0,0
C010053,4521755,54261060,2527532,30330384,201454592,35648369,35648369,577768,768,0,0
C010054,5871005,70452060,3532271,42387252,517159155,84232411,84232411,995884,645,0,0
C010055,3663891,43966692,2321647,27859764,127688482,54902352,38539696,455377,836,0,0
C010056,2732321,32787852,1431831,17181972,54212333,27330949,12204418,210237,736,0,0
C010057,3525867,42310404,2441088,29293056,272122438,55997551,51179195,420900,738,0,0
C010058,4107874,49294488,2153501,25842012,155325867,43800692,29373582,416660,734,0,0
C010059,7471849,89662188,3627488,43529856,182391372,21334342,21130701,582366,810,0,0
C010060,4387689,52652268,2378187,28538244,149903049,42678807,38769601,317241,780,0,0
C010061,4726774,56721288,3042334,36508008,794098032,156264188,156264188,1093221,721,0,0
C010062,1800000,21600000,1196728,14360736,65190722,41069729,27656509,236041,750,0,0
C010063,4916124,58993488,2332179,27986148,138537685,118157536,118157536,882255,643,0,0
C010064,1800000,21600000,1114039,13368468,93211404,27876103,24261473,225184,774,0,0
C010065,2896727,34760724,1680608,20167296,193540543,45782244,41130332,369127,796,0,0
C010066,5342405,64108860,3110336,37324032,897524040,23807792,23807792,540351,777,0,0
C010067,3899763,46797156,2137877,25654524,655160184,48080665,16355216,297225,760,0,0
C010068,5781226,69374712,3236692,38840304,192488581,72773999,38683560,669109,783,0,0
C010069,3486765,41841180,2052019,24624228,69740830,44170000,34631762,287944,827,1,1
C010070,3191968,38303616,1080715,12968580,173671335,28090410,20622129,305665,867,0,0
C010071,2871467,34457604,1799955,21599460,182329221,40150248,28300902,228273,801,0,0
C010072,3183503,38202036,1618262,19419144,175537693,38799406,29694792,194721,790,0,0
C010073,2752952,33035424,1842657,22111884,211111434,34307073,28006522,219389,761,0,0
C010074,1800000,21600000,877439,10529268,237785221,13047619,9142171,197895,877,0,1
C010075,6151307,73815684,3618193,43418316,287421028,62184537,30162010,127146,759,0,0
C010076,5672496,68069952,2217396,26608752,69643247,22801240,15209336,297711,822,0,0
C010077,6960377,83524524,3582370,42988440,326107470,104941301,104941301,679044,849,0,0
C010078,1800000,21600000,910862,10930344,21189862,13067494,13067494,103227,744,0,1
C010079,2821674,33860088,1464412,17572944,208168102,72982434,61141290,448069,705,0,0
C010080,6149983,73799796,2595139,31141668,855750557,56617256,56617256,620136,742,1,1
C010081,3887596,46651152,2888906,34666872,180136841,137368713,114171949,894328,742,0,0
C010082,4659965,55919580,3243596,38923152,42334495,86818786,85795300,619461,729,0,0
C010083,2518593,30223116,1115520,13386240,80964296,25989816,25989816,475352,740,0,0
C010084,3776174,45314088,2680156,32161872,65015244,37856517,23568425,315914,816,0,0
C010085,4324555,51894660,2803774,33645288,117411712,24524495,24524495,225635,838,0,0
C010086,3437329,41247948,1665761,19989132,197007626,53030469,38036299,168905,753,0,0
C010087,9521787,114261444,4947802,59373624,281044450,59393707,56507025,308173,833,0,0
C010088,3211541,38538492,2230444,26765328,23272560,26786009,26786009,231084,876,0,0
C010089,5047008,60564096,3903042,46836504,183052599,48951704,37265031,676875,843,0,0
C010090,2664591,31975092,1840376,22084512,31231411,25856032,22554001,427623,763,0,0
C010091,2256189,27074268,917143,11005716,101503598,37207496,37207496,372910,748,1,0
C010092,5838214,70058568,3783522,45402264,370586950,77827831,53546335,717233,816,0,0
C010093,4176794,50121528,2442785,29313420,143455083,74072496,59224291,429447,753,1,0
C010094,6411246,76934952,3411273,40935276,308489662,59268777,34929962,406552,793,0,0
C010095,3310505,39726060,2132704,25592448,106736649,44383723,24738097,228860,695,1,0
C010096,2126872,25522464,910589,10927068,71333122,12214417,11217632,85775,950,0,0
C010097,3823045,45876540,2448949,29387388,147902148,110697269,95787632,656563,733,0,0
C010098,2820628,33847536,2158859,25906308,103509582,41424992,34468076,262427,794,0,0
C010099,2246022,26952264,1889010,22668120,34712972,39298238,28396331,347035,803,0,1
C010100,10336340,124036080,4771506,57258072,332601014,116394193,87907661,1498141,704,0,0
C010101,4923916,59086992,2231930,26783160,298426976,25708371,23821939,204627,874,0,0
C010102,1800000,21600000,1089962,13079544,48942097,59703556,41939880,355062,705,0,0
C010103,1800000,21600000,1075484,12905808,74981657,21633817,9052831,201986,799,0,0
C010104,7434335,89212020,4753051,57036612,187342723,107470641,80496188,613776,777,0,0
C010105,2392613,28711356,1675982,20111784,111752844,9732021,3834674,139896,751,0,1
C010106,8920030,107040360,4251553,51018636,270828130,190179261,149714238,783497,842,0,0
C010107,4402276,52827312,2426382,29116584,479804958,22412968,22412968,612097,869,0,0
C010108,2074075,24888900,1103087,13237044,74854774,65644158,52783677,489251,779,0,0
C010109,2849656,34195872,2048602,24583224,210717350,44876076,29730754,270081,755,0,0
C010110,3555917,42671004,2007073,24084876,130555924,74889647,63805148,370459,794,0,0
C010111,5093835,61126020,2646869,31762428,505240761,53692090,35753762,548038,756,0,0
C010112,2688020,32256240,2452024,29424288,114395319,41721559,20779871,352693,640,2,1
C010113,4079601,48955212,1916130,22993560,202522510,21176204,21176204,196741,800,0,0
C010114,6535714,78428568,2393482,28721784,118239862,30687485,20378396,259625,837,0,0
C010115,2885092,34621104,2336498,28037976,44240423,14915064,14157352,177912,698,1,0
C010116,5769444,69233328,3155354,37864248,139123718,159029691,130598359,966983,875,0,0
C010117,2779457,33353484,1307745,15692940,294315117,23160275,19204349,199125,840,1,0
C010118,6882201,82586412,4384078,52608936,861662456,267705437,260793415,2015227,768,0,1
C010119,4913784,58965408,3428995,41147940,79051257,60722092,44622173,520042,805,0,0
C010120,3659145,43909740,2005189,24062268,134238598,42218033,42218033,376052,706,1,0
C010121,4549865,54598380,2612950,31355400,407122360,75303947,52406623,633055,754,0,0
C010122,3300111,39601332,2032498,24389976,146398822,97856096,97856096,484367,758,0,0
C010123,3017508,36210096,1487554,17850648,109325984,28921736,19395473,379574,725,0,0
C010124,1800000,21600000,852913,10234956,258478985,20125920,15006922,233086,763,0,0
C010125,5779726,69356712,2332036,27984432,251205313,48667530,46107498,451508,833,0,0
C010126,2211216,26534592,1628084,19537008,144895352,13302194,11239119,110381,827,0,0
C010127,3368879,40426548,2877911,34534932,30414364,27989962,21919921,72222,786,0,0
C010128,2370229,28442748,1471789,17661468,92267596,23607947,11467335,50000,807,0,0
C010129,4896839,58762068,2103767,25245204,139558466,177458289,177458289,1196962,845,0,0
C010130,1986150,23833800,1044069,12528828,183055439,44547589,40300943,205502,715,0,0
C010131,3754115,45049380,1534187,18410244,145512546,63838260,63804891,451570,785,0,0
C010132,3736354,44836248,1791091,21493092,594449303,6911857,5450884,74727,822,0,0
C010133,4414028,52968336,3519800,42237600,86708563,54913735,33124727,478328,694,0,0
C010134,2877669,34532028,1703788,20445456,201228709,59575870,56824289,389423,783,0,0
C010135,3430103,41161236,2525027,30300324,410371423,35123535,29166844,555468,740,0,0
C010136,3932535,47190420,3156426,37877112,66926306,56267143,56267143,470678,771,0,0
C010137,3344372,40132464,2419610,29035320,135357605,54491883,39615023,674441,709,0,0
C010138,3009199,36110388,1946064,23352768,140669102,65456148,54429226,594674,715,0,0
C010139,2787323,33447876,1751583,21018996,173867301,59764461,43956520,430434,744,0,0
C010140,4847080,58164960,3283118,39397416,228173102,53997755,52321640,526076,678,0,0
C010141,4149130,49789560,2850746,34208952,101971889,95720479,82143361,1054130,738,0,0
C010142,2794727,33536724,1182289,14187468,219727933,69208854,57912102,363274,783,0,0
C010143,1800000,21600000,1437193,17246316,181986967,36807916,30620928,264615,729,0,0
C010144,5626136,67513632,3658100,43897200,292583738,167504094,151384809,1238768,752,0,0
C010145,1800000,21600000,1032480,12389760,44664718,22965004,13239278,111061,787,0,0
C010146,6107995,73295940,3771171,45254052,123472343,75734840,44810384,726226,668,0,1
C010147,7548865,90586380,6450237,77402844,372730712,59300985,59300985,888138,807,0,0
C010148,6561845,78742140,5246579,62958948,325630098,143022962,143022962,1048412,714,0,0
C010149,7442888,89314656,4162979,49955748,996025991,43181730,40610621,1114953,775,0,0
C010150,3580090,42961080,2252256,27027072,242010327,80323505,49862695,512498,648,0,1
C010151,10889355,130672260,6915879,82990548,739206010,136752154,71520102,1182125,703,1,0
C010152,5189100,62269200,3535960,42431520,256140914,62027648,23708095,346795,844,0,0
C010153,3268765,39225180,1270471,15245652,166002539,34280345,27435354,182053,758,0,0
C010154,3614716,43376592,1746839,20962068,306794225,20128594,12237930,115144,784,0,0
C010155,3866970,46403640,1476101,17713212,70320290,109380665,90991875,783777,685,0,0
C010156,3112897,37354764,1763135,21157620,162597082,16465998,16465998,62258,784,0,0
C010157,6472842,77674104,4580529,54966348,103017194,132500839,107672230,873771,663,0,0
C010158,5244034,62928408,3059703,36716436,229335763,108593524,108593524,742961,713,1,0
C010159,1800000,21600000,758216,9098592,76568704,16835049,14931454,155117,838,0,0
C010160,3793561,45522732,1805188,21662256,234814161,129418986,115925345,699250,726,0,0
C010161,2609666,31315992,1781709,21380508,25797124,32007436,23548997,438520,793,0,0
C010162,5250354,63004248,3786951,45443412,115317725,83855667,44916827,435447,724,1,0
C010163,3186850,38242200,1375166,16501992,209048238,40013994,40013994,120567,849,0,0
C010164,3016521,36198252,1999274,23991288,470680395,14449776,14449776,70352,800,0,0
C010165,2067588,24811056,698554,8382648,40113078,35461960,35461960,242878,877,0,0
C010166,4973638,59683656,4041136,48493632,233918496,99362416,82049267,796396,728,0,0
C010167,4754605,57055260,1438860,17266320,201716369,19008636,19008636,102701,826,0,0
C010168,10466434,125597208,7199456,86393472,298322057,189162941,188239270,1347483,844,0,0
C010169,1825077,21900924,1144642,13735704,24019709,8904657,7998066,121284,752,0,0
C010170,2740538,32886456,1236924,14843088,116257817,46324091,46324091,393048,789,0,0
C010171,5171040,62052480,4362562,52350744,210437364,83038312,66223755,675109,642,0,0
C010172,1800000,21600000,1081461,12977532,38012280,49593849,43136765,231672,929,0,0
C010173,9396619,112759428,6608767,79305204,393039662,90227576,90227576,432652,800,0,0
C010174,7098069,85176828,3899212,46790544,400171096,57602111,41721744,632158,893,0,0
C010175,1881483,22577796,781313,9375756,125172278,21658099,21658099,230334,834,0,0
C010176,3031197,36374364,2171762,26061144,87603733,29002720,17439973,313099,780,0,0
C010177,3666898,44002776,2493825,29925900,105407289,17997699,17997699,272359,785,0,1
C010178,2364536,28374432,1333645,16003740,44255644,40271828,33634770,379503,641,0,0
C010179,3454036,41448432,1611819,19341828,580278048,42283438,36784348,469446,819,0,0
C010180,5922915,71074980,2209649,26515788,194983823,161137329,149713714,1166208,760,0,0
C010181,5070235,60842820,2316875,27802500,149167827,13798995,13798995,309282,760,0,0
C010182,2537678,30452136,752870,9034440,38883642,52966998,52966998,568504,869,0,0
C010183,4785570,57426840,2400101,28801212,308797119,40875342,39591353,306623,786,0,0
C010184,3456788,41481456,1762858,21154296,464047366,27629329,22825427,208467,686,0,0
C010185,5247776,62973312,2388201,28658412,85766164,12532988,12532988,142798,876,0,0
C010186,2476864,29722368,1338669,16064028,44886893,26406190,24530272,350931,802,1,0
C010187,5599671,67196052,4460432,53525184,541203381,201893175,176510821,1390779,760,0,1
C010188,4451076,53412912,3115444,37385328,166994072,122276258,122276258,652912,674,0,0
C010189,4342050,52104600,2330155,27961860,249520760,93072156,93072156,690287,758,0,0
C010190,4801571,57618852,2149201,25790412,107390036,125618649,114852037,844822,715,0,0
C010191,5640032,67680384,2823251,33879012,472802421,27237770,27237770,304946,771,0,0
C010192,3376598,40519176,2001451,24017412,128046992,28628389,11364819,67532,788,0,0
C010193,2356968,28283616,933689,11204268,110742147,32600685,26722550,401553,813,0,0
C010194,12000000,144000000,5636539,67638468,947481997,199501270,130739751,986633,850,0,0
C010195,4523986,54287832,2156341,25876092,280290609,54124672,41410837,582774,740,0,0
C010196,5858877,70306524,4512649,54151788,263023948,60997023,25348318,509435,727,1,1
C010197,3267436,39209232,2234089,26809068,433653487,32905701,15581789,163184,841,0,0
C010198,2824239,33890868,2591733,31100796,191232064,28682113,10910773,130736,741,0,0
C010199,3541859,42502308,1887779,22653348,103469123,41013447,35115811,259494,882,0,0
C010200,2369123,28429476,1084929,13019148,93789951,28903172,14841350,322717,890,0,0
C010201,3862605,46351260,2474960,29699520,113050993,83295153,79661042,603834,847,0,0
C010202,4665249,55982988,2632091,31585092,225084920,39099109,25419450,278119,769,0,0
C010203,5999453,71993436,3915020,46980240,160055976,332248104,323970462,2057222,750,0,0
C010204,3069515,36834180,1632553,19590636,119690780,28742106,19339456,439922,791,0,0
C010205,9631433,115577196,3750035,45000420,391223826,152960858,128325122,1274948,786,0,0
C010206,3548830,42585960,2584855,31018260,108982748,39014058,28142497,239903,808,0,0
C010207,1800000,21600000,450000,5400000,71322493,29908247,22428995,204772,902,0,0
C010208,4917020,59004240,2514523,30174276,473300997,42490571,30141464,98340,822,0,0
C010209,2933089,35197068,1973405,23680860,159687150,71139707,67743833,498497,818,0,0
C010210,4281198,51374376,1810786,21729432,346075028,77690944,65598254,708950,872,0,0
C010211,4048975,48587700,2089969,25079628,157634493,103622818,88495212,606424,786,0,0
C010212,5547643,66571716,1676105,20113260,247496166,62229612,40174185,354224,774,0,0
C010213,2422341,29068092,1261595,15139140,175524807,14796379,6862333,97557,895,0,0
C010214,6034695,72416340,2872493,34469916,269008539,96805711,81507218,810701,675,0,0
C010215,4296191,51554292,3201366,38416392,157282343,46453060,31183560,327002,842,0,0
C010216,6440559,77286708,4038413,48460956,102308010,139765741,139765741,942818,797,0,0
C010217,3192276,38307312,1648752,19785024,384981670,85117741,75796571,631075,775,0,0
C010218,3688134,44257608,1524882,18298584,152787544,47540560,28310202,199435,901,0,0
C010219,2351054,28212648,1179516,14154192,29687182,33677173,30924044,399034,827,0,0
C010220,3156826,37881912,1689766,20277192,127874746,87861834,68259740,527441,836,0,0
C010221,3476691,41720292,2012433,24149196,76786476,63189219,45940512,602250,846,0,0
C010222,1800000,21600000,1058492,12701904,30535078,12310511,5941725,50000,789,0,0
C010223,4674083,56088996,3366277,40395324,163736585,82290524,60284358,348260,776,1,0
C010224,5133648,61603776,3249126,38989512,370175499,65575537,40049346,623467,762,0,0
C010225,6322172,75866064,3875481,46505772,616851131,47674497,35239625,259207,838,0,0
C010226,2955041,35460492,1188043,14256516,68976399,48423734,34532857,370538,834,0,0
C010227,7570687,90848244,5543456,66521472,90293022,112155191,71323640,1036908,701,0,0
C010228,3397331,40767972,1608814,19305768,126605966,51908936,48851716,345642,776,0,0
C010229,4169502,50034024,1983938,23807256,221448331,60847007,25101454,510889,651,0,0
C010230,4406903,52882836,3099937,37199244,124005508,62372003,57240097,539289,666,1,0
C010231,4384808,52617696,2567073,30804876,736647744,46820062,28789444,436592,792,0,0
C010232,5920511,71046132,5089424,61073088,83869404,160234837,153919520,686197,750,0,0
C010233,4947963,59375556,3080296,36963552,698935161,124665950,95742254,725624,697,0,0
C010234,6085606,73027272,4686590,56239080,347945451,73350229,73350229,686082,738,0,0
C010235,2927587,35131044,759537,9114444,112777560,40536067,40536067,352058,879,0,0
C010236,6792575,81510900,2438411,29260932,561665172,134811363,120513602,911375,799,0,0
C010237,5153180,61838160,2657864,31894368,92462713,55285446,55285446,548016,777,0,0
C010238,2588428,31061136,1312996,15755952,40545273,126866276,122212505,708537,720,0,0
C010239,2662407,31948884,1195386,14344632,306466678,38429936,34852318,244757,822,0,0
C010240,3992089,47905068,2821544,33858528,212205052,27361169,13643353,123308,770,0,0
C010241,4146416,49756992,3016505,36198060,123982561,33815989,33815989,170980,717,0,0
C010242,4931036,59172432,3906105,46873260,143122586,64905713,38014465,392270,696,0,0
C010243,3187511,38250132,3214763,38577156,332805292,55968030,40689975,611872,678,1,1
C010244,4443136,53317632,2138779,25665348,214546761,133537612,130141652,790881,748,0,0
C010245,3790973,45491676,1900758,22809096,274525070,14632425,10563579,191558,809,0,0
C010246,4254281,51051372,2923028,35076336,259698751,119809804,74795388,460826,740,0,0
C010247,5470989,65651868,2500834,30010008,64591935,51652751,45818626,222463,785,0,0
C010248,3500160,42001920,1416302,16995624,187501084,71711964,64346290,491511,762,0,0
C010249,4809601,57715212,3100284,37203408,345589025,63276607,48082443,457602,763,0,0
C010250,3654068,43848816,2476669,29720028,205481739,49505284,29955820,373960,654,0,1
C010251,2609312,31311744,1813226,21758712,275461501,45556701,38863313,555123,678,0,1
C010252,4545363,54544356,2140353,25684236,559161724,62971798,42290248,212996,773,0,0
C010253,4730091,56761092,3009253,36111036,143986982,91082190,88455817,788570,782,0,0
C010254,3977377,47728524,1597805,19173660,197510827,40309468,26332936,152047,774,0,0
C010255,2005021,24060252,1039918,12479016,84900901,35859385,34490312,279122,835,1,0
C010256,3824064,45888768,1482705,17792460,263827660,112551790,112551790,716734,857,0,0
C010257,4544741,54536892,3334994,40019928,261843907,43724847,35028440,601285,664,0,0
C010258,2400422,28805064,1516263,18195156,27903024,34499602,27637252,269505,770,0,0
C010259,7016699,84200388,5973609,71683308,182929203,110229863,73071810,616654,696,0,0
C010260,3195292,38343504,1654152,19849824,121122682,40717329,34838385,383976,679,1,0
C010261,3053794,36645528,1684506,20214072,302522237,37895535,37895535,261922,864,0,0
C010262,2988203,35858436,1860942,22331304,143282808,40532299,32359214,287879,754,0,1
C010263,4793481,57521772,2733942,32807304,266119079,51121514,51121514,635814,739,0,0
C010264,5071821,60861852,2113748,25364976,96340528,110091926,107474114,874798,763,0,0
C010265,3437066,41244792,1561996,18743952,287930517,37196094,37196094,639785,744,0,0
C010266,9048622,108583464,7246075,86952900,720423451,72397428,39725599,516952,737,0,0
C010267,2180157,26161884,1038006,12456072,216728257,33807425,22202837,179249,773,0,0
C010268,3084097,37009164,1830565,21966780,484833367,15918633,6877420,61682,822,1,0
C010269,5302918,63635016,1870273,22443276,128674554,111652040,81298436,467980,784,0,0
C010270,7078351,84940212,3658550,43902600,144427712,83490423,76513665,670437,728,0,0
C010271,3377573,40530876,2250962,27011544,83133922,51050648,38260849,415579,764,0,0
C010272,5109462,61313544,3306455,39677460,91035322,72528671,51585529,170573,910,0,0
C010273,2708622,32503464,1880787,22569444,90919283,22435116,17719233,54172,750,0,0
C010274,4164389,49972668,2549888,30598656,182333543,37853930,25985613,499869,831,0,0
C010275,8854345,106252140,5153506,61842072,251913464,123644450,81691239,842126,734,0,1
C010276,3474885,41698620,2263410,27160920,297677833,75958538,59635381,672564,785,0,0
C010277,4746125,56953500,3779665,45355980,90364419,75518106,60005371,420837,675,0,0
C010278,5423431,65081172,3973803,47685636,231541071,60761100,33464311,1028016,687,0,0
C010279,2552791,30633492,1300303,15603636,104409469,102016574,86538606,536703,849,0,0
C010280,1800000,21600000,735530,8826360,211255078,25048386,25048386,177446,817,0,0
C010281,3126859,37522308,1340095,16081140,95235708,42275920,31582526,65717,828,0,0
C010282,3153426,37841112,1327582,15930984,96542255,43623582,33947383,401964,785,0,0
C010283,3696990,44363880,2512805,30153660,454279427,41091691,31648747,280161,791,0,0
C010284,6364814,76377768,2361623,28339476,370684720,85044602,59275731,539776,789,0,0
C010285,4095997,49151964,2568225,30818700,101619881,82111132,71198397,588761,701,0,0
C010286,3449302,41391624,2337963,28055556,132301593,35492529,26680216,282970,771,0,0
C010287,2865500,34386000,1148857,13786284,150282986,3292131,3292131,57310,877,0,0
C010288,5337658,64051896,4069868,48838416,209708790,87602264,82418428,421785,906,0,0
C010289,3029946,36359352,1992987,23915844,146523622,131823523,112931157,850552,650,1,1
C010290,5651024,67812288,2706818,32481816,217806341,36758957,27845960,218298,883,0,0
C010291,3362545,40350540,2495400,29944800,158617763,51967085,39086031,304700,794,0,0
C010292,4267100,51205200,2542576,30510912,92033972,78999278,49784061,751877,687,1,1
C010293,4884628,58615536,2714100,32569200,69000726,43757010,28027411,233653,862,0,0
C010294,5757562,69090744,3358925,40307100,182138090,32592146,18421534,648604,827,0,0
C010295,6689578,80274936,3112034,37344408,317872130,108342852,51057411,353403,843,0,0
C010296,6205188,74462256,3165523,37986276,71650863,36164246,25165117,479175,751,0,0
C010297,2422389,29068668,1381946,16583352,77721609,27183162,15272372,123044,824,0,0
C010298,12000000,144000000,6789372,81472464,109005398,72382060,72382060,653673,817,0,0
C010299,3736431,44837172,2828047,33936564,323301735,195441897,174164377,1334916,535,1,0
C010300,4411686,52940232,2652216,31826592,650790914,122376199,114581612,876407,709,0,0
C010301,2324024,27888288,1419073,17028876,119436452,30611872,24345496,343748,748,0,0
C010302,5252596,63031152,2938784,35265408,248394890,48200760,29519819,441233,786,0,0
C010303,3873430,46481160,1629100,19549200,206877406,29251138,19410415,402821,889,0,0
C010304,3252430,39029160,2196974,26363688,97694186,49631706,49631706,526916,809,0,0
C010305,7501736,90020832,3203014,38436168,287044723,42060257,40036793,824615,731,1,0
C010306,2322532,27870384,1695685,20348220,190465904,22028708,17919963,100270,740,0,0
C010307,4079616,48955392,2696067,32352804,76369058,78375350,69919652,552061,853,0,0
C010308,2591779,31101348,1578944,18947328,290260757,86997594,69437527,417054,810,0,0
C010309,4550787,54609444,3535138,42421656,191846022,67327144,44512690,413007,780,0,0
C010310,1800000,21600000,611910,7342920,35873781,11723834,11723834,126969,709,1,1
C010311,1976531,23718372,948955,11387460,91044006,11128663,11128663,88601,848,0,0
C010312,5528283,66339396,3398344,40780128,197061586,53600892,53600892,621269,748,0,0
C010313,3162086,37945032,2452610,29431320,111376902,51111471,51111471,325995,834,0,0
C010314,3132926,37595112,2074321,24891852,119844730,71373069,59860520,477636,833,0,0
C010315,3687830,44253960,3270376,39244512,532569031,97562232,89275292,678760,744,0,1
C010316,3186332,38235984,2014922,24179064,237285478,19515486,19515486,216320,721,0,0
C010317,3488952,41867424,1918392,23020704,117650430,55404908,33913631,450936,843,0,1
C010318,5287011,63444132,3037957,36455484,204710256,198645828,188131206,1498237,720,0,0
C010319,3942601,47311212,2286144,27433728,107501419,85625483,67511067,460055,814,0,0
C010320,3320611,39847332,1975391,23704692,253999819,26797920,12634267,608195,844,0,0
C010321,4579052,54948624,2574086,30889032,162481078,75162216,63891211,502769,725,1,0
C010322,7617459,91409508,3051234,36614808,199592706,86616185,63614305,1103402,770,0,0
C010323,2032430,24389160,1278032,15336384,38719000,15716380,13787680,65753,768,0,0
C010324,3708879,44506548,2375752,28509024,54493034,28317802,28317802,465518,840,0,0
C010325,7299285,87591420,5494078,65928936,803874410,33725213,33725213,334495,823,0,0
C010326,3208746,38504952,1818237,21818844,81714186,42512090,25850985,289331,772,0,0
C010327,4828411,57940932,3570115,42841380,144202397,58254925,39135174,664535,645,2,0
C010328,4211365,50536380,2637833,31653996,132323160,57589245,25972079,175392,716,0,0
C010329,3514275,42171300,2012699,24152388,590398200,17558442,8910553,196273,748,0,0
C010330,4543093,54517116,3309321,39711852,47125947,48626693,45096063,443889,748,0,0
C010331,3447886,41374632,1829018,21948216,579244848,59535611,59535611,445211,764,0,0
C010332,4679660,56155920,2400652,28807824,244867070,34446554,21714370,116701,825,0,0
C010333,1985847,23830164,925850,11110200,192581435,32253315,25969637,203809,723,0,0
C010334,3998254,47979048,2263139,27157668,175490973,16243242,16243242,254564,929,0,0
C010335,2692309,32307708,1846180,22154160,452307912,31459001,25266952,414439,724,0,0
C010336,5458470,65501640,2669732,32036784,312305517,34458875,20257994,109169,867,0,0
C010337,3491642,41899704,2042160,24505920,335369631,115080996,100175860,810536,786,0,0
C010338,5276741,63320892,2378881,28546572,165553877,124842535,106280567,942677,750,0,0
C010339,7832297,93987564,3523568,42282816,234064973,229973353,213471669,1706849,740,0,0
C010340,3587487,43049844,2218741,26624892,321406825,59273612,54768867,663320,705,0,1
C010341,1909786,22917432,1621240,19454880,27538669,28391316,27403483,363744,689,1,0
C010342,4938785,59265420,3672853,44074236,121915210,87578528,78196678,483277,673,0,0
C010343,3370302,40443624,1655366,19864392,216062642,34627787,26201343,328359,732,0,0
C010344,4291016,51492192,1906721,22880652,283908890,31458764,18713414,85820,859,0,0
C010345,5260274,63123288,2680623,32167476,169593603,66050091,66050091,568363,907,0,0
C010346,3422976,41075712,1887563,22650756,144888885,49128608,44931390,309942,773,0,0
C010347,6514173,78170076,3041465,36497580,194138926,88721930,46308074,1396807,714,1,0
C010348,4577507,54930084,3093767,37125204,261275457,26255654,22562086,556753,719,0,0
C010349,5105289,61263468,3073707,36884484,134438759,174945558,125280414,1223376,719,0,0
C010350,2474901,29698812,1533053,18396636,106099263,42938328,33686997,292300,734,0,1
C010351,2720647,32647764,1259011,15108132,228287819,14490986,7706327,209488,836,0,0
C010352,4661774,55941288,3002870,36034440,84830990,62309542,53308122,370397,939,0,0
C010353,5161734,61940808,2911979,34943748,86851149,147582812,100813459,1014787,772,0,0
C010354,7106145,85273740,3859704,46316448,249280534,72154672,41981584,766148,866,1,0
C010355,5063645,60763740,1494558,17934696,115578237,28850995,26771946,702998,685,0,0
C010356,2634240,31610880,1562883,18754596,68362151,24736560,11512632,220369,865,0,0
C010357,3221916,38662992,2495438,29945256,207582499,30534615,30534615,279609,781,0,0
C010358,4348865,52186380,2846109,34153308,140225952,27824949,22137433,232784,762,0,0
C010359,2952610,35431320,1315890,15790680,91783904,43142207,39482942,482741,745,0,0
C010360,2378759,28545108,1350758,16209096,199618849,92243826,77643066,610396,612,0,0
C010361,4725757,56709084,2371435,28457220,653706572,84985534,84985534,652024,902,0,0
C010362,3399777,40797324,1898369,22780428,123500485,82039610,76574855,484497,856,0,0
C010363,2663647,31963764,1329926,15959112,104947573,15621167,9975503,79780,827,0,0
C010364,4346314,52155768,3384930,40619160,105098953,64780404,41993175,249881,725,0,0
C010365,3201095,38413140,2349461,28193532,42794883,18423009,18423009,248359,771,0,0
C010366,3572097,42865164,1400348,16804176,180482751,57099399,54206669,428551,781,0,1
C010367,4849565,58194780,3167752,38013024,486259093,57169483,57169483,213693,752,0,0
C010368,6115871,73390452,4514970,54179640,113889424,28611478,28110554,1153841,625,1,0
C010369,2107408,25288896,1820984,21851808,112482526,36109434,30527809,265745,694,0,1
C010370,5997823,71973876,3433318,41199816,327730793,75691588,47736728,404908,812,0,0
C010371,7083262,84999144,2898775,34785300,293402086,120825954,92000500,1443427,747,0,0
C010372,3608830,43305960,2411289,28935468,108809291,118925771,97798837,829640,656,0,0
C010373,3203897,38446764,1610237,19322844,176038010,127354354,111471810,1049187,669,0,0
C010374,5517627,66211524,2824359,33892308,289125458,90269246,60577673,659422,781,0,0
C010375,7211018,86532216,4198787,50385444,248223243,105160756,61065866,774272,743,0,0
C010376,5010359,60124308,3421290,41055480,304352520,17090705,17090705,421045,711,0,0
C010377,3022153,36265836,1910558,22926696,120037694,25177447,19035277,347617,715,0,1
C010378,4064407,48772884,1980437,23765244,145661255,21801395,21801395,400797,764,0,0
C010379,3716442,44597304,1216524,14598288,150662005,46006422,20684099,157990,800,0,0
C010380,5060840,60730080,4189135,50269620,72625470,89036013,77949306,950540,680,0,0
C010381,3090543,37086516,2229955,26759460,95136045,173224040,166889322,1151516,731,0,0
C010382,2383493,28601916,1173909,14086908,55982882,25662555,20206898,280201,778,0,0
C010383,2414212,28970544,1097271,13167252,79257309,15654726,13416711,279336,773,0,0
C010384,4265129,51181548,2290091,27481092,124796056,31068591,14218384,545773,889,0,0
C010385,3394800,40737600,2123311,25479732,117450743,27212498,23880878,229890,852,0,0
C010386,3224423,38693076,1963077,23556924,81275520,26610611,14008276,329654,758,0,0
C010387,1800000,21600000,986816,11841792,55984456,22252494,20136490,284581,813,0,0
C010388,1800000,21600000,780110,9361320,155091460,50633836,39844348,431677,723,0,0
C010389,5127566,61530792,3249471,38993652,59450256,71487108,67195419,678279,694,1,0
C010390,5550453,66605436,3269412,39232944,932476104,28622247,11474234,363653,800,1,0
C010391,4019487,48233844,2234449,26813388,168550212,25723925,20297078,262889,763,0,0
C010392,2505235,30062820,1388342,16660104,161787961,46735268,46735268,312844,740,0,1
C010393,2635453,31625436,1776641,21319692,382560869,12700082,8407115,122163,732,0,0
C010394,4537700,54452400,3846879,46162548,141573514,128424668,104761066,1013763,673,0,1
C010395,7162664,85951968,3659610,43915320,384361912,82358949,60839899,707480,789,0,0
C010396,3366414,40396968,1302314,15627768,266914867,91524133,75535031,589678,813,0,0
C010397,4726361,56716332,3431531,41178372,199103155,18610606,14972319,293771,836,0,0
C010398,4384039,52608468,2668321,32019852,48066923,135325151,125042478,1017427,720,0,0
C010399,4787646,57451752,2585326,31023912,146556396,66438623,60717649,765723,815,0,0
C010400,5161162,61933944,2922142,35065704,386549679,125494142,86603647,760796,632,1,1
C010401,2008556,24102672,1163135,13957620,224640065,21698195,13908432,273471,782,0,0
C010402,2969106,35629272,1502497,18029964,63126518,30380264,12540946,408389,787,0,0
C010403,2831590,33979080,1540775,18489300,70064778,42442129,38422468,131247,783,0,0
C010404,2750795,33009540,2305105,27661260,192631840,22977256,22977256,243409,799,0,0
C010405,3423723,41084676,2184992,26219904,110679330,30428785,19936132,271742,770,0,0
C010406,5108998,61307976,2611514,31338168,190539095,70239647,37071257,288725,759,0,0
C010407,4779829,57357948,3613620,43363440,291818461,120753271,96214616,845425,726,0,0
C010408,3615959,43391508,2101176,25214112,288377220,23822468,20099787,266249,798,0,0
C010409,4429352,53152224,1443525,17322300,166854657,45932185,22572100,408639,793,0,0
C010410,6255493,75065916,2875298,34503576,201639436,112684149,73473546,526085,903,0,0
C010411,3462056,41544672,2289303,27471636,140851551,21114066,9832427,155591,757,0,0
C010412,3235568,38826816,1371406,16456872,103813396,115508342,100748249,570871,788,0,0
C010413,7596494,91157928,4194575,50334900,252006117,78358135,44522120,445046,771,0,0
C010414,5196797,62361564,2157381,25888572,582010295,54139129,34321205,143272,882,0,0
C010415,3891582,46698984,2528496,30341952,653785776,52255945,43002875,298231,887,0,0
C010416,5365167,64382004,3466802,41601624,502497798,51891491,29272150,561877,732,0,0
C010417,4655145,55861740,3341170,40094040,191924582,30709948,30709948,388908,776,0,0
C010418,2978221,35738652,1173986,14087832,63113317,44010991,37331296,389521,836,0,0
C010419,7491117,89893404,3919341,47032092,134475919,198611715,198611715,1494047,826,0,0
C010420,2764889,33178668,1396099,16753188,69401131,31911650,31911650,291252,857,0,0
C010421,4544524,54534288,2584799,31017588,78972545,32307300,23038641,370173,766,0,0
C010422,3088194,37058328,872053,10464636,98327218,25120053,23453463,178250,860,0,0
C010423,5659899,67918788,3040281,36483372,205418832,125680667,117845470,1000368,763,0,0
C010424,3912763,46953156,3103022,37236264,177953531,71876241,68920184,567366,738,0,0
C010425,6626691,79520292,3707397,44488764,49429842,104935887,104935887,1107095,756,0,0
C010426,4849206,58190472,4088712,49064544,425691517,32347899,11074447,273184,747,0,0
C010427,5798186,69578232,3704478,44453736,352728927,90070184,74742749,619412,746,1,0
C010428,3108148,37297776,2441738,29300856,522168864,50373693,39269737,305037,741,0,0
C010429,8227595,98731140,4293414,51520968,302760461,71805817,39398599,667698,769,0,0
C010430,4021773,48261276,2620245,31442940,290710266,24909235,20693258,227625,853,0,0
C010431,4418382,53020584,2507851,30094212,76084206,19874381,11022021,569464,786,0,0
C010432,3452067,41424804,2156237,25874844,49817289,24723332,17265375,385416,846,0,0
C010433,3493470,41921640,1655134,19861608,228846303,32902090,23691601,212154,858,0,0
C010434,4157267,49887204,2269910,27238920,267942098,64171995,64171995,394516,817,0,0
C010435,5361796,64341552,3096023,37152276,291524370,54038222,39716430,412637,801,0,0
C010436,4904531,58854372,2713380,32560560,409133981,132727282,108416997,723855,794,1,0
C010437,2882792,34593504,1923248,23078976,142691428,39808989,15397669,256201,832,0,0
C010438,2980960,35771520,1488485,17861820,33097773,64688675,56983449,392291,816,0,0
C010439,9222292,110667504,7605580,91266960,189237405,104185816,39647278,1032561,751,0,0
C010440,6427676,77132112,2732279,32787348,151621273,133585983,119680408,770683,732,0,0
C010441,2543929,30527148,1130211,13562532,119723129,47768173,43330827,492946,833,0,0
C010442,3333438,40001256,2867682,34412184,240696699,90309460,82570432,767037,649,0,1
C010443,1937500,23250000,1153886,13846632,83584695,20534961,14038693,308748,744,0,0
C010444,3872945,46475340,2136314,25635768,78758497,38384733,24007163,130456,783,0,0
C010445,5074741,60896892,1682354,20188248,225282861,75345504,64431765,446120,779,0,0
C010446,1800000,21600000,741900,8902800,123329781,25977221,21800428,286994,830,0,0
C010447,6888172,82658064,4295537,51546444,1036580346,213217975,213217975,1914318,878,0,0
C010448,2623032,31476384,1263514,15162168,72751507,57048861,57048861,411930,811,0,0
C010449,3191162,38293944,2428297,29139564,352071280,42303126,33773714,210124,742,0,0
C010450,2234157,26809884,1769104,21229248,121890124,24144147,24136833,292658,777,0,0
C010451,2768757,33225084,1694219,20330628,60677104,24007406,24007406,300858,783,0,0
C010452,4340815,52089780,3931180,47174160,129814099,27964926,20350273,323296,707,0,0
C010453,2243875,26926500,1378343,16540116,71081166,43378090,43378090,371664,821,0,0
C010454,3747791,44973492,1687082,20244984,177655001,49060583,47199176,536439,777,0,0
C010455,5925704,71108448,3142600,37711200,328703726,71325922,71325922,383121,820,0,0
C010456,8260084,99121008,3660279,43923348,439712055,43134107,29810457,593676,794,0,0
C010457,1800000,21600000,1234290,14811480,289335175,17625780,10419601,50000,769,0,0
C010458,5222766,62673192,3567702,42812424,162396160,46489975,42318269,455119,922,0,0
C010459,2969809,35637708,1087781,13053372,35407311,7255565,6330907,210298,805,1,0
C010460,2646311,31755732,1229477,14753724,188097581,49602060,38918725,390234,800,0,0
C010461,3145730,37748760,1806678,21680136,29876364,49355923,48353502,342834,794,0,0
C010462,4032392,48388704,3073416,36880992,85212152,132522593,131971855,1048008,721,0,1
C010463,3627311,43527732,2543470,30521640,89456705,25479075,11654248,456500,697,0,1
C010464,4429702,53156424,2564110,30769320,187942800,63851513,63851513,332460,777,0,0
C010465,5683436,68201232,4234476,50813712,159859118,42093930,20446237,571099,813,0,0
C010466,6577835,78934020,5897130,70765560,299046329,57928432,46816665,714967,851,0,0
C010467,2878875,34546500,1803533,21642396,20962096,46079489,38633165,393429,712,0,0
C010468,4053784,48645408,2135619,25627428,39339209,82195367,68916576,747879,737,0,0
C010469,6038202,72458424,2511869,30142428,253650088,51485871,50707920,717350,820,0,0
C010470,4614066,55368792,2939127,35269524,155265966,95311116,89851601,951546,738,0,0
C010471,3300614,39607368,2158089,25897068,154682436,52501881,36085243,471747,588,1,1
C010472,6721915,80662980,4732712,56792544,103106535,78850536,78850536,699093,883,0,0
C010473,2772732,33272784,1549327,18591924,219950102,35989789,22382549,155206,754,2,0
C010474,2492110,29905320,1348399,16180788,109127867,44394975,31663289,343797,659,2,1
C010475,3996330,47955960,2075424,24905088,279713680,48219324,34153805,546933,761,0,0
C010476,3129384,37552608,1926831,23121972,375540527,50431647,40814983,491258,802,0,0
C010477,2451429,29417148,1163239,13958868,249558256,9557003,9374658,164162,816,0,0
C010478,4177704,50132448,2313025,27756300,155433941,101605258,75308177,478954,852,0,0
C010479,1800000,21600000,801523,9618276,63903742,16969824,14654808,83566,797,0,0
C010480,4130108,49561296,2223991,26687892,693858144,56141996,30841355,539900,718,0,1
C010481,4320791,51849492,3278998,39347976,157528031,74796030,65727613,549559,784,0,0
C010482,4497109,53965308,2313501,27762012,113247296,54158927,49646740,639513,751,0,0
C010483,1800000,21600000,1044056,12528672,302400000,18779918,14803824,220839,678,0,0
C010484,5006677,60080124,2213770,26565240,174282254,78446706,78446706,467580,819,0,0
C010485,5274149,63289788,2838904,34066848,51572544,130813348,104767700,360532,782,0,0
C010486,7159414,85912968,3571757,42861084,691744171,129715684,123060248,712827,819,1,0
C010487,3592555,43110660,2002803,24033636,268953686,27297775,24102753,226238,885,0,0
C010488,4424015,53088180,2348620,28183440,116676185,40215172,24649735,197998,695,0,0
C010489,4769303,57231636,1565876,18790512,801242904,65607271,49172795,685917,769,0,0
C010490,4394427,52733124,3521088,42253056,425434857,92687885,77602662,657675,648,0,1
C010491,2345225,28142700,1168677,14024124,393997800,26994468,23543786,224623,742,0,0
C010492,6804839,81658068,3229029,38748348,781338276,49002356,8729197,392175,867,0,0
C010493,3299473,39593676,1830116,21961392,173947721,29389299,28419366,403010,848,0,0
C010494,3162215,37946580,2088442,25061304,56567816,3515372,3515372,65026,784,0,0
C010495,2561909,30742908,640477,7685724,129077364,18001334,18001334,162290,906,0,0
C010496,4210098,50521176,2200298,26403576,85403936,80669348,63788870,378791,737,0,0
C010497,2858179,34298148,1406756,16881072,211969363,15010823,6874181,173696,836,0,0
C010498,3416093,40993116,1956054,23472648,20107682,29452476,24616615,133798,752,0,0
C010499,4231466,50777592,2136170,25634040,320917857,34023166,25222814,530506,883,0,0
C010500,3502614,42031368,2443425,29321100,120473201,37784479,28858626,232784,740,0,0
C010501,1999167,23990004,1195226,14342712,91357688,21142430,16452895,57551,910,0,0
C010502,4355311,52263732,3150284,37803408,174425040,108293175,91672664,563784,715,0,0
C010503,4370822,52449864,1159971,13919652,206053734,94389129,85463906,570212,763,1,0
C010504,2861733,34340796,1413361,16960332,480771144,114519188,110365886,807932,775,0,0
C010505,2240294,26883528,1316714,15800568,376369392,42505992,36697466,272343,751,0,0
C010506,6394387,76732644,4294093,51529116,331694465,105703538,90818881,449487,805,0,0
C010507,5990003,71880036,3037642,36451704,190410536,56959627,35243479,261115,789,0,0
C010508,4111720,49340640,1890429,22685148,163396893,48952211,48952211,298870,872,0,0
C010509,6585262,79023144,4977768,59733216,69024154,78510008,78510008,607985,855,0,0
C010510,2625708,31508496,1513057,18156684,119400182,35144125,22935207,300638,838,0,0
C010511,7289424,87473088,4260821,51129852,156702192,86608693,77542055,801672,828,0,0
C010512,2688052,32256624,1478659,17743908,61556601,55413298,55413298,448716,861,0,0
C010513,9644807,115737684,6305518,75666216,384968716,11683020,11683020,540565,845,0,0
C010514,7075903,84910836,4412825,52953900,158015297,191504858,162232586,1089614,703,0,1
C010515,2196755,26361060,1402019,16824228,97055428,15655430,8178357,157443,728,0,0
C010516,3037711,36452532,2397823,28773876,73344078,19300583,15880772,161505,785,0,0
C010517,2527087,30325044,951240,11414880,104166727,21997896,18593037,84976,818,0,0
C010518,2871265,34455180,1784951,21419412,98065029,48923959,26973319,334019,653,3,0
C010519,3070778,36849336,2008761,24105132,63384966,16575458,16575458,175920,800,0,0
C010520,3591194,43094328,1725636,20707632,105856906,33354913,33354913,77534,791,0,0
C010521,3594545,43134540,2653851,31846212,517081512,25221991,23145787,161788,788,0,0
C010522,5200193,62402316,3374616,40495392,602578786,63256428,42176458,472094,788,0,0
C010523,5598520,67182240,2835920,34031040,356270986,73151059,73151059,670380,780,0,0
C010524,2956635,35479620,1385677,16628124,85922001,17015441,6736153,59133,798,0,0
C010525,6170805,74049660,1542701,18512412,138004935,151807760,128353035,844813,890,0,0
C010526,1800000,21600000,901506,10818072,74859443,30810863,30810863,220928,824,0,0
C010527,1800000,21600000,1117195,13406340,35843154,55394807,54401037,287159,786,0,0
C010528,7871954,94463448,3737420,44849040,638765493,119181418,98168078,984648,815,0,0
C010529,3741397,44896764,2448705,29384460,111377252,74897279,45807303,831448,710,1,0
C010530,3443167,41318004,2038419,24461028,78663017,20650553,20650553,348902,879,0,0
C010531,3339880,40078560,2446610,29359320,374196855,33163571,21627827,208980,780,0,0
C010532,3357316,40287792,2728387,32740644,117947386,62723684,38430153,233355,716,0,0
C010533,2907174,34886088,758069,9096828,260678787,56648054,36180194,183436,766,0,0
C010534,2804304,33651648,1836161,22033932,76906311,76938049,59214857,215001,815,0,0
C010535,3538949,42467388,1650329,19803948,119804133,35544719,25128080,364011,773,1,0
C010536,6629739,79556868,2572513,30870156,391446697,89949935,57834586,511168,741,0,0
C010537,3243924,38927088,1723972,20687664,104711192,8042607,8042607,64878,788,0,0
C010538,3321973,39863676,1856602,22279224,44280699,29197559,29197559,172776,843,0,0
C010539,4790045,57480540,2546049,30552588,366691129,53207229,32737274,488304,875,0,0
C010540,2970680,35648160,1432990,17195880,67971038,48185009,35261749,375723,718,0,1
C010541,5802666,69631992,3642279,43707348,632274889,162007652,120220029,725632,727,0,0
C010542,8854299,106251588,4669867,56038404,522707768,91666579,65152943,369949,697,0,0
C010543,3117430,37409160,1449409,17392908,147315039,32565750,25676005,181376,838,0,0
C010544,5239425,62873100,1952835,23434020,177956268,80189570,37344108,404212,807,0,0
C010545,8635519,103626228,5369513,64434156,465936317,180277592,134928141,1176400,683,0,0
C010546,3202407,38428884,1654841,19858092,267887128,27797882,16196332,237382,848,0,0
C010547,4073647,48883764,1338356,16060272,249058070,55269558,43030960,633164,842,0,0
C010548,2374879,28498548,1377707,16532484,103173073,23096393,20040110,210872,805,0,0
C010549,6030542,72366504,3528400,42340800,648888852,57255817,30116395,710770,801,0,0
C010550,3932472,47189664,1967249,23606988,434724800,69615190,54598126,587020,848,0,0
C010551,3516895,42202740,1943439,23321268,280413150,26352461,24483744,456451,744,1,0
C010552,2961941,35543292,1986063,23832756,199934896,26117634,25606400,408352,698,0,0
C010553,2886682,34640184,1505971,18071652,79813466,24587367,16870002,245582,813,0,0
C010554,6712331,80547972,2462197,29546364,470418915,48833667,27264990,758345,808,0,0
C010555,5299991,63599892,2339369,28072428,333328810,140662945,130103933,1076997,758,0,0
C010556,2699425,32393100,1352946,16235352,65205106,42993592,30098504,143364,864,0,0
C010557,9463958,113567496,7374983,88499796,86079637,258667839,205215932,1033975,723,0,0
C010558,2582824,30993888,1936292,23235504,136138111,10925700,10925700,81460,764,0,0
C010559,9195140,110341680,4492687,53912244,103716723,77982151,55662558,985302,863,0,0
C010560,7820119,93841428,5607659,67291908,562527701,41767244,33380832,1023417,795,0,0
C010561,6731068,80772816,4282937,51395244,971398812,124527177,98660059,1053291,787,1,0
C010562,4144178,49730136,3683781,44205372,127912833,41532926,33052018,222457,808,0,0
C010563,3048645,36583740,1782259,21387108,110560261,58560471,53552713,349137,815,1,0
C010564,4456193,53474316,2560762,30729144,40664972,53776128,47587266,643278,864,0,0
C010565,7634295,91611540,5028518,60342216,133520916,107174273,107174273,596382,803,0,0
C010566,7295609,87547308,4954548,59454576,726815187,48127836,48127836,313656,870,0,0
C010567,3146721,37760652,2848137,34177644,210258666,61160207,56560920,515892,602,3,1
C010568,7649103,91789236,2400625,28807500,250206060,147936304,92414962,917951,812,0,0
C010569,1800000,21600000,853976,10247712,63928813,16853806,14230125,106222,776,0,0
C010570,4589489,55073868,3868420,46421040,232234799,86256412,71864402,562274,715,0,1
C010571,5279052,63348624,2977028,35724336,790654592,26143287,9428383,616798,795,0,0
C010572,1800000,21600000,851417,10217004,91470675,37325390,29378162,329334,712,0,0
C010573,6494429,77933148,3541407,42496884,76406013,183352299,153347214,1097307,815,0,0
C010574,8363670,100364040,3110822,37329864,392136478,180820463,141649598,1298207,747,0,0
C010575,5210911,62530932,2543169,30518028,234399862,12082968,6258711,104218,782,0,0
C010576,1990582,23886984,1764923,21179076,35337615,37114003,25777516,277989,708,1,1
C010577,5003884,60046608,2612637,31351644,333718502,73941084,63422176,220760,745,0,0
C010578,3688995,44267940,3154291,37851492,130756975,19751400,19328712,85665,738,0,0
C010579,5904513,70854156,3659638,43915656,420574814,50810325,47849765,440706,751,0,0
C010580,3167096,38005152,1992723,23912676,72464582,27004488,23937755,385642,841,0,0
C010581,10314467,123773604,6673363,80080356,1315552243,195534896,152123410,1401658,714,1,0
C010582,3608409,43300908,2882193,34586316,157809005,16076756,16076756,127426,709,0,0
C010583,4404368,52852416,2580924,30971088,108231555,61852305,34999258,330308,794,0,0
C010584,2837279,34047348,2138438,25661256,99599501,18635509,8274023,223035,758,0,0
C010585,2380569,28566828,791289,9495468,119349235,41857142,35467912,280414,802,0,0
C010586,4900383,58804596,1660215,19922580,167483848,28000120,28000120,98008,829,0,0
C010587,4870873,58450476,3758189,45098268,179432028,265251725,262565381,2026044,688,1,1
C010588,6538538,78462456,3689230,44270760,413509073,93485802,29746430,350822,778,0,0
C010589,2735092,32821104,1880068,22560816,131012837,22736939,22736939,164671,761,0,0
C010590,4455635,53467620,2324498,27893976,196916807,56442111,37897298,387729,872,0,0
C010591,2869561,34434732,1830922,21971064,185651718,50026382,44217942,355964,767,0,0
C010592,3080624,36967488,2186439,26237268,314981368,49309648,28803382,471909,707,0,0
C010593,2909369,34912428,1936356,23236272,216716497,41974715,32214129,273368,809,1,0
C010594,3922842,47074104,2579555,30954660,312286324,41722874,15464063,154869,839,0,0
C010595,2956019,35472228,1782741,21392892,292099463,103678004,92721267,753869,682,0,1
C010596,3045969,36551628,1613406,19360872,87363926,83106395,70870463,445853,789,0,0
C010597,1800000,21600000,1104222,13250664,136511124,17394598,17394598,157705,802,0,0
C010598,4510172,54122064,2787234,33446808,757708896,136386568,136386568,771747,706,0,1
C010599,3704258,44451096,3469399,41632788,169362218,44741589,26081105,465832,668,0,1
C010600,3928065,47136780,2990107,35881284,105788173,65080340,57731949,388642,718,0,0
C010601,4243173,50918076,2651012,31812144,712853064,142739800,131965603,971603,715,1,0
C010602,4129159,49549908,1844068,22128816,165126046,38413610,35371195,446290,818,0,0
C010603,4751762,57021144,2680520,32166240,104531961,38884730,32382429,435982,741,1,0
C010604,4395942,52751304,2362451,28349412,19446231,78888931,78888931,578317,769,0,0
C010605,5078874,60946488,1852319,22227828,102109546,143038061,143038061,1437442,785,0,0
C010606,4544483,54533796,2661152,31933824,142088322,94050568,73738985,454596,722,1,0
C010607,2964409,35572908,1740379,20884548,89995074,64696342,52131205,274524,690,0,0
C010608,5893651,70723812,3414817,40977804,473761979,64018917,39484146,1125807,684,0,0
C010609,4086394,49036728,1547848,18574176,226912213,22145248,19248077,460917,877,0,0
C010610,3387026,40644312,2038386,24460632,54827815,132041645,123842667,886770,718,0,0
C010611,5809227,69710724,3252365,39028380,385853815,105805129,99238439,553642,773,0,0
C010612,4389388,52672656,2946401,35356812,101886141,65349267,65349267,779725,644,2,1
C010613,2323978,27887736,1351721,16220652,169862673,21438157,9454749,199613,870,0,0
C010614,2290081,27480972,1292443,15509316,68060981,22199471,22199471,103506,873,0,0
C010615,5711748,68540976,3207611,38491332,309028729,84218693,45219715,799817,833,0,0
C010616,5118327,61419924,3743798,44925576,187757493,109892345,81989610,745060,774,0,0
C010617,5647075,67764900,3768319,45219828,231213661,79159414,51499361,641736,680,0,0
C010618,4011740,48140880,2657695,31892340,140214059,76773471,45540994,451916,807,0,0
C010619,3822227,45866724,2541324,30495888,170660176,84209043,53339762,344794,633,2,1
C010620,3346631,40159572,2252170,27026040,60689362,32900165,23602155,382801,639,2,0
C010621,4746982,56963784,3073886,36886632,65074738,89593657,76672757,469544,864,0,0
C010622,3427922,41135064,1293222,15518664,128313981,44345038,39264760,305468,845,0,0
C010623,4608088,55297056,2665235,31982820,132444026,33772432,33772432,92162,777,0,0
C010624,3359216,40310592,1050172,12602064,110487068,86960575,59587767,640064,768,0,0
C010625,7145363,85744356,3673049,44076588,278976609,88737697,49898085,389655,875,1,0
C010626,4267664,51211968,1237480,14849760,440402161,74916541,66370169,362416,833,0,0
C010627,3868028,46416336,1761067,21132804,133194918,43213645,31656351,554594,725,0,0
C010628,4922272,59067264,3212944,38555328,180468404,63975172,54801401,635102,729,0,0
C010629,3517824,42213888,2275814,27309768,37727655,116658473,110620108,782918,722,0,0
C010630,5332491,63989892,4051288,48615456,213432586,54669627,39268559,209059,696,0,0
C010631,8683767,104205204,2760483,33125796,334473732,175593487,118210281,976533,804,0,0
C010632,7119326,85431912,3511314,42135768,101699116,72645423,72645423,712550,837,0,0
C010633,5550093,66601116,2955851,35470212,356294616,62314561,31803266,272187,770,1,0
C010634,7029754,84357048,2225052,26700624,186957026,53963622,46100663,495311,790,1,0
C010635,3989686,47876232,1446191,17354292,670267248,43382901,32897945,504895,809,0,0
C010636,4697824,56373888,1920332,23043984,404595711,45926750,28433943,429068,757,0,0
C010637,2933852,35206224,733463,8801556,75546337,41058948,34479409,395857,712,0,0
C010638,3592829,43113948,1653582,19842984,130664201,55372198,49483841,507016,855,0,0
C010639,4957731,59492772,3926317,47115804,174387452,61475006,42500473,472069,752,1,1
C010640,4876078,58512936,3494497,41933964,251863735,179913026,151057476,1171679,721,0,0
C010641,4484356,53812272,2542577,30510924,78201793,84486434,56739693,493045,775,0,1
C010642,4508272,54099264,2801487,33617844,143205525,107007726,77534918,512267,856,1,0
C010643,6304315,75651780,3055627,36667524,969917071,63206562,53802254,749420,899,0,0
C010644,3267373,39208476,2381534,28578408,110376234,30121988,21107514,330086,839,0,0
C010645,3766574,45198888,2174985,26099820,436239452,44451957,12496325,190254,784,0,0
C010646,2906960,34883520,1569594,18835128,151016694,7658246,7356439,218695,836,0,0
C010647,5325260,63903120,2918776,35025312,160048663,54683625,54683625,857383,794,0,0
C010648,7208407,86500884,6396506,76758072,454270131,27313655,24301141,936224,805,0,0
C010649,5328148,63937776,3006510,36078120,117327738,44511200,30863845,271340,789,0,0
C010650,4847127,58165524,1212063,14544756,385885514,7879895,7879895,278085,816,0,0
C010651,3277276,39327312,2065991,24791892,106141669,37158426,24343026,273014,741,0,0
C010652,9179880,110158560,4963441,59561292,192721881,120650179,120650179,1537410,818,0,0
C010653,4359910,52318920,2182776,26193312,384790703,38690329,32544970,399437,768,0,0
C010654,3887567,46650804,2087623,25051476,89867426,19754927,12611964,138278,760,0,0
C010655,4237237,50846844,2623096,31477152,182561975,63596431,41951206,352021,809,0,0
C010656,3113608,37363296,1610517,19326204,77971151,28366815,12986715,267272,877,0,0
C010657,3580456,42965472,1891224,22694688,197944305,65425210,47459124,609188,741,0,0
C010658,4050962,48611544,2541795,30501540,253222051,71655450,47666633,665571,730,1,1
C010659,4826716,57920592,1757991,21095892,30898094,20768129,20768129,638839,816,0,0
C010660,4883625,58603500,3205458,38465496,120708580,125333894,98318764,1299295,648,0,0
C010661,3648440,43781280,1330568,15966816,182763411,65849172,39938951,543708,832,0,0
C010662,6409394,76912728,2447542,29370504,563747275,51007772,49941527,324605,787,0,0
C010663,2370739,28448868,1623995,19487940,121037086,22442267,17790899,106868,833,0,0
C010664,4539742,54476904,2665958,31991496,157603180,33605250,28154120,212276,692,2,1
C010665,4307440,51689280,2425190,29102280,307958649,59373906,41805166,249634,714,0,0
C010666,7516779,90201348,2876493,34517916,170751568,42039378,30859009,240491,930,0,0
C010667,1947224,23366688,964804,11577648,106895720,18502514,11450159,172627,733,1,0
C010668,7957354,95488248,4132862,49594344,242204961,79560455,62172900,1151884,833,0,0
C010669,8728922,104747064,5070433,60845196,947050319,117428223,117428223,737986,810,0,0
C010670,2028567,24342804,1152608,13831296,100800391,25621443,12014938,82652,899,0,0
C010671,2009396,24112752,1320323,15843876,130912099,41087617,32648775,298896,695,0,1
C010672,3251165,39013980,1905485,22865820,101381515,23892263,21044075,317345,815,0,0
C010673,1800000,21600000,755129,9061548,42481524,18734220,17648921,123153,776,0,0
C010674,5496382,65956584,1931650,23179800,325568317,45893134,29584292,288274,915,0,0
C010675,2323996,27887952,1048815,12585780,102916337,28501206,14012057,197417,805,0,0
C010676,1800000,21600000,1409877,16918524,61493232,27090017,12716692,110272,744,0,0
C010677,3870576,46446912,2475608,29707296,107198686,86271504,68389935,808951,721,0,0
C010678,8239191,98870292,4142422,49709064,143077541,76856151,32461863,431590,808,0,0
C010679,5044966,60539592,2844049,34128588,280310802,48586611,48586611,494284,847,0,0
C010680,3843614,46123368,2774262,33291144,97191404,167344936,167344936,1215134,683,0,1
C010681,7718901,92626812,5226335,62716020,1296775368,161323221,110833245,1081920,736,0,0
C010682,5735145,68821740,3777534,45330408,212502646,25097072,25097072,612040,874,0,0
C010683,4826958,57923496,2353627,28243524,358449449,38374398,38374398,413469,775,0,0
C010684,1803521,21642252,1504089,18049068,94369297,21113477,21113477,90587,804,0,0
C010685,3637514,43650168,2084879,25018548,191648617,36349680,31310060,377306,861,0,0
C010686,3720363,44644356,2707954,32495448,166442260,95455774,78115116,608531,601,1,1
C010687,4995463,59945556,3157612,37891344,406037058,135249761,119610724,930224,725,0,0
C010688,4077413,48928956,1772294,21267528,30000027,75525980,51207377,638338,745,0,0
C010689,5787772,69453264,3406227,40874724,598575554,43099983,28631640,380885,773,0,0
C010690,5940822,71289864,3833243,45998916,72130442,81706571,62510367,786583,767,0,0
C010691,6695416,80344992,4403692,52844304,463499523,118512914,92778480,819788,821,0,0
C010692,10071100,120853200,5109058,61308696,345395601,126543439,76831772,610300,861,0,0
C010693,4757891,57094692,2084364,25012368,130115140,76364660,54746897,511091,773,0,0
C010694,6273372,75280464,2065260,24783120,1053926496,43120672,18581106,332482,896,0,0
C010695,5272770,63273240,2102597,25231164,166345205,74657220,41881900,105455,810,0,0
C010696,2458470,29501640,1427524,17130288,225596074,41821677,34885731,411725,774,0,0
C010697,5359277,64311324,3354489,40253868,357447338,155531076,137154760,1036575,676,2,1
C010698,12000000,144000000,5826716,69920592,1885370046,68861151,28509796,885816,817,0,0
C010699,3499813,41997756,2767826,33213912,154267943,54438793,54438793,310940,873,0,0
C010700,4026692,48320304,2446803,29361636,429521399,38322742,26785117,296008,790,0,0
C010701,3754092,45049104,2112622,25351464,475301946,60253002,48764222,371087,776,0,0
C010702,3810771,45729252,1623761,19485132,59916171,58406844,50862888,386511,834,0,0
C010703,5861359,70336308,4264336,51172032,184089755,121723655,104903548,693150,770,0,0
C010704,3733593,44803116,2047324,24567888,82802003,98469351,84285513,700181,795,0,0
C010705,3657271,43887252,1984463,23813556,106740793,18062888,18062888,496880,773,0,0
C010706,2339698,28076376,1351488,16217856,314841972,58466604,50359114,380439,726,0,0
C010707,3805102,45661224,2619381,31432572,58503047,34036738,19274055,217731,798,0,0
C010708,5214559,62574708,3745435,44945220,110960215,131481121,108497530,854878,674,0,0
C010709,3242100,38905200,1352718,16232616,480326659,65323385,50661785,454840,873,0,0
C010710,4364788,52377456,2423688,29084256,363860483,30828783,11699610,350910,749,1,0
C010711,4221386,50656632,3335836,40030032,209617455,62112490,39545765,636643,821,0,0
C010712,4180342,50164104,3417262,41007144,290105057,41191150,21574975,359428,729,0,0
C010713,2490658,29887896,1600786,19209432,325559842,114941556,111332651,568209,629,1,1
C010714,2890769,34689228,964411,11572932,97407064,36516659,21590068,332752,820,0,0
C010715,4494830,53937960,2881456,34577472,334098467,22755582,11448547,207203,791,0,0
C010716,3355307,40263684,1918093,23017116,135806683,48028152,32454142,480029,702,0,0
C010717,2489882,29878584,1450254,17403048,129832222,12918614,12918614,130266,813,0,0
C010718,3294994,39539928,2634631,31615572,81920874,63475175,45756541,432751,669,0,0
C010719,2470116,29641392,1682118,20185416,414979488,6398701,6398701,227608,721,0,0
C010720,2887353,34648236,1530468,18365616,101307489,64150627,64150627,437746,775,0,0
C010721,6253829,75045948,4250784,51009408,144400176,128503603,128503603,1004755,727,0,0
C010722,5632468,67589616,4012498,48149976,171990133,116098107,111926720,785937,717,0,0
C010723,2786599,33439188,1383828,16605936,210278973,42636257,24050681,321807,750,1,0
C010724,2937090,35245080,1755846,21070152,55810872,32392573,22532736,196401,815,0,0
C010725,3673768,44085216,1948826,23385912,617193024,47465924,29906560,323595,824,0,0
C010726,3623194,43478328,2623858,31486296,155134935,29844500,20641313,394579,784,0,0
C010727,4369665,52435980,3267068,39204816,116180018,36100902,29515967,688079,793,0,0
C010728,3333979,40007748,1423814,17085768,158596098,36665930,20964162,359427,823,0,0
C010729,1800000,21600000,1500608,18007296,80693717,34320074,28363852,214858,795,0,0
C010730,3113988,37367856,2332613,27991356,211667961,42050896,38237888,510453,841,0,0
C010731,10808827,129705924,6920031,83040372,1195847090,152050555,133724333,756903,783,0,0
C010732,3482349,41788188,1892410,22708920,91970425,31981859,10424978,422082,833,0,0
C010733,2837769,34053228,1807170,21686040,87744403,16282099,6536929,229459,852,0,0
C010734,5459276,65511312,3993121,47917452,376354374,41030051,34294545,473964,708,1,0
C010735,3129259,37551108,2267327,27207924,196906369,42427655,33562084,478206,755,0,0
C010736,2312363,27748356,1586631,19039572,73725813,41005263,41005263,368402,741,0,0
C010737,2679250,32151000,1765536,21186432,122495143,43545102,42642560,289316,841,0,0
C010738,2215176,26582112,1590636,19087632,158879901,20286739,20286739,355102,769,0,0
C010739,3528247,42338964,1416815,17001780,175884074,83020743,83020743,818361,723,0,0
C010740,3099033,37188396,2047378,24568536,57326916,45674485,36619349,368634,935,0,0
C010741,5321987,63863844,4791393,57496716,712891748,85187145,55781065,764890,634,0,1
C010742,2912988,34955856,1903873,22846476,257734658,35246432,29060184,150995,833,0,0
C010743,9652946,115835352,5090900,61090800,221101988,208402809,175623074,1940495,730,1,0
C010744,2133383,25600596,1277069,15324828,128258063,14556427,12028609,68630,767,0,0
C010745,7532134,90385608,4483620,53803440,281422818,160264325,155863475,954083,734,0,0
C010746,2760316,33123792,2166239,25994868,65057524,40640865,35016582,268572,737,0,0
C010747,2649957,31799484,1847791,22173492,78714586,77363272,70017821,654662,785,0,0
C010748,2916480,34997760,1573583,18882996,74809786,27157840,23877552,241938,778,0,0
C010749,3143279,37719348,2300317,27603804,62884902,22920143,6991725,117592,847,0,0
C010750,2264570,27174840,1526271,18315252,138047386,20779111,14568828,310250,717,0,0
C010751,3787360,45448320,1541940,18503280,636276480,43152416,43152416,373307,789,0,0
C010752,3610972,43331664,2319152,27829824,191130195,88543597,72387607,440656,746,0,0
C010753,4616457,55397484,2510889,30130668,264186622,35570042,21998830,480008,747,0,0
C010754,3554236,42650832,2675997,32111964,113741915,24894130,17758143,355369,798,0,0
C010755,2317449,27809388,1390241,16682892,149959528,36594091,25537707,254992,770,0,0
C010756,3175554,38106648,1556612,18679344,84555257,86432499,79557841,623949,830,0,0
C010757,8133705,97604460,4193330,50319960,492318387,269484085,218211740,1743254,682,1,0
C010758,7031589,84379068,4272230,51266760,316101819,81590062,68601254,484735,761,0,0
C010759,3274999,39299988,2045503,24546036,156430970,44622565,36879561,262007,927,0,0
C010760,8754972,105059664,5363058,64356696,603878210,104069104,69545492,798999,793,0,0
C010761,3721305,44655660,3008277,36099324,193207756,26157883,19230189,251915,831,0,0
C010762,7106040,85272480,4887236,58646832,224109420,42706222,42706222,267712,838,0,0
C010763,5801729,69620748,4117211,49406532,177671832,85458326,78026956,647815,816,0,0
C010764,6002115,72025380,3144698,37736376,84599527,11099645,11099645,462699,923,0,0
C010765,5071051,60852612,1963190,23558280,264411442,94685589,76142123,713662,807,0,0
C010766,2950193,35402316,1198068,14376816,180838983,79649929,79649929,576459,785,0,0
C010767,1800000,21600000,935675,11228100,161503074,21196244,16222043,106866,790,0,0
C010768,5864784,70377408,3502368,42028416,146470022,48521282,48521282,1133454,727,0,0
C010769,3574037,42888444,1414910,16978920,193891083,14348601,9803203,133789,744,0,0
C010770,4022786,48273432,1890459,22685508,150858645,41322636,24436676,133860,895,0,0
C010771,3084987,37019844,1692604,20311248,352425914,26021268,15329997,337100,805,0,0
C010772,1800000,21600000,1433164,17197968,46747281,39017921,30917429,257256,734,0,0
C010773,1800000,21600000,982842,11794104,16050780,69494350,66609153,458358,717,0,0
C010774,3022772,36273264,1735069,20820828,143252371,38842279,27491094,383860,716,1,0
C010775,2575395,30904740,1378343,16540116,30486467,24090731,13292199,208813,694,0,0
C010776,6527153,78325836,3721853,44662236,267735407,37988106,23133550,616134,830,0,0
C010777,3200154,38401848,2768463,33221556,207977676,81350719,72510161,614447,638,0,0
C010778,1800000,21600000,1150493,13805916,89753139,35962838,35638466,258429,794,0,0
C010779,3450302,41403624,2253283,27039396,308496717,20580991,20580991,199140,766,1,0
C010780,5442758,65313096,3606904,43282848,256103327,34863428,34863428,485526,841,0,0
C010781,7366715,88400580,3324007,39888084,125012890,113523763,91391533,850929,722,0,0
C010782,2579385,30952620,939319,11271828,59127932,34462312,33330295,347842,710,0,0
C010783,4565712,54788544,2115242,25382904,66677529,23872658,17181533,574851,812,0,0
C010784,8231841,98782092,3658027,43896324,705884003,78489188,55667199,856834,831,0,0
C010785,4826419,57917028,2172641,26071692,242205720,93166444,82927473,572848,787,0,0
C010786,5269075,63228900,2878414,34540968,265194877,54116278,48268943,357143,916,0,0
C010787,3337942,40055304,2449194,29390328,234656175,14168557,14168557,235143,781,0,0
C010788,2196097,26353164,1216414,14596968,104285452,21102326,21102326,124659,855,0,0
C010789,3139919,37679028,1822629,21871548,477098517,40261382,18737888,127673,794,0,0
C010790,3138020,37656240,1531326,18375912,175790969,12440392,8394779,79352,780,0,0
C010791,1881750,22581000,1224878,14698536,59411489,51899599,43773892,235227,702,0,1
C010792,5708871,68506452,2658876,31906512,291458916,147734166,147734166,1211780,826,0,0
C010793,5131577,61578924,2511420,30137040,176366069,81679755,58270713,520991,752,0,0
C010794,3385260,40623120,1370786,16449432,85084743,30302725,19764441,167300,829,0,0
C010795,3528342,42340104,2502771,30033252,286064359,29479926,25343373,490976,866,0,0
C010796,4117294,49407528,1573442,18881304,87952723,51617459,44204817,439451,804,0,0
C010797,7410108,88921296,4817909,57814908,292490160,55410380,55410380,702261,764,0,0
C010798,12000000,144000000,5410045,64920540,478127666,141708000,91036945,804716,755,0,0
C010799,2759000,33108000,1678353,20140236,235537253,13646669,13646669,55180,839,0,0
C010800,4956755,59481060,4084553,49014636,58333845,78332041,43237739,524190,787,0,0
C010801,2261313,27135756,1559692,18716304,322563456,36268359,36268359,268533,794,0,0
C010802,4681610,56179320,3393176,40718112,77223367,17918325,17918325,219191,817,0,0
C010803,5269600,63235200,4159527,49914324,72646122,42907278,42907278,608237,784,1,0
C010804,6165693,73988316,3512608,42151296,90819054,147852467,134619358,1079947,688,0,0
C010805,4281380,51376560,2784521,33414252,302574899,45392228,45392228,455259,754,0,0
C010806,4428325,53139900,3419827,41037924,54210055,39650184,24595851,182340,812,0,0
C010807,2733426,32801112,1411395,16936740,204900751,20756350,13000701,54669,751,0,0
C010808,2919523,35034276,1948108,23377296,101441534,51216638,51216638,530592,801,0,0
C010809,3652214,43826568,2220219,26642628,335994576,9533183,9533183,355523,879,0,0
C010810,3333024,39996288,2107990,25295880,241649576,22355391,22355391,201340,798,0,0
C010811,4711169,56534028,1400245,16802940,81950171,60525191,31231573,342896,801,1,0
C010812,2209272,26511264,961091,11533092,96389670,20483982,20483982,228491,919,0,0
C010813,2326089,27913068,1160946,13931352,32831342,35298589,35298589,317784,766,0,0
C010814,2338025,28056300,1812755,21753060,51477657,76249320,73244098,275126,750,0,1
C010815,4695454,56345448,2730199,32762388,145749823,53149848,36526133,205152,695,0,0
C010816,4224528,50694336,3157343,37888116,128215488,99064273,76908070,418110,740,0,0
C010817,6257772,75093264,4859238,58310856,57289436,46152613,23994540,291289,753,0,0
C010818,3529197,42350364,2221341,26656092,147223567,18850853,17236255,338080,775,0,0
C010819,3882276,46587312,2712591,32551092,206680889,82981491,64326882,456723,787,0,0
C010820,2982557,35790684,1739379,20872548,334496377,38905645,21357430,71700,950,0,0
C010821,2513816,30165792,1318784,15825408,160613515,41545932,41034806,326911,699,0,0
C010822,3506490,42077880,1893987,22727844,46436403,86089389,73142650,641138,759,0,0
C010823,10769349,129232188,5880100,70561200,373756459,181956830,149056049,1414642,823,0,0
C010824,3448588,41383056,1553818,18645816,76830429,44476218,30884081,343577,814,0,0
C010825,4835655,58027860,3330347,39964164,69936685,19351328,9043928,232638,815,0,0
C010826,5295271,63543252,2686855,32242260,104552632,147518524,125802083,1037038,805,0,0
C010827,7002542,84030504,4615306,55383672,147459955,82438254,46404756,520083,803,0,0
C010828,3084466,37013592,1437593,17251116,250871306,28662996,23201883,428721,818,0,0
C010829,2882578,34590936,2100038,25200456,52233502,34066619,20249365,246202,763,0,0
C010830,2692306,32307672,1412634,16951608,100897204,32501874,24463532,179139,864,0,0
C010831,2737564,32850768,1297500,15570000,121658756,23815755,20088929,174857,864,0,0
C010832,2781929,33383148,1771112,21253344,76761413,24500904,15148984,240070,803,0,0
C010833,3317643,39811716,1606836,19282032,122830352,75992954,54102294,517056,733,0,0
C010834,4338077,52056924,2828492,33941904,583005477,54217204,34422725,295058,720,0,0
C010835,2830936,33971232,1661585,19939020,98217281,27283610,17651670,94984,714,1,0
C010836,2025788,24309456,1542887,18514644,307314060,45536660,38353406,281910,658,0,0
C010837,3415708,40988496,1892904,22714848,183348430,25508168,13549416,228059,796,0,0
C010838,4986428,59837136,3842648,46111776,378991025,54359296,54359296,402652,771,0,0
C010839,4640156,55681872,2975178,35702136,171225070,53284833,26165130,454228,654,1,0
C010840,4529328,54351936,1983336,23800032,225738867,17192335,12316918,304413,803,0,0
C010841,5221785,62661420,2406199,28874388,149492160,104780973,84919412,569913,775,0,0
C010842,4554872,54658464,1713136,20557632,197913613,99036507,99036507,833706,815,0,0
C010843,2130632,25567584,1006503,12078036,186738615,25750788,14908914,173566,809,0,0
C010844,4837852,58054224,2792202,33506424,431471154,49479927,24208648,214112,829,0,1
C010845,5264026,63168312,3109069,37308828,581825157,19597754,19597754,470229,734,0,0
C010846,3171155,38053860,1659844,19918128,204851048,86642645,74225257,728111,690,2,0
C010847,4098990,49187880,2821387,33856644,129836376,13218157,13218157,238684,696,2,0
C010848,8620495,103445940,4186353,50236236,530132990,138985535,88801582,346015,811,0,0
C010849,4399023,52788276,2218298,26619576,150404760,97021740,97021740,816047,841,0,0
C010850,8584407,103012884,4133374,49600488,493317899,73896986,42971670,849453,706,0,0
C010851,4277993,51335916,2463354,29560248,321154078,60196468,44818226,353480,810,0,0
C010852,2520259,30243108,1293305,15519660,116631733,44997808,44997808,499580,717,0,0
C010853,2304830,27657960,1075548,12906576,97700381,22995246,11446054,247577,876,0,0
C010854,5954152,71449824,2634443,31613316,127865221,87586988,86909906,598125,758,0,0
C010855,6729071,80748852,5008878,60106536,492644937,52236118,27036602,134581,803,0,0
C010856,3589074,43068888,2805861,33670332,193626155,25774762,7611674,106972,769,0,0
C010857,3340608,40087296,1402696,16832352,92118068,45461603,25639308,427170,693,0,0
C010858,8192488,98309856,4273128,51277536,419716558,72647562,65528544,670094,740,0,0
C010859,5972698,71672376,3458447,41501364,1003413264,51905342,39064731,230741,841,1,0
C010860,4848748,58184976,3030493,36365916,65194333,74450400,58581260,586113,841,0,0
C010861,2877089,34525068,1788173,21458076,75977384,68861189,59518691,452647,740,0,0
C010862,2877061,34524732,1109884,13318608,109626825,21269367,10030889,408129,725,0,0
C010863,4478547,53742564,1323221,15878652,608227720,109041233,90053304,571190,746,0,0
C010864,2461219,29534628,1662005,19944060,135106381,30599445,30599445,281879,758,0,0
C010865,2876797,34521564,2122384,25468608,98442859,24508069,12293332,335697,668,1,0
C010866,3031455,36377460,1814158,21769896,34603824,21249626,13050843,152935,778,0,0
C010867,5957007,71484084,2780214,33362568,461821604,159031532,115409859,705805,803,0,0
C010868,2424045,29088540,1472909,17674908,97908927,35829019,22981870,302676,691,0,0
C010869,1814963,21779556,848881,10186572,89469563,16507021,9638600,50000,805,0,0
C010870,6029687,72356244,1759179,21110148,131477293,222557125,222557125,1755881,762,0,0
C010871,1877458,22529496,1284327,15411924,226617855,48742573,48742573,319557,795,0,0
C010872,5194904,62338848,3638055,43656660,170901284,49991427,40965531,473879,775,0,0
C010873,3296506,39558072,1960597,23527164,304083537,94979483,71496199,577302,694,1,0
C010874,6607014,79284168,3797584,45571008,178026596,73941402,48336044,668041,813,0,0
C010875,5256783,63081396,2463758,29565096,318421349,41669559,41568376,443466,796,0,0
C010876,5844607,70135284,3170638,38047656,166669811,21906163,8519620,206850,831,0,0
C010877,3350441,40205292,1774069,21288828,138068752,80087777,53934436,693226,704,1,0
C010878,4163548,49962576,3426845,41122140,302672815,33767290,25544080,254888,840,0,0
C010879,6395151,76741812,4310809,51729708,702215782,23493470,6139345,127903,781,0,0
C010880,3718814,44625768,1844070,22128840,111570405,28462562,28462562,298851,753,0,0
C010881,4181344,50176128,2589791,31077492,447121064,60809875,36715099,499942,713,0,0
C010882,4225308,50703696,2077184,24926208,324568526,63912050,31216296,449362,798,0,0
C010883,2019766,24237192,1506254,18075048,122292155,37868300,33072787,252669,758,0,0
C010884,3413554,40962648,1893247,22718964,47499359,21077460,21077460,140773,731,0,0
C010885,6001220,72014640,3026953,36323436,710232941,148761407,123924308,917014,777,0,0
C010886,5743430,68921160,3594413,43132956,208216466,44996229,30012535,234174,783,0,0
C010887,2553315,30639780,1580810,18969720,79286411,26322976,12439727,141679,805,0,0
C010888,2029231,24350772,1008456,12101472,32635527,19553878,12302768,81286,764,0,0
C010889,2766091,33193092,1381213,16574556,66928851,68665277,59754692,534836,681,1,0
C010890,2617444,31409328,1239631,14875572,253312646,11811080,10230203,117838,840,0,0
C010891,1994922,23939064,1373188,16478256,53000987,22096763,22096763,193511,770,0,0
C010892,2170062,26040744,1551436,18617232,66264206,50237349,42652940,355983,698,0,0
C010893,3439933,41279196,1963043,23556516,116700416,66650596,66650596,276953,846,0,0
C010894,3001995,36023940,1457627,17491524,40374598,17720068,17720068,233832,810,0,0
C010895,3917743,47012916,2361394,28336728,241019679,20126717,20126717,126517,857,0,0
C010896,7302213,87626556,3826878,45922536,126575458,69486399,22949925,704561,776,0,0
C010897,2831228,33974736,1607438,19289256,117299660,97335389,85765995,611868,711,0,1
C010898,2312949,27755388,1457318,17487816,145201253,29552175,23647146,154622,806,0,0
C010899,3653486,43841832,2050858,24610296,398304829,30449648,19858231,444771,785,0,0
C010900,2340909,28090908,791487,9497844,133949278,22958867,22958867,301059,940,0,0
C010901,2032707,24392484,1058350,12700200,77710040,21122027,21122027,50000,766,0,0
C010902,3097502,37170024,1838774,22065288,425561927,93553870,91917813,669356,811,0,1
C010903,2801966,33623592,1685631,20227572,177907115,47751956,42798780,351406,833,0,0
C010904,7517732,90212784,3679281,44151372,360837182,90283843,88825573,758499,786,0,0
C010905,6411748,76940976,4920030,59040360,224508749,46700597,22786672,334913,790,0,0
C010906,6304649,75655788,3792784,45513408,317294992,84723422,37754117,287564,828,0,0
C010907,4314969,51779628,2755669,33068028,155612547,20232783,16664209,315083,846,0,0
C010908,3651585,43819020,1855009,22260108,211388313,31066721,15028478,208416,764,0,0
C010909,4442941,53315292,4042865,48514380,120130810,116224445,110895836,496914,721,0,0
C010910,5838976,70067712,1637231,19646772,512040000,88983822,46455966,374037,730,0,0
C010911,6845419,82145028,2951014,35412168,85707943,161022282,118453235,728482,843,0,0
C010912,3908903,46906836,2455664,29467968,95776048,27384809,27278594,235807,827,0,0
C010913,4591514,55098168,2066637,24799644,118397851,38527335,38527335,304469,816,0,0
C010914,6088478,73061736,2874161,34489932,807987194,57016235,31306490,606127,830,0,0
C010915,5574830,66897960,3320903,39850836,199893422,136160273,123843200,1093946,743,0,0
C010916,3860092,46321104,2873848,34486176,362676646,48608762,45821727,126135,771,0,1
C010917,5642676,67712112,2825953,33911436,166427424,35585290,35585290,694530,805,0,0
C010918,7055791,84669492,4955967,59471604,565361921,94101889,85341473,850051,888,0,0
C010919,4513216,54158592,3441868,41302416,101978383,151278352,148135313,1078256,733,0,1
C010920,5062012,60744144,1937603,23251236,738919941,23068860,15699114,347275,862,0,0
C010921,2425415,29104980,1382659,16591908,109981976,28054618,18192536,217212,879,0,0
C010922,3968986,47627832,2447930,29375160,137774782,99472033,63204520,311266,764,0,1
C010923,7183048,86196576,2834057,34008684,498464348,51053184,41733802,838413,784,0,0
C010924,4368670,52424040,3161940,37943280,64613689,112569504,105297098,646568,642,0,1
C010925,2046601,24559212,1320805,15849660,149810668,32468166,26749081,373734,756,0,0
C010926,4328726,51944712,1809297,21711564,224659998,45253162,33746107,276250,815,0,0
C010927,3526979,42323748,1937815,23253780,245599451,133194084,111663656,830074,811,0,0
C010928,3451395,41416740,1724592,20695104,88736809,20271984,20271984,74447,899,0,0
C010929,3891475,46697700,2089093,25069116,80060864,46150935,34561558,326192,776,0,0
C010930,3492631,41911572,1869558,22434696,349449545,69370308,41582518,339762,749,0,0
C010931,3332995,39995940,2693701,32324412,276337199,68529059,65732044,521691,761,0,0
C010932,3901398,46816776,1677507,20130084,74869947,50495469,50495469,298904,778,0,0
C010933,3735011,44820132,2530115,30361380,52126129,75553205,44027529,385638,729,1,0
C010934,4840474,58085688,2453135,29437620,567068350,46527274,21555242,274984,788,0,0
C010935,4333274,51999288,2396572,28758864,140867433,46303282,46303282,399669,799,0,0
C010936,2934514,35214168,1300349,15604188,119256468,32796464,24150791,181230,757,0,0
C010937,9142367,109708404,5681031,68172372,691762862,110783090,75514942,1031239,817,0,0
C010938,8760160,105121920,3435489,41225868,101025684,67244021,67244021,1429180,861,0,0
C010939,8449650,101395800,4600218,55202616,120349415,96062031,63957479,578380,859,0,0
C010940,2096961,25163532,1178932,14147184,39136597,33516854,27103304,357706,880,0,0
C010941,5460222,65522664,2916019,34992228,213396256,102453292,80667309,792090,690,0,0
C010942,5715791,68589492,3837454,46049448,261363507,101199582,60070760,696874,644,2,1
C010943,5525623,66307476,2240378,26884536,263840564,298383642,298383642,2070773,781,0,0
C010944,2945230,35342760,1192677,14312124,128695829,34257557,24779581,433127,776,0,0
C010945,3286691,39440292,2331686,27980232,21685336,41867408,29215359,258656,807,0,0
C010946,5064898,60778776,4253779,51045348,43781321,40160098,27301207,315965,703,1,0
C010947,4833709,58004508,3835978,46031736,401861154,16299566,16299566,192749,724,0,0
C010948,4033832,48405984,2967122,35605464,95981653,51959173,38255083,220449,749,0,0
C010949,2648591,31783092,2010171,24122052,243706533,17470789,17470789,182250,772,0,0
C010950,4570357,54844284,2317126,27805512,194400648,95650751,63177994,453757,796,0,0
C010951,2718315,32619780,2186295,26235540,157559264,20718245,20718245,191869,840,0,0
C010952,4185514,50226168,2785147,33421764,166293348,51697019,33395286,348058,674,1,0
C010953,8015474,96185688,4017712,48212544,477692288,97106525,79648975,1046442,847,0,0
C010954,4016745,48200940,2232692,26792304,100300558,11210636,6006742,106675,888,0,0
C010955,2072081,24864972,518020,6216240,55142787,38835510,24109194,163223,761,0,0
C010956,4836982,58043784,2546079,30552948,19773302,56166814,46998191,548558,805,0,0
C010957,3613896,43366752,1488184,17858208,95629871,23099622,18250977,213180,762,0,0
C010958,3814856,45778272,1733550,20802600,76637433,71057936,71057936,284645,881,0,0
C010959,1800000,21600000,1006993,12083916,72390527,17155077,17155077,166570,813,0,0
C010960,5833481,70001772,4636866,55642392,232389787,61209059,37030033,485388,807,0,0
C010961,2338822,28065864,1110439,13325268,142974216,30471934,27315693,237265,795,0,0
C010962,4953907,59446884,1238477,14861724,394814358,29687475,29687475,308212,791,0,0
C010963,3405924,40871088,1804464,21653568,218396470,66495381,50761152,542210,775,0,0
C010964,9508025,114096300,5233434,62801208,335476454,126867252,124036496,1358013,799,0,0
C010965,1800000,21600000,1048226,12578712,15239269,51714012,40236610,321927,817,0,0
C010966,2623142,31477704,1853742,22244904,177904203,23368984,17169232,289189,785,0,0
C010967,3169331,38031972,2447218,29366616,343120074,41331267,22769652,311895,781,0,0
C010968,6656768,79881216,5326751,63921012,401393597,142498615,133431701,1260051,697,0,0
C010969,4981326,59775912,3054129,36649548,408682336,77287979,36403548,242930,661,3,0
C010970,3107597,37291164,1782161,21385932,70787053,39810271,27263047,151012,691,1,1
C010971,3010452,36125424,1587902,19054824,257260209,69569458,43680470,414230,700,1,0
C010972,6425918,77111016,4214866,50578392,174376079,51710520,51710520,581984,764,0,0
C010973,4614805,55377660,3659568,43914816,72030454,60977724,50003919,469463,852,0,0
C010974,4204716,50456592,2262681,27152172,230307281,95970750,82865284,765912,813,0,0
C010975,3667550,44010600,2066672,24800064,431904767,42808762,33513450,269588,812,0,0
C010976,3730145,44761740,1543790,18525480,52126631,18186525,18186525,167408,829,0,0
C010977,4511704,54140448,2866904,34402848,139146982,65497475,59700599,574952,813,0,0
C010978,3076771,36921252,2352322,28227864,88381619,81309898,51226847,566961,752,0,0
C010979,2068388,24820656,1361969,16343628,76285621,16119308,15662021,209194,796,0,0
C010980,3975245,47702940,2069290,24831480,146545772,100847234,75941973,638900,797,0,0
C010981,3499254,41991048,988646,11863752,236317058,24786033,16695931,387659,860,0,0
C010982,6375405,76504860,2494107,29929284,161714680,60201561,60201561,1023085,713,0,0
C010983,4017843,48214116,1670942,20051304,307579802,37216025,35526358,183912,841,0,0
C010984,3677251,44127012,2718448,32621376,86651124,57445436,46158587,270505,835,0,0
C010985,3418001,41016012,1775837,21310044,173766885,32799209,32799209,394341,760,0,0
C010986,4327072,51924864,3346444,40157328,252756598,32408050,32408050,366000,820,0,0
C010987,4686747,56240964,2765200,33182400,177426346,115530683,88543692,335842,810,0,0
C010988,3096971,37163652,1610617,19327404,64968367,39711528,28379209,178663,753,0,0
C010989,2725052,32700624,1719408,20632896,168172592,18137087,13814527,66596,863,0,0
C010990,3853382,46240584,1971552,23658624,277643281,48422450,22704953,353940,796,0,0
C010991,6436550,77238600,2636226,31634712,190185593,44161310,39391193,425554,682,0,0
C010992,5291205,63494460,2687082,32244984,145833054,33511589,14897066,105824,829,0,0
C010993,2801626,33619512,1787420,21449040,187244482,49611016,40288859,371406,662,0,0
C010994,2566710,30800520,1340454,16085448,49062984,17396726,8728370,212085,903,0,0
C010995,3701655,44419860,2240785,26889420,87436042,67757232,57996173,495304,805,0,0
C010996,2880536,34566432,2410236,28922832,72011380,46677327,37936141,276666,738,0,0
C010997,6097589,73171068,3489080,41868960,286175149,90567335,71199832,1077796,764,0,0
C010998,4199201,50390412,3000421,36005052,80082256,64601885,44528340,284467,718,0,0
C010999,2298487,27581844,1278438,15341256,229811333,21847039,9861455,153658,725,0,0
C011000,2206016,26472192,1805501,21666012,46485310,49019267,38207615,408333,690,0,0
C011001,3366793,40401516,2435388,29224656,107736763,30398931,27979987,380895,840,0,0
C011002,4670996,56051952,4082085,48985020,98178715,104972576,70247740,722278,727,0,0
C011003,3903509,46842108,2123588,25483056,87950848,29665323,29665323,509257,839,0,0
C011004,6447103,77365236,4041190,48494280,282111651,102566545,54178505,556853,759,0,0
C011005,2301239,27614868,1120387,13444644,147544125,29864762,28705325,401275,733,0,0
C011006,2874117,34489404,2302773,27633276,105777405,39948228,32160779,260081,725,1,0
C011007,5546404,66556848,5187906,62254872,281171188,89018770,68563523,1000820,659,1,1
C011008,3451898,41422776,1696731,20360772,103881292,15376729,15376729,248542,798,0,0
C011009,9081357,108976284,6075766,72909192,675213862,87751672,70910431,1450679,673,1,0
C011010,1800000,21600000,1264310,15171720,27323665,35753769,28605631,374689,734,0,0
C011011,4376220,52514640,2840031,34080372,84103199,54749026,51274652,571676,790,0,0
C011012,5901283,70815396,4719258,56631096,112977099,71373615,30961347,299933,654,0,0
C011013,2270246,27242952,1594428,19133136,153815743,70387606,61081292,559616,695,0,1
C011014,2345072,28140864,963427,11561124,74378458,28984356,28984356,366568,859,0,0
C011015,3949964,47399568,1943929,23327148,124785996,28517836,25767689,843780,649,3,0
C011016,4583979,55007748,2628946,31547352,260094896,87956642,80371336,1046545,862,0,0
C011017,4902629,58831548,2876947,34523364,143719336,17321417,17321417,163606,806,0,0
C011018,3866627,46399524,2576109,30913308,649593336,78521668,66760389,451655,815,0,0
C011019,4237983,50855796,1792894,21514728,668375419,71625400,46412016,383455,848,0,0
C011020,2666824,32001888,2015973,24191676,88132145,29632637,17042613,141864,731,1,0
C011021,7460836,89530032,5640411,67684932,889364363,104472994,73840016,688394,747,1,0
C011022,2263005,27156060,1548397,18580764,90322980,51463586,44795528,430009,639,3,1
C011023,2418708,29024496,1297588,15571056,205303053,26767990,18992408,237868,804,0,0
C011024,2807565,33690780,1575594,18907128,109585867,16665411,11571879,56151,795,0,0
C011025,5448937,65387244,4138931,49667172,185289370,43147517,19773227,588758,806,0,0
C011026,4768420,57221040,2273003,27276036,254577023,83413815,56093158,530391,869,0,0
C011027,6789409,81472908,3894247,46730964,91207631,96294370,76917570,635348,720,0,0
C011028,1800000,21600000,1071749,12860988,46193811,36238149,28073626,303824,735,0,0
C011029,2037912,24454944,1234783,14817396,96724938,24027957,22112450,283232,802,1,0
C011030,7112983,85355796,2035222,24422664,304761171,128599275,122819798,1286708,792,0,0
C011031,5958315,71499780,3303261,39639132,93189269,35020122,24738686,515479,783,0,0
C011032,6799079,81588948,4551676,54620112,73132306,39051494,39051494,775057,876,0,0
C011033,8043196,96518352,3644305,43731660,112480061,141227219,97527798,593863,785,0,0
C011034,6581857,78982284,4067921,48815052,158774338,59807222,46952486,459201,753,1,0
C011035,12000000,144000000,5012726,60152712,807119276,122783894,60560969,1724689,843,0,0
C011036,5210728,62528736,3308214,39698568,114130786,65767419,53136943,823566,747,0,0
C011037,4507679,54092148,2623355,31480260,435034529,75677354,59155839,460092,722,0,0
C011038,4478354,53740248,2047918,24575016,451015600,45854213,21324755,399055,791,0,0
C011039,4835634,58027608,3364255,40371060,52396767,57767291,39189303,790397,614,0,1
C011040,3592872,43114464,1687095,20245140,60932357,47505562,47505562,133894,818,0,0
C011041,1844387,22132644,1163093,13957116,99322627,35960166,31907547,276705,691,0,0
C011042,4788109,57457308,3909084,46909008,173906572,73475248,65476356,757855,642,0,1
C011043,3165260,37983120,1877900,22534800,177840611,27030160,9316674,253332,817,0,0
C011044,4079675,48956100,2572777,30873324,292071853,97333354,94571747,476953,765,1,1
C011045,8118179,97418148,3647059,43764708,572550383,122014649,122014649,719035,795,0,0
C011046,8630267,103563204,2970185,35642220,267689649,424525748,424525748,2692824,803,0,0
C011047,3801425,45617100,2289440,27473280,198426455,47811694,35355897,551637,693,0,0
C011048,3281557,39378684,1682992,20195904,401599205,8427228,8427228,178086,761,0,0
C011049,5738203,68858436,3040729,36488748,292122197,82675899,58281693,763243,791,0,0
C011050,6343048,76116576,4386919,52643028,366426298,90531620,45287413,473793,815,0,0
C011051,4021842,48262104,2909914,34918968,173296418,13305483,8332461,80437,815,0,0
C011052,1800000,21600000,1149946,13799352,60410189,21583200,14230604,257730,814,0,0
C011053,2876558,34518696,1147767,13773204,222487223,82445357,69117601,588384,702,0,0
C011054,5691656,68299872,3188861,38266332,222857293,292888618,278893904,2092153,661,0,1
C011055,3688213,44258556,2663896,31966752,308005145,39171418,31117761,396914,749,0,0
C011056,4840903,58090836,3597379,43168548,90363202,51581796,51581796,769667,718,1,0
C011057,2496674,29960088,1494568,17934816,77190873,19858064,15474549,162005,757,0,0
C011058,5514700,66176400,3566411,42796932,631620152,103419501,102033540,646589,832,0,0
C011059,3204940,38459280,1918817,23025804,271317459,36727510,23533303,270645,790,0,0
C011060,6818711,81824532,3229855,38758260,688173947,125997096,108433675,768336,809,0,1
C011061,3464298,41571576,2229811,26757732,183829901,27072520,27072520,166667,782,0,1
C011062,3715701,44588412,2572539,30870468,198081897,54469256,42756052,246773,863,1,0
C011063,7627291,91527492,5525575,66306900,159827925,108388966,95553329,833071,741,0,0
C011064,5214020,62568240,2530777,30369324,310000893,68116374,48343183,337223,791,0,0
C011065,4919979,59039748,2957568,35490816,154219132,39203531,16096702,536350,784,0,0
C011066,2854825,34257900,2012828,24153936,347173174,30546998,30546998,245247,813,0,0
C011067,3637799,43653588,2111107,25333284,35273057,49362578,33935027,546928,827,0,0
C011068,2965543,35586516,1532574,18390888,68305398,50690907,39944344,424885,803,0,0
C011069,2800440,33605280,2008013,24096156,108656129,21785229,17765254,289511,889,0,0
C011070,2138195,25658340,1132808,13593696,121813546,25424494,15572290,227086,906,0,0
C011071,6857338,82288056,2194468,26333616,209287143,56996379,56996379,327728,720,0,0
C011072,3465797,41589564,2226229,26714748,24056814,54454955,28497624,149944,778,0,0
C011073,4925564,59106768,3075724,36908688,72846460,60805818,60805818,463336,889,0,0
C011074,3347725,40172700,2484898,29818776,251485818,38443736,18902119,117970,764,0,0
C011075,3904099,46849188,2178815,26145780,153982375,46578341,43550850,306404,791,0,0
C011076,3932960,47195520,2382538,28590456,489811608,155759282,155759282,1061690,697,0,0
C011077,1987137,23845644,1028515,12342180,42804259,26422938,21323675,337020,802,1,0
C011078,5806208,69674496,4253940,51047280,975442944,48690960,46352781,685824,823,0,0
C011079,7832528,93990336,3377984,40535808,112972075,58997581,46629630,773261,802,0,0
C011080,5513888,66166656,3260652,39127824,241420294,43675068,22488349,213716,800,0,0
C011081,5614904,67378848,3505462,42065544,94948510,110406041,101797098,994201,746,0,1
C011082,3141994,37703928,2263269,27159228,437153379,33842852,33352320,333579,698,0,0
C011083,2624272,31491264,2305572,27666864,440877696,54246977,54246977,271118,678,1,0
C011084,6798761,81585132,5457649,65491788,463499392,111621226,92672657,551953,749,1,0
C011085,3505393,42064716,1832828,21993936,139885818,32175634,31404314,312660,849,0,0
C011086,2024655,24295860,1384441,16613292,198699590,21151508,17875365,70678,780,0,0
C011087,3126444,37517328,1659107,19909284,499273895,36648164,31786820,335171,884,0,0
C011088,7866704,94400448,6404635,76855620,676925915,39464715,15970559,562462,779,0,0
C011089,2735462,32825544,1391191,16694292,231882542,5963167,5963167,107217,764,0,1
C011090,1801798,21621576,806194,9674328,62328976,42855522,36508481,334742,755,1,0
C011091,3031655,36379860,1282194,15386328,157866725,41703303,34689512,479061,805,0,0
C011092,4393243,52718916,3147725,37772700,446383175,40864166,17173470,103656,716,0,0
C011093,5387499,64649988,2973974,35687688,240658256,51223382,32178940,459754,885,0,0
C011094,6510604,78127248,3646187,43754244,134278777,60734178,60734178,702158,780,0,0
C011095,3982112,47785344,2116046,25392552,166224291,44203295,25009071,321094,850,0,0
C011096,4900510,58806120,1628997,19547964,113845191,115556538,104977766,1024271,738,1,1
C011097,5029492,60353904,3631336,43576032,142499853,108226917,68137429,526810,797,1,0
C011098,4130224,49562688,2370116,28441392,215165610,56981728,40903268,173481,778,0,0
C011099,6007378,72088536,3728150,44737800,529841776,137251127,132345775,1264052,816,0,0
C011100,10336626,124039512,5560924,66731088,295674484,163783656,117226653,1357019,704,0,0
C011101,3927786,47133432,2380475,28565700,433647274,27198217,21261785,165333,805,0,0
C011102,2795063,33540756,1827541,21930492,78066599,48335306,28886220,364923,749,0,0
C011103,7056359,84676308,2294752,27537024,352597195,44090535,28935144,223213,768,0,0
C011104,7623149,91477788,5826773,69921276,246647398,251690858,213437405,1255518,798,0,0
C011105,6473235,77678820,2924010,35088120,208249455,120590201,61807477,633678,697,0,0
C011106,3506946,42083352,2518913,30226956,168912096,124158078,99565242,896125,745,0,0
C011107,6145987,73751844,4550760,54609120,321471552,121325275,121325275,971032,722,0,0
C011108,7360889,88330668,5294622,63535464,544049338,99046655,49729704,198094,784,0,0
C011109,6203913,74446956,4412558,52950696,106225441,65380609,49958800,701016,701,0,0
C011110,3981368,47776416,1916600,22999200,151943835,115778347,113671812,975564,729,0,0
C011111,6002071,72024852,3301479,39617748,61146822,128523669,116543363,1165338,772,0,0
C011112,1920791,23049492,753819,9045828,53642211,71318194,70390451,603245,767,0,0
C011113,3206903,38482836,1703051,20436612,64008600,21614138,17455885,93675,805,0,0
C011114,6866924,82403088,4327877,51934524,459393333,95962795,75749751,913521,828,0,0
C011115,3142880,37714560,2078950,24947400,207455744,112939965,105640099,847851,748,0,0
C011116,3557705,42692460,1774416,21292992,86187986,24534941,24534941,159076,821,1,0
C011117,6412197,76946364,3881495,46577940,174634312,96753821,62653647,769464,814,0,0
C011118,5430036,65160432,3523934,42287208,448468160,69975345,35118504,278431,730,0,0
C011119,6100644,73207728,2733504,32802048,496528266,57988345,41224595,543436,774,0,0
C011120,2128223,25538676,771567,9258804,123711161,39675181,35462432,368604,725,0,0
C011121,3611482,43337784,2373393,28480716,156036508,40729493,30640449,234416,722,1,0
C011122,9979539,119754468,7031035,84372420,216558467,79779119,33982675,1067344,728,0,0
C011123,2677508,32130096,1817589,21811068,150909484,53205517,53205517,612979,728,0,1
C011124,1800000,21600000,1167850,14014200,117973941,21600092,16326937,129530,762,0,0
C011125,2662343,31948116,665586,7987032,56175323,37993469,30047676,158709,805,0,0
C011126,3678663,44143956,2083498,25001976,177198568,50613116,49567482,613721,777,0,0
C011127,4209571,50514852,2926789,35121468,630331854,59271537,40840726,445201,726,0,0
C011128,5007799,60093588,3497330,41967960,122884944,58705576,38048233,744776,823,0,0
C011129,6617112,79405344,2988481,35861772,572320922,72939101,62065202,671449,824,0,0
C011130,3371695,40460340,2115713,25388556,309511197,28831019,23200715,307060,656,1,0
C011131,2638663,31663956,2470106,29641272,295882746,18895580,18895580,266309,785,0,0
C011132,5074536,60894432,1834582,22014984,142105322,36931321,36931321,636486,824,0,0
C011133,5551502,66618024,3251002,39012024,214486088,110546342,85310476,778767,898,0,0
C011134,4656623,55879476,2712226,32546712,321132010,75023132,75023132,467651,752,0,0
C011135,1800000,21600000,987461,11849532,42420250,21217680,19504136,151885,870,0,0
C011136,6596509,79158108,3830259,45963108,192006610,154402102,152964852,1090700,811,1,0
C011137,6976148,83713776,3317027,39804324,247928145,58994693,23248695,196779,819,0,0
C011138,3422629,41071548,2428419,29141028,575001672,33594779,18609790,164915,812,0,0
C011139,4726703,56720436,2403093,28837116,99610093,73485794,35721239,446245,697,0,0
C011140,6909344,82912128,5213626,62563512,171698294,84113676,34718714,330154,741,0,1
C011141,2537615,30451380,1092772,13113264,81479863,30831572,22269512,223490,820,0,0
C011142,3132703,37592436,1815798,21789576,240321047,29501638,8804192,221370,843,0,0
C011143,6608541,79302492,5462355,65548260,448261991,81117907,54215303,412313,776,0,0
C011144,7064421,84773052,7417642,89011704,138668487,44055245,28855338,382350,754,1,1
C011145,4485141,53821692,3018643,36223716,327080008,140412374,127074946,721916,692,0,0
C011146,6798954,81587448,5022750,60273000,345965752,237541312,201799445,1727713,705,0,1
C011147,4394763,52737156,1808604,21703248,563405531,50433132,43766093,461572,826,0,0
C011148,2173834,26086008,1616563,19398756,121526130,31577363,21230575,183624,925,0,0
C011149,5775497,69305964,4581114,54973368,80780264,119535334,90461469,422068,681,0,1
C011150,3446535,41358420,1796108,21553296,76935910,59611140,59611140,713854,899,0,0
C011151,12000000,144000000,6101553,73218636,981916634,149040447,149040447,1325726,746,0,0
C011152,3951849,47422188,2604334,31252008,145639763,36182797,29690543,80118,787,0,0
C011153,3098348,37180176,1454098,17449176,319556493,25022820,15714801,115581,759,0,0
C011154,4612732,55352784,3853648,46243776,196206781,121271012,86307853,435599,771,0,0
C011155,4417335,53008020,3085938,37031256,78731929,76604771,49278160,688396,740,0,0
C011156,3273720,39284640,1732928,20795136,76391071,86980238,72535682,722708,713,0,0
C011157,2349091,28189092,741368,8896416,117414008,87214296,87214296,610182,861,0,0
C011158,3663909,43966908,3211258,38535096,233438933,18908551,16365398,73278,789,0,0
C011159,1800000,21600000,965767,11589204,96664997,22798057,19686355,91133,756,0,0
C011160,5559946,66719352,3257366,39088392,169382302,38235626,33150426,418706,864,0,0
C011161,4082126,48985512,2744489,32933868,458289782,55186201,36536584,259835,777,0,0
C011162,5075575,60906900,3223820,38685840,123877277,130439995,95881943,618777,796,0,0
C011163,2980960,35771520,1477811,17733732,84161044,35169194,25206529,323976,720,2,1
C011164,3853109,46237308,2409931,28919172,134646268,54105550,27234971,352011,804,0,0
C011165,3786023,45432276,2430327,29163924,233172803,85414778,76247071,715292,732,0,0
C011166,6618286,79419432,3439545,41274540,452042966,52405353,46672016,132366,867,0,0
C011167,1863177,22358124,1621207,19454484,76963850,25549975,22681721,143748,809,0,0
C011168,4671974,56063688,2662970,31955640,649629177,71186846,51382202,609055,691,0,0
C011169,7293642,87523704,4069839,48838068,554321616,93260381,92121031,635758,808,0,0
C011170,3390824,40689888,1868071,22416852,202652687,130556306,102923411,766602,714,0,1
C011171,3887510,46650120,1789970,21479640,287843612,47784431,37412430,128653,769,0,0
C011172,4676655,56119860,2462585,29551020,214243501,59291245,45331772,352539,845,1,0
C011173,5109794,61317528,2220214,26642568,292725447,63974259,41924890,219397,863,0,0
C011174,7229481,86753772,3721388,44656656,191123082,244601810,193423524,1804225,690,0,0
C011175,4970906,59650872,4738620,56863440,156153114,70635062,70635062,778823,717,0,1
C011176,2442365,29308380,1315713,15788556,113771721,18897085,11716910,160272,768,0,0
C011177,1800000,21600000,800832,9609984,113428784,23573047,13389646,232008,725,0,0
C011178,5331848,63982176,3226833,38721996,215967987,106669362,78874917,658808,856,0,0
C011179,2915111,34981332,1532365,18388380,214799629,33006552,18241025,194611,756,0,1
C011180,2864259,34371108,1874598,22495176,152048341,35844249,35844249,463459,794,1,0
C011181,5527458,66329496,3173221,38078652,301121786,54455707,54455707,276270,675,1,0
C011182,5715790,68589480,3671635,44059620,205772992,106960825,75291721,610404,708,0,0
C011183,5296550,63558600,3234152,38809824,113193243,125690820,121744760,1039501,785,0,0
C011184,6328121,75937452,4108550,49302600,293734604,119421859,119421859,987041,824,0,0
C011185,2423327,29079924,1448436,17381232,104073006,22991250,17023265,323658,848,1,0
C011186,4354389,52252668,2360467,28325604,184049663,95999656,78082822,816910,743,0,0
C011187,3806637,45679644,3243827,38925924,210530540,46567927,23448850,461158,685,3,1
C011188,2872404,34468848,1690391,20284692,113993092,4714361,3852625,195214,844,0,0
C011189,3197646,38371752,1167992,14015904,65852557,46235110,37760438,422038,783,0,0
C011190,3206014,38472168,1414535,16974420,127352103,22098702,22098702,406842,863,0,0
C011191,12000000,144000000,8921803,107061636,479214794,300725920,217031668,1524693,753,0,0
C011192,3490755,41889060,1991049,23892588,79525890,28467827,24374853,353481,769,0,0
C011193,3651368,43816416,2686278,32235336,122464928,26134159,17248998,295783,851,0,1
C011194,3304629,39655548,1629418,19553016,97098448,34632404,16014598,324269,861,0,0
C011195,7221049,86652588,4858735,58304820,104106458,37381284,20856447,546589,780,0,0
C011196,4594587,55135044,3311417,39737004,375378687,268729843,248107698,1656112,684,0,0
C011197,2819985,33839820,2191377,26296524,36619855,43224655,43224655,204472,794,0,0
C011198,2092443,25109316,1568850,18826200,350538827,41874995,35161432,317682,820,0,0
C011199,3956892,47482704,2301109,27613308,107053865,37939555,25890880,323882,811,0,0
C011200,7448020,89376240,3048681,36584172,185956287,93619949,93619949,963671,858,0,0
C011201,2893962,34727544,2228107,26737284,86658608,50755359,31457646,310585,776,0,0
C011202,4088975,49067700,2309538,27714456,196798355,55329851,45949397,345424,788,0,0
C011203,9419778,113037336,4439883,53278596,318460924,90094332,90094332,1107611,806,0,0
C011204,3304915,39658980,2199308,26391696,98418861,41311504,32476278,545217,734,0,0
C011205,1800000,21600000,1336501,16038012,35002608,37995290,34604516,272939,802,0,0
C011206,4016750,48201000,3219233,38630796,163371161,33719236,27177051,339437,841,0,0
C011207,4310446,51725352,2046646,24559752,125156583,74824100,55184043,378316,799,0,0
C011208,3930276,47163312,2348641,28183692,82393427,5888278,5888278,120264,788,0,1
C011209,5671031,68052372,3939809,47277708,798231895,144330359,144330359,945469,710,0,1
C011210,4076419,48917028,2263941,27167292,106138495,44043156,38826227,362682,804,0,1
C011211,5577516,66930192,2272038,27264456,274950050,201041946,154247100,1263960,697,0,0
C011212,7217994,86615928,4714040,56568480,801186848,50001485,45439212,371391,750,0,0
C011213,1939733,23276796,911070,10932840,55278683,19313141,10577021,62424,791,0,0
C011214,3073545,36882540,2165921,25991052,76766097,26732995,18174134,303743,749,0,0
C011215,5297579,63570948,2538054,30456648,55346243,220363831,220363831,1471452,720,0,0
C011216,6419919,77039028,4146083,49752996,393761577,209748684,198687254,1300531,693,0,0
C011217,11003053,132036636,4920710,59048520,1032217256,91021746,64180589,220061,858,0,0
C011218,3086418,37037016,2406882,28882584,63062278,43298989,26644460,117516,822,0,0
C011219,6015557,72186684,4980244,59762928,198721449,154604982,117916273,827908,791,0,0
C011220,4942199,59306388,2767543,33210516,145888731,58181916,33587951,327631,715,0,0
C011221,4814982,57779784,2489177,29870124,422120253,90020311,67747980,803343,708,1,0
C011222,2601470,31217640,1850597,22207164,201611621,40779029,33178151,150201,855,0,0
C011223,3346960,40163520,1216563,14598756,127117349,20701333,20701333,400531,764,0,0
C011224,2074344,24892128,1591886,19102632,105169458,14018592,4063876,65134,747,0,0
C011225,4893718,58724616,2522108,30265296,125967813,49707425,49707425,491717,786,0,0
C011226,3455429,41465148,1791627,21499524,182181872,41565727,38533912,666683,761,0,0
C011227,4365274,52383288,2165895,25990740,74434628,139498956,125212423,710483,827,0,0
C011228,2670423,32045076,1850877,22210524,158481105,44377525,33846522,352548,839,0,0
C011229,4483135,53797620,3326917,39923004,155477256,54151797,44311461,468189,699,0,0
C011230,4098975,49187700,2611715,31340580,223380209,53826657,50045877,500216,750,1,0
C011231,5715262,68583144,2146354,25756248,619011406,53883800,39478377,760026,935,0,0
C011232,2149184,25790208,851364,10216368,75449842,8961381,8961381,84567,850,0,0
C011233,2606324,31275888,1291260,15495120,43226933,24433612,10758460,81915,807,0,0
C011234,1890171,22682052,1378712,16544544,55885813,40144163,29949604,144095,825,0,0
C011235,3417925,41015100,1399568,16794816,87051666,27943525,22075924,104152,794,0,0
C011236,4622061,55464732,3127396,37528752,215128521,92821242,80344126,998195,746,0,0
C011237,5769788,69237456,4040040,48480480,969324384,174265582,162013870,912424,893,0,0
C011238,7254072,87048864,4866728,58400736,339746615,42781974,36656575,229324,810,0,0
C011239,3866253,46395036,2076772,24921264,255971485,53722882,53722882,235568,817,0,0
C011240,2477134,29725608,1394019,16728228,101168705,31490886,12696781,307481,775,0,0
C011241,4125407,49504884,3246219,38954628,103349667,27528614,27381223,252427,791,0,0
C011242,2529201,30350412,1718625,20623500,158113907,21277484,16847066,236500,783,0,0
C011243,2702754,32433048,1783279,21399348,211234246,26924635,26924635,173549,858,0,0
C011244,3064645,36775740,2323426,27881112,214359350,26558857,10267916,61293,817,0,0
C011245,5756346,69076152,3952311,47427732,94536767,34804240,25946768,115127,891,0,0
C011246,4366076,52392912,2579011,30948132,448786607,35798874,35798874,250687,737,0,0
C011247,6200527,74406324,3141148,37693776,278342156,160566596,139864589,810832,838,0,0
C011248,5648500,67782000,2146178,25754136,54596901,77470352,55667202,236372,758,0,0
C011249,3632559,43590708,1749340,20992080,134580712,35102683,11893876,266226,736,0,0
C011250,3224165,38689980,1477382,17728584,210256194,14610906,12997398,64483,812,0,0
C011251,3117899,37414788,2289980,27479760,88956197,54855761,43387549,564876,785,0,0
C011252,4502702,54032424,2805399,33664788,36986614,108340409,79042078,603357,721,1,0
C011253,6071378,72856536,2968896,35626752,164617838,78880568,78880568,740573,822,0,0
C011254,6863196,82358352,3187605,38251260,712526416,51422072,17652358,229492,702,0,0
C011255,2132160,25585920,1587438,19049256,40046973,45565044,45482878,405365,791,0,0
C011256,8895821,106749852,4828590,57943080,136729713,59067577,26847388,412939,681,1,1
C011257,2155102,25861224,1233174,14798088,160713938,28095936,28095936,171383,911,0,0
C011258,4763378,57160536,3055938,36671256,200930935,41059267,32519486,398669,838,0,0
C011259,3456837,41482044,2338771,28065252,580748616,33858726,6612520,92053,791,0,0
C011260,3154009,37848108,1886722,22640664,129482432,42317809,34843803,205383,727,0,0
C011261,2884890,34618680,1634608,19615296,77860801,40745886,32762414,384352,799,1,0
C011262,6417586,77011032,3113184,37358208,84581009,370464577,346549644,2280753,754,0,0
C011263,4603888,55246656,3435016,41220192,605798518,207659192,197654794,1181715,634,0,1
C011264,2187516,26250192,981833,11781996,47027084,53397819,50460757,419347,769,0,0
C011265,2961493,35537916,1463168,17558016,36715503,9673644,6848280,430207,698,1,0
C011266,3566962,42803544,2354562,28254744,52441174,23714449,23714449,294061,737,0,0
C011267,5625235,67502820,3996952,47963424,498946167,127454092,88916595,787119,761,0,0
C011268,7466228,89594736,1866557,22398684,156066539,129477526,95752743,1246778,807,0,0
C011269,3776979,45323748,1168746,14024952,70654040,44859295,35122014,490922,754,0,0
C011270,2801053,33612636,2077988,24935856,67266458,111012779,95461390,575970,690,0,1
C011271,6171416,74056992,4179526,50154312,164328267,46471143,45144927,521387,826,0,0
C011272,3618170,43418040,2326627,27919524,110385321,58050215,20831596,165950,721,1,0
C011273,2764175,33170100,2180867,26170404,98754417,18811467,9163697,242653,701,1,0
C011274,6296582,75558984,5377652,64531824,221012499,94751228,85770385,775409,770,0,0
C011275,4456404,53476848,2022701,24272412,227007619,23748735,16298766,282512,826,0,0
C011276,5011080,60132960,3221305,38655660,406466209,102323674,102323674,720632,777,0,0
C011277,4865286,58383432,3686528,44238336,453680112,45972319,36359084,285351,758,0,0
C011278,2868394,34420728,1869343,22432116,162111548,18420198,11614307,135191,750,0,0
C011279,3350855,40210260,2439284,29271408,122114427,61858019,55856688,638105,739,0,0
C011280,2751275,33015300,1741520,20898240,140740527,35191748,25369931,187460,730,0,0
C011281,2868829,34425948,1010710,12128520,101181851,67650932,53633572,292986,762,0,0
C011282,8276738,99320856,5291728,63500736,283024592,126758544,123538863,709972,787,0,0
C011283,3148741,37784892,1725523,20706276,424918780,59953989,59953989,397884,836,0,0
C011284,5170962,62051544,3131864,37582368,331830297,45888096,22823871,403358,763,1,0
C011285,1984912,23818944,1517102,18205224,68108818,25555421,8986673,243373,652,1,1
C011286,2663391,31960692,1161796,13941552,263920777,23981494,21447565,265253,940,0,0
C011287,6142248,73706976,3174308,38091696,206224818,83993904,66747817,835865,818,1,1
C011288,4826602,57919224,4063539,48762468,239805645,131633397,108245279,994789,658,1,0
C011289,2291474,27497688,1526285,18315420,70759235,18763292,10503555,198907,763,0,0
C011290,6463550,77562600,4396994,52763928,210265498,64898139,64898139,753292,772,0,0
C011291,4101074,49212888,2826609,33919308,547218273,30227285,27783536,160688,790,0,0
C011292,1800000,21600000,1452216,17426592,19546070,16970284,12964154,158347,682,1,0
C011293,3670200,44042400,1851734,22220808,76309272,70187931,54293742,410969,853,0,0
C011294,3165760,37989120,2906532,34878384,213526339,43238096,35940925,412777,758,0,0
C011295,3961978,47543736,1812697,21752364,113263867,36400130,36400130,444080,799,0,0
C011296,3063441,36761292,1998554,23982648,117917181,98515199,75640960,526647,667,1,0
C011297,3620824,43449888,3122333,37467996,89244752,36507950,14988339,304798,706,0,0
C011298,7309750,87717000,4717691,56612292,639807087,114352331,90432520,462668,825,0,0
C011299,4372754,52473048,2942516,35310192,734622672,12239705,12239705,195890,756,0,0
C011300,4223349,50680188,3170675,38048100,259717546,118356612,118356612,1110247,679,0,0
C011301,1800000,21600000,1513988,18167856,302400000,62086689,59402795,307634,686,0,0
C011302,3325632,39907584,1244040,14928480,163877333,56592994,55925172,457506,805,0,0
C011303,8573946,102887352,4750824,57009888,206166599,80176642,47433595,675801,750,0,0
C011304,1800000,21600000,1234705,14816460,99492705,16060054,3428507,163110,736,2,0
C011305,3730919,44771028,2812530,33750360,425502677,80621059,69456929,418769,746,0,0
C011306,5519306,66231672,2429942,29159304,503111357,42298178,31391635,514198,851,0,0
C011307,5168832,62025984,4092743,49112916,191649698,70657274,42450594,487185,741,0,0
C011308,2572999,30875988,972448,11669376,109822611,15443894,11355022,120166,813,0,0
C011309,1800000,21600000,933798,11205576,77544750,22368634,16520132,145262,831,0,0
C011310,3402645,40831740,2260544,27126528,107188776,27922761,15861261,251059,781,0,0
C011311,5726780,68721360,3264134,39169608,83774760,62545612,62545612,730155,774,0,0
C011312,3525902,42310824,2352698,28232376,128766498,92360742,70715027,734379,682,0,1
C011313,6024731,72296772,4847376,58168512,288244282,120609974,90082370,1210687,645,2,1
C011314,6703246,80438952,4352765,52233180,97449923,58962995,43914217,519071,838,0,0
C011315,2575117,30901404,1627941,19535292,268460975,25726535,24696617,324364,783,0,0
C011316,3312551,39750612,1841009,22092108,147560980,42202089,40795181,145930,788,0,0
C011317,2945201,35342412,1413086,16957032,87588362,60232842,44880289,365121,882,1,0
C011318,5105990,61271880,2961902,35542824,857806320,65061553,64710737,792003,786,0,0
C011319,11207957,134495484,6193111,74317332,199571918,186741113,186741113,1188339,819,0,0
C011320,2888879,34666548,2144488,25733856,209317543,37733477,36533229,218205,766,0,0
C011321,2280824,27369888,1131389,13576668,118014537,52759125,47589035,355070,646,1,1
C011322,3655674,43868088,2234590,26815080,503682641,23857026,23857026,252337,887,0,0
C011323,5182495,62189940,3067954,36815448,228307605,144108791,144108791,1128050,777,0,0
C011324,2638164,31657968,1405309,16863708,212951400,28777537,14346369,416676,740,0,0
C011325,7291482,87497784,2743859,32926308,248892274,125810434,106543140,1204077,876,0,0
C011326,6032464,72389568,4440394,53284728,407577714,81219947,57736510,312925,782,0,0
C011327,5269673,63236076,2987773,35853276,885305064,65334948,65334948,247148,813,0,0
C011328,4969310,59631720,3275963,39311556,212989234,70910825,46691134,393921,846,0,0
C011329,7521568,90258816,3411240,40934880,188719191,249244647,201784115,1642927,668,1,1
C011330,5093521,61122252,2852711,34232532,741985720,307140207,275050134,1973965,676,0,1
C011331,3657083,43884996,2074785,24897420,57122703,28089625,15718368,73142,796,0,0
C011332,7448314,89379768,3282324,39387888,229105936,76419811,43483953,719524,823,0,0
C011333,2697287,32367444,1390140,16681680,65215599,33323802,30538543,251835,753,0,0
C011334,4265846,51190152,1860641,22327692,46630525,28742272,14654334,182375,823,0,0
C011335,5283618,63403416,3226266,38715192,130640801,33257785,27300149,310330,755,0,0
C011336,5030471,60365652,2123311,25479732,64442720,56468477,45750304,433249,737,0,0
C011337,2866821,34401852,1583325,18999900,142121502,11295379,11295379,289441,771,0,0
C011338,3515364,42184368,2497717,29972604,195061018,19724563,8271725,138354,755,0,0
C011339,3907147,46885764,1997531,23970372,261552415,29989384,29989384,334030,771,0,0
C011340,3468364,41620368,1742328,20907936,95881653,106355105,81177712,509708,753,0,0
C011341,6084963,73019556,4049386,48592632,546148054,31645533,14021428,244481,918,0,0
C011342,2687386,32248632,1257850,15094200,289086803,81351235,62425919,549126,803,0,0
C011343,8629888,103558656,4004019,48048228,97933880,88204508,75031751,1206932,737,0,0
C011344,5361537,64338444,3256483,39077796,216326329,39776032,39776032,263264,776,0,0
C011345,4011240,48134880,2505726,30068712,673888320,83910671,69841859,390458,669,0,0
C011346,5469667,65636004,2836636,34039632,310300701,35111465,17075749,632267,816,0,0
C011347,2096047,25152564,1117997,13415964,125394974,12353234,12353234,161365,721,0,0
C011348,2868767,34425204,1778304,21339648,445633204,39420856,29174867,340476,784,0,0
C011349,3998509,47982108,2079446,24953352,481345102,43815463,43815463,466439,857,0,0
C011350,6394889,76738668,3912649,46951788,723885956,67972775,50721998,317717,838,0,0
C011351,2692040,32304480,1697395,20368740,452262720,48824039,37710603,419043,787,0,0
C011352,3255155,39061860,1910508,22926096,49415099,12707145,12707145,406175,830,0,0
C011353,5299184,63590208,2182721,26192652,269701449,48478494,18328070,375633,780,0,0
C011354,2830229,33962748,1425937,17111244,258799829,29503585,26176150,290397,855,0,0
C011355,2154354,25852248,898191,10778292,202392220,18596483,16071159,129441,827,0,0
C011356,4658583,55902996,2241513,26898156,70463593,196738944,183471523,1405291,647,0,1
C011357,3875445,46505340,3414860,40978320,237138374,84399174,80116397,978078,686,0,0
C011358,4780539,57366468,3999439,47993268,115134151,110569507,103212616,1084420,627,2,1
C011359,3343230,40118760,2703056,32436672,210782265,21993014,21993014,194240,840,0,0
C011360,2482872,29794464,1494330,17931960,165591038,20307199,18729454,175582,779,1,0
C011361,2542173,30506076,1706735,20480820,90482314,5411327,5411327,54252,802,0,0
C011362,4643126,55717512,3728600,44743200,103245130,49099355,40568167,417423,764,0,1
C011363,7049103,84589236,4973732,59684784,531216804,118136722,50079786,743030,750,0,0
C011364,2885067,34620804,1677090,20125080,471013439,53553182,35858638,439721,753,1,0
C011365,4635069,55620828,2968822,35625864,170642693,67629830,35662085,544012,766,0,0
C011366,6735965,80831580,4948223,59378676,476660961,100827933,100827933,932891,734,0,0
C011367,2795568,33546816,1433518,17202216,304021768,29785953,27758235,266840,865,0,0
C011368,2165872,25990464,1740382,20884584,63021914,51028757,43359397,220264,725,0,0
C011369,3389194,40670328,2297856,27574272,274303922,27887811,24094826,435197,828,0,0
C011370,2185838,26230056,1141753,13701036,27146737,38565176,16894798,122273,765,0,0
C011371,4471822,53661864,3492921,41915052,59106248,39786357,32505252,393376,758,0,0
C011372,3888250,46659000,2359411,28312932,170298262,36771213,20768167,219230,779,0,0
C011373,3402191,40826292,2577332,30927984,286175689,39909716,25331169,221863,697,0,0
C011374,2853560,34242720,1400487,16805844,41928817,39478524,34616592,279386,704,0,0
C011375,3503402,42040824,2337027,28044324,191554338,34569598,33473466,393178,736,1,0
C011376,5502481,66029772,2675784,32109408,577039165,94951557,54933977,806824,740,0,0
C011377,3823813,45885756,2176200,26114400,101329306,45735479,44506429,328789,840,0,0
C011378,1800000,21600000,1027733,12332796,103540429,11063531,8749539,171760,806,0,0
C011379,2567001,30804012,1795644,21547728,33137984,28698646,26974106,344335,863,0,0
C011380,2611370,31336440,1659677,19916124,24526798,21653115,16695788,287363,760,0,0
C011381,1800000,21600000,948187,11378244,192133159,23565784,14990970,180165,870,0,0
C011382,3986672,47840064,2073399,24880788,494858462,96518302,72878186,566507,720,0,0
C011383,12000000,144000000,10004023,120048276,350264928,361906595,269384825,1766883,668,0,0
C011384,1800000,21600000,1040671,12488052,61341862,68939927,68939927,537801,688,0,0
C011385,4582249,54986988,1917494,23009928,148969001,59216472,49619937,431714,787,0,0
C011386,6974341,83692092,5339719,64076628,264990706,91951250,48918652,344300,678,1,1
C011387,3027039,36324468,1921208,23054496,145071069,61688310,56193531,502731,789,0,0
C011388,6943133,83317596,3260229,39122748,313365949,36911533,29273591,537102,816,0,0
C011389,5193743,62324916,2927107,35125284,864054780,117176876,117176876,1057103,733,1,0
C011390,3957577,47490924,3142014,37704168,286592582,40068246,17628980,415079,802,0,0
C011391,2945340,35344080,1870145,22441740,145539320,24658529,10978233,209560,762,0,1
C011392,4101480,49217760,3112640,37351680,106580265,58297702,41130676,283250,778,0,0
C011393,3605044,43260528,1395801,16749612,157898822,42641163,42641163,296936,902,0,0
C011394,3406878,40882536,2464273,29571276,274396434,59944933,52096456,323140,771,0,0
C011395,2266198,27194376,1286870,15442440,155296990,9979179,9373509,103886,856,0,0
C011396,8359533,100314396,4656659,55879908,1166696783,79655463,77593673,1119391,757,0,0
C011397,4450281,53403372,2134608,25615296,139787757,24838661,22771653,115339,858,0,0
C011398,5066845,60802140,1885013,22620156,147686375,40640863,31430985,141383,806,0,0
C011399,2806261,33675132,2056451,24677412,471451848,59058381,47245091,382487,747,0,0
C011400,3618437,43421244,2209165,26509980,319861576,50911173,24333826,322245,797,0,0
C011401,1800000,21600000,1378877,16546524,302400000,7995079,3227700,163436,738,0,0
C011402,3299919,39599028,2011812,24141744,465847021,19264875,14661152,340925,792,0,1
C011403,3658790,43905480,1405386,16864632,92129498,39165499,17321640,188475,839,0,0
C011404,5107672,61292064,3138126,37657512,124807158,40952971,39586523,713647,781,0,0
C011405,6203139,74437668,3489916,41878992,363154640,60098106,44889254,649056,846,0,0
C011406,2118529,25422348,1207926,14495112,355912872,27133227,17543801,219351,821,0,0
C011407,4130755,49569060,2229875,26758500,178450335,43788262,30581176,82615,886,0,0
C011408,11880036,142560432,7828555,93942660,177638292,175567056,101451070,1354700,875,0,0
C011409,9891885,118702620,4607897,55294764,208906077,142307602,103317460,937391,843,0,0
C011410,3370075,40440900,1439631,17275572,259837932,37296062,21541678,205309,722,0,0
C011411,3241595,38899140,2120137,25441644,144124782,97062862,79887143,699773,787,0,0
C011412,2612273,31347276,1423458,17081496,60807348,50700726,35245351,310492,723,0,0
C011413,11206483,134477796,6673418,80081016,914830543,220515975,208905991,1260639,814,0,0
C011414,6842311,82107732,4933256,59199072,798090420,95592492,51265968,363234,755,0,0
C011415,3111828,37341936,1818575,21822900,108570698,12199897,9529245,122937,796,0,0
C011416,8613915,103366980,8705319,104463828,91030039,43170537,41443460,770096,780,0,1
C011417,2328393,27940716,1117926,13415112,89755102,29206150,23822533,105457,751,0,0
C011418,3123443,37481316,1835210,22022520,111041313,19479094,16161754,251285,750,0,0
C011419,3589776,43077312,2139836,25678032,140512608,34909061,23489706,446207,756,1,0
C011420,3493004,41916048,1489975,17879700,32648303,31070628,31070628,203286,853,0,0
C011421,6659080,79908960,3618832,43425984,318202821,179627875,160469322,1308338,742,0,0
C011422,3921798,47061576,1757016,21084192,134507257,72091318,35587702,299608,652,2,0
C011423,5703430,68441160,2240215,26882580,67990641,22300253,22300253,336361,777,0,0
C011424,4686657,56239884,3211024,38532288,298409509,48665301,48665301,505510,798,0,0
C011425,5345831,64149972,4068786,48825432,340411514,112643800,112643800,780255,688,0,0
C011426,2646582,31758984,1320462,15845544,88837428,80066972,40723895,494434,697,0,0
C011427,4790638,57487656,2584227,31010724,250424334,61722569,34968358,709338,698,0,0
C011428,4028393,48340716,3134756,37617072,134637848,45758348,38355813,277574,769,0,0
C011429,6310217,75722604,2349630,28195560,249139104,89200601,80705882,825747,810,0,0
C011430,5395938,64751256,3034571,36414852,209465459,19658999,16172323,307142,847,0,0
C011431,4623747,55484964,3381919,40583028,99572424,69128542,55195479,899582,758,1,0
C011432,9724207,116690484,6171095,74053140,169543564,86319161,67968680,719609,736,0,0
C011433,7501820,90021840,2643512,31722144,204172535,286520648,262904741,1968034,734,0,1
C011434,4704293,56451516,2405278,28863336,92227979,57975158,50538186,439921,827,0,0
C011435,3254002,39048024,1800732,21608784,78096004,20293514,20293514,160370,768,0,0
C011436,2895053,34740636,1694595,20335140,84631506,83919372,83919372,607390,795,1,0
C011437,2806948,33683376,1810184,21722208,91668121,26188727,26080886,207329,730,0,0
C011438,6374383,76492596,4093086,49117032,345723381,80399093,80399093,771429,846,0,0
C011439,4164503,49974036,2820077,33840924,65560173,133629613,106696612,1070778,598,2,1
C011440,4355349,52264188,1880835,22570020,205099988,33691112,17680869,503678,861,0,0
C011441,5543088,66517056,3234862,38818344,67722688,124189725,113701036,1203966,656,1,0
C011442,3276433,39317196,2206189,26474268,510762904,185183219,169898280,1084722,615,0,1
C011443,3422546,41070552,2078454,24941448,126317327,18806539,13932487,256702,895,0,0
C011444,3480226,41762712,2649332,31791984,210105609,32066697,20447007,156290,880,0,0
C011445,4693274,56319288,2279675,27356100,282311824,17920306,17920306,626175,732,0,0
C011446,2870579,34446948,1614850,19378200,149328426,40259859,31298863,57412,804,0,0
C011447,2731837,32782044,1140832,13689984,30821031,21727366,19394653,324197,829,0,0
C011448,3202620,38431440,2388705,28664460,280270986,56764718,46783859,404184,771,1,0
C011449,2306339,27676068,1346810,16161720,287884886,37695412,31768582,210544,879,0,0
C011450,7920010,95040120,4226628,50719536,479407692,184178016,160289688,1140800,704,0,1
C011451,1919836,23038032,1062551,12750612,38077586,17822589,11181965,121647,729,0,0
C011452,1800000,21600000,974683,11696196,84771048,18981479,16579971,145398,783,0,0
C011453,3181638,38179656,1147950,13775400,48368944,62619047,48568755,322398,727,1,0
C011454,7205294,86463528,3431475,41177700,576937960,188854649,184097862,1447102,695,1,0
C011455,4895487,58745844,4141888,49702656,178224692,52484083,32895748,329223,694,0,1
C011456,3219443,38633316,1915738,22988856,154989118,29169007,15434754,64389,796,0,0
C011457,9306027,111672324,6892245,82706940,166154509,55492969,26436401,186121,718,0,0
C011458,7565488,90785856,3912751,46953012,380512425,62160926,35594715,555717,768,0,0
C011459,7326646,87919752,3632348,43588176,308803572,181004872,140631854,1102213,720,0,0
C011460,2212833,26553996,842116,10105392,218892786,50077846,44847219,429137,849,0,0
C011461,4724391,56692692,2748354,32980248,292691396,73854098,50934218,509686,712,1,0
C011462,6447359,77368308,4069176,48830112,463913569,167948784,148265816,1009888,882,0,0
C011463,4952666,59431992,3261718,39140616,463962270,29328210,27627702,265345,778,0,0
C011464,2133478,25601736,1330941,15971292,42526213,9860368,8483655,129902,872,0,0
C011465,5849586,70195032,2714088,32569056,149645714,124449840,111715505,988797,831,0,0
C011466,5000199,60002388,2135896,25630752,104243343,41122441,41122441,325413,747,0,0
C011467,2778769,33345228,2083381,25000572,139521665,50614192,49478454,480102,796,0,0
C011468,3289661,39475932,2195230,26342760,168523569,44951394,37797268,470845,807,0,0
C011469,2794971,33539652,1637089,19645068,126580567,31295931,31295931,283705,899,0,0
C011470,3743588,44923056,2141033,25692396,31473611,31925832,30905710,327333,698,0,0
C011471,2695262,32343144,1763726,21164712,46021640,47555794,35800692,337076,739,0,0
C011472,6613993,79367916,3648914,43786968,342106588,67780849,31707559,287276,763,0,0
C011473,2341979,28103748,1071537,12858444,75861480,137409811,126466866,1002131,565,0,1
C011474,7095699,85148388,3374818,40497816,371652570,54511697,54511697,523911,758,0,0
C011475,6624722,79496664,4604539,55254468,266345782,78875168,32540500,856420,686,0,0
C011476,2271723,27260676,1710209,20522508,91499282,17326932,17326932,192773,852,0,0
C011477,2371083,28452996,1459832,17517984,63905640,22124534,14556333,50000,748,0,0
C011478,3322690,39872280,2364613,28375356,94718882,63477852,46852646,156164,707,0,0
C011479,3707365,44488380,2039686,24476232,69247558,49384384,49384384,543274,831,0,0
C011480,3070233,36842796,1827608,21931296,130781352,34920351,26621837,213215,788,0,0
C011481,4437250,53247000,2676924,32123088,79801006,51191571,41198513,492048,820,0,0
C011482,10470003,125640036,6355785,76269420,454396649,225466997,166506190,1339754,676,0,0
C011483,3487272,41847264,2219783,26637396,154890754,45411720,34471982,319453,851,0,0
C011484,5435421,65225052,2834646,34015752,76488912,37966578,22775662,380586,840,0,0
C011485,4256040,51072480,3330426,39965112,216674583,69681284,38216420,346094,715,0,0
C011486,4578117,54937404,3188129,38257548,412105154,40956652,19272896,252314,677,0,1
C011487,3172914,38074968,1116771,13401252,112837308,43263459,37866902,307675,750,1,0
C011488,7891995,94703940,5358768,64305216,415293698,69772742,34147255,523791,810,0,0
C011489,1800000,21600000,1468069,17616828,64170034,10903097,10903097,167738,706,0,0
C011490,1800000,21600000,852634,10231608,24379458,9509449,8407622,77575,757,0,0
C011491,11759909,141118908,6685620,80227440,467790289,155028761,146012816,1643389,793,0,0
C011492,6921068,83052816,3889791,46677492,832218664,37458652,21844031,442069,743,0,0
C011493,2978703,35744436,2309947,27719364,185251129,41079730,26604247,498670,782,0,0
C011494,4208526,50502312,2770154,33241848,145121207,102377723,70969281,644000,743,0,0
C011495,2651529,31818348,1636605,19639260,87505345,28523009,23922292,175787,797,0,0
C011496,8245788,98949456,4380147,52561764,157496974,83290519,83290519,938232,765,0,0
C011497,2601838,31222056,1822875,21874500,225140314,24282155,24282155,287548,756,0,0
C011498,7286614,87439368,5245672,62948064,484867844,50002702,50002702,616886,738,0,0
C011499,3823833,45885996,1969200,23630400,120345286,145725722,143908090,934620,737,0,0
C011500,1800000,21600000,1396176,16754112,49177218,13519167,11923828,182324,780,0,0
C011501,2668003,32016036,1344265,16131180,93490153,91016512,83859239,408323,755,0,0
C011502,6238703,74864436,2683123,32197476,237857282,61854339,49680418,319169,876,0,0
C011503,3100248,37202976,2178785,26145420,43446642,66733696,66733696,641236,776,0,0
C011504,7723457,92681484,3921410,47056920,123332562,99373005,88756399,1366549,908,0,0
C011505,2643601,31723212,1488946,17867352,70552276,26078809,12676850,52872,761,0,1
C011506,2468665,29623980,1419682,17036184,112475538,16094662,14257564,204380,746,0,0
C011507,5176791,62121492,4623940,55487280,261904496,154657676,147170377,1283610,575,0,0
C011508,2392710,28712520,1768443,21221316,98876047,43364181,18335829,339390,662,0,0
C011509,3244087,38929044,1675181,20102172,56895243,34733670,16548262,267093,809,0,0
C011510,4760461,57125532,1315880,15790560,184083644,45360479,38164999,398467,847,0,0
C011511,4557364,54688368,2345739,28148868,144390341,52876113,52059924,385480,808,0,0
C011512,3823887,45886644,2110135,25321620,284561904,10352114,9904213,254601,766,0,0
C011513,4807396,57688752,2352388,28228656,91966341,156204291,128574750,997999,740,0,0
C011514,6283504,75402048,4947439,59369268,161300730,75359302,25668679,430748,743,0,0
C011515,2338159,28057908,1339820,16077840,32880179,42481077,42481077,548767,701,0,0
C011516,3562691,42752292,2136716,25640592,598532088,62597480,58025279,383431,750,0,0
C011517,6550523,78606276,3327101,39925212,114779563,83964410,78171971,255515,857,0,1
C011518,5334757,64017084,3303305,39639660,101242587,91448576,43166651,834832,710,0,0
C011519,3684597,44215164,1610637,19327644,85476288,85293914,57807975,819880,758,0,0
C011520,7551517,90618204,3965623,47587476,194355170,220776981,180954303,1276097,679,0,0
C011521,5947609,71371308,3173689,38084268,559499865,37130522,34571841,339364,862,0,0
C011522,3222142,38665704,1366006,16392072,181949005,24940758,20639461,288425,781,0,0
C011523,1800000,21600000,724209,8690508,56341549,16065363,9371830,133501,795,0,0
C011524,5133237,61598844,4262097,51145164,159629056,52815412,19836696,354113,758,0,0
C011525,3051970,36623640,1838764,22065168,227770607,63937790,35695067,61039,758,0,0
C011526,2225535,26706420,1350517,16206204,61808017,28911254,22051452,174011,716,0,0
C011527,1800000,21600000,878725,10544700,271491336,4980390,4980390,96560,749,0,0
C011528,2071901,24862812,1362479,16349748,189311652,19077922,15631772,143095,672,0,0
C011529,2606449,31277388,1382815,16593780,155456527,38456338,19803897,309827,728,0,0
C011530,5150826,61809912,4278016,51336192,227673074,82230399,56816586,310425,762,0,0
C011531,2064816,24777792,1517704,18212448,125145034,27498811,27498811,198971,781,0,0
C011532,1923274,23079288,1016243,12194916,59529310,23801161,23241270,288613,768,0,1
C011533,3406302,40875624,2099445,25193340,121015400,31592987,31592987,388469,662,0,0
C011534,3690841,44290092,2284237,27410844,192096724,32920839,18749406,339671,743,0,0
C011535,10346796,124161552,7728968,92747616,232403520,75635671,66496874,789308,717,0,0
C011536,3044498,36533976,1876698,22520376,42975222,38844972,38844972,222124,770,0,0
C011537,6979547,83754564,5401593,64819116,276046138,38432797,27358042,848861,777,1,0
C011538,3367364,40408368,1779287,21351444,258964998,30972589,21531988,343272,780,0,0
C011539,3304457,39653484,905425,10865100,191484411,7420570,5891602,66089,908,0,0
C011540,6790714,81488568,3032755,36393060,38017889,83613675,53320791,676791,766,0,0
C011541,3973000,47676000,2972359,35668308,210534742,40530890,14292138,188214,863,0,0
C011542,1800000,21600000,1084319,13011828,33273008,17214419,17214419,50000,862,0,0
C011543,4862995,58355940,1762486,21149832,453022265,32441421,32441421,522685,761,1,0
C011544,5376247,64514964,2547287,30567444,420297358,23922546,16009834,352567,713,0,0
C011545,2977686,35732232,2176649,26119788,67388506,35945444,34594781,313813,812,0,0
C011546,11546384,138556608,8036656,96439872,425867417,133529027,129941199,1354700,753,0,0
C011547,3208344,38500128,2477876,29734512,238527099,36614419,29994127,178219,727,1,0
C011548,7003185,84038220,3733421,44801052,324813872,25428780,25428780,140064,803,0,0
C011549,5063690,60764280,2101951,25223412,144566353,83079917,54195756,137496,785,0,0
C011550,3713059,44556708,2108476,25301712,160542990,84994604,62807772,775890,723,1,0
C011551,2209961,26519532,1397135,16765620,107505465,30249009,22223549,355841,874,0,0
C011552,3710790,44529480,2973758,35685096,101303252,72184814,58281470,203591,706,0,0
C011553,3533283,42399396,2055504,24666048,82715315,39710862,39710862,411223,847,0,0
C011554,4371628,52459536,2453267,29439204,142253266,77567866,54745933,453695,721,0,0
C011555,3528542,42342504,1763081,21156972,196396751,29616721,25170670,286699,778,0,0
C011556,4386282,52635384,1958218,23498616,212748214,86028097,75079078,518106,802,1,0
C011557,3008327,36099924,1187105,14245260,246421671,64503685,64286825,719905,699,0,0
C011558,5715968,68591616,3850017,46200204,270109417,51072501,48087114,851211,681,0,0
C011559,3425159,41101908,2918774,35025288,135945170,51858286,36629410,519074,671,1,0
C011560,2773475,33281700,1677390,20128680,154688484,37533923,34428558,281891,793,0,0
C011561,2816560,33798720,1331551,15978612,49751634,8887118,7188796,56331,793,0,0
C011562,5872964,70475568,2754366,33052392,162429854,30616177,30616177,117459,797,0,0
C011563,4549859,54598308,2999320,35991840,764376312,27332910,11147726,457228,757,0,0
C011564,8809779,105717348,3994211,47930532,590926321,80717936,80717936,1150666,757,0,0
C011565,5496241,65954892,3404192,40850304,293108078,38104286,38104286,562624,812,0,0
C011566,5879762,70557144,2493583,29922996,152301538,327373097,317507148,1578717,645,1,1
C011567,5206682,62480184,1851279,22215348,43473410,309018391,281160828,1862891,730,0,0
C011568,4055275,48663300,1284670,15416040,124176789,53460852,37956952,137268,770,0,0
C011569,4081971,48983652,2879032,34548384,165461026,41827426,22551572,183311,697,0,0
C011570,3477835,41734020,2723006,32676072,222320357,38658216,37524286,230149,801,1,0
C011571,6314870,75778440,4310291,51723492,187810767,28181806,27090031,776411,839,0,0
C011572,2587922,31055064,2070012,24840144,33372116,32153974,23980440,248356,719,0,0
C011573,6054585,72655020,3891535,46698420,410564254,62891623,53128754,559724,829,0,0
C011574,5696322,68355864,2646417,31757004,68241014,233609986,219727667,1472219,812,0,0
C011575,4553591,54643092,1822028,21864336,89503488,61098673,61098673,569796,794,0,0
C011576,4754806,57057672,2619594,31435128,82570452,40296811,31338388,364293,799,0,0
C011577,4553523,54642276,2575862,30910344,74028830,36330381,36330381,568065,763,0,0
C011578,2038841,24466092,1562068,18744816,106053646,46886538,40015286,337379,730,0,0
C011579,4815555,57786660,2494510,29934120,152123029,109137468,109137468,1091441,782,0,0
C011580,4269740,51236880,2828700,33944400,222997957,31987685,16895013,85395,729,0,0
C011581,2440026,29280312,1765756,21189072,43793001,23447522,12829927,86131,754,0,0
C011582,4201870,50422440,2476098,29713176,318046691,24804500,23054414,565605,771,0,0
C011583,4567038,54804456,2233626,26803512,85172597,28436153,24876108,340237,856,0,0
C011584,3322554,39870648,2196877,26362524,162367052,88358821,70518898,456562,754,0,0
C011585,2581505,30978060,2179189,26150268,265189582,48919114,39837937,513980,687,0,0
C011586,6181116,74173392,2926885,35122620,468846116,21319316,7464804,389276,861,0,0
C011587,5100933,61211196,4222228,50666736,267987043,51066135,22020401,393657,722,1,0
C011588,2898406,34780872,989814,11877768,77227212,39429990,36975750,467137,849,0,0
C011589,5476373,65716476,3278678,39344136,74479784,135885879,92917822,813227,813,0,0
C011590,1800000,21600000,1075608,12907296,282554602,18270298,11243963,208961,729,0,0
C011591,3582264,42987168,895566,10746792,102860556,45411069,45000345,280794,755,1,0
C011592,3966929,47603148,2181668,26180016,138083774,35965823,35556116,350517,765,0,0
C011593,2382466,28589592,1307847,15694164,118337919,20364332,15257320,307198,844,0,0
C011594,4346359,52156308,2604877,31258524,117237741,33262007,17753442,592754,729,0,0
C011595,5264743,63176916,4027547,48330564,290505921,134786606,102208095,727867,833,2,0
C011596,2982630,35791560,2162135,25945620,320564861,31739662,17432556,443647,717,0,0
C011597,5709883,68518596,2983614,35803368,959260344,9612103,9612103,114198,829,0,0
C011598,3481156,41773872,1634320,19611840,150055694,49496137,49496137,333593,783,0,0
C011599,1995794,23949528,1006377,12076524,107113968,11503158,10134113,227830,811,0,0
C011600,3737454,44849448,2579030,30948360,322683166,49167203,49167203,565274,754,0,0
C011601,2440582,29286984,1513015,18156180,54846444,8709848,8169742,128693,784,0,0
C011602,2634877,31618524,1476628,17719536,164738401,23784306,23784306,202328,774,0,0
C011603,3057219,36686628,1930367,23164404,85274823,90043624,70091174,471893,773,0,0
C011604,3103499,37241988,1844650,22135800,213769461,18010488,15577274,239029,811,0,0
C011605,3451431,41417172,2301746,27620952,215158682,52564703,52372753,377108,760,0,0
C011606,3678426,44141112,2281474,27377688,83848733,109438522,80698216,847347,706,0,0
C011607,2036955,24443460,1362499,16349988,98305676,34880822,30963222,308390,724,0,0
C011608,4718925,56627100,1739176,20870112,148988323,49033284,22597145,94379,854,0,0
C011609,1800000,21600000,583654,7003848,118132051,45292275,35602915,452559,776,0,0
C011610,4034007,48408084,3300247,39602964,297466924,40377867,22457845,289075,685,1,0
C011611,5290428,63485136,2825899,33910788,265182804,33510652,33510652,392608,744,0,0
C011612,4735417,56825004,3376665,40519980,503534745,111972151,81593540,875216,602,4,1
C011613,1800000,21600000,752550,9030600,48769289,12491412,8120951,159916,799,0,0
C011614,7394055,88728660,2447887,29374644,710775010,67497865,67497865,599375,858,0,0
C011615,2623029,31476348,1218789,14625468,110897309,18991436,11224341,94355,869,0,0
C011616,3123895,37486740,2663242,31958904,48384004,97358287,85883723,725826,735,0,0
C011617,6683807,80205684,2778151,33337812,85987737,124772636,67182530,682180,769,0,0
C011618,5162164,61945968,2049407,24592884,645725958,83339953,64384064,972360,778,0,0
C011619,5072587,60871044,3270381,39244572,72342628,28744301,27728841,118257,760,0,0
C011620,3466796,41601552,1868737,22424844,219762568,10349479,10261987,69336,811,0,0
C011621,3420020,41040240,2043790,24525480,101557679,50876809,27883528,249235,807,0,0
C011622,2881310,34575720,1260804,15129648,50045976,77633375,68637104,460222,755,0,0
C011623,3867022,46404264,2451165,29413980,319607114,88999651,73234803,578175,739,0,1
C011624,7201536,86418432,4699831,56397972,161107954,95049944,95049944,834213,695,0,0
C011625,2238295,26859540,1494132,17929584,42166105,57835712,47487123,222524,866,0,0
C011626,5648249,67778988,3084551,37014612,145425351,85897263,60907392,428262,845,0,0
C011627,3507267,42087204,2004646,24055752,120771437,49723364,45790512,264087,779,0,0
C011628,5651593,67819116,4069628,48835536,229643261,106711237,42048538,867066,678,1,0
C011629,5606117,67273404,2250921,27011052,135943882,57369121,57369121,856274,741,0,0
C011630,2818714,33824568,1954162,23449944,97102689,23820847,18256158,133606,763,0,0
C011631,3282094,39385128,1419995,17039940,20567469,65753450,56310923,459383,675,0,0
C011632,5281721,63380652,3075522,36906264,199888937,41878934,34886377,470088,814,0,0
C011633,1995871,23950452,757852,9094224,132474117,14839002,11838907,134416,791,0,0
C011634,1880584,22567008,1238961,14867532,198220453,19656173,14366657,183250,917,0,0
C011635,10008043,120096516,5049812,60597744,840374442,70589848,24289077,466559,744,0,0
C011636,8189387,98272644,4203749,50444988,205983063,85426403,59988259,855175,799,0,0
C011637,1800000,21600000,1379814,16557768,102598504,12223357,5807813,80894,778,0,0
C011638,4131141,49573692,2558145,30697740,200549171,50261976,50261976,573612,890,0,0
C011639,5632831,67593972,2289321,27471852,122709132,46200068,37301049,112657,891,0,0
C011640,4157353,49888236,3008859,36106308,69481967,56156688,51183265,647242,852,0,0
C011641,4220107,50641284,1981457,23777484,218502186,20699661,20699661,241778,739,0,0
C011642,4373084,52477008,2120241,25442892,439057970,94592860,76229940,631041,835,0,0
C011643,7498488,89981856,4925967,59111604,391347284,29275434,29275434,813405,761,0,0
C011644,3502072,42024864,971568,11658816,483342590,23685589,18563414,240321,771,0,0
C011645,6249231,74990772,3649388,43792656,1049870808,54228302,32157652,441046,806,0,0
C011646,5191462,62297544,3255450,39065400,99104248,62304247,43790336,417506,777,1,0
C011647,3963293,47559516,2555533,30666396,501904842,104634843,77426896,607780,770,0,0
C011648,5323937,63887244,2634921,31619052,157998756,33334854,33334854,372737,827,0,0
C011649,3912281,46947372,1789597,21475164,81128925,28361484,23075792,652013,676,0,1
C011650,3489677,41876124,1501703,18020436,355508742,35785346,20276455,275411,797,0,0
C011651,2680862,32170344,2024623,24295476,75992312,42516221,35190914,242594,749,0,0
C011652,3573265,42879180,2369766,28437192,505180299,66012528,43749761,471811,758,0,0
C011653,4627829,55533948,1837037,22044444,383284541,26378821,20136397,266834,841,0,0
C011654,2178542,26142504,1514232,18170784,162915010,35889192,27158180,129972,666,0,0
C011655,8911708,106940496,5220040,62640480,799948765,121635711,121635711,501242,787,0,0
C011656,3302663,39631956,1709356,20512272,101165884,108273454,108273454,559179,760,0,0
C011657,6080198,72962376,2873074,34476888,402024743,140168359,140168359,1224258,749,0,0
C011658,2914352,34972224,1557128,18685536,80782829,20078370,11661355,212998,760,0,0
C011659,3277885,39334620,1950270,23403240,227046098,66824174,45941705,539107,684,0,0
C011660,5247432,62969184,2417596,29011152,182682874,98982499,86634537,591263,879,0,0
C011661,5974485,71693820,1782476,21389712,610952886,88464174,71869712,582661,878,0,0
C011662,3126663,37519956,915300,10983600,77630590,141720554,127798654,690882,754,0,0
C011663,4370067,52440804,3285667,39428004,141271996,50678891,32819124,289532,753,0,0
C011664,4564385,54772620,3565034,42780408,157315640,69436725,49950996,340201,757,0,0
C011665,2051330,24615960,1012842,12154104,102128682,22353973,8335041,112187,799,0,0
C011666,3506773,42081276,1501441,18017292,240961509,72257213,53716080,424443,729,0,0
C011667,4070185,48842220,2483175,29798100,127350945,81375947,65555468,554061,785,0,0
C011668,4883953,58607436,2169925,26039100,124088211,40277203,33208952,255609,943,0,0
C011669,4564053,54768636,2697293,32367516,58196729,40920152,33311266,142422,751,0,0
C011670,2563917,30767004,1334377,16012524,430738056,21976340,21976340,154307,792,0,0
C011671,2045211,24542532,965415,11584980,59055985,25550934,16130881,183700,833,0,0
C011672,4655320,55863840,2911222,34934664,601654498,155156498,145211117,1094834,779,0,0
C011673,5225824,62709888,2460760,29529120,120616290,72968885,57732145,369812,811,0,0
C011674,5020284,60243408,2881481,34577772,281207436,21480946,21480946,104935,932,0,0
C011675,6519721,78236652,5877689,70532268,482173250,61988805,32395282,416881,653,4,0
C011676,2855438,34265256,1975557,23706684,135308173,40209000,27749340,364092,780,0,0
C011677,7041687,84500244,2823073,33876876,88600140,148911190,118170010,906940,686,0,0
C011678,3285103,39421236,1765747,21188964,137287453,53452389,49766398,252379,797,0,0
C011679,3838701,46064412,2170550,26046600,87727316,37895896,21537746,240175,862,0,0
C011680,5167281,62007372,2664591,31975092,230724259,192796163,183252005,1455536,747,0,0
C011681,2431996,29183952,1271712,15260544,176870036,11496672,11496672,209455,755,0,0
C011682,3279006,39348072,2615602,31387224,228668774,55647702,31351850,394659,733,0,0
C011683,2844421,34133052,1364663,16375956,254345757,41755470,34176946,237479,808,0,0
C011684,4984064,59808768,2781228,33374736,151504755,26983921,9940172,283040,827,0,0
C011685,4051158,48613896,2266190,27194280,78019306,40007673,21927957,363168,852,0,0
C011686,3462798,41553576,2551432,30617184,581114017,49769024,34161218,377285,778,0,0
C011687,2060867,24730404,1522944,18275328,94392751,20922745,4465264,141772,710,0,0
C011688,6194062,74328744,3918269,47019228,492166653,127737584,109066820,754404,890,0,0
C011689,3669683,44036196,2352237,28226844,158330441,49573973,41631240,413386,789,0,0
C011690,6805485,81665820,4406242,52874904,496261434,39771444,31311505,377257,739,0,0
C011691,7367914,88414968,5356244,64274928,689628887,68911910,33939591,632716,806,0,0
C011692,4891628,58699536,3999728,47996736,437754068,178730988,143966049,1343526,718,0,0
C011693,3478745,41744940,1875396,22504752,71257392,72398119,50751923,432375,644,0,0
C011694,2671660,32059920,1928068,23136816,41201716,46991187,46991187,371768,759,0,0
C011695,2265877,27190524,1499411,17992932,47721556,35239609,20990394,255589,855,0,0
C011696,3451935,41423220,2428563,29142756,579925080,19388212,19388212,235472,790,1,0
C011697,4978358,59740296,2125285,25503420,129531165,39283536,34862448,930969,790,0,0
C011698,5211811,62541732,2928355,35140260,68991409,54065556,24341043,387427,723,0,0
C011699,2844805,34137660,2047212,24566544,69590428,31728536,25579132,305725,950,0,0
C011700,6261699,75140388,3051804,36621648,92891609,58160381,48955075,957320,737,0,0
C011701,2699222,32390664,2316920,27803040,137761558,41688621,31812560,354181,638,1,1
C011702,4974796,59697552,4408922,52907064,175255139,74138740,45565866,669836,691,1,1
C011703,5165382,61984584,1798104,21577248,81393448,156668528,149120363,803361,824,0,0
C011704,5229464,62753568,3749213,44990556,113855793,52172563,47756917,620313,725,0,0
C011705,4933485,59201820,2716476,32597712,247403423,154879083,152151684,1093212,731,0,0
C011706,6909935,82919220,3932651,47191812,157076724,62125805,32833248,591673,795,0,0
C011707,4708103,56497236,2656511,31878132,361987121,46104177,44337074,521531,805,0,0
C011708,4751563,57018756,1959547,23514564,149562695,57520770,34272454,503493,808,0,0
C011709,4341648,52099776,2492784,29913408,133339516,35264223,35264223,608187,825,0,0
C011710,12000000,144000000,5832659,69991908,168704769,137804344,70828714,1142368,887,1,0
C011711,4970798,59649576,2068211,24818532,107110004,35125602,21274851,114342,894,0,0
C011712,3877625,46531500,2114567,25374804,89257047,25474141,24743022,382382,889,0,0
C011713,4899092,58789104,2759642,33115704,173575083,115133413,115133413,963060,817,0,0
C011714,5085885,61030620,3509079,42108948,133376801,30286120,30286120,255316,813,0,0
C011715,3476915,41722980,1324382,15892584,97875429,41297661,32500199,306217,843,0,0
C011716,7332509,87990108,3818054,45816648,171669577,28814873,12546251,388901,756,0,0
C011717,5479916,65758992,3382556,40590672,177454306,47295500,31330555,109598,747,1,0
C011718,3384962,40619544,2688551,32262612,73433102,80792455,64821038,582691,672,0,0
C011719,3130801,37569612,2324001,27888012,191686062,40585955,30763198,345984,756,0,0
C011720,2598400,31180800,1972358,23668296,94514001,12252199,12252199,110280,838,0,0
C011721,4056176,48674112,1672377,20068524,286214196,100504587,78013608,781433,758,0,0
C011722,6568339,78820068,3479896,41758752,399447809,49643676,27241279,397641,756,1,0
C011723,3006950,36083400,1784509,21414108,36237480,21151262,5678573,117026,693,0,0
C011724,2739916,32878992,1190430,14285160,123681181,147955464,147955464,1180608,603,0,1
C011725,5568316,66819792,3083760,37005120,183234355,60347403,42897622,451728,859,0,0
C011726,2901507,34818084,2069166,24829992,107378976,44382791,19732965,401622,858,0,0
C011727,4768146,57217752,1987475,23849700,158704810,59339883,56261362,366721,845,0,0
C011728,4633641,55603692,2706999,32483988,108621418,35537137,22385771,92673,898,0,0
C011729,3191664,38299968,2321672,27860064,127058524,27964390,15985314,548944,773,0,0
C011730,4047082,48564984,2880640,34567680,84366181,29274364,19446664,80942,730,0,0
C011731,3259751,39117012,2069369,24832428,172637013,28601583,23871337,373113,757,0,0
C011732,4806905,57682860,2048983,24587796,283718980,115906484,88261740,466607,760,0,0
C011733,2255916,27070992,739936,8879232,32675576,31472567,26016235,263794,797,1,0
C011734,4546779,54561348,3472925,41675100,291969041,64041926,32020803,683016,811,0,0
C011735,5206372,62476464,3746563,44958756,320790684,98104260,86616566,253573,752,0,0
C011736,5456040,65472480,3098719,37184628,144433147,106384973,68779755,929704,622,2,0
C011737,10043326,120519912,3876482,46517784,488722285,163972660,85046444,742550,834,0,0
C011738,3276155,39313860,1988065,23856780,128170253,48151792,34139753,331371,880,0,0
C011739,4985248,59822976,2670125,32041500,104402290,196045491,154991699,1316458,799,0,0
C011740,1897301,22767612,867023,10404276,21846630,21292416,14476922,186172,858,0,0
C011741,3829037,45948444,2565690,30788280,58524910,53432755,34817255,440714,818,0,0
C011742,3139119,37669428,2448793,29385516,199538921,107757894,95299621,520307,735,0,0
C011743,2632874,31594488,1490918,17891016,442322832,33399610,28335314,217501,729,0,0
C011744,3239347,38872164,1998559,23982708,47012907,47687499,30975329,365119,701,0,0
C011745,2773192,33278304,1450454,17405448,261146609,30672528,26573774,165494,805,0,0
C011746,2616744,31400928,2055707,24668484,107684280,145588023,126032091,940436,596,0,1
C011747,3316642,39799704,1713152,20557824,183876776,15228379,15228379,184412,721,0,0
C011748,2720980,32651760,1831197,21974364,457124640,36200081,32699610,451815,771,0,1
C011749,4588537,55062444,3013606,36163272,35388454,50963949,25367899,357598,826,0,0
C011750,2555412,30664944,1332647,15991764,107923802,45539969,36209464,268002,761,0,0
C011751,3280525,39366300,1856312,22275744,143304669,16932331,11961824,302812,682,1,0
C011752,5195931,62351172,3370187,40442244,182674418,188227994,166289291,1075340,747,0,0
C011753,6598024,79176288,5400659,64807908,135514877,65341566,34041768,131960,751,0,0
C011754,7466731,89600772,3886598,46639176,117358126,72907602,58462242,224471,841,0,0
C011755,3253475,39041700,1756878,21082536,108799516,49776544,35061209,498053,809,0,0
C011756,5744840,68938080,3293911,39526932,152103830,162737969,128816358,1044534,762,0,0
C011757,3705108,44461296,2133639,25603668,109604850,72223754,71869654,569327,862,0,0
C011758,3335330,40023960,2414865,28978380,90600421,43293565,30004151,366932,816,0,0
C011759,2498928,29987136,1859843,22318116,419819904,21410325,12335937,166161,855,0,0
C011760,6694956,80339472,3381175,40574100,706542563,64325943,56799418,1056475,778,0,0
C011761,3140883,37690596,1795792,21549504,226101387,12280504,11184307,201000,762,0,0
C011762,4152771,49833252,2574086,30889032,132942975,47920964,28688511,651569,733,0,0
C011763,10716395,128596740,6792171,81506052,488918033,103680324,58263509,1449691,786,0,0
C011764,2298775,27585300,1122245,13466940,308313192,15241675,13831813,50000,776,0,0
C011765,3156705,37880460,1649218,19790616,110127186,53830664,44986640,308835,907,0,0
C011766,5070996,60851952,3159731,37916772,301006373,92215748,82253642,899850,761,0,1
C011767,3527613,42331356,1549047,18588564,482249424,25683550,21364360,308539,819,0,0
C011768,2527876,30334512,860566,10326792,192881863,27002359,17364328,156071,794,0,0
C011769,3826870,45922440,2656165,31873980,67490228,23786418,23786418,452424,703,0,0
C011770,2103476,25241712,1388653,16663836,35768656,23836946,23836946,177574,878,0,0
C011771,3368957,40427484,2104814,25257768,120409190,23402271,15116380,245339,764,0,0
C011772,2866938,34403256,1790083,21480996,76152369,31827821,18045475,133140,885,0,0
C011773,2178503,26142036,1220160,14641920,53637148,14779779,7708106,115186,754,0,0
C011774,2565692,30788304,1292357,15508284,107262451,16438361,16438361,251530,794,0,0
C011775,4866137,58393644,2635021,31620252,387734839,87201041,52876034,568320,815,0,0
C011776,1800000,21600000,1529572,18354864,43594543,7823876,3455991,141507,730,0,0
C011777,3387156,40645872,1962880,23554560,157760172,88571497,88571497,755528,806,0,0
C011778,2418909,29026908,1661038,19932456,214211188,25641412,25641412,308397,807,0,0
C011779,5334805,64017660,4121665,49459980,309113977,31116941,19986069,274503,839,0,0
C011780,3587645,43051740,3201215,38414580,180153329,12274723,12274723,301144,725,0,0
C011781,5180884,62170608,2977534,35730408,251465169,271679700,241279901,1596016,731,0,0
C011782,2145992,25751904,1707114,20485368,43183247,28433267,19759808,231866,672,0,0
C011783,3360049,40320588,2435665,29227980,151729459,31841685,24215675,366458,712,1,0
C011784,8906397,106876764,4687421,56249052,642027182,144955836,144955836,942035,756,0,0
C011785,8414129,100969548,3897127,46765524,193941491,97215116,70770909,904003,842,1,0
C011786,3855611,46267332,2877037,34524444,126065852,99044103,83591707,721682,641,0,0
C011787,3776258,45315096,2502282,30027384,56936829,64001512,51587484,574808,862,0,0
C011788,3269096,39229152,1780167,21362004,165205512,31647631,31647631,199726,872,0,0
C011789,1839227,22070724,1160598,13927176,27315710,18014594,18014594,219787,763,0,0
C011790,4867938,58415256,2816515,33798180,163038786,109706693,77606881,699362,725,0,0
C011791,2161337,25936044,1649973,19799676,146481807,29820124,26261220,356802,787,0,0
C011792,4152187,49826244,2213249,26558988,273247369,57957438,51393710,449691,807,0,0
C011793,5638986,67667832,2261675,27140100,927376164,189533275,172863785,989702,749,0,1
C011794,4691307,56295684,3461657,41539884,67791917,37203836,31067551,212857,763,0,0
C011795,1933146,23197752,1057440,12689280,110489397,12863039,5990983,88333,860,0,0
C011796,6377161,76525932,3112276,37347312,458824574,80748261,49651061,790194,773,0,0
C011797,4370914,52450968,2307397,27688764,191066773,102511806,98564855,988330,757,0,0
C011798,5098157,61177884,2267337,27208044,369595181,34085066,17800670,524291,836,1,0
C011799,2938574,35262888,1573757,18885084,91221893,14843964,14843964,355082,720,1,0
C011800,2908047,34896564,2185015,26220180,199814136,40164785,35334317,255820,726,0,0
C011801,4814046,57768552,1331049,15972588,71521567,94510201,78510191,511297,763,0,0
C011802,2926002,35112024,1432198,17186376,87222525,36854399,21352661,256313,848,0,0
C011803,4573757,54885084,2439197,29270364,407373291,35201096,17226180,412493,831,0,0
C011804,8972543,107670516,4071397,48856764,185097132,231598150,216696306,1695267,833,1,0
C011805,2221986,26663832,1171641,14059692,41908013,31958485,28083126,217750,748,1,0
C011806,2589078,31068936,2417182,29006184,104218856,28458343,20247193,85669,814,0,0
C011807,4492378,53908536,2941560,35298720,224923319,29620262,29278156,450002,862,0,0
C011808,4126890,49522680,3326867,39922404,270131534,66716577,66716577,553037,714,0,0
C011809,3330509,39966108,1249792,14997504,168567243,39864854,32075062,300720,874,0,0
C011810,3353700,40244400,2181012,26172144,173518242,22030486,12760066,201256,812,0,0
C011811,5062283,60747396,3179106,38149272,51232824,65715020,65122064,321123,797,0,0
C011812,4481226,53774712,3115986,37391832,64408377,27533659,19862029,89625,768,0,0
C011813,4595388,55144656,2120442,25445304,200592233,46719592,35477997,340886,897,0,0
C011814,3138650,37663800,2319243,27830916,96720003,68345342,68345342,377056,744,0,0
C011815,2602861,31234332,1214948,14579376,109410787,23097772,22180366,204827,777,0,0
C011816,4919120,59029440,3167704,38012448,69792499,202134611,184489396,1368138,686,0,1
C011817,7826452,93917424,5542501,66510012,225108098,66812580,51650318,653803,827,0,0
C011818,3076158,36913896,1405169,16862028,136744968,14843427,12800913,132951,778,0,0
C011819,4947007,59364084,2736936,32843232,440759759,51739489,37029264,477242,800,0,0
C011820,6103994,73247928,3558882,42706584,692483698,41216020,25785054,443363,795,1,0
C011821,3553221,42638652,1733294,20799528,132369994,65123342,61410718,599608,768,0,0
C011822,3177601,38131212,2515491,30185892,153338138,56553036,42552153,293110,816,0,0
C011823,5995262,71943144,3095156,37141872,171019304,25203480,25203480,236933,729,0,0
C011824,4050496,48605952,2539653,30475836,73211163,73447128,63822497,523216,728,0,0
C011825,8793662,105523944,2404646,28855752,399769352,67460846,47198274,371269,821,0,0
C011826,5064513,60774156,3222764,38673168,423436793,32069421,26243752,356837,754,0,0
C011827,2148718,25784616,1619265,19431180,67974994,17328100,17328100,229018,861,0,0
C011828,2178682,26144184,1193226,14318712,204388444,51627367,51627367,482238,920,0,1
C011829,2329061,27948732,850863,10210356,68540128,38919897,27487069,331764,726,3,1
C011830,3765350,45184200,2775531,33306372,285715063,45272993,36068340,478101,763,0,0
C011831,2877081,34524972,1718504,20622048,37228673,10519867,7141016,338812,690,0,0
C011832,1800000,21600000,1019937,12239244,36205616,23635963,10350543,193606,835,0,0
C011833,6013686,72164232,1503422,18041064,466397391,100976513,65821520,385794,814,0,0
C011834,2770237,33242844,1280626,15367512,212339306,41194617,34592155,459702,763,1,0
C011835,2180648,26167776,1159159,13909908,71087417,16410217,13558322,141993,757,0,0
C011836,6329873,75958476,3819836,45838032,528562298,88489273,49246711,758304,699,0,0
C011837,3450792,41409504,2163308,25959696,146875054,61320268,44635533,529646,699,0,0
C011838,1865319,22383828,1082896,12994752,174031628,87280359,81612752,637045,751,0,0
C011839,5770351,69244212,3494541,41934492,374822286,95259530,81829672,610514,770,0,0
C011840,6044576,72534912,4147419,49769028,248864879,63608997,63608997,484883,762,0,0
C011841,8625844,103510128,5767440,69209280,447595952,63303264,54441403,937706,859,0,0
C011842,6039810,72477720,3830215,45962580,162202440,30561918,30561918,806266,731,0,0
C011843,2003729,24044748,884411,10612932,78880952,12934804,12603898,284208,826,0,0
C011844,3946126,47353512,2177523,26130276,54518014,88206594,87322953,454290,836,0,0
C011845,2223320,26679840,980691,11768292,70988756,13611290,11117961,84237,772,0,0
C011846,2240864,26890368,1374780,16497360,60609166,14685689,14685689,251698,782,0,0
C011847,3901639,46819668,2868225,34418700,91583923,174603772,156544205,1140609,631,1,0
C011848,7973498,95681976,4259160,51109920,91492263,76964458,71620415,862888,740,0,0
C011849,2500543,30006516,1871510,22458120,192758558,27448312,27448312,304637,767,0,0
C011850,3647484,43769808,2086399,25036788,576418294,37985067,18071864,391920,748,0,0
C011851,3326742,39920904,1510430,18125160,558892656,45587535,37233871,173356,821,0,0
C011852,2298537,27582444,1747273,20967276,132085163,45074849,30757035,330131,745,0,0
C011853,3639848,43678176,1627980,19535760,252295073,57356379,37551964,631316,848,0,0
C011854,3489792,41877504,1678462,20141544,246264156,59643476,35049394,331812,742,0,0
C011855,6891531,82698372,3056638,36679656,548648065,86215508,71250180,992111,764,0,1
C011856,3252208,39026496,1054230,12650760,83676493,43170431,20348642,195593,773,0,0
C011857,4834778,58017336,2289282,27471384,226054811,63117594,40286306,435102,726,0,0
C011858,6444682,77336184,3540213,42482556,128271818,55435013,31936219,652279,840,0,0
C011859,2266277,27195324,990163,11881956,72517645,10249048,4050490,108402,764,1,0
C011860,2329465,27953580,1124950,13499400,243787657,22000035,20314479,293643,804,1,0
C011861,2928211,35138532,1574021,18888252,48039924,72490107,62141853,377926,640,0,0
C011862,2654164,31849968,1657229,19886748,145412460,27249862,20131462,209916,881,0,0
C011863,4560603,54727236,3188445,38261340,146431156,43371140,41260382,243501,817,0,0
C011864,5800116,69601392,2076617,24919404,246095613,68074704,50146134,743450,849,0,0
C011865,3572513,42870156,1487536,17850432,170042797,57924969,39711742,301292,762,0,0
C011866,1800000,21600000,826618,9919416,63701170,6088467,6088467,50000,722,0,0
C011867,3134035,37608420,1307053,15684636,90732506,31104666,22846576,350797,840,0,0
C011868,4477603,53731236,2729307,32751684,223157446,45017439,30448738,459272,793,0,0
C011869,7941057,95292684,6507976,78095712,361172833,61237167,49916288,1034012,801,0,0
C011870,4109180,49310160,1376029,16512348,100128032,75924783,52598928,591868,738,0,0
C011871,4015540,48186480,2377141,28525692,128411264,35625846,24308983,193557,716,0,0
C011872,5048420,60581040,4185395,50224740,89659628,86105624,65358233,595850,722,0,0
C011873,2855670,34268040,1731169,20774028,66535468,9680706,9680706,88501,757,0,0
C011874,5008198,60098376,3178058,38136696,319489501,61950390,46322045,612961,774,0,0
C011875,3196479,38357748,2192784,26313408,327965505,25063518,25063518,277395,893,0,0
C011876,2793858,33526296,2311688,27740256,63785248,34187324,34187324,405949,705,0,0
C011877,3702539,44430468,2098053,25176636,72922431,50542685,42646077,512215,849,0,0
C011878,5965082,71580984,4048224,48578688,447558175,84392625,51130673,838400,688,1,1
C011879,3214914,38578968,1906938,22883256,45470170,88521640,75927271,629486,780,0,0
C011880,5938483,71261796,4511803,54141636,475410418,88492736,76595083,480319,883,0,0
C011881,7692184,92306208,5684737,68216844,344310383,73936993,73936993,668749,724,0,0
C011882,2400490,28805880,2497568,29970816,83226835,66242501,47845146,463613,566,4,1
C011883,5430585,65167020,3892045,46704540,343278494,108127078,79145745,1224822,649,0,0
C011884,2119041,25428492,1181368,14176416,61568191,38773661,31902823,261850,727,0,0
C011885,5026562,60318744,2644017,31728204,170787078,146647356,130268585,880206,763,0,1
C011886,3900185,46802220,2078898,24946776,261682862,62815593,51292825,644833,713,1,1
C011887,3732904,44794848,2171738,26060856,34972910,80084160,57729798,503209,828,1,0
C011888,3453606,41443272,1959367,23512404,378097259,54323119,41082798,545046,742,0,0
C011889,4234190,50810280,3051365,36616380,71818787,14671392,9946084,553947,759,0,0
C011890,9345736,112148832,5513458,66161496,374534140,136331054,66965269,1022999,818,1,0
C011891,4949529,59394348,3123512,37482144,256202707,28483877,23298211,767980,712,0,0
C011892,2155536,25866432,1206974,14483688,181102917,18335393,10268194,50000,720,0,0
C011893,3372896,40474752,2650253,31803036,155172805,19465199,16233435,205019,791,0,0
C011894,2745849,32950188,1456389,17476668,184218187,65935721,58179521,570935,802,0,0
C011895,1852258,22227096,1081292,12975504,26403202,32501832,23445046,124095,812,0,0
C011896,3855240,46262880,3039076,36468912,174924837,41728643,23463704,294048,738,1,0
C011897,5488618,65863416,3450422,41405064,406524115,76806074,41812481,495777,752,0,0
C011898,1845917,22151004,967932,11615184,53997114,14741985,14741985,166064,734,0,1
C011899,6842998,82115976,4316640,51799680,1039234904,62065735,38450979,494494,748,0,0
C011900,6408128,76897536,4039108,48469296,334492933,20548447,20548447,542137,881,0,0
C011901,2097997,25175964,927844,11134128,115236571,51165151,41418838,385445,813,0,0
C011902,4761660,57139920,1903277,22839324,125879860,40196125,15401994,484279,796,0,0
C011903,1909509,22914108,1477361,17728332,126040075,28721251,28721251,192652,772,0,0
C011904,5708373,68500476,4413591,52963092,348721021,62618868,62618868,634736,652,0,1
C011905,4602242,55226904,2188252,26259024,182519291,30226567,27226617,563098,771,0,0
C011906,2770120,33241440,1018143,12217716,178153995,13330735,10983886,216729,802,0,0
C011907,2840339,34084068,1161388,13936656,62715396,32445045,29263231,225130,839,0,0
C011908,1989614,23875368,867480,10409760,173540713,30334279,21703415,210460,748,0,0
C011909,4601385,55216620,3879694,46556328,233423520,67564512,67067257,859303,742,0,0
C011910,1800000,21600000,705533,8466396,116188792,17649157,6375878,125256,774,0,0
C011911,2361380,28336560,1314413,15772956,101017764,27354252,22195450,158401,822,0,0
C011912,2023385,24280620,1289208,15470496,71075136,36745494,28700018,204376,755,0,0
C011913,4263796,51165552,2695372,32344464,152802377,39904179,21878770,85276,836,0,0
C011914,4937376,59248512,2343972,28127664,325201564,34243590,11792779,524172,782,0,0
C011915,6611268,79335216,4746811,56961732,233360957,94060376,67240555,863685,726,1,0
C011916,4764112,57169344,4035196,48422352,368629356,127178857,89942809,846091,589,4,1
C011917,3145502,37746024,1525183,18302196,89394104,37916924,25806075,159614,842,0,0
C011918,4455401,53464812,2854572,34254864,51656439,67347275,54469973,639723,711,0,1
C011919,1800000,21600000,1360747,16328964,48974526,16021828,6703891,124752,714,0,0
C011920,5086182,61034184,2424125,29089500,89503577,87021731,48045439,393495,753,0,0
C011921,2886019,34632228,1816223,21794676,76899483,50228676,32637454,260943,686,0,0
C011922,4011605,48139260,2594612,31135344,163275816,62936377,38903147,148725,670,1,0
C011923,3587484,43049808,2133962,25607544,47416636,57044806,47790302,403064,769,0,0
C011924,8115897,97390764,5544231,66530772,316613840,162830341,119975732,941642,759,0,0
C011925,4273942,51287304,2377854,28534248,229097773,44470799,44470799,488200,839,0,0
C011926,1830015,21960180,1216458,14597496,67095475,9845242,9845242,69688,789,0,0
C011927,2172233,26066796,1757721,21092652,46126080,14301638,7049329,163331,748,0,0
C011928,4056283,48675396,2386705,28640460,128971372,40455690,26276877,517184,709,0,0
C011929,6079884,72958608,3562137,42745644,597430952,48582463,46757709,592919,789,1,0
C011930,3715492,44585904,2596870,31162440,98826130,65030073,52864294,610017,725,1,0
C011931,5588727,67064724,2788935,33467220,361060946,92275474,71973317,763436,807,0,0
C011932,7075262,84903144,3380500,40566000,205339520,109184714,87690199,661089,773,0,0
C011933,4713253,56559036,3325010,39900120,139941653,33162092,33162092,140580,832,0,0
C011934,3517804,42213648,2373558,28482696,238657263,24540581,17874679,282327,822,0,0
C011935,3489915,41878980,1439068,17268816,75070651,47858350,32417531,455327,822,0,0
C011936,6828492,81941904,2904828,34857936,85821989,53476205,40635792,511666,708,0,0
C011937,5531067,66372804,1893295,22719540,39439529,28205390,21526764,195226,864,0,0
C011938,6813353,81760236,3648181,43778172,167673843,146617923,116849828,1165900,777,0,0
C011939,3850940,46211280,2887674,34652088,98080068,154696765,126400720,1019856,712,0,0
C011940,6699878,80398536,4379870,52558440,160456540,113943693,113943693,492131,812,0,0
C011941,3787943,45455316,3104992,37259904,71880676,14505931,10741059,289073,845,0,0
C011942,2990601,35887212,1470510,17646120,74280085,40424487,22026638,175479,764,0,0
C011943,2614038,31368456,1499400,17992800,134552006,64117526,59050371,358697,751,1,0
C011944,2038683,24464196,1460207,17522484,52482676,17386023,6423546,149741,761,1,0
C011945,4674578,56094936,3482830,41793960,785329104,60061388,47437007,334767,743,0,0
C011946,6842021,82104252,4571345,54856140,137899262,184885091,158545300,1576587,687,0,0
C011947,2005824,24069888,1360514,16326168,188243310,70344753,64333197,440308,699,0,0
C011948,3634798,43617576,2915071,34980852,308966162,64240924,57484379,129021,870,0,0
C011949,11566402,138796824,6749711,80996532,920027846,210957026,94687445,1071026,847,0,0
C011950,4233181,50798172,2854291,34251492,124754563,48587922,42635188,406208,722,0,0
C011951,2838407,34060884,1505188,18062256,122843058,15789994,15789994,261582,733,0,0
C011952,6746019,80952228,3881292,46575504,333775225,45994552,31512264,371445,753,0,0
C011953,5727041,68724492,2045325,24543900,114809059,71189046,56923627,331460,842,0,0
C011954,4041734,48500808,2935662,35227944,55738681,97372894,85812537,752284,883,0,0
C011955,5495165,65941980,3140316,37683792,257924857,264730763,237036362,1283362,761,0,1
C011956,4994808,59937696,3132989,37595868,171512082,39372781,20030870,99896,824,0,0
C011957,3262519,39150228,1907950,22895400,121606565,139910168,121815756,884406,855,0,0
C011958,3304071,39648852,1832598,21991176,60463068,52419428,41452811,658859,835,0,0
C011959,4258050,51096600,2988814,35865768,240889330,55059996,47270321,351884,783,0,0
C011960,4512642,54151704,3204697,38456364,60124800,261216139,243682668,1717250,603,0,1
C011961,7683709,92204508,1920927,23051124,339963498,73949379,41751103,548039,817,0,0
C011962,3230342,38764104,1555171,18662052,51963985,28507383,24635712,388923,839,0,0
C011963,7428712,89144544,4178005,50136060,195250316,149960556,125767627,882187,765,2,1
C011964,2082890,24994680,1237572,14850864,98363638,89538012,82479796,568083,603,2,1
C011965,4770773,57249276,2448217,29378604,52930066,93969201,93969201,783918,798,0,0
C011966,3573283,42879396,2354584,28255008,140910222,52670015,31915657,298271,806,0,0
C011967,7349617,88195404,4741576,56898912,987669197,103672495,85245494,822159,718,0,0
C011968,3869527,46434324,1830561,21966732,125285454,49436127,37497725,240538,836,0,0
C011969,3741953,44903436,1337023,16044276,162007078,38989468,25352742,442700,849,0,0
C011970,4205969,50471628,3304003,39648036,174522769,89749459,60408130,561289,644,0,1
C011971,2955904,35470848,2005507,24066084,288830505,22561394,19893154,59118,794,0,0
C011972,5411622,64939464,3247428,38969136,350599665,41006921,41006921,329701,782,0,0
C011973,4505729,54068748,2342776,28113312,756962472,93208895,71045518,431274,814,1,0
C011974,3390594,40687128,1238035,14856420,68990741,13962548,13933276,67812,831,0,0
C011975,1800000,21600000,1163039,13956468,38504525,15190692,10189642,50000,890,0,0
C011976,4240402,50884824,2327063,27924756,127803822,23504660,19797205,125762,811,0,0
C011977,4471230,53654760,3051314,36615768,184287988,62634404,59868227,849460,755,0,0
C011978,3111137,37333644,1922162,23065944,236906097,62041758,62041758,546489,805,0,0
C011979,2824377,33892524,1679858,20158296,85371790,41374497,29691991,389236,777,0,0
C011980,7890961,94691532,5161652,61939824,230965352,87753446,37601149,954896,750,0,0
C011981,3751342,45016104,2315116,27781392,77394367,171539971,157966884,1240376,660,0,1
C011982,8251471,99017652,6354576,76254912,229953999,155228160,103278698,1567133,658,0,0
C011983,2748783,32985396,1635476,19625712,102969198,61060060,42744774,218698,792,0,0
C011984,3329984,39959808,1615481,19385772,259458306,25567003,23633976,239948,691,0,0
C011985,3229146,38749752,1667007,20004084,158436023,37166106,23371533,231010,796,1,0
C011986,3523101,42277212,2431054,29172648,90975948,89079321,83750726,598326,860,0,0
C011987,4509171,54110052,2135021,25620252,284785226,84468753,69453052,627101,783,0,0
C011988,5330681,63968172,2994519,35934228,228959066,24983412,12429868,514432,755,0,0
C011989,4190684,50288208,2526261,30315132,85315245,42204923,39559736,367458,799,0,0
C011990,6985180,83822160,3961217,47534604,301796854,37761663,37761663,630092,850,0,1
C011991,2442403,29308836,1480811,17769732,253098206,12383172,12189454,142789,837,0,0
C011992,1887080,22644960,846284,10155408,24549081,29473257,18072592,275703,705,1,0
C011993,5490605,65887260,2680822,32169864,229616236,108774296,76437389,839559,759,0,0
C011994,1967437,23609244,1111146,13333752,11620582,54328404,48885181,319387,692,0,0
C011995,6696012,80352144,3809563,45714756,149852490,64323563,33650629,253533,872,0,0
C011996,9107387,109288644,6425452,77105424,124050681,49086062,49086062,968110,819,0,0
C011997,2549950,30599400,2056319,24675828,306181990,70591648,57070091,516490,657,0,0
C011998,3122973,37475676,1926036,23112432,213586383,23390366,23390366,409455,735,1,0
C011999,2637045,31644540,1393152,16717824,68167858,81310052,78381596,379537,747,0,0
C012000,1881283,22575396,1554878,18658536,30227436,9997825,9029024,142777,730,0,0
C012001,6143449,73721388,2929115,35149380,170749237,120703074,119333650,944792,846,0,0
C012002,3606133,43273596,3076385,36916620,585739091,54604204,40840224,317930,698,1,1
C012003,8309559,99714708,4618733,55424796,178238687,180938473,149374174,894683,829,0,0
C012004,6814973,81779676,3774506,45294072,293566027,90052666,75187894,546737,757,0,0
C012005,2172415,26068980,1390553,16686636,68999060,74014862,70164145,487141,714,0,0
C012006,2061444,24737328,1347292,16167504,51103714,32653425,28286031,354298,769,0,1
C012007,4694627,56335524,1962670,23552040,47646178,73540399,61370540,649617,764,0,1
C012008,3667959,44015508,2708758,32505096,79412237,27806058,20406931,204337,842,0,0
C012009,3959849,47518188,2556824,30681888,428874562,54686936,30153335,258541,731,0,0
C012010,9838031,118056372,4543152,54517824,769962185,173088887,173088887,1300373,714,0,0
C012011,3349860,40198320,1191812,14301744,138046832,9292800,7228932,66997,813,1,0
C012012,6017002,72204024,3209530,38514360,89334822,42197403,39983931,508188,747,0,0
C012013,2419324,29031888,1770994,21251928,110368270,69985806,64542413,441468,794,0,0
C012014,4595975,55151700,2296298,27555576,148264941,51090904,41667176,91920,766,0,0
C012015,3851862,46222344,3022307,36267684,193007862,51476740,51476740,400085,701,1,0
C012016,4036019,48432228,2018323,24219876,149396063,41584823,39065976,357395,807,0,0
C012017,4640000,55680000,1980568,23766816,111443136,75228527,47176601,819077,747,1,0
C012018,4251405,51016860,2154087,25849044,66165515,33706146,23932502,199592,735,0,0
C012019,6094237,73130844,2713075,32556900,118738664,47689403,16587093,300909,851,0,0
C012020,4815062,57780744,1977860,23734320,152044151,56838120,35720614,374841,831,0,0
C012021,3568155,42817860,2774107,33289284,40355390,52558568,40617604,446900,735,0,0
C012022,4074173,48890076,1803654,21643848,463342043,67627231,50058090,411869,855,0,0
C012023,5730807,68769684,1630298,19563576,219974451,114842957,94641458,764696,776,0,0
C012024,3744991,44939892,2232068,26784816,121111437,58244405,57034280,485949,815,1,0
C012025,3690812,44289744,2930829,35169948,87470636,63781332,63539392,549572,845,0,0
C012026,4613323,55359876,1161021,13932252,245092458,46322166,46322166,230347,863,0,0
C012027,3547687,42572244,2263918,27167016,90830959,9705824,9705824,70954,879,0,0
C012028,5579474,66953688,3738201,44858412,270652505,36939292,12372330,203726,709,0,0
C012029,4592960,55115520,2618666,31423992,316220059,281418683,248019840,1753381,631,0,0
C012030,2080829,24969948,1110873,13330476,43381611,30076328,30076328,294461,851,0,0
C012031,7057910,84694920,2552461,30629532,250731885,112884510,99752464,1244710,832,0,1
C012032,1837334,22048008,955541,11466492,58619569,29977718,21352682,338228,737,0,0
C012033,5545452,66545424,2319526,27834312,497955786,118106950,64663103,843138,695,0,0
C012034,2601629,31219548,1810141,21721692,120369772,29112794,27873753,209055,811,0,0
C012035,6662525,79950300,3423813,41085756,311243022,22428998,22428998,186975,835,0,0
C012036,3355354,40264248,1453693,17444316,301856421,55143785,30861772,227795,869,0,0
C012037,3470020,41640240,1643184,19718208,163438269,33040915,33040915,326490,834,0,0
C012038,2543922,30527064,1592043,19104516,221610061,135295445,135295445,851151,676,0,1
C012039,3361071,40332852,2380961,28571532,138606152,54746530,41959047,394734,774,0,0
C012040,6088966,73067592,3346220,40154640,222047102,42123797,42123797,231853,857,0,0
C012041,3274253,39291036,1856278,22275336,60153780,39497419,27395956,252142,773,0,0
C012042,1800000,21600000,1008632,12103584,90688892,15214246,6074851,185900,738,0,0
C012043,1800000,21600000,982440,11789280,21005269,22074890,22074890,252674,750,0,0
C012044,2052677,24632124,1344038,16128456,172889033,28992718,24212849,391224,678,2,1
C012045,3473908,41686896,1829687,21956244,205221401,78796473,68933121,743204,696,0,0
C012046,8818311,105819732,4622761,55473132,160723028,88172254,52393932,632333,679,0,0
C012047,10250910,123010920,5746979,68963748,245501048,130426737,97266698,1599569,749,0,1
C012048,4849105,58189260,2451271,29415252,449090826,108961367,66732069,401215,784,0,0
C012049,3174289,38091468,1816641,21799692,151673183,24708979,15493621,241624,759,0,0
C012050,5552304,66627648,2762317,33147804,395542992,63432927,63432927,1037311,874,0,0
C012051,2767591,33211092,2385254,28623048,84096779,9898119,9898119,55352,759,0,0
C012052,8357378,100288536,3971780,47661360,197769234,136356754,83664055,520122,716,0,0
C012053,2733027,32796324,1911316,22935792,107512219,11667911,9208319,206257,798,0,0
C012054,1844437,22133244,865132,10381584,56214585,4707578,4707578,77146,839,0,0
C012055,2956287,35475444,1230646,14767752,231935846,32515847,22061678,299017,834,0,0
C012056,10037343,120448116,9239363,110872356,371775114,109364538,79369355,919122,691,0,1
C012057,6180079,74160948,4417004,53004048,65918906,36462789,23689914,394933,694,0,0
C012058,3899626,46795512,2033948,24407376,655137168,118030503,114513848,867670,764,0,0
C012059,5212118,62545416,2652398,31828776,263357470,33724207,28558918,292482,743,0,0
C012060,3236627,38839524,1858338,22300056,481826582,145758509,144906595,1048422,675,0,0
C012061,2553475,30641700,854285,10251420,143738215,48035215,43313400,313181,790,0,0
C012062,5938942,71267304,2799984,33599808,368865814,77612560,51145653,560101,693,0,0
C012063,7943173,95318076,5334949,64019388,336386757,101920344,84084789,725094,742,0,1
C012064,4093155,49117860,3364111,40369332,125409550,36465441,17596214,394673,682,1,0
C012065,5369693,64436316,2892043,34704516,331085035,62751603,33048884,284298,755,0,0
C012066,8760661,105127932,4536827,54441924,359437878,76702340,55931531,1197811,724,0,0
C012067,1800000,21600000,1394788,16737456,60074121,62485679,62485679,461232,782,0,0
C012068,3485682,41828184,2755541,33066492,80450520,6269948,5796543,88042,750,1,1
C012069,2265021,27180252,1416781,17001372,104669260,47647665,41227372,241255,727,0,0
C012070,5940109,71281308,3726031,44712372,256732656,110290234,83846127,813176,754,1,0
C012071,3421857,41062284,1551146,18613752,172835003,116174823,115369991,608792,693,0,1
C012072,7116786,85401432,2474862,29698344,210751238,52269648,52269648,312487,799,0,0
C012073,3443697,41324364,2317202,27806424,436822644,25555137,7401350,137833,812,0,0
C012074,8708684,104504208,4665164,55981968,203016098,96902196,88154274,185281,798,0,0
C012075,3640060,43680720,2588106,31057272,197976377,27214875,11120922,236851,781,0,0
C012076,2407020,28884240,857773,10293276,114187565,33308082,26903000,228448,788,0,0
C012077,3078056,36936672,2207886,26494632,131493297,33274622,31803497,488337,854,1,1
C012078,7819159,93829908,5357569,64290828,457409055,82726376,57781214,837231,834,1,0
C012079,4418250,53019000,2483486,29801832,186660885,105174506,87589814,1131143,756,0,0
C012080,4736084,56833008,2822123,33865476,426638679,150634931,123339851,1019425,656,3,1
C012081,5403354,64840248,4267718,51212616,463635329,57998570,21334932,476332,773,0,0
C012082,2761142,33133704,1422772,17073264,34607299,28866517,28866517,365822,734,0,0
C012083,5724395,68692740,4365744,52388928,54427425,133758677,123058732,1131784,813,0,0
C012084,7798645,93583740,5392090,64705080,114132792,73504519,21915712,532552,734,0,0
C012085,4931704,59180448,2527663,30331956,159268286,159915727,136238583,977917,710,0,0
C012086,2918279,35019348,1735477,20825724,251349504,23629307,9365480,100828,796,0,0
C012087,4775110,57301320,3101994,37223928,253187753,52277083,49275748,412340,808,0,0
C012088,4403841,52846092,2529811,30357732,422747021,85679599,74499840,572546,839,0,0
C012089,3515498,42185976,2431558,29178696,54341433,28947130,26456655,327087,669,0,0
C012090,1800000,21600000,1238312,14859744,110289108,48268042,43688842,360817,723,1,0
C012091,6117630,73411560,1529408,18352896,215226584,57555108,27123107,281698,837,0,0
C012092,4102676,49232112,1988954,23867448,177759790,46034420,37802052,547451,799,0,0
C012093,4330720,51968640,2460435,29525220,457446689,67029008,49322543,344099,852,0,0
C012094,6838769,82065228,4186870,50242440,112692699,95557888,81034171,631288,853,0,0
C012095,3594444,43133328,3029959,36359508,169299076,47893080,35702890,400355,791,0,0
C012096,3653973,43847676,1643818,19725816,82841718,32008828,16331627,148620,780,0,0
C012097,5211076,62532912,2428635,29143620,458105484,31629305,27722305,306887,788,0,0
C012098,4979913,59758956,3615464,43385568,114313311,36900735,34924963,387950,773,0,0
C012099,8354324,100251888,4639961,55679532,301411736,112992777,82170565,816044,756,0,0
C012100,1800000,21600000,619352,7432224,115684077,59890239,59890239,373072,689,0,0
C012101,3446782,41361384,1622830,19473960,289602454,42038163,38974672,431301,681,1,0
C012102,6061976,72743712,4589975,55079700,97541735,87229323,87229323,872993,767,0,0
C012103,6306408,75676896,4194029,50328348,142731653,105043004,99915171,725973,805,0,0
C012104,3353500,40242000,909862,10918344,45638260,38826638,23613174,276119,850,0,0
C012105,2985778,35829336,1428543,17142516,114710035,33660509,33660509,271842,838,0,0
C012106,3389102,40669224,2083451,25001412,62009300,112468921,81672904,817256,578,2,1
C012107,2278634,27343608,1335440,16025280,48800135,34506471,32145979,284317,824,0,0
C012108,5345295,64143540,3253731,39044772,674054840,81032571,64454944,376657,745,1,0
C012109,6338206,76058472,4243423,50921076,279909682,101878649,97649579,771551,684,0,0
C012110,7095808,85149696,2518324,30219888,235760708,179903419,157665705,836831,823,0,0
C012111,3633544,43602528,1623470,19481640,225597604,40951183,40951183,421423,724,0,0
C012112,3441527,41298324,1809991,21719892,78709665,109001587,109001587,701273,736,0,0
C012113,12000000,144000000,7888950,94667400,292662635,163887292,137156697,1062345,800,0,0
C012114,4177361,50128332,2990187,35882244,103000437,73318305,62262682,578621,879,1,0
C012115,3200567,38406804,945437,11345244,253985177,45033568,45033568,457668,856,0,0
C012116,2990456,35885472,1980529,23766348,150302900,22884024,8855300,160167,865,0,0
C012117,3150436,37805232,1229793,14757516,90295591,41535669,33422223,451487,806,0,0
C012118,1800000,21600000,907411,10888932,134167071,25075505,20356814,183788,815,0,0
C012119,9758445,117101340,4579625,54955500,685412766,96280903,79426159,1185974,848,0,0
C012120,3499698,41996376,1540993,18491916,143672163,21808332,10619256,75842,797,0,0
C012121,2803514,33642168,1493781,17925372,170001953,32728729,24914489,335186,821,0,0
C012122,6767746,81212952,3034748,36416976,418247120,66797964,53072536,215018,762,0,0
C012123,3815324,45783888,2172967,26075604,154653007,99648185,77468710,507194,839,0,0
C012124,4270626,51247512,3413314,40959768,101191665,171747852,142589251,945897,638,0,0
C012125,2004722,24056664,1291026,15492312,267907004,29175647,19374603,274169,700,0,0
C012126,11834618,142015416,8792352,105508224,735775125,139546043,77227204,499163,835,0,0
C012127,3091607,37099284,2018577,24222924,519389976,21578417,10294577,169106,831,0,0
C012128,3495989,41951868,1641133,19693596,151337398,31444859,31444859,198097,873,0,0
C012129,4050301,48603612,1958907,23506884,132655270,69556690,50462994,404755,915,0,0
C012130,5798785,69585420,3424384,41092608,123036840,150035376,143514626,1086291,767,0,0
C012131,6213059,74556708,2368601,28423212,89414326,57784299,31799362,249317,777,0,0
C012132,7793016,93516192,2742891,32914692,314892391,85591427,52798780,661165,814,0,0
C012133,3920713,47048556,2843739,34124868,195317513,46596935,38965577,609473,774,1,0
C012134,12000000,144000000,7414889,88978668,966002520,62968720,62968720,323171,783,0,0
C012135,4781023,57372276,3089992,37079904,366228844,32543163,22715141,500154,817,0,0
C012136,2347576,28170912,1494069,17928828,146996302,27448053,14924248,181792,682,0,0
C012137,5035145,60421740,3311057,39732684,112122479,65689844,65689844,480112,853,0,0
C012138,3960592,47527104,2129191,25550292,36169655,20311554,13328593,316942,808,0,0
C012139,5512570,66150840,2830217,33962604,106804426,52708364,36007530,600293,841,0,0
C012140,6040504,72486048,4181700,50180400,740617749,133960977,132099911,834989,855,0,0
C012141,8348491,100181892,4670487,56045844,282242402,72941958,72941958,166970,817,0,0
C012142,3667455,44009460,2398616,28783392,97693123,27088832,27088832,272136,833,0,0
C012143,1800000,21600000,1221667,14660004,53637883,27850091,21501293,50000,696,1,0
C012144,3479034,41748408,1836876,22042512,134935175,21859172,15674667,338380,796,0,0
C012145,3456325,41475900,2319277,27831324,362105031,72074278,56850343,682488,610,0,0
C012146,7131443,85577316,4446332,53355984,315672505,93835262,80708724,937701,694,0,0
C012147,3924593,47095116,2892117,34705404,167114605,118465122,109599182,647758,699,1,1
C012148,8259583,99114996,2360960,28331520,964842591,121331009,121331009,1200441,849,0,0
C012149,5693771,68325252,2660350,31924200,153121245,106123627,80234819,347694,829,0,0
C012150,4396084,52753008,1963061,23556732,197269664,48220632,31127275,201617,842,0,0
C012151,3926699,47120388,2577201,30926412,344117039,26470583,21395027,421381,642,2,1
C012152,2392306,28707672,1634375,19612500,108923099,47310975,39627278,147724,821,0,0
C012153,3206813,38481756,2109840,25318080,354153991,26437680,11400545,105045,778,0,0
C012154,5127974,61535688,3410669,40928028,184926249,61786644,30222778,664934,721,0,0
C012155,7803114,93637368,6070061,72840732,187770849,92429442,89002413,633567,687,0,1
C012156,7701325,92415900,5081352,60976224,218925015,105926710,89661087,489992,637,2,0
C012157,2975826,35709912,1651436,19817232,238845376,57673942,55253494,497427,784,0,0
C012158,5065633,60787596,3185684,38228208,227048500,59770962,23265012,272686,787,0,0
C012159,2083332,24999984,1155277,13863324,25737610,24407496,24407496,94630,791,0,0
C012160,4330658,51967896,2863470,34361640,232597921,13500507,13500507,207251,738,0,0
C012161,3666993,44003916,2054787,24657444,313885292,22976407,8983490,208912,720,0,0
C012162,3708574,44502888,1386135,16633620,87744468,30671026,8313031,147005,766,0,0
C012163,3879332,46551984,2934534,35214408,171267314,42755591,19770258,478766,798,0,0
C012164,5610618,67327416,3662772,43953264,300814819,39451847,35836775,462444,752,0,0
C012165,4147108,49765296,1741494,20897928,211720130,76644080,62661228,306060,768,0,0
C012166,4566632,54799584,2760195,33122340,92171430,32898750,23310986,320305,782,0,0
C012167,3075163,36901956,1580064,18960768,164786242,26434375,10935060,310545,776,0,0
C012168,2237499,26849988,934977,11219724,182243172,18693817,11256318,151298,710,0,0
C012169,2563760,30765120,1745475,20945700,53905146,19153736,17901839,69966,795,0,0
C012170,4696834,56362008,2428245,29138940,392336295,52223288,36272636,372458,784,0,0
C012171,3893971,46727652,2413610,28963320,105787971,24561987,11806474,187546,755,0,0
C012172,3124505,37494060,1818521,21822252,358060478,42215184,23359971,405364,784,0,0
C012173,3582318,42987816,1961809,23541708,121742968,51842393,31211596,372447,776,0,0
C012174,1963074,23556888,1260538,15126456,67002419,33683162,21756066,292387,901,0,0
C012175,3474371,41692452,1173568,14082816,118467689,25308295,14381190,139483,833,0,0
C012176,1800000,21600000,955894,11470728,33279590,75375747,68149256,455828,788,0,0
C012177,3005338,36064056,1792354,21508248,140313093,57026951,50585859,338922,758,0,1
C012178,3510992,42131904,1121622,13459464,196595442,71950410,59096920,673920,775,0,0
C012179,3829638,45955656,2264784,27177408,160166624,27803849,17953686,474594,701,0,1
C012180,3738281,44859372,2146234,25754808,417281559,106601591,81867808,672151,804,0,0
C012181,2099792,25197504,956602,11479224,48522548,36235901,34908521,366655,920,0,0
C012182,3560305,42723660,1974182,23690184,73347164,85161504,73034665,323417,656,1,1
C012183,3926125,47113500,2229368,26752416,367623899,42576520,29003013,78523,804,0,0
C012184,4255147,51061764,3237282,38847384,156364698,131266823,111734315,1066936,631,1,0
C012185,5295983,63551796,3104861,37258332,269370719,160498665,160498665,1167602,724,0,0
C012186,4304290,51651480,3317991,39815892,366519337,45644736,20315182,325735,724,0,0
C012187,7236589,86839068,4458523,53502276,333662553,36681952,36681952,714428,725,0,0
C012188,5142842,61714104,3114331,37371972,328849689,65055568,31518237,736116,752,0,0
C012189,2644492,31733904,1846752,22161024,59603680,47686014,45035743,468344,736,0,0
C012190,2588824,31065888,1799677,21596124,95936151,66467976,47259811,453648,665,3,1
C012191,3617453,43409436,2483889,29806668,35875183,24366839,22504853,298935,780,0,0
C012192,3593847,43126164,1676060,20112720,43311072,112155487,92626021,678728,764,0,0
C012193,4292722,51512664,2204970,26459640,106603785,47213288,38339066,503690,813,0,0
C012194,3426516,41118192,3201328,38415936,133565240,55652356,29416201,604270,597,0,1
C012195,6233413,74800956,2867774,34413288,1047213384,41999300,21218934,464964,799,0,0
C012196,2029479,24353748,1534278,18411336,60452660,88027638,82183382,617042,733,0,0
C012197,3559373,42712476,1786570,21438840,78310497,27566705,19952556,327911,746,0,0
C012198,6298275,75579300,4151956,49823472,385043417,166602059,135165294,1320776,744,0,0
C012199,4247394,50968728,3671415,44056980,31539891,31479235,23835320,317482,797,0,0
C012200,3915487,46985844,2301192,27614304,176450657,24855702,24855702,411668,790,0,0
C012201,3368628,40423536,1753942,21047304,216727952,58990078,48163574,307291,788,0,0
C012202,4409143,52909716,1777933,21335196,219953058,46538079,39424280,447263,829,0,0
C012203,2450146,29401752,1539830,18477960,50405803,16515505,8641469,144180,834,0,0
C012204,6991947,83903364,4430461,53165532,444358651,199275716,138201480,1438332,647,0,0
C012205,5829231,69950772,3663225,43958700,233719687,109725882,104162372,714370,765,0,0
C012206,2169092,26029104,1501397,18016764,59812603,18247296,18247296,235950,726,0,0
C012207,4696554,56358648,3408782,40905384,140094403,72964121,40792228,725075,690,0,0
C012208,6251319,75015828,2589047,31068564,559565738,51638844,38526600,228997,728,0,0
C012209,5317975,63815700,3012254,36147048,320180870,28008254,16869816,116731,789,0,0
C012210,12000000,144000000,7073298,84879576,130190034,188269789,129731395,1677066,678,0,0
C012211,2472186,29666232,856320,10275840,67435666,28495730,16191117,334804,796,0,0
C012212,3903864,46846368,2052163,24625956,301611804,55761711,40526617,180220,808,0,0
C012213,4702891,56434692,3181020,38172240,297793193,83769519,48642888,827686,617,5,1
C012214,3764991,45179892,1429463,17153556,146701088,50127762,47820494,373567,865,0,0
C012215,2251007,27012084,1297268,15567216,159636549,88041920,88041920,456445,763,0,0
C012216,4823542,57882504,1918528,23022336,223643807,59037852,42035776,306660,798,0,0
C012217,2623080,31476960,1944677,23336124,130222305,108848193,94610721,637868,660,0,1
C012218,2115302,25383624,1176967,14123604,73280809,32197410,19139969,247992,803,0,0
C012219,4819726,57836712,4351210,52214520,225885040,123360967,96029675,666883,652,1,1
C012220,5044568,60534816,2938518,35262216,214220811,56996227,44650583,617452,819,0,0
C012221,6173798,74085576,3125884,37510608,438337951,92622178,67886980,338068,688,0,1
C012222,5612963,67355556,4190210,50282520,223562187,69687436,57457862,121621,762,0,0
C012223,4177464,50129568,2735166,32821992,163765589,70368909,55094635,418747,700,0,0
C012224,4908096,58897152,3327349,39928188,224280540,31277690,13380439,98162,797,0,0
C012225,1800000,21600000,1011451,12137412,30705791,12576226,9402772,162755,803,0,0
C012226,3582869,42994428,2047507,24570084,601921992,15363763,6131800,150559,743,0,0
C012227,2994841,35938092,1584825,19017900,182325178,28118171,18782783,247095,764,0,0
C012228,8145177,97742124,3988551,47862612,716954429,75303894,75303894,816811,796,0,0
C012229,6494007,77928084,4582489,54989868,405428711,89467866,63991357,849762,701,0,0
C012230,4339519,52074228,2330723,27968676,106993559,83897180,71866326,791688,892,0,0
C012231,2241614,26899368,1293398,15520776,88551842,37156945,25186426,260755,707,1,0
C012232,4175352,50104224,3425853,41110236,189797834,89746015,69667854,564434,700,1,0
C012233,3071371,36856452,1940382,23284584,80397008,56747881,38896114,190510,701,0,0
C012234,6227288,74727456,4897068,58764816,189482186,228678925,159852651,1214946,687,0,0
C012235,5621880,67462560,3063135,36757620,115159366,43918305,43412444,123914,734,0,0
C012236,2204060,26448720,1256503,15078036,95962521,18231643,15182906,285112,828,0,0
C012237,3087220,37046640,1794439,21533268,272823289,24564334,24564334,312982,738,0,0
C012238,4014542,48174504,2421791,29061492,223467256,22745443,22745443,535699,725,0,0
C012239,5552683,66632196,4239551,50874612,128552072,88960022,61914569,698597,675,0,0
C012240,5694131,68329572,4349685,52196220,263056941,92957349,65571930,744624,645,2,1
C012241,5283076,63396912,4046922,48563064,142198694,117155777,116178018,1105331,840,0,0
C012242,5259261,63111132,3001726,36020712,580563272,63834981,59385021,531592,757,0,0
C012243,2496681,29960172,1540407,18484884,118352322,34089061,27619482,265508,712,0,0
C012244,3717829,44613948,1740114,20881368,96952646,61770835,58168127,467214,783,0,0
C012245,3242875,38914500,1291961,15503532,395059898,51413715,42792014,360021,767,0,1
C012246,7232057,86784684,4416301,52995612,345104831,201775019,178024883,1610690,795,0,0
C012247,2546917,30563004,1349596,16195152,51922018,11424584,8157708,161151,824,0,0
C012248,4427773,53133276,2367712,28412544,58295139,159788482,137620380,581908,753,0,0
C012249,4918110,59017320,3529960,42359520,428884331,70960145,52369471,660726,678,0,0
C012250,10631880,127582560,9470377,113644524,275338420,119184491,61392009,987118,787,0,0
C012251,4586501,55038012,2560242,30722904,296138525,58765565,35065205,535354,767,0,0
C012252,6612890,79354680,4208847,50506164,233646800,95392958,82681891,596765,780,0,0
C012253,3755323,45063876,2615194,31382328,524768485,54739826,54375140,500636,730,0,0
C012254,4611678,55340136,2765420,33185040,446483533,44765541,42789464,232944,813,0,0
C012255,2853761,34245132,2316163,27793956,241076814,29872788,18410278,357002,814,0,0
C012256,2850004,34200048,1470443,17645316,365033386,103970034,93193160,751793,736,0,0
C012257,1800000,21600000,1082323,12987876,34256219,25257449,25257449,153485,826,0,0
C012258,2612535,31350420,2102586,25231032,219506874,23568774,23568774,79427,833,0,0
C012259,2099293,25191516,1267365,15208380,123721296,8605217,8605217,203124,776,0,0
C012260,3581855,42982260,2327587,27931044,354020651,25689280,17502283,209887,814,0,0
C012261,3856114,46273368,2497739,29972868,348313162,31416177,16404281,118181,780,0,0
C012262,6056848,72682176,3002189,36026268,299716629,54468202,47089687,259323,863,1,0
C012263,5084183,61010196,3433232,41198784,72549087,80767078,68077337,964534,672,0,1
C012264,2619436,31433232,2001668,24020016,72937765,25476668,17907364,63827,775,0,0
C012265,4542981,54515772,2893647,34723764,66800921,35357008,34616230,538955,811,0,0
C012266,6055461,72665532,2850601,34207212,98987583,128977442,105983902,783098,816,0,0
C012267,3311514,39738168,2515697,30188364,261996035,32053576,16712468,87400,738,0,0
C012268,4155656,49867872,2447105,29365260,167653357,168344852,154392457,1042911,710,1,1
C012269,3047524,36570288,1367281,16407372,174573808,35199467,35199467,125481,890,0,0
C012270,8984901,107818812,5072015,60864180,626550618,87239613,66584256,179698,815,0,0
C012271,3702497,44429964,2006953,24083436,148008315,23131350,11900066,81191,834,0,0
C012272,5058578,60702936,1264645,15175740,38753089,118463142,112538593,1245492,717,0,0
C012273,4633015,55596180,2949236,35390832,87392235,74750623,64849721,865103,743,0,0
C012274,6331769,75981228,3034632,36415584,501956805,50849835,48728071,254933,950,0,0
C012275,3849619,46195428,2638479,31661748,235741164,72314916,64653937,565963,720,0,0
C012276,9510618,114127416,3746213,44954556,1359108983,49441311,49441311,190212,789,0,0
C012277,4473885,53686620,3549191,42590292,77254434,49826255,27838268,286630,798,0,0
C012278,1904334,22852008,937845,11254140,64870132,32580230,24837785,84050,748,0,0
C012279,3662582,43950984,1591602,19099224,125670227,25651684,20781047,200092,743,1,0
C012280,4741147,56893764,2592260,31107120,359742421,39509796,39509796,498493,839,0,0
C012281,4345846,52150152,1992281,23907372,417901254,51284469,44639486,255450,765,0,0
C012282,12000000,144000000,4083535,49002420,461045607,51154098,51154098,1219280,748,0,0
C012283,7316061,87792732,2465589,29587068,392195673,104881177,69519441,415005,711,0,0
C012284,3809799,45717588,2654737,31856844,78922752,51209796,33496974,417972,648,1,0
C012285,3674084,44089008,1301147,15613764,230955628,38791723,15099946,353231,747,0,0
C012286,1800000,21600000,993780,11925360,39053083,13937124,9526896,186934,765,0,0
C012287,4325007,51900084,2710396,32524752,124711791,42881550,20884181,456521,743,0,0
C012288,3661217,43934604,2492143,29905716,292325468,79352139,53412995,560136,803,0,0
C012289,3846686,46160232,2689675,32276100,64853457,155375833,150378498,1110234,668,0,1
C012290,4199283,50391396,2714088,32569056,609691040,103192254,90948259,559249,711,0,0
C012291,5838959,70067508,4073854,48886248,136317558,49089274,25823739,442336,759,0,0
C012292,7209963,86519556,4645426,55745112,520296123,84702755,69893523,661168,798,0,0
C012293,4564179,54770148,3112334,37348008,191461227,55346205,40298692,686936,774,0,0
C012294,1840013,22080156,1193503,14322036,162048145,39930739,31923543,289378,875,0,0
C012295,5043504,60522048,2540724,30488688,154761011,65942169,50430969,336658,764,0,0
C012296,5155992,61871904,2215268,26583216,444776512,63868136,51407794,453576,771,0,0
C012297,2928035,35136420,2186442,26237304,106815879,14147269,5881537,126296,808,0,0
C012298,3169476,38033712,1838275,22059300,120303213,12327266,11551756,63390,833,0,0
C012299,2542337,30508044,2032951,24395412,168062044,24071905,19678914,455667,655,1,1
C012300,2836892,34042704,1644262,19731144,476597856,61992903,55959631,506620,764,0,0
C012301,8720413,104644956,5588709,67064508,1085840207,226115594,225439473,1366925,757,0,0
C012302,7143532,85722384,4195952,50351424,210596482,73661863,35803211,489119,757,0,0
C012303,6639140,79669680,1874924,22499088,236274480,91710472,66573611,517542,816,0,0
C012304,6798038,81576456,2949649,35395788,142492572,75867809,59757203,461651,701,0,0
C012305,6235663,74827956,2515153,30181836,422202733,95961747,91069764,879651,833,0,0
C012306,2677540,32130480,1712654,20551848,37654367,29819520,18811192,139667,759,1,0
C012307,4260865,51130380,2844649,34135788,92132403,42553860,42553860,388336,785,0,0
C012308,5460396,65524752,2003220,24038640,228125274,64147953,29684798,219140,831,0,0
C012309,2898425,34781100,2397709,28772508,94753462,26977278,18797607,419535,720,0,0
C012310,4126991,49523892,3315173,39782076,498021131,108154138,105531930,878353,693,0,1
C012311,3967505,47610060,2209763,26517156,97929418,20818263,16221831,373228,826,0,0
C012312,4866505,58398060,2194466,26333592,313422264,74949231,71263848,482857,790,0,0
C012313,5153062,61836744,3894425,46733100,223410375,47142762,31030428,618707,634,0,1
C012314,4862330,58347960,2788173,33458076,236338294,42591437,38356877,373994,834,0,0
C012315,3918872,47026464,2556679,30680148,127052435,86520139,73390328,509621,845,0,0
C012316,5697176,68366112,1767351,21208212,182159312,169498219,128273111,1252620,830,0,0
C012317,5177738,62132856,2714493,32573916,58762779,104637419,74503929,809128,776,0,0
C012318,1800000,21600000,949792,11397504,26859014,12757751,12757751,142769,812,0,0
C012319,1809730,21716760,1616057,19392684,100846820,18434380,14449231,132164,863,0,0
C012320,1800000,21600000,1297573,15570876,31959787,34135736,24938367,250297,761,0,0
C012321,8626544,103518528,3021253,36255036,799432556,49283031,26154526,449640,763,0,0
C012322,8982699,107792388,6437145,77245740,851670789,110396222,82586073,726605,852,0,0
C012323,2410750,28929000,1682531,20190372,309077886,23323311,7866530,85186,800,0,0
C012324,1816010,21792120,923354,11080248,62626063,12554404,9425088,54795,730,0,0
C012325,3025324,36303888,1837447,22049364,144991702,68732739,68732739,622040,812,0,0
C012326,5885510,70626120,4214813,50577756,733385016,20669274,14168829,255527,765,0,0
C012327,2918773,35025276,1640672,19688064,54709775,36089575,15980285,194888,804,0,0
C012328,4433071,53196852,3203862,38446344,200939233,49619993,33689727,243725,761,0,0
C012329,4759122,57109464,3057075,36684900,250205118,18909449,18909449,319963,748,0,0
C012330,5068278,60819336,2218232,26618784,54730128,45982365,36359966,528263,950,0,0
C012331,8341174,100094088,7237022,86844264,596004221,154002058,118323441,2259547,609,1,0
C012332,4973964,59687568,2812105,33745260,184397247,132706294,96888350,885367,664,0,0
C012333,2697289,32367468,1376642,16519704,44740251,12344671,6855205,103253,822,0,0
C012334,8822108,105865296,3651875,43822500,130828880,127256173,127256173,1453255,842,0,0
C012335,3239004,38868048,1625709,19508508,544152672,89793934,76974794,609472,735,0,1
C012336,2851216,34214592,1424786,17097432,217060545,27227534,10388258,166803,822,0,0
C012337,4124902,49498824,1631070,19572840,388441841,77173946,60050971,864548,633,4,1
C012338,6255235,75062820,3511913,42142956,259419274,116897479,90600603,969384,746,0,0
C012339,2943738,35324856,1143915,13726980,105131958,29849871,26360607,266839,835,0,0
C012340,6657325,79887900,3733350,44800200,533917063,100485552,89376156,1014839,879,0,0
C012341,2038442,24461304,884158,10609896,174906478,31435261,31435261,291255,794,0,0
C012342,4416248,52994976,2545762,30549144,77164452,102311593,73443684,739880,707,0,0
C012343,2866527,34398324,1689630,20275560,481576536,46793297,36303738,57331,908,0,0
C012344,3558714,42704568,1435800,17229600,187495354,76263087,50670346,312999,745,0,0
C012345,4628995,55547940,3377047,40524564,83256540,87082673,57635476,882864,717,0,0
C012346,6590188,79082256,3300888,39610656,397465583,95623154,95623154,1303241,671,0,1
C012347,2448078,29376936,1316914,15802968,117327301,12260015,10083443,50000,840,0,0
C012348,4944023,59328276,2381267,28575204,830595864,30882151,17002493,98880,707,0,0
C012349,7944982,95339784,5578564,66942768,756300476,441733857,420296484,2563469,633,0,0
C012350,3361056,40332672,1470461,17645532,124058977,70129713,69281077,410227,834,0,0
C012351,8246032,98952384,4656979,55883748,197379748,235398736,206506967,1184891,729,0,0
C012352,5128331,61539972,3066113,36793356,601867608,94216509,55936956,730860,814,0,0
C012353,4836255,58035060,2924113,35089356,59034798,35138632,33488819,419879,730,0,0
C012354,3960339,47524068,2024312,24291744,90751031,106916056,91160569,499347,815,0,0
C012355,4082052,48984624,2020347,24244164,238156022,30494996,30494996,337657,833,0,0
C012356,5200983,62411796,2804289,33651468,208503860,35046737,21901285,104020,836,0,0
C012357,4717950,56615400,2211250,26535000,209291792,71877428,71877428,490964,784,1,0
C012358,4816353,57796236,3092464,37109568,204395576,35738845,22943458,275865,801,0,1
C012359,6696310,80355720,3127552,37530624,184964318,144916896,144916896,1354449,746,0,0
C012360,2569622,30835464,1548238,18578856,287757881,22077208,13750104,407754,816,0,0
C012361,5816875,69802500,2776367,33316404,413080938,46646753,32811332,196101,851,0,0
C012362,4508326,54099912,2762518,33150216,96879862,43321633,20605703,351144,748,1,1
C012363,2294489,27533868,1530518,18366216,28877704,22551079,15431276,313862,762,0,1
C012364,2099011,25188132,1637167,19646004,57214196,38738809,24866452,204223,721,0,0
C012365,2135361,25624332,1202327,14427924,174248018,10955494,10955494,50000,822,0,0
C012366,4832818,57993816,2891268,34695216,88627322,44327009,28296431,276885,842,1,0
C012367,6146698,73760376,3786590,45439080,219876047,70947141,52413228,795130,787,0,0
C012368,4847985,58175820,1473348,17680176,195892793,75111559,64669770,443117,763,0,0
C012369,4078782,48945384,1555274,18663288,86148693,32318527,32318527,395143,826,0,0
C012370,4713723,56564676,2486213,29834556,195041453,74112208,69863411,694414,626,0,0
C012371,2834426,34013112,2442073,29304876,67157761,39670908,28277839,163408,768,0,0
C012372,2462103,29545236,1540786,18489432,154677842,21433096,19031621,69709,780,0,0
C012373,1800000,21600000,1224160,14689920,31265477,30727626,26090393,194364,826,0,0
C012374,3978254,47739048,2830763,33969156,187917224,63552217,51447522,490994,752,0,0
C012375,5114844,61378128,2363123,28357476,77273587,81815000,66837408,437998,773,0,0
C012376,4531384,54376608,1371329,16455948,152715383,25244816,16452626,389772,754,0,0
C012377,3175535,38106420,2309644,27715728,106150775,91290355,78721916,513707,709,0,1
C012378,2428546,29142552,970551,11646612,37151242,21841009,12958877,203550,743,0,0
C012379,3562434,42749208,2992919,35915028,164965275,96930725,57264067,624505,751,0,1
C012380,2175625,26107500,913940,10967280,201407918,22481476,11406351,151968,762,0,0
C012381,3264649,39175788,2052708,24632496,39362526,17539339,17352917,82280,750,0,0
C012382,3646153,43753836,2630893,31570716,285326906,15346733,7531042,246196,702,0,0
C012383,2490992,29891904,1382869,16594428,178581138,50994492,41856830,273654,692,0,0
C012384,3096247,37154964,1688850,20266200,98303183,45360936,37420660,194944,779,0,0
C012385,5224086,62689032,3097882,37174584,380051725,136048362,106925168,598776,736,0,1
C012386,10486538,125838456,6301613,75619356,379189806,108944830,55845720,714265,839,0,0
C012387,4372066,52464792,2435572,29226864,60025080,27967095,11465144,411037,848,0,0
C012388,6783064,81396768,2338349,28060188,277207253,83377487,83377487,316179,803,1,0
C012389,3579509,42954108,1733834,20806008,248264962,55665422,42862553,455496,700,0,0
C012390,1911483,22937796,1046795,12561540,162778863,25547378,24057227,301358,745,0,0
C012391,5647522,67770264,4129393,49552716,185968575,14461887,14461887,518354,770,0,0
C012392,4793589,57523068,3689129,44269548,407248547,51718662,35210491,294854,777,0,0
C012393,3204244,38450928,1543226,18518712,35024216,30437394,30437394,294246,857,0,1
C012394,7277196,87326352,5449234,65390808,404815621,61124407,49531195,401234,766,0,0
C012395,4589949,55079388,2146214,25754568,92675735,46386090,34792476,475149,786,0,0
C012396,7474068,89688816,5439933,65279196,414412714,219577974,169436394,1104400,801,0,0
C012397,3928350,47140200,2849843,34198116,97498813,43275649,30034564,281785,800,0,0
C012398,4250455,51005460,1869133,22429596,714076440,48030728,24437565,251859,831,0,0
C012399,3971630,47659560,2911391,34936692,74068853,23134860,14787948,346797,783,0,0
C012400,2728300,32739600,1420410,17044920,86101496,13823075,13823075,264070,676,1,1
C012401,3310948,39731376,1438400,17260800,91966576,29207324,18668548,115086,833,0,0
C012402,4572482,54869784,3201132,38413584,58656396,24534307,24534307,348823,755,1,0
C012403,3730240,44762880,2216266,26595192,60806452,98141360,70941921,720677,748,0,0
C012404,2225750,26709000,556438,6677256,107699556,8140090,8140090,260697,765,0,0
C012405,1999598,23995176,1051241,12614892,68945105,39908886,34016303,271186,684,0,0
C012406,7075589,84907068,4167384,50008608,810335674,61178875,61178875,314066,826,0,0
C012407,3500145,42001740,1364467,16373604,99932857,108778176,91902940,536880,819,0,0
C012408,2654191,31850292,1771752,21261024,217622811,60959105,50024601,538259,711,0,0
C012409,3958164,47497968,1971002,23652024,103608528,57885887,21828548,404182,784,0,1
C012410,2981450,35777400,2142602,25711224,211236155,37514483,37514483,307764,778,0,0
C012411,10922509,131070108,5411643,64939716,934761574,63711583,63711583,438243,878,0,0
C012412,4955338,59464056,2543359,30520308,408695556,71013308,60738557,459377,741,0,0
C012413,2937631,35251572,2357983,28295796,17644453,32819166,26249787,343263,848,0,0
C012414,4765029,57180348,2718524,32622288,79437013,42132300,42132300,491910,820,1,1
C012415,5348118,64177416,2935977,35231724,632449070,45295126,35772934,386222,828,0,0
C012416,8071139,96853668,3576806,42921672,186691161,159167011,93360563,865632,808,0,0
C012417,2920844,35050128,1694319,20331828,72666457,37694837,30470216,339475,773,0,0
C012418,1970663,23647956,1267808,15213696,102461619,27553468,27553468,333145,811,0,0
C012419,3293831,39525972,1783321,21399852,93142899,194361338,177866874,1218743,691,0,0
C012420,2759038,33108456,2132418,25589016,189684028,34015073,23501559,302286,783,0,1
C012421,3822257,45867084,2088113,25057356,164939206,35670641,16203332,92461,909,0,0
C012422,12000000,144000000,6756821,81081852,284427001,38840749,38840749,1171272,835,0,0
C012423,3867836,46414032,2582124,30985488,218379731,55111214,45638180,518023,749,0,0
C012424,3049861,36598332,862860,10354320,322823573,30092607,22865932,208268,797,0,0
C012425,1993671,23924052,498418,5981016,86864183,10348179,10348179,229987,682,0,0
C012426,2216807,26601684,1584351,19012212,372423576,90785206,88346099,640691,690,0,1
C012427,3497011,41964132,2456988,29483856,288450342,48858564,40567195,502877,918,0,0
C012428,2579347,30952164,1537530,18450360,163373096,60277774,59333391,515225,795,0,1
C012429,2540733,30488796,2400846,28810152,175513346,19351365,13480671,196465,702,0,0
C012430,2274110,27289320,1265145,15181740,75029657,19634014,8280776,327676,788,0,0
C012431,3616214,43394568,1519756,18237072,426744505,51008311,38570056,154531,752,0,0
C012432,4117586,49411032,1673451,20081412,383668225,48929405,33874573,192355,854,0,0
C012433,1992092,23905104,1287562,15450744,58520165,18117460,9739839,337337,669,0,0
C012434,2924964,35099568,1565609,18787308,13555189,80923516,69285847,635772,772,1,0
C012435,4541666,54499992,2716996,32603952,187396852,187269693,180320064,1108045,715,0,0
C012436,2916063,34992756,1904631,22855572,62951354,64934800,55641691,317134,762,0,0
C012437,2847707,34172484,1089429,13073148,114959588,37387381,18004107,58448,738,0,0
C012438,3766870,45202440,1843886,22126632,632834160,108859728,96379940,720284,708,0,0
C012439,3159105,37909260,2407153,28885836,128275471,47215785,35973579,330986,825,0,0
C012440,3823166,45877992,2422812,29073744,94931002,59434075,52950655,616556,793,0,0
C012441,3486319,41835828,2270877,27250524,506105325,40732991,24784077,226243,752,0,0
C012442,2998909,35986908,749727,8996724,57506694,35162644,34806659,196568,761,0,0
C012443,6751173,81014076,4949940,59399280,878103351,346446990,335930348,2128926,676,0,1
C012444,3043648,36523776,1692336,20308032,302294872,52303150,38273205,436234,760,0,0
C012445,10694729,128336748,7286317,87435804,464014526,253359505,220467501,1841109,685,1,0
C012446,3417789,41013468,1288086,15457032,91652535,40726786,30466711,465945,863,0,0
C012447,2184576,26214912,1183957,14207484,72396649,49866967,42985662,279121,809,0,0
C012448,4141204,49694448,2095286,25143432,420730081,74700815,57785972,580893,854,0,0
C012449,2995608,35947296,1316094,15793128,55119405,15074066,10280924,208341,708,1,0
C012450,3673410,44080920,1381976,16583712,33590067,28910649,21105335,292642,944,0,0
C012451,2538147,30457764,778661,9343932,29591193,23023723,18165715,355937,866,0,0
C012452,6559490,78713880,3542013,42504156,40669132,59458287,37795673,490025,790,0,0
C012453,7171878,86062536,5594661,67135932,633281284,159838470,143067028,1463489,644,1,0
C012454,5394493,64733916,1993440,23921280,99640087,81257907,78210608,709219,860,0,0
C012455,3019899,36238788,1797904,21574848,48447437,68006926,64827828,497465,746,1,0
C012456,5118396,61420752,4547698,54572376,233751376,49984101,30955783,344894,676,1,1
C012457,7225171,86702052,4529322,54351864,692279030,113642476,88293076,959010,767,0,0
C012458,4734167,56810004,1409172,16910064,92383421,128399931,113057736,626814,726,0,1
C012459,3507776,42093312,2228199,26738388,384066774,65260153,49454706,299936,825,0,0
C012460,4568481,54821772,2067572,24810864,187735798,40008355,22893147,272520,890,0,0
C012461,2225780,26709360,1291260,15495120,139424053,12263558,10049056,154663,745,0,0
C012462,3151873,37822476,1849258,22191096,173342156,30080518,17149863,319007,778,0,0
C012463,1907678,22892136,1183043,14196516,248875617,33422416,29290376,342134,741,0,0
C012464,4396007,52752084,3102825,37233900,67761930,125856378,117015356,927103,768,0,0
C012465,4011714,48140568,1837619,22051428,35695928,19006572,19006572,183730,803,1,0
C012466,4956539,59478468,2393761,28725132,167984875,68658429,36249263,207466,679,1,0
C012467,4250057,51000684,2943742,35324904,199883457,60357510,47114581,889255,744,0,1
C012468,3365494,40385928,2197604,26371248,184616598,35347299,20229317,146765,818,0,0
C012469,2998647,35983764,1051232,12614784,503772696,34184274,24804589,417257,767,0,0
C012470,3497419,41969028,2164992,25979904,44674219,46450195,44564410,305599,770,1,0
C012471,3897988,46775856,2324719,27896628,248458918,42447906,33468100,458910,728,1,0
C012472,4114204,49370448,2383116,28597392,175384476,31882845,20763614,511070,769,0,0
C012473,7988921,95867052,5088965,61067580,771456791,72966187,45981621,1358765,687,1,0
C012474,6443146,77317752,3017556,36210672,233988300,56231786,51270104,219964,789,0,0
C012475,5267710,63212520,3696224,44354688,146500090,44587548,24407427,228795,860,0,0
C012476,3326422,39917064,2364490,28373880,227039226,51706593,27582606,268291,837,0,0
C012477,4958939,59507268,1240409,14884908,129255007,75221020,43139951,358015,870,0,0
C012478,2024773,24297276,1439859,17278308,56546977,11819854,6344872,50000,807,0,0
C012479,3729984,44759808,1192613,14311356,100250282,48383869,32584591,315910,876,0,0
C012480,5119713,61436556,2045025,24540300,142704992,138087685,125141365,734576,728,0,0
C012481,1862652,22351824,1728261,20739132,51694479,23312451,23041412,287835,671,1,1
C012482,7297371,87568452,5556488,66677856,205940391,154886560,124667384,1439901,756,0,0
C012483,3352325,40227900,2142406,25708872,73181873,21319510,21319510,141264,718,0,0
C012484,5021166,60253992,3195098,38341176,89022832,15340960,15340960,192465,824,0,0
C012485,5015666,60187992,3153010,37836120,777470984,41693530,14376674,259301,769,1,0
C012486,3471179,41654148,2004873,24058476,384745404,29706754,12450595,195978,875,0,0
C012487,3173497,38081964,1739690,20876280,313419951,30258755,19949732,498076,763,0,0
C012488,2624807,31497684,1216248,14594976,50644367,34512966,30290861,230750,757,0,0
C012489,4471393,53656716,2526107,30313284,237646676,52894960,46493469,666440,767,0,0
C012490,2569192,30830304,1354150,16249800,172473783,51960542,35919680,345758,892,0,0
C012491,2384974,28619688,1204083,14448996,94068415,34469340,20265391,60970,862,0,0
C012492,3127063,37524756,2037103,24445236,47040815,44404234,41663176,468337,846,0,0
C012493,3298438,39581256,2094166,25129992,127418108,71427870,63888821,513752,760,0,0
C012494,2646215,31754580,1871727,22460724,118906780,35737048,24136422,287520,724,0,0
C012495,7896362,94756344,5735100,68821200,258677635,40699347,27247227,504708,814,0,0
C012496,7067897,84814764,5066260,60795120,237229972,75379836,67654035,730056,724,0,0
C012497,11437371,137248452,5214634,62575608,1203975145,188785899,142823603,1286349,865,0,0
C012498,4874491,58493892,2337949,28055388,118087472,139008152,125895614,889825,782,0,0
C012499,5923857,71086284,3156576,37878912,582790656,51564204,37644785,428535,828,0,0
C012500,9458213,113498556,6342651,76111812,338434584,143120295,127672008,1308653,816,0,0
C012501,5787404,69448848,4995868,59950416,96577234,62313823,62313823,713771,799,0,0
C012502,9486841,113842092,7168196,86018352,149970385,172629315,108330283,1436577,687,0,1
C012503,2268585,27223020,1563382,18760584,84491421,17381220,13434827,134937,748,0,0
C012504,3158134,37897608,1781496,21377952,288282256,24039985,14511857,63163,830,0,0
C012505,5145365,61744380,3895689,46748268,244862599,85593184,80822166,322620,768,0,0
C012506,3472863,41674356,1157457,13889484,36072501,48360571,32901864,353046,708,0,0
C012507,2791260,33495120,1625699,19508388,20071941,44836317,17460469,77321,704,0,0
C012508,6161072,73932864,4483520,53802240,107855850,68554768,54006007,479900,726,0,0
C012509,3493117,41917404,1563267,18759204,161269454,65595822,54194778,244123,832,0,0
C012510,5990490,71885880,3289562,39474744,198522940,70446611,50381526,801749,801,0,0
C012511,3223158,38677896,2650639,31807668,143593655,58064247,44292939,427491,754,0,0
C012512,4912886,58954632,3149756,37797072,712426017,63689831,45772878,207241,830,0,0
C012513,5145752,61749024,2832949,33995388,479984631,46634839,24989214,328093,786,0,0
C012514,3717387,44608644,2091941,25103292,58548101,46337504,30858991,383980,948,0,0
C012515,5125199,61502388,3990410,47884920,237125327,35866470,35866470,539108,750,0,0
C012516,12000000,144000000,6819318,81831816,119668207,125238906,72576686,381940,756,1,0
C012517,3015393,36184716,1807062,21684744,339241229,50231512,37504256,271693,687,0,0
C012518,6609417,79313004,5564422,66773064,217647818,63256580,56411356,458049,750,0,0
C012519,4345199,52142388,2808980,33707760,375912449,39569718,12561748,364503,755,0,0
C012520,3164500,37974000,1302925,15635100,141374709,24585425,24585425,372137,794,0,0
C012521,3558467,42701604,2478992,29747904,240198292,37611357,35014224,415705,826,0,0
C012522,9163423,109961076,6015279,72183348,87813603,38152034,38152034,1050053,910,0,0
C012523,9532627,114391524,3585130,43021560,332285789,70077917,57551560,230505,743,0,0
C012524,5459227,65510724,3516806,42201672,235383480,37324769,26812935,541796,807,0,0
C012525,3768828,45225936,2756829,33081948,121131967,83193715,77055371,598964,664,0,0
C012526,3712252,44547024,2036985,24443820,203498165,50168221,48805548,350022,822,0,0
C012527,5528201,66338412,3274816,39297792,270847510,53731129,31559260,562701,806,0,0
C012528,5886142,70633704,3416271,40995252,217738229,132805802,112597562,912505,750,0,0
C012529,6023479,72281748,3968778,47625336,144617626,36212505,19593049,147800,917,1,0
C012530,12000000,144000000,5246084,62953008,421794520,112273452,83009383,1649839,823,0,0
C012531,8922426,107069112,2903542,34842504,552369504,139149175,84402785,1120355,881,0,0
C012532,4022974,48275688,2340578,28086936,207435671,56460648,49311798,568291,738,0,0
C012533,1842430,22109160,1058639,12703668,120079708,26501861,20157503,152485,855,0,0
C012534,6835786,82029432,3717089,44605068,120566514,44556738,35555972,995980,773,0,1
C012535,3266534,39198408,2250241,27002892,189110418,40778417,39600471,339223,718,0,0
C012536,3491987,41903844,2411608,28939296,195999311,28068836,18580903,285770,736,0,0
C012537,4962323,59547876,3064677,36776124,68999468,190275209,178321390,1155779,686,0,0
C012538,3839383,46072596,2242873,26914476,121064748,29505004,20518557,76788,911,0,0
C012539,7929218,95150616,3258718,39104616,624688485,238245408,225053748,1323563,729,1,0
C012540,3877243,46526916,2277702,27332424,143890607,35058134,22583921,443218,871,0,0
C012541,4026635,48319620,1720764,20649168,289476483,67491517,67491517,561046,802,0,0
C012542,2922193,35066316,1321213,15854556,377386285,33253843,33253843,481067,734,0,0
C012543,2487179,29846148,1210955,14531460,121542858,15899660,9023259,158112,779,0,0
C012544,4760437,57125244,2382676,28592112,155594237,55829189,55829189,593438,906,0,0
C012545,6351246,76214952,2961992,35543904,307239285,75905653,51090574,629570,764,0,0
C012546,5207491,62489892,3181193,38174316,562668070,47636419,26299105,631330,684,1,0
C012547,5630244,67562928,2328419,27941028,201266720,45836754,45836754,504319,816,0,0
C012548,1800000,21600000,834720,10016640,77320119,37863502,33177060,271864,720,1,0
C012549,2776058,33312696,1369622,16435464,119793412,89120958,71654935,660949,713,0,0
C012550,2813905,33766860,753048,9036576,149729623,15865778,12808009,89322,857,0,0
C012551,4800966,57611592,1725359,20704308,131589845,35481786,29809491,429382,854,0,0
C012552,3200210,38402520,1970835,23650020,189704034,36840991,36840991,569672,755,0,0
C012553,3642912,43714944,1894674,22736088,240858134,65048902,62621651,353112,758,0,0
C012554,3758970,45107640,1861778,22341336,200806690,14768742,10771539,75179,871,1,0
C012555,4031184,48374208,1906475,22877700,81601984,109920480,86377505,625820,772,0,0
C012556,8797354,105568248,3771179,45254148,222954201,280063290,276082277,1544768,734,0,0
C012557,2329081,27948972,1535694,18428328,113690106,43191810,21368190,69281,792,0,0
C012558,3360341,40324092,1761429,21137148,103505421,88993163,69571199,572362,841,0,0
C012559,8275228,99302736,6043094,72517128,135152778,96160564,94328999,1105688,767,0,0
C012560,2370012,28440144,1004815,12057780,338499332,40331024,39214265,350059,799,0,0
C012561,4508816,54105792,3213609,38563308,203052331,98007552,75818157,782323,684,0,1
C012562,4423300,53079600,2875052,34500624,75112006,62256960,51735808,225235,815,0,0
C012563,2082817,24993804,1695359,20344308,134909508,31879623,17123488,198687,701,0,1
C012564,3675981,44111772,1663920,19967040,91696678,40767964,32231739,212660,711,0,0
C012565,4155526,49866312,2070454,24845448,180186241,33263547,26396559,273599,804,0,0
C012566,5406999,64883988,3221755,38661060,300954501,83405694,41256145,617964,728,0,0
C012567,3391572,40698864,1611627,19339524,156803743,52263259,39585748,446514,919,0,0
C012568,3973361,47680332,2290024,27480288,159584608,7743023,4018186,79467,763,0,0
C012569,2178457,26141484,1388821,16665852,79922943,22271262,21438422,178747,796,0,0
C012570,7055829,84669948,2089939,25079268,779211044,162619483,127988582,584633,726,1,0
C012571,3729561,44754732,1785651,21427812,321399821,68089617,67883476,634987,860,0,0
C012572,4304386,51652632,1826597,21919164,209337922,31690195,18179739,86088,800,0,0
C012573,4758201,57098412,2573027,30876324,376654856,112369170,82402591,744695,673,2,0
C012574,4327342,51928104,1446471,17357652,190600452,78199935,71585403,851245,709,1,0
C012575,4350628,52207536,2093054,25116648,132121553,43060687,26615265,409803,768,0,0
C012576,3898360,46780320,2419323,29031876,593927405,79480238,69035902,796805,834,0,0
C012577,5014599,60175188,3954624,47455488,399233873,153049675,135953865,974383,658,0,1
C012578,4311196,51734352,2125371,25504452,228362486,36432440,36432440,692108,706,0,0
C012579,5701470,68417640,4282067,51384804,67907292,86509627,74406581,759638,778,0,0
C012580,5957502,71490024,3273647,39283764,369854186,46468759,36701809,299768,838,0,0
C012581,3348200,40178400,1988727,23864724,126377936,39683008,19973733,224174,789,0,0
C012582,3571443,42857316,2700231,32402772,103535323,39609751,13884528,155370,807,0,1
C012583,4308793,51705516,2459575,29514900,74710403,56363293,50181799,780447,752,0,0
C012584,2524414,30292968,753845,9046140,149698571,38230570,32069815,286353,783,0,0
C012585,3278736,39344832,1588453,19061436,48485225,8794933,8794933,265377,865,0,0
C012586,5174569,62094828,2350857,28210284,696278940,78251004,71262971,891809,762,0,0
C012587,4348637,52183644,4069958,48839496,328177623,88272293,54396533,573698,741,0,0
C012588,4588340,55060080,3124869,37498428,140336285,15819327,15819327,463977,756,0,0
C012589,3418131,41017572,2072527,24870324,47482770,42295586,27525527,309815,739,0,0
C012590,12000000,144000000,7987920,95855040,346843689,195458113,180580608,1034093,687,0,0
C012591,3314825,39777900,1769264,21231168,209743489,30991346,18951023,214122,737,0,0
C012592,7720057,92640684,4826608,57919296,366185981,61147028,61147028,1406237,813,0,0
C012593,3612946,43355352,2329132,27949584,67733261,24102352,17769235,475239,881,0,0
C012594,7137955,85655460,6021936,72263232,1199176440,113500644,78985114,1390282,689,0,0
C012595,6222673,74672076,4333563,52002756,337314689,110008162,85137545,1249188,710,0,0
C012596,3593330,43119960,1637825,19653900,193926199,57904835,34652026,418805,701,0,1
C012597,6299014,75588168,2665650,31987800,154849370,74286002,62006691,687374,836,0,0
C012598,7928637,95143644,4562261,54747132,521768444,82844846,35961564,923943,885,0,0
C012599,3645607,43747284,2791055,33492660,113382986,65329658,51973667,467991,816,0,0
C012600,3205461,38465532,801365,9616380,414223218,31477048,17186454,116152,785,1,0
C012601,10286295,123435540,7882719,94592628,209299628,270675015,228243652,1765958,752,0,0
C012602,3734239,44810868,2469697,29636364,260920275,22951097,21293941,90829,820,0,0
C012603,3795524,45546288,1944908,23338896,118996102,51827776,39101405,336893,804,0,0
C012604,5962318,71547816,4130163,49561956,230280225,20382452,18787738,327161,758,0,0
C012605,1800000,21600000,1023343,12280116,79368925,32268434,28695507,227309,800,0,0
C012606,5109359,61312308,3537957,42455484,126362141,79833666,57118076,676630,865,0,0
C012607,7759499,93113988,3143950,37727400,1017090913,167578354,151510295,1062730,741,0,0
C012608,3580373,42964476,914349,10972188,338273627,59209035,59209035,456260,816,0,0
C012609,4878635,58543620,2434204,29210448,819610680,38094226,38094226,496152,811,0,0
C012610,5550783,66609396,1907984,22895808,162252862,192459572,165772256,1237164,778,0,1
C012611,3047669,36572028,1460747,17528964,50401618,30342168,21004869,199605,741,0,0
C012612,8878377,106540524,4453283,53439396,248822590,85174635,28494807,1255080,715,0,0
C012613,6589396,79072752,2607216,31286592,295842538,271513989,257069941,1415477,823,0,0
C012614,5901568,70818816,4190942,50291304,991463424,74336907,32429583,357456,736,1,0
C012615,6172866,74074392,3330548,39966576,121216186,60212839,53560176,601603,788,0,0
C012616,7765122,93181464,4004055,48048660,105817928,41772169,41772169,813217,751,0,0
C012617,4828481,57941772,3247187,38966244,512480140,221610988,197753263,1421317,797,0,0
C012618,4278451,51341412,2331550,27978600,141477047,37569163,37230856,421492,770,0,0
C012619,3203327,38439924,1340774,16089288,184828687,60830733,60830733,636640,854,0,0
C012620,6277156,75325872,4189651,50275812,252320458,63494987,56865961,142028,803,0,0
C012621,4890748,58688976,3587565,43050780,485211147,56816004,35017705,718704,703,0,0
C012622,5394564,64734768,2009038,24108456,184261401,87230353,80967770,517176,746,0,0
C012623,4064432,48773184,2075538,24906456,206862135,147252648,126489335,1122670,660,0,1
C012624,2154935,25859220,1103244,13238928,69671459,56659290,46417925,423864,879,0,0
C012625,1800000,21600000,1116824,13401888,113464912,56816534,42046414,386382,740,0,0
C012626,2928599,35143188,1145445,13745340,399683014,29326792,17533605,286038,830,0,0
C012627,5841113,70093356,2824234,33890808,309266349,145188409,117792334,1010734,694,1,1
C012628,5252210,63026520,2586052,31032624,688334920,107615881,91694469,584380,675,1,0
C012629,4600912,55210944,3416525,40998300,318617846,90907484,67651556,476857,703,0,1
C012630,5425725,65108700,2482513,29790156,136771199,70434786,37802443,453978,896,0,0
C012631,1972222,23666664,898915,10786980,69459973,24601334,16520648,112944,862,0,1
C012632,4992273,59907276,2562889,30754668,79018719,44067704,44067704,433779,754,0,0
C012633,5648619,67783428,4394988,52739856,230689816,91423594,59320163,336662,681,0,1
C012634,6166271,73995252,3137385,37648620,126563285,58757148,45916411,630688,789,0,0
C012635,9823851,117886212,4982466,59789592,280871197,76703518,76703518,851013,813,0,0
C012636,4122655,49471860,2046973,24563676,427906394,25705368,10338220,383799,894,0,0
C012637,4085230,49022760,2587235,31046820,381809786,39814076,35093809,409983,880,0,0
C012638,7422698,89072376,4654697,55856364,377338140,105129823,76922942,486984,816,0,0
C012639,4650524,55806288,2752431,33029172,184066269,95285458,80716853,823474,746,0,0
C012640,3716337,44596044,2092591,25111092,72430466,46147720,26420297,388151,677,0,0
C012641,4418710,53024520,1887677,22652124,196031946,30464219,30464219,209367,695,2,0
C012642,3197100,38365200,2243689,26924268,220688687,44187099,42048666,329738,877,0,0
C012643,4445016,53340192,2021677,24260124,125172706,43016579,40231818,490940,801,1,0
C012644,2321062,27852744,989944,11879328,59462293,75402104,75402104,585279,773,0,0
C012645,1923426,23081112,1099577,13194924,74187515,24436339,16909150,103654,739,0,1
C012646,2348527,28182324,1632674,19592088,54215407,47405912,35879511,334570,797,0,0
C012647,4920521,59046252,4226683,50720196,156545996,28742858,27389300,454902,759,0,0
C012648,6172420,74069040,2816006,33792072,179256496,66292731,42527832,739636,739,0,0
C012649,5614593,67375116,3623470,43481640,617845347,72474090,60472122,614282,887,0,0
C012650,5778553,69342636,3938686,47264232,136252872,34185091,28192198,115571,882,0,0
C012651,5895960,70751520,3940322,47283864,170913183,91542876,65544009,1108863,712,0,0
C012652,5221042,62652504,2094104,25129248,102143328,70044049,43781448,844003,721,2,0
C012653,9225768,110709216,4504077,54048924,358235402,166230062,119792795,1344251,793,0,0
C012654,5451720,65420640,4412348,52948176,177725199,63059662,40269929,627798,863,0,0
C012655,2690658,32287896,1557441,18689292,55883620,53154032,48336062,453894,655,0,0
C012656,2537253,30447036,948404,11380848,66848142,10757493,8754986,269706,762,1,0
C012657,2834393,34012716,1327915,15934980,26299609,51297653,38444461,293103,736,0,1
C012658,6744723,80936676,6207503,74490036,152856521,90124322,70493142,1122106,660,0,0
C012659,3876557,46518684,1973547,23682564,59762237,30635845,19376687,240501,779,0,0
C012660,6344051,76128612,5469102,65629224,224292438,120049254,109626838,1124961,705,0,0
C012661,2775855,33310260,1867183,22406196,140482648,28173487,26306199,191471,760,0,0
C012662,2979509,35754108,1708114,20497368,73625924,28483186,20437197,170765,821,0,0
C012663,7272330,87267960,5179037,62148444,1221751440,75223490,44201512,881656,780,0,0
C012664,4252771,51033252,2594848,31138176,218117484,59596069,43968350,365331,784,0,0
C012665,5072367,60868404,2820803,33849636,200981592,42079818,25324720,466039,741,0,0
C012666,2290278,27483336,1609994,19319928,35328887,8275813,3317258,242104,744,0,0
C012667,4415720,52988640,2480464,29765568,77177747,26602031,19135855,255420,805,0,0
C012668,2270208,27242496,919820,11037840,104198042,72519081,56317354,410877,769,1,0
C012669,2242027,26904324,1509594,18115128,107352254,53595269,53595269,524162,710,1,1
C012670,7267918,87215016,2451215,29414580,249513593,147336658,132458837,1179803,803,0,0
C012671,3667164,44005968,2615388,31384656,60552959,41791677,19447548,319769,835,0,0
C012672,4910968,58931616,3350623,40207476,825042624,47763526,26551738,424315,816,0,0
C012673,4250399,51004788,2686182,32234184,177391321,86281423,84265852,526272,753,1,0
C012674,7393180,88718160,5139519,61674228,843847003,201193723,201193723,1648382,688,0,0
C012675,5759092,69109104,4426177,53114124,260985338,67982935,49316619,772849,713,0,0
C012676,12000000,144000000,5547289,66567468,1008989017,435177458,435025453,3158670,696,0,0
C012677,5346647,64159764,3299785,39597420,92348294,82181127,41040476,457720,694,0,1
C012678,2625761,31509132,2084849,25018188,83789909,47945112,32646062,359382,737,0,0
C012679,3513142,42157704,2049510,24594120,152190895,50830034,36434783,251793,684,0,0
C012680,4170687,50048244,1850567,22206804,79614397,50834913,23759674,237246,748,0,0
C012681,5842488,70109856,2775032,33300384,309360281,44088690,44088690,294229,773,0,0
C012682,3002415,36028980,2291950,27503400,165454178,42354696,30921123,216119,752,0,0
C012683,3690908,44290896,1442113,17305356,122698696,52130145,41545702,354054,831,0,0
C012684,5053125,60637500,2957588,35491056,308560059,265363632,255529000,1586075,718,0,0
C012685,5014694,60176328,2635748,31628976,450370549,87123368,64752992,364162,844,0,0
C012686,4039790,48477480,2530433,30365196,169145519,52821995,38631442,463549,729,0,0
C012687,1876575,22518900,1075451,12905412,43605465,10620576,8590582,132715,855,0,0
C012688,4272900,51274800,2712609,32551308,350090011,32248430,13867830,127848,892,0,0
C012689,7198251,86379012,4998733,59984796,120900384,128820643,95664552,392675,798,0,0
C012690,2435725,29228700,1517721,18212652,219795661,16151587,7078814,50000,761,0,0
C012691,3900859,46810308,2370085,28441020,352387304,47138680,15320874,290275,879,0,0
C012692,1800000,21600000,1264514,15174168,86117851,15556253,6554998,50000,812,0,0
C012693,2953128,35437536,1378289,16539468,67037350,22418026,14089977,365644,782,0,0
C012694,4614223,55370676,3715035,44580420,125701353,120270474,93744479,894714,697,0,0
C012695,9012570,108150840,3906746,46880952,293156655,258444991,205799700,2458515,608,3,1
C012696,2323568,27882816,1701009,20412108,296318205,12006384,11588425,124187,727,0,0
C012697,4106196,49274352,2770569,33246828,371019020,119598138,93209920,967411,651,2,1
C012698,4113536,49362432,2160849,25930188,143738265,50703149,44661088,282667,745,0,0
C012699,2845545,34146540,1305516,15666192,47371370,33614070,24518791,66240,793,0,0
C012700,5143326,61719912,3526949,42323388,153267449,88845718,76126600,969688,738,0,1
C012701,7292030,87504360,4419529,53034348,235444128,42504850,42504850,673062,783,0,0
C012702,1800000,21600000,705632,8467584,60607639,7073688,5871828,74431,715,0,0
C012703,3092973,37115676,2663790,31965480,306864456,30316298,30316298,334628,748,0,0
C012704,6537271,78447252,2309474,27713688,522565744,183335134,157197577,965384,798,0,0
C012705,4265932,51191184,3090233,37082796,48166292,46995679,32696335,368887,758,0,0
C012706,9540029,114480348,4281599,51379188,595169506,119299204,57764365,895951,796,0,0
C012707,4250861,51010332,1481588,17779056,172974995,61129121,54906378,392512,753,0,0
C012708,2477460,29729520,1242343,14908116,80004354,17615191,17615191,50000,815,0,0
C012709,1888556,22662672,1003152,12037824,94438841,24003094,15892112,197738,741,1,1
C012710,4715028,56580336,3575826,42909912,107591189,22412550,9477802,311400,782,0,0
C012711,2976834,35722008,1852937,22235244,124351731,41644031,28607535,334223,811,0,0
C012712,5281999,63383988,2876641,34519692,546924193,72962504,48503342,917917,760,0,0
C012713,5628210,67538520,1997935,23975220,376531642,72041474,52405601,362728,873,0,1
C012714,4291393,51496716,2283482,27401784,83935607,126439285,95657782,707785,649,0,0
C012715,3826957,45923484,3086235,37034820,122073028,46790918,46790918,401565,706,1,0
C012716,2071711,24860532,1055733,12668796,143709745,44496567,32859617,262010,693,0,0
C012717,9681522,116178264,4699249,56390988,442560452,135126719,94230898,1138968,780,0,0
C012718,3679251,44151012,2331653,27979836,215760338,65581678,47972018,402330,796,0,0
C012719,3491361,41896332,2612915,31354980,322281636,109031555,102199649,752563,670,0,1
C012720,2525963,30311556,1403070,16836840,163887325,22092143,22092143,282944,754,0,0
C012721,6314377,75772524,4636580,55638960,330905537,79921627,65890636,588472,818,0,0
C012722,2201930,26423160,1698862,20386344,112166396,74098125,60855869,440076,703,1,0
C012723,4288390,51460680,3293459,39521508,254812591,111192378,95604590,888020,746,0,1
C012724,3164783,37977396,1399666,16795992,27944350,22168057,21900133,378385,785,0,0
C012725,4636563,55638756,2313234,27758808,444095448,54637457,48684884,499869,711,0,0
C012726,4423402,53080824,2666061,31992732,126812662,53088080,44128757,516629,762,0,0
C012727,6437521,77250252,2914336,34972032,405923361,47498006,32442668,769126,860,0,0
C012728,3587719,43052628,2445133,29341596,70269015,55345641,45081534,419864,758,0,0
C012729,4600888,55210656,2764899,33178788,467353830,43644400,43644400,594205,817,0,0
C012730,2805701,33668412,1814167,21770004,152834306,23321194,10570009,99515,645,0,0
C012731,4657665,55891980,2799702,33596424,267019935,92705265,90790146,882625,795,0,0
C012732,2785243,33422916,1329153,15949836,89367706,13698237,13698237,92062,843,0,0
C012733,3501680,42020160,2021066,24252792,545637226,46606856,37732120,298625,827,0,0
C012734,2312066,27744792,936570,11238840,175675073,23935702,9807980,128779,845,0,0
C012735,1800000,21600000,811698,9740376,149485674,21100336,13284681,188167,689,0,0
C012736,1962522,23550264,1016744,12200928,82949569,10923716,9009736,172125,927,0,0
C012737,4236015,50832180,2569474,30833688,493580528,124331857,105394462,719715,818,0,0
C012738,2724484,32693808,1682778,20193336,160581667,21666679,9754833,199179,816,0,0
C012739,3609820,43317840,1925650,23107800,180044881,54639309,34557055,416879,816,0,0
C012740,4807884,57694608,2060095,24721140,165103400,114248138,98026190,660009,781,0,0
C012741,2669111,32029332,1419548,17034576,61055112,68292838,62954864,569626,707,0,1
C012742,3743609,44923308,1657230,19886760,130962784,23195193,23195193,248029,837,0,0
C012743,3069772,36837264,1114645,13375740,202714472,14161458,14161458,106491,858,0,0
C012744,2545814,30549768,1236848,14842176,266060371,32936216,24404463,315530,936,0,0
C012745,7088549,85062588,5872446,70469352,229187684,65246304,65246304,563637,730,0,0
C012746,7581924,90983088,3483538,41802456,194823116,40044158,40044158,151638,767,0,0
C012747,3074512,36894144,2023109,24277308,88444317,47903609,46349658,645695,723,0,0
C012748,3186888,38242656,2488922,29867064,98299309,31170490,9541905,390205,698,0,1
C012749,4433809,53205708,3017866,36214392,472662496,51121380,40972800,120611,718,0,0
C012750,5323921,63887052,2410741,28928892,189010285,21049451,15517022,106478,799,0,0
C012751,2366090,28393080,892141,10705692,61428679,73267260,63104443,504131,778,0,0
C012752,10426378,125116536,6180874,74170488,165618234,120079305,95993762,1021413,792,0,0
C012753,2871600,34459200,2321868,27862416,26600813,54743765,45028807,472446,687,0,0
C012754,3898062,46776744,1620794,19449528,324068228,124822281,120878677,862722,673,2,0
C012755,5557095,66685140,3961645,47539740,91384694,79817267,62210452,802317,777,0,0
C012756,7827878,93934536,5611800,67341600,445871623,103412370,103412370,737221,816,0,0
C012757,3288254,39459048,2429906,29158872,133764513,14044103,14044103,335706,727,0,0
C012758,2031113,24373356,1168283,14019396,51349283,101745061,97147830,559701,721,0,1
C012759,4217270,50607240,3008174,36098088,44956232,41201099,36676263,662170,793,0,0
C012760,2970387,35644644,1881149,22573788,153878592,12528271,4758860,59408,845,0,0
C012761,3304442,39653304,2185062,26220744,42181536,31906154,19274118,358205,766,0,0
C012762,4904126,58849512,3026568,36318816,114474791,103120634,71420456,738443,684,1,0
C012763,6437916,77254992,4029874,48358488,369873966,23309568,23309568,378458,779,1,0
C012764,3004206,36050472,998001,11976012,63183700,52929305,41715046,415810,784,0,0
C012765,3268821,39225852,2874688,34496256,98487659,23778883,18844988,327831,749,0,0
C012766,4106743,49280916,3090314,37083768,346749806,56517817,36018207,559290,772,0,0
C012767,3349003,40188036,3138102,37657224,54092613,48320559,29086626,251708,821,0,0
C012768,3185892,38230704,1626277,19515324,81080525,50308653,45519119,458425,796,0,0
C012769,2077222,24926664,1383062,16596744,113174867,31565382,25108166,279311,744,1,0
C012770,4258620,51103440,2665179,31982148,155276048,40194440,14694515,145779,819,0,0
C012771,3966532,47598384,3595119,43141428,254612248,194216715,182122570,1090319,792,0,1
C012772,2937841,35254092,1642935,19715220,165749283,33323081,28521157,147691,853,0,0
C012773,1800000,21600000,909105,10909260,88880270,20427004,7831038,76025,731,0,0
C012774,3923634,47083608,2308716,27704592,203844917,32565530,30455593,193513,899,0,0
C012775,3608432,43301184,2709008,32508096,101473479,77529400,69788552,603745,763,0,0
C012776,2832580,33990960,1243736,14924832,52468703,16821293,15321680,183303,776,0,0
C012777,3235017,38820204,2158477,25901724,92170994,113883225,99826140,708638,725,0,0
C012778,1800000,21600000,968250,11619000,149158681,16528631,16528631,50000,752,0,0
C012779,3765812,45189744,2382840,28594080,136097144,55161913,46145581,533084,828,0,0
C012780,2571935,30863220,1392409,16708908,364324326,90659375,82837934,708605,674,0,0
C012781,10753915,129046980,9766501,117198012,213436880,70324683,70324683,580514,751,0,0
C012782,6352170,76226040,4466020,53592240,451110184,55367716,44548363,196690,689,0,0
C012783,3317597,39811164,2067113,24805356,51829729,17722084,13762329,66352,858,0,0
C012784,3478922,41747064,1593033,19116396,171874750,70895913,50818028,634125,732,1,0
C012785,2089805,25077660,1183185,14198220,136483552,49321619,45381310,300965,807,0,0
C012786,4434884,53218608,3424836,41098032,379235361,21573922,21573922,88698,742,0,0
C012787,4167807,50013684,2505921,30071052,39919015,162784377,150958648,1047512,858,0,1
C012788,4901929,58823148,2609716,31316592,224749274,85542474,76927519,774846,788,0,0
C012789,2824699,33896388,1731873,20782476,105798730,32872478,25575211,436985,661,0,0
C012790,4357765,52293180,1927015,23124180,274704931,47294745,45565805,605545,774,0,0
C012791,5167823,62013876,2477483,29729796,244147653,32355652,23481230,133887,839,0,0
C012792,1800000,21600000,861957,10343484,74184842,6684941,6684941,65607,784,1,0
C012793,3025416,36304992,1265393,15184716,55877024,29780612,17753906,277462,764,0,0
C012794,5669020,68028240,4547493,54569916,160632124,59692717,35938235,470783,798,1,0
C012795,4164492,49973904,1862711,22352532,83016007,37814478,32582857,372380,886,0,0
C012796,5849441,70193292,3785689,45428268,327657081,159892361,105753000,566860,790,0,0
C012797,5710066,68520792,3880869,46570428,94625456,307081253,280529411,2156432,625,0,1
C012798,3975085,47701020,2346801,28161612,125100481,37799798,35467883,438898,782,0,0
C012799,4055248,48662976,2455487,29465844,535463416,49763054,32098632,315142,770,0,0
C012800,4037460,48449520,2439748,29276976,204687044,49151809,20561995,329506,841,0,0
C012801,4393380,52720560,2835883,34030596,343084084,46769379,21052694,502198,704,0,0
C012802,3143298,37719576,1366810,16401720,226288381,35948919,22721906,259468,773,1,0
C012803,4326587,51919044,3192059,38304708,104301274,148749304,127062471,855296,786,0,0
C012804,4980078,59760936,2123858,25486296,632671227,59151612,55682955,612945,783,0,0
C012805,2501730,30020760,1099856,13198272,69130337,42457574,36269232,486676,766,0,0
C012806,3963293,47559516,2687949,32255388,190495126,94442430,74595487,426035,842,0,0
C012807,4583202,54998424,2510577,30126924,227405988,171006524,134116869,1037461,702,1,1
C012808,4913628,58963536,2945131,35341572,570909500,34879487,27724115,556819,839,0,0
C012809,3059286,36711432,1834360,22012320,162564944,28293438,17120185,211783,771,0,0
C012810,4933690,59204280,2656307,31875684,761741631,46975139,31660253,432343,820,0,0
C012811,5625417,67505004,3522738,42272856,246671176,19284115,15979644,122101,884,0,0
C012812,1800000,21600000,1389613,16675356,39784944,42113045,29235772,228862,812,0,0
C012813,2964605,35575260,1990597,23887164,196845807,21250698,21250698,315809,851,0,0
C012814,1988694,23864328,1490174,17882088,127197672,17916905,9266666,163789,794,1,0
C012815,3456462,41477544,2444975,29339700,91748960,22162627,22162627,308651,792,0,0
C012816,10090640,121087680,6593461,79121532,96419907,262464331,258547641,2024674,704,0,1
C012817,2953300,35439600,1269494,15233928,87418675,10949847,10949847,317352,876,0,0
C012818,7284822,87417864,4042266,48507192,527128873,97383593,64236194,697893,768,0,0
C012819,3758403,45100836,2411945,28943340,79554302,65731184,52373519,416885,773,0,0
C012820,4497884,53974608,2074896,24898752,198979888,54295470,45418564,549248,795,0,0
C012821,6781506,81378072,4215215,50582580,257187653,70205512,40933339,609699,679,0,0
C012822,7170505,86046060,4138766,49665192,151743520,65374603,64380114,855952,779,0,0
C012823,5288324,63459888,2048591,24583092,304988641,17872740,17872740,461662,867,0,0
C012824,3877010,46524120,2111346,25336152,105574361,53781380,18666106,305335,863,0,0
C012825,3800886,45610632,2599732,31196784,148109226,39073232,34296751,407060,876,0,0
C012826,2625314,31503768,1505071,18060852,61749348,36657908,36657908,502445,744,0,0
C012827,4816837,57802044,2545650,30547800,166546703,65971283,50990026,385654,839,0,0
C012828,2465011,29580132,1477011,17724132,123464686,15688788,15688788,101525,878,0,0
C012829,1827289,21927468,974526,11694312,29886995,27149976,23267718,118824,772,0,0
C012830,3130719,37568628,1578653,18943836,48775307,38956961,36568929,396376,819,0,0
C012831,2552272,30627264,1651965,19823580,115648053,19224894,9197802,365644,747,0,0
C012832,3104479,37253748,2169698,26036376,228651193,70051381,70051381,462317,738,1,1
C012833,2157211,25886532,957170,11486040,143863236,12810217,12810217,295763,822,0,0
C012834,12000000,144000000,5543281,66519372,274760775,55887824,55887824,752897,845,0,0
C012835,4780935,57371220,3585263,43023156,180084084,46156139,42686546,327929,751,0,0
C012836,3256470,39077640,2415612,28987344,92217180,45168451,27502088,133925,793,0,0
C012837,4031569,48378828,2094858,25138296,60894452,44144867,42884721,309635,777,0,0
C012838,3308124,39697488,2348253,28179036,82056316,22113849,22113849,320619,759,0,0
C012839,2597799,31173588,1149798,13797576,180532880,34004759,19157843,337267,936,0,0
C012840,3034174,36410088,1595371,19144452,77910550,14247475,14247475,60683,721,1,0
C012841,4183776,50205312,1528220,18338640,172094055,50849530,38294085,274139,948,0,0
C012842,4573234,54878808,3112178,37346136,154354727,47910152,18453184,423297,745,0,0
C012843,7369050,88428600,3986736,47840832,228132727,174584442,115145960,630454,708,0,0
C012844,3526221,42314652,1125722,13508664,66836579,45182584,20186674,134239,781,0,0
C012845,3964437,47573244,2497870,29974440,666025416,62117743,60179515,640169,797,0,0
C012846,3530149,42361788,2296670,27560040,68565704,91797416,72578092,735826,673,1,0
C012847,4087790,49053480,2574425,30893100,189759267,44056118,27469498,428375,703,0,0
C012848,3143171,37718052,1663296,19959552,68239771,28055211,25004607,248848,899,0,0
C012849,3296940,39563280,2677525,32130300,137575469,27673981,16723593,365107,762,0,0
C012850,8618728,103424736,5138329,61659948,340997208,114030172,85034971,624275,793,0,0
C012851,2874989,34499868,2419442,29033304,124441043,57209803,55543142,427835,684,1,0
C012852,4041484,48497808,1820840,21850080,164777614,78346469,63114455,534874,795,0,0
C012853,3318920,39827040,2876177,34514124,216237663,82331305,66876081,501194,781,0,1
C012854,4219405,50632860,2916572,34998864,132627659,91777822,68355193,402677,719,0,0
C012855,2311699,27740388,1629053,19548636,164830028,87064565,87064565,499659,702,0,0
C012856,2285643,27427716,803643,9643716,64275677,17330088,14303889,91120,814,0,0
C012857,5428698,65144376,3076204,36914448,151070234,65296553,21190353,196909,797,0,0
C012858,6276589,75319068,2617538,31410456,462004706,125507497,95323957,586105,856,0,0
C012859,1899180,22790160,1030285,12363420,246961538,20050562,19364812,278183,759,0,0
C012860,3671918,44063016,1507304,18087648,79580587,141000741,138910448,1040032,749,0,0
C012861,4613770,55365240,4162692,49952304,437472873,141336284,94288230,899297,566,1,1
C012862,5275356,63304272,4149297,49791564,245488328,107784496,91417494,881792,678,1,0
C012863,6207322,74487864,3448920,41387040,135407572,54178239,50478706,440986,703,0,0
C012864,4822369,57868428,4726044,56712528,484037704,97242257,63279261,730479,617,1,1
C012865,8948367,107380404,3172003,38064036,886431381,116075844,106581658,1227053,802,0,0
C012866,3209410,38512920,1047176,12566112,411175578,78825584,75257248,302852,861,0,0
C012867,7283081,87396972,5498725,65984700,148543464,161123549,152150201,1084006,754,0,0
C012868,4124597,49495164,2297635,27571620,58742900,39247000,15740009,313405,751,0,0
C012869,3572838,42874056,2139257,25671084,146872360,80282691,66133103,657185,802,0,0
C012870,3100660,37207920,1491814,17901768,235247506,39313008,30985717,450930,761,1,0
C012871,6011534,72138408,3942575,47310900,190537601,34927437,28529322,204771,867,0,0
C012872,2946261,35355132,1793958,21527496,206566086,30208431,19344987,230347,729,0,0
C012873,7111113,85333356,4835481,58025772,138386209,154135674,135610690,1225103,751,0,0
C012874,4329040,51948480,1922145,23065740,82516483,66710862,66710862,401965,809,0,0
C012875,3693489,44321868,2489596,29875152,165706067,57901354,40566460,416141,757,0,0
C012876,2573941,30887292,2293973,27527676,74283551,16553661,16553661,105865,816,0,0
C012877,5362356,64348272,4327237,51926844,563820657,23338959,22690499,366392,792,0,0
C012878,2472831,29673972,1550287,18603444,85149255,30584904,25570358,292947,828,0,0
C012879,4540644,54487728,2315377,27784524,226789748,38688601,26590921,413337,793,0,0
C012880,2975282,35703384,1806455,21677460,348517480,38460423,38460423,315240,872,0,0
C012881,6692952,80315424,4421370,53056440,192015274,52523871,46148138,264616,749,0,0
C012882,3851379,46216548,2589930,31079160,381070169,48403289,24103281,208412,745,0,0
C012883,4551673,54620076,3153793,37845516,72133924,36538166,36538166,496547,774,0,0
C012884,3369668,40436016,1354461,16253532,56768435,40401455,10098363,274847,818,0,0
C012885,12000000,144000000,7087740,85052880,140504423,149873869,115337711,1544662,802,0,0
C012886,2390793,28689516,1223119,14677428,71225688,60538494,60538494,535868,698,0,0
C012887,4427713,53132556,2160683,25928196,492528739,41113838,27601869,206677,748,0,0
C012888,1800000,21600000,1355086,16261032,151164544,30299691,19428524,184345,703,0,0
C012889,3554567,42654804,1345394,16144728,99439737,63852659,58131020,550438,739,0,0
C012890,3085983,37031796,1860200,22322400,127536251,62316135,62150609,390328,789,0,1
C012891,1800000,21600000,1092268,13107216,132315739,29299993,23848932,251098,702,1,0
C012892,4674669,56096028,2589064,31068768,164802033,65257075,65257075,506596,839,0,0
C012893,2624825,31497900,1622771,19473252,56198773,23985067,17809855,243469,686,0,0
C012894,2973515,35682180,743379,8920548,86526152,52914344,31816580,388226,829,0,0
C012895,2877087,34525044,1179351,14152212,54866901,23357913,18320695,256373,852,0,0
C012896,3471114,41653368,1530222,18362664,126083559,51935748,37330794,334322,797,0,0
C012897,3143472,37721664,1332485,15989820,53067365,55227716,35622374,321035,843,0,0
C012898,2757895,33094740,1361658,16339896,105265736,109946165,102825310,743764,709,0,0
C012899,6052819,72633828,4454286,53451432,277920858,129634505,102320055,1005509,679,0,1
C012900,6322955,75875460,3317198,39806376,767215027,53270073,22730836,370811,822,0,0
C012901,4743614,56923368,2265883,27190596,494250342,89862653,65761075,108622,801,0,0
C012902,5549051,66588612,3999395,47992740,356336828,276203161,266136252,1866973,654,0,1
C012903,4751339,57016068,1809773,21717276,392507935,43222248,28987337,336931,883,0,0
C012904,4666149,55993788,3267883,39214596,316230250,80639781,80639781,563523,804,0,0
C012905,7486879,89842548,6793846,81526152,1088048331,95453612,90495596,1871707,651,0,0
C012906,5825180,69902160,3677369,44128428,381648427,55214941,41383627,623833,758,0,0
C012907,3922445,47069340,2324527,27894324,153524220,25925593,18189982,260149,795,0,0
C012908,8414584,100975008,4932863,59194356,198737909,90783160,53934122,749058,806,0,0
C012909,3688832,44265984,1986380,23836560,190395588,35772720,26535875,150300,824,0,0
C012910,4649403,55792836,2631726,31580712,53842542,13048069,12145641,93931,812,0,0
C012911,5617146,67405752,3387022,40644264,189646857,105602135,76262415,982989,847,0,0
C012912,2435264,29223168,916434,10997208,70185195,25249450,10899553,165072,950,1,0
C012913,5957386,71488632,2513186,30158232,98676481,103994560,70498610,1197697,795,0,0
C012914,8322833,99873996,5878160,70537920,667645275,161588960,161588960,894419,794,0,0
C012915,3049419,36593028,1076589,12919068,118881291,29260363,19381911,436202,725,0,0
C012916,4372326,52467912,2582881,30994572,296049669,47635654,34408656,133600,759,0,0
C012917,2039856,24478272,1177024,14124288,122684582,31926431,29338818,308768,764,0,0
C012918,6378891,76546692,1677978,20135736,219410365,26693849,18180717,299184,735,1,1
C012919,4312101,51745212,1292546,15510552,343240579,80946352,61234571,702917,728,0,0
C012920,3648038,43776456,2578115,30937380,130541652,23716670,15385887,428116,647,1,0
C012921,4291916,51502992,1754506,21054072,81679478,66553099,56686567,579754,850,0,0
C012922,6081993,72983916,3264720,39176640,128848789,98953719,72045725,428222,762,0,0
C012923,3587231,43046772,1875540,22506480,128950010,62606221,51417095,388448,847,0,0
C012924,3566404,42796848,1912545,22950540,41191016,46465095,46465095,295938,816,0,0
C012925,3951795,47421540,2144543,25734516,663901560,35723888,11171896,160740,837,0,0
C012926,4506655,54079860,2841337,34096044,150191007,54334104,26080180,481393,729,1,1
C012927,2661120,31933440,1398410,16780920,107336931,42013558,23098303,250368,776,0,0
C012928,3440767,41289204,2681940,32183280,141251274,93594323,79536577,532607,740,0,0
C012929,2746231,32954772,1893764,22725168,298511516,35745194,19915268,324246,798,0,0
C012930,3137528,37650336,2457649,29491788,404121085,65489981,65489981,530335,743,0,0
C012931,5609432,67313184,3361673,40340076,454782786,60434491,41320355,887887,806,0,0
C012932,3812505,45750060,2431714,29180568,116719438,51672195,51672195,894568,709,0,0
C012933,3497968,41975616,2426710,29120520,229321929,40259908,40259908,227305,773,0,0
C012934,3709804,44517648,2567337,30808044,161797127,102459121,95155766,711857,612,0,0
C012935,8949991,107399892,4574254,54891048,662805054,108986942,76526559,1030654,745,0,0
C012936,2572733,30872796,1578423,18941076,156231268,23163332,15833811,131134,737,0,0
C012937,6517238,78206856,2186117,26233404,104051322,89133403,80941753,451179,796,0,0
C012938,3516108,42193296,2374530,28494360,397046055,21592812,21592812,464470,746,0,0
C012939,4985359,59824308,3619300,43431600,282306286,135847813,101428135,1059201,648,0,0
C012940,5875381,70504572,4499556,53994672,160804968,46338504,30703540,243554,732,0,0
C012941,6616082,79392984,4506539,54078468,273949316,93152483,53113195,146527,758,0,0
C012942,4490101,53881212,3174803,38097636,255429171,80183339,58639077,439449,693,1,0
C012943,5309948,63719376,3554460,42653520,288575126,57985413,39116357,177527,736,0,0
C012944,3159299,37911588,1581135,18973620,181278617,46018393,30939946,267451,750,0,0
C012945,1860175,22322100,933076,11196912,186510073,17778586,16525656,51027,748,0,0
C012946,4620246,55442952,2588865,31066380,163698512,57839886,36863024,401328,842,0,0
C012947,4275137,51301644,2215863,26590356,248923187,38207341,38207341,484421,838,0,0
C012948,4723969,56687628,2154584,25855008,63536095,41893645,28690778,534721,819,0,1
C012949,7606553,91278636,3678711,44144532,366449844,167630107,137448919,982829,779,0,0
C012950,2993223,35918676,2054131,24649572,87461468,66704208,52730113,522027,866,0,0
C012951,1800000,21600000,1046345,12556140,302400000,6561582,6561582,50000,943,0,0
C012952,2836430,34037160,1438471,17261652,219575735,89840350,73232985,527540,644,0,0
C012953,6964962,83579544,4582467,54989604,229233629,120212200,84931780,826238,822,0,0
C012954,5298974,63587688,4191062,50292744,296201750,107283026,85201050,761529,752,0,0
C012955,3417559,41010708,1335559,16026708,34025381,31447796,23006553,158765,717,0,0
C012956,3152379,37828548,1906012,22872144,73407172,32681174,32681174,421534,795,0,0
C012957,2592455,31109460,1994201,23930412,163182678,17268282,16592278,121800,883,0,0
C012958,2954479,35453748,2114763,25377156,115296793,25583895,16786912,383021,662,0,0
C012959,5440459,65285508,3743846,44926152,309665988,47564526,25807364,608511,859,0,0
C012960,7529134,90349608,3774154,45289848,377447944,111712374,89115983,1271840,789,0,0
C012961,9262889,111154668,3813666,45763992,127508991,54005614,45227847,875805,798,0,0
C012962,2119980,25439760,1098941,13187292,112026867,29827929,17774880,131523,799,0,0
C012963,5947377,71368524,2092743,25112916,184571257,35376108,31795285,206247,862,0,0
C012964,3374797,40497564,2408254,28899048,146136669,14832462,9306486,113302,815,0,0
C012965,3555624,42667488,2700877,32410524,491884587,69711634,69711634,432084,782,0,0
C012966,4430968,53171616,2602470,31229640,183100594,59973858,58681602,354450,803,0,0
C012967,5935453,71225436,2512722,30152664,274423789,90197783,90197783,1039924,778,0,0
C012968,2321294,27855528,1456120,17473440,98635837,20241551,10200712,179729,723,0,0
C012969,7847599,94171188,5200973,62411676,559934412,122591342,108326418,823469,838,1,0
C012970,9530804,114369648,4459299,53511588,350449366,90205326,63318460,1169209,799,0,0
C012971,2737021,32844252,2478614,29743368,50547591,33545683,18045599,263391,732,0,0
C012972,5331162,63973944,2834218,34010616,254624877,94267313,64727235,425756,717,0,0
C012973,3304028,39648336,1905235,22862820,181847340,50448845,30500085,527992,847,0,0
C012974,6360731,76328772,3039019,36468228,290237332,91694024,70998235,502686,757,0,0
C012975,2097953,25175436,1738010,20856120,179065744,13025992,10141248,202264,837,0,0
C012976,3388699,40664388,2091761,25101132,242228933,28252780,14498779,347631,789,1,0
C012977,2899198,34790376,1800017,21600204,75707875,58124342,44549920,527324,642,1,0
C012978,6121406,73456872,3721405,44656860,203782150,101191402,82565083,1015281,764,0,0
C012979,3670499,44045988,1677544,20130528,253442675,29339186,28819060,305790,750,0,0
C012980,4543848,54526176,2598361,31180332,173053114,68846613,58204270,584025,740,1,0
C012981,2484688,29816256,1489681,17876172,323730673,21271370,12922178,343632,833,0,0
C012982,5695982,68351784,4723313,56679756,299105051,139993071,125883215,707101,745,0,0
C012983,2102670,25232040,1081303,12975636,74790536,12233252,12233252,50000,765,0,0
C012984,3143553,37722636,1504871,18058452,182551379,64843525,53342643,572132,719,0,1
C012985,4227740,50732880,3161083,37932996,52312153,12685713,7066342,84555,806,0,0
C012986,3473194,41678328,1964891,23578692,217991535,127436216,115600689,858527,760,0,0
C012987,8950086,107401032,6613847,79366164,342994146,103452939,101853544,981336,718,0,0
C012988,8440023,101280276,4117131,49405572,1017627826,86842879,86842879,901314,941,0,0
C012989,3738294,44859528,2976334,35716008,40303707,87302725,82650310,721320,748,0,0
C012990,2313852,27766224,968899,11626788,59743999,30312656,29215272,271133,739,0,0
C012991,1800000,21600000,801398,9616776,137158436,35386175,34599725,263811,777,0,0
C012992,6674073,80088876,4692961,56315532,1058127862,74599170,43505634,477008,745,0,0
C012993,4109438,49313256,1771735,21260820,394327361,20278357,18889886,453998,793,0,0
C012994,3212306,38547672,1586281,19035372,179479588,76672023,72365453,761156,655,3,1
C012995,4700363,56404356,2545959,30551508,159929338,55660766,54573198,1004164,781,0,0
C012996,4871960,58463520,1761614,21139368,249195066,115495348,101578771,801063,738,0,0
C012997,2751139,33013668,1631132,19573584,212006434,34493310,25631860,170260,829,0,0
C012998,5989599,71875188,3068450,36821400,267347093,213634222,180836815,1147205,667,1,0
C012999,4898322,58779864,3408838,40906056,299580959,61690440,49827414,685011,644,0,0
C013000,5144550,61734600,2810214,33722568,378117338,22411690,22411690,465173,805,0,0
C013001,3272592,39271104,1963638,23563656,250908927,55266705,43687567,392714,821,0,0
C013002,2502225,30026700,1252785,15033420,36862341,24894646,24894646,245057,858,0,0
C013003,4072316,48867792,1777740,21332880,262198970,54618260,36550312,201592,768,0,0
C013004,3531057,42372684,2342384,28108608,152524398,68609558,53890163,301806,726,0,0
C013005,5053594,60643128,4677877,56134524,160342776,33520491,33520491,303012,769,1,0
C013006,5797854,69574248,3290848,39490176,292224579,71128777,71128777,391354,777,0,0
C013007,2250124,27001488,1407684,16892208,114656301,26951036,19567341,190968,692,0,0
C013008,5110696,61328352,4564939,54779268,208708842,82966916,64084871,784993,787,0,0
C013009,3544161,42529932,2179076,26148912,145590075,74979785,74979785,233912,788,0,0
C013010,3463826,41565912,2687579,32250948,122033878,185095711,185095711,1221246,757,1,1
C013011,4500372,54004464,2511074,30132888,58442271,91470936,72610831,701218,807,0,0
C013012,4467816,53613792,2502661,30031932,282105436,41948815,32584804,381543,768,0,0
C013013,4923706,59084472,3303346,39640152,797835527,51451903,40375822,380620,805,0,0
C013014,3787662,45451944,2303614,27643368,130959228,23745228,16156109,233650,824,0,0
C013015,4475395,53704740,2548850,30586200,312762426,49773888,37962921,125936,740,0,0
C013016,2466102,29593224,2002868,24034416,61875003,13488887,12714324,185499,756,0,0
C013017,4601578,55218936,1985823,23829876,164523767,9213768,9213768,358753,787,0,0
C013018,1800000,21600000,1449182,17390184,154947356,28799794,24728196,380793,784,0,1
C013019,3539448,42473376,3141878,37702536,195087504,51130746,50518109,401598,701,0,1
C013020,4780870,57370440,1750566,21006792,44018572,34863044,24492907,95617,719,0,0
C013021,6269552,75234624,2320113,27841356,292362625,134589914,99583811,1020700,678,0,0
C013022,3881932,46583184,2593275,31119300,92967458,94526330,70979636,593299,751,0,0
C013023,7104915,85258980,4144876,49738512,403036702,162129208,134888612,760620,678,0,0
C013024,2975113,35701356,1586483,19037796,176076667,11432903,11432903,172876,811,1,0
C013025,5510682,66128184,2604234,31250808,218305030,131582358,101310505,675040,836,0,0
C013026,2785129,33421548,1858810,22305720,82589617,52836752,36935446,528651,736,1,0
C013027,4535199,54422388,1857852,22294224,168532516,82849985,52605968,440026,844,0,0
C013028,4630823,55569876,3059476,36713712,363659165,74933754,73590482,459064,837,0,0
C013029,6638411,79660932,3948715,47384580,59517562,72580861,42410167,599560,909,0,1
C013030,3977022,47724264,2507449,30089388,312427732,54273116,44701544,335727,777,0,0
C013031,4625464,55505568,1356132,16273584,431016279,46462521,23373413,92509,808,0,0
C013032,8753047,105036564,6012425,72149100,422860369,77025397,12962394,991700,812,0,0
C013033,2910325,34923900,1268676,15224112,37448767,113060104,85427152,654071,789,0,0
C013034,4464736,53576832,3191347,38296164,104073718,43446242,29540859,498786,678,1,0
C013035,8158478,97901736,5427396,65128752,447406091,170964068,119653723,821145,727,0,1
C013036,3571155,42853860,2035985,24431820,130528610,47938861,43624767,279123,685,0,0
C013037,3903767,46845204,2596142,31153704,95381419,55263503,48916530,512760,724,0,0
C013038,5064716,60776592,3354867,40258404,56315083,27296574,27296574,129877,726,0,0
C013039,5402380,64828560,2490959,29891508,62149823,173629238,141100771,701565,821,0,0
C013040,4622120,55465440,2859116,34309392,162383601,54532426,32333086,460298,848,0,0
C013041,5589208,67070496,3699542,44394504,82036309,102807275,77215786,1073954,780,0,0
C013042,3368949,40427388,1884696,22616352,164951793,50435927,40797933,291178,795,0,0
C013043,2374573,28494876,1846120,22153440,50303996,42714345,19337051,50000,894,0,0
C013044,3696226,44354712,2529271,30351252,187702007,27330083,16515644,328661,894,0,0
C013045,5433310,65199720,2818027,33816324,295110522,84991243,81441609,562571,828,0,0
C013046,2286015,27432180,1206743,14480916,110734338,17839730,7294548,244600,759,1,0
C013047,2123867,25486404,956654,11479848,72051776,13701294,11070974,92100,888,0,0
C013048,5643250,67719000,3537751,42453012,324976027,63734452,44550724,273232,737,0,0
C013049,4191181,50294172,2219285,26631420,156905674,79028151,50395214,461426,791,0,0
C013050,5108616,61303392,1392647,16711764,406032784,103136278,103136278,426872,698,0,0
C013051,2864974,34379688,1955866,23470392,238875182,23806155,23806155,341890,791,0,0
C013052,5528101,66337212,3079755,36957060,215686874,35352694,31009497,585384,664,0,0
C013053,6559236,78710832,5609701,67316412,165934264,76342889,67046296,847815,756,0,0
C013054,4628148,55537776,2794379,33532548,232868625,49500888,40041710,588299,901,0,0
C013055,5103201,61238412,3188380,38260560,76001479,90284868,38643275,544007,690,0,0
C013056,4548432,54581184,2391343,28696116,65585904,21145797,17914157,511967,838,0,0
C013057,4527341,54328092,1993405,23920860,151736913,59287101,48801633,278087,782,0,0
C013058,4613163,55357956,2821736,33860832,523674930,24507483,14028427,409736,750,0,0
C013059,2625579,31506948,2092247,25106964,301573164,13833892,10943443,292318,734,2,0
C013060,3345537,40146444,1975683,23708196,385822936,23297046,23297046,296073,875,0,0
C013061,7914310,94971720,3935739,47228868,536795336,46557409,37600429,562102,690,0,0
C013062,4762404,57148848,2409212,28910544,434699678,137477705,137477705,904147,763,0,1
C013063,3965785,47589420,2930292,35163504,278147173,61836900,49981039,442988,717,0,0
C013064,3988370,47860440,3640451,43685412,353594105,24354133,24354133,421416,791,1,0
C013065,2408976,28907712,1739571,20874852,90767713,36299682,23967351,176738,734,0,0
C013066,8374059,100488708,4672189,56066268,872342012,34480116,33862826,781803,796,0,0
C013067,3818518,45822216,2630869,31570428,72139582,59911985,47295454,514247,767,0,0
C013068,6397563,76770756,3988643,47863716,293191931,182941147,178048936,1484033,686,1,0
C013069,6305092,75661104,3371813,40461756,1059255456,68988457,58338889,880914,775,0,0
C013070,4196699,50360388,2549867,30598404,71660095,81594417,63742823,564008,692,0,0
C013071,6248336,74980032,2692190,32306280,108990488,52485563,52485563,586549,665,0,1
C013072,3156357,37876284,1925549,23106588,68000595,86556677,71492858,523708,757,0,0
C013073,2096247,25154964,1631511,19578132,92606738,28796714,21241429,160640,782,0,0
C013074,1800000,21600000,1583989,19007868,55678110,19597323,11584100,82835,767,0,0
C013075,5316119,63793428,2681959,32183508,457883203,88615677,84396392,606852,785,0,0
C013076,3910711,46928532,1373927,16487124,256849263,21836789,17458501,277217,716,0,0
C013077,2331591,27979092,1920073,23040876,35080628,35375626,25566157,232018,756,0,0
C013078,2191360,26296320,898753,10785036,229894786,78950984,66940877,420172,776,0,0
C013079,3571618,42859416,2166748,26000976,124004386,83209308,79214509,574999,774,0,0
C013080,7126686,85520232,4228250,50739000,1170690824,92742003,92742003,1418068,789,0,0
C013081,4582780,54993360,2804411,33652932,203329731,47747601,25297989,457567,818,0,0
C013082,3988027,47856324,2061165,24733980,225516728,116226631,105795339,879745,814,0,0
C013083,7663417,91961004,4090349,49084188,139137353,178416042,147463244,665157,770,1,0
C013084,10694377,128332524,7822415,93868980,216975061,100617347,92467178,213888,733,0,0
C013085,7953637,95443644,5724583,68694996,441114454,188655958,185501448,1183923,705,1,0
C013086,3996880,47962560,2955637,35467644,671475840,38348688,15760560,366967,722,0,0
C013087,7259034,87108408,4165386,49984632,1219517712,149178302,116838145,1163139,784,0,1
C013088,3796356,45556272,3051949,36623388,100623941,37700534,15951671,355315,808,0,0
C013089,2634399,31612788,1659928,19919136,262100850,54988981,43195154,263477,722,0,0
C013090,2188051,26256612,1769412,21232944,110593137,12707080,8936683,262003,715,0,0
C013091,6908620,82903440,4152547,49830564,316399023,26821680,21082946,410810,849,0,0
C013092,5176252,62115024,2662407,31948884,202717257,67182383,61980264,902690,760,1,1
C013093,2760471,33125652,1836088,22033056,170651334,53861705,37549579,205271,743,0,0
C013094,6533539,78402468,4039706,48476472,260380734,85767510,65444018,472799,874,0,0
C013095,5394278,64731336,3358056,40296672,196008249,45916632,44686620,542854,845,0,0
C013096,5680673,68168076,5223548,62682576,587789201,73391195,73391195,535313,796,0,0
C013097,4753931,57047172,1996770,23961240,363820824,86532850,64451995,624077,779,0,1
C013098,4070313,48843756,2455596,29467152,683812584,79447126,77883119,616088,850,0,0
C013099,3091630,37099560,1709321,20511852,83100744,63038512,63038512,571895,728,1,0
C013100,4768443,57221316,3131443,37577316,268096188,105987677,60824992,690389,738,0,1
C013101,5167152,62005824,2925559,35106708,338230818,297371665,272798473,1802781,793,0,0
C013102,5234489,62813868,3544488,42533856,343357297,99857261,70095939,693389,804,0,0
C013103,4032520,48390240,2633324,31599888,390645307,50515612,42962533,538516,697,0,0
C013104,2311606,27739272,1245449,14945388,139591397,53603613,50655502,191951,763,0,0
C013105,8728225,104738700,5613023,67356276,171299844,101027428,49255063,408574,662,1,0
C013106,4742767,56913204,3451753,41421036,246371061,43790917,28806684,94855,794,0,0
C013107,2482850,29794200,1190977,14291724,50310555,21016025,12243744,193237,680,1,0
C013108,6663971,79967652,3244714,38936568,568322406,150912309,150912309,1289167,728,0,0
C013109,2507975,30095700,886529,10638348,210614043,21474751,21474751,132471,790,0,1
C013110,4850653,58207836,3068690,36824280,137633506,114371516,86076894,332856,753,0,0
C013111,4600220,55202640,2815949,33791388,99360981,106990826,105263295,606572,776,0,0
C013112,3983725,47804700,2628538,31542456,205194988,79795660,72893208,535612,728,0,0
C013113,4460437,53525244,3371330,40455960,235765689,113012522,87121030,702242,646,0,1
C013114,2276233,27314796,1432572,17190864,81430308,63234466,61409131,538168,768,0,0
C013115,3244661,38935932,1739132,20869584,417925614,63124418,51360517,499867,775,0,0
C013116,4768350,57220200,3325131,39901572,324393069,85917621,69688183,804931,741,0,0
C013117,4060874,48730488,2352648,28231776,120316401,138209207,122838320,700122,776,0,0
C013118,3352699,40232388,1872624,22471488,49450456,106771548,95938947,479811,704,0,0
C013119,3055341,36664092,2377394,28528728,134389834,37249592,30727158,253727,789,1,0
C013120,10672592,128071104,3734207,44810484,149924406,159232581,113196646,1387684,914,0,0
C013121,4133468,49601616,2562555,30750660,386068941,31868742,19676759,440138,747,0,0
C013122,8651889,103822668,4468441,53621292,186832008,101550339,86051924,766795,701,0,0
C013123,3049299,36591588,1415388,16984656,63335389,23595679,10526719,60986,823,0,0
C013124,7724012,92688144,3843622,46123464,450246545,116004142,109873985,1180507,769,0,0
C013125,6185570,74226840,3238959,38867508,147595886,237697301,222379421,1630270,726,1,0
C013126,4008626,48103512,2771352,33256224,371883061,82502805,60724253,639167,663,0,0
C013127,4560500,54726000,2682697,32192364,766164000,57401198,32711581,560823,784,0,0
C013128,4093353,49120236,2140643,25687716,169259847,38564569,11170297,252463,712,0,0
C013129,4628148,55537776,2678263,32139156,77176067,53939617,53939617,508702,870,0,0
C013130,4481463,53777556,3720073,44640876,121183999,60924118,24251677,321290,790,1,0
C013131,3302282,39627384,2444663,29335956,41727774,19034868,11998001,220430,771,0,0
C013132,1998518,23982216,695562,8346744,96404772,22507325,15729873,50000,756,0,0
C013133,4848608,58183296,3242686,38912232,814566144,41222460,22322252,870102,718,0,0
C013134,7731695,92780340,4990328,59883936,283686496,197012760,138630162,1010174,674,0,0
C013135,4025757,48309084,2133324,25599888,87902112,130057934,103368867,663659,784,0,0
C013136,3913553,46962636,3017235,36206820,337827131,45097802,41366223,482625,783,0,0
C013137,3245714,38948568,2488420,29861040,72509774,21416431,21416431,144243,774,1,0
C013138,2629347,31552164,1754437,21053244,60651789,19437117,11380009,403809,835,2,0
C013139,3160618,37927416,2068711,24824532,121563702,52202636,28371329,530480,696,0,0
C013140,4989925,59879100,2467119,29605428,221419915,31750285,22264338,280918,776,0,0
C013141,2281222,27374664,999779,11997348,90873817,19540836,13685284,124184,856,1,0
C013142,2444998,29339976,1114707,13376484,210110001,26945593,23286338,237560,702,0,0
C013143,2227188,26726256,1395810,16749720,39730503,16566815,15948278,187866,734,0,0
C013144,3101477,37217724,1366059,16392708,158638775,32856654,15299910,101593,845,0,0
C013145,2768972,33227664,1995696,23948352,148776416,90635369,80398054,542209,771,0,0
C013146,5245466,62945592,2924458,35093496,587349408,25589911,25589911,414753,773,0,0
C013147,3968245,47618940,2448831,29385972,84647655,132228070,110493998,681471,707,0,0
C013148,4969930,59639160,3921643,47059716,239597498,66332428,53021789,291199,815,0,0
C013149,1800000,21600000,1138765,13665180,84785834,15498869,11576427,50000,820,0,0
C013150,3247063,38964756,1269332,15231984,71760555,51218968,34780251,224294,827,0,0
C013151,4306097,51673164,2286414,27436968,298605023,15875926,10200041,86122,813,0,1
C013152,2908661,34903932,2226042,26712504,119463818,38723174,26115601,472437,683,0,0
C013153,4148886,49786632,2293331,27519972,48577148,59049183,48340229,619530,740,0,0
C013154,2856219,34274628,1141969,13703628,105537113,18498478,11489298,125493,826,0,0
C013155,1800000,21600000,950458,11405496,27162587,64808258,56107555,427700,700,0,0
C013156,4064607,48775284,1355583,16266996,344263754,30761074,17928602,390703,873,0,0
C013157,4791519,57498228,4022699,48272388,526056890,100323591,88356714,719730,702,0,0
C013158,7267427,87209124,4440964,53291568,407758262,43881568,34937962,618722,806,0,0
C013159,5559986,66719832,2836032,34032384,357252457,44969401,43373305,517706,758,0,0
C013160,4782671,57392052,2802200,33626400,142554405,13045108,13045108,408609,826,0,0
C013161,3097968,37175616,1737526,20850312,105434708,29856609,29856609,120119,828,0,0
C013162,3017172,36206064,1394622,16735464,115699346,70542096,59981698,373485,845,0,0
C013163,3618685,43424220,2026010,24312120,122651264,50098990,40211844,455360,765,0,0
C013164,7117427,85409124,6149821,73797852,633332690,52303203,35020903,749925,703,0,0
C013165,4068702,48824424,1907617,22891404,299544251,40282744,38710804,696768,779,0,0
C013166,3939214,47270568,2562636,30751632,271041905,52556982,35293925,468460,771,0,0
C013167,2675357,32104284,1790153,21481836,204946901,155021891,137371534,991557,659,0,1
C013168,4029275,48351300,2103877,25246524,169939005,33305443,26803125,285858,719,0,0
C013169,3577136,42925632,2779764,33357168,51886444,198337534,185167353,1383418,729,0,1
C013170,4782521,57390252,3300463,39605556,353138680,101302489,93733509,545202,749,0,0
C013171,4393565,52722780,3600607,43207284,146189695,79756979,79756979,728027,769,0,0
C013172,9664201,115970412,7695111,92341332,417292385,70008499,33219421,260279,817,0,0
C013173,2076445,24917340,1148145,13777740,108544327,43698984,37300912,280593,735,0,0
C013174,2108495,25301940,919288,11031456,232652385,21410263,17508150,128719,894,0,0
C013175,4988814,59865768,2566736,30800832,192516896,76356385,76356385,609619,769,0,0
C013176,4636126,55633512,2491225,29894700,508217793,83100413,58907235,393106,765,0,0
C013177,7432634,89191608,4533994,54407928,368705339,21227893,20205200,448087,856,0,0
C013178,3377926,40535112,1179225,14150700,65897540,31090064,14813284,67559,806,0,0
C013179,8867108,106405296,5967335,71608020,708478493,123140250,101014635,1055635,754,0,0
C013180,2068737,24824844,1426189,17114268,46052976,29338009,29338009,211372,864,0,0
C013181,6806851,81682212,4455107,53461284,218884454,41039972,38657339,619811,663,0,0
C013182,4037069,48444828,2572208,30866496,149166872,96182720,85093123,589862,755,0,0
C013183,2763570,33162840,1416919,17003028,80540455,27746711,22099983,324819,744,0,0
C013184,3373191,40478292,2163865,25966380,32041890,18656076,18656076,319558,828,0,0
C013185,5349756,64197072,4449226,53390712,315371513,31150842,31150842,513512,692,0,0
C013186,10438780,125265360,8727201,104726412,426745935,245181683,203145567,1939082,801,0,0
C013187,3669949,44039388,1976318,23715816,111696881,45882990,36093109,371636,806,0,0
C013188,5901878,70822536,3937586,47251032,81130613,9087841,9087841,400677,792,0,0
C013189,4246419,50957028,2704091,32449092,89714972,37915493,37915493,317768,729,0,0
C013190,5167303,62007636,3387807,40653684,449091796,107871030,95238979,628955,665,1,0
C013191,4858081,58296972,3584439,43013268,89012503,101611886,74810757,676361,754,0,0
C013192,3442115,41305380,2631647,31579764,41901585,45550530,30835135,153611,792,0,0
C013193,8588143,103057716,4990040,59880480,363650632,32892842,32892842,636333,737,0,0
C013194,5421815,65061780,2699890,32398680,265540334,130851125,101647652,688229,803,0,0
C013195,2276985,27323820,1349809,16197708,102473442,30703336,28559406,306812,937,0,0
C013196,2516833,30201996,801967,9623604,174584362,61309083,55292993,415986,784,0,0
C013197,4872123,58465476,2104685,25256220,77849147,62541924,62541924,358289,802,0,0
C013198,7126867,85522404,4481198,53774376,346898455,46054389,33825927,465633,807,1,0
C013199,3608471,43301652,1829363,21952356,43029465,36959319,22688695,662956,731,0,0
C013200,3535597,42427164,2229952,26759424,91785082,44600167,37960279,512662,806,0,0
C013201,4142135,49705620,2639131,31669572,204432652,65351801,43465661,284932,758,0,0
C013202,3364831,40377972,1612059,19344708,79071985,47590746,31257400,228863,827,0,0
C013203,10005359,120064308,5548005,66576060,986461406,125175521,125175521,1919738,791,0,0
C013204,2692941,32315292,2100075,25200900,185722638,46850177,23325096,314502,695,0,0
C013205,4307021,51684252,3085643,37027716,93319429,95765329,85832955,522499,763,0,0
C013206,5398318,64779816,2861921,34343052,280433753,143397488,85058317,847393,846,0,0
C013207,5572212,66866544,3527723,42332676,232675934,283634509,263117622,1556085,707,1,1
C013208,4626656,55519872,3289629,39475548,462517673,41575197,33879535,491884,709,0,0
C013209,3782332,45387984,1942018,23304216,165259404,42773155,24057686,260983,806,0,0
C013210,6657068,79884816,2695330,32343960,317991940,92434303,89736335,374708,777,0,0
C013211,7957039,95484468,2973771,35685252,85939535,47973195,47973195,976947,783,0,0
C013212,4142938,49715256,2566086,30793032,139447853,85079518,85079518,664895,748,0,0
C013213,5689228,68270736,4085679,49028148,855648008,85262438,63807253,436344,754,0,0
C013214,2456262,29475144,1849791,22197492,85377795,23159491,15414156,176152,737,0,0
C013215,7396962,88763544,4383482,52601784,215629237,89141499,89141499,474559,795,0,0
C013216,2117690,25412280,696345,8356140,126847144,35731967,30278945,326732,811,0,0
C013217,2171608,26059296,1252238,15026856,57948211,24223729,15222661,222682,704,0,0
C013218,3227077,38724924,1619536,19434432,436726307,51137886,43766638,315048,707,0,0
C013219,3275821,39309852,1294493,15533916,550337928,55778368,55778368,453210,911,0,0
C013220,3396955,40763460,1945284,23343408,80150387,45513682,37459922,305363,946,0,0
C013221,3542104,42505248,2539201,30470412,156059599,78605802,57941139,436188,789,0,0
C013222,8611341,103336092,4957235,59486820,255763168,109793335,76631620,805612,924,0,0
C013223,1800000,21600000,1275208,15302496,302400000,12725387,5903348,206951,755,0,0
C013224,5641531,67698372,3023988,36287856,161879662,75978234,39677685,531300,826,0,0
C013225,1800000,21600000,1355601,16267212,224805908,47316186,33814009,295298,677,0,1
C013226,3532622,42391464,2557628,30691536,171394203,111621202,103386526,715526,751,0,0
C013227,3683806,44205672,2470574,29646888,131899616,183006472,157596366,1077799,711,0,1
C013228,2008348,24100176,936630,11239560,77145764,7739476,7739476,133324,795,0,0
C013229,6446710,77360520,4323072,51876864,231142778,129588057,107669999,806214,850,0,0
C013230,5181023,62172276,3374203,40490436,414391157,118937188,106545381,587490,842,0,0
C013231,6252220,75026640,2365192,28382304,181618610,71340583,71340583,179604,828,0,0
C013232,6408646,76903752,5110976,61331712,111739901,95356481,78698019,879584,724,1,1
C013233,4304528,51654336,2273284,27279408,87587208,46300924,33364963,357683,716,0,0
C013234,3316032,39792384,1888374,22660488,52863842,173313936,158987897,1106230,732,0,0
C013235,3900489,46805868,1498494,17981928,144094163,69791635,51155134,569511,802,0,0
C013236,8746398,104956776,4119019,49428228,706401325,59892278,57474651,413338,784,0,0
C013237,5309754,63717048,2397846,28774152,183883998,60507300,32537408,106195,808,0,0
C013238,3873080,46476960,2431025,29172300,111276100,71802403,57499178,652984,712,0,0
C013239,4653938,55847256,2625069,31500828,103344639,51005772,41566742,391372,784,0,0
C013240,3109617,37315404,2109974,25319688,105691889,23877263,12143932,274795,785,0,0
C013241,4002741,48032892,2617452,31409424,56704267,44874960,38224917,265848,842,0,0
C013242,1800000,21600000,616348,7396176,129521699,24330713,21260216,285986,852,0,0
C013243,2389775,28677300,1470198,17642376,26441284,15587108,15587108,285729,809,0,0
C013244,3303919,39647028,2074219,24890628,90719260,44935391,30030231,288044,737,0,0
C013245,3303937,39647244,3011290,36135480,71962212,30516885,6850255,368146,712,1,1
C013246,2879041,34548492,2440706,29288472,111489203,32301466,14668044,353110,762,0,1
C013247,4418168,53018016,3305005,39660060,324941763,38297835,31372055,88363,774,0,0
C013248,6592758,79113096,3638258,43659096,329080233,46989384,37726234,286072,837,0,0
C013249,4709595,56515140,3067675,36812100,508976961,74170508,61743948,238028,823,0,0
C013250,3296729,39560748,2084674,25016088,128679814,18589327,16998557,177576,822,0,0
C013251,6339901,76078812,2631402,31576824,275820865,128808130,128447288,996456,809,0,0
C013252,3805129,45661548,2635804,31629648,94630509,59292814,40436821,349632,677,0,0
C013253,4834793,58017516,3420930,41051160,132077608,96635424,92574841,879281,783,0,1
C013254,3530736,42368832,2179329,26151948,45551123,46014407,37452612,266041,785,0,0
C013255,5912746,70952952,4299244,51590928,627974992,58378192,23289898,530705,720,1,0
C013256,3867597,46411164,2796267,33555204,145381689,78375632,48172706,330002,667,0,0
C013257,6529946,78359352,3894278,46731336,380701113,151204198,124647851,1072017,741,1,0
C013258,3370817,40449804,1529424,18353088,200165419,58403941,34352081,212781,789,0,0
C013259,6646631,79759572,4880514,58566168,220190351,137569888,101668008,984087,795,0,0
C013260,2682653,32191836,1587924,19055088,253710499,16615693,14640149,263909,791,0,0
C013261,3586918,43043016,1560169,18722028,151246627,57433611,40008110,460330,798,0,0
C013262,2774818,33297816,1299111,15589332,153090000,25447932,10744417,141588,770,0,0
C013263,2538486,30461832,1778184,21338208,228914655,49800765,37794537,493412,708,0,0
C013264,2786818,33441816,2094475,25133700,145286124,61779975,60533496,526687,850,0,0
C013265,5175998,62111976,3981358,47776296,184518006,189932422,150832241,1392540,686,0,1
C013266,5716254,68595048,3801700,45620400,471984915,75555722,51711170,173399,790,0,0
C013267,2503112,30037344,1325377,15904524,104514828,41046449,17636327,261680,684,1,0
C013268,2272316,27267792,1239520,14874240,228517177,43550275,31951088,309631,772,0,0
C013269,3384778,40617336,2016715,24200580,25981255,16719163,16719163,150220,796,0,0
C013270,3429851,41158212,2333071,27996852,338962346,57036893,50791522,705681,839,0,0
C013271,7880819,94569828,5328405,63940860,61352356,132258423,132258423,1242666,829,0,0
C013272,3285833,39429996,2053427,24641124,278339702,32941536,29389135,360055,892,0,0
C013273,2533213,30398556,1835433,22025196,145469032,48153833,32226985,165740,864,0,0
C013274,3788178,45458136,2951566,35418792,261878640,72949782,54099454,484168,697,0,0
C013275,2227344,26728128,1823085,21877020,47153926,11267919,11267919,163484,762,0,0
C013276,2744092,32929104,1101171,13214052,92166427,23052068,17068955,339145,796,0,0
C013277,7037042,84444504,2889310,34671720,1182223056,103794812,82183327,1044487,727,0,0
C013278,3239711,38876532,1825528,21906336,124423919,32292378,32292378,318547,778,0,0
C013279,2882614,34591368,1406183,16874196,69574764,43631787,22407268,196250,759,0,0
C013280,3529850,42358200,1392482,16709784,364087887,80608358,70609358,595635,776,0,0
C013281,3345752,40149024,1891547,22698564,445469466,51689440,36212185,431673,734,0,0
C013282,2737174,32846088,2100237,25202844,98285754,14776156,10733778,371560,706,0,0
C013283,2959749,35516988,1453617,17443404,60777439,20913695,15502408,226959,903,0,0
C013284,2577274,30927288,1821632,21859584,143842538,21309049,14283049,202483,776,0,0
C013285,4025248,48302976,2040324,24483888,290290025,49514289,36341924,497205,739,0,0
C013286,4021149,48253788,2353793,28245516,148981580,130703144,113752242,525185,799,0,0
C013287,5960756,71529072,2039638,24475656,1001407008,36242352,14661969,257168,931,0,0
C013288,7134175,85610100,3934932,47219184,171613025,44992372,39541834,680695,783,0,0
C013289,3221078,38652936,1553588,18643056,20772295,40809946,20195284,269526,746,0,0
C013290,3322757,39873084,1569293,18831516,105027762,79722673,61995126,569636,707,0,0
C013291,3970723,47648676,3497628,41971536,144384513,24681994,20410918,482292,692,0,0
C013292,4122635,49471620,1906878,22882536,199930231,28586066,28586066,82453,785,1,0
C013293,4139823,49677876,2500812,30009744,60402557,67092933,45753219,747950,770,0,0
C013294,6749853,80998236,5502975,66035700,323572893,115057256,87918988,881582,720,0,0
C013295,2277091,27325092,1567727,18812724,331758175,36994530,25415675,380068,717,0,0
C013296,4061564,48738768,2530347,30364164,119784315,55297953,45964040,472302,706,0,0
C013297,3149389,37792668,2628848,31546176,78209663,28188724,12658167,341122,822,0,0
C013298,4496187,53954244,3014685,36176220,136759564,47097030,31352889,364949,762,0,0
C013299,3096614,37159368,1306159,15673908,108415254,58103231,38849634,309590,673,0,0
C013300,3961753,47541036,1461093,17533116,323124168,93179920,71973471,199085,765,0,0
C013301,5152163,61825956,2757609,33091308,569729268,153677444,140299613,791563,770,0,0
C013302,4388988,52667856,3338102,40057224,83918326,68431318,52281606,327614,760,0,0
C013303,5438192,65258304,2089647,25075764,101560399,37368517,30292237,368788,880,0,0
C013304,5284058,63408696,3371155,40453860,42090208,48279632,48279632,379895,820,0,0
C013305,4956533,59478396,4083730,49004760,185856763,111669317,92971835,470185,805,0,0
C013306,5390952,64691424,3191702,38300424,130508337,114150154,101777111,887968,706,0,0
C013307,4615061,55380732,3319264,39831168,88218655,48575440,18984881,635239,736,0,0
C013308,2648202,31778424,2000031,24000372,125336829,14502211,9564582,233539,749,0,0
C013309,3374018,40488216,2076537,24918444,112177142,11329911,7620938,67480,804,0,1
C013310,5888949,70667388,2514610,30175320,386828509,92957857,88286365,917758,837,0,0
C013311,3836818,46041816,1863425,22361100,445035086,46393114,46393114,473499,828,0,0
C013312,4604278,55251336,1298387,15580644,52964952,82555341,43677194,567262,693,0,0
C013313,8189618,98275416,4795255,57543060,681761069,93223246,88244037,422571,744,0,0
C013314,3212947,38555364,2850085,34201020,129066692,104502756,100269976,630302,687,1,1
C013315,6849099,82189188,5725581,68706972,119240708,105372281,76202132,665275,662,0,0
C013316,2537944,30455328,1605566,19266792,128388692,50060792,35624689,169942,736,0,0
C013317,5271816,63261792,3050069,36600828,119720610,74091486,52246334,702326,767,0,0
C013318,2164901,25978812,1435942,17231304,126920183,96414099,84535313,523753,750,0,0
C013319,1800000,21600000,1110762,13329144,101788447,23232682,23232682,186719,706,0,0
C013320,5159410,61912920,2527756,30333072,110488209,43860370,28652448,690789,860,0,0
C013321,2216715,26600580,990263,11883156,61231779,32454351,16263096,281923,837,0,0
C013322,2863182,34358184,1638054,19656648,145090904,30719976,29776574,485827,761,0,0
C013323,2953806,35445672,1676565,20118780,282442910,32933815,20249432,299509,842,0,0
C013324,3733340,44800080,2256757,27081084,61026359,20853620,20853620,323033,711,1,0
C013325,6002533,72030396,3669397,44032764,393686425,102254374,102254374,1083644,753,0,0
C013326,3990023,47880276,2360521,28326252,125534258,122584216,108937405,1071359,652,0,0
C013327,4931034,59172408,2736239,32834868,108198475,153977336,128706239,961040,635,0,0
C013328,2324650,27895800,1168264,14019168,49097453,15624247,6731695,170720,722,0,0
C013329,4676922,56123064,2975038,35700456,526935806,88828108,62594322,683324,711,1,0
C013330,5978958,71747496,3260214,39122568,411187236,57446791,54108182,460330,819,0,0
C013331,6660143,79921716,4705176,56462112,303203059,63685520,48362066,666551,835,0,0
C013332,5174217,62090604,3064597,36775164,127934613,62166116,41955709,1019661,778,0,0
C013333,9162694,109952328,4644753,55737036,168439710,109133621,65933465,796991,800,0,0
C013334,4973488,59681856,3936026,47232312,376490207,29909734,18751860,307282,647,0,0
C013335,5255899,63070788,3428609,41143308,271725217,80495952,56597661,552057,732,0,0
C013336,3937830,47253960,2075679,24908148,257998509,93587756,82794659,408972,732,0,0
C013337,5312180,63746160,2477658,29731896,95753451,48408090,23806108,304633,858,0,0
C013338,2149031,25788372,996521,11958252,86606579,24392817,15088720,179869,791,0,0
C013339,3938179,47258148,2376312,28515744,231968238,95949489,95352075,879714,822,0,0
C013340,6202467,74429604,2265194,27182328,226713218,101611429,72452585,805689,751,1,1
C013341,11112252,133347024,7671358,92056296,394602672,100504458,62039440,1524663,775,0,0
C013342,5260568,63126816,3283563,39402756,133708380,51338051,46120182,556989,823,0,0
C013343,2605045,31260540,1514089,18169068,65959260,30035926,28142981,264636,859,0,0
C013344,3523980,42287760,2546722,30560664,186193740,51414358,37049532,409296,818,0,0
C013345,3722866,44674392,1757907,21094884,79711994,67272243,53589428,304786,748,0,0
C013346,3465589,41587068,2318117,27817404,321569322,77646109,60888826,402004,717,0,0
C013347,4077072,48924864,2550451,30605412,77366462,32031939,16427535,286396,787,0,0
C013348,3231062,38772744,1756265,21075180,127231273,20280051,20273077,220517,774,0,0
C013349,3206650,38479800,2727878,32734536,219147483,109620809,102878868,874343,689,0,1
C013350,3294000,39528000,2050308,24603696,153410483,40842189,28021139,258034,769,0,0
C013351,4504566,54054792,2034723,24416676,36167612,71176854,46583766,392842,841,0,0
C013352,5260010,63120120,3093403,37120836,481742570,63159910,54392943,301686,767,0,0
C013353,10255978,123071736,6407963,76895556,164834373,129946242,129946242,916224,779,0,0
C013354,2288926,27467112,1953572,23442864,90165607,30415785,17335523,182622,738,0,1
C013355,4624157,55489884,2424519,29094228,33317243,68210481,36446408,547680,694,0,1
C013356,3040409,36484908,2395294,28743528,510788712,79933795,60582470,581957,760,0,0
C013357,3503177,42038124,1951394,23416728,338545354,6354323,3571079,84527,740,1,0
C013358,5763747,69164964,2308624,27703488,117021119,73901259,55457639,478812,765,0,0
C013359,3155988,37871856,974567,11694804,109745174,34757989,30370992,245087,867,0,0
C013360,5829105,69949260,4708018,56496216,434758674,191565380,159447344,1148317,657,0,0
C013361,11380449,136565388,6412060,76944720,1239993608,121793338,79606994,1076519,720,0,0
C013362,4060656,48727872,1015164,12181968,113028929,65814595,55396307,689062,697,0,0
C013363,4691606,56299272,3638033,43656396,129050502,111425001,99608400,898911,709,0,0
C013364,1945307,23343684,1402725,16832700,117730187,20124234,11833344,144768,738,0,0
C013365,5808845,69706140,3937550,47250600,178651936,75852195,62063596,784411,860,0,0
C013366,6260050,75120600,3160080,37920960,102019166,55595578,51269744,755277,823,0,0
C013367,2013892,24166704,1870438,22445256,113920089,36206021,20840755,252216,756,0,1
C013368,2710481,32525772,1564054,18768648,356634525,39740380,35359643,300391,798,0,0
C013369,3921341,47056092,2913043,34956516,144699940,31653602,31653602,424594,673,0,0
C013370,3764751,45177012,1192100,14305200,238811730,53608706,36890812,252971,728,0,0
C013371,5529961,66359532,3231084,38773008,284140133,218530233,190221679,1311346,651,3,1
C013372,4724782,56697384,1804803,21657636,90597062,47960356,47960356,600816,833,1,0
C013373,3522155,42265860,2253997,27047964,190045470,66144640,66144640,289957,826,0,0
C013374,2372250,28467000,1260486,15125832,109216484,57556683,50173675,350194,784,0,0
C013375,4069392,48832704,1242210,14906520,100229825,39700092,13675145,121286,814,0,0
C013376,6287490,75449880,4350771,52209252,364131042,59993375,49262175,688181,710,0,0
C013377,3692873,44314476,1235002,14820024,43870835,44189832,26517205,522474,937,0,0
C013378,6667450,80009400,4459721,53516652,595906243,53584244,53584244,818887,744,0,0
C013379,4062202,48746424,2482573,29790876,38729580,20538703,20538703,253473,833,0,0
C013380,9514943,114179316,9311763,111741156,703138259,136674072,111953234,915630,624,2,0
C013381,5708262,68499144,2758665,33103980,280791992,49486252,36670759,184350,850,0,0
C013382,2246219,26954628,1386514,16638168,66140789,24050169,20233499,238575,683,0,0
C013383,3961150,47533800,3047330,36567960,119268432,201582599,196585765,1194099,738,0,0
C013384,6286474,75437688,3636540,43638480,119151424,108975233,59390204,772341,845,0,0
C013385,5146540,61758480,3514644,42175728,346984053,102245745,101437981,999788,724,0,0
C013386,2017932,24215184,1554952,18659424,218725173,35688770,23211319,273596,787,0,0
C013387,2971367,35656404,1842444,22109328,127344446,20188169,16315900,309283,801,0,0
C013388,2827288,33927456,1445861,17350332,182600746,38414252,27334254,301791,751,0,0
C013389,3911473,46937676,1441146,17293752,94579835,32934537,30298904,523216,708,0,0
C013390,5873706,70484472,4136989,49643868,98002774,87367063,79205998,747324,726,0,0
C013391,3207206,38486472,2175018,26100216,44254923,28827704,25044278,246344,844,0,0
C013392,4733616,56803392,1960991,23531892,315643917,53589627,29403195,94672,815,0,0
C013393,5606253,67275036,2600750,31209000,85289798,76977556,51291151,392157,865,0,0
C013394,5603246,67238952,2660990,31931880,384224901,71358571,71358571,551287,776,0,0
C013395,5111695,61340340,4228248,50738976,436816191,75038387,62916563,967183,766,0,0
C013396,4403318,52839816,3602814,43233768,90677132,73719522,44248636,386211,718,0,0
C013397,6685167,80222004,2158800,25905600,193906747,46525026,18823594,672824,813,1,0
C013398,6710052,80520624,4732119,56785428,95305955,57057418,53092437,198536,789,0,0
C013399,3432669,41192028,2248429,26981148,48788300,53881634,31288061,533737,721,0,0
C013400,6829061,81948732,3626806,43521672,236866400,23020612,15629942,136581,843,0,0
C013401,4810968,57731616,3159194,37910328,170773737,150309215,115524951,1002997,816,0,0
C013402,4818207,57818484,2416581,28998972,97473058,29096037,29096037,663044,820,0,0
C013403,2662899,31954788,1512992,18155904,127112820,20010922,20010922,130780,793,0,0
C013404,4230408,50764896,2690752,32289024,223513882,40540316,29484378,206830,712,0,0
C013405,3205308,38463696,2133182,25598184,215667996,44659409,40572974,310845,777,0,0
C013406,3925849,47110188,2364973,28379676,344828455,20356656,20356656,78517,770,0,0
C013407,2345338,28144056,1141528,13698336,249760859,7770550,5658370,205437,771,0,0
C013408,4668888,56026656,3733517,44802204,352116131,31580363,20781187,469107,793,0,0
C013409,1822944,21875328,926943,11123316,98423788,33821539,33821539,289605,753,0,0
C013410,8249656,98995872,5609700,67316400,190963958,105257209,105257209,1211935,804,0,0
C013411,2737360,32848320,1214802,14577624,42900549,47805580,47805580,424505,740,0,0
C013412,2810260,33723120,1315504,15786048,45144406,42220578,40629515,246389,780,0,0
C013413,3168387,38020644,2098204,25178448,115221684,76828083,45042923,302198,732,0,0
C013414,4551559,54618708,2282146,27385752,41443829,48686567,37557905,638405,705,0,0
C013415,2433153,29197836,1663832,19965984,43353812,30369976,14944316,137662,746,0,0
C013416,4489898,53878776,2942876,35314512,230029857,60454275,40119494,271405,901,0,0
C013417,3561497,42737964,1894704,22736448,92468338,47164648,47164648,425917,765,0,0
C013418,2994719,35936628,2006592,24079104,39017309,26822293,16350388,147146,701,0,0
C013419,3017670,36212040,2450160,29401920,115629542,31034341,16061154,463801,726,0,0
C013420,7034722,84416664,3181618,38179416,497047571,212105279,200091375,1086427,760,0,0
C013421,5119421,61433052,2448278,29379336,474454919,81206672,73327615,661473,716,0,1
C013422,2811780,33741360,2612313,31347756,308199785,23235690,11364578,56236,672,1,0
C013423,2898599,34783188,1407507,16890084,192463502,31751565,31751565,427797,822,0,0
C013424,5839061,70068732,2202963,26435556,181699491,118565374,86932810,116781,779,0,0
C013425,2678786,32145432,1003784,12045408,182674674,31996108,17730065,53576,699,0,0
C013426,2481540,29778480,957039,11484468,132392411,39826603,34475204,189670,819,0,0
C013427,4676265,56115180,4187875,50254500,221342619,35110225,24088137,124003,800,0,0
C013428,5111091,61333092,2801729,33620748,345025981,168021390,157803568,1068940,792,0,0
C013429,5366998,64403976,3289181,39470172,56259996,136561152,121771649,878133,720,0,0
C013430,8693789,104325468,5151101,61813212,294848977,76660596,64392180,868950,788,0,0
C013431,2437818,29253816,1823915,21886980,82687329,27677582,27677582,263594,675,0,0
C013432,3020833,36249996,1994184,23930208,350267188,49627565,42839523,334772,665,1,0
C013433,6721100,80653200,3895314,46743768,239886160,99184452,62297504,531498,847,0,0
C013434,5530261,66363132,3042562,36510744,201760411,165833057,150167644,1334409,804,0,0
C013435,3656407,43876884,1828000,21936000,122261436,42379301,25967156,295530,731,0,0
C013436,5258624,63103488,3539413,42472956,179616064,73406707,57054512,788953,841,0,0
C013437,7360626,88327512,3528670,42344040,307059386,73528816,29292595,447353,901,0,0
C013438,4863181,58358172,1637121,19645452,181395377,73226783,57523617,365962,786,0,1
C013439,4164264,49971168,2392704,28712448,249177900,47689019,26301674,235565,820,0,0
C013440,3380172,40562064,2199578,26394936,120340741,103205485,73726086,751548,760,0,0
C013441,3986969,47843628,3401812,40821744,281661390,19983565,19983565,447170,733,0,0
C013442,3202982,38435784,2106439,25277268,221787464,15699738,12135055,239132,777,1,0
C013443,6596693,79160316,3919323,47031876,179233848,49108720,47604692,558979,808,0,0
C013444,4905087,58861044,2717881,32614572,84342141,133954076,133954076,878011,796,0,0
C013445,3856474,46277688,2975002,35700024,130684551,68705802,38636010,427101,623,1,0
C013446,3977839,47734068,3534228,42410736,20347212,30986715,20498406,79557,881,0,0
C013447,3205258,38463096,2202264,26427168,54410360,25361324,15533124,225873,825,0,0
C013448,4584520,55014240,1773471,21281652,425242707,120390601,95568617,765993,756,0,0
C013449,2177582,26130984,1045762,12549144,116167492,47625011,45452113,282800,773,0,0
C013450,5769593,69235116,5136159,61633908,98422162,21960724,21960724,420272,799,0,0
C013451,4477707,53732484,1317326,15807912,98103109,53062359,39638732,212231,835,0,0
C013452,4420566,53046792,2365673,28388076,161825491,34971908,34971908,512936,848,0,0
C013453,4012620,48151440,2598422,31181064,60876097,30136895,22587184,80252,713,0,0
C013454,7003090,84037080,3593062,43116744,225626320,51423207,19856084,243784,752,0,0
C013455,3278986,39347832,1357158,16285896,71499281,106338970,98404047,548216,720,0,0
C013456,3921051,47052612,2391411,28696932,134538596,32323335,14921214,249293,780,0,0
C013457,5128154,61537848,3118287,37419444,77864535,83668447,77819007,535582,787,0,0
C013458,9176876,110122512,6334758,76017096,191300173,82293184,56686636,677977,784,0,0
C013459,4693752,56325024,3198590,38383080,86745445,98594307,62467034,689073,741,0,0
C013460,2683239,32198868,1921148,23053776,51663200,24099140,24099140,269555,806,0,0
C013461,7203016,86436192,3496375,41956500,205895493,87632191,72467880,609079,755,0,0
C013462,3618599,43423188,2442342,29308104,165703958,28322830,19315727,207193,808,0,0
C013463,3029556,36354672,2250363,27004356,106571898,37431457,30289312,455879,704,0,0
C013464,4532657,54391884,2777612,33331344,94752169,26073466,19804448,493256,757,0,1
C013465,4228029,50736348,1926117,23113404,403903582,32821051,32270622,421652,816,0,0
C013466,2857374,34288488,1875816,22509792,50610690,29347739,21452171,57147,836,0,0
C013467,4735780,56829360,3533768,42405216,566896026,57098698,53385238,576211,771,0,0
C013468,7085741,85028892,5353439,64241268,148844223,122452323,98841896,1186981,752,1,0
C013469,5596935,67163220,2681933,32183196,755900954,87617989,80784615,582010,802,0,1
C013470,2352840,28234080,1498477,17981724,93571335,54569667,41665978,428343,693,0,0
C013471,3647233,43766796,1819972,21839664,37685478,63649767,55859521,515773,808,0,0
C013472,2694495,32333940,1193934,14327208,452675160,66373030,62644493,516649,770,0,0
C013473,3802195,45626340,2349904,28198848,277718101,53070849,53070849,300133,905,0,0
C013474,5464371,65572452,3047125,36565500,209627395,84430419,41132263,324064,782,0,1
C013475,2890713,34688556,1736820,20841840,93481776,18731265,16317006,134369,906,0,0
C013476,3802632,45631584,2135812,25629744,330564636,17067807,17067807,123757,836,0,1
C013477,5418417,65021004,2480548,29766576,194994135,18972063,11762678,119018,890,0,0
C013478,3019915,36238980,1560662,18727944,49051767,36563609,28828721,247765,875,0,0
C013479,2643139,31717668,931151,11173812,133539016,46678298,43476566,259283,736,0,0
C013480,7964461,95573532,4530663,54367956,757222217,48496692,43119236,591222,770,1,1
C013481,3972133,47665596,2086056,25032672,271746689,44526897,37683896,287610,791,0,0
C013482,2666325,31995900,1753623,21043476,159927770,19798907,18285415,159137,722,1,0
C013483,6088201,73058412,3493756,41925072,221707465,114834449,114834449,568763,798,0,0
C013484,2103166,25237992,1727602,20731224,104177975,13356756,13356756,227225,751,0,0
C013485,4791299,57495588,2559718,30716616,765796910,31975702,31975702,434152,840,0,0
C013486,8846290,106155480,4423899,53086788,176938319,54223403,51932036,394467,760,0,0
C013487,2980777,35769324,1407237,16886844,500770536,100417344,90856289,673451,674,1,1
C013488,2942232,35306784,1892015,22704180,120233666,30414163,14326539,237486,764,0,0
C013489,6196132,74353584,3413223,40958676,303437517,62183893,37573005,386400,805,0,0
C013490,5297878,63574536,2430425,29165100,101637383,39923558,37475020,134862,875,0,0
C013491,5716030,68592360,2233791,26805492,274798145,57113752,26409383,383785,826,0,0
C013492,3302086,39625032,1824548,21894576,161842002,41534623,24420285,293795,838,0,0
C013493,3503660,42043920,1785446,21425352,97016229,139905547,133770572,1130367,740,0,0
C013494,2552112,30625344,638028,7656336,138625498,35774804,30863754,357955,793,0,0
C013495,3500938,42011256,2469057,29628684,430238982,29823454,18790575,150311,739,0,0
C013496,5632699,67592388,3650027,43800324,774625562,49443447,34643939,212744,815,0,0
C013497,2801616,33619392,2148681,25784172,60258150,23483617,16390178,66543,748,0,0
C013498,7421577,89058924,4044426,48533112,830316322,38799884,17192171,231032,815,0,0
C013499,5424587,65095044,3483587,41803044,127318489,61209283,29715509,454115,707,1,0
C013500,1800000,21600000,1125619,13507428,37680450,14069527,6284802,182986,846,0,0
C013501,4993211,59918532,2026052,24312624,51095995,42229720,39226379,531579,777,0,0
C013502,2547103,30565236,2372272,28467264,127915908,12949005,12455907,179025,742,0,1
C013503,3622236,43466832,1903630,22843560,62284088,52276230,33226145,241506,800,0,0
C013504,3808674,45704088,3339385,40072620,142408588,31096497,23214527,310925,783,0,0
C013505,3596334,43156008,2468950,29627400,86103225,72709159,59345591,456444,797,0,0
C013506,5392523,64710276,2177389,26128668,416049256,43007008,30826786,441445,779,0,0
C013507,4562679,54752148,2919900,35038800,173013324,147163759,120774817,598237,736,0,0
C013508,1883679,22604148,1248606,14983272,69160169,44271959,30479918,250856,780,0,0
C013509,4303233,51638796,2912136,34945632,462903429,56237142,45756718,647740,775,0,1
C013510,3456004,41472048,1858531,22302372,168950545,40741177,10342119,69120,790,0,0
C013511,2691456,32297472,1880259,22563108,176461450,31996967,29236319,311470,807,0,0
C013512,2918532,35022384,1812458,21749496,421797978,45599241,32772012,333941,670,1,0
C013513,4987904,59854848,3086211,37034532,427407412,58794275,16561612,206547,841,0,0
C013514,5098589,61183068,2828506,33942072,209323099,44310370,25164342,262549,753,0,0
C013515,2882223,34586676,2036933,24443196,221501659,29801402,28586919,159142,650,0,1
C013516,5127958,61535496,2650624,31807488,272305758,50568322,45425682,664123,823,0,0
C013517,1800000,21600000,1399390,16792680,114589239,27402158,17755579,326269,664,0,0
C013518,4881591,58579092,2903561,34842732,140973298,66257670,50435027,97632,702,0,0
C013519,3735067,44820804,2017440,24209280,103898726,48873069,48873069,356138,824,0,0
C013520,5588160,67057920,4284786,51417432,570880357,145125410,118555294,1045707,623,0,0
C013521,4842402,58108824,3198115,38377380,124121116,44143897,23130447,226333,796,0,0
C013522,6635022,79620264,3770322,45243864,296852202,173144765,137881613,864679,853,0,0
C013523,2756232,33074784,1743053,20916636,398322686,42903094,42903094,414530,804,0,0
C013524,6200002,74400024,3484403,41812836,201880297,42471583,12317663,124000,748,0,0
C013525,4366578,52398936,2604224,31250688,249462013,48740234,42735448,279515,744,0,0
C013526,3666649,43999788,1982858,23794296,288022185,51852575,34983544,352318,659,0,0
C013527,1818350,21820200,1141469,13697628,98746510,32633594,32633594,341283,785,0,0
C013528,5570079,66840948,3903507,46842084,655990391,82196569,36818389,522795,739,0,0
C013529,4091547,49098564,1800817,21609804,39692066,41855283,19038605,223904,780,0,0
C013530,10219482,122633784,4924436,59093232,633311663,65488533,56479044,519581,714,0,0
C013531,5932953,71195436,2616818,31401816,357621489,201400346,187812854,1198995,830,0,0
C013532,4079653,48955836,2444859,29338308,188956765,22107125,22107125,611361,743,0,0
C013533,4263656,51163872,2333983,28007796,105006285,51083507,35940690,573341,810,0,0
C013534,6315820,75789840,3643995,43727940,344462841,61430054,38675389,233069,726,0,0
C013535,3178721,38144652,1229207,14750484,121734536,25563279,22954308,264027,818,0,0
C013536,4672051,56064612,2413151,28957812,279921499,30578618,27635368,423760,894,0,0
C013537,4455701,53468412,2670881,32050572,141832456,79726011,53197037,774054,737,0,0
C013538,1800000,21600000,1129286,13551432,97719061,13989314,8813285,102317,788,0,0
C013539,11692193,140306316,5512862,66154344,761323576,119280031,41909619,442813,716,0,0
C013540,2906749,34880988,1726794,20721528,72085984,71478126,58901399,530296,734,0,0
C013541,2547040,30564480,1782231,21386772,30642081,9051674,9051674,198736,689,0,0
C013542,8844570,106134840,2882544,34590528,276648568,114099789,93152103,1339549,832,0,0
C013543,4920102,59041224,1836690,22040280,101930863,41037831,23053018,367953,811,0,0
C013544,2023482,24281784,783389,9400668,189919786,43636169,38977196,330201,831,0,0
C013545,3020997,36251964,2164544,25974528,117206390,44711832,37300129,364126,795,0,0
C013546,3361693,40340316,1739079,20868948,91517406,41365628,33396067,392327,771,0,0
C013547,2428213,29138556,983921,11807052,84151407,21999203,18584904,50000,769,0,0
C013548,3050300,36603600,1479421,17753052,103719684,55259811,47570047,494652,769,0,0
C013549,3505446,42065352,2389760,28677120,56569919,38910737,32737944,421442,751,0,0
C013550,2106248,25274976,1698206,20378472,159572637,38497207,34383257,327601,747,0,0
C013551,4842249,58106988,3887633,46651596,199930191,81567702,65547843,762830,693,0,1
C013552,2609651,31315812,1829564,21954768,138261577,10012417,7288000,261396,743,0,0
C013553,3502492,42029904,2248072,26976864,126123271,53124933,36311954,359986,744,0,0
C013554,3326260,39915120,1852217,22226604,61343956,139595958,124588485,778307,626,2,1
C013555,2677527,32130324,1283874,15406488,302533096,66462974,66462974,495217,720,0,0
C013556,3445203,41342436,1793313,21519756,183501903,35306117,35306117,364073,864,0,0
C013557,3404248,40850976,1685137,20221644,59451148,30163827,26980471,217379,921,0,0
C013558,4871782,58461384,2210729,26528748,156765909,59776533,16669300,353858,892,0,0
C013559,3159071,37908852,1467884,17614608,154279681,39277413,31172783,198060,834,0,0
C013560,2540606,30487272,1432826,17193912,80295726,13102741,13102741,204957,709,0,0
C013561,10093400,121120800,4748872,56986464,806072545,106796374,51906223,1071702,771,0,0
C013562,6966393,83596716,3273128,39277536,101160418,55451804,40206014,527492,733,0,0
C013563,2779751,33357012,1907740,22892880,170449853,49260239,40899902,441651,758,0,0
C013564,4242169,50906028,3295577,39546924,163842712,48770077,32837428,309407,693,0,0
C013565,5931870,71182440,3074016,36888192,228480728,57517222,50459265,896649,880,1,0
C013566,3273882,39286584,2755568,33066816,107836308,33258077,29940857,194935,749,0,0
C013567,3208229,38498748,1862013,22344156,138638433,31475769,19861871,77265,765,0,0
C013568,3940477,47285724,2349849,28198188,147970172,126445134,126445134,1075521,690,0,0
C013569,1898967,22787604,1355541,16266492,83281622,14081048,14081048,73795,813,0,0
C013570,4988978,59867736,2521736,30260832,706860657,119539264,97762451,1017644,782,0,0
C013571,4868420,58421040,2892995,34715940,80769796,43617626,11065074,511039,738,0,0
C013572,4867401,58408812,3333167,39998004,142404832,51165270,50287151,235240,791,0,1
C013573,6096828,73161936,2307466,27689592,252719548,49013414,30974409,361537,671,1,0
C013574,5222503,62670036,2977452,35729424,98564604,79628551,50822310,551137,783,0,0
C013575,5350413,64204956,2558048,30696576,464144329,60488470,49071681,687679,775,0,0
C013576,3490233,41882796,1732207,20786484,310844390,100552450,82605242,570793,786,0,0
C013577,3013404,36160848,1721583,20658996,223031201,23622591,23622591,490649,792,0,0
C013578,3906870,46882440,1851790,22221480,82001908,61997492,48998398,549701,730,0,0
C013579,2148525,25782300,1380914,16570968,81589324,48893572,41514282,486630,658,0,1
C013580,7361009,88332108,5230026,62760312,161607141,103924183,72620917,813929,659,0,0
C013581,6455591,77467092,4583748,55004976,59159979,133411818,99542212,957532,719,0,0
C013582,3270514,39246168,1959910,23518920,142575203,27373180,27166462,335914,867,0,0
C013583,4421813,53061756,1571545,18858540,100472457,91140920,91140920,734277,852,0,0
C013584,2713446,32561352,1729268,20751216,29508609,13996453,6602946,82084,768,0,0
C013585,2768185,33218220,1253521,15042252,80822800,28215512,21636004,329665,821,0,0
C013586,3978549,47742588,2186248,26234976,188726630,24684043,18608117,592763,804,0,0
C013587,7189941,86279292,3184638,38215656,312631462,40063335,38144504,713695,844,0,0
C013588,2553415,30640980,1478247,17738964,88027550,32511720,21232081,274487,863,0,0
C013589,2331754,27981048,1399362,16792344,18066752,12028412,4388941,96077,750,0,0
C013590,5363884,64366608,3042875,36514500,535144822,36339772,21052194,455668,782,0,0
C013591,2573126,30877512,1904300,22851600,53860801,87886597,71237939,636745,743,0,0
C013592,5046383,60556596,2912856,34954272,99415356,44149005,23993443,224361,849,0,0
C013593,7136064,85632768,4397358,52768296,426708791,97336513,90951784,888021,812,0,0
C013594,2859428,34313136,1791049,21492588,159475334,26019659,13972685,246686,779,0,0
C013595,2495220,29942640,1782103,21385236,67158885,23703820,17641194,125216,892,0,0
C013596,5915745,70988940,4834446,58013352,668395115,147012592,132983034,590070,801,0,0
C013597,3921466,47057592,2446416,29356992,269354857,51692304,51692304,593586,692,1,0
C013598,1801138,21613656,923204,11078448,25531753,12670661,12083187,217406,762,1,0
C013599,3834319,46011828,2916152,34993824,110927481,115924395,102211266,667154,711,1,1
C013600,4001788,48021456,2435247,29222964,147103181,117478855,91752389,1001744,653,1,0
C013601,6842682,82112184,3679769,44157228,1010621834,45675321,33116271,518478,853,0,0
C013602,3896523,46758276,2646440,31757280,498893769,122497395,116297446,749179,674,2,1
C013603,9412334,112948008,2353084,28237008,231515556,85518063,74309668,607254,800,0,0
C013604,3515451,42185412,2248413,26980956,76486938,67254298,46954949,370730,861,0,0
C013605,3623735,43484820,1926776,23121312,409642052,54807772,12160092,111090,723,0,0
C013606,2434740,29216880,905883,10870596,215212105,34738326,21994533,291553,765,0,0
C013607,5321480,63857760,2648650,31783800,292905276,79511432,51490919,503322,851,0,0
C013608,2846544,34158528,2172763,26073156,66565742,13596763,13596763,156026,791,0,0
C013609,2409951,28919412,1341814,16101768,264178320,12229038,9429759,233749,862,0,0
C013610,3568121,42817452,1582411,18988932,71869051,39283885,39283885,356330,863,0,0
C013611,4113598,49363176,2637034,31644408,98052747,40797727,40191390,366387,813,0,0
C013612,4931243,59174916,3740140,44881680,178254406,95121505,81841612,385199,743,0,0
C013613,12000000,144000000,6069417,72833004,842255341,181306810,160847460,1103205,789,0,0
C013614,4171211,50054532,1974531,23694372,86241615,102332426,88310938,528580,796,1,0
C013615,4315435,51785220,3030591,36367092,92381206,132411779,104302923,838747,611,1,0
C013616,3658412,43900944,1907988,22895856,380861641,22510912,20423700,371769,792,0,0
C013617,11613116,139357392,7234056,86808672,363744076,361802142,350674991,2757624,735,0,0
C013618,3498517,41982204,1872901,22474812,138405148,31414915,31414915,116006,767,0,1
C013619,2192243,26306916,1257856,15094272,158289069,6976148,2592847,247319,853,0,0
C013620,4670344,56044128,3206518,38478216,383975261,77137414,77137414,590729,750,0,0
C013621,3512353,42148236,2727647,32731764,127044587,58787196,47817844,554075,731,1,0
C013622,2078868,24946416,963342,11560104,148231514,31024492,18519236,195640,847,0,0
C013623,3936333,47235996,1838613,22063356,353890544,100200052,93112814,852165,799,1,0
C013624,5437058,65244696,2933367,35200404,288588287,37521889,23582573,365861,764,0,0
C013625,4496303,53955636,2784075,33408900,611550290,37993543,37993543,617119,828,0,0
C013626,3107284,37287408,1372643,16471716,169132920,45805753,45805753,413669,742,0,0
C013627,3299575,39594900,1052427,12629124,183871757,43275143,43275143,300761,808,0,0
C013628,8914069,106968828,5492659,65911908,129518753,161504435,161504435,1449970,747,0,0
C013629,7235281,86823372,5630977,67571724,129803037,101245788,55053239,179973,830,0,1
C013630,2791340,33496080,1057093,12685116,194855935,54351858,36366813,444290,739,0,0
C013631,4772140,57265680,4433366,53200392,119038481,34741303,34741303,566207,705,0,0
C013632,3772163,45265956,1759428,21113136,115988971,29654547,29654547,238983,859,0,0
C013633,4466052,53592624,2478219,29738628,111943794,182161639,165875551,1229657,771,0,1
C013634,3834253,46011036,2765652,33187824,202339323,38616818,17243818,526316,710,0,0
C013635,3303464,39641568,1849614,22195368,178614795,14309085,14309085,261830,837,0,0
C013636,6657545,79890540,4397345,52768140,284211500,83468296,63885046,672970,735,0,0
C013637,5728071,68736852,3260038,39120456,230032509,56732038,36787136,114561,774,0,0
C013638,4404879,52858548,2513953,30167436,120565155,64538070,61244917,725546,802,0,0
C013639,3058372,36700464,1891088,22693056,408899690,53257078,43926957,593152,724,0,0
C013640,1800000,21600000,683483,8201796,80603676,23623277,14906656,101175,888,0,0
C013641,2709658,32515896,1624822,19497864,159326532,53819501,35954429,221063,825,0,0
C013642,3529878,42358536,1273273,15279276,75505399,56233803,42098143,479605,758,0,0
C013643,4082165,48985980,2803476,33641712,51442161,69805529,58342237,776864,734,0,0
C013644,4107281,49287372,2965230,35582760,96077593,46063810,23080260,336233,759,1,0
C013645,1919093,23029116,988091,11857092,92456067,18034956,7580111,99403,782,0,0
C013646,3609399,43312788,2337626,28051512,85881522,52645456,39031900,370291,706,0,1
C013647,4319289,51831468,3355365,40264380,138320427,108724251,69885094,744845,717,1,1
C013648,3154689,37856268,1886764,22641168,215243145,145419088,125116838,996888,782,0,0
C013649,7014895,84178740,5771237,69254844,245095632,40972672,37454504,643779,796,0,0
C013650,9721013,116652156,4481359,53776308,184349915,53697984,53697984,885031,753,0,0
C013651,2634329,31611948,2031607,24379284,76055293,67038275,63282521,698221,825,0,0
C013652,5798840,69586080,3007283,36087396,117276219,60864082,60864082,752789,811,0,0
C013653,7639868,91678416,3750343,45004116,326696684,166916525,155767744,1753685,847,0,0
C013654,4502343,54028116,2471519,29658228,116319355,45194259,27702924,221292,733,0,0
C013655,2493607,29923284,1508884,18106608,198167789,32831122,31524648,120111,766,0,0
C013656,3816291,45795492,3110168,37322016,80021487,44265602,44265602,438089,789,0,1
C013657,7363620,88363440,2862416,34348992,540567175,65267495,40455021,147272,832,0,0
C013658,4512795,54153540,2340380,28084560,427292972,36726654,36726654,598440,792,0,0
C013659,4455937,53471244,3310745,39728940,74482769,58865847,28968228,202959,768,0,0
C013660,3001227,36014724,2311033,27732396,66078859,37088542,27584298,444145,801,0,0
C013661,5888098,70657176,3962050,47544600,486951523,31256492,31256492,281704,736,0,0
C013662,4341826,52101912,2723647,32683764,74445448,54684235,45141251,254624,794,0,1
C013663,1800000,21600000,1046654,12559848,110637713,22394413,19789319,196080,871,0,0
C013664,2461721,29540652,2002356,24028272,115972071,35546019,28565087,335554,729,0,0
C013665,3722886,44674632,2020601,24247212,113658241,30041473,29566899,529894,731,0,0
C013666,4071113,48853356,3004045,36048540,79487274,45914640,41294739,333945,823,0,0
C013667,3040839,36490068,1842030,22104360,258179106,35527544,20214045,185716,739,0,0
C013668,1800000,21600000,859911,10318932,57701331,25118762,17104508,50000,793,0,0
C013669,2685614,32227368,1351975,16223700,258055292,25594751,8659773,137266,838,0,0
C013670,2104320,25251840,1505917,18071004,25931943,36115634,34593571,170829,813,1,0
C013671,4558503,54702036,2659002,31908024,232166285,160275331,152252661,927771,832,0,0
C013672,4896104,58753248,2575280,30903360,33967301,22919453,22919453,327759,872,0,0
C013673,4491748,53900976,2412411,28948932,119646045,70310042,50524961,342083,706,0,0
C013674,5033912,60406944,3328459,39941508,90902051,53106460,47693351,860221,780,0,0
C013675,4185091,50221092,1923500,23082000,292416865,83571863,63725373,442671,790,0,0
C013676,2454578,29454936,913257,10959084,75237230,88119718,74186023,656093,759,0,0
C013677,12000000,144000000,8108574,97302888,859234609,249433096,228859795,2394523,616,3,1
C013678,5963403,71560836,3338937,40067244,94071981,104573335,88564963,659110,760,0,0
C013679,7431063,89172756,4795332,57543984,255956064,177731413,154336938,1486438,840,0,0
C013680,6262177,75146124,4837649,58051788,192378191,34540703,34540703,125244,770,0,0
C013681,5008338,60100056,3320730,39848760,65543743,107859839,91764268,473081,784,0,0
C013682,4732298,56787576,1800173,21602076,132134712,54322800,32279924,526969,892,0,0
C013683,5476129,65713548,2681849,32182188,177232189,35057262,18412128,719483,734,1,0
C013684,4791450,57497400,2768177,33218124,315021474,47865218,22218955,344219,833,0,0
C013685,3947684,47372208,3167366,38008392,92489410,43740307,28751196,289021,783,0,0
C013686,6274152,75289824,5184212,62210544,374594428,69294935,40671912,567419,722,0,0
C013687,3367062,40404744,1478957,17747484,135962378,47401158,27094245,387095,780,1,0
C013688,3852169,46226028,1799213,21590556,113112210,50907741,33203412,331781,845,0,0
C013689,3346329,40155948,1069655,12835860,104234299,32630993,20685060,255095,699,0,0
C013690,3830578,45966936,3054554,36654648,155961851,84434506,59969321,644956,735,0,0
C013691,2495919,29951028,1036950,12443400,148229251,22291011,12359596,194552,857,0,0
C013692,4284944,51419328,2200232,26402784,267622626,18413858,15312008,85699,759,0,0
C013693,4430461,53165532,2648497,31781964,209430108,54684922,43767024,269144,910,0,0
C013694,6103316,73239792,3169275,38031300,372570332,116230925,85336260,725785,747,0,1
C013695,5028087,60337044,2342817,28113804,185868621,63173831,54444594,550134,683,0,0
C013696,1800000,21600000,1057319,12687828,107134288,29489690,21159688,170811,770,1,0
C013697,2670201,32042412,2160157,25921884,93141621,31834322,14847893,160450,796,0,0
C013698,5088406,61060872,2686887,32242644,190825881,33219940,27906473,388246,784,0,0
C013699,3648599,43783188,2296662,27559944,105488594,53484396,42555808,400341,673,0,0
C013700,6953602,83443224,5174689,62096268,323030815,83159945,40183803,533401,743,0,0
C013701,3478444,41741328,1876592,22519104,120235375,106295596,96324676,830481,615,2,1
C013702,5171224,62054688,2137293,25647516,101057268,97290314,74422847,766867,800,1,0
C013703,3408822,40905864,1916727,23000724,73535436,42644934,31275213,218300,761,0,0
C013704,2953927,35447124,1408859,16906308,116395451,47048971,35548190,281668,825,0,0
C013705,4608769,55305228,2459491,29513892,260726324,25147392,17020233,222039,830,1,0
C013706,5318748,63824976,2862897,34354764,165878429,50397155,20936080,540318,739,0,0
C013707,1800000,21600000,1084020,13008240,76322630,24885389,21695937,118899,770,0,0
C013708,6122529,73470348,4427904,53134848,1028584872,128262369,94220536,989452,683,0,0
C013709,6578615,78943380,2310568,27726816,731747993,41213643,41213643,618423,796,0,0
C013710,3949646,47395752,2727342,32728104,236055195,19187023,19187023,163429,816,0,0
C013711,4423981,53087772,1105995,13271940,165227934,76896072,76896072,574033,819,0,0
C013712,4050038,48600456,3212578,38550936,318470386,39164193,33401206,240173,807,0,0
C013713,2449190,29390280,902820,10833840,125135220,51656815,28655198,260063,790,0,0
C013714,2908392,34900704,2143211,25718532,72563382,35591321,22690657,137602,854,0,0
C013715,4563947,54767364,3087087,37045044,237345456,99591720,99591720,735481,698,1,0
C013716,7257567,87090804,4857177,58286124,201981695,73295890,66694634,785410,784,0,0
C013717,4618815,55425780,3519508,42234096,360116444,87484183,87484183,475168,733,0,0
C013718,4308881,51706572,2129417,25553004,250210634,35792688,35792688,390380,775,0,0
C013719,2970640,35647680,2129170,25550040,119335499,61125491,47234709,400655,778,0,0
C013720,2847637,34171644,1772031,21264372,78350448,27563975,19100528,284741,707,0,0
C013721,3290769,39489228,1768411,21220932,156525211,79173641,78998031,696466,764,0,0
C013722,6103906,73246872,4051134,48613608,399127858,179984893,162800968,1523075,793,0,0
C013723,4883115,58597380,3385721,40628652,109991803,32549794,21121806,173009,763,0,0
C013724,5106967,61283604,1720249,20642988,181586188,92674893,67833046,614727,684,2,0
C013725,4994126,59929512,3504467,42053604,80750153,88419864,88419864,706022,706,0,0
C013726,2763647,33163764,1231742,14780904,89286397,61913348,48319040,529767,802,0,0
C013727,3526397,42316764,1676319,20115828,251911261,27037862,10848531,356057,728,0,0
C013728,4480256,53763072,2445062,29340744,78480435,52559262,48638607,381745,829,0,0
C013729,4444960,53339520,3278469,39341628,274053425,62674428,30954746,646244,699,0,0
C013730,2879691,34556292,1600033,19200396,111690611,26368648,10221430,179195,804,0,0
C013731,6425238,77102856,3744216,44930592,211878621,86818880,86818880,887680,719,0,0
C013732,6021457,72257484,4254970,51059640,250193583,95932098,81483551,1009698,776,0,0
C013733,3012033,36144396,1237581,14850972,106321957,36115238,36115238,224381,770,0,0
C013734,2540298,30483576,1090618,13087416,220411240,32837487,26766817,86549,853,0,0
C013735,4078880,48946560,1791278,21495336,190386388,51445846,38545383,480254,849,0,0
C013736,4260349,51124188,1601448,19217376,134918508,161122428,143506126,741198,723,0,0
C013737,3185821,38229852,1631636,19579632,265582505,45869013,27436504,311635,798,0,0
C013738,5735678,68828136,1675310,20103720,228367181,22691811,22691811,338394,783,0,0
C013739,4079943,48959316,2366560,28398720,157362929,61158022,51415620,452366,746,0,0
C013740,3239609,38875308,1556879,18682548,180649285,42488745,26442310,201959,799,0,0
C013741,5016164,60193968,2587539,31050468,387036316,80534163,76064981,689581,757,0,1
C013742,3727182,44726184,1906737,22880844,81720771,100697936,68697183,927027,700,0,0
C013743,2120499,25445988,1335230,16022760,123661663,63545209,59662832,317860,758,0,0
C013744,6555496,78665952,4698252,56379024,542286496,135045408,76738084,1093790,658,0,1
C013745,4581740,54980880,2678207,32138484,456731815,23833182,23833182,336656,807,1,0
C013746,2189678,26276136,1593326,19119912,76734013,79753012,67972374,545429,768,0,0
C013747,5356666,64279992,2960055,35520660,95011335,69042502,32119688,631253,824,0,0
C013748,4045454,48545448,3065557,36786684,25851506,75464989,56255141,595460,717,0,0
C013749,6035534,72426408,4238538,50862456,539601788,43495220,41663975,459586,803,0,0
C013750,1948693,23384316,1404181,16850172,106238058,13296719,13296719,144696,767,0,0
C013751,2437458,29249496,1449646,17395752,119047758,9546026,7836407,174963,751,0,0
C013752,1800000,21600000,853949,10247388,63403643,33284546,23569537,261354,770,0,0
C013753,6468713,77624556,3742619,44911428,189879585,33310082,33310082,292821,850,1,0
C013754,2943544,35322528,1603063,19236756,184184532,107931043,103310245,625419,726,0,0
C013755,4075870,48910440,3369797,40437564,56470932,33832425,29190545,169352,769,0,0
C013756,3062582,36750984,892506,10710072,93936989,27603873,25200782,288120,853,1,0
C013757,7346530,88158360,5836622,70039464,169191277,183488553,135610241,2068114,509,9,1
C013758,8276779,99321348,6341135,76093620,846017317,103723196,84548957,753363,793,0,0
C013759,2553257,30639084,1197427,14369124,95264630,69056316,53372221,488611,681,0,0
C013760,4418753,53025036,2860019,34320228,273475538,35611698,30706971,548396,869,0,0
C013761,8453821,101445852,5850319,70203828,396322069,327433131,315388636,2117866,735,0,0
C013762,2998966,35987592,1587704,19052448,166589083,7904975,7904975,180663,689,0,0
C013763,4018664,48223968,1768640,21223680,317718541,28419662,14892361,193180,815,0,0
C013764,8040475,96485700,5561350,66736200,307966752,68949910,28134171,399690,758,1,0
C013765,4372763,52473156,2194517,26334204,150106395,69631303,51324392,531749,850,0,0
C013766,2307477,27689724,1046393,12556716,24383940,94605734,91399329,495184,717,0,0
C013767,2713781,32565372,1235059,14820708,164533022,17290156,17290156,268388,762,0,0
C013768,4379306,52551672,3387222,40646664,213330147,93486685,77588560,346139,826,0,0
C013769,6037233,72446796,3772057,45264684,140314773,27621505,20122344,413507,701,0,0
C013770,7573494,90881928,4287145,51445740,171710798,128151518,124997179,940640,740,0,0
C013771,2670738,32048856,1633230,19598760,170901635,22673246,22673246,133856,855,0,0
C013772,2752899,33034788,1776915,21322980,164722289,7342171,7342171,82225,814,0,0
C013773,1862768,22353216,1553945,18647340,238610479,56471478,49069945,360144,718,0,0
C013774,1971666,23659992,1391512,16698144,67210181,12354195,6284329,99018,856,0,0
C013775,6158244,73898928,2328363,27940356,106302355,20474247,20474247,500889,779,0,0
C013776,4270454,51245448,2852087,34225044,256601819,66987022,44354005,315763,795,1,0
C013777,2748216,32978592,1749333,20991996,286327501,44649743,44649743,388857,782,0,0
C013778,7252569,87030828,3962426,47549112,296423945,120752792,116848281,978620,880,0,0
C013779,2443004,29316048,1615038,19380456,65173932,46712287,40446783,330435,822,0,0
C013780,2641233,31694796,1198588,14383056,255783619,14731231,11898936,136475,818,0,0
C013781,3271125,39253500,2397750,28773000,46248473,53121885,50177459,387857,736,1,0
C013782,4294272,51531264,2095299,25143588,302538110,53981791,42633223,436622,757,1,0
C013783,2780288,33363456,1303868,15646416,139147305,15275328,15275328,199206,790,0,0
C013784,9099673,109196076,4641585,55699020,156465822,87929617,85671375,1162355,846,0,0
C013785,2618338,31420056,1101526,13218312,87597583,52184906,41779250,261294,762,0,0
C013786,6150608,73807296,5085246,61022952,563855984,231371242,194734756,1706970,678,0,1
C013787,2984883,35818596,2023702,24284424,250321936,28668404,28668404,270210,817,1,0
C013788,3468460,41621520,3433116,41197392,91766114,50687741,29771222,414025,715,0,0
C013789,2834300,34011600,1616387,19396644,79933072,19798794,9179520,149437,835,0,0
C013790,2758306,33099672,1827077,21924924,46862075,47302231,41792518,251050,836,0,0
C013791,4189208,50270496,3123396,37480752,357753388,114401805,104622153,887184,806,0,0
C013792,4942375,59308500,3036369,36436428,230295184,69411256,33454387,378954,770,0,1
C013793,2307417,27689004,1061386,12736632,35720336,14185967,9699325,50000,869,0,0
C013794,3744429,44933148,2702893,32434716,250113460,43522171,24033350,286857,756,0,0
C013795,4219919,50639028,2134696,25616352,149509634,56578964,52111185,536305,809,0,0
C013796,11427099,137125188,8493766,101925192,684248540,159547150,110437161,709839,665,1,0
C013797,6711535,80538420,4767632,57211584,315727024,21873751,21873751,698831,857,0,0
C013798,3864188,46370256,1867888,22414656,199662875,92378192,83650594,590485,758,0,0
C013799,3004935,36059220,1979282,23751384,52786235,56253328,48947984,446970,789,0,0
C013800,6647667,79772004,2849979,34199748,1116808056,79431650,51651738,132953,820,0,0
C013801,4324433,51893196,3034970,36419640,93620246,77022799,58059486,427828,740,1,0
C013802,5966736,71600832,3725186,44702232,384371925,67689996,62922043,444978,787,0,0
C013803,6308328,75699936,3161646,37939752,319291588,29646209,29646209,427958,799,0,0
C013804,2420343,29044116,1530819,18369828,66440189,21011388,12663132,50000,799,0,0
C013805,2326925,27923100,929924,11159088,187449702,43787423,24430194,333039,704,0,0
C013806,6149600,73795200,3983223,47798676,165236822,29193721,29193721,538122,844,0,0
C013807,1973354,23680248,1150682,13808184,49029657,22786188,11202347,62502,882,0,0
C013808,3414840,40978080,2494223,29930676,187311749,27019560,8628266,196858,702,0,0
C013809,4107221,49286652,1355025,16260300,411821439,17591898,17591898,82144,902,0,0
C013810,1800000,21600000,683380,8200560,132826658,12896594,10255618,50000,817,0,0
C013811,4330506,51966072,3248883,38986596,54455436,27137054,15840067,307695,827,0,0
C013812,3766237,45194844,1927651,23131812,251167135,46280353,31244304,492515,827,0,0
C013813,5037939,60455268,3488235,41858820,136432438,57620102,30609242,233908,805,0,0
C013814,2349532,28194384,1043056,12516672,394721376,12550713,11873642,94318,756,0,0
C013815,4415056,52980672,2989934,35879208,338394552,39719192,38690311,561813,861,0,0
C013816,4134701,49616412,2062220,24746640,436057470,46648444,43529810,339193,790,0,0
C013817,4111199,49334388,2414695,28976340,58557842,135425661,125866839,1091072,867,0,0
C013818,5068589,60823068,3154961,37859532,471627551,115364888,93208694,757835,800,0,0
C013819,3205627,38467524,2407502,28890024,52852150,65840667,50845348,533740,755,0,0
C013820,3028870,36346440,2463756,29565072,185852166,16131441,16131441,60577,754,0,0
C013821,3735902,44830824,2279484,27353808,350990163,49803788,26294119,407838,724,0,0
C013822,1800000,21600000,1046389,12556668,302400000,24264358,20401438,242724,829,0,0
C013823,6110007,73320084,3449316,41391792,215405904,47360699,39314834,264440,732,0,0
C013824,3392189,40706268,1322550,15870600,122750896,23399390,23399390,368755,688,0,0
C013825,2171992,26063904,1635308,19623696,183129494,32491805,32491805,286361,742,0,0
C013826,3112935,37355220,968671,11624052,161860489,30566829,30566829,287503,875,0,0
C013827,4139146,49669752,2367956,28415472,46834414,30968560,23199132,433295,890,0,0
C013828,2717781,32613372,1663707,19964484,60708271,35514264,19614452,429964,673,1,1
C013829,3199003,38388036,1518572,18222864,74150184,27334139,20963955,269710,769,1,0
C013830,5428890,65146680,3683716,44204592,472077206,154861761,122423477,1098724,687,1,1
C013831,3723371,44680452,1916542,22998504,60307305,57432373,39505273,454109,789,0,0
C013832,7694095,92329140,5941069,71292828,278923360,52201846,21464474,405764,821,0,0
C013833,3891067,46692804,1752702,21032424,111584487,92307129,87549305,661640,745,0,0
C013834,7432472,89189664,6678500,80142000,222008850,161780039,147513659,1571329,595,2,1
C013835,6236742,74840904,3861710,46340520,200388503,221123320,188722806,1007292,738,0,1
C013836,3083019,36996228,1583799,19005588,92454786,27195704,14695028,67174,832,0,0
C013837,2583531,31002372,1928359,23140308,135427407,9928392,9928392,94944,777,0,0
C013838,7653261,91839132,3845643,46147716,121224292,55926219,55926219,1212392,840,0,0
C013839,3421746,41060952,2947593,35371116,80497214,29091774,25697640,190001,785,0,0
C013840,2770742,33248904,1658112,19897344,80197804,57925451,42826387,261945,887,0,0
C013841,2557284,30687408,1944721,23336652,269083042,42396080,25869586,381502,783,0,0
C013842,2574898,30898776,936379,11236548,102925423,35088579,19965290,268321,706,1,0
C013843,5161169,61934028,2822882,33874584,337308590,101202221,88261029,649784,730,1,0
C013844,3087567,37050804,2329714,27956568,90564771,7944934,7944934,107611,719,2,0
C013845,7143251,85719012,3451137,41413644,127348488,157294599,133217739,1646922,713,0,0
C013846,5582754,66993048,3574177,42890124,443551558,61058767,34024819,986290,733,1,0
C013847,5355167,64262004,3993409,47920908,899668056,60998086,32964001,200213,787,0,0
C013848,4699783,56397396,2312888,27754656,170505403,50185781,38200465,604692,847,0,0
C013849,3212549,38550588,2090200,25082400,124221390,18579914,18579914,64251,860,0,0
C013850,3215955,38591460,1412426,16949112,309521635,26878273,14528251,225166,754,0,0
C013851,6549346,78592152,3106114,37273368,501079912,62314503,62314503,1011255,802,0,0
C013852,6285478,75425736,3013603,36163236,360637407,57812549,39281121,622928,740,0,0
C013853,3511308,42135696,2214134,26569608,165007865,127613803,114484756,755371,755,0,1
C013854,4023427,48281124,1751628,21019536,104992155,7911245,7911245,482123,783,0,0
C013855,4147803,49773636,2476373,29716476,148521933,18516864,11215792,216280,824,0,0
C013856,3617646,43411752,3310930,39731160,562435427,35891385,24501392,327916,754,0,0
C013857,3280144,39361728,1442477,17309724,137129341,45530324,18928119,538488,757,0,0
C013858,2495842,29950104,2055332,24663984,75996528,28058639,26280384,308445,780,0,0
C013859,3955182,47462184,2659086,31909032,407141989,78442062,69387852,653037,862,0,0
C013860,6102455,73229460,3032927,36395124,33556053,49943239,49943239,520906,844,0,0
C013861,3023451,36281412,1979278,23751336,52387604,33877288,26545827,309032,815,0,1
C013862,4743213,56918556,3049248,36590976,499367883,130077870,130077870,1008365,669,0,0
C013863,4645730,55748760,2667151,32005812,282119297,95319051,87662414,854228,732,0,0
C013864,3428317,41139804,2171129,26053548,84044533,35395759,21172304,250473,756,0,0
C013865,4639763,55677156,2562824,30753888,559631049,23120700,23120700,283880,816,0,0
C013866,2708930,32507160,1430589,17167068,147673106,23722430,14265658,240538,820,0,0
C013867,4510672,54128064,2441425,29297100,219011585,30207676,24688728,90213,769,0,0
C013868,5265433,63185196,2838575,34062900,290704453,69503703,69503703,764420,844,0,0
C013869,3044622,36535464,1790942,21491304,187104894,27259246,18501010,117849,736,0,0
C013870,4810395,57724740,3514367,42172404,641921289,61957593,36897183,420033,880,0,0
C013871,5039241,60470892,4025092,48301104,234953411,109800445,52147087,427857,704,0,0
C013872,1844838,22138056,1093738,13124856,32480980,40545999,37241015,260242,832,0,0
C013873,2425339,29104068,606335,7276020,75779001,58796180,40768772,308973,793,0,0
C013874,3748451,44981412,2540765,30489180,115445530,57945354,47734104,462586,826,0,0
C013875,2729021,32748252,1661638,19939656,222125024,38934779,37020508,356442,806,0,0
C013876,2685820,32229840,1708300,20499600,25222542,27517286,19622215,53716,819,0,0
C013877,1800000,21600000,1473591,17683092,80002380,16855080,14587520,131350,657,0,0
C013878,2834226,34010712,2308222,27698664,29078211,15973439,15973439,281890,769,0,0
C013879,4839079,58068948,1989358,23872296,370148053,36037629,27567198,428249,718,0,0
C013880,5622608,67471296,3418056,41016672,176100623,63343000,63343000,427939,804,0,0
C013881,4777898,57334776,3080145,36961740,81747712,48043527,48043527,337780,899,0,0
C013882,5949044,71388528,3836084,46033008,79148807,43317519,25761828,777035,811,0,0
C013883,7175011,86100132,2936688,35240256,182715645,46701661,40431743,756334,888,0,0
C013884,6326580,75918960,5676889,68122668,158579677,57558622,50194588,376033,836,0,0
C013885,5464480,65573760,3400446,40805352,524671262,56405425,40147315,563054,670,0,0
C013886,3936995,47243940,2770520,33246240,313592737,81989171,53515210,629613,643,0,1
C013887,2655245,31862940,1411764,16941168,90221856,20207184,20207184,138496,843,0,0
C013888,3200846,38410152,2302073,27624876,258848783,70959547,70959547,483314,736,0,0
C013889,4346244,52154928,2597136,31165632,74749675,61727127,53473775,386072,751,0,0
C013890,5831000,69972000,3408483,40901796,209043548,94860636,74037319,725890,819,0,0
C013891,4873804,58485648,3013959,36167508,374637617,32127895,14777448,173806,807,0,0
C013892,3508184,42098208,1992090,23905080,427836006,10504677,10504677,352139,795,0,0
C013893,5339696,64076352,3284340,39412080,320369103,59164789,52680789,498221,843,0,0
C013894,2711390,32536680,1311405,15736860,110028712,17661006,12164740,193161,780,0,0
C013895,3694514,44334168,2386733,28640796,344516189,13494042,13494042,160836,864,0,0
C013896,2168995,26027940,1085617,13027404,93478663,26318955,26318955,228405,804,0,0
C013897,5029175,60350100,2869826,34437912,274778257,41934813,41934813,457677,860,0,0
C013898,6227245,74726940,4979921,59759052,259582935,81615143,42929393,403293,770,0,0
C013899,9278575,111342900,5779365,69352380,426975951,184913843,152167890,1384768,712,0,1
C013900,4031719,48380628,1756388,21076656,129327392,59097897,44556944,123058,800,0,0
C013901,4264111,51169332,2784742,33416904,263362523,25100300,24671588,379863,862,0,0
C013902,4243078,50916936,2772959,33275508,68276445,50081654,29590028,253475,732,0,0
C013903,3284279,39411348,2444091,29329092,231590378,33435682,30363434,216568,807,0,0
C013904,4325623,51907476,3257172,39086064,85346664,25799914,17091554,538962,771,0,0
C013905,10151319,121815828,7062381,84748572,222677303,97658322,81646714,663952,730,2,0
C013906,1800000,21600000,738204,8858448,60273297,85834047,85834047,623875,773,0,0
C013907,3877661,46531932,2630438,31565256,240379453,63359360,47306296,635707,720,0,0
C013908,5573836,66886032,3852074,46224888,111743811,71150912,49205981,313029,780,0,0
C013909,7769312,93231744,4983110,59797320,566246891,59275906,25746803,282184,694,0,0
C013910,5332141,63985692,2293943,27527316,325009205,70930174,58600632,517547,819,0,0
C013911,5958930,71507160,3836475,46037700,328897683,131388180,108412590,466279,668,0,0
C013912,8580003,102960036,5443272,65319264,231977904,179678329,126339085,1102641,850,0,0
C013913,3487848,41854176,1922405,23068860,69941818,21526704,21526704,299726,784,0,0
C013914,6417233,77006796,4767249,57206988,341532686,42394955,12026444,667521,726,0,0
C013915,3610494,43325928,3057302,36687624,160091962,70853936,62915134,698712,669,0,1
C013916,3211114,38533368,1907786,22893432,255557960,29446491,29446491,342401,804,0,0
C013917,2401340,28816080,1554636,18655632,71123054,52242300,44708688,251997,753,1,0
C013918,1800000,21600000,1543966,18527592,76496630,22915684,21448975,119420,864,0,0
C013919,4634471,55613652,2500325,30003900,341195099,34483869,19683794,361734,750,0,0
C013920,4069465,48833580,2881046,34572552,313791936,24191545,10608732,81389,911,0,0
C013921,4296300,51555600,2090515,25086180,156635887,123736379,89125847,800423,708,0,0
C013922,3302602,39631224,1637593,19651116,188083478,43539176,43539176,400203,794,0,0
C013923,3759717,45116604,2173614,26083368,207892214,24204142,12104308,141847,781,0,0
C013924,5628855,67546260,4313905,51766860,291582446,153191768,121920246,771596,767,0,0
C013925,3171988,38063856,1873687,22484244,38151338,54851643,53047088,567212,759,0,0
C013926,4545849,54550188,2416509,28998108,153682437,48624636,30209606,303839,777,0,0
C013927,2607951,31295412,1393759,16725108,155642713,14836542,9462530,52679,801,0,0
C013928,4371209,52454508,2282933,27395196,287126241,84763465,83909694,722439,761,0,0
C013929,2529406,30352872,1659871,19918452,114117526,30951251,13537995,126926,722,0,0
C013930,2918767,35025204,2129815,25557780,203518497,29892922,14859495,278021,702,0,0
C013931,4012016,48144192,2340762,28089144,142484872,106279368,106279368,552462,731,0,0
C013932,5706781,68481372,2877845,34534140,235686277,54571893,38406250,480119,761,0,0
C013933,12000000,144000000,5953291,71439492,747906557,70534574,22130659,1226280,798,0,0
C013934,5619890,67438680,3661054,43932648,240395038,112162506,88473913,661436,738,0,0
C013935,4921484,59057808,2960786,35529432,122613624,54244281,38531222,850396,859,0,0
C013936,1837841,22054092,825260,9903120,160456065,14536942,9757297,127445,774,0,0
C013937,2749931,32999172,2173117,26077404,135446371,41282936,35257000,422065,771,0,0
C013938,7518848,90226176,6986149,83833788,187332143,92297293,86925043,716017,719,0,1
C013939,1800000,21600000,805793,9669516,302400000,42547412,36845495,303577,691,0,0
C013940,6008503,72102036,3660753,43929036,172053489,82632027,81349324,443607,833,0,0
C013941,5100171,61202052,2905486,34865832,246176337,42401980,42401980,258865,715,0,0
C013942,4770193,57242316,3259885,39118620,100132216,101831957,83433959,345034,745,0,0
C013943,5123317,61479804,2824654,33895848,587135591,120401583,98858620,339394,772,0,0
C013944,3940149,47281788,2451359,29416308,98972257,94989525,91706383,780704,734,1,0
C013945,4081215,48974580,2242114,26905368,396338219,32358998,13937384,275763,757,0,0
C013946,5681153,68173836,2771937,33263244,81092480,77290233,46691342,316628,794,0,0
C013947,6077694,72932328,3912683,46952196,192743424,63933235,63933235,759398,836,0,0
C013948,4227916,50734992,3735164,44821968,170454566,60845338,60845338,802406,779,0,0
C013949,2981327,35775924,2033630,24403560,148778110,10233464,10233464,128380,790,0,0
C013950,4376338,52516056,2919811,35037732,123804525,94297107,62808145,653226,721,0,1
C013951,4685576,56226912,2119727,25436724,193452006,76464681,68067505,513340,783,0,0
C013952,5418207,65018484,3813875,45766500,420502630,106727522,73780821,728050,822,0,0
C013953,4813579,57762948,2204897,26458764,111032740,75516514,54429919,866564,709,0,0
C013954,9591539,115098468,5921514,71058168,479677693,110792110,94218325,1152372,792,0,0
C013955,3023944,36287328,2444674,29336088,25428707,19966608,19966608,338091,738,0,0
C013956,1800000,21600000,1290770,15489240,52650829,31130745,31130745,249835,798,0,0
C013957,5177620,62131440,4014955,48179460,271324990,65181465,51179296,554271,744,0,0
C013958,4985601,59827212,2153840,25846080,242278654,24474469,12671103,362172,941,0,0
C013959,5177174,62126088,2769437,33233244,399988249,23762212,15844477,103543,779,0,0
C013960,8285123,99421476,4611008,55332096,331399686,77408679,76385503,751577,831,0,0
C013961,7041835,84502020,3571426,42857112,281107023,69234676,50217202,1058192,694,0,0
C013962,5394848,64738176,4055017,48660204,180190169,129337792,124379923,840894,691,0,0
C013963,3265316,39183792,2068835,24826020,170066474,54104915,48220917,600994,728,0,1
C013964,2226931,26723172,1748562,20982744,152012262,38387905,27003708,165943,705,0,1
C013965,3318408,39820896,2163016,25956192,99201296,52021875,27501132,365207,697,0,1
C013966,1977332,23727984,1013086,12157032,11130456,13267998,7935849,131600,780,0,0
C013967,3900807,46809684,3288591,39463092,94995096,35329892,35329892,379566,748,0,0
C013968,5151420,61817040,3766089,45193068,336948857,80145975,65487646,594417,797,0,0
C013969,7238825,86865900,4561448,54737376,761171767,81202319,69221021,428311,756,0,0
C013970,5004054,60048648,2587431,31049172,291266733,140423211,126566679,906791,786,0,0
C013971,7207545,86490540,6403628,76843536,504939302,101863967,61674376,148889,790,0,1
C013972,6320643,75847716,3702834,44434008,158294337,64013024,42039873,580414,761,0,1
C013973,5693992,68327904,3469245,41630940,47918119,32319052,32319052,113880,700,0,0
C013974,4758892,57106704,2529214,30350568,545231312,51696958,29387314,304409,799,0,0
C013975,5050898,60610776,2738052,32856624,164741671,73952192,58291831,543531,705,0,0
C013976,3798912,45586944,2419364,29032368,178247440,25106466,14034153,360109,813,0,0
C013977,8613471,103361652,4939845,59278140,272742136,171871301,120214543,701533,867,1,0
C013978,4639599,55675188,3353718,40244616,139663438,49669666,36771792,425289,761,0,0
C013979,3578732,42944784,1295135,15541620,71748136,66446235,66446235,574843,856,0,0
C013980,5323482,63881784,3400386,40804632,134744628,31754906,29731747,893529,777,0,0
C013981,4288251,51459012,3246735,38960820,720426168,55318967,20406346,220338,656,1,1
C013982,1800000,21600000,917664,11011968,78599615,28085628,16950439,121763,921,0,0
C013983,3262914,39154968,1987468,23849616,124345130,61510928,57865538,568407,705,0,0
C013984,7734781,92817372,4081920,48983040,1182557170,69926335,57803271,992780,806,0,0
C013985,4438058,53256696,2001669,24020028,456915662,64102653,35113293,228724,699,0,0
C013986,2923831,35085972,1184826,14217912,52737284,18826871,18826871,260878,836,0,0
C013987,6089947,73079364,3630804,43569648,313972333,46545513,43972555,745951,697,1,1
C013988,2081181,24974172,520295,6243540,60353514,45185746,38642018,213450,820,0,0
C013989,2927818,35133816,1876341,22516092,117571241,28957663,20243593,245281,721,1,0
C013990,4777325,57327900,3007067,36084804,413858638,32298130,32298130,250204,736,1,1
C013991,3262610,39151320,2275988,27311856,95421271,46472274,46472274,388450,791,0,0
C013992,2715915,32590980,1756428,21077136,101851905,95274082,74828327,471981,782,0,0
C013993,3666420,43997040,2041598,24499176,126157842,183466367,183466367,1041914,751,0,0
C013994,3816726,45800712,1995845,23950140,136457678,40139478,28289586,319776,706,0,0
C013995,4081448,48977376,1944915,23338980,129109550,111522207,104614743,670283,780,0,0
C013996,3840869,46090428,2813155,33757860,202868134,18461920,18461920,342881,757,0,0
C013997,3229189,38750268,2050532,24606384,42314622,51808511,42921159,342115,761,0,1
C013998,3265334,39184008,1797959,21575508,53942946,31013290,27032993,353376,831,0,0
C013999,7268342,87220104,4887866,58654392,380500560,65029069,31209555,892143,626,2,0
C014000,3675086,44101032,2392443,28709316,85545130,13005488,13005488,145744,804,0,0
C014001,3017379,36208548,1433755,17205060,62328236,37773126,31089286,272978,810,0,0
C014002,5606103,67273236,2580374,30964488,77608101,197183409,197183409,1334502,822,0,0
C014003,3603427,43241124,1878490,22541880,101728137,20087393,7201840,195970,715,1,0
C014004,4427394,53128728,2484180,29810160,271593471,94691596,78396213,780689,736,0,0
C014005,4244512,50934144,1883348,22600176,229772032,148990233,145437119,908849,733,0,0
C014006,5039578,60474936,2580508,30966096,193448719,101584260,89714354,729065,717,0,0
C014007,4190391,50284692,3262320,39147840,222616290,57976340,45681184,440713,757,0,0
C014008,4093093,49117116,2268340,27220080,29465413,74766877,44166222,414574,653,2,0
C014009,5015394,60184728,3154686,37856232,782822585,160060272,142327302,761865,682,0,0
C014010,3784833,45417996,2665325,31983900,159307936,33427082,25972098,483891,662,0,0
C014011,4336868,52042416,2602845,31234140,127264807,13031732,13031732,179132,915,0,0
C014012,2865865,34390380,1716952,20603424,204169314,48506861,42211996,301232,723,0,0
C014013,3042727,36512724,1554284,18651408,339843289,119607323,119607323,823298,813,0,0
C014014,3110726,37328712,2072806,24873672,111876146,50967390,36036357,343772,683,0,0
C014015,2794327,33531924,2043155,24517860,125250659,22162770,15446082,138206,840,1,0
C014016,1800000,21600000,1281385,15376620,60534661,22948201,22166176,268607,809,0,0
C014017,6660818,79929816,2504111,30049332,510171903,60648543,56511324,133216,722,0,1
C014018,5302601,63631212,2385195,28622340,255127390,59813306,39774580,599410,750,1,0
C014019,6377923,76535076,4762112,57145344,291472954,71228765,69569139,660652,761,1,0
C014020,4860274,58323288,2800467,33605604,191258795,60997712,54998841,635291,794,1,0
C014021,4157722,49892664,1874727,22496724,204608312,67476548,63748025,671051,788,0,0
C014022,1800000,21600000,1238734,14864808,192470736,27307820,25917944,192241,792,0,0
C014023,4215237,50582844,3269631,39235572,308925811,51291695,24011919,230887,750,1,0
C014024,4654842,55858104,2783572,33402864,351296212,45191942,36142180,402689,856,0,0
C014025,3896915,46762980,1458523,17502276,279574000,31582541,24338124,338219,786,0,0
C014026,6193142,74317704,3723061,44676732,196214647,171933998,139834879,813003,807,0,0
C014027,3673570,44082840,1535542,18426504,92308977,35466205,35466205,262346,830,0,0
C014028,2891652,34699824,1738145,20857740,147191363,22039235,11688449,136922,724,0,0
C014029,5598739,67184868,2077525,24930300,446321589,63280763,46936752,470820,853,1,0
C014030,7881026,94572312,4131926,49583112,812407016,130797661,98210105,959640,764,0,0
C014031,2718086,32617032,1463979,17567748,456638448,31266355,29230377,404521,800,0,0
C014032,8389077,100668924,3908595,46903140,578860103,127163688,92478358,470077,772,0,0
C014033,4827218,57926616,3190187,38282244,311246555,70395937,47370636,551812,720,0,0
C014034,3188313,38259756,1582277,18987324,98252397,97224541,79153892,657718,742,0,0
C014035,3474806,41697672,2480621,29767452,470676029,41074605,32847573,69496,744,0,0
C014036,4675969,56111628,3106835,37282020,785562792,41699089,22446559,365509,816,0,0
C014037,7101487,85217844,3992690,47912280,444284183,42994266,39188172,205705,820,0,0
C014038,3096347,37156164,2038041,24456492,168440991,23281082,15717365,211824,796,0,0
C014039,4679572,56154864,3080782,36969384,143513253,56419480,28539407,307437,797,0,0
C014040,3369276,40431312,2653178,31838136,141272765,23335748,17504375,332700,788,0,0
C014041,9052888,108634656,6793474,81521688,446354999,181840295,158522811,1489522,715,0,1
C014042,10181669,122180028,5004922,60059064,330461281,120946644,53197980,860888,901,0,0
C014043,3623775,43485300,2874932,34499184,41220216,60484269,60484269,416200,739,0,0
C014044,4396291,52755492,1879858,22558296,107948029,26946440,14586568,306440,866,0,0
C014045,4009596,48115152,2008095,24097140,254250956,17799864,17799864,304856,862,0,0
C014046,4287078,51444936,3252016,39024192,592529167,97558639,69627653,622744,835,0,0
C014047,4883724,58604688,2842121,34105452,195899491,108446253,92630522,622026,711,0,0
C014048,7368964,88427568,5871975,70463700,261007076,73457457,61856290,866228,777,0,0
C014049,2124973,25499676,935144,11221728,79949559,25075607,10092618,72841,765,0,0
C014050,2782289,33387468,1466186,17594232,111496840,26401811,20536660,253993,786,0,0
C014051,6253199,75038388,4565039,54780468,583974235,86263209,58490933,947735,689,0,0
C014052,11040967,132491604,6702282,80427384,747002344,119188750,73992661,663063,759,0,1
C014053,6622821,79473852,3673005,44076060,91761546,127966070,127966070,1204066,834,0,0
C014054,5308323,63699876,3265864,39190368,891798264,60860133,59723118,256880,820,0,0
C014055,6551243,78614916,2573916,30886992,81039370,100818239,92017600,616288,774,0,0
C014056,3843535,46122420,3110406,37324872,89609110,42355447,27654861,171653,771,0,0
C014057,4707015,56484180,3963587,47563044,93075456,18076182,12308859,294148,727,0,0
C014058,2669707,32036484,2105219,25262628,120077497,16967712,11207073,197110,715,0,0
C014059,3163337,37960044,2192445,26309340,411435501,80316986,65946393,801352,629,1,0
C014060,3121955,37463460,1248936,14987232,50731086,37916428,27668140,109975,873,0,0
C014061,4444691,53336292,2452117,29425404,404572238,98546020,93570218,1017238,756,0,0
C014062,3139726,37676712,2374177,28490124,96144038,17674815,14526352,304437,749,0,0
C014063,5541105,66493260,2999404,35992848,304140749,68371473,52391163,247985,820,0,0
C014064,5912752,70953024,5049995,60599940,197644346,85842485,70512703,696154,722,0,0
C014065,5724259,68691108,4618458,55421496,363547511,60982897,28432683,376488,736,1,0
C014066,4155747,49868964,1903915,22846980,100297214,48726456,34620825,427672,725,0,0
C014067,7293796,87525552,3668337,44020044,254181671,131964961,89995090,1299973,823,0,0
C014068,2117410,25408920,2127440,25529280,68156886,17013151,17013151,199239,707,0,0
C014069,2534955,30419460,1818124,21817488,236301104,15260138,15260138,243529,790,0,0
C014070,5828136,69937632,4025062,48300744,979126848,76837896,59385217,321242,774,1,0
C014071,3076733,36920796,2436204,29234448,163511475,32576243,18803884,410442,773,0,0
C014072,2892569,34710828,1660694,19928328,65247713,39493202,39493202,564106,829,0,0
C014073,3369415,40432980,2172990,26075880,268541192,38441846,21268035,85918,755,0,0
C014074,3985323,47823876,3200066,38400792,137210433,22026032,6387845,229407,730,1,0
C014075,5019716,60236592,3190607,38287284,311492449,37195344,27875802,413838,809,0,0
C014076,4462329,53547948,3072437,36869244,99771626,86975401,46382105,597596,743,0,0
C014077,1800000,21600000,1148233,13778796,23371122,26939920,21944897,149222,818,0,0
C014078,3164445,37973340,1320301,15843612,53700967,31067785,13450288,83873,813,0,1
C014079,4680185,56162220,3017003,36204036,437198955,58387600,38139796,401460,844,0,0
C014080,2239346,26872152,1360166,16321992,147958679,21804675,21804675,192682,764,0,0
C014081,3738047,44856564,2557984,30695808,146184480,105122634,94746233,855532,763,0,1
C014082,4251944,51023328,2039762,24477144,364922768,62023189,39627589,464944,772,0,0
C014083,3613818,43365816,1894849,22738188,103708205,141520194,119000822,911031,717,0,0
C014084,6076863,72922356,4362326,52347912,293759850,84208767,47795320,902009,714,1,1
C014085,2827401,33928812,1628222,19538664,363682490,17333833,17333833,122970,727,0,0
C014086,5685917,68231004,1653088,19837056,243028382,75593101,47059651,187953,738,0,0
C014087,2852395,34228740,1422361,17068332,122238594,80477031,77604546,425210,806,0,0
C014088,6348727,76184724,4889729,58676748,363007340,77556744,31146182,618690,761,1,0
C014089,5385526,64626312,4308265,51699180,137397021,51596156,51596156,502357,787,0,0
C014090,3414183,40970196,1941918,23303016,313455906,43330700,35957497,209165,810,0,0
C014091,3047112,36565344,1314877,15778524,119109898,22515912,22515912,60942,823,0,0
C014092,4995069,59940828,2708684,32504208,342399507,40001256,26079894,137510,823,0,0
C014093,4187330,50247960,3336541,40038492,76618489,82867844,64599983,857956,654,1,1
C014094,3623008,43476096,2209904,26518848,140210436,44975237,24516471,72460,900,0,0
C014095,2312622,27751464,1241887,14902644,69424340,30316548,11739620,73898,829,0,0
C014096,4117533,49410396,1749040,20988480,153542821,131524747,108441824,785958,717,0,0
C014097,2101545,25218540,1105611,13267332,67068735,84786747,84786747,516765,739,0,0
C014098,2459907,29518884,777008,9324096,59363055,32358953,20245456,359512,789,0,0
C014099,4134687,49616244,3602762,43233144,319035391,76702280,35673028,461049,664,1,0
C014100,3110803,37329636,1927954,23135448,231731124,52467523,35299693,184266,759,0,0
C014101,4016567,48198804,2738756,32865072,51919034,70302855,51123261,526626,839,0,0
C014102,4859639,58315668,2203018,26436216,272926407,41635557,14392907,532146,781,0,0
C014103,5933841,71206092,2271227,27254724,179529766,124240872,124240872,871023,761,0,0
C014104,4529088,54349056,2167760,26013120,444329003,121611849,116136084,1041320,753,1,0
C014105,2421402,29056824,1333986,16007832,63154417,12454851,8547440,186564,939,0,0
C014106,3436479,41237748,1751998,21023976,33330639,161350850,140348966,770614,621,1,0
C014107,6015505,72186060,3245719,38948628,159337783,48951862,48951862,683919,907,0,0
C014108,6731995,80783940,4278432,51341184,111970150,74143523,66133781,896843,797,0,0
C014109,3430400,41164800,2290220,27482640,109957078,13828489,5299980,115060,827,0,0
C014110,3898662,46783944,974666,11695992,75020094,39137249,28050864,118940,845,0,0
C014111,3790332,45483984,1540361,18484332,117068880,67434717,55276446,447305,824,0,0
C014112,5321056,63852672,2620697,31448364,377103094,72626716,68734597,778168,728,0,0
C014113,2977561,35730732,1786667,21440004,65568829,27074660,14631438,89588,768,0,0
C014114,4182545,50190540,2955821,35469852,69100641,59775650,31229020,601933,759,0,0
C014115,4970897,59650764,3204393,38452716,418498364,57643390,43734884,382232,907,0,0
C014116,5819122,69829464,2582187,30986244,139581017,98002212,82812126,678538,843,0,0
C014117,2939335,35272020,1119591,13435092,150986748,44983268,33159816,363690,820,0,0
C014118,4412685,52952220,2246861,26962332,234973628,61849512,44068902,295294,781,0,0
C014119,2197696,26372352,1238248,14858976,179457314,15275033,7779470,120060,841,0,0
C014120,2074236,24890832,874942,10499304,68565100,17906855,12999135,128722,793,0,0
C014121,6040442,72485304,4858394,58300728,337182505,99529649,81057820,685293,643,0,1
C014122,3629595,43555140,1969824,23637888,116265513,40071572,31677991,122868,900,0,0
C014123,5108394,61300728,2760976,33131712,197898188,39029165,31933530,636452,724,0,0
C014124,2700462,32405544,1715956,20591472,164112957,21234319,15591465,135709,688,1,0
C014125,3486245,41834940,2004048,24048576,585689160,33322626,22331007,422374,728,0,0
C014126,4605120,55261440,2431934,29183208,308662568,32263365,13709142,185864,708,0,0
C014127,4943801,59325612,2181548,26178576,78694682,75954256,50944492,516408,872,0,0
C014128,5920193,71042316,3264800,39177600,569967216,71044033,71044033,677386,758,0,0
C014129,2833074,33996888,2034305,24411660,121363147,30504652,30504652,319414,833,0,0
C014130,2112751,25353012,862462,10349544,56932893,30981802,16994628,128864,719,0,0
C014131,7241247,86894964,4306496,51677952,400133927,101718145,49758685,824413,750,0,0
C014132,8877940,106535280,6670319,80043828,380663220,292587079,263776055,1981876,756,0,0
C014133,3149604,37795248,1875988,22511856,50020262,25931347,25931347,230496,715,0,0
C014134,6691923,80303076,2985129,35821548,428079721,78224613,63958159,947652,822,0,0
C014135,2232338,26788056,1385778,16629336,98573446,27570334,16027842,119996,691,1,0
C014136,6616407,79396884,3161397,37936764,239230163,83009872,65027986,908862,728,0,0
C014137,4394095,52729140,3305294,39663528,247891061,22079166,15820378,441696,664,1,0
C014138,3045046,36540552,1575031,18900372,106211606,25140102,19235208,384248,801,0,0
C014139,4816562,57798744,2014775,24177300,85893236,38497783,25336334,588761,808,0,0
C014140,5082365,60988380,3310570,39726840,400499326,33228543,30739658,568514,763,0,0
C014141,3183607,38203284,1218915,14626980,291637810,57095041,51425179,387272,857,0,0
C014142,5193549,62322588,3675909,44110908,64629489,45373512,31603208,591359,848,0,0
C014143,3505030,42060360,1270584,15247008,480485305,40774789,31791446,238331,747,0,0
C014144,4120733,49448796,2586351,31036212,164050228,71341092,44255866,247757,752,0,0
C014145,6641498,79697976,4642641,55711692,555587234,69395779,59481765,1046344,804,0,1
C014146,3133001,37596012,1882599,22591188,59494829,18874249,11804800,102976,821,0,0
C014147,5243123,62917476,2773459,33281508,284289611,34694331,34694331,261943,757,1,0
C014148,7504559,90054708,5472144,65665728,135944296,225437594,208445770,1163814,758,0,0
C014149,3269353,39232236,1767220,21206640,88109209,40675530,29067078,353139,877,0,0
C014150,2602836,31234032,1394722,16736664,67119003,10493209,10493209,149002,864,0,0
C014151,2472082,29664984,1421146,17053752,117883799,20366285,17769342,317299,736,1,0
C014152,2701753,32421036,1754383,21052596,358693728,32183227,32183227,346112,803,0,0
C014153,4089435,49073220,2802977,33635724,460427124,128301097,128301097,941924,803,0,0
C014154,4213889,50566668,3294462,39533544,203292425,54334325,35550766,276268,811,0,0
C014155,3129994,37559928,2214060,26568720,70664565,54824432,39980866,380596,807,0,0
C014156,4377007,52524084,3727416,44728992,330671349,147114503,106671216,1196912,557,1,1
C014157,3154935,37859220,1439218,17270616,183362063,23833263,12939964,263405,862,0,0
C014158,5425757,65109084,2806808,33681696,333159789,79053216,60526715,502623,794,0,0
C014159,2041143,24493716,1240441,14885292,31338109,2527432,2527432,50037,782,0,0
C014160,5786784,69441408,3293782,39525384,135475390,43306947,35836108,520517,770,0,0
C014161,2937365,35248380,1440462,17285544,118755956,44532022,24300174,217032,807,1,0
C014162,4659320,55911840,2175904,26110848,255924291,37293115,16367113,93186,809,0,0
C014163,4270415,51244980,2021528,24258336,128902784,46525981,45527341,491856,736,0,0
C014164,5858680,70304160,2706833,32481996,315991166,92432868,62487057,433046,820,0,0
C014165,4402838,52834056,2870464,34445568,62622432,111115983,97177285,511917,782,0,0
C014166,7281132,87373584,5209663,62515956,608043687,78046243,78046243,963995,839,0,0
C014167,3882081,46584972,2414871,28978452,325527878,170029105,162012700,1255901,776,0,0
C014168,3997325,47967900,1638722,19664664,176016184,36049401,20005620,223011,772,0,1
C014169,5812511,69750132,4416080,52992960,308944310,56030593,22274326,388175,745,1,0
C014170,4360373,52324476,2803116,33637392,337156263,54269779,36628617,474840,779,0,0
C014171,4046910,48562920,1693055,20316660,121290040,9843888,9843888,80938,866,0,0
C014172,2286557,27438684,1061667,12740004,64030913,47215636,27415271,217491,847,0,1
C014173,2820942,33851304,1606627,19279524,225607440,102342652,97505256,869564,779,0,1
C014174,2653038,31836456,1648618,19783416,66104523,45025591,29317063,165962,760,0,0
C014175,5223580,62682960,2759844,33118128,262345618,60917860,30110318,135886,898,0,0
C014176,6323970,75887640,2740460,32885520,485806680,52258691,52258691,727982,819,1,0
C014177,2321984,27863808,1201480,14417760,127592661,52078314,36979568,329591,713,0,0
C014178,4942928,59315136,3536182,42434184,93462234,98946984,67006020,715169,733,0,0
C014179,3198300,38379600,1727671,20732052,113049417,17574691,17574691,254472,782,0,0
C014180,6833574,82002888,2781475,33377700,92021173,59895721,32618474,595807,727,1,0
C014181,4464268,53571216,2217710,26612520,314396014,42055858,42055858,490662,710,0,1
C014182,7622030,91464360,3628637,43543644,248058286,142536771,83769815,844290,835,0,0
C014183,9392405,112708860,6141889,73702668,364517661,104285059,96316043,723441,738,0,1
C014184,5229369,62752428,3169524,38034288,281892952,94355607,85349968,901619,777,1,0
C014185,4839656,58075872,1907489,22889868,287842523,131515401,101440438,975569,705,0,0
C014186,1961695,23540340,1141263,13695156,88785373,13832200,13832200,106915,750,0,0
C014187,4120850,49450200,2391027,28692324,137566961,56833530,46627088,271212,806,0,0
C014188,1979606,23755272,1206120,14473440,78019040,26873072,26873072,215119,720,2,0
C014189,2522447,30269364,2172154,26065848,299877680,22032112,16303889,306438,764,0,0
C014190,2307974,27695688,1532492,18389904,38809471,30949970,20729494,175105,787,0,0
C014191,4928806,59145672,2008863,24106356,828039408,26117097,14391791,335270,794,0,0
C014192,2811566,33738792,2024333,24291996,61187534,31633471,31633471,409388,729,0,0
C014193,5043371,60520452,3034842,36418104,157153720,42152375,40887436,323515,783,0,0
C014194,7637555,91650660,5609329,67311948,210708485,122760704,97020670,925774,755,0,0
C014195,3236782,38841384,2066917,24803004,58637497,22301931,22301931,252534,668,1,1
C014196,4709865,56518380,2453894,29446728,569072725,43108500,30275055,223874,698,0,0
C014197,2954629,35455548,2327381,27928572,30107598,55315904,46170992,361550,707,1,0
C014198,6746822,80961864,3379448,40553376,295769827,81226594,63295820,680340,789,0,0
C014199,2050014,24600168,989804,11877648,43877341,38795609,38795609,457019,815,0,0
C014200,2706239,32474868,1231531,14778372,113513269,9877448,9877448,62822,824,0,0
C014201,6717512,80610144,3834381,46012572,323151625,100223446,73349104,871619,871,0,0
C014202,5290083,63480996,3735611,44827332,235763708,79463143,66596126,369697,862,0,0
C014203,2389387,28672644,1409052,16908624,108824237,27450889,27450889,153125,776,0,0
C014204,4399354,52792248,2938641,35263692,127157397,35019532,33260919,444344,769,0,0
C014205,3713010,44556120,1130490,13565880,499108257,79614148,60275876,335973,805,0,0
C014206,5500472,66005664,2933138,35197656,356828837,36396433,25841259,523415,836,0,0
C014207,5178735,62144820,1647314,19767768,58073799,52024212,16802674,103575,847,0,0
C014208,3433756,41205072,1732708,20792496,110577845,150895606,145949692,1168623,667,0,0
C014209,6508296,78099552,4367876,52414512,1051172707,55057564,40114685,782623,787,0,0
C014210,2361698,28340376,1264811,15177732,197076240,40596903,30958476,380416,739,0,0
C014211,3761718,45140616,2686341,32236092,470850892,44710031,38387076,217005,798,0,0
C014212,3051452,36617424,2130462,25565544,179538098,55594611,55594611,567026,745,0,0
C014213,3908829,46905948,2032096,24385152,245015938,57926363,50253619,455234,734,0,0
C014214,3504650,42055800,1577417,18929004,268605045,90049025,61711757,509520,851,0,0
C014215,4499824,53997888,1949098,23389176,136582104,53809169,38596845,495973,772,0,0
C014216,4474985,53699820,3544585,42535020,305931556,61412302,38812490,728240,725,0,0
C014217,4304048,51648576,2403686,28844232,163509282,60940397,40171253,398467,808,0,0
C014218,5032494,60389928,2761599,33139188,51756214,32898722,32898722,220116,835,0,0
C014219,3240339,38884068,1558312,18699744,109512164,14348319,12624132,64807,842,0,0
C014220,2161156,25933872,1521397,18256764,83440473,49716669,38163618,410394,683,0,0
C014221,5127767,61533204,2262549,27150588,188661722,96975878,66240819,430469,685,0,0
C014222,6970704,83648448,4900658,58807896,515995463,198097509,159674709,1371154,737,0,0
C014223,5030479,60365748,2617428,31409136,178241179,40736267,13390529,420087,754,0,0
C014224,3949220,47390640,3442129,41305548,227234534,106747406,84791436,769750,685,0,0
C014225,2013144,24157728,873419,10481028,189104548,9893211,9893211,299403,870,0,0
C014226,3132977,37595724,1521999,18263988,108299143,20310352,16166798,193837,950,0,0
C014227,2569571,30834852,1325582,15906984,177752868,87096200,82196363,685688,703,0,0
C014228,4757854,57094248,2340569,28086828,69897456,33113434,14990622,127866,785,0,0
C014229,4390326,52683912,2415225,28982700,116243941,56385995,40816837,205961,805,0,0
C014230,3084586,37015032,1959389,23512668,455621240,75579664,75579664,603154,741,1,0
C014231,3289564,39474768,1961063,23532756,106845988,34222049,34222049,594425,854,0,0
C014232,3705604,44467248,2526067,30312804,105233156,32402865,26710766,244529,719,0,0
C014233,1982854,23794248,973799,11685588,69166543,29924869,26030565,291577,735,0,0
C014234,5640522,67686264,2910420,34925040,151238981,52855912,43514547,368842,828,0,0
C014235,1961357,23536284,1013121,12157452,151952620,16585083,9188581,166808,754,0,0
C014236,3720298,44643576,2357419,28289028,130724934,48008823,32831121,328636,831,0,0
C014237,4691111,56293332,3232530,38790360,118568572,61223143,47046524,402267,742,0,0
C014238,5263409,63160908,4146564,49758768,262689356,192455939,177772674,1410139,676,0,0
C014239,6398851,76786212,2338829,28065948,704402880,37629784,22786906,203051,775,0,0
C014240,4100824,49209888,1611783,19341396,126260099,46513487,23378558,291757,824,0,0
C014241,3620763,43449156,1972526,23670312,67583858,30529763,30529763,261530,773,0,0
C014242,5258822,63105864,4863630,58363560,276049696,25252396,25252396,214144,814,0,0
C014243,3118800,37425600,790962,9491544,118446895,65450989,40960518,313596,802,0,0
C014244,2335683,28028196,2030290,24363480,349357420,76136977,62733463,613887,718,0,1
C014245,2445588,29347056,1593262,19119144,175494514,32423311,25335956,300208,586,3,1
C014246,5987136,71845632,3922675,47072100,201201028,39255006,14811864,742986,906,0,0
C014247,2855426,34265112,1104087,13249044,187799714,52984953,48418245,496425,788,0,0
C014248,3268031,39216372,2118509,25422108,100108976,47550208,43424541,297014,810,0,0
C014249,8807184,105686208,5745837,68950044,825727194,91355331,62060871,674144,731,0,0
C014250,5860079,70320948,4340841,52090092,149434766,34907942,34907942,151580,776,0,0
C014251,7512727,90152724,4918909,59026908,126186732,86338074,75709507,858762,758,0,0
C014252,2794564,33534768,1781712,21380544,115986892,15586943,3781865,85930,949,0,0
C014253,4772256,57267072,3737244,44846928,159759962,56997146,24172524,254227,688,1,1
C014254,5111587,61339044,3765244,45182928,130520892,93558301,64054438,414726,784,0,0
C014255,3662227,43946724,1928080,23136960,218415354,49098150,34350167,317099,849,0,0
C014256,5153683,61844196,3003777,36045324,60610212,89348259,68412225,617673,774,0,0
C014257,3154873,37858476,1489462,17873544,201708346,39383929,33896109,437843,733,0,0
C014258,4134957,49619484,1642095,19705140,276580208,30828235,18965662,232521,769,0,0
C014259,2949755,35397060,1069022,12828264,106095489,22042227,16541268,457735,812,0,0
C014260,3148449,37781388,1927827,23133924,95500684,22853426,22853426,258447,754,0,0
C014261,4184252,50211024,3666649,43999788,62627691,42755230,18890936,195998,687,0,0
C014262,3987465,47849580,2551601,30619212,99783652,36594151,32757693,272035,840,0,1
C014263,2728334,32740008,1545189,18542268,109006735,44250624,37578576,388726,690,0,0
C014264,8678883,104146596,6523893,78286716,400355453,82456262,82456262,1217807,778,0,0
C014265,4608503,55302036,3401987,40823844,48657315,86505851,71346696,1123449,643,2,1
C014266,2902224,34826688,1310154,15721848,264460907,29858814,17975867,199219,823,0,0
C014267,2526010,30312120,1085874,13030488,140157553,9048863,5971819,177052,842,0,1
C014268,2995580,35946960,1730913,20770956,26778273,34260595,19488855,361996,752,1,0
C014269,7022812,84273744,4919263,59031156,124520615,166206650,133457281,801230,715,1,0
C014270,2782427,33389124,2114084,25369008,147946486,75567120,70714405,573601,865,0,0
C014271,4417578,53010936,3484518,41814216,419022690,40167348,40152375,274243,772,0,0
C014272,4279209,51350508,2532416,30388992,105995830,31069122,29642310,454919,727,0,0
C014273,3873682,46484184,1615193,19382316,337514179,67327092,67327092,707915,779,0,1
C014274,7939344,95272128,1984836,23818032,751674076,99090289,62800656,510807,749,0,0
C014275,4915571,58986852,2834467,34013604,253406331,29806204,29806204,478014,826,0,0
C014276,7964677,95576124,4646700,55760400,326023891,56997876,46588860,356390,867,0,0
C014277,2411704,28940448,1487618,17851416,73138771,44966983,37630382,352632,790,1,0
C014278,5257599,63091188,4391770,52701240,86087710,93445866,76270570,793912,684,2,1
C014279,3271396,39256752,1487366,17848392,142534123,25284706,25284706,308914,747,1,0
C014280,4246651,50959812,2343661,28123932,160739597,45774420,23731780,550590,655,0,0
C014281,5203993,62447916,2388051,28656612,207695684,31598908,31598908,503876,810,0,0
C014282,2338587,28063044,975399,11704788,136012723,59329668,45741850,377379,848,0,0
C014283,2677957,32135484,1891537,22698444,158181960,14177183,14177183,315145,754,0,0
C014284,3312338,39748056,2136603,25639236,48972890,88278707,76127316,491455,779,0,0
C014285,3362887,40354644,1818405,21820860,81957705,99971873,88681474,696220,714,1,0
C014286,5460488,65525856,1965606,23587272,206794636,58968573,50170956,647712,807,0,0
C014287,2460005,29520060,875096,10501152,156688865,23845817,17835900,205826,820,0,0
C014288,2278839,27346068,928028,11136336,24166445,24449612,24449612,198230,800,0,0
C014289,5115120,61381440,3670222,44042664,317798134,97561452,76566141,638559,758,1,0
C014290,2265362,27184344,1060094,12721128,73615416,24711277,23186092,163953,864,0,0
C014291,6285059,75420708,3991978,47903736,636152134,40000139,40000139,602746,758,0,0
C014292,3868986,46427832,2699726,32396712,62470420,91482605,83624049,516269,757,0,0
C014293,2279436,27353232,1054629,12655548,67463231,20133592,10492743,192381,810,0,0
C014294,3849424,46193088,2036781,24441372,90067126,45859519,42200550,517921,862,0,0
C014295,4661507,55938084,2021317,24255804,48042832,52901739,30795887,434121,853,1,0
C014296,4242989,50915868,1062866,12754392,357486814,41942577,39985023,493063,918,0,0
C014297,5814930,69779160,3486377,41836524,164959131,52238113,31184473,374262,709,0,0
C014298,3209991,38519892,2154853,25858236,539278488,11678907,7031333,127350,888,0,0
C014299,10876327,130515924,5865146,70381752,547879422,94764649,94764649,937510,839,0,0
C014300,2012988,24155856,1249088,14989056,86792858,25429451,17215600,172028,778,0,0
C014301,2152939,25835268,1319944,15839328,188966819,12133778,12133778,229862,753,0,0
C014302,2767001,33204012,1968034,23616408,112663109,53317790,53317790,593632,659,0,0
C014303,8201787,98421444,6305011,75660132,712126158,113685100,109871047,760416,773,0,0
C014304,9143199,109718388,4438551,53262612,200444303,100059608,69404940,1378225,784,0,0
C014305,3185925,38231100,3345221,40142652,86045159,16372214,14296626,395890,613,0,1
C014306,3906390,46876680,2534691,30416292,151922425,42109348,42109348,157494,869,0,0
C014307,4739039,56868468,2836221,34034652,538841021,94716379,90675047,671984,812,0,0
C014308,3223171,38678052,2094954,25139448,100216490,24902060,10716453,366474,823,0,0
C014309,5070957,60851484,2894008,34728096,358218469,160747095,133968257,1129943,738,1,1
C014310,5755729,69068748,2069047,24828564,198068221,34972728,34972728,378801,900,0,0
C014311,3900120,46801440,1957992,23495904,110653493,39506473,31377893,235586,769,0,0
C014312,4333323,51999876,2009863,24118356,269710305,46295639,46295639,375464,788,0,0
C014313,6256734,75080808,3999396,47992752,194478471,89493140,48952948,571744,699,0,0
C014314,5915268,70983216,4416730,53000760,256011428,138556072,106643417,1173006,750,0,0
C014315,6501729,78020748,2387026,28644312,649009748,128312801,107856511,1233117,766,0,0
C014316,3292146,39505752,1803460,21641520,74411533,31825014,29192987,303971,705,0,0
C014317,5082923,60995076,3005834,36070008,92093068,48576435,23591449,256314,813,0,0
C014318,2802305,33627660,1184582,14214984,134763480,19932375,14804080,216094,800,0,0
C014319,1800000,21600000,1374577,16494924,71777519,14151717,14151717,126406,772,0,0
C014320,2951845,35422140,1578180,18938160,95669105,21216446,13389208,295447,756,0,0
C014321,2785017,33420204,1894756,22737072,300547344,52483573,36799463,208494,668,0,0
C014322,2329449,27953388,1635049,19620588,181329414,24988191,21114222,238758,818,0,0
C014323,7381701,88580412,3466878,41602536,325632641,111229723,68361829,1018557,819,0,0
C014324,4743392,56920704,2297534,27570408,362720125,97510867,81836888,817583,807,0,0
C014325,4039585,48475020,2510910,30130920,133001024,26364663,26364663,383188,804,0,0
C014326,3591380,43096560,2758625,33103500,333077222,37322062,20636414,374486,706,0,0
C014327,3764684,45176208,2029015,24348180,70609256,24984808,8408986,182168,798,0,0
C014328,4432057,53184684,2462473,29549676,174631356,23648693,23648693,290174,716,0,0
C014329,2823296,33879552,1706118,20473416,112384414,22689901,6884902,218799,692,0,0
C014330,5099196,61190352,3040973,36491676,117707160,59942476,30840575,602258,826,0,0
C014331,5764984,69179808,3192527,38310324,108728651,83457379,64278827,914141,668,0,0
C014332,3964154,47569848,2787803,33453636,242656454,35503141,35503141,252360,858,0,0
C014333,4533212,54398544,3842343,46108116,545571145,60703312,36974282,461012,882,0,0
C014334,4315249,51782988,2034294,24411528,128598854,59447123,59447123,484377,855,0,0
C014335,5362762,64353144,4018181,48218172,323180050,55941259,35852490,561006,855,0,0
C014336,3298137,39577644,2067223,24806676,74717791,20847461,20847461,101892,819,0,0
C014337,7540224,90482688,4189161,50269932,301524336,42110424,23023822,468946,740,0,0
C014338,3408333,40899996,1433064,17196768,200749233,60463018,55069875,427628,776,0,0
C014339,8925309,107103708,4677118,56125416,465903902,75697710,75697710,1074773,852,0,0
C014340,5772999,69275988,4100603,49207236,225535551,99486258,80794179,656187,645,1,0
C014341,2799643,33595716,2284238,27410856,129917510,94900225,84193086,636088,684,0,0
C014342,3144281,37731372,1598914,19186968,189358676,56513042,41924613,353595,790,0,0
C014343,3426373,41116476,1775316,21303792,321679886,112642570,112642570,630868,815,0,0
C014344,4455149,53461788,3026902,36322824,748465032,91360305,65817929,583073,746,0,0
C014345,3093925,37127100,1523513,18282156,164280894,23096591,16978156,141331,869,0,0
C014346,4578297,54939564,1933023,23196276,415134106,73089596,53976184,662701,879,0,0
C014347,3415336,40984032,2446007,29352084,93633339,37168508,34514299,450017,762,0,0
C014348,5273742,63284904,2833058,33996696,213726833,40606240,20550360,169556,760,0,0
C014349,8493327,101919924,4390140,52681680,264268175,194705741,140865025,1443528,731,0,0
C014350,6416727,77000724,4226728,50720736,228929766,100622690,85090844,1249412,750,0,0
C014351,4210196,50522352,2589800,31077600,74620676,36444236,18645723,276870,765,0,0
C014352,6031053,72372636,4957296,59487552,525190122,122153449,111231084,718528,726,0,0
C014353,2300100,27601200,1909201,22910412,190440098,16947097,16947097,215820,778,0,0
C014354,2998197,35978364,1399217,16790604,183062545,48679194,34713110,148182,826,0,0
C014355,2164247,25970964,1080007,12960084,110681007,37779994,33244933,171916,765,1,0
C014356,2815336,33784032,1966547,23598564,94245122,70795591,54539301,557052,730,0,0
C014357,6373364,76480368,3245501,38946012,1070725152,111295204,111295204,925555,763,0,0
C014358,5542848,66514176,3550683,42608196,146545942,78135709,55140758,677515,791,0,0
C014359,4416836,53002032,1774637,21295644,189088986,85887907,85887907,613708,750,0,0
C014360,3937089,47245068,2766586,33199032,331233030,41321433,28517008,272167,774,0,1
C014361,4638672,55664064,3131582,37578984,581228523,50056623,26309719,824761,606,1,0
C014362,3851780,46221360,2411123,28933476,180751817,30523477,27560946,590768,739,0,0
C014363,2983268,35799216,1656119,19873428,193951236,43211401,28602616,59665,814,0,0
C014364,8638888,103666656,4110043,49320516,259384301,45202156,38821809,717936,843,0,0
C014365,4631007,55572084,2745709,32948508,191633449,30144793,30144793,674141,864,0,0
C014366,3625867,43510404,2735785,32829420,142112359,56631764,30088455,388223,838,0,0
C014367,2073909,24886908,877308,10527696,81472698,21722861,21722861,185509,772,0,0
C014368,9008458,108101496,4951587,59419044,1394728217,113896581,102731175,887974,817,0,0
C014369,3005854,36070248,1751421,21017052,270282991,25756633,20827251,83752,773,0,0
C014370,8079863,96958356,6562599,78751188,358244354,129424521,109426998,1042267,765,0,0
C014371,1800000,21600000,749569,8994828,23376097,16905004,11729297,136639,828,0,0
C014372,4415074,52980888,3320855,39850260,168928411,48152705,47754005,873105,797,0,0
C014373,6117466,73409592,3959439,47513268,153495611,158083948,158083948,1054422,796,0,0
C014374,4244148,50929776,2548296,30579552,258047062,42524144,16646612,292730,880,0,0
C014375,4602915,55234980,2860413,34324956,91177780,70592397,64152029,448873,794,0,0
C014376,1823672,21884064,838098,10057176,95121318,24839357,14626427,190482,802,0,0
C014377,1882126,22585512,1178865,14146380,74762730,14689937,6877785,230974,809,1,0
C014378,4188813,50265756,3266702,39200424,183415637,47917754,20900286,570634,786,0,0
C014379,3214649,38575788,2221642,26659704,128998202,173591046,173591046,1075176,670,0,1
C014380,5363875,64366500,3717049,44604588,289522672,34054695,28102578,650251,783,0,0
C014381,3074723,36896676,2222717,26672604,77682642,54065445,23479412,338765,695,0,1
C014382,2584332,31011984,1356057,16272684,66299637,28771586,28771586,259882,879,0,0
C014383,4595090,55141080,3338163,40057956,146701100,53414702,37688051,485290,758,0,0
C014384,2056098,24673176,945019,11340228,240938726,27951109,22423609,218669,819,0,0
C014385,2006812,24081744,1191783,14301396,113402408,16658931,16099768,63351,806,0,0
C014386,3961290,47535480,2103018,25236216,94750564,25701306,16261525,217380,777,0,0
C014387,3589193,43070316,897298,10767576,110587892,45865332,41611291,156680,827,0,0
C014388,3756449,45077388,2490632,29887584,236444263,74531558,58193528,361062,773,0,0
C014389,2730700,32768400,1575879,18910548,181331571,143041921,137736948,886556,720,0,0
C014390,5968158,71617896,3616783,43401396,633849166,15964635,15964635,567205,805,0,0
C014391,2088431,25061172,1066592,12799104,84945207,12308637,12308637,135029,750,0,0
C014392,2072109,24865308,892100,10705200,135232352,66185194,49440268,448442,803,0,0
C014393,5670697,68048364,2530617,30367404,191379007,89328098,77036699,327319,778,1,0
C014394,2723764,32685168,1132851,13594212,132291233,36594066,22965476,168327,870,0,0
C014395,2381602,28579224,870650,10447800,40361719,26318127,16571849,163491,827,0,0
C014396,3207492,38489904,2404131,28849572,63931380,13357042,10314675,64150,736,0,0
C014397,2491228,29894736,1305090,15661080,70966927,22549850,13735623,185682,782,0,0
C014398,7786265,93435180,5334081,64008972,120485410,122988216,71299624,439699,683,0,0
C014399,4471606,53659272,2152395,25828740,625018321,92242771,69962396,575650,725,1,1
C014400,5566706,66800472,2650084,31801008,886231019,30972343,23783373,111334,786,0,0
C014401,5770704,69248448,2702528,32430336,399229093,91697448,64151533,863064,785,0,0
C014402,2690377,32284524,1906636,22879632,125928321,37600737,33650914,281367,767,0,0
C014403,3911310,46935720,2302516,27630192,164062910,19494684,15548845,117057,755,0,0
C014404,4042908,48514896,1584628,19015536,89720175,70793785,67314184,513068,809,0,0
C014405,4330539,51966468,3830321,45963852,87233675,63918694,47730019,526290,670,0,1
C014406,4730826,56769912,1876210,22514520,678526244,49079999,23598707,346439,788,0,0
C014407,7574532,90894384,3596023,43152276,433515744,126448337,106558865,1080537,746,0,0
C014408,5073071,60876852,1268268,15219216,337817601,80956359,53064160,190080,865,0,0
C014409,4014903,48178836,2125031,25500372,208954600,43992433,33334726,241930,746,0,0
C014410,4900002,58800024,2232671,26792052,125186157,87340211,71082192,648464,783,0,0
C014411,2390607,28687284,1547215,18566580,145226718,34775028,34775028,264073,768,0,0
C014412,3642713,43712556,1075913,12910956,26693343,61966504,46799613,489259,801,0,0
C014413,4514398,54172776,2583778,31005336,566215394,40402370,28875646,343410,775,0,0
C014414,7271548,87258576,4963910,59566920,1221620064,121623028,121623028,683898,838,0,0
C014415,3609290,43311480,2452289,29427468,295518811,59883938,37181636,363205,826,0,1
C014416,2589328,31071936,2304591,27655092,56639330,25613594,12127967,146177,723,0,0
C014417,2894452,34733424,1411031,16932372,239484237,34131651,29102474,247426,908,0,0
C014418,5219183,62630196,3823422,45881064,52830535,38047923,38047923,180593,861,0,0
C014419,3051366,36616392,1836498,22037976,512629488,39413848,24655053,245623,754,0,1
C014420,5600771,67209252,4093413,49120956,302951747,89138220,54609043,541799,786,0,0
C014421,2686853,32242236,2323034,27876408,389426972,32429132,18096119,160056,745,0,1
C014422,4961286,59535432,4090549,49086588,122369475,50162291,21507198,302556,708,0,0
C014423,3212111,38545332,1740140,20881680,58788314,46864339,41479420,228824,791,0,0
C014424,5797370,69568440,2860387,34324644,606500031,39495807,17656352,115947,880,0,0
C014425,4262812,51153744,1944625,23335500,159131897,44157591,44157591,727785,798,0,0
C014426,5759709,69116508,3092215,37106580,146546575,36015875,30292333,143215,869,0,0
C014427,4965692,59588304,2015992,24191904,276618399,82869234,76463005,942207,795,0,0
C014428,3280580,39366960,1425108,17101296,170912741,50661589,22111425,108548,872,0,0
C014429,1800000,21600000,639783,7677396,29216531,20117884,14531248,109588,795,0,0
C014430,4332507,51990084,2296159,27553908,74487371,70297884,39244605,529325,723,0,0
C014431,3288153,39457836,3047965,36575580,54907436,19177154,18113890,291240,683,0,0
C014432,2442859,29314308,1457517,17490204,113859719,50099250,40534951,342326,763,0,0
C014433,4498382,53980584,2026302,24315624,207059376,79705093,43903090,460173,711,1,0
C014434,3866111,46393332,2803347,33640164,349330651,44515370,23689636,233872,694,0,0
C014435,3635962,43631544,1954730,23456760,72897117,54170318,44601548,487212,757,1,0
C014436,4570206,54842472,2399497,28793964,310163354,141507936,106042724,439981,693,0,0
C014437,11463962,137567544,9986865,119842380,166922225,213377137,153079734,1099741,697,0,0
C014438,3947655,47371860,1651645,19819740,553360118,31440671,27482158,499906,722,0,0
C014439,6745436,80945232,2580841,30970092,104796949,127094880,104959240,527368,749,0,0
C014440,5021251,60255012,3039649,36475788,348508867,156504129,134896692,1141543,731,1,0
C014441,3508077,42096924,1756888,21082656,102142016,65998196,59326479,623360,820,0,0
C014442,4510198,54122376,2687891,32254692,187157179,49928736,31156580,532719,759,0,0
C014443,4181229,50174748,1384233,16610796,436304906,28674342,19768223,380173,797,0,0
C014444,2617412,31408944,2217304,26607648,20217107,45131425,37379882,502967,723,0,0
C014445,2612958,31355496,1156461,13877532,35281412,14669247,9316363,126896,739,0,0
C014446,3190156,38281872,2136369,25636428,301881869,19780565,19780565,357815,762,0,0
C014447,4131030,49572360,2967763,35613156,161008719,39971372,39971372,536084,718,0,0
C014448,3935312,47223744,2526403,30316836,310613650,67183383,42164085,446725,699,0,0
C014449,1800000,21600000,1452314,17427768,116626639,18152456,17186806,223261,780,0,0
C014450,4964147,59569764,3012460,36149520,385327802,127819113,117355860,868322,707,1,1
C014451,4320350,51844200,2871130,34453560,145374764,84857140,80468305,674678,706,0,0
C014452,3532221,42386652,1735771,20829252,228657306,59858587,59858587,390214,866,0,0
C014453,2552738,30632856,1748932,20987184,91277881,67464156,54045779,297833,726,0,0
C014454,1800000,21600000,771065,9252780,302400000,32638210,23060433,152143,782,0,0
C014455,3414479,40973748,1273619,15283428,145098729,80272503,78587276,596193,756,0,0
C014456,5413781,64965372,3727729,44732748,432837154,82411830,53175549,436635,804,0,0
C014457,7057973,84695676,2946616,35359392,171173435,45226893,45226893,536898,806,0,0
C014458,12000000,144000000,5812807,69753684,189989546,136410627,136410627,747097,826,0,0
C014459,2642134,31705608,1353699,16244388,154419213,17695239,17695239,295054,780,0,0
C014460,9168313,110019756,5707768,68493216,344414714,87366836,62750991,906179,706,1,0
C014461,3944607,47335284,2250984,27011808,242000868,25402375,13352031,174431,774,0,0
C014462,2516636,30199632,2013948,24167376,38164956,34146168,28564840,262235,743,0,1
C014463,2728157,32737884,1966583,23598996,164525481,33998486,22786995,202487,841,0,0
C014464,2157306,25887672,1517710,18212520,161734781,57155856,44797016,475636,695,1,0
C014465,3905376,46864512,2498463,29981556,64194890,51240710,36280306,212457,803,0,0
C014466,2601012,31212144,1299757,15597084,179761437,33626252,29835988,313745,856,0,0
C014467,2585049,31020588,1536282,18435384,345157130,29176414,11689539,263636,711,0,0
C014468,6205105,74461260,4395960,52751520,164802677,36276417,36276417,299634,749,0,0
C014469,5866835,70402020,3509735,42116820,271462738,76862827,76862827,1019881,772,0,0
C014470,3228544,38742528,1929132,23149584,54501706,16479675,16479675,215691,773,0,0
C014471,2837900,34054800,1410849,16930188,135914302,25119439,24386170,203375,731,0,1
C014472,7034292,84411504,4566481,54797772,371755041,44818904,44818904,326208,832,0,0
C014473,3816971,45803652,2419408,29032896,132666620,72684350,60770493,767159,734,0,0
C014474,2998287,35979444,1500459,18005508,78671485,27350996,16070650,234832,825,1,0
C014475,5156820,61881840,2903722,34844664,59560451,103640483,78469143,646893,818,0,0
C014476,3121249,37454988,1525444,18305328,179553650,28180254,21032348,199084,848,0,0
C014477,4151149,49813788,1702198,20426376,142453726,101377291,64319686,564036,791,0,0
C014478,6589856,79078272,4148111,49777332,344723796,188859178,188859178,1329701,723,0,0
C014479,7427109,89125308,3957953,47495436,233257351,102085140,102085140,289716,815,0,0
C014480,4794356,57532272,3621690,43460280,75732573,100461836,100461836,524847,720,0,0
C014481,2060031,24720372,1463653,17563836,89616482,15466279,11448111,67870,850,0,0
C014482,3585979,43031748,2134106,25609272,149619918,53912964,53912964,770768,756,0,0
C014483,4391757,52701084,2641569,31698828,433610440,29908589,29908589,292814,872,0,0
C014484,4722292,56667504,2656102,31873224,271779960,65348142,41112946,511761,776,0,0
C014485,3344846,40138152,1118862,13426344,112818568,37704355,37704355,469955,916,1,0
C014486,6838329,82059948,5322550,63870600,316231665,65637615,50686050,764568,710,0,0
C014487,6658167,79898004,3663486,43961832,128583327,61325079,38535717,588103,794,0,0
C014488,3296992,39563904,2217828,26613936,264752488,63327365,57232373,452237,713,1,1
C014489,4322784,51873408,1667234,20006808,494941296,87877812,77094960,189417,870,0,0
C014490,5465204,65582448,4317799,51813588,240789531,20822910,18408931,304679,668,0,1
C014491,5028372,60340464,3450397,41404764,270699154,38874154,38874154,597633,762,0,0
C014492,2991217,35894604,1569484,18833808,56740667,27550607,14884342,241936,845,0,0
C014493,4876603,58519236,3360591,40327092,194518103,25576410,25576410,284543,755,0,0
C014494,4462260,53547120,2430258,29163096,214816713,40734096,28246728,149662,786,1,0
C014495,1800000,21600000,1544633,18535596,82899753,10342123,8131679,50000,823,0,0
C014496,3961069,47532828,2519351,30232212,43408757,30470320,30470320,134678,763,0,0
C014497,3729484,44753808,2545322,30543864,150355656,50561622,24377306,292846,819,0,0
C014498,4328890,51946680,1082223,12986676,168832266,58154011,50690830,538580,788,0,0
C014499,12000000,144000000,7924371,95092452,227673869,182996603,147023286,730405,879,0,0
C014500,3293828,39525936,2277408,27328896,195884866,25827034,25827034,332821,835,0,0
C014501,5100166,61201992,3292786,39513432,123210070,57447917,32247122,747988,776,1,0
C014502,7341573,88098876,4188798,50265576,250172010,207881116,187595108,1758735,624,0,1
C014503,5021594,60259128,2285304,27423648,281129813,81110509,64684759,859161,860,0,0
C014504,4780528,57366336,3033224,36398688,287445037,49278801,40705848,343258,874,0,0
C014505,4837031,58044372,3351669,40220028,440253539,100301408,87996001,776356,913,0,0
C014506,5495369,65944428,3869832,46437984,438455823,91787593,91787593,1029930,753,0,0
C014507,4081923,48983076,3000763,36009156,175346788,73107098,56350868,398034,740,1,0
C014508,4774799,57297588,3653605,43843260,149755170,27708164,24296806,601367,725,0,1
C014509,6932564,83190768,3385802,40629624,339550033,43018642,43018642,428282,698,0,0
C014510,1800000,21600000,1208684,14504208,88792833,31771409,19968540,142136,884,0,0
C014511,2948514,35382168,1959192,23510304,186886692,45846177,22629604,228998,787,0,0
C014512,6381867,76582404,3271265,39255180,214296503,84472689,61010539,406344,836,0,0
C014513,4639295,55671540,2737406,32848872,528824099,79323513,54422370,523246,851,0,0
C014514,3322649,39871788,1623290,19479480,244766712,48081366,37492465,470523,762,0,0
C014515,4400969,52811628,1186854,14242248,50967068,63153768,44650723,382290,813,0,0
C014516,7155115,85861380,4115952,49391424,207405406,294339317,294339317,1655821,725,0,0
C014517,7740057,92880684,4442158,53305896,213609679,266176147,235035602,1126530,734,0,0
C014518,5611996,67343952,4384238,52610856,334321916,38000787,38000787,623859,777,0,0
C014519,3837818,46053816,959455,11513460,131939525,224951732,203450062,1416492,753,0,0
C014520,3703458,44441496,2283349,27400188,219635441,120334459,97910089,474649,741,1,0
C014521,6185776,74229312,2710184,32522208,120735292,113558878,95814987,638067,747,2,0
C014522,3930371,47164452,2299193,27590316,349508091,106194424,93261355,853460,797,0,0
C014523,4828863,57946356,3057828,36693936,407508106,260758602,260758602,1775788,699,0,0
C014524,2938571,35262852,2008792,24105504,160154890,55883519,48214441,488039,771,0,0
C014525,7441856,89302272,4263996,51167952,1250231808,87223883,79165513,613030,777,0,0
C014526,11377920,136535040,7060040,84720480,1911490560,54004667,46216156,477449,874,0,0
C014527,3634134,43609608,1793510,21522120,92179907,28814969,25116737,636999,881,1,0
C014528,5644845,67738140,4103809,49245708,577352127,105659646,105659646,1024374,675,1,1
C014529,4692594,56311128,3104312,37251744,444139078,21864181,21864181,93852,773,0,0
C014530,2939294,35271528,1902307,22827684,61999657,28199602,13182909,152092,785,0,0
C014531,5711175,68534100,3079581,36954972,77259058,114684169,90087861,305113,772,0,0
C014532,4767907,57214884,3504385,42052620,394001861,49467354,18608572,572695,652,0,0
C014533,5934443,71213316,3965234,47582808,61425798,348229839,298829503,1805708,721,1,1
C014534,3179444,38153328,1653500,19842000,148449308,43785968,35548105,165995,696,0,0
C014535,5539277,66471324,2436671,29240052,295546319,22850956,22850956,252580,852,0,0
C014536,3572278,42867336,2180877,26170524,520342110,58465640,58465640,381768,755,0,0
C014537,7932240,95186880,3223731,38684772,292491620,123610247,70929463,952059,863,0,0
C014538,5274832,63297984,2084921,25019052,554311862,39315176,36224985,587043,935,0,0
C014539,3263631,39163572,1861013,22332156,120490179,62514435,59793752,453477,726,0,1
C014540,3746055,44952660,2383637,28603644,113379268,72419723,54887845,388242,774,0,0
C014541,4749474,56993688,3672772,44073264,136362806,59525144,53491404,733151,712,0,0
C014542,4925158,59101896,3222063,38664756,83638014,43379076,28369401,252699,794,0,0
C014543,3817152,45805824,2701126,32413512,45394522,46062275,38542217,499712,831,0,0
C014544,3871160,46453920,1918447,23021364,120822826,72058720,40438932,564154,726,0,0
C014545,3396334,40756008,2507940,30095280,102385481,40364223,40364223,364053,668,1,0
C014546,4700164,56401968,3502255,42027060,258521570,58192998,38740602,619760,683,0,0
C014547,3619713,43436556,1873751,22485012,76571901,43904882,24497035,343086,712,0,0
C014548,4644558,55734696,3622457,43469484,344953257,70444758,60231940,357989,724,0,0
C014549,2231832,26781984,1085948,13031376,254089580,27421100,14647188,238181,768,0,0
C014550,4325361,51904332,1799499,21593988,146529587,37735667,26237086,744760,847,0,0
C014551,4155820,49869840,2980382,35764584,87182646,36372555,28329282,352821,762,0,0
C014552,12000000,144000000,5451655,65419860,262942124,238651181,238651181,1899219,803,0,1
C014553,12000000,144000000,4235798,50829576,485707324,178894978,113476185,2283239,747,0,0
C014554,5160388,61924656,2955550,35466600,128877697,63337401,63337401,645621,783,0,0
C014555,10280873,123370476,7130391,85564692,495320327,122498142,104022362,205617,801,0,0
C014556,1800000,21600000,1097522,13170264,92163018,17809114,10345063,292548,769,0,0
C014557,4881818,58581816,2608930,31307160,712949075,142368325,128507063,875348,787,0,1
C014558,4290400,51484800,3281997,39383964,177964127,149070734,134275453,997350,771,0,0
C014559,6659774,79917288,4903095,58837140,170413519,110232355,76723971,701151,688,0,0
C014560,5603835,67246020,2784391,33412692,159661429,154244289,117142920,874813,848,0,0
C014561,8649216,103790592,4866865,58402380,259965844,287031960,285634515,2043257,723,0,0
C014562,5021619,60259428,3797669,45572028,563701520,40287256,24545951,389692,864,0,0
C014563,4958872,59506464,3902106,46825272,210818804,113382510,101411172,733880,751,0,0
C014564,2753689,33044268,1631267,19575204,142244822,40316595,21590056,127632,707,0,0
C014565,3185086,38221032,1340697,16088364,102643700,25599059,16776183,290085,846,0,0
C014566,3480204,41762448,1364120,16369440,234257454,37676908,37676908,359180,744,0,0
C014567,7073155,84877860,2081223,24974676,675953502,34929080,34929080,476819,808,0,0
C014568,3738738,44864856,2388454,28661448,119205351,54158167,46824858,527030,766,0,0
C014569,2679376,32152512,2050117,24601404,27719726,15369218,5884807,257106,816,0,0
C014570,4905383,58864596,2453135,29437620,332686006,59902546,59902546,274961,815,0,0
C014571,4076029,48912348,2710337,32524044,94625572,47040188,39162808,563339,731,0,0
C014572,7627946,91535352,4330332,51963984,165819058,25107381,22431999,754845,780,0,0
C014573,6097458,73169496,3488337,41860044,447279090,100177876,69488050,481400,809,0,0
C014574,3970786,47649432,1757108,21085296,200199571,58046979,52056642,663528,779,0,0
C014575,3655049,43860588,3136370,37636440,284192822,87954904,74873357,883334,853,0,0
C014576,3356108,40273296,2146925,25763100,38972552,46623488,33621513,399976,697,0,0
C014577,4934655,59215860,3192084,38305008,511053112,71622180,54416667,863319,763,0,0
C014578,2354598,28255176,1161925,13943100,48771945,67330938,62066733,438257,813,0,0
C014579,9955628,119467536,5409223,64910676,120338426,43454059,43454059,205656,782,0,0
C014580,3380385,40564620,2657537,31890444,74390146,44135366,33708226,150403,766,0,0
C014581,3365354,40384248,1815395,21784740,92603519,36584304,35282704,340418,891,0,0
C014582,4748384,56980608,2064624,24775488,797728512,19126224,13841160,94968,804,0,0
C014583,5452025,65424300,4051638,48619656,338609209,77651773,52283056,552006,812,0,0
C014584,1800000,21600000,1213798,14565576,102594810,8384657,8019985,143911,859,0,0
C014585,4188749,50264988,2818620,33823440,160784168,65119018,33780330,174298,688,0,0
C014586,4411385,52936620,2787871,33454452,386379547,70010489,42528935,583983,815,0,0
C014587,4894235,58730820,3270270,39243240,57561425,76864903,72456405,377526,775,0,0
C014588,2831685,33980220,1057317,12687804,75086568,49568740,47691382,477537,747,0,0
C014589,5343779,64125348,3953934,47447208,56625900,180623696,131233828,928803,710,0,0
C014590,2566205,30794460,1759776,21117312,114284195,36800519,33137225,266969,716,0,0
C014591,3355056,40260672,2327626,27931512,76210400,43033515,43033515,499069,682,0,0
C014592,6243467,74921604,4027533,48330396,371433499,59594147,30269840,454487,793,0,0
C014593,1940853,23290236,1137566,13650792,37482811,10106625,10106625,209173,856,0,0
C014594,8977251,107727012,5854470,70253640,594257424,167436781,115279213,1057411,729,1,0
C014595,3124416,37492992,1471999,17663988,243353925,34395820,30910517,437742,776,1,0
C014596,6927968,83135616,5104806,61257672,110481712,83773657,62711697,683913,670,0,0
C014597,5117282,61407384,3970435,47645220,80278298,64615975,36846873,576839,698,1,0
C014598,2690043,32280516,2148468,25781616,101683578,83497165,77807497,556421,641,1,1
C014599,1800000,21600000,1120597,13447164,51877983,14372846,13626146,188350,793,0,0
C014600,5564546,66774552,3807400,45688800,303748527,67900279,67420113,1096905,683,1,0
C014601,5592164,67105968,3748714,44984568,218305079,74356097,49763135,520199,789,0,0
C014602,5474749,65696988,3348946,40187352,454551265,74776968,72190110,910562,839,0,0
C014603,1863321,22359852,1287489,15449868,96995286,34919637,24329512,479939,626,1,0
C014604,2587860,31054320,1464295,17571540,165619721,54201165,44016544,306964,814,0,0
C014605,2976390,35716680,3125210,37502520,159719968,47895611,42827419,415953,720,0,0
C014606,3387255,40647060,1812922,21755064,221267843,41522276,34212626,364824,857,0,0
C014607,4009351,48112212,2137185,25646220,673570968,56344602,24816747,538013,790,1,0
C014608,2816670,33800040,2060824,24729888,226056682,23694416,17428173,256374,806,0,0
C014609,3780078,45360936,2076869,24922428,54197029,61148474,60366767,515872,836,0,0
C014610,3893405,46720860,1964109,23569308,42965435,34999661,30184972,503560,794,0,0
C014611,2221607,26659284,1710959,20531508,41871356,31811382,31599312,256786,746,0,0
C014612,2893243,34718916,1231434,14777208,88568759,35308057,35308057,133681,819,0,0
C014613,3795759,45549108,2116638,25399656,33915548,27109183,14186769,140405,764,0,0
C014614,3103486,37241832,2492936,29915232,123467621,22544377,16427722,300324,796,0,0
C014615,4938317,59259804,3779919,45359028,245635483,60952523,26699512,624759,726,0,0
C014616,4617225,55406700,1688120,20257440,87587287,101361610,83677911,531459,769,0,0
C014617,4560459,54725508,2667480,32009760,78782043,90414865,88872966,606012,808,0,0
C014618,5015503,60186036,3152642,37831704,116351615,110983470,83371816,829409,765,0,0
C014619,4043772,48525264,3419296,41031552,66117450,55434147,29865681,459098,731,0,0
C014620,3950334,47404008,1960435,23525220,157839941,42234080,22582765,248662,779,0,0
C014621,1937473,23249676,1099339,13192068,118329577,32511940,20106520,179146,725,0,0
C014622,4950137,59401644,2332101,27985212,328161435,66724111,58098204,262113,838,0,0
C014623,4374700,52496400,2535225,30422700,208959389,46238701,42709247,333702,735,0,0
C014624,6242918,74915016,2943297,35319564,158415003,46275216,18305648,244470,782,0,0
C014625,4669392,56032704,1534526,18414312,90370976,56054060,34621081,134487,808,0,0
C014626,3824864,45898368,3560468,42725616,464207347,33559501,27527590,345286,650,1,0
C014627,3048385,36580620,1806502,21678024,122588876,30032833,28851781,88281,777,0,0
C014628,6954923,83459076,3953084,47437008,259801278,147509421,131254526,1237653,780,0,0
C014629,5370333,64443996,2904778,34857336,209239150,201691809,174144940,1298454,625,0,1
C014630,5140846,61690152,3506399,42076788,269458632,130657722,121901234,990196,814,0,0
C014631,5948011,71376132,4229621,50755452,296849019,41635065,41635065,785864,769,0,0
C014632,3767660,45211920,1992716,23912592,184494598,62839836,62621772,258333,939,0,0
C014633,2059256,24711072,1345366,16144392,89031713,125548992,111199824,695144,733,0,0
C014634,5996111,71953332,2959368,35512416,188197395,40873545,37521544,567096,790,0,0
C014635,2072022,24864264,966379,11596548,168076848,43363339,33716486,274293,709,0,0
C014636,3286168,39434016,2442403,29308836,98702160,45559803,45559803,536573,642,0,0
C014637,6908430,82901160,5303007,63636084,325658511,30348887,25257423,660032,739,1,0
C014638,4257910,51094920,2652047,31824564,149634545,49010245,49010245,606465,732,0,0
C014639,2995120,35941440,1699290,20391480,262264995,78454763,66763043,527976,837,0,0
C014640,3279841,39358092,2045151,24541812,20854709,35644508,35644508,399287,882,0,0
C014641,6188530,74262360,3091653,37099836,542220807,68294385,37489237,394385,861,0,0
C014642,2976722,35720664,1671516,20058192,229019581,27028897,25535682,478019,728,0,0
C014643,2114606,25375272,1197211,14366532,114777724,30097126,20174302,146316,888,0,0
C014644,3556810,42681720,2755884,33070608,63068025,13862683,13862683,198864,801,0,0
C014645,9097945,109175340,5052633,60631596,595054422,464409282,447619147,3376122,687,0,1
C014646,3988715,47864580,2067680,24812160,95539022,46855190,26712848,298135,798,0,0
C014647,5583716,67004592,2803086,33637032,467095092,72786110,42898676,487739,738,0,0
C014648,3332068,39984816,1430548,17166576,123020348,49770356,29074832,269833,728,0,0
C014649,5557199,66686388,2319341,27832092,115055801,73946426,73946426,444880,773,0,0
C014650,4571753,54861036,3049016,36588192,203332012,31519802,12544475,274527,824,0,0
C014651,2693828,32325936,1090714,13088568,52277419,36669901,15285941,183651,855,0,0
C014652,9202138,110425656,3410178,40922136,338453837,364759083,317236154,2271019,839,0,0
C014653,3300253,39603036,2106900,25282800,82826292,49165329,39764074,594052,806,0,0
C014654,3896359,46756308,1964209,23570508,251485793,46357554,46232058,133334,824,0,0
C014655,5845745,70148940,2986085,35833020,286975921,78960634,41870618,203538,741,0,0
C014656,4745887,56950644,2419083,29028996,418898645,53088134,24193875,255384,752,0,0
C014657,3209781,38517372,1753670,21044040,123180174,24113558,20944709,422951,696,0,0
C014658,1953804,23445648,1021324,12255888,141442828,45848111,41499593,366985,774,0,0
C014659,2890334,34684008,1830781,21969372,288827196,46042328,32258820,381326,753,0,0
C014660,4462660,53551920,2739333,32871996,79909540,71955867,71696793,491337,831,0,0
C014661,4991451,59897412,4340732,52088784,259242516,56204520,32721705,127267,766,0,0
C014662,2021436,24257232,1193003,14316036,120894652,23892729,22160882,129831,819,0,0
C014663,4731155,56773860,2783894,33406728,472501182,41496499,41496499,472928,838,0,0
C014664,2575599,30907188,1291468,15497616,93958984,9412051,9412051,112789,817,0,0
C014665,2867001,34404012,1960940,23531280,296802250,12354305,12354305,57340,804,0,0
C014666,2783504,33402048,2030195,24362340,112195153,45588748,36782867,260930,875,0,0
C014667,3130405,37564860,2066422,24797064,166158966,133740004,126566433,1006549,750,0,0
C014668,3662879,43954548,1869186,22430232,173486369,98959677,78752924,531685,590,2,1
C014669,5854358,70252296,3095042,37140504,380382313,47963474,47963474,624831,829,1,0
C014670,2328032,27936384,919248,11030976,154793631,52006515,34633582,520843,687,1,0
C014671,4765393,57184716,2759301,33111612,120222117,51839645,39186685,438950,818,0,0
C014672,2733253,32799036,1465948,17591376,246508962,24542394,14318436,215270,786,1,0
C014673,2088553,25062636,621486,7457832,81741479,10199649,10199649,215493,751,0,0
C014674,2051907,24622884,1024827,12297924,136504140,29001349,13153900,202141,713,0,0
C014675,4997343,59968116,3586795,43041540,211029625,111263836,73010198,671904,706,0,0
C014676,2803283,33639396,1571061,18852732,470951544,48955417,34290302,204047,771,0,0
C014677,4362036,52344432,1823291,21879492,142714123,54493853,54493853,530591,882,0,0
C014678,7687541,92250492,4245127,50941524,263497829,415127214,415127214,3066024,648,1,0
C014679,4443703,53324436,2485536,29826432,101362716,50514927,33214937,406149,781,0,0
C014680,3952261,47427132,3026911,36322932,179288166,23445718,9782177,214131,757,0,0
C014681,5062224,60746688,3804812,45657744,534518020,39324797,29693915,437776,751,0,0
C014682,2895642,34747704,1783496,21401952,268769069,95251963,76719353,734202,699,0,0
C014683,2699086,32389032,702986,8435832,185393836,30943688,20660576,53982,821,0,0
C014684,2027396,24328752,1059817,12717804,150976866,26136647,16795917,297094,778,0,0
C014685,6505067,78060804,4371247,52454964,261860876,73477187,54739727,792925,643,0,0
C014686,4032675,48392100,1814234,21770808,296061991,63353986,58434474,549433,840,0,0
C014687,3378290,40539480,1765511,21186132,48707092,41318043,41318043,452736,771,0,0
C014688,3601530,43218360,1957870,23494440,301474000,20723811,20723811,188674,859,0,0
C014689,4192683,50312196,1936736,23240832,147671614,46767406,39934997,395047,752,0,0
C014690,4847380,58168560,2393523,28722276,555203774,155678930,124500187,829996,727,0,0
C014691,5823631,69883572,2347646,28171752,446115635,50808535,50808535,788057,789,0,0
C014692,4394653,52735836,3384776,40617312,301468218,56553560,56553560,650163,731,0,0
C014693,3758420,45101040,1639034,19668408,129695061,16339329,16339329,289589,818,0,0
C014694,3119762,37437144,1625885,19510620,524120016,35975370,35975370,393976,894,0,0
C014695,6378001,76536012,2817946,33815352,255499014,73411291,72479951,790531,748,0,0
C014696,3064842,36778104,1858945,22307340,514893456,42094833,33019915,385677,792,0,0
C014697,4701167,56414004,2304103,27649236,163387886,22187734,21878350,400263,773,0,0
C014698,4121772,49461264,2021235,24254820,132196279,28457825,26228537,274084,776,0,0
C014699,7390458,88685496,3158354,37900248,216415415,59715177,42138865,518923,804,0,0
C014700,3572148,42865776,1115035,13380420,215019012,14819003,11967634,72367,946,0,0
C014701,6820503,81846036,4268240,51218880,180720324,25497462,17628495,670145,783,0,0
C014702,3523445,42281340,2279196,27350352,91539533,23330392,23330392,418927,763,1,0
C014703,3155550,37866600,2340170,28082040,139556986,23417602,9551363,63111,792,0,0
C014704,2708538,32502456,1841034,22092408,104272296,17749958,9148675,124957,758,0,0
C014705,3340258,40083096,1699504,20394048,175645269,39114000,33537240,335651,760,0,0
C014706,3558965,42707580,1934964,23219568,37003621,91705502,86993017,652315,807,0,0
C014707,4928466,59141592,1531153,18373836,134199624,27697429,25734059,566775,872,0,0
C014708,2884171,34610052,1149764,13797168,484540728,33883238,33883238,168264,848,0,0
C014709,2920404,35044848,1138123,13657476,122189854,28643602,19479527,58408,779,0,0
C014710,4712975,56555700,2105387,25264644,186270296,126818240,111581744,767741,740,0,0
C014711,4317600,51811200,2222581,26670972,357830532,99488181,74589459,722337,735,0,0
C014712,5793076,69516912,4238937,50867244,226269621,63793703,59166863,597413,792,0,0
C014713,4333242,51998904,2377991,28535892,147591293,50723185,31803220,404369,806,0,0
C014714,3800835,45610020,3613422,43361064,47725935,42936313,35374466,612454,772,0,0
C014715,5348686,64184232,3500458,42005496,348407890,56128459,31249606,938540,726,0,1
C014716,2791952,33503424,1921064,23052768,51408246,11213781,10904665,101323,705,1,0
C014717,1800000,21600000,857155,10285860,52476557,16247549,14170468,195632,766,0,0
C014718,6409901,76918812,3127587,37531044,86169933,109825492,85934836,631303,746,0,0
C014719,6206929,74483148,3633196,43598352,179578993,56313612,56313612,859273,855,0,0
C014720,4610909,55330908,3243341,38920092,263144087,100379667,83768739,691589,692,1,0
C014721,2863820,34365840,1851189,22214268,68235036,15200877,8634134,57276,791,0,0
C014722,3099795,37197540,1785776,21429312,63687596,17747828,17747828,324610,790,0,0
C014723,5700462,68405544,3262264,39147168,349907745,70888088,70888088,322104,765,0,0
C014724,4360746,52328952,1922903,23074836,123854323,25656896,22051825,87215,793,0,0
C014725,3883614,46603368,2392674,28712088,139098314,74815230,70611473,499730,768,0,0
C014726,3599284,43191408,1837991,22055892,458393952,44113529,22540924,274887,805,0,0
C014727,4935234,59222808,3185813,38229756,120405489,37928670,20557158,231298,777,0,0
C014728,5128264,61539168,3139280,37671360,98829628,77828663,60085390,499601,693,0,0
C014729,3210495,38525940,1162862,13954344,277837334,39627480,26620599,254981,808,0,0
C014730,8356997,100283964,4815604,57787248,128076742,113459610,103107687,1187689,710,0,0
C014731,3466548,41598576,1487642,17851704,86969322,27611640,10193268,255756,781,0,0
C014732,5662377,67948524,1964240,23570880,107177149,72784244,36452347,488778,751,0,0
C014733,3836220,46034640,1856794,22281528,78122154,53290480,32439315,270250,780,0,0
C014734,3315063,39780756,1811754,21741048,187086191,47518508,47518508,360664,811,0,0
C014735,3882056,46584672,2195640,26347680,106753948,71005697,43168220,469616,832,0,0
C014736,4527711,54332532,3113295,37359540,98104708,45482882,36849260,664831,693,0,0
C014737,3597883,43174596,2069104,24829248,210584132,20533283,19610012,167862,807,0,0
C014738,5396602,64759224,3781916,45382992,114444586,53171764,20447570,345291,790,0,0
C014739,3604438,43253256,2001237,24014844,203881458,23322918,19304599,79217,891,0,0
C014740,4701323,56415876,3647972,43775664,282884356,75065545,52078406,342244,785,0,0
C014741,2828497,33941964,2123661,25483932,180001383,21651081,13884306,56570,802,0,0
C014742,7210764,86529168,4259899,51118788,277758988,54015458,45797311,636018,795,0,0
C014743,4624776,55497312,4118821,49425852,67925592,77750625,39397966,826605,752,1,1
C014744,4623340,55480080,2822715,33872580,159262265,38355818,18663529,536336,732,0,0
C014745,7771513,93258156,4126636,49519632,115612633,44595914,41662247,492140,876,0,0
C014746,2669083,32028996,1279630,15355560,180322533,103567866,86867423,600903,675,0,0
C014747,5479457,65753484,1824135,21889620,382028134,92873361,65299268,992626,812,1,0
C014748,5851044,70212528,3574892,42898704,214134161,56337896,16962674,473856,743,0,0
C014749,2121661,25459932,1143702,13724424,35321406,26431206,21434608,171657,765,0,0
C014750,5486846,65842152,3795257,45543084,67478628,155671562,108542159,842924,731,0,0
C014751,3610566,43326792,2568003,30816036,179167104,14031269,10523054,395877,809,0,0
C014752,6178650,74143800,3634416,43612992,218482085,61507077,51296305,836078,839,0,0
C014753,4827011,57924132,3055998,36671976,810937848,63413084,57584535,380186,833,0,0
C014754,4231107,50773284,2506450,30077400,175929087,55813795,39074696,220844,862,0,0
C014755,4014902,48178824,2181422,26177064,179662609,46725749,26393000,138096,795,0,0
C014756,3702462,44429544,1916057,22992684,178328176,23340712,17712304,166408,796,0,0
C014757,2859883,34318596,1893365,22720380,342270006,26976974,18474598,284763,765,0,0
C014758,4627951,55535412,3039359,36472308,295142920,9763998,7712421,325444,738,0,0
C014759,4032364,48388368,2391192,28694304,159578117,83686766,73173527,706276,729,0,0
C014760,2997263,35967156,1698819,20385828,22793415,45129118,42648400,261432,747,1,0
C014761,3315771,39789252,1948177,23378124,82968636,48939676,41876658,357576,835,0,0
C014762,2550680,30608160,2233338,26800056,145680628,93266541,73265646,723174,619,1,0
C014763,5997437,71969244,4594681,55136172,222566753,90458440,59177748,1151200,794,1,0
C014764,2763909,33166908,1592473,19109676,182420097,52356012,52356012,471237,690,0,0
C014765,2915718,34988616,1939118,23269416,38114037,57771419,35406856,272893,781,1,0
C014766,4208920,50507040,2535328,30423936,165593213,77645745,56121824,459974,685,0,0
C014767,5240780,62889360,3929707,47156484,185078618,60054896,35289183,703566,763,0,0
C014768,4992384,59908608,2410597,28927164,73094455,38116235,38116235,112041,775,0,0
C014769,2805571,33666852,1620331,19443972,167514819,32921578,10907198,141686,773,0,0
C014770,1800000,21600000,1349411,16192932,65318044,27524250,23148788,277959,719,0,0
C014771,6627340,79528080,2982932,35795184,390017739,70928179,33501315,329699,785,0,0
C014772,4667045,56004540,2463494,29561928,187970169,19954365,19954365,211938,768,0,0
C014773,2873414,34480968,1071430,12857160,482733552,24449869,19171827,199334,804,0,0
C014774,3946862,47362344,2540837,30490044,157602627,50902636,43941381,497444,810,0,0
C014775,2588992,31067904,1419995,17039940,120220916,24181253,15969519,235480,769,0,0
C014776,5077785,60933420,3328129,39937548,144299981,95148345,56996018,390072,792,0,0
C014777,12000000,144000000,7511034,90132408,993483252,86493264,86493264,1052586,793,0,0
C014778,5845278,70143336,3293786,39525432,307574951,89541513,71436778,259869,821,0,0
C014779,3433787,41205444,2337989,28055868,493790789,71563744,64032154,626624,735,0,0
C014780,3771250,45255000,1949043,23388516,449985805,65151422,53404398,433941,837,0,0
C014781,4497016,53964192,3137305,37647660,122579757,151360800,106504975,892240,644,0,0
C014782,5276554,63318648,3010015,36120180,526091362,97731165,97731165,548505,768,0,0
C014783,4949291,59391492,1796587,21559044,163985913,63107532,32581486,805584,779,0,0
C014784,3388327,40659924,1426710,17120520,28927668,25109490,18799125,323711,838,1,0
C014785,6767113,81205356,4334855,52018260,135660447,186509672,143183070,1012749,713,0,0
C014786,2606495,31277940,1072707,12872484,170996328,18735811,7006545,257957,845,0,0
C014787,8453813,101445756,4480053,53760636,908740392,380132248,358411218,2139033,651,0,1
C014788,4486938,53843256,2076218,24914616,104097146,29511502,14923431,89739,906,0,0
C014789,1800000,21600000,822841,9874092,12598555,26866458,26866458,189948,767,0,0
C014790,3683510,44202120,2007861,24094332,550939921,24756089,11387462,86284,778,0,0
C014791,2012577,24150924,946376,11356512,46231801,15154863,11380607,145642,873,0,0
C014792,2105821,25269852,973270,11679240,70353720,28316373,19637024,203421,821,0,0
C014793,2501431,30017172,1194898,14338776,182438865,26856200,26856200,256353,827,1,0
C014794,3672280,44067360,2223622,26683464,73681227,51163440,37980139,398946,719,0,1
C014795,2174275,26091300,1533721,18404652,18730432,8708899,8708899,248833,758,0,0
C014796,5640403,67684836,3079192,36950304,377421274,110606015,110606015,447443,747,0,0
C014797,3977893,47734716,2474011,29688132,254695395,11539249,11539249,178885,763,1,0
C014798,8846935,106163220,3643150,43717800,90550868,79434918,36139905,176939,750,0,0
C014799,2198364,26380368,1054662,12655944,24324873,36766421,30063568,186148,839,0,0
C014800,4098528,49182336,2971011,35652132,86028912,15087147,15087147,243844,719,0,0
C014801,4038088,48457056,2226629,26719548,95668527,41196786,23392615,295916,840,0,0
C014802,4076407,48916884,1875522,22506264,81804698,25309013,25309013,119317,905,0,0
C014803,5171509,62058108,3628387,43540644,382549827,51753644,42898168,545381,817,0,0
C014804,4984173,59810076,3483533,41802396,254052153,141559131,127195602,760830,752,0,0
C014805,3823344,45880128,2264433,27173196,100011073,94979449,94979449,903896,753,0,0
C014806,4190521,50286252,2580094,30961128,275200336,14049587,14049587,124652,774,0,0
C014807,3195527,38346324,2287361,27448332,299168468,48418520,43900955,328122,778,0,0
C014808,3273279,39279348,2392130,28705560,116071529,43508816,43508816,490508,851,0,0
C014809,5241794,62901528,2151711,25820532,204992227,45051144,32546545,347268,781,0,0
C014810,3080917,36971004,1471203,17654436,126092243,46840614,24093000,418334,906,0,0
C014811,5671116,68053392,3290534,39486408,186428791,35002078,18301958,300771,882,0,0
C014812,2932341,35188092,1244924,14939088,347398214,15462513,15462513,310662,851,0,0
C014813,5656871,67882452,3142861,37714332,384287836,66126098,66126098,630651,809,0,0
C014814,2897917,34775004,1505601,18067212,333733384,23963372,23963372,266127,722,0,0
C014815,3778582,45342984,2242865,26914380,114508663,35263554,16906955,264420,805,0,0
C014816,2456136,29473632,1481418,17777016,303477407,27117897,19853963,119163,760,0,0
C014817,3557715,42692580,2899110,34789320,225785925,36107881,19112532,374329,658,1,0
C014818,5628486,67541832,2875573,34506876,79685779,110517998,78201536,1076161,686,0,0
C014819,7524379,90292548,3970807,47649684,178791512,70084351,68250303,641304,804,1,0
C014820,1800000,21600000,990250,11883000,302400000,29468253,27686319,180655,774,0,0
C014821,4374009,52488108,2204691,26456292,85341858,47151299,26150612,295229,833,0,0
C014822,9676924,116123088,3600309,43203708,362543802,92760207,52984797,1205437,784,0,0
C014823,2168380,26020560,1250493,15005916,30656401,14084538,14084538,183712,809,0,0
C014824,3379867,40558404,2044526,24534312,52667371,36575234,29507554,334316,816,0,1
C014825,8710387,104524644,7407430,88889160,159278315,122391024,67852740,1126677,669,1,1
C014826,8998488,107981856,4197881,50374572,569989455,132408144,90641242,733431,832,0,0
C014827,3802116,45625392,1761958,21143496,71099123,83134085,83134085,612912,897,0,0
C014828,3863478,46361736,1948561,23382732,147583402,85691670,57487553,658972,756,0,0
C014829,6038743,72464916,2601817,31221804,227292091,234236508,211615662,1432912,821,0,0
C014830,3374478,40493736,1967754,23613048,179467812,30974017,26934463,232066,719,0,0
C014831,2740182,32882184,1385963,16631556,245722976,22470526,19283008,267579,896,0,0
C014832,3762045,45144540,1149510,13794120,102005255,40565762,23462319,133254,788,0,0
C014833,4199237,50390844,1778081,21336972,203733884,28318021,28141819,605452,706,0,0
C014834,2846739,34160868,1436149,17233788,151382816,40357646,29176787,314159,918,0,0
C014835,3345915,40150980,1784036,21408432,499736160,33202825,32728556,330550,755,0,0
C014836,4563650,54763800,3007446,36089352,113046767,9628392,9628392,350871,694,0,0
C014837,4549753,54597036,2917381,35008572,167466080,21776344,18732104,473003,772,0,0
C014838,6704903,80458836,3475624,41707488,167248552,54244687,54244687,646293,842,0,0
C014839,7119633,85435596,3819368,45832416,1165922051,48907283,28225012,395388,780,0,0
C014840,3891254,46695048,2759709,33116508,125571236,92919637,68592074,442099,654,0,0
C014841,3580901,42970812,1530568,18366816,263839631,123869868,120420346,940363,763,1,0
C014842,3793739,45524868,1125783,13509396,269889408,41333773,32928484,498207,766,0,0
C014843,11872956,142475472,7381918,88583016,461750667,120559085,76215058,1247646,746,0,0
C014844,9506715,114080580,5028325,60339900,1071079604,180880301,180880301,1855503,773,0,1
C014845,1800000,21600000,1123185,13478220,195563500,24409716,24409716,210220,678,1,1
C014846,3407424,40889088,1318114,15817368,413498626,107062580,82244921,711384,674,1,0
C014847,2460435,29525220,809552,9714624,40007417,35603198,27849637,252625,804,0,0
C014848,3380114,40561368,1905029,22860348,186059587,69934605,59298837,740608,717,0,0
C014849,3948749,47384988,1755825,21069900,261779019,57563491,25840947,149624,814,1,1
C014850,3265373,39184476,2533950,30407400,346650711,45660270,27231276,444526,709,0,0
C014851,4005475,48065700,2679449,32153388,29927576,80980550,64626674,526000,703,0,0
C014852,2795714,33548568,1337495,16049940,84436408,8667750,3710481,113282,671,0,0
C014853,4043929,48527148,1288639,15463668,312045900,60600747,25782699,397667,759,0,0
C014854,6662760,79953120,3466687,41600244,235378714,116295224,116295224,1018022,854,0,0
C014855,2625236,31502832,1369190,16430280,202472914,48726344,40209092,329475,785,0,1
C014856,2770887,33250644,1994695,23936340,274396962,62724992,49687453,364183,620,0,0
C014857,2636797,31641564,961639,11539668,300672433,36045793,33073972,250821,804,0,0
C014858,5712328,68547936,3927146,47125752,247682157,79970823,79970823,664144,742,0,0
C014859,4441107,53293284,3158430,37901160,35993916,157849753,127116995,1000335,722,0,0
C014860,3666339,43996068,2355883,28270596,291565206,101687972,94693079,795594,650,1,0
C014861,5878497,70541964,4734313,56811756,166012495,154003205,107748155,1116497,615,1,0
C014862,3589292,43071504,1777464,21329568,168250429,24957298,21574922,184350,775,0,0
C014863,5800267,69603204,4856906,58282872,399285016,120321772,80758823,445004,719,0,0
C014864,7418649,89023788,4189399,50272788,483639522,94641699,58053321,517109,795,0,0
C014865,3368503,40422036,1899309,22791708,247825881,41337628,31371190,448518,859,0,0
C014866,6862321,82347852,3132680,37592160,126536400,70534010,59562912,398138,839,0,0
C014867,11506016,138072192,6095394,73144728,405279794,145587559,62922167,556569,741,0,0
C014868,4570601,54847212,2092223,25106676,130689056,83137437,48905482,501798,709,0,0
C014869,10202247,122426964,4806400,57676800,188874154,346395273,260910045,1444353,769,0,0
C014870,2760457,33125484,1302269,15627228,84380361,22407163,8684414,270027,762,0,0
C014871,2961555,35538660,2275826,27309912,85609047,16471049,16066413,354283,663,0,0
C014872,3518936,42227232,1916932,23003184,72980651,19261884,19261884,336477,822,0,0
C014873,12000000,144000000,5852545,70230540,596280707,258624925,167981281,1941690,738,0,0
C014874,5463917,65567004,2766231,33194772,248355643,232734472,226889846,1586370,650,0,1
C014875,4736987,56843844,3239705,38876460,298289755,16503550,13162104,223090,857,0,0
C014876,4065495,48785940,1739556,20874672,427577116,121060754,89286431,541716,728,0,0
C014877,3129531,37554372,1830853,21970236,69230624,40727887,13288371,242080,701,0,1
C014878,3371835,40462020,1664999,19979988,204380225,53685522,53685522,294428,847,1,0
C014879,5284958,63419496,3229998,38759976,687926089,93548772,86675816,726732,854,0,0
C014880,3284513,39414156,821128,9853536,276508133,26702771,10631931,408997,769,0,0
C014881,6856542,82278504,3508134,42097608,337179680,127118589,97942104,727077,782,1,0
C014882,4162206,49946472,2566395,30796740,278899729,45254256,45254256,686957,950,0,0
C014883,7511775,90141300,3292603,39511236,295993006,132795666,115090679,1080282,863,0,0
C014884,3729842,44758104,2130779,25569348,111342003,30502035,16154325,196695,734,0,0
C014885,6817016,81804192,3211063,38532756,255555956,56726749,56726749,313568,820,0,0
C014886,3877100,46525200,2866649,34399788,98511992,52934807,52791595,343258,757,0,0
C014887,5829597,69955164,2828466,33941592,198283802,37503850,31119856,599280,778,0,0
C014888,4819129,57829548,2094452,25133424,147803663,58449035,31072020,345175,760,0,0
C014889,6152280,73827360,1963402,23560824,454170149,17109389,17109389,302753,766,0,0
C014890,5180903,62170836,2033402,24400824,178584367,72659442,50000929,586751,736,0,0
C014891,2871218,34454616,1527971,18335652,59995278,51806338,44279079,237260,773,0,0
C014892,4024239,48290868,2686113,32233356,191706520,32559829,26165449,299161,879,0,0
C014893,5204480,62453760,2616870,31402440,435634917,101142674,85919538,261730,753,0,0
C014894,2797210,33566520,1482239,17786868,84477124,31587331,22259522,443103,708,0,0
C014895,2810037,33720444,1516283,18195396,61745366,22015153,17637602,114389,808,0,0
C014896,5421603,65059236,2805164,33661968,99674409,174567172,157739971,1694517,706,0,1
C014897,6674210,80090520,4181720,50180640,394425583,272219652,267236537,1564980,671,1,1
C014898,4982031,59784372,1580881,18970572,136594434,68759490,48641571,610980,805,0,0
C014899,1800000,21600000,950037,11400444,83732654,8872435,6304900,124370,869,0,0
C014900,3355605,40267260,2288330,27459960,161756403,53363830,45462609,291766,689,0,0
C014901,4639261,55671132,3085295,37023540,48396255,26421297,25147325,415606,853,0,0
C014902,4338664,52063968,2611720,31340640,153171479,132260104,119250169,943886,768,0,0
C014903,4779940,57359280,2255442,27065304,207879602,39246451,30501737,637433,750,0,1
C014904,3746334,44956008,2119382,25432584,629384112,42498907,32856410,341469,863,0,0
C014905,3423853,41086236,2182332,26187984,575207304,59779923,41684939,610898,828,0,0
C014906,4171589,50059068,2391293,28695516,700826952,13345365,13345365,398694,774,0,0
C014907,8610531,103326372,4433575,53202900,1446569208,132755909,132755909,1299474,759,0,0
C014908,3498972,41987664,1576865,18922380,466982099,14407917,14407917,137617,938,0,0
C014909,3699087,44389044,2052161,24625932,198725397,57218980,34924398,621231,808,0,0
C014910,4868185,58418220,3256035,39072420,330037219,101983120,77935447,791885,785,1,0
C014911,4710967,56531604,2565781,30789372,244131723,114995548,104943812,592454,698,0,0
C014912,8681205,104174460,4274531,51294372,525260648,20266591,20266591,516933,751,0,0
C014913,4113151,49357812,1521213,18254556,57282364,93689688,89127172,592550,795,0,0
C014914,5797220,69566640,5284559,63414708,181685173,32582912,32582912,588201,756,0,0
C014915,7002041,84024492,4959063,59508756,156451555,145123443,104603235,675290,702,0,0
C014916,4194054,50328648,2412446,28949352,572618557,52788569,30947545,334416,787,0,0
C014917,3042353,36508236,1445510,17346120,490908355,39087134,25193358,356545,847,0,0
C014918,2428404,29140848,1105722,13268664,51675107,35875168,31984912,194644,750,1,0
C014919,5259901,63118812,2395010,28740120,169590592,116858601,103670936,876815,754,0,0
C014920,6178904,74146848,3282786,39393432,58042507,67175574,44253763,536522,870,0,0
C014921,2781574,33378888,1121880,13462560,111082489,25615821,10537730,163957,739,0,0
C014922,4296834,51562008,2991277,35895324,229578589,51697129,42158264,512744,717,0,0
C014923,5074032,60888384,3775455,45305460,227319786,83662076,65785852,677461,794,0,0
C014924,3534440,42413280,1228653,14743836,62035902,36137269,36137269,496799,733,0,0
C014925,5264903,63178836,2049770,24597240,312601384,38771701,38771701,343524,772,0,0
C014926,6065998,72791976,3323392,39880704,542062534,167384440,131193533,997342,841,0,0
C014927,4638518,55662216,3344905,40138860,352097527,35310896,34060136,376020,805,0,0
C014928,3412646,40951752,1366638,16399656,333849794,41338743,20360595,389213,865,0,0
C014929,4848293,58179516,1823202,21878424,185171129,62377539,43596959,345468,764,1,1
C014930,3844337,46132044,2521911,30262932,75158189,51333959,28535566,565055,720,1,0
C014931,3203954,38447448,2555473,30665676,140202127,22079691,22079691,242410,752,0,0
C014932,3530400,42364800,1772656,21271872,74853110,30085126,22094331,240458,950,0,0
C014933,6608993,79307916,3479899,41758788,163287772,43904273,34032258,1030776,749,0,0
C014934,6948651,83383812,4962220,59546640,445278472,66806962,66806962,795787,867,0,0
C014935,3940802,47289624,2539382,30472584,202791020,52642606,48033690,566019,759,1,1
C014936,4343206,52118472,2633695,31604340,174119734,30961498,12155571,194656,739,0,0
C014937,2065150,24781800,1305254,15663048,346945200,27111827,16335700,192897,831,0,0
C014938,2788489,33461868,1490988,17891856,185088773,23581841,23581841,174936,779,0,0
C014939,2997681,35972172,1198239,14378868,238031078,28460213,15934349,115002,918,0,0
C014940,5039455,60473460,2872057,34464684,71246749,24949652,14958524,384745,792,0,0
C014941,4214046,50568552,1582828,18993936,302899984,49417362,49417362,538370,818,0,0
C014942,3893527,46722324,2777788,33333456,57524014,42253361,31419777,408929,931,0,0
C014943,4875559,58506708,3060265,36723180,176970023,53192176,38022619,331567,824,0,0
C014944,4555237,54662844,2605523,31266276,45080616,75992228,65698859,337989,790,0,0
C014945,3615220,43382640,1308193,15698316,59923198,36735653,29201717,236748,829,0,0
C014946,2959167,35510004,1243027,14916324,126598060,15058588,14985258,293231,914,0,0
C014947,3355845,40270140,1975565,23706780,256728461,70502461,41672439,597162,739,0,1
C014948,2170317,26043804,1265332,15183984,240468876,51025247,49734714,448937,752,1,0
C014949,4878232,58538784,3696536,44358432,407585214,143853980,109222955,873153,739,0,0
C014950,3031377,36376524,1816147,21793764,72591894,47534890,39772331,317486,676,0,0
C014951,4109797,49317564,1984543,23814516,212014580,59021458,22807264,279605,802,0,0
C014952,5307914,63694968,3638889,43666668,500451745,128191819,112121319,865710,722,0,0
C014953,3883400,46600800,2208124,26497488,66785269,25797828,21390391,142932,732,0,0
C014954,6139801,73677612,4468328,53619936,238015990,72996274,33586077,714161,683,0,0
C014955,4622091,55465092,2410171,28922052,297893478,58856452,34706140,363241,746,1,0
C014956,4661764,55941168,2780900,33370800,440348669,84399230,79394045,525819,835,0,0
C014957,3985847,47830164,2073770,24885240,299845861,125406658,120021097,529433,765,0,0
C014958,5041870,60502440,2366456,28397472,174820140,118505210,118505210,968666,758,1,0
C014959,2583719,31004628,1884918,22619016,78308179,39876095,39876095,561058,703,0,1
C014960,6931862,83182344,4534516,54414192,254474556,115112090,82185580,371013,740,0,0
C014961,5065931,60791172,2549442,30593304,221913356,53485847,29363375,101319,896,0,0
C014962,6344879,76138548,2667423,32009076,243151051,106368234,99620799,1140504,811,0,0
C014963,2820430,33845160,1614542,19374504,54597919,56029093,34610309,262500,880,0,0
C014964,2542562,30510744,2001949,24023388,56483433,42707846,30295962,358405,635,1,1
C014965,3319037,39828444,2067273,24807276,317102563,34423716,27185366,199885,756,1,0
C014966,3775540,45306480,3149084,37789008,413571576,25898069,24393095,343122,806,0,0
C014967,5100276,61203312,3111280,37335360,185387119,49972796,33980150,544815,797,0,1
C014968,5638486,67661832,4186248,50234976,130330177,69416276,62012729,767365,727,1,0
C014969,2900492,34805904,1458278,17499336,63503307,32862261,23603497,257759,768,0,0
C014970,5010271,60123252,2891146,34693752,79542003,80805254,67062071,765366,761,0,0
C014971,2294059,27528708,1669542,20034504,165858508,21755583,15410489,120907,730,1,0
C014972,6102659,73231908,4120378,49444536,469012223,68266281,35589266,802439,783,0,0
C014973,9396813,112761756,7532653,90391836,464735976,59866640,59866640,602797,791,0,0
C014974,3516569,42198828,2469690,29636280,142117654,63713154,63713154,419638,852,0,0
C014975,5583462,67001544,2878836,34546032,938021616,44221343,31219771,256917,836,0,0
C014976,3896228,46754736,2113518,25362216,175925042,62450004,28564834,77925,798,0,0
C014977,3818805,45825660,2440610,29287320,466470816,43194982,25540343,499212,810,0,0
C014978,4175698,50108376,3306277,39675324,214744608,129891938,121316302,985221,684,0,0
C014979,3585742,43028904,2032324,24387888,93879965,35842807,19458546,228442,802,0,0
C014980,2977068,35724816,1025472,12305664,33032259,37793925,20364512,378949,874,0,0
C014981,4133293,49599516,2761604,33139248,204089628,28628052,20045445,237636,672,1,0
C014982,2910901,34930812,1572435,18869220,124872092,20637859,20637859,248051,741,0,0
C014983,4576271,54915252,2726912,32722944,69687062,65153768,60816821,709221,790,0,0
C014984,4491938,53903256,1836272,22035264,70453960,61624585,61624585,444145,814,0,0
C014985,4945576,59346912,2210852,26530224,460971849,91124865,83399140,851597,746,0,0
C014986,5469530,65634360,2546516,30558192,339214883,59519019,56061908,444373,796,0,0
C014987,3367361,40408332,2174324,26091888,71831065,39410623,27923560,343997,723,0,0
C014988,4214051,50568612,2267934,27215208,171922505,63434047,59050223,531250,799,0,0
C014989,3159758,37917096,1583072,18996864,310630855,42056836,41761197,510207,791,0,0
C014990,2233991,26807892,1604696,19256352,110599697,33538532,23586176,365318,719,0,0
C014991,5403504,64842048,2709240,32510880,105950423,39785897,39785897,566372,719,0,0
C014992,3964942,47579304,1852233,22226796,327659943,32339203,32339203,341169,700,0,0
C014993,4140511,49686132,1660288,19923456,166846082,24172487,12144465,321439,827,0,0
C014994,4091236,49094832,2679400,32152800,84046079,20088043,20088043,81825,804,0,0
C014995,3454602,41455224,2235023,26820276,50482285,61641026,46311781,539115,569,1,1
C014996,6134582,73614984,3730058,44760696,93483569,93370438,74982114,652009,830,0,0
C014997,2332956,27995472,1660215,19922580,67162686,56015195,43583398,333215,715,0,0
C014998,5038626,60463512,3168869,38026428,284423382,34677877,20839925,389208,815,0,0
C014999,5057110,60685320,3220885,38650620,166853713,153675570,153675570,1210542,698,0,0
C015000,2232429,26789148,1776796,21321552,47060940,25858563,14189994,230237,646,1,0
C015001,5293464,63521568,3154484,37853808,275596061,43118599,43118599,501959,717,0,0
C015002,5504829,66057948,3281455,39377460,94310099,125249154,94862345,739696,826,0,0
C015003,2630292,31563504,1298500,15582000,389469607,34474543,34328435,352020,733,0,0
C015004,3636003,43632036,1253632,15043584,50442868,86745210,86745210,623669,844,0,0
C015005,4896938,58763256,2522699,30272388,193994562,56028931,34669362,145014,835,0,0
C015006,2534867,30418404,1519324,18231888,280430955,9295263,4246922,211834,785,0,0
C015007,3874992,46499904,3221500,38658000,86729988,106628439,94575912,757661,659,1,1
C015008,7569867,90838404,3218375,38620500,766332419,53587689,23847233,700776,805,0,0
C015009,4450607,53407284,3140004,37680048,480453134,52813088,46238040,391453,808,0,0
C015010,1800000,21600000,1025958,12311496,116585507,58484732,58431118,474044,723,0,0
C015011,4957493,59489916,2825336,33904032,210187066,40912331,17738604,297630,785,0,0
C015012,3341463,40097556,1920289,23043468,340212825,36073845,36073845,395557,741,2,0
C015013,2294234,27530808,1582277,18987324,55248877,23830549,12837664,141961,726,0,1
C015014,1827588,21931056,679396,8152752,55341008,6682288,3979092,71475,747,0,0
C015015,3295998,39551976,2160686,25928232,276634063,29186318,29186318,240006,777,0,0
C015016,3281894,39382728,2006895,24082740,234776852,115350242,95265680,904509,738,0,0
C015017,9335537,112026444,4640811,55689732,621669437,108476053,61977738,1123763,791,0,0
C015018,4071475,48857700,1478837,17746044,46086179,124326288,121954738,1037499,679,0,0
C015019,7044225,84530700,5655010,67860120,1030363367,124552756,105569751,889367,710,0,1
C015020,2917169,35006028,1515519,18186228,103344662,40841527,27576284,147762,871,0,0
C015021,3672914,44074968,3779679,45356148,86684607,62211561,50302533,655592,697,1,1
C015022,2381193,28574316,1738228,20858736,90440881,64865389,49761210,347400,688,0,1
C015023,3939654,47275848,2235845,26830140,47573124,26952601,24837513,289529,802,1,0
C015024,2170563,26046756,788062,9456744,31848724,36342624,32198248,95317,791,0,0
C015025,4109770,49317240,2125042,25500504,607094760,39638289,23700643,437683,894,0,0
C015026,7595656,91147872,4345763,52149156,324754327,74260274,62802154,516391,788,0,0
C015027,1800000,21600000,1272609,15271308,90046796,13919866,8661384,104363,741,1,0
C015028,4780579,57366948,3516908,42202896,92572225,161527475,140069197,970743,650,0,0
C015029,5167087,62005044,3570883,42850596,135635438,18248928,11740749,103342,775,0,0
C015030,3970237,47642844,1810468,21725616,604988548,44832497,44832497,115870,737,0,0
C015031,4998059,59976708,2534611,30415332,171780485,68285105,47410881,456412,818,0,0
C015032,2714942,32579304,1456849,17482188,87828663,10834152,8062510,54299,819,0,0
C015033,2378001,28536012,1613740,19364880,62709768,39937810,26325019,306718,726,0,0
C015034,7731563,92778756,3949995,47399940,151234660,86267343,55337325,586609,837,0,0
C015035,5201168,62414016,1810603,21727236,203184993,47797940,47797940,522844,801,0,0
C015036,3738388,44860656,3272034,39264408,164412887,50023203,39197851,612520,732,0,1
C015037,4002620,48031440,2366792,28401504,325961915,22585250,14984488,223501,847,0,0
C015038,6143747,73724964,3261474,39137688,295071865,33088199,30159164,194940,838,0,0
C015039,3230931,38771172,1426065,17112780,115734704,43373475,42736904,481826,806,0,1
C015040,3605315,43263780,2025000,24300000,120559967,28118688,26558915,276378,834,0,0
C015041,8464378,101572536,4348876,52186512,1422015504,299165554,230157798,1777195,678,0,0
C015042,1974133,23689596,1101876,13222512,156383301,89180186,89180186,513866,690,1,0
C015043,2869704,34436448,1799591,21595092,254277808,62619136,57356878,487620,736,0,0
C015044,3281470,39377640,1780604,21367248,183586303,19307395,17890177,216334,907,0,0
C015045,6294547,75534564,3640348,43684176,715736957,112490583,86463844,702883,776,1,0
C015046,3981998,47783976,2594863,31138356,287690192,51939734,49036881,447041,792,0,0
C015047,11971823,143661876,9074827,108897924,1166689508,119243754,63147991,1000067,696,1,0
C015048,4372889,52474668,2194660,26335920,357163131,82594096,75762015,472216,822,0,0
C015049,3453282,41439384,2163608,25963296,53095083,30979230,13383666,267891,701,2,0
C015050,6192593,74311116,2577534,30930408,223475102,36931853,28965417,342672,833,0,0
C015051,4022888,48274656,1161991,13943892,199265875,54334618,54334618,384509,812,0,0
C015052,4410698,52928376,2607044,31284528,294687568,101513244,85483707,653263,688,0,0
C015053,5783823,69405876,3499402,41992824,202734336,170879733,167030573,1014987,719,1,1
C015054,3611486,43337832,2490048,29880576,312618644,66526105,63821717,588584,732,0,1
C015055,4021895,48262740,2909595,34915140,236350787,60363435,47061872,567994,820,0,0
C015056,3323263,39879156,2156624,25879488,203262385,53159259,37646190,330924,680,0,0
C015057,3529459,42353508,1121097,13453164,110022975,117668481,117668481,1050654,829,0,0
C015058,2539793,30477516,1371249,16454988,99815681,17442848,15863996,161938,832,0,0
C015059,2923517,35082204,1727855,20734260,58415013,89363607,69716610,795452,615,0,0
C015060,4860582,58326984,2968517,35622204,189751850,112678212,88992089,551029,699,0,0
C015061,2303664,27643968,1026047,12312564,146202845,22767939,15550059,157402,835,0,0
C015062,6783762,81405144,3753837,45046044,324687480,34497192,34497192,386976,785,0,0
C015063,3449856,41398272,1766953,21203436,105097899,71033510,59444953,653146,762,0,0
C015064,4433603,53203236,2379577,28554924,183800915,99048221,95012250,849864,772,0,0
C015065,7055633,84667596,4500968,54011616,238793844,49625286,41068331,688965,750,0,0
C015066,5141971,61703652,2591083,31092996,131466927,46922548,33220485,136455,861,0,0
C015067,3012759,36153108,1503385,18040620,469952110,23047932,11588116,128748,827,0,0
C015068,4579488,54953856,3187592,38251104,133621101,31707155,24780822,123658,709,0,0
C015069,2415164,28981968,1126684,13520208,227161510,17899053,17075634,123214,785,0,0
C015070,4072499,48869988,2090737,25088844,192121487,10358947,10358947,311638,811,0,0
C015071,2523534,30282408,1474807,17697684,46578719,77535029,71735795,523837,677,0,0
C015072,2758214,33098568,1247435,14969220,76957586,30611985,25324406,537329,802,0,0
C015073,2789965,33479580,1781483,21377796,468714120,23620279,17729404,329398,764,0,0
C015074,3780557,45366684,2364937,28379244,120239342,82752176,71811486,804051,644,0,0
C015075,2868731,34424772,1495422,17945064,71978014,8334331,8334331,252436,851,0,0
C015076,2731385,32776620,2267921,27215052,73229011,11140735,10474998,439314,603,1,1
C015077,5426270,65115240,1837511,22050132,464814462,139016736,115922472,1083679,720,0,0
C015078,5956321,71475852,2437055,29244660,100717727,80329464,40584383,648659,765,0,0
C015079,4654047,55848564,3608178,43298136,232411855,70241742,49562555,152387,829,0,0
C015080,5634647,67615764,3994227,47930724,275698870,101626683,93856903,1083888,915,0,0
C015081,2291573,27498876,1346523,16158276,66614473,45391376,38686266,467576,703,0,0
C015082,3324356,39892272,2535134,30421608,108263131,77175086,77175086,683920,648,0,0
C015083,9095514,109146168,5509415,66112980,521967516,27215012,20054775,653948,780,0,0
C015084,4287900,51454800,2664385,31972620,141668571,96720777,68872608,657134,824,0,0
C015085,4558481,54701772,1292411,15508932,194957899,62401280,36942873,289309,760,0,0
C015086,4698566,56382792,2117272,25407264,71071802,71643519,51202120,623890,860,0,0
C015087,3501746,42020952,2153971,25847652,65464129,22688552,16533447,345994,719,0,0
C015088,2834215,34010580,1428629,17143548,29260832,25591587,8789965,297140,905,0,0
C015089,4840478,58085736,3679700,44156400,557621709,35594323,16673852,483975,866,0,0
C015090,2299006,27588072,1342271,16107252,51994276,42290271,38239997,278668,833,0,0
C015091,5470129,65641548,2324936,27899232,201460116,24963282,24963282,419068,821,0,0
C015092,4960301,59523612,2653199,31838388,144890164,89794646,66437812,520522,756,0,0
C015093,2642303,31707636,1223443,14681316,79344689,31544475,18711882,136757,811,0,0
C015094,3841484,46097808,3727350,44728200,143260627,47660199,35426567,312509,692,0,0
C015095,5376082,64512984,2619804,31437648,639524376,70435088,55765684,521026,687,1,0
C015096,3855687,46268244,1846029,22152348,147567992,25107234,18956687,222170,839,0,0
C015097,2863829,34365948,1654895,19858740,63419717,27607316,25175490,278868,761,0,0
C015098,2673160,32077920,828948,9947376,43145482,28430390,23181092,296366,936,0,0
C015099,4405068,52860816,3085842,37030104,127435361,61823221,16905982,408313,771,0,0
C015100,4073608,48883296,2694401,32332812,240038595,38443728,18472515,571557,769,0,0
C015101,4111244,49334928,2540280,30483360,378372445,40065485,28985210,82225,792,0,0
C015102,3798560,45582720,2817645,33811740,638158080,53098506,30636015,527039,727,0,0
C015103,3235182,38822184,1378224,16538688,326594050,36740255,24924407,386420,775,0,0
C015104,3706965,44483580,3068409,36820908,167010551,46915999,41772765,308040,735,0,1
C015105,2926390,35116680,2026032,24312384,195834876,110285891,87279138,483755,739,0,0
C015106,2176520,26118240,1320204,15842448,177615939,24781044,13445836,126320,807,0,0
C015107,7965384,95584608,5648427,67781124,229627716,93229712,76018441,881473,753,0,0
C015108,6138662,73663944,2123103,25477236,226541160,131500889,119473811,1272362,753,0,0
C015109,7385929,88631148,2969374,35632488,269277399,72759242,49607401,1123782,777,0,0
C015110,4017553,48210636,2178789,26145468,237071041,79689190,75166216,578614,832,0,0
C015111,3990443,47885316,1511467,18137604,67277530,50551187,30402951,353251,783,0,0
C015112,3225746,38708952,2265634,27187608,301865546,55305089,39725426,411727,715,0,0
C015113,4375240,52502880,1353414,16240968,382930222,64891515,61098365,302516,864,0,0
C015114,2158006,25896072,630884,7570608,362545008,121856993,116532324,596404,716,0,0
C015115,3974806,47697672,2761510,33138120,291540102,28516653,12078351,260768,759,0,0
C015116,2267461,27209532,1063571,12762852,81209534,14361200,14361200,175313,889,0,0
C015117,2718183,32618196,2241089,26893068,70240991,46996654,46996654,469531,730,0,1
C015118,2625338,31504056,1399233,16790796,207462990,21132456,15790204,293483,773,0,0
C015119,4577816,54933792,2062575,24750900,167034969,206993694,204935514,1336569,792,0,0
C015120,4866351,58396212,2415474,28985688,35791657,71377110,44104385,465059,775,0,0
C015121,5142623,61711476,2718788,32625456,73436902,78079420,78079420,583744,797,0,0
C015122,8189888,98278656,6616359,79396308,515695910,164682264,146915758,838652,708,0,0
C015123,3441094,41293128,2528126,30337512,134754474,75180866,64394848,398056,735,1,0
C015124,3273909,39286908,1264878,15178536,504974725,19751812,5237856,137048,742,0,0
C015125,5289843,63478116,3034315,36411780,121608966,33621579,33621579,197297,885,0,0
C015126,3253574,39042888,1799497,21593964,151366917,31977558,27182334,584454,725,0,1
C015127,2494827,29937924,1590690,19088280,211548342,16583887,12446039,191776,835,0,0
C015128,4894977,58739724,2042574,24510888,466482708,10827846,8062615,97900,810,0,0
C015129,4421803,53061636,2200509,26406108,153553819,53525211,42343525,446017,821,1,0
C015130,2953965,35447580,1961572,23538864,228108142,32507605,18122649,199189,822,0,0
C015131,5609633,67315596,3017863,36214356,350341316,51578490,51578490,855016,843,0,0
C015132,3366815,40401780,2294159,27529908,158228679,17832501,9518688,316623,798,0,0
C015133,5188141,62257692,3138101,37657212,579394018,56232632,35532527,103763,740,0,1
C015134,5787548,69450576,2501737,30020844,122063921,122064660,97871299,688446,801,0,0
C015135,6758623,81103476,4899719,58796628,164154386,71020852,17775814,593151,732,0,0
C015136,4597601,55171212,2037680,24452160,197328592,40591080,23852153,212831,854,0,0
C015137,3542081,42504972,1854630,22255560,325764837,42900176,35539429,127619,863,0,0
C015138,8004596,96055152,5122956,61475472,236473675,123550084,95675915,350410,821,0,0
C015139,4148093,49777116,2857915,34294980,271512415,49940042,40008440,475534,699,0,0
C015140,4551793,54621516,2891988,34703856,118900574,123739903,94611144,713697,753,0,0
C015141,2575330,30903960,1791594,21499128,45251318,70464403,58251886,597363,695,2,1
C015142,3245026,38940312,2054633,24655596,175358845,36779485,17315282,373862,775,0,0
C015143,4691550,56298600,2988548,35862576,264311282,145407629,131114732,939443,779,0,0
C015144,2595849,31150188,2453998,29447976,54179276,57946459,42866858,239372,711,0,0
C015145,7730400,92764800,4385111,52621332,235943651,35072717,35072717,154608,807,0,0
C015146,6429895,77158740,3640314,43683768,1080222360,36874289,32425343,479963,752,1,0
C015147,3589948,43079376,2934524,35214288,52815830,63001960,58257579,354949,827,0,0
C015148,3156862,37882344,2053463,24641556,525274149,57346245,54716052,159953,867,0,0
C015149,6377859,76534308,3615565,43386780,392763539,16824041,15233100,1054367,745,0,0
C015150,1927456,23129472,1144641,13735692,51028120,32665392,21048599,214221,734,0,0
C015151,6595471,79145652,3943119,47317428,326187824,107449398,75437545,890469,762,0,0
C015152,2561113,30733356,1167884,14014608,79946321,34556172,18789827,135720,775,0,0
C015153,3279331,39351972,1986856,23842272,101756225,27211787,19297784,142387,816,0,0
C015154,3695107,44341284,2471274,29655288,165870264,35965861,11710890,329454,845,0,0
C015155,2820558,33846696,1206822,14481864,291024308,13337372,13337372,202741,875,1,0
C015156,3520848,42250176,1723705,20684460,99321685,56991028,56991028,407687,827,0,0
C015157,2283484,27401808,1579629,18955548,126278793,49834534,40988734,252963,712,0,0
C015158,6958433,83501196,3745391,44944692,786779240,227965325,207600831,1346860,807,0,0
C015159,7575965,90911580,3938464,47261568,823060979,61249659,43428033,354172,821,0,0
C015160,5951908,71422896,4994592,59935104,153301532,73826208,73826208,824759,739,0,0
C015161,3026627,36319524,1910022,22920264,196523385,44591667,31262201,390104,752,0,0
C015162,2633100,31597200,1739413,20872956,73107153,46788091,37047672,168639,733,0,0
C015163,5089375,61072500,2781598,33379176,128284987,18203568,18203568,279351,760,0,0
C015164,1890367,22684404,1407357,16888284,21209258,20562839,20562839,97268,783,0,0
C015165,12000000,144000000,7655401,91864812,1016852000,234276895,234276895,1927675,719,0,1
C015166,3790785,45489420,3019905,36238860,436597474,41196639,24125022,367647,837,0,0
C015167,5024251,60291012,2768723,33224676,116597838,55776300,32002950,291154,757,0,0
C015168,4365129,52381548,2226098,26713176,114949462,39630196,10563948,504589,724,0,0
C015169,2152936,25835232,1129632,13555584,54425066,34489308,23030810,290674,838,0,0
C015170,1800000,21600000,858968,10307616,159638170,16821078,8237023,50000,829,0,0
C015171,4624955,55499460,3730791,44769492,104798751,41227193,27502109,207186,807,0,0
C015172,3247306,38967672,2349422,28193064,57751632,55015768,45299446,348025,795,0,1
C015173,5273304,63279648,3059938,36719256,92365005,24539724,24539724,181673,899,0,0
C015174,5304517,63654204,3680383,44164596,559950673,65627043,45806017,307207,772,0,0
C015175,5181371,62176452,3240344,38884128,118494940,50179668,49395640,861666,829,0,0
C015176,3008171,36098052,752043,9024516,37495250,42996629,35760076,456144,757,0,1
C015177,3177039,38124468,1709594,20515128,220771233,19857736,6987999,157865,792,0,0
C015178,6399912,76798944,4024672,48296064,114028550,45420063,24839986,757100,768,0,1
C015179,3792035,45504420,2234718,26816616,53821132,36284285,27277357,353670,749,1,0
C015180,3552926,42635112,2090650,25087800,57042520,131125194,95345454,521839,671,1,1
C015181,2315852,27790224,1947321,23367852,389063136,24531591,19138071,157621,716,0,0
C015182,3091301,37095612,2066422,24797064,84683713,27491046,27491046,213007,887,0,0
C015183,3660348,43924176,2445242,29342904,342000216,105765620,86597596,769368,725,0,0
C015184,3065351,36784212,1524709,18296508,42903499,23115575,7500401,78920,675,0,0
C015185,5077088,60925056,2790333,33483996,554608629,66734299,56893979,709954,871,0,0
C015186,4377662,52531944,2308362,27700344,562303413,92701402,92701402,678035,821,0,0
C015187,3615127,43381524,2344235,28130820,198093079,74587911,50726633,437632,716,0,0
C015188,5024698,60296376,3057953,36695436,94724145,281511546,271333692,1585242,755,0,0
C015189,4056380,48676560,1882135,22585620,681471840,47314518,46072682,243548,781,0,0
C015190,2608700,31304400,1554525,18654300,72821315,22603458,18070633,52174,812,0,0
C015191,9078719,108944628,6436868,77242416,1525224792,257683147,257683147,1665010,832,1,0
C015192,5731082,68772984,4044955,48539460,190514128,40405579,26212149,504701,809,0,0
C015193,4084442,49013304,2477160,29725920,69497390,84985091,78000232,811702,783,0,0
C015194,2978446,35741352,1843174,22118088,78617537,65063861,65063861,315482,744,0,0
C015195,4264100,51169200,2598137,31177644,63975183,104255346,47920871,757765,588,2,0
C015196,2950977,35411724,1466912,17602944,83863564,43341677,24389612,178445,856,0,0
C015197,5900302,70803624,3558294,42699528,674191710,102052307,78641849,710038,727,0,0
C015198,3071603,36859236,1593883,19126596,210386709,38788931,34244894,345131,755,0,0
C015199,4634122,55609464,2014099,24169188,398568150,68960441,56643888,280029,897,0,0
C015200,7078605,84943260,5224753,62697036,158159120,95944096,56813786,355189,816,0,0
C015201,4651406,55816872,2269071,27228852,106411808,50744703,33759879,622593,772,0,0
C015202,3500935,42011220,2631156,31573872,126672667,28660241,15178359,70019,831,0,0
C015203,1800000,21600000,994426,11933112,45822381,15761723,10429866,114416,895,0,0
C015204,4431608,53179296,2681561,32178732,394940528,45413212,33570252,606100,677,0,0
C015205,2760173,33122076,1809436,21713232,104635620,68377042,68377042,744213,699,0,0
C015206,2752254,33027048,1469366,17632392,12093781,40459592,30514766,210608,865,0,0
C015207,4942381,59308572,3533444,42401328,156952050,129462819,103406107,713056,749,0,0
C015208,4738148,56857776,4012698,48152376,796008864,48805512,29125747,770304,641,1,1
C015209,4439032,53268384,2892843,34714116,145596306,32341159,15063741,453068,744,0,0
C015210,4896618,58759416,3843358,46120296,60135665,50496996,29764425,304037,724,0,0
C015211,3982714,47792568,2675461,32105532,179992796,38668206,35949834,455856,808,0,0
C015212,3911897,46942764,2209806,26517672,71907697,26738464,20898656,328875,839,0,0
C015213,3015702,36188424,1639206,19670472,42114849,65277993,48024863,541052,808,0,0
C015214,1889958,22679496,1104013,13248156,90782626,39403156,36801893,295375,884,0,1
C015215,4892384,58708608,2779151,33349812,771766920,72811678,63535143,582429,729,0,0
C015216,2619159,31429908,1664199,19970388,128172863,43989837,28760584,491463,710,1,0
C015217,6041328,72495936,3617277,43407324,387045926,36851439,27163433,466422,790,0,0
C015218,3588485,43061820,1718100,20617200,235387953,75946263,75946263,476071,772,0,0
C015219,3478805,41745660,1135560,13626720,33754156,156342762,136160908,1042344,667,0,1
C015220,2275526,27306312,1545513,18546156,111158660,40050004,31186973,213901,698,0,0
C015221,3091047,37092564,2015281,24183372,225325315,46701411,34548736,204642,679,0,0
C015222,2717277,32607324,1819407,21832884,56102795,60377165,45645811,188246,757,0,0
C015223,4532677,54392124,2694717,32336604,148410827,35416849,24673047,277868,733,0,0
C015224,3864356,46372272,2845115,34141380,287233197,68661135,39106970,391760,640,0,0
C015225,6350030,76200360,4651825,55821900,448030784,124419026,109863390,628582,798,0,0
C015226,3563867,42766404,1902502,22830024,173923292,52060969,39796684,561392,764,0,0
C015227,4936902,59242824,2951282,35415384,122667437,64079031,50615637,632162,737,0,0
C015228,2767204,33206448,1200242,14402904,101592903,39267177,31216340,369186,830,0,0
C015229,4879003,58548036,3560504,42726048,298640353,58260434,41239439,488322,781,0,0
C015230,5015047,60180564,3739215,44870580,206817949,21718031,21295632,340711,786,0,0
C015231,3455059,41460708,2573582,30882984,203920424,35262854,35262854,396343,705,2,0
C015232,3969789,47637468,2375066,28500792,212713551,30621636,22759028,351009,787,0,0
C015233,2982781,35793372,2302763,27633156,137442433,48478123,29392805,341422,709,0,0
C015234,2960271,35523252,1472218,17666616,70167648,28793876,17007130,344957,747,0,0
C015235,2488011,29856132,1432282,17187384,57322849,28762000,22924174,244340,822,0,0
C015236,2371485,28457820,1584717,19016604,45316665,20744393,10105415,148834,846,0,0
C015237,5418163,65017956,3674426,44093112,650383680,178488580,141304811,1557895,628,0,0
C015238,3935241,47222892,3272502,39270024,89174762,36609549,36609549,547000,878,0,0
C015239,2298424,27581088,1060490,12725880,86231374,51488060,40551729,170904,768,0,0
C015240,7028843,84346116,3807767,45693204,402153654,73173265,58063344,899688,771,0,0
C015241,8112674,97352088,3592741,43112892,647310591,191349298,177904187,1465015,832,0,0
C015242,3014320,36171840,1676052,20112624,391566113,9446995,5527106,288704,800,0,0
C015243,2780691,33368292,1788094,21457128,63295531,30877165,10042011,394481,694,2,1
C015244,3804452,45653424,2396409,28756908,233239036,55780320,55780320,585843,761,0,0
C015245,1845687,22148244,1163788,13965456,43852320,19036542,8470067,222685,696,0,0
C015246,2441288,29295456,1636471,19637652,106265077,19834800,8759120,268175,866,0,0
C015247,7280591,87367092,4881044,58572528,365094574,32556306,28646893,623232,834,0,0
C015248,5438020,65256240,3848578,46182936,71171807,27222299,25728582,493146,756,0,0
C015249,3084675,37016100,1842224,22106688,148548214,26290245,22400061,177648,741,0,0
C015250,3616414,43396968,1768512,21222144,607557552,71779616,71779616,536216,766,0,0
C015251,4811443,57737316,3234495,38813940,563383877,45950569,45950569,473974,835,0,0
C015252,5298774,63585288,3099533,37194396,497619247,67723272,40485299,375954,712,0,0
C015253,2674798,32097576,1210746,14528952,137470786,43608052,32645505,149607,774,0,0
C015254,5203481,62441772,3270087,39241044,293623606,19074237,18221431,104070,766,0,0
C015255,1906565,22878780,1623425,19481100,23242217,27000582,16760948,236089,794,0,1
C015256,1800000,21600000,1011827,12141924,58029938,34714585,30382385,345077,729,0,0
C015257,7540251,90483012,4213761,50565132,301549650,149375444,125665350,774927,796,0,0
C015258,3696966,44363592,2383463,28601556,82339979,44035738,38475843,458134,807,0,0
C015259,7328078,87936936,3992085,47905020,399386739,61588672,54954198,1071501,725,0,0
C015260,6651784,79821408,4125086,49501032,221533161,87181289,59031467,686973,697,0,0
C015261,4749271,56991252,1840114,22081368,511177347,87571678,87571678,939867,766,0,0
C015262,1800000,21600000,1483614,17803368,65326627,33659383,29294199,280062,798,0,0
C015263,3844700,46136400,1829023,21948276,170585824,34828541,23906713,76894,780,0,0
C015264,6461286,77535432,2144445,25733340,244887700,31176551,28621732,430440,838,0,0
C015265,8085611,97027332,3110761,37329132,405881151,94424953,94424953,724465,858,0,0
C015266,4566213,54794556,2057559,24690708,592995751,107431579,84975122,855291,801,0,0
C015267,7330664,87967968,3353394,40240728,123047222,147537927,84260730,1340455,684,0,0
C015268,5184641,62215692,1706520,20478240,164877130,122318003,100785225,709159,721,0,0
C015269,3382756,40593072,2436135,29233620,121531362,45438321,24428740,331356,704,0,0
C015270,2148067,25776804,1274034,15288408,172314927,19621437,9980749,94080,831,0,0
C015271,2168519,26022228,1242308,14907696,40468251,18976439,9360990,146079,770,0,0
C015272,6258976,75107712,5294670,63536040,107828094,216583068,182370832,1315993,566,1,1
C015273,4813934,57767208,2692556,32310672,808740912,78598038,66561244,347802,840,0,0
C015274,4790047,57480564,2597480,31169760,231358915,11432487,11432487,190095,850,0,0
C015275,3690829,44289948,3112612,37351344,118695440,100472325,78372982,565173,756,0,0
C015276,1940831,23289972,1126973,13523676,82781368,7130289,5748992,50000,804,0,0
C015277,3176075,38112900,1859334,22312008,191330882,46477799,34622809,401315,764,0,0
C015278,3297434,39569208,2262471,27149652,450675021,40643836,32105793,182631,672,1,0
C015279,5496464,65957568,1632797,19593564,358120200,45201395,16677159,340480,725,0,0
C015280,3286473,39437676,2621558,31458696,70429429,48839839,33080514,392379,694,0,0
C015281,3794678,45536136,3140649,37687788,48233319,37953634,29555462,186179,722,0,1
C015282,6707169,80486028,1709109,20509308,1126804392,56825603,36514474,257866,815,0,0
C015283,4626241,55514892,3287721,39452652,777208488,47771071,43508935,508592,753,0,0
C015284,4610117,55321404,3262440,39149280,347361595,50745680,31405664,917198,694,1,1
C015285,3072894,36874728,1855294,22263528,213656151,29591411,19812290,250275,821,0,0
C015286,7601886,91222632,3943247,47318964,364910590,86143445,49810785,835748,844,0,0
C015287,5277546,63330552,3658433,43901196,151335980,164819664,161340455,1108934,754,0,0
C015288,3861120,46333440,2774519,33294228,648668160,22408404,13714046,201151,724,2,0
C015289,1800000,21600000,825185,9902220,102722425,18526551,13935996,137169,787,0,0
C015290,3845166,46141992,2066387,24796644,119319868,34883357,20856407,191045,757,0,0
C015291,1800000,21600000,1323655,15883860,181458579,6326616,6326616,143280,786,0,1
C015292,9989613,119875356,3493409,41920908,729817351,103436631,43773251,840752,777,0,0
C015293,5986751,71841012,3183732,38204784,610945624,72729546,72729546,834816,843,0,0
C015294,3637266,43647192,2081040,24972480,99506474,57049703,57049703,363204,787,0,0
C015295,3575667,42908004,1698550,20382600,319015466,44425519,33827442,83272,765,0,0
C015296,2575354,30904248,1180002,14160024,110316544,23422454,23422454,200525,867,0,0
C015297,7217816,86613792,4715436,56585232,394546706,235633966,217631690,1483007,715,0,0
C015298,4338126,52057512,3046264,36555168,137107381,50916471,27448146,409414,705,0,0
C015299,2221152,26653824,795973,9551676,89785921,56281169,45339072,375345,758,1,0
C015300,2381710,28580520,1059937,12719244,400127280,19964773,16302095,116912,833,0,0
C015301,6757575,81090900,3929911,47158932,73101054,51233624,33699247,514788,860,0,0
C015302,6332051,75984612,4989026,59868312,300177400,57096528,49707285,738472,892,0,0
C015303,5643698,67724376,3982912,47794944,318655569,47731158,16118583,390553,806,0,0
C015304,7315421,87785052,4737810,56853720,187965962,73873249,33237150,934516,730,0,0
C015305,3558351,42700212,1701571,20418852,185817668,27825296,23005154,166687,845,0,0
C015306,1800000,21600000,1298995,15587940,302400000,55755546,51200401,378557,725,0,0
C015307,5247313,62967756,3584700,43016400,220805444,62330092,62330092,671406,854,0,0
C015308,3279385,39352620,1802259,21627108,221430426,73023265,55524551,462825,809,0,0
C015309,5264000,63168000,2969022,35628264,191723742,33278763,26310992,384131,803,0,0
C015310,6760118,81121416,3432256,41187072,280687235,205471237,205471237,1559673,716,0,0
C015311,5599944,67199328,3333329,39999948,115575424,100122023,69917804,804118,732,0,0
C015312,4779552,57354624,3700688,44408256,589502361,78355407,56483767,319660,725,0,0
C015313,4611761,55341132,2250793,27009516,165465680,98998925,76364235,666840,869,0,0
C015314,2852095,34225140,1482408,17788896,98751550,60619432,39448875,475806,821,0,0
C015315,7163930,85967160,4608276,55299312,127671502,148382237,100101188,1177813,693,0,0
C015316,7469712,89636544,3722267,44667204,322364289,55465220,45589308,607754,794,0,0
C015317,3894593,46735116,2469265,29631180,74237641,25202828,13865550,259676,753,0,0
C015318,2952286,35427432,1707462,20489544,295995145,5953848,5953848,236561,860,0,0
C015319,3284669,39416028,1591068,19092816,272888998,27899320,23887678,349412,758,1,0
C015320,3172240,38066880,2203823,26445876,154910819,46891702,39278840,236638,700,0,0
C015321,5721329,68655948,2796467,33557604,228443742,174156759,142633158,1118527,715,0,0
C015322,3592324,43107888,2139038,25668456,179873013,104578291,104578291,717323,718,0,1
C015323,5143782,61725384,2199227,26390724,313012409,57430157,40672227,221612,858,0,0
C015324,2404499,28853988,2142411,25708932,158142716,23731226,23731226,203548,703,0,1
C015325,6033602,72403224,4068572,48822864,349001759,133025586,115620690,928878,752,0,0
C015326,3722395,44668740,2607709,31292508,97741389,62343531,53087849,567485,657,1,0
C015327,9414494,112973928,5494442,65933304,491954578,193810683,177836051,1105941,792,1,0
C015328,2715164,32581968,2034931,24419172,40506469,18213194,16962350,323330,750,0,0
C015329,8665442,103985304,6138188,73658256,359023559,136260252,109770921,1235848,688,1,0
C015330,1800000,21600000,915325,10983900,35829919,25458541,20570777,184317,756,0,0
C015331,3169165,38029980,1683943,20207316,447865358,42313292,18189714,314918,843,0,0
C015332,6974902,83698824,3001232,36014784,926541750,80168575,46689492,153521,803,0,0
C015333,2653335,31840020,1877709,22532508,84738870,86505560,86505560,631493,770,0,0
C015334,5148031,61776372,3105721,37268652,211133340,33659860,15440931,348994,826,0,0
C015335,3553768,42645216,1707813,20493756,93521178,37363327,24035123,409840,704,0,1
C015336,3799882,45598584,2237679,26852148,638380176,67222992,43919000,417003,746,0,1
C015337,4669228,56030736,2864946,34379352,624875661,50104883,47064722,785517,765,0,0
C015338,12000000,144000000,6722183,80666196,435193119,67942674,67942674,399464,741,0,0
C015339,4583617,55003404,3728141,44737692,90594415,86587350,77731297,624173,763,0,0
C015340,1832531,21990372,1760335,21124020,21443205,9317258,8156393,163555,783,0,0
C015341,4370040,52440480,1720134,20641608,39894519,62039398,48746356,225547,913,0,1
C015342,10257499,123089988,4575020,54900240,323411369,90432472,90432472,801868,873,0,0
C015343,2688628,32263536,1889709,22676508,130019280,15185266,14985791,104620,806,0,0
C015344,5090443,61085316,1963005,23556060,111253520,86679947,82724849,594498,844,0,0
C015345,8398285,100779420,4863272,58359264,464009055,155127618,121023477,1416370,801,0,0
C015346,8763173,105158076,7173327,86079924,90069975,168905602,149674043,1276001,708,1,0
C015347,2914709,34976508,2138337,25660044,489671112,40896694,30366627,222778,684,0,0
C015348,7146162,85753944,2527357,30328284,379912113,110192673,97514268,440938,824,0,0
C015349,4364481,52373772,2885210,34622520,142090151,110478713,94972677,551325,712,0,0
C015350,2966735,35600820,1738649,20863788,163876374,21346253,10595204,104320,823,0,0
C015351,4086424,49037088,3111847,37342164,193208271,44144430,18767326,296983,743,0,0
C015352,2280789,27369468,1024277,12291324,193531034,27091707,12438984,173640,859,0,0
C015353,2598096,31177152,2065390,24784680,195345231,40489811,20481886,277161,668,1,0
C015354,3286715,39440580,2083029,24996348,387105884,28052747,21016865,286872,790,0,0
C015355,3461093,41533116,2870219,34442628,412001853,53529189,45487241,559276,748,0,1
C015356,3078959,36947508,769740,9236880,61927935,140573459,140573459,890013,771,0,0
C015357,3917457,47009484,1721596,20659152,202232491,25700411,15014540,78349,884,0,0
C015358,4710076,56520912,3327612,39931344,160313643,37962316,17913160,124502,803,0,0
C015359,2270469,27245628,1355997,16271964,158557347,11578906,8769293,129975,864,0,0
C015360,2436470,29237640,1675778,20109336,55642447,40322547,31994334,385995,782,0,0
C015361,3444176,41330112,2304076,27648912,93904537,70166634,51145685,611760,693,1,1
C015362,5395413,64744956,3495660,41947920,75067542,59395748,59395748,525057,766,0,1
C015363,2462778,29553336,1609645,19315740,80664908,37442330,36984916,253393,791,0,0
C015364,3618179,43418148,2129941,25559292,374735362,84497109,63903173,586949,755,0,0
C015365,4543494,54521928,1906653,22879836,392865581,52625310,27318943,443298,884,0,0
C015366,4168327,50019924,2938188,35258256,174068080,78838953,65229040,531986,750,0,1
C015367,3725331,44703972,1721656,20659872,47265567,24439742,24439742,370149,765,0,0
C015368,3239682,38876184,1319271,15831252,353757706,26579265,16441257,174906,870,0,0
C015369,2463363,29560356,899924,10799088,180498925,13734485,9534913,108900,930,0,0
C015370,5158133,61897596,2741260,32895120,381449658,42357672,9872251,322363,782,0,0
C015371,2892294,34707528,2595353,31144236,56360061,58773156,55647953,366011,769,0,1
C015372,2437036,29244432,1243173,14918076,59699700,43283368,43283368,78392,832,0,0
C015373,4167587,50011044,2299941,27599292,303547975,60070185,56886756,381749,821,0,0
C015374,3669075,44028900,2053509,24642108,91468023,29395378,17696601,389859,806,0,0
C015375,6388464,76661568,4479462,53753544,102582884,63217502,45696299,481008,816,0,0
C015376,3866812,46401744,1984438,23813256,144942683,61782493,45897067,488078,682,0,0
C015377,3390734,40688808,2240496,26885952,569643312,82895086,66376118,677716,789,0,0
C015378,4025974,48311688,2812923,33755076,524952435,59142092,42087663,189222,669,0,1
C015379,3979328,47751936,3072636,36871632,42532228,68717259,60804413,598463,744,0,1
C015380,3134759,37617108,2346475,28157700,283069231,47837815,31096804,281995,850,0,0
C015381,5669776,68037312,3159579,37914948,73044593,56777711,42360206,324379,821,0,0
C015382,8463818,101565816,5084080,61008960,282113726,126306442,74664339,720769,712,0,0
C015383,2645581,31746972,1401509,16818108,207082861,47771559,25742241,188951,778,0,0
C015384,6256552,75078624,3296471,39557652,796152791,60633085,48994252,677196,763,0,0
C015385,10586504,127038048,5824890,69898680,496257309,526942911,497044383,2643325,745,1,0
C015386,4654038,55848456,2497012,29964144,730630108,87774127,77146403,540377,724,0,0
C015387,8527425,102329100,3823261,45879132,368668657,189950598,148014407,1160769,914,0,0
C015388,6030582,72366984,4403605,52843260,187939106,60397807,43632169,395501,802,0,0
C015389,2532755,30393060,696246,8354952,70117392,14245620,14245620,192271,750,0,0
C015390,7026115,84313380,3772621,45271452,382338886,86212963,28620235,448853,697,0,0
C015391,4211438,50537256,2733365,32800380,97846854,54915652,46637236,419226,873,0,0
C015392,2388280,28659360,856559,10278708,326302945,11485978,11485978,185684,711,0,0
C015393,3348077,40176924,1768477,21221724,220358602,31082344,26183931,384252,773,0,0
C015394,4388199,52658388,1849379,22192548,185885866,114557056,92220880,856797,780,0,0
C015395,2954150,35449800,1004542,12054504,77568810,65298821,55406734,452088,769,0,0
C015396,2959554,35514648,1425586,17107032,198541336,33780034,25512555,224169,756,0,0
C015397,4064177,48770124,1190595,14287140,208213870,70661431,58679520,776000,704,0,0
C015398,5260131,63121572,2939045,35268540,344132816,57347303,35991458,391395,728,2,0
C015399,3201353,38416236,2329245,27950940,104196390,24669629,13279972,137206,755,0,0
C015400,3550550,42606600,1948385,23380620,103061917,59865793,48548882,529745,820,0,0
C015401,7859257,94311084,5244309,62931708,477865123,64282198,49294140,206707,809,0,0
C015402,3534062,42408744,2391858,28702296,351612970,56382556,43433284,507198,761,0,0
C015403,2855953,34271436,2311586,27739032,107292962,29193034,20650704,242650,785,0,0
C015404,4382803,52593636,2307245,27686940,297708207,114001693,114001693,592243,824,0,0
C015405,3076662,36919944,1746605,20959260,196283535,23053510,18660722,376296,741,1,0
C015406,3645601,43747212,3457934,41495208,223039750,109093068,105730885,987706,696,0,0
C015407,3758501,45102012,1832728,21992736,327220807,29451171,9997821,152456,825,0,0
C015408,4863834,58366008,2385968,28631616,631962647,109152569,97335347,683097,880,0,0
C015409,3888552,46662624,2093445,25121340,391546806,84108208,71509812,510203,661,0,0
C015410,12000000,144000000,6121050,73452600,1081282984,88000166,25432741,461978,921,0,0
C015411,3871646,46459752,1487155,17845860,399958083,92392548,83332141,954200,819,0,0
C015412,3419548,41034576,1705259,20463108,205206624,26469956,9692014,68391,730,0,1
C015413,2752842,33034104,1762782,21153384,282135605,26946087,20583126,126565,858,1,0
C015414,2727200,32726400,1690187,20282244,107803854,36097667,24694228,142267,769,0,0
C015415,7459797,89517564,4959343,59512116,821245897,57711438,24414237,347034,794,0,0
C015416,6389227,76670724,3609832,43317984,393898928,89493335,64639096,153275,792,0,0
C015417,4038751,48465012,2129796,25557552,678510168,47742967,47532234,255999,765,0,0
C015418,3885456,46625472,2850612,34207344,93315191,58015420,54510445,555478,749,0,0
C015419,2933652,35203824,1679070,20148840,106530247,27662697,27662697,123426,852,0,0
C015420,3045219,36542628,1623613,19483356,101414355,49454173,42535420,425279,738,0,0
C015421,4632025,55584300,2689762,32277144,443306340,36469017,36469017,565444,826,0,0
C015422,3317772,39813264,1935123,23221476,262059516,61416294,61416294,455457,871,0,0
C015423,3581353,42976236,2215772,26589264,163717072,38429681,21177304,395807,868,0,0
C015424,1847317,22167804,1008454,12101448,172023392,30472644,25133268,307518,809,0,0
C015425,6527418,78329016,2906552,34878624,859147113,23652687,20866445,196237,711,0,0
C015426,2491682,29900184,747125,8965500,335350490,45452734,45452734,382671,811,0,0
C015427,1800000,21600000,883727,10604724,115438410,25350133,22378364,214680,815,0,0
C015428,10989937,131879244,4557359,54688308,944335304,110391624,88864665,993632,771,0,0
C015429,2490502,29886024,1798194,21578328,125184037,109554436,94340425,630728,678,0,1
C015430,3502320,42027840,2239777,26877324,104472886,51564582,43211471,186226,830,0,0
C015431,3657752,43893024,1889480,22673760,325743689,25607963,22951234,255857,807,0,0
C015432,5297271,63567252,2974447,35693364,100962522,125346200,125346200,848726,754,0,1
C015433,4206216,50474592,3125640,37507680,355626264,38242396,25023998,275296,769,0,0
C015434,4080361,48964332,2273806,27285672,91824048,35057084,35057084,309662,796,0,0
C015435,2247781,26973372,1102375,13228500,49983859,21895937,17317841,142762,765,0,0
C015436,4558820,54705840,2330387,27964644,237134782,45332904,18857474,523356,748,0,0
C015437,5669072,68028864,3955612,47467344,952404096,71733461,71733461,491311,748,0,0
C015438,9455553,113466636,4815056,57780672,330195027,69460126,69460126,877093,827,1,0
C015439,6298438,75581256,2533260,30399120,197717085,102861978,102861978,811478,762,0,0
C015440,2382619,28591428,1488193,17858316,308583858,20641534,20641534,200199,804,0,1
C015441,2009920,24119040,1276263,15315156,64696911,36822764,28265386,152814,717,0,0
C015442,6101520,73218240,4625030,55500360,391350602,58883946,47528889,689150,733,0,0
C015443,3203413,38440956,1771820,21261840,198966768,26840678,11101263,193284,728,0,1
C015444,3850452,46205424,1970569,23646828,180323637,42843526,22084542,270275,752,0,0
C015445,4244596,50935152,2537876,30454512,200851062,84015565,64063469,388349,728,0,0
C015446,4757619,57091428,3114360,37372320,123034779,66371206,61955148,691151,760,0,0
C015447,8308395,99700740,4791227,57494724,545223095,63843342,56085074,775193,795,0,0
C015448,4293845,51526140,2874534,34494408,399017156,53297637,44061453,710152,804,0,0
C015449,3068705,36824460,2073010,24876120,509862384,22945023,22945023,141073,763,0,0
C015450,1900121,22801452,1283198,15398376,134682768,13736704,13280382,149784,729,0,0
C015451,4139446,49673352,2609907,31318884,205311312,57899168,41449022,396430,836,0,0
C015452,7806667,93680004,3330727,39968724,187568932,97418993,47731920,504904,829,1,0
C015453,5568232,66818784,2401387,28816644,234712973,56214264,37952947,529861,765,0,0
C015454,2495568,29946816,1051777,12621324,127604512,34799555,22605407,150746,870,0,0
C015455,1885399,22624788,1158410,13900920,70310833,20773777,9858117,189191,759,0,0
C015456,5189645,62275740,2752977,33035724,80674090,57603262,57603262,715345,732,0,0
C015457,3414103,40969236,1971130,23653560,156303837,102842922,102842922,618496,780,0,0
C015458,4931365,59176380,2561997,30743964,224225136,26268082,24184369,98627,831,1,0
C015459,5192038,62304456,3207231,38486772,333982728,49919781,29190133,763185,686,0,0
C015460,3790133,45481596,1738904,20866848,82306910,48922568,45670073,189989,798,1,0
C015461,4296481,51557772,3104981,37259772,251256716,61579748,53221199,250535,832,0,0
C015462,4191077,50292924,2538846,30466152,80178193,44524441,17503103,200391,785,0,0
C015463,3003221,36038652,1779180,21350160,172291532,55823158,46754807,255410,739,0,0
C015464,6979405,83752860,5230736,62768832,283334167,94718155,81778091,880203,765,0,0
C015465,2852964,34235568,1331398,15976776,305105707,26032983,22356063,136963,813,1,0
C015466,11936666,143239992,5640291,67683492,594646410,18297773,11459199,1149692,783,0,0
C015467,8995575,107946900,3025807,36309684,174343536,282850532,271309503,2639308,733,1,0
C015468,6223339,74680068,4138503,49662036,74270382,43275597,43275597,332154,760,0,0
C015469,2404566,28854792,1358303,16299636,115846999,52395088,48616022,363578,697,0,0
C015470,5257521,63090252,3004388,36052656,231627238,47633503,34624655,728940,790,0,0
C015471,3599021,43188252,1430432,17165184,147290995,161412030,149845887,1074867,823,0,1
C015472,4958125,59497500,1787009,21444108,208138892,101519501,101519501,757373,798,0,0
C015473,3420745,41048940,2694805,32337660,279287369,82381928,64007847,439910,732,0,1
C015474,2822940,33875280,1631868,19582416,138500474,43589734,35116416,504050,770,1,0
C015475,4938346,59260152,3440753,41289036,45172938,72553889,37001702,244809,819,0,0
C015476,2028452,24341424,1257636,15091632,240489599,37484774,25766636,180418,728,0,1
C015477,4681520,56178240,3410392,40924704,40313184,41482883,28694163,232218,847,0,0
C015478,5520748,66248976,4868623,58423476,50347778,56298483,21244543,417778,646,1,1
C015479,3208569,38502828,1852452,22229424,361217280,46082988,46082988,281478,713,0,0
C015480,2954130,35449560,1915700,22988400,80020289,43328276,35052286,324545,846,0,0
C015481,3833332,45999984,2526318,30315816,124109942,171080938,159844241,1107562,754,0,0
C015482,6569984,78839808,3670149,44041788,291935027,32165622,32165622,634476,828,0,0
C015483,6026439,72317268,3637031,43644372,706203856,116432434,86808255,819778,677,0,0
C015484,7301914,87622968,3110737,37328844,558836676,52935932,23955711,146038,793,0,0
C015485,3215162,38581944,1582653,18991836,71547867,26124225,26124225,500230,835,0,0
C015486,6952654,83431848,4708466,56501592,426527145,146462635,109214787,913277,769,2,0
C015487,4557423,54689076,3172452,38069424,282683257,47106699,38797169,330840,863,0,0
C015488,4651501,55818012,2859127,34309524,120488811,86173424,58349689,536883,744,0,0
C015489,2802273,33627276,1990434,23885208,273361149,52628939,34609199,398125,746,0,0
C015490,4708165,56497980,2677190,32126280,201897274,40000410,40000410,440851,805,0,0
C015491,4582584,54991008,1680641,20167692,156205803,27667525,27667525,371233,786,0,0
C015492,2644198,31730376,1123103,13477236,406104030,41757378,41757378,196576,780,0,0
C015493,4108593,49303116,2901994,34823928,204540267,117887805,84056969,838261,713,0,0
C015494,2957713,35492556,2190020,26280240,225649549,41909577,28801312,638438,699,0,1
C015495,1800000,21600000,953222,11438664,81476151,18155222,14802962,169291,841,0,0
C015496,2691721,32300652,1505939,18071268,95311727,64879683,44745217,309817,728,0,0
C015497,2910230,34922760,1319798,15837576,62878439,72537990,72537990,320090,802,0,0
C015498,3461969,41543628,2057390,24688680,157825663,27095770,23899093,243290,832,0,0
C015499,2642848,31714176,1889752,22677024,153259587,14062464,8399153,52857,731,0,0
C015500,4792372,57508464,3268490,39221880,337329424,80501820,60649488,665013,647,0,0
C015501,5346475,64157700,3578278,42939336,628173339,65747523,41997164,243777,866,0,0
C015502,2055383,24664596,1280932,15371184,29419961,23083171,13407963,143718,824,0,0
C015503,3376841,40522092,2172060,26064720,217020670,37854558,28717139,577130,675,0,0
C015504,4591480,55097760,2176619,26119428,174944722,44634554,29700487,341124,842,0,0
C015505,2190412,26284944,1520860,18250320,143451959,53610270,32949385,241493,692,1,0
C015506,6206276,74475312,3782839,45394068,687591927,131365617,97694081,567957,695,0,0
C015507,5863154,70357848,3199742,38396904,214937659,175627037,159282518,1612323,676,0,0
C015508,3148234,37778808,1676515,20118180,528903312,37526196,31328819,485548,691,1,0
C015509,2884405,34612860,1722694,20672328,218135928,35206000,22175188,200054,779,0,0
C015510,7219364,86632368,6306159,75673908,300824436,377563317,341031832,3017932,560,2,1
C015511,12000000,144000000,7327800,87933600,326998556,325711695,258923638,2375233,725,0,0
C015512,7947736,95372832,4272798,51273576,423503041,231465947,203388575,959860,693,0,0
C015513,3577694,42932328,2188055,26256660,178845320,53598196,44997780,449407,772,0,0
C015514,3786905,45442860,2742297,32907564,78481822,38947224,27258703,412686,715,1,0
C015515,7385205,88622460,3351374,40216488,153407054,67267831,34069780,429069,823,0,0
C015516,4830984,57971808,3585201,43022412,394530927,74577264,74577264,727077,655,2,1
C015517,4157435,49889220,3188982,38267784,197591681,41541399,41331007,386631,717,0,0
C015518,5328897,63946764,2211104,26533248,54716877,66788555,28556088,567478,829,0,0
C015519,4069333,48831996,2115753,25389036,125678409,70604521,55765455,700095,749,0,0
C015520,4408668,52904016,3220555,38646660,345508226,111584537,87081994,825772,710,0,0
C015521,5020289,60243468,1851212,22214544,367140914,54524297,49515148,296276,818,0,0
C015522,3824235,45890820,2316922,27803064,230916897,94728883,71819903,604995,653,0,0
C015523,2109583,25314996,1293312,15519744,164862302,37710875,36250064,266249,739,0,0
C015524,2715390,32584680,1266947,15203364,164280027,39753778,25599177,258746,793,0,0
C015525,2715646,32587752,1000212,12002544,262437107,26504375,15945553,292232,880,0,0
C015526,10092758,121113096,6514969,78179628,364083377,261913497,234270652,1487394,676,1,1
C015527,3400284,40803408,1850057,22200684,278827396,46330716,39135441,337807,797,0,0
C015528,2456393,29476716,1227292,14727504,90593024,11052961,9963635,180269,787,0,0
C015529,4671694,56060328,2904860,34858320,622664325,136045524,115670334,936814,859,0,0
C015530,6799783,81597396,4372628,52471536,1011506529,73675219,60534054,1020275,672,0,1
C015531,2755453,33065436,1700734,20408808,36104955,37339626,27957440,380721,706,0,0
C015532,3721779,44661348,2140496,25685952,261824708,33443925,29684276,218622,764,0,0
C015533,3461095,41533140,2071769,24861228,437531383,28876353,14483981,285204,836,0,0
C015534,3237682,38852184,1661527,19938324,148363775,43316114,15455553,224915,838,0,0
C015535,6281842,75382104,2993690,35924280,1055349456,42145537,35714074,495876,862,0,0
C015536,6222913,74674956,3150084,37801008,298362738,155551568,151945635,1298931,664,0,0
C015537,7312518,87750216,6716804,80601648,154026758,157635363,115529922,1021377,675,0,0
C015538,5881440,70577280,4329126,51949512,443053088,97481169,75490924,300626,712,0,0
C015539,5070926,60851112,4555338,54664056,147517651,69770988,69770988,797793,740,0,0
C015540,8920064,107040768,5552451,66629412,270269986,48775469,48775469,511068,875,0,0
C015541,5432479,65189748,3609883,43318596,131010997,69764419,42081942,483067,677,0,0
C015542,4354017,52248204,2234804,26817648,154204855,45173774,32754801,457951,878,0,0
C015543,2193968,26327616,1839872,22078464,47133217,18238431,8418827,120390,708,0,1
C015544,3210526,38526312,1889141,22669692,306765969,42836368,31694050,153771,804,0,0
C015545,3925544,47106528,2845378,34144536,330211108,64963525,48591796,443831,827,0,0
C015546,4806821,57681852,1201705,14420460,467778227,32550601,18864456,456175,905,0,0
C015547,11409227,136910724,6714173,80570076,437114429,151513024,113060546,1107448,755,0,0
C015548,5572659,66871908,3223675,38684100,130196517,68131753,31035432,218949,785,0,0
C015549,5527999,66335988,3001637,36019644,838903935,97338080,59481918,983845,666,0,1
C015550,6114154,73369848,4315978,51791736,1027177872,59460170,32252965,595769,698,1,0
C015551,3692129,44305548,1504895,18058740,200714171,33783553,12734116,121695,751,0,0
C015552,4244373,50932476,3046114,36553368,174304112,62094339,43436319,431190,794,1,0
C015553,3797633,45571596,2305872,27670464,71360505,44291108,30224400,438748,860,0,0
C015554,5772475,69269700,4122293,49467516,321058799,112495547,102448145,689976,714,0,1
C015555,3465902,41590824,1852402,22228824,64817641,36982176,19839518,391038,882,0,0
C015556,2805181,33662172,961736,11540832,18611496,54493003,41843740,339759,755,0,0
C015557,5653131,67837572,3387437,40649244,244018084,35688926,14703466,234047,778,0,0
C015558,3968925,47627100,2596636,31159632,387793125,10424048,10424048,283380,766,0,0
C015559,4282929,51395148,2661837,31942044,58525444,76227131,53649566,578039,748,0,0
C015560,2081790,24981480,1100919,13211028,16244484,17812553,11098333,175240,791,0,0
C015561,5468696,65624352,3910091,46921092,66490548,47412018,46093028,544217,741,0,0
C015562,3311195,39734340,1819073,21828876,176728632,40325859,34503320,277771,830,0,0
C015563,7142968,85715616,5236741,62840892,658303162,88373945,52382252,404657,790,0,0
C015564,2963241,35558892,1577484,18929808,123838790,42581376,23432723,203860,735,0,0
C015565,6926068,83112816,3123231,37478772,767302165,27386726,26312498,138521,851,0,0
C015566,5177578,62130936,2180382,26164584,254776070,49702430,31619075,201175,732,0,0
C015567,6752914,81034968,2609512,31314144,655345250,97172240,48445278,662290,816,1,0
C015568,3155615,37867380,1994909,23938908,123965865,9235068,9235068,318408,838,0,0
C015569,4965919,59591028,1989381,23872572,520380805,52873189,49807738,856148,695,1,0
C015570,4144146,49729752,2314706,27776472,148427167,37483695,22844680,298538,838,0,0
C015571,3189680,38276160,1802085,21625020,232318403,50609789,33606912,220121,744,0,0
C015572,3249163,38989956,2144037,25728444,64923914,26146249,19318142,368043,690,1,0
C015573,2931249,35174988,2160139,25921668,80304243,67350949,59904924,603431,787,0,0
C015574,2036465,24437580,1241128,14893536,90163882,18669343,17370124,199103,760,0,0
C015575,3795492,45545904,1763412,21160944,207992298,6746435,5816602,173573,851,0,0
C015576,3831270,45975240,2463359,29560308,129714913,55662501,45336528,452999,719,0,0
C015577,1840086,22081032,1177214,14126568,101468698,23288384,20963794,131288,773,0,0
C015578,7196697,86360364,5113403,61360836,1209045096,58097487,56350858,745247,803,0,0
C015579,4838010,58056120,3566824,42801888,250252857,49133097,21092450,373108,744,0,0
C015580,4586570,55038840,2038996,24467952,95251093,124749152,101450615,969383,711,0,1
C015581,8189161,98269932,4995560,59946720,150172030,192480069,137551890,760679,849,0,0
C015582,4013615,48163380,1564411,18772932,128725444,50880658,23436960,357185,776,0,0
C015583,5027382,60328584,2913028,34956336,182739985,274829792,236025002,1403606,723,0,0
C015584,8707689,104492268,3739859,44878308,350534401,58037325,58037325,188484,794,1,0
C015585,3239160,38869920,1756487,21077844,85434713,73467098,68896914,432798,736,0,0
C015586,4957236,59486832,3651644,43819728,560624250,35585053,33525220,430167,734,0,0
C015587,1800000,21600000,902430,10829160,73855334,67441680,60424197,487783,772,0,0
C015588,4923173,59078076,1539028,18468336,153270379,95492948,83371845,681402,891,0,0
C015589,3101962,37223544,1778929,21347148,109045175,48515957,27362321,210879,869,0,0
C015590,3533185,42398220,1983186,23798232,196915192,38268161,34042631,150118,797,1,0
C015591,6097343,73168116,4649831,55797972,217493323,43624541,14004188,153821,862,0,0
C015592,2790882,33490584,2299403,27592836,97701162,97927088,89797323,542615,755,0,1
C015593,12000000,144000000,9154674,109856088,273122742,49431193,49431193,356003,837,0,0
C015594,4233092,50797104,2675869,32110428,340918664,70317022,40671505,431397,821,0,0
C015595,2199253,26391036,1547461,18569532,42359148,25620404,21560735,152281,801,0,0
C015596,2419889,29038668,1708263,20499156,29740606,20273139,17380226,171725,702,1,0
C015597,4725187,56702244,2944567,35334804,319694390,13046368,13046368,199069,836,0,0
C015598,2997609,35971308,2129474,25553688,436293359,11886561,5054041,59952,774,0,0
C015599,3178658,38143896,2188584,26263008,454675073,40535116,40535116,497797,866,0,0
C015600,3598359,43180308,899590,10795080,471047724,81418368,64710799,376130,740,0,0
C015601,3925897,47110764,3026005,36312060,132643171,29575316,23029726,340598,768,0,0
C015602,4116441,49397292,2437879,29254548,63677532,46153842,46153842,474699,822,0,0
C015603,5059109,60709308,2705360,32464320,554039063,33711707,33711707,305356,792,1,0
C015604,4541168,54494016,2337240,28046880,163246762,82084239,60963941,473393,798,0,0
C015605,2326899,27922788,1753832,21045984,143472317,74457558,62177872,582250,652,0,1
C015606,2901133,34813596,1298793,15585516,48309492,58496702,55633605,337509,723,0,0
C015607,2022191,24266292,1179367,14152404,74276202,32233129,18393638,202755,723,0,0
C015608,5740710,68888520,4962824,59553888,159532395,65611183,54780711,359699,711,0,0
C015609,3876754,46521048,2256425,27077100,164553326,54043276,37448179,633385,662,0,0
C015610,7118386,85420632,4263313,51159756,164169245,109038757,85729550,668920,784,0,0
C015611,2422307,29067684,1354805,16257660,406947576,30062848,28784091,210900,728,0,0
C015612,4137048,49644576,2387704,28652448,553043089,24170998,20781046,218661,826,0,0
C015613,2733056,32796672,1291839,15502068,180496693,38334144,32431608,213714,796,0,0
C015614,2928541,35142492,1097907,13174884,122230087,19170776,13457312,307536,845,0,0
C015615,4173408,50080896,2138450,25661400,218973999,123623478,107400976,977054,775,0,0
C015616,5001307,60015684,2118339,25420068,313110551,49768514,36872673,190259,910,0,0
C015617,5540247,66482964,3402682,40832184,193918268,76542585,53141454,480438,794,0,0
C015618,2385160,28621920,1395209,16742508,86931437,6030714,6030714,56210,795,0,0
C015619,1800000,21600000,1681634,20179608,175947327,27041334,17643488,218959,704,0,1
C015620,4569939,54839268,3345438,40145256,47066003,63412019,44231997,377299,837,0,0
C015621,1999095,23989140,1057486,12689832,200461266,108664856,107951130,722485,659,0,0
C015622,4318133,51817596,2692155,32305860,119652799,59994270,59994270,414762,832,0,0
C015623,4418401,53020812,1905258,22863096,63024913,56641377,48106678,541244,719,0,0
C015624,4964427,59573124,3407960,40895520,134963749,148241427,105373230,1246337,591,1,1
C015625,3759868,45118416,2514428,30173136,340470998,48114226,36278125,321751,713,0,1
C015626,3126254,37515048,2052467,24629604,113197915,31930795,25840754,355340,785,0,1
C015627,5261464,63137568,3858714,46304568,162169295,111182162,100523111,746058,655,1,0
C015628,4091060,49092720,3291667,39500004,311611224,67232759,55263687,382212,759,0,0
C015629,5989855,71878260,3756197,45074364,212559408,41034446,41034446,570238,758,0,1
C015630,2732643,32791716,1713269,20559228,185218083,18163389,8249334,147882,816,0,0
C015631,2335672,28028064,1215104,14581248,124155024,24252837,16524188,50000,820,0,0
C015632,1800000,21600000,954467,11453604,63498881,12533314,6031460,50000,839,0,0
C015633,3347233,40166796,1792797,21513564,107075817,199075496,180750582,1197432,649,0,0
C015634,4294050,51528600,2878445,34541340,228275440,46417506,42166541,302856,740,0,0
C015635,4618769,55425228,3138571,37662852,142413066,37060667,31290449,300713,708,0,0
C015636,5476064,65712768,2680246,32162952,111967254,77775319,77775319,393008,840,0,0
C015637,9788396,117460752,7360057,88320684,225206122,117171692,71753819,1159363,734,0,0
C015638,5475258,65703096,3726484,44717808,110528527,41373010,31099383,397146,833,0,0
C015639,2491190,29894280,1681667,20180004,237669127,62901581,55780000,378362,730,0,0
C015640,8251888,99022656,3574601,42895212,220032074,203258882,195688292,1498875,767,0,1
C015641,4372924,52475088,2796586,33559032,447814239,43718098,34484143,563031,803,0,0
C015642,10561962,126743544,5249666,62995992,1145913438,48830003,31920348,211239,841,0,0
C015643,2423044,29076528,1586780,19041360,45898374,41165982,27209796,235431,859,0,0
C015644,6542950,78515400,4903924,58847088,206682964,95843615,61248820,439965,723,0,0
C015645,2012037,24144444,1233152,14797824,200487330,15591437,7573775,146534,768,0,0
C015646,6779289,81351468,3146577,37758924,431570276,71520550,70893619,1169591,763,0,0
C015647,4663501,55962012,3131429,37577148,255230165,40782265,35186935,182172,813,0,0
C015648,4203787,50445444,2595675,31148100,241487144,30670533,15599294,84076,883,0,0
C015649,3198430,38381160,1495098,17941176,103137093,35682852,28287267,450419,826,0,0
C015650,2986533,35838396,2116644,25399728,152135543,11855419,3016769,59731,785,0,0
C015651,5426258,65115096,2304223,27650676,244563545,119523666,104056427,618119,819,0,0
C015652,2675846,32110152,1676177,20114124,78708124,78108066,71366873,596248,662,0,0
C015653,4426512,53118144,3065809,36789708,186905318,20022462,20022462,326001,754,0,0
C015654,2237432,26849184,1263512,15162144,145093994,25184557,7988446,50000,777,1,0
C015655,4509818,54117816,2734789,32817468,98339969,59537641,33190204,318375,850,0,0
C015656,1817529,21810348,1001615,12019380,41501440,17472222,7775804,64377,774,0,0
C015657,6452645,77431740,3369388,40432656,174957921,105029641,103523965,649062,881,0,0
C015658,10348406,124180872,8788738,105464856,1240136364,344092796,259351936,2096222,660,1,1
C015659,3287179,39446148,2212130,26545560,552246072,40328975,27683237,380289,839,0,0
C015660,4825995,57911940,3421027,41052324,218713809,35338837,16387943,124477,794,0,0
C015661,3854396,46252752,2089213,25070556,301640207,64439818,49970739,582234,759,0,0
C015662,2608627,31303524,1209408,14512896,308252303,63016967,48416109,450678,705,0,0
C015663,6828802,81945624,6075196,72902352,41129969,248284568,210933597,1408273,676,1,0
C015664,3371182,40454184,2087344,25048128,91579699,97116406,83692304,745522,674,0,0
C015665,3591885,43102620,2636761,31641132,268316245,54825823,39353692,261127,706,0,0
C015666,4433869,53206428,2720282,32643384,295760423,30168097,27779124,448757,738,0,0
C015667,3423721,41084652,1756986,21083832,131075554,121118338,118618394,596584,807,0,0
C015668,4066578,48798936,3028511,36342132,106243118,43802538,24580073,81332,825,0,0
C015669,7106072,85272864,4172165,50065980,464042111,137097384,123837111,1250881,813,0,0
C015670,8618208,103418496,7148568,85782816,298122194,51955909,14730281,469008,813,1,0
C015671,3493380,41920560,1624009,19488108,586887840,27470273,15005455,115145,794,0,0
C015672,2755708,33068496,1449627,17395524,164756202,50197805,41417281,378517,924,0,0
C015673,5412283,64947396,3583699,43004388,372184597,66333633,47010003,180562,804,0,0
C015674,4551170,54614040,2185018,26220216,245228569,51047335,29555175,91023,877,0,0
C015675,3832818,45993816,2451144,29413728,132894047,26076668,23413041,414951,763,1,0
C015676,4846443,58157316,2816575,33798900,356143915,65796625,33423342,484587,803,0,0
C015677,2672520,32070240,1607777,19293324,79346773,21620026,21620026,231899,853,0,0
C015678,2893443,34721316,1767031,21204372,208465643,21729863,21390427,378755,914,0,0
C015679,3753269,45039228,2229700,26756400,381744552,219562427,202676526,1253292,755,0,0
C015680,5191381,62296572,2975278,35703336,143401903,122724787,104137914,856648,763,0,0
C015681,6859961,82319532,3386813,40641756,42653207,64912886,64912886,530542,800,0,0
C015682,5538582,66462984,5042321,60507852,310762236,98344363,76595250,615204,655,0,1
C015683,4212477,50549724,2226977,26723724,178496351,18147959,18147959,323660,775,0,0
C015684,3761779,45141348,1954537,23454444,283758531,67469043,58874536,538079,867,0,0
C015685,2294128,27529536,1543547,18522564,149685497,39896543,32474368,341665,732,0,0
C015686,6811159,81733908,3266560,39198720,580578364,170437658,156594567,929586,756,0,0
C015687,4295358,51544296,2517896,30214752,46778758,42450202,18820425,319813,753,0,0
C015688,5728301,68739612,3218011,38616132,231207740,31609537,20653063,212319,797,0,0
C015689,2533837,30406044,899351,10792212,171095926,13630143,10837671,50677,788,0,0
C015690,3840804,46089648,1811239,21734868,124568270,97816483,81374227,583428,860,0,0
C015691,2169911,26038932,1519128,18229536,80071468,29345844,20830870,162569,799,0,0
C015692,3446957,41363484,1785430,21425160,54813866,33813474,23665088,104616,867,0,0
C015693,3438027,41256324,2365643,28387716,53490699,51495407,51495407,448729,813,0,0
C015694,10695801,128349612,6730946,80771352,518806681,36506700,36506700,774947,783,0,0
C015695,6043869,72526428,3391476,40697712,445051231,71622231,40764065,581284,773,0,0
C015696,3713414,44560968,2601199,31214388,64278523,56317575,54026019,730373,791,0,0
C015697,3505965,42071580,1754068,21048816,58775427,79174938,73873995,612111,753,0,0
C015698,6244747,74936964,4932837,59194044,564165720,198059519,152377068,1265501,760,0,0
C015699,3378359,40540308,2131467,25577604,257088748,34588230,16705449,318070,833,0,0
C015700,3755030,45060360,1507270,18087240,295483174,27266413,18430741,179449,752,1,0
C015701,3688074,44256888,1584539,19014468,69199933,31663765,25011101,156350,841,0,0
C015702,4853958,58247496,2619450,31433400,206537557,71784785,69913756,411934,837,0,0
C015703,2057242,24686904,1404814,16857768,71706098,41447632,38100506,272554,709,0,0
C015704,6645106,79741272,5598315,67179780,169772656,113474637,84323346,890310,686,0,0
C015705,4545141,54541692,3240211,38882532,148147268,66433549,40607730,422989,678,0,0
C015706,2928709,35144508,2466938,29603256,226274793,31546144,25465479,326191,743,0,0
C015707,2875214,34502568,1351030,16212360,223011540,18249264,11107757,166413,833,1,0
C015708,5106723,61280676,2476452,29717424,229472221,55838897,48909584,563908,860,0,0
C015709,10422139,125065668,5835672,70028064,1332500277,174339659,124528201,1270563,756,0,0
C015710,6976781,83721372,2651142,31813704,173971772,106000168,68106431,586751,805,0,0
C015711,3462895,41554740,3058378,36700536,33843396,76481844,66168913,554326,699,0,1
C015712,3350753,40209036,2227718,26732616,93178591,6668989,6668989,191381,708,0,0
C015713,7264432,87173184,2529710,30356520,512558961,34752770,34752770,823089,823,0,0
C015714,6222195,74666340,3776335,45316020,180133961,114411895,85564718,993276,811,0,0
C015715,5763809,69165708,4779113,57349356,154800333,54962115,50527660,446112,687,0,0
C015716,5197501,62370012,3221083,38652996,489138864,33293760,25226109,294822,923,0,0
C015717,1810206,21722472,725140,8701680,70385719,18384356,17338648,50000,777,0,0
C015718,4727562,56730744,2738339,32860068,145950757,50988528,44746611,490218,739,1,0
C015719,5949265,71391180,5013899,60166788,165798130,111604896,89721070,1127352,690,1,1
C015720,3293238,39518856,2053316,24639792,234147028,15342527,10328919,117604,767,0,0
C015721,2591480,31097760,1517557,18210684,76868883,12907361,12907361,180104,752,0,0
C015722,3670929,44051148,2493541,29922492,616716072,29355042,15982627,538084,648,1,0
C015723,4074262,48891144,2624094,31489128,81031714,151658133,146907184,1107180,740,0,0
C015724,3693557,44322684,3221313,38655756,66767108,53550235,46271751,381894,682,0,0
C015725,4760044,57120528,2486644,29839728,388954252,32300809,19981806,510664,770,0,0
C015726,5912392,70948704,3930434,47165208,364260771,32887828,22873923,535989,817,0,0
C015727,4027792,48333504,2155814,25869768,154121877,27049004,8009778,80556,693,0,0
C015728,2898007,34776084,1789549,21474588,92897938,26487505,21646829,423995,863,0,0
C015729,4036861,48442332,2178330,26139960,209903580,44966336,39661078,435580,787,0,0
C015730,6489248,77870976,4037565,48450780,113178384,94226299,73303298,1028608,794,0,0
C015731,2665554,31986648,1496599,17959188,72673343,94467292,94467292,767129,696,0,1
C015732,4406968,52883616,2747017,32964204,297326651,49801781,45263731,268530,744,0,0
C015733,3502487,42029844,1952858,23434296,201389266,17667457,11245295,327723,722,0,0
C015734,3202151,38425812,2157839,25894068,64490137,29573961,16802179,454657,824,0,0
C015735,3460384,41524608,1394539,16734468,581344512,65336525,65336525,241498,751,0,0
C015736,3468083,41616996,1649093,19789116,184147112,52945053,52945053,440366,749,1,0
C015737,4901297,58815564,2129991,25559892,152849760,39743819,24182989,573159,837,0,0
C015738,1951381,23416572,1142064,13704768,284897082,52851514,40688123,167752,762,0,0
C015739,3835549,46026588,1920004,23040048,162849262,28586852,19330924,136033,842,0,0
C015740,4964934,59579208,3929653,47155836,204141143,81533550,67705200,757556,678,0,0
C015741,4268083,51216996,1713010,20556120,633350817,52674702,52674702,398378,782,0,0
C015742,6758022,81096264,4278781,51345372,194915551,110392783,83851035,632112,812,0,0
C015743,4759430,57113160,2857529,34290348,215100992,86764041,59544906,552249,819,0,0
C015744,4545710,54548520,3194454,38333448,466739708,40333522,40333522,394407,834,0,0
C015745,8191433,98297196,5926455,71117460,239241475,70001747,70001747,677075,797,0,1
C015746,6338437,76061244,3400769,40809228,399197511,148314676,120647283,891288,857,0,0
C015747,7844489,94133868,5311440,63737280,776476418,55884843,18663568,156890,857,0,0
C015748,4752710,57032520,1571733,18860796,496073256,121910546,100154980,848774,833,0,1
C015749,4261830,51141960,2930715,35168580,393872512,64052804,46049402,653280,725,0,0
C015750,4368910,52426920,1858385,22300620,389786878,48112502,24468566,426559,838,0,0
C015751,3611992,43343904,2736369,32836428,93191195,35913161,26290694,475597,662,0,0
C015752,5070879,60850548,2999317,35991804,851907672,52182646,33728597,508990,812,0,0
C015753,3140623,37687476,2361230,28334760,67439306,48546811,39188993,430751,796,0,0
C015754,10173558,122082696,5967215,71606580,719215069,94795996,81568671,969832,838,0,0
C015755,2481676,29780112,1569513,18834156,149739978,71877699,71765314,512460,825,0,0
C015756,2224922,26699064,1370607,16447284,107120728,68486286,59728831,469657,663,2,1
C015757,2916050,34992600,1133399,13600788,63632258,65185209,65185209,610785,803,0,0
C015758,6216441,74597292,3601701,43220412,241945691,77853324,51558929,363000,841,0,0
C015759,4563359,54760308,1885530,22626360,222265763,89413577,58319090,341008,698,0,0
C015760,4147275,49767300,2002231,24026772,249524495,30246384,25170458,233751,832,0,0
C015761,8630744,103568928,5644192,67730304,459775984,30662339,30662339,780014,768,0,0
C015762,3372583,40470996,2146548,25758576,133848589,18269119,13674391,308684,758,0,0
C015763,4078991,48947892,2806570,33678840,75572249,17396963,15667155,81580,749,0,0
C015764,3801232,45614784,2488705,29864460,145823658,59564332,41288947,345864,740,0,0
C015765,1993487,23921844,1139774,13677288,29092931,12632241,12632241,201334,818,1,0
C015766,3517548,42210576,2922333,35067996,256800910,32353489,23903850,509070,736,1,0
C015767,1800000,21600000,943646,11323752,42726333,18784028,16356756,131401,804,0,0
C015768,6500982,78011784,3166362,37996344,266677269,56211834,56211834,743265,801,0,0
C015769,1800000,21600000,1213116,14557392,49739376,30529547,29485517,263405,794,0,0
C015770,6226852,74722224,2843326,34119912,248631680,20466366,20466366,293373,896,0,0
C015771,4023533,48282396,2285795,27429540,110088112,41738987,18404948,190847,897,1,0
C015772,4632291,55587492,3089620,37075440,140336958,75759390,45667561,284360,755,0,1
C015773,7800416,93604992,4098352,49180224,364542289,212306013,195217686,2114884,701,1,0
C015774,3145108,37741296,2367909,28414908,69292137,29792544,24778790,311359,797,1,0
C015775,3540770,42489240,2339889,28078668,484687786,11556170,11556170,117368,799,0,0
C015776,4119476,49433712,2620110,31441320,177454011,52782205,52782205,555295,766,0,0
C015777,1800000,21600000,1201012,14412144,42137022,37158495,30044675,282039,853,0,0
C015778,4399743,52796916,3274813,39297756,216424674,28653875,22132064,349864,791,0,0
C015779,5357986,64295832,3098644,37183728,88517161,74038073,74038073,746322,842,1,0
C015780,7940218,95282616,4992244,59906928,170527619,63120984,42259505,583373,765,0,0
C015781,2032712,24392544,806276,9675312,50247235,13757986,9811603,190099,787,0,0
C015782,7251189,87014268,4942737,59312844,193344942,29527670,29527670,869961,743,0,0
C015783,5002590,60031080,2418897,29026764,455797072,70718065,57111640,802841,950,0,0
C015784,2659665,31915980,1876427,22517124,39069172,81110658,78472392,684232,604,0,1
C015785,6039282,72471384,3130122,37561464,638653668,44498911,38494454,536884,670,0,0
C015786,8016220,96194640,5292154,63505848,153182532,214110225,203811456,1332647,755,1,0
C015787,4652005,55824060,2815548,33786576,86762431,93581050,63634770,642601,727,0,0
C015788,3513318,42159816,2465340,29584080,82122735,69603744,65860523,468059,758,0,0
C015789,2904173,34850076,1603316,19239792,225226004,20823879,20823879,306345,785,0,0
C015790,4101357,49216284,2786710,33440520,174936984,67580788,43859465,571539,744,0,0
C015791,1835833,22029996,1050741,12608892,41693101,18509715,14455879,210240,782,1,0
C015792,4870300,58443600,3299344,39592128,271124378,39285686,20471561,281282,839,0,0
C015793,2919200,35030400,1880190,22562280,119826298,26966332,17341867,242829,682,0,0
C015794,4609555,55314660,3685864,44230368,77866241,64492424,49722932,426928,721,0,0
C015795,6468021,77616252,2856015,34272180,1086627528,38660590,24089143,357335,799,0,0
C015796,5820795,69849540,2519509,30234108,48311108,86807576,70824213,1041237,733,0,0
C015797,4539261,54471132,2304701,27656412,308001092,22071421,22071421,401096,723,0,0
C015798,3304323,39651876,2298622,27583464,196236324,36453231,32807860,141866,868,0,0
C015799,7754905,93058860,6732156,80785872,44078857,118793421,81679438,1078396,726,0,1
C015800,5129444,61553328,3335094,40021128,233430526,57062676,26848818,371476,695,1,0
C015801,5583260,66999120,3128642,37543704,98030494,49812558,48463170,473548,797,0,0
C015802,5987436,71849232,2795771,33549252,347525867,49392751,26557255,299806,797,0,0
C015803,5742554,68910648,2491800,29901600,106980517,94890011,92533333,555068,881,0,0
C015804,4591756,55101072,3126075,37512900,128751714,27617538,27617538,353112,737,0,0
C015805,3011754,36141048,1386038,16632456,223630477,57362213,57362213,515012,727,0,0
C015806,4571335,54856020,1465795,17589540,215866221,117492534,97299445,1058100,799,1,0
C015807,2758712,33104544,1739138,20869656,184323736,29641450,14296311,342008,798,0,0
C015808,5096038,61152456,2588029,31056348,306542454,15027948,15027948,243359,848,1,0
C015809,4756160,57073920,1921171,23054052,217871396,67380146,45899370,486797,785,0,0
C015810,5078931,60947172,3078146,36937752,123784563,14096745,14096745,200723,856,0,0
C015811,7051682,84620184,3712751,44553012,262607698,105097669,74792686,885127,719,0,0
C015812,3128161,37537932,1184790,14217480,98312313,29078033,24194162,235583,717,0,0
C015813,2806058,33672696,1137978,13655736,75060269,19600116,12822756,143276,808,0,0
C015814,6387681,76652172,5261179,63134148,96562824,112394219,83043138,559434,758,0,0
C015815,4977547,59730564,2379923,28559076,88375241,44004897,35585407,370215,807,0,0
C015816,3789955,45479460,2595511,31146132,144388494,85753332,56019230,451117,694,0,0
C015817,3274230,39290760,2524844,30298128,90703393,73822054,72896540,758357,786,0,0
C015818,4094897,49138764,2972863,35674356,360499444,125131352,110138341,1028988,702,0,0
C015819,2529847,30358164,1389368,16672416,162779052,14868583,13395780,161322,799,0,0
C015820,4157436,49889232,2609173,31310076,212800861,117333684,109695418,869223,768,0,0
C015821,2798333,33579996,1995567,23946804,161215169,30672552,29961802,348294,740,1,0
C015822,9357483,112289796,3987763,47853156,222644080,88380566,88380566,1081146,791,0,0
C015823,1800000,21600000,962683,11552196,250312995,20652770,20652770,245962,861,0,0
C015824,6583250,78999000,3784355,45412260,277219384,92001977,81432105,789709,868,0,0
C015825,2665526,31986312,1312253,15747036,59224271,47244077,30230120,523166,791,0,0
C015826,2742456,32909472,1484763,17817156,54570758,17503252,16010635,134458,867,0,0
C015827,3705000,44460000,2375805,28509660,213480449,32338809,10299715,380865,779,0,0
C015828,4472106,53665272,3153664,37843968,271011545,49765136,49765136,720112,784,0,0
C015829,2856160,34273920,2055213,24662556,107791437,49064148,43309243,351091,919,0,0
C015830,5433505,65202060,3086711,37040532,613184300,32127539,25107641,310026,794,0,0
C015831,6704411,80452932,3432195,41186340,313809938,60487378,54164307,330673,933,1,0
C015832,3925401,47104812,2734921,32819052,102805233,27417713,24272023,528546,751,0,0
C015833,7200386,86404632,5599601,67195212,233230704,87536468,62895615,986378,733,0,0
C015834,3521066,42252792,2289875,27478500,58265727,49137373,26767117,316381,756,0,0
C015835,3251419,39017028,1741665,20899980,90819979,23815946,16307248,280193,772,0,0
C015836,4554159,54649908,1438392,17260704,156150991,36827254,15938325,308473,816,0,0
C015837,6340723,76088676,2215458,26585496,90007590,42875827,18658758,600001,737,0,0
C015838,4185424,50225088,2422406,29068872,158936473,32279243,20158396,453594,754,0,0
C015839,1880185,22562220,942908,11314896,61030539,8304199,8304199,80778,883,0,0
C015840,4235808,50829696,2410712,28928544,266444777,69935526,69935526,479439,792,0,0
C015841,3662031,43944372,2332166,27985992,141054346,27743840,22092186,272532,678,0,0
C015842,2781635,33379620,1514261,18171132,57602683,89106276,75399239,446795,685,0,0
C015843,3861684,46340208,2189508,26274096,215819277,95887693,95887693,695875,747,1,0
C015844,2588548,31062576,1909490,22913880,92861078,79486172,62259518,294239,763,0,0
C015845,5895356,70744272,3230409,38764908,117353226,64104108,43496073,673558,748,0,0
C015846,3841173,46094076,3035769,36429228,38278101,38007458,33046064,289271,735,0,0
C015847,5184338,62212056,2619202,31430424,632717397,22977516,22977516,145700,826,0,0
C015848,1888334,22660008,801300,9615600,60661816,10734263,8407214,50000,779,0,0
C015849,2226868,26722416,1349500,16194000,27591507,45850850,30660763,231977,696,0,0
C015850,3959471,47513652,3214313,38571756,69536435,43844516,35266444,690054,644,0,1
C015851,6034997,72419964,4101911,49222932,193809248,63159190,40661337,419753,775,0,0
C015852,2489482,29873784,1300705,15608460,42070572,30059260,30059260,336620,822,1,0
C015853,5631643,67579716,3956264,47475168,108016342,82170499,82170499,817671,766,0,0
C015854,4047187,48566244,1422622,17071464,104861769,59340002,59340002,526866,836,0,0
C015855,4100963,49211556,2490810,29889720,197502553,59060083,46794566,337606,807,0,0
C015856,6062447,72749364,4185247,50222964,324199087,250368741,223349376,1605017,764,0,1
C015857,3398332,40779984,2104688,25256256,224632043,55469659,55469659,401690,720,0,0
C015858,4114667,49376004,2539855,30478260,89717709,54345187,26127673,189678,760,0,0
C015859,2611475,31337700,1321512,15858144,47272979,44321688,36107463,381112,859,0,0
C015860,3410757,40929084,2553415,30640980,298583619,35097739,35097739,550461,736,0,0
C015861,2762329,33147948,1190977,14291724,56552245,20116265,10590188,169302,773,0,0
C015862,2101780,25221360,875759,10509108,73486232,19800305,19697189,266642,783,0,0
C015863,6023519,72282228,3335120,40021440,298495176,166587589,140792032,1123919,758,0,0
C015864,4053930,48647160,1817543,21810516,137583227,51608791,38091865,457353,851,0,0
C015865,2510951,30131412,1663439,19961268,86934479,37580466,37580466,420176,690,0,0
C015866,5598731,67184772,3825384,45904608,164365670,23435529,8984122,387398,780,0,0
C015867,3271993,39263916,1652223,19826676,84905136,73755787,70835772,723934,751,0,0
C015868,3918087,47017044,2419011,29028132,200318635,32925678,23055158,294500,697,2,0
C015869,5019376,60232512,2976486,35717832,398681707,128436218,102271487,939387,782,0,0
C015870,2565446,30785352,1061355,12736260,123845608,36500253,36500253,320620,748,0,0
C015871,4439018,53268216,1942446,23309352,99960702,28018885,28018885,555778,817,0,0
C015872,2579044,30948528,1373317,16479804,137589675,36497891,27717036,263679,762,0,0
C015873,6950482,83405784,5443298,65319576,307871284,70040128,41641055,1071605,711,0,1
C015874,7132831,85593972,4814677,57776124,260594227,179505038,179505038,1250873,727,1,0
C015875,5889231,70670772,3356856,40282272,143748345,115817882,88908224,858462,769,0,0
C015876,3359100,40309200,1879427,22553124,234478278,35166046,26647711,67182,846,0,0
C015877,2988530,35862360,1883192,22598304,57472053,43320436,27439831,249940,802,0,0
C015878,3040063,36480756,1642640,19711680,263242814,26753857,17309670,232283,826,0,0
C015879,3476106,41713272,1706676,20480112,235758376,48050372,46028657,238986,831,0,0
C015880,7182649,86191788,4921091,59053092,804091745,36737168,17978071,143653,804,0,0
C015881,3368963,40427556,1905288,22863456,565985784,89088630,73644226,827360,657,1,1
C015882,4094810,49137720,2467331,29607972,417424172,31973005,26777628,212115,827,0,0
C015883,3420194,41042328,1815548,21786576,61145526,51162225,45732470,511609,772,0,0
C015884,8397455,100769460,5214819,62577828,222388675,225077219,182748473,1234819,723,0,0
C015885,1800000,21600000,745446,8945352,62239855,16999771,6839935,176194,723,1,0
C015886,3849667,46196004,2250634,27007608,382351240,42404337,24653582,170061,788,0,0
C015887,2245551,26946612,1086332,13035984,65598310,48548955,47710547,209389,768,0,0
C015888,4417910,53014920,1152677,13832124,188414964,65230342,50443244,621377,751,0,0
C015889,2746463,32957556,1306746,15680952,106749880,31658002,31658002,398520,808,0,0
C015890,4071155,48853860,2557758,30693096,225704477,67951629,29217495,489977,728,0,1
C015891,5439894,65278728,3810931,45731172,419658431,47795609,47795609,347334,811,0,0
C015892,4784853,57418236,3046675,36560100,77307632,58845807,42462658,307145,847,0,0
C015893,3972285,47667420,2735738,32828856,115928177,48587562,42898099,501284,828,0,0
C015894,6403219,76838628,3293423,39521076,110571879,48539287,41515666,128064,831,0,0
C015895,5696948,68363376,3043196,36518352,504922156,66373762,30623683,494231,877,0,0
C015896,4961752,59541024,3027471,36329652,201778181,90768898,63588271,810092,846,0,0
C015897,6554424,78653088,3761099,45133188,301654651,60110685,37974051,293700,787,0,0
C015898,2803037,33636444,993449,11921388,191115745,21511232,13031149,312499,737,0,0
C015899,6731194,80774328,5368703,64424436,230640842,80279135,46067105,389292,934,0,0
C015900,3399810,40797720,2956618,35479416,35472597,65120356,56535665,430560,599,1,0
C015901,4960163,59521956,3362232,40346784,404722913,125451443,105598634,729672,788,0,0
C015902,2196394,26356728,1537113,18445356,91011713,35277079,24093862,239582,647,0,0
C015903,5844723,70136676,3523933,42287196,589157895,173373429,165779275,1004237,863,0,0
C015904,5864564,70374768,4340015,52080180,203351607,86261062,60442371,416537,805,0,0
C015905,2648480,31781760,1891456,22697472,197402483,37923313,25345772,291949,747,1,0
C015906,4675590,56107080,1800796,21609552,252853819,59792207,59792207,583840,852,0,0
C015907,5256436,63077232,2671644,32059728,96812218,38392195,30677407,161536,790,0,0
C015908,1800000,21600000,1132521,13590252,39804557,38985712,37749188,205353,786,0,0
C015909,4794851,57538212,1946510,23358120,98588982,81610723,75168765,578062,781,0,0
C015910,3819773,45837276,2772872,33274464,175273925,21958837,18383711,82823,888,0,0
C015911,1913820,22965840,1081829,12981948,70470893,24806984,19960672,259276,744,0,0
C015912,2746170,32954040,1928391,23140692,120622293,30968212,14630042,188258,699,0,0
C015913,2918505,35022060,2392413,28708956,265429534,76828537,73468515,572115,657,4,0
C015914,2762808,33153696,1622921,19475052,178883671,52910635,44862544,393670,797,0,0
C015915,4607670,55292040,3711374,44536488,169478638,38926177,27561125,344654,797,0,0
C015916,3057543,36690516,1814040,21768480,66326944,111565341,111565341,875201,822,0,0
C015917,3861023,46332276,2464569,29574828,69871523,128166657,111006635,827797,777,0,0
C015918,3748536,44982432,1333456,16001472,280611754,22842195,17799334,286787,943,0,0
C015919,1848173,22178076,1353600,16243200,19634721,27663074,18912207,210215,755,0,0
C015920,5245901,62950812,3486618,41839416,215501085,65677259,45170841,335410,922,0,0
C015921,2040405,24484860,800258,9603096,72494264,25486271,18730582,136200,783,0,0
C015922,2487757,29853084,1436099,17233188,172205938,15861061,9198603,132904,764,0,0
C015923,5140623,61687476,2508832,30105984,266827572,94307220,67545495,250257,709,1,0
C015924,4491612,53899344,2490232,29882784,251268438,28030783,28030783,727839,831,0,0
C015925,4613263,55359156,2120351,25444212,388419958,89146989,72590818,385404,759,0,0
C015926,3169137,38029644,1469030,17628360,38731189,47165667,37356286,312315,820,0,0
C015927,3833819,46005828,2177207,26126484,127104726,56841588,54688290,232741,805,0,0
C015928,4593838,55126056,2805024,33660288,218716727,112155237,109432682,878953,819,0,0
C015929,3980084,47761008,2107785,25293420,86811154,100906572,90065236,685745,815,0,0
C015930,4428453,53141436,2266775,27201300,94857727,46209855,40586475,324505,865,0,0
C015931,3616265,43395180,1904781,22857372,249384268,43528092,43528092,626349,761,0,0
C015932,2557502,30690024,1407617,16891404,165387138,26181639,11433194,80125,875,0,0
C015933,3829160,45949920,1960564,23526768,554486536,40485158,33421045,561930,731,0,0
C015934,5782789,69393468,4668458,56021496,224176811,61545515,46838507,734784,671,3,0
C015935,3931575,47178900,1951635,23419620,660504600,48569584,47711236,382775,858,0,0
C015936,1976439,23717268,1027853,12334236,62888862,34719130,25722116,226389,747,0,0
C015937,3629646,43555752,1519822,18237864,189155817,50040255,29413546,72593,859,0,0
C015938,6709645,80515740,3539021,42468252,532501609,31821138,27283983,327358,873,0,0
C015939,4630206,55562472,2677229,32126748,165635017,30892892,20390457,303799,770,0,0
C015940,3518913,42226956,1208699,14504388,168337738,61745990,47425541,557861,807,0,0
C015941,2037819,24453828,1207443,14489316,71427061,61174207,47326620,330456,601,0,0
C015942,1932991,23195892,1162537,13950444,46839399,23979319,19946065,192081,769,1,0
C015943,4764822,57177864,2950042,35400504,177606437,57265661,27387203,525207,700,0,0
C015944,3326375,39916500,2393088,28717056,488666600,19963161,16227980,341131,749,0,0
C015945,3203282,38439384,1771451,21257412,59663431,26123026,10315960,446167,768,0,0
C015946,4016565,48198780,2128443,25541316,542440887,48656694,41496318,299986,827,0,0
C015947,10318320,123819840,7202766,86433192,603792566,163218323,112198827,879504,738,0,0
C015948,11496511,137958132,7495799,89949588,1931413848,311865400,288682250,2379327,771,1,0
C015949,5740175,68882100,1458061,17496732,153850247,62287469,54395970,114804,833,0,0
C015950,2359731,28316772,1741504,20898048,85767312,16598198,13951284,236123,816,0,0
C015951,1963486,23561832,1255339,15064068,64322777,23843588,15129862,169719,741,0,0
C015952,2545876,30550512,1062798,12753576,57709220,26037696,9348691,209245,702,0,0
C015953,2361760,28341120,1465269,17583228,41302291,32953161,24127540,274512,727,0,0
C015954,3853935,46247220,1480906,17770872,373759523,41059227,25695984,396341,831,0,0
C015955,8973724,107684688,4729387,56752644,1507585632,115727029,67163786,738507,794,0,0
C015956,8876416,106516992,6348098,76177176,344566816,146324257,146324257,1626204,668,0,0
C015957,3225120,38701440,1643076,19716912,118240673,106314478,100316954,748424,860,0,0
C015958,3448740,41384880,862185,10346220,232507239,101327981,101327981,819131,763,0,0
C015959,3905630,46867560,3297734,39572808,142126535,32163252,32163252,405094,744,0,0
C015960,4698808,56385696,2644535,31734420,345128677,94189985,76935262,1070027,663,2,1
C015961,4390139,52681668,2453620,29443440,80481392,12407783,10813949,386246,927,0,0
C015962,2748660,32983920,1800011,21600132,37492020,36340634,20240769,195864,823,0,0
C015963,2255471,27065652,746280,8955360,166561679,26930991,16830273,178191,770,0,0
C015964,4480377,53764524,2186085,26233020,295645597,17264504,17264504,89608,823,0,0
C015965,5092671,61112052,3224812,38697744,270691355,46042405,38429453,351346,865,0,0
C015966,10077397,120928764,7149361,85792332,240559172,76610212,76610212,1353276,768,1,0
C015967,3032071,36384852,1687376,20248512,83430264,25957087,11948601,172151,788,0,0
C015968,2226432,26717184,1483676,17804112,77084374,22757483,13499026,116067,787,0,0
C015969,4446959,53363508,2999629,35995548,168784532,46989325,38858084,526176,765,0,0
C015970,2673174,32078088,1595364,19144368,93221443,28843296,19763191,246521,822,0,0
C015971,8692240,104306880,4354923,52259076,544623285,97019678,82997763,1009545,776,0,0
C015972,4412784,52953408,2185484,26225808,314082561,58022807,32100082,500964,780,0,0
C015973,6271799,75261588,4508141,54097692,599588303,338898035,325248755,1945972,737,0,0
C015974,6989652,83875824,3468943,41627316,207731033,310288700,310288700,2443462,756,0,1
C015975,2602226,31226712,2038223,24458676,177136727,21658449,16919137,52045,775,0,0
C015976,5902763,70833156,3126969,37523628,228918487,66105973,27527911,201746,835,0,0
C015977,3649671,43796052,1260752,15129024,180718497,45437301,40344516,365947,773,0,0
C015978,2654872,31858464,1173612,14083344,162691437,42747891,35997491,332058,749,0,0
C015979,4145737,49748844,1850910,22210920,696483816,66883692,66883692,468497,820,0,0
C015980,5587268,67047216,3831168,45974016,361836991,69494659,66866773,915067,891,0,0
C015981,6991687,83900244,3657293,43887516,65997119,165563145,157404473,1311787,923,0,0
C015982,4177846,50134152,2443397,29320764,91485508,50451484,44877435,445659,807,0,0
C015983,7015511,84186132,5444200,65330400,140673937,129758952,106726185,1063776,720,1,1
C015984,5152599,61831188,3882198,46586376,203560977,34704469,18211273,352150,748,0,0
C015985,2667335,32008020,1445313,17343756,257852041,79569569,75348966,674943,681,0,0
C015986,3935835,47230020,1953148,23437776,128196736,11109884,11109884,315683,816,1,0
C015987,2900364,34804368,1526613,18319356,320611130,24872708,15305375,106758,815,1,0
C015988,5724753,68697036,3913486,46961832,961758504,103358652,94061418,579767,835,0,0
C015989,4068973,48827676,3255516,39066192,683587464,23603527,14947846,417052,690,1,1
C015990,5957042,71484504,3162846,37954152,182920779,66025975,57796853,981035,846,0,0
C015991,3982792,47793504,2878865,34546380,212413288,50518688,30763973,404171,718,1,0
C015992,4821251,57855012,3693612,44323344,204388689,64357736,52069582,498196,668,1,0
C015993,9707323,116487876,4892460,58709520,310051224,81559447,49513053,585362,796,0,0
C015994,2964658,35575896,2169413,26032956,114960913,28633632,19798765,111321,755,0,0
C015995,7252415,87028980,3234126,38809512,691588420,46744235,29276483,810434,824,0,0
C015996,2613829,31365948,1491449,17897388,109220307,36494892,27830432,245493,785,0,0
C015997,4027721,48332652,2041010,24492120,215130096,35996686,25926746,355878,747,0,0
C015998,5118314,61419768,4131840,49582080,157442577,93195923,80978067,791696,782,0,0
C015999,7286785,87441420,3822388,45868656,760701045,214493896,175782088,962570,717,0,0
C016000,3068157,36817884,1731968,20783616,68550932,40124873,26054872,274456,775,0,0
C016001,3772714,45272568,2459604,29515248,69263954,59385093,44691974,351125,831,0,0
C016002,2466589,29599068,1507041,18084492,95181940,32501454,31682731,174360,777,0,0
C016003,6377193,76526316,3121836,37462032,492504212,113014653,82809985,657173,695,0,0
C016004,3998041,47976492,2652616,31831392,125322096,73686669,51342958,509056,728,0,1
C016005,4497039,53964468,2682533,32190396,198986868,32234686,13619436,360233,740,0,0
C016006,5266013,63192156,3812950,45755400,334074651,71615452,56755867,393612,769,0,0
C016007,5124460,61493520,2642976,31715712,860909280,61963831,52554373,202671,784,0,0
C016008,3786092,45433104,2408471,28901652,98742670,144779768,128092313,950756,751,0,0
C016009,4241447,50897364,2794601,33535212,674147886,14075012,9902431,149988,915,0,0
C016010,6065608,72787296,3632866,43594392,291411792,82482594,82482594,1085676,893,0,0
C016011,3480860,41770320,1265468,15185616,81812378,22084874,22084874,164996,778,0,0
C016012,1920717,23048604,1309674,15716088,79977284,25489374,19670344,97219,824,0,0
C016013,2497468,29969616,1406119,16873428,265046910,86253826,78705504,662306,732,0,0
C016014,3657897,43894764,1747741,20972892,157857245,39340181,32104279,305293,846,1,0
C016015,5596162,67153944,5752162,69025944,356505131,83690082,77259274,830048,595,0,0
C016016,5013755,60165060,4222624,50671488,186656022,55729261,48933799,534142,719,0,0
C016017,2633730,31604760,1387300,16647600,93332502,46937643,45002839,353356,788,0,0
C016018,2688753,32265036,1209076,14508912,67684612,72992703,53523282,402120,793,0,0
C016019,3733157,44797884,1591263,19095156,204720452,43984534,31533926,253529,763,0,0
C016020,3091172,37094064,1933684,23204208,75482356,23123391,23123391,227234,783,0,0
C016021,4190690,50288280,2493175,29918100,318748904,31556996,31556996,203725,789,0,0
C016022,3557247,42686964,2829914,33958968,323424585,58771198,43513479,418908,774,1,1
C016023,4900706,58808472,3303768,39645216,601030842,70337557,50695049,349380,715,0,0
C016024,5621740,67460880,3458236,41498832,125080757,52772598,37463620,219272,707,0,0
C016025,2512200,30146400,1559157,18709884,89997246,72761144,72761144,513864,744,0,0
C016026,7170541,86046492,3745778,44949336,301043234,65801008,39827067,950883,847,0,0
C016027,3440195,41282340,1706429,20477148,280031098,42839491,18076518,135708,921,0,0
C016028,4483246,53798952,3422020,41064240,454971755,80093266,64659491,682395,770,0,0
C016029,2669686,32036232,1335306,16023672,111068422,15632988,7771740,152368,776,0,0
C016030,3298691,39584292,1895609,22747308,69747818,120681139,105745568,832406,773,0,0
C016031,4543397,54520764,2522195,30266340,112818377,47141222,31851496,287873,839,0,0
C016032,2929176,35150112,1401005,16812060,207572749,34774550,26333877,113703,827,0,0
C016033,9457992,113495904,3904468,46853616,1317538404,60451383,35457201,189160,795,0,0
C016034,3284639,39415668,1502158,18025896,59304339,29495012,19250702,115398,820,0,0
C016035,4003866,48046392,3492211,41906532,265507633,34372111,24159331,481652,671,1,0
C016036,8154235,97850820,4726543,56718516,664718673,195274020,118597979,1137864,833,0,0
C016037,2732730,32792760,2042572,24510864,39008698,35675459,28350019,399823,660,0,0
C016038,4500737,54008844,3235110,38821320,133047728,21784437,21784437,115104,777,0,0
C016039,4850187,58202244,3745153,44941836,715505629,11303939,11303939,97004,770,0,0
C016040,1800000,21600000,631589,7579068,70039238,47194886,38538137,320712,746,0,0
C016041,3056363,36676356,1893281,22719372,178707666,29973785,19402908,194807,829,0,0
C016042,3611782,43341384,1119254,13431048,213799794,24168863,24168863,246307,869,0,0
C016043,3392676,40712112,1371722,16460664,120706595,60181798,33848517,389084,784,0,0
C016044,2919221,35030652,1923524,23082288,27860132,23222058,11414588,69223,765,0,0
C016045,3432327,41187924,1483838,17806056,128750527,52600253,27040659,305736,812,0,0
C016046,2531611,30379332,1022335,12268020,40819115,24209224,17686229,57550,741,0,0
C016047,2682061,32184732,1522968,18275616,368697388,80293317,59847018,395953,659,0,1
C016048,3659229,43910748,1979010,23748120,375089300,36491065,24661035,497369,816,0,0
C016049,2286128,27433536,1679821,20157852,153404269,27653490,25681634,195648,773,0,0
C016050,4862085,58345020,3709797,44517564,160942823,121282427,86119922,776235,724,0,0
C016051,3797626,45571512,1634285,19611420,112626988,49936263,38449152,392393,800,0,0
C016052,4514151,54169812,2444210,29330520,110283484,21681709,21681709,465845,778,0,0
C016053,7220623,86647476,4640590,55687080,1213064664,395834231,370711602,2759192,605,1,1
C016054,6665838,79990056,6999130,83989560,962639923,115956150,82547904,892697,621,0,0
C016055,6578940,78947280,3810775,45729300,121851993,127775112,121078045,1342115,775,0,0
C016056,5276013,63312156,2537430,30449160,117930305,69000926,57301927,625471,835,0,0
C016057,4723897,56686764,4077118,48925416,459754428,25089889,25089889,334541,700,0,0
C016058,4596350,55156200,1297037,15564444,452730205,58349431,52786278,596390,791,0,0
C016059,4003699,48044388,2113373,25360476,86579533,58153589,40132163,592123,654,1,1
C016060,9498211,113978532,6321209,75854508,48914827,90246678,74410940,1243567,863,0,0
C016061,6667043,80004516,4783768,57405216,303536981,45564407,45564407,154876,756,0,0
C016062,4376327,52515924,3310244,39722928,287777408,175773174,163624625,1257497,661,0,1
C016063,2917362,35008344,1186402,14236824,99901877,8701793,8701793,259827,807,0,0
C016064,4820613,57847356,2889617,34675404,272496401,32219468,25119626,241057,835,0,0
C016065,4287278,51447336,2713996,32567952,141984115,78575854,55458584,461814,731,0,0
C016066,3362170,40346040,2438681,29264172,478012071,31114123,16499895,398555,731,0,1
C016067,5078880,60946560,4155793,49869516,102659846,72814318,42280390,224643,817,0,0
C016068,3087811,37053732,2505659,30067908,109864686,9150418,9150418,61756,837,1,0
C016069,3871435,46457220,2808895,33706740,146778161,80457924,67887279,560740,792,0,0
C016070,3312495,39749940,1380491,16565892,111200324,84295639,73744528,657056,770,1,0
C016071,3622251,43467012,1736759,20841108,138381272,10144109,10144109,249222,776,0,0
C016072,3897788,46773456,2579876,30958512,359429454,23209242,16905574,211941,703,0,0
C016073,3043982,36527784,2141149,25693788,106621876,84203819,78345091,363428,713,1,0
C016074,4378258,52539096,2662954,31955448,329454154,40666135,26958682,315283,739,1,0
C016075,5983751,71805012,3854164,46249968,311575189,140578865,140578865,656146,779,0,0
C016076,6355195,76262340,4419487,53033844,120104424,70576412,47121734,554669,816,1,0
C016077,3399144,40789728,1207189,14486268,52398719,49245468,37636441,410364,844,0,0
C016078,3585048,43020576,2198939,26387268,111889513,24055063,24055063,433547,740,0,0
C016079,4299657,51595884,2016728,24200736,449626225,73276365,73276365,423043,821,0,0
C016080,9987657,119851884,7742549,92910588,320483149,70334083,70334083,529335,751,0,0
C016081,3487514,41850168,2297308,27567696,165799806,43335202,20569576,354727,786,1,0
C016082,5460242,65522904,2344084,28129008,272221293,54208766,46755375,224197,885,0,0
C016083,5450965,65411580,3487984,41855808,222833454,63063099,53334793,401186,745,0,0
C016084,4412608,52951296,2658974,31907688,267361150,77317417,73592145,581438,759,0,0
C016085,5583905,67006860,2050449,24605388,148101013,108740078,96980577,773059,773,0,0
C016086,3557228,42686736,2684681,32216172,194742227,47033187,35651849,187195,821,0,0
C016087,2037302,24447624,1419692,17036304,307710177,22131104,13034781,155180,749,0,0
C016088,2157467,25889604,1411986,16943832,45425343,26318424,23897860,214469,779,0,0
C016089,2959326,35511912,2575308,30903696,267970546,58148495,51637353,385369,715,0,0
C016090,2277006,27324072,1598344,19180128,79308623,31223151,30370767,425974,812,0,0
C016091,2769148,33229776,1468977,17627724,144612573,75056937,60199976,557011,657,2,0
C016092,3645095,43741140,1929054,23148648,415073815,50116542,26009786,262787,783,0,0
C016093,3090594,37087128,991384,11896608,431403590,24320598,18845381,254825,809,0,0
C016094,9582920,114995040,4649857,55798284,98199147,90653943,54968787,406743,851,0,0
C016095,2240697,26888364,1295005,15540060,106241219,19703172,15485575,50000,854,0,0
C016096,1958524,23502288,1195807,14349684,155242901,34071575,30901949,362900,871,1,0
C016097,6100010,73200120,3624662,43495944,148945801,205482529,187237615,1457918,754,0,0
C016098,1939512,23274144,1032050,12384600,71221823,20170581,11728322,74283,791,0,0
C016099,2950709,35408508,1919167,23030004,193579857,28600698,26570458,168102,843,0,0
C016100,3686676,44240112,1572203,18866436,193747469,33760743,21714153,473885,686,0,0
C016101,3533550,42402600,1783334,21400008,188828252,24039480,13395872,233246,833,0,0
C016102,2289921,27479052,1367114,16405368,305643565,18351581,18351581,238105,707,0,0
C016103,3836569,46038828,2734515,32814180,118819350,34965891,12907749,592030,775,0,0
C016104,4321049,51852588,2782537,33390444,397332097,106323196,106323196,817914,847,0,0
C016105,2820733,33848796,1143294,13719528,43752174,66611213,52627021,287333,857,0,0
C016106,5983984,71807808,3673213,44078556,473913624,184009658,156351299,1269662,649,2,0
C016107,3619854,43438248,2053559,24642708,230043155,24222126,19750155,408431,752,0,0
C016108,4227899,50734788,1676197,20114364,344512315,31150099,20827800,482288,808,1,0
C016109,5045774,60549288,2093361,25120332,272899246,61169632,48346312,576336,853,0,0
C016110,3876411,46516932,2735016,32820192,208612032,50307330,27092064,319344,826,0,0
C016111,3884989,46619868,1485202,17822424,69685096,123477224,109298021,869971,770,0,0
C016112,4469865,53638380,3062036,36744432,355144573,50395192,36666976,521805,728,1,1
C016113,2534995,30419940,1077580,12930960,72138949,6941880,6941880,128070,767,0,0
C016114,2234868,26818416,1540886,18490632,125677707,35343714,26442729,236292,728,0,0
C016115,5866356,70396272,3320576,39846912,329959120,82860165,55623764,623499,746,0,0
C016116,3684091,44209092,2135482,25625784,72292548,35291700,18788421,301837,823,0,0
C016117,5809243,69710916,3226987,38723844,359685068,41563014,41563014,485202,775,0,0
C016118,2505127,30061524,1172441,14069292,190203559,30573632,24424729,248541,871,0,0
C016119,5374100,64489200,3316950,39803400,803172812,25911136,25911136,526480,782,0,0
C016120,6587231,79046772,4507558,54090696,258593373,97397853,61341764,762325,702,0,0
C016121,3288919,39467028,1442380,17308560,154318643,67977856,67977856,356886,855,0,0
C016122,2792051,33504612,1563348,18760176,74192789,25186747,17173723,341609,702,0,0
C016123,5693937,68327244,2624065,31488780,151915539,140614681,140614681,677162,691,0,0
C016124,4671879,56062548,2016172,24194064,620893610,53422602,53422602,481876,842,0,0
C016125,4045597,48547164,3084204,37010448,679640546,86493437,76357721,686312,707,0,0
C016126,2044612,24535344,1074005,12888060,99195158,28488496,20065505,215638,779,0,0
C016127,3523717,42284604,2688853,32266236,70610672,38929129,17165729,248603,740,0,0
C016128,2521504,30258048,1278770,15345240,37637332,31004374,29529006,394731,800,0,0
C016129,10055557,120666684,5737419,68849028,270290892,90600343,70171665,1164414,870,0,0
C016130,3048753,36585036,1646832,19761984,28971864,21639747,19102582,305032,868,0,1
C016131,2138455,25661460,976470,11717640,60995625,35403271,35403271,325825,780,0,0
C016132,2713741,32564892,1131446,13577352,322544683,31038341,21377139,189674,779,0,0
C016133,3279523,39354276,1820369,21844428,214148069,28000656,21942522,99482,827,0,0
C016134,2023652,24283824,1390385,16684620,15514435,34131093,28753440,148034,676,1,0
C016135,4774244,57290928,2952073,35424876,363210805,48789306,48789306,532683,761,0,0
C016136,6951592,83419104,2272623,27271476,154749213,108734956,94760611,559408,756,0,0
C016137,3015016,36180192,1309429,15713148,69068179,35879049,17746683,307687,714,1,1
C016138,6456308,77475696,3392977,40715724,374812622,110145740,63152631,627576,838,0,1
C016139,3056023,36672276,2058634,24703608,31679729,18990059,18990059,261545,762,0,0
C016140,5025845,60310140,2999318,35991816,530711010,47278918,31028679,286337,764,0,1
C016141,4166469,49997628,2507357,30088284,95659268,22463684,22463684,404132,873,0,0
C016142,6205150,74461800,4353078,52236936,319011275,106653955,88418022,861108,678,0,0
C016143,5413252,64959024,2518370,30220440,156698725,137878645,125728695,743571,838,0,0
C016144,5742297,68907564,2878832,34545984,191288123,110452075,97338099,893032,767,0,0
C016145,6193252,74319024,3322221,39866652,306028166,68506198,38355403,351762,841,0,0
C016146,4253588,51043056,1813694,21764328,245088406,62386378,37942083,428688,770,0,0
C016147,6005894,72070728,2251944,27023328,333756553,62537730,40088203,891705,841,0,0
C016148,6403647,76843764,4156638,49879656,1014263994,29803127,29803127,128073,795,0,0
C016149,2834861,34018332,1628266,19539192,190352976,21233100,9393962,119185,756,0,0
C016150,3124294,37491528,2177606,26131272,327452801,45546905,21510391,305692,671,0,0
C016151,4061624,48739488,2957035,35484420,103704907,35192043,26380104,326271,907,0,0
C016152,6001026,72012312,3682451,44189412,170457614,66011771,54726863,882420,791,0,0
C016153,5410555,64926660,3303187,39638244,278531537,73664720,38014682,555488,738,0,0
C016154,3606670,43280040,2760286,33123432,165909423,34997937,22268681,254714,798,0,0
C016155,2616453,31397436,1860345,22324140,351004668,20373644,13606242,241914,806,0,0
C016156,4597327,55167924,2661396,31936752,294863596,23173016,15642530,362625,816,0,0
C016157,4759208,57110496,3221947,38663364,119721055,14345097,14345097,314709,773,0,0
C016158,2653417,31841004,1125145,13501740,233598628,38384913,29205263,215042,794,0,0
C016159,3965877,47590524,2183131,26197572,203532048,43600663,32352864,419946,892,0,0
C016160,5668140,68017680,2896763,34761156,171961882,60411616,60411616,443247,802,0,0
C016161,4786990,57443880,3812694,45752328,312936227,16953313,16953313,392253,719,0,0
C016162,1800000,21600000,915160,10981920,30728647,26142387,23044258,205648,798,0,0
C016163,3500668,42008016,2408451,28901412,54385957,24259293,24259293,395840,879,0,0
C016164,2703635,32443620,901078,10812936,52560323,48661600,39615439,195307,826,0,0
C016165,9352162,112225944,5529299,66351588,535099429,79034412,79034412,209673,825,0,0
C016166,5219641,62635692,3555794,42669528,85187292,114683116,76965246,653586,804,0,0
C016167,3600195,43202340,2229504,26754048,96069110,55708453,55708453,639860,719,0,0
C016168,10773852,129286224,7052733,84632796,1208136528,207161022,201564016,1831632,824,0,0
C016169,2433952,29207424,1362649,16351788,71226246,49883369,33162418,325563,707,0,1
C016170,3220556,38646672,1353757,16245084,182068585,34843649,30258270,185631,816,0,0
C016171,4191886,50302632,2217503,26610036,158287153,36130887,26851583,577768,772,0,0
C016172,4664425,55973100,3178912,38146944,339569321,60745463,41515069,512188,727,1,0
C016173,8092849,97114188,4726263,56715156,447359086,129708799,97452133,198236,714,1,0
C016174,3071581,36858972,1398015,16776180,468041961,45000112,33658163,419748,860,0,0
C016175,6147996,73775952,4555802,54669624,588112293,50384139,40792752,602101,838,0,0
C016176,4215629,50587548,3414894,40978728,82713269,50314063,41475360,407165,811,0,0
C016177,3637185,43646220,2760516,33126192,84396754,18402445,18402445,309275,805,0,0
C016178,6861446,82337352,3927917,47135004,385041524,76231282,62741143,346311,797,0,0
C016179,2822706,33872472,1503206,18038472,84496670,7399860,7399860,233014,837,0,0
C016180,3436798,41241576,2260620,27127440,49344501,64453910,38099543,569832,824,0,0
C016181,3749035,44988420,2423734,29084808,78063862,65499988,44114265,495851,772,0,0
C016182,8490229,101882748,4932634,59191608,526661466,112197776,59722866,1001874,795,0,0
C016183,1800000,21600000,1158599,13903188,302400000,16228660,16228660,249287,827,0,0
C016184,2055909,24670908,1065799,12789588,264671688,31916521,18896114,111737,863,0,0
C016185,6127028,73524336,3420155,41041860,224434858,58145811,26401538,122541,839,0,0
C016186,3680720,44168640,2696695,32360340,167312242,66077679,54647098,508785,765,0,1
C016187,6698014,80376168,3790300,45483600,67955701,56953468,37095378,133960,755,0,0
C016188,2796722,33560664,1726876,20722512,177655705,36261641,21424554,279227,801,0,0
C016189,7071370,84856440,3091125,37093500,130317684,32428102,31273722,544989,750,0,0
C016190,2612469,31349628,1756554,21078648,117090427,68935607,50710284,475336,722,0,0
C016191,3851744,46220928,1997158,23965896,100169618,90965893,77994949,534829,722,0,0
C016192,3808417,45701004,2542411,30508932,161399163,49698281,35381301,287856,749,0,0
C016193,4287515,51450180,2931815,35181780,450478503,27847248,27586952,386425,833,0,0
C016194,3002106,36025272,1276215,15314580,205539794,14764665,14764665,410568,923,0,0
C016195,10712358,128548296,7142736,85712832,259720521,115417879,63424691,1194317,761,0,0
C016196,2673016,32076192,2479891,29758692,115987651,28127405,21357363,223936,684,2,1
C016197,6054047,72648564,2271989,27263868,1017079896,27610086,23838790,147974,822,0,0
C016198,8510595,102127140,5513461,66161532,311024226,47641145,30987842,702519,805,0,0
C016199,2928334,35140008,1472282,17667384,124531772,60900714,53361722,513112,736,0,0
C016200,3275988,39311856,1847537,22170444,96056888,48474241,21125434,243049,863,1,0
C016201,3969286,47631432,2046083,24552996,134425726,41942296,31896547,420063,718,3,1
C016202,4667162,56005944,3189559,38274708,215880213,116245137,91618051,441610,742,0,0
C016203,5623850,67486200,2808281,33699372,93470427,130142086,116688464,1162076,766,0,1
C016204,4380063,52560756,1532109,18385308,181500852,227847925,224663317,1321206,738,0,0
C016205,5448816,65385792,2221362,26656344,119711735,210385799,185195652,1280922,781,0,0
C016206,4293457,51521484,2429231,29150772,450710888,39052135,14112449,222015,827,0,0
C016207,4215248,50582976,2832239,33986868,51155987,69222547,29370581,463673,698,2,0
C016208,3727604,44731248,2131833,25581996,244862730,103338185,103338185,753236,752,0,0
C016209,3756093,45073116,2354845,28258140,68713704,32514446,26051893,270176,739,0,0
C016210,3703336,44440032,2814220,33770640,316573986,14329587,14329587,116443,716,0,0
C016211,1833690,22004280,982236,11786832,115760842,22974685,16260052,293482,828,0,0
C016212,3676266,44115192,2245566,26946792,33323013,66813415,45501069,513109,727,0,0
C016213,5970972,71651664,4821323,57855876,118780366,74342474,13920541,462498,679,0,0
C016214,2035714,24428568,988695,11864340,46485858,25438002,20198886,235875,761,1,0
C016215,6367686,76412232,3615445,43385340,172672418,45138249,34150635,409228,834,0,0
C016216,5402902,64834824,2741223,32894676,199089796,172304424,146954596,765563,788,0,0
C016217,4141480,49697760,3638587,43663044,65257798,62502811,54266573,638750,683,1,1
C016218,3231749,38780988,1713072,20556864,178867220,24121042,18523188,211434,804,0,0
C016219,1800000,21600000,1157911,13894932,63268022,37449250,29422253,248214,755,0,0
C016220,2383284,28599408,1662115,19945380,298450856,25345293,21195920,166286,698,2,0
C016221,7380665,88567980,3311367,39736404,140436839,162308266,143539126,874836,746,0,0
C016222,6363320,76359840,4436975,53243700,227509778,153713579,129314915,1211361,807,0,0
C016223,4871304,58455648,3102151,37225812,370662993,40641861,23950838,364017,798,0,0
C016224,8125176,97502112,4487033,53844396,695992095,128056276,100803348,1216776,813,0,0
C016225,4308817,51705804,2775658,33307896,276865521,43342781,43342781,593518,766,0,0
C016226,3666871,44002452,2053056,24636672,313751178,42844776,34021232,290578,760,0,0
C016227,4509290,54111480,1933464,23201568,298119588,57708610,42274032,353587,745,0,0
C016228,4411484,52937808,2610866,31330392,91924948,28609622,17982848,512889,871,0,0
C016229,3311011,39732132,2290501,27486012,61971860,28517422,18538513,201635,771,0,0
C016230,4584290,55011480,2640993,31691916,217837339,42289404,16257364,362092,898,0,0
C016231,4450251,53403012,2533361,30400332,322446884,52592312,33340437,303085,841,0,0
C016232,3523127,42277524,1945558,23346696,80286536,40610586,34660049,208797,762,0,0
C016233,6467589,77611068,5278788,63345456,383909436,116052701,56188019,1009046,673,0,1
C016234,5504727,66056724,2286587,27439044,230119570,168965646,160019339,853743,762,0,0
C016235,7021069,84252828,4600173,55202076,188309266,122008587,64200830,889085,731,0,0
C016236,3755179,45062148,1492175,17906100,305825726,63891497,39075284,469941,878,0,0
C016237,5122139,61465668,2553510,30642120,114004986,43633113,39386476,347444,736,0,0
C016238,3797750,45573000,2028022,24336264,511723781,98825294,89389477,728133,751,0,0
C016239,7367490,88409880,2809331,33711972,655886195,229989268,229989268,1828085,720,0,0
C016240,7230826,86769912,3978807,47745684,678016571,92419010,53716812,145417,763,0,0
C016241,2796959,33563508,1452200,17426400,205585748,76394391,62279557,576753,831,0,0
C016242,1800000,21600000,1127501,13530012,131793710,28465455,21327944,179685,697,0,0
C016243,4071468,48857616,2543542,30522504,413828850,43422531,36430160,300998,678,0,0
C016244,4539375,54472500,3750694,45008328,228833598,97419729,69952060,529337,624,1,1
C016245,3428668,41144016,2654179,31850148,153474981,156341273,146810916,1174140,653,0,1
C016246,3903016,46836192,2080702,24968424,241277131,65999195,48204376,490391,724,0,0
C016247,4557583,54690996,1543111,18517332,71849821,66547986,41111293,458070,821,0,0
C016248,4283295,51399540,1934997,23219964,719593560,76317945,54437828,684659,717,0,1
C016249,3878252,46539024,2742462,32909544,428101069,35322162,24898676,576632,604,1,0
C016250,4289320,51471840,2444236,29330832,617739718,52860099,21080209,284492,782,0,0
C016251,7389153,88669836,1847288,22167456,191304199,122126058,81242218,1030259,826,0,1
C016252,4908088,58897056,3601152,43213824,824558784,121141990,119959002,773819,740,0,0
C016253,3279776,39357312,2368235,28418820,102214804,41359051,41359051,305886,889,0,0
C016254,4074844,48898128,2998872,35986464,60613147,69952669,52004951,479299,774,0,0
C016255,3738014,44856168,2584898,31018776,336004514,20014280,9979395,196161,801,0,0
C016256,2169685,26036220,1067486,12809832,104898191,73680501,64013124,460038,777,2,1
C016257,6852018,82224216,3653856,43846272,52098588,99438205,75011948,791229,670,1,0
C016258,2386796,28641552,1655048,19860576,140976583,11019857,10560955,284329,719,0,0
C016259,2220881,26650572,1105605,13267260,63046690,24280839,19448308,173939,808,0,0
C016260,6816092,81793104,4987273,59847276,201536122,50870816,47944789,615848,723,0,0
C016261,8543705,102524460,2135926,25631112,849251846,121417342,76586549,585268,797,0,0
C016262,3071447,36857364,1696561,20358732,169616417,31675697,22568041,248561,756,0,0
C016263,7313283,87759396,2985906,35830872,493658141,39694042,39694042,812283,837,0,0
C016264,10653900,127846800,6700126,80401512,1195693147,147625039,108337516,740878,830,0,0
C016265,2780901,33370812,1392917,16715004,125903366,34690255,34201215,218993,810,0,0
C016266,4653245,55838940,2809202,33710424,766941176,69052587,37497376,511217,716,1,0
C016267,5649017,67788204,3089032,37068384,147346351,53219594,45416908,835500,716,0,0
C016268,5998821,71985852,2887685,34652220,365838370,66805342,49120670,878710,768,1,0
C016269,2647039,31764468,973447,11681364,149440926,19936976,12517661,52941,854,0,0
C016270,5257050,63084600,3912742,46952904,251209522,18127746,15104254,105141,784,1,0
C016271,4089092,49069104,2250345,27004140,87516323,44282613,38107956,646853,842,0,0
C016272,3666849,44002188,2430350,29164200,291365042,45692435,45692435,549197,778,0,0
C016273,2084516,25014192,1157052,13884624,55762545,40654898,31277153,295433,778,0,0
C016274,3256900,39082800,1543713,18524556,210485598,13643457,6122936,91113,799,0,0
C016275,1927343,23128116,1022378,12268536,47851890,35969278,25505564,62577,747,0,0
C016276,6498245,77978940,2892103,34705236,312930151,77102194,49210482,1094427,806,0,0
C016277,4950146,59401752,2636536,31638432,184176234,42678130,27700632,260940,754,0,0
C016278,3610987,43331844,1928184,23138208,144222653,48732632,48732632,762705,799,0,0
C016279,3546667,42560004,2027732,24332784,131442185,31680780,25859704,370110,817,1,0
C016280,5124032,61488384,2756673,33080076,206946374,49706161,38694246,498854,898,1,0
C016281,3779199,45350388,2152664,25831968,62344751,43285259,37817313,386944,743,0,0
C016282,2475106,29701272,1261132,15133584,37286521,25229219,11398704,77551,752,0,0
C016283,7748843,92986116,2344674,28136088,347709692,115048884,81672674,690877,794,0,0
C016284,4331593,51979116,2554578,30654936,180860614,35741967,17409027,150486,790,0,0
C016285,6776633,81319596,3877191,46526292,263379690,52605681,52605681,689519,824,0,0
C016286,2519877,30238524,1596488,19157856,49530867,26715475,23045637,280110,812,0,0
C016287,4815719,57788628,2936125,35233500,185224922,89428582,55204015,679632,689,0,0
C016288,2266981,27203772,1258131,15097572,180186408,16928507,15738514,287215,827,0,0
C016289,3638805,43665660,2334608,28015296,231192601,66120715,52508090,430048,780,0,0
C016290,4353597,52243164,1771550,21258600,109029515,48666796,14112526,87072,881,0,0
C016291,4350463,52205556,3295264,39543168,141433211,113678186,78098270,739086,707,0,0
C016292,6218249,74618988,4485693,53828316,283402972,54050097,18769591,367922,755,0,0
C016293,3546721,42560652,2693721,32324652,100641745,37584379,23692602,70934,692,0,0
C016294,2100659,25207908,1369357,16432284,99560268,13823059,9892182,168536,706,1,0
C016295,6588658,79063896,3242114,38905368,173363796,119177329,98342640,675769,746,0,0
C016296,1800000,21600000,1069188,12830256,51477347,20549975,11915047,91354,824,0,0
C016297,3226035,38712420,1309683,15716196,144375183,42781566,24620610,298596,757,0,0
C016298,3736635,44839620,2320009,27840108,301446012,75414771,60155656,834023,687,0,0
C016299,3547778,42573336,2001948,24023376,94086573,53429356,40170933,461510,716,0,0
C016300,2998954,35987448,2271241,27254892,503824272,46400210,31682210,500948,721,0,0
C016301,5055794,60669528,4069159,48829908,304897225,82017343,55439782,721791,722,0,0
C016302,2454136,29449632,1635107,19621284,101949036,23738591,20958604,76099,799,0,0
C016303,2815006,33780072,1831150,21973800,167977425,37407644,23432063,316769,819,0,0
C016304,3319241,39830892,1545712,18548544,65881275,42990579,29506584,198162,823,0,0
C016305,3607465,43289580,2279103,27349236,72554155,166113546,154521556,1273471,699,0,0
C016306,8172533,98070396,2456585,29479020,307084070,92886938,92886938,620564,903,0,0
C016307,3507824,42093888,1730737,20768844,114101826,26636284,26636284,346970,776,0,0
C016308,9077268,108927216,5813193,69758316,709309077,113809378,58426841,442203,769,0,0
C016309,2887768,34653216,1701612,20419344,94579426,18707689,12382443,180880,787,0,0
C016310,2658573,31902876,2054745,24656940,102217593,19722709,19722709,244565,791,0,0
C016311,4424368,53092416,1981468,23777616,214404084,138917760,120955208,711468,740,0,0
C016312,11361887,136342644,6605975,79271700,377479944,152331546,106575505,692423,767,0,0
C016313,1894870,22738440,858367,10300404,80116781,10062190,9914643,75924,787,0,0
C016314,4404435,52853220,2076169,24914028,406120202,17157163,17157163,313320,800,0,0
C016315,2640037,31680444,1129813,13557756,191833636,23690157,23690157,198779,773,0,0
C016316,9064680,108776160,6639106,79669272,187298172,299396260,299396260,2055642,748,1,0
C016317,3357450,40289400,839363,10072356,267051417,32463388,27834124,277944,810,0,0
C016318,6620917,79451004,3117573,37410876,256414367,360990108,349891444,2739806,647,0,0
C016319,3415418,40985016,1919064,23028768,69522987,88639032,80105003,952148,730,0,0
C016320,4600390,55204680,2905243,34862916,182232328,84764454,77492203,455506,745,0,0
C016321,6137202,73646424,4071717,48860604,406672060,76758782,65737418,511598,829,0,0
C016322,3759336,45112032,2111974,25343688,194458496,34538387,13855362,220130,755,0,0
C016323,5928865,71146380,4608415,55300980,996049320,165808077,127813365,618038,778,0,0
C016324,3030199,36362388,2132557,25590684,128543162,38223891,25703138,429920,792,0,0
C016325,3882021,46584252,2005307,24063684,113424239,47187109,29623895,514481,727,1,1
C016326,5833145,69997740,3632916,43594992,220237438,87953305,62064996,621056,760,0,0
C016327,2007290,24087480,1093298,13119576,91191244,74036577,68830362,324359,866,0,0
C016328,4628823,55545876,2176377,26116524,147530865,46619043,36901973,356017,761,0,0
C016329,5310481,63725772,3073715,36884580,339297416,85736079,85736079,721011,745,0,0
C016330,5638272,67659264,2831335,33976020,120239941,134156992,126983820,1082535,782,0,0
C016331,3050496,36605952,1685069,20220828,126464021,44669069,35172797,306905,689,0,0
C016332,6657047,79884564,4065541,48786492,71362120,130530367,107878106,725392,720,0,0
C016333,3021004,36252048,1473482,17681784,67015810,33719546,26685481,150137,721,0,0
C016334,6689551,80274612,4411736,52940832,178505225,103204561,66384411,476838,755,0,0
C016335,6359885,76318620,5922033,71064396,177657577,72273275,67279301,1261165,644,0,1
C016336,2654437,31853244,1059803,12717636,297352510,60419541,43726512,429774,823,0,0
C016337,6314061,75768732,2881101,34573212,175396534,41881642,28328511,370461,818,0,0
C016338,6558125,78697500,4781618,57379416,99957871,72071572,45658760,701247,681,1,1
C016339,2955272,35463264,905585,10867020,155882781,45136442,33965585,339640,779,0,0
C016340,2192933,26315196,1693302,20319624,57046508,36067904,33239251,368218,738,0,1
C016341,5619379,67432548,2757473,33089676,486533628,58019560,40026534,372654,835,0,0
C016342,5228403,62740836,3620196,43442352,171865606,55318815,30533305,504305,790,0,0
C016343,7158732,85904784,6021728,72260736,336670596,175897382,162228854,855685,779,1,0
C016344,3663558,43962696,1873767,22485204,398425279,34840886,23882782,276805,856,0,0
C016345,10094515,121134180,4945895,59350740,365999635,168194379,155087626,1568598,701,0,1
C016346,6149545,73794540,4404367,52852404,430097093,65019765,44359725,391749,880,0,0
C016347,8447238,101366856,4397218,52766616,505576158,74417240,74417240,462283,801,0,0
C016348,5210108,62521296,2106254,25275048,134148634,87530677,50527234,650649,829,0,0
C016349,4778615,57343380,3132842,37594104,636340652,61304416,55562085,449672,722,0,0
C016350,3114487,37373844,2105770,25269240,244308696,32196352,32196352,317331,703,0,0
C016351,2679635,32155620,1522414,18268968,112316115,29379671,19718438,363638,849,0,0
C016352,5449560,65394720,2829299,33951588,232251893,107207965,99720797,1078646,713,0,0
C016353,9895982,118751784,6544364,78532368,133313039,59606786,43602346,1072772,755,0,0
C016354,6603625,79243500,3569114,42829368,56443440,46646370,46646370,453878,820,0,0
C016355,2763340,33160080,1662463,19949556,103598506,36887510,31241534,472830,745,1,0
C016356,4041631,48499572,2686937,32243244,135646125,40707578,32642688,850631,605,0,1
C016357,4121730,49460760,3056276,36675312,76695827,49657407,24034783,189097,848,0,0
C016358,5245862,62950344,4454011,53448132,115827349,40102331,40102331,633490,801,0,1
C016359,3760649,45127788,2195537,26346444,141489446,16999191,15761808,75213,823,0,0
C016360,5747568,68970816,3594367,43132404,316940643,114111483,101948248,1132154,660,1,0
C016361,5110676,61328112,2380449,28565388,156622950,19993298,19993298,178963,813,0,0
C016362,4277885,51334620,3086610,37039320,44631312,69559461,42427360,466067,716,0,0
C016363,2940446,35285352,1732983,20795796,111194548,50283360,41331556,271968,779,0,0
C016364,4615970,55391640,3665887,43990644,268348787,31626378,26604717,643454,819,0,0
C016365,5048907,60586884,3097470,37169640,190363867,35345231,26471554,554188,845,0,0
C016366,2777522,33330264,1390750,16689000,96556055,38181312,38181312,320065,749,0,0
C016367,3881924,46583088,2489031,29868372,210042928,163775410,148280383,910412,746,0,0
C016368,2462643,29551716,1220658,14647896,37643653,28622002,23838253,219079,821,0,0
C016369,6388543,76662516,3641863,43702356,83490964,52365571,35324430,421380,807,0,0
C016370,2892164,34705968,1964155,23569860,90216121,25647123,25647123,113885,759,0,0
C016371,3740344,44884128,1789736,21476832,547386457,63376063,45245018,470163,745,0,0
C016372,2688772,32265264,2180963,26171556,216700774,54321693,38552570,221508,631,0,1
C016373,3786776,45441312,2331114,27973368,199035256,13358797,13358797,404784,808,0,0
C016374,3149860,37798320,2015578,24186936,71041059,28046559,19921799,293400,772,0,0
C016375,2451548,29418576,920269,11043228,31169186,22394221,16813968,97580,772,0,0
C016376,7002904,84034848,5354345,64252140,623814218,65467498,47530874,147986,705,0,0
C016377,2555111,30661332,742838,8914056,164515547,59950724,59950724,408526,748,0,0
C016378,7467987,89615844,4969780,59637360,323037494,43713425,43713425,464741,760,1,0
C016379,3683001,44196012,2600861,31210332,88564569,54613504,35554488,373183,621,2,0
C016380,5685021,68220252,3060276,36723312,140103617,177696691,175437818,1093677,696,0,1
C016381,3666837,44002044,1811194,21734328,171859836,40932266,33739199,73337,840,0,0
C016382,6519946,78239352,3588986,43067832,1095350928,90486530,63546232,315756,841,0,0
C016383,4226041,50712492,1571007,18852084,358712209,67207746,45554484,405396,727,0,0
C016384,2583898,31006776,1676677,20120124,41162543,33491466,27179911,307826,819,0,0
C016385,4110022,49320264,1874914,22498968,62955138,75371151,48801916,507656,751,1,0
C016386,5909077,70908924,4269650,51235800,699905623,205740650,171280545,1536024,719,0,1
C016387,4366037,52392444,3473221,41678652,28563429,44048856,39803289,458444,857,0,0
C016388,5606089,67273068,2860149,34321788,422288330,47058756,16493173,266364,830,0,0
C016389,2784507,33414084,1459205,17510460,35487776,47622062,34220710,163916,803,1,0
C016390,3025516,36306192,2525506,30306072,150072708,70332903,59604352,532100,762,0,0
C016391,4684257,56211084,2673181,32078172,340608912,33919589,33919589,612941,843,0,0
C016392,3418211,41018532,1800207,21602484,366951979,82577235,68811817,669525,741,0,0
C016393,3904182,46850184,2066609,24799308,361009713,16138008,14455914,300634,720,1,0
C016394,3405130,40861560,1766434,21197208,149581667,47992764,38401191,323186,745,0,0
C016395,4882049,58584588,3698858,44386296,213344771,75006415,50462052,581127,741,1,0
C016396,3446604,41359248,3049242,36590904,86105186,38140019,37206285,580812,643,1,1
C016397,4091260,49095120,2860516,34326192,172513116,78225570,78225570,666772,837,0,0
C016398,2888630,34663560,1817594,21811128,69503041,37408616,15915410,212989,811,0,0
C016399,4175139,50101668,2625906,31510872,67129837,47419622,21112679,614140,744,0,1
C016400,3566149,42793788,1592050,19104600,77855175,97921303,87685702,647895,720,0,0
C016401,3376782,40521384,2016941,24203292,567299376,48106589,41318265,374253,712,0,0
C016402,2757147,33085764,1296059,15552708,125926345,25926522,16993147,106948,682,0,0
C016403,5164883,61978596,3149014,37788168,242602915,177572499,162092548,1185144,786,0,0
C016404,7530191,90362292,5362478,64349736,930912880,70949105,39686110,222536,746,0,0
C016405,1945843,23350116,1363737,16364844,52505676,21589604,21035480,232813,850,0,0
C016406,3039759,36477108,1821032,21852384,96352714,83081328,83081328,699111,699,0,0
C016407,4639361,55672332,2569638,30835656,344321867,62634932,46552980,844811,663,1,0
C016408,3716955,44603460,2557263,30687156,252831278,12464494,12464494,300929,777,0,0
C016409,5225364,62704368,2428920,29147040,204656418,90691900,90691900,821671,765,0,0
C016410,3028250,36339000,2197601,26371212,124634344,29543436,27127924,238807,865,0,0
C016411,3213624,38563488,1282821,15393852,81114754,69721362,52802961,229260,751,0,0
C016412,3385256,40623072,2369380,28432560,133079802,30596795,30596795,227140,850,0,0
C016413,4697239,56366868,1583142,18997704,263625572,41588629,12534012,240086,783,0,0
C016414,2791837,33502044,1055366,12664392,54829925,72423035,70665950,423747,774,0,0
C016415,2701556,32418672,1553109,18637308,234830841,55560759,40149737,341798,686,1,0
C016416,4659714,55916568,3292373,39508476,589575035,96024831,87949681,943152,728,1,0
C016417,3815075,45780900,2632114,31585368,640932600,57824701,49342555,441382,806,0,0
C016418,4344971,52139652,2799520,33594240,107753698,105695638,105695638,1128221,800,0,0
C016419,5126996,61523952,1281841,15382092,384986436,35217595,18930797,235911,829,0,0
C016420,2681356,32176272,1590186,19082232,38274015,30773370,24286511,265513,858,1,0
C016421,6615281,79383372,3038455,36461460,824331993,92325118,92325118,1083521,808,0,0
C016422,4559595,54715140,2275172,27302064,766011960,59622274,41576898,272037,793,0,0
C016423,2525988,30311856,1364642,16375704,37600586,16346554,6588156,208913,744,0,1
C016424,4520134,54241608,2207685,26492220,471064994,41259307,36519260,434990,814,0,0
C016425,4984310,59811720,3800987,45611844,210194323,86041101,83655473,526289,796,0,1
C016426,5809461,69713532,3963494,47561928,451713332,48395564,39779697,595504,798,0,0
C016427,2021264,24255168,1138436,13661232,23241617,19052357,15215302,239465,741,1,1
C016428,2387026,28644312,1599226,19190712,192836148,22194481,22194481,322451,747,0,0
C016429,3187087,38245044,1777180,21326160,73808874,32097072,18339228,474638,705,1,0
C016430,2798760,33585120,1426106,17113272,170131216,151857471,151133040,1055421,665,0,1
C016431,6793277,81519324,3886687,46640244,174706892,100147150,78052719,840352,764,0,0
C016432,3279629,39355548,1578486,18941832,178840540,54357475,51901094,488433,735,0,0
C016433,3944429,47333148,2268016,27216192,263191805,33423177,18637031,317032,763,0,0
C016434,1800000,21600000,1061330,12735960,88202361,22896353,11596503,314440,698,0,0
C016435,3458603,41503236,2406729,28880748,79761316,31471994,10660240,91661,832,0,0
C016436,3769407,45232884,1441848,17302176,216096753,57497969,47634918,295299,820,0,0
C016437,2303843,27646116,1694569,20334828,188324502,33365965,18482133,120650,827,0,0
C016438,5077137,60925644,3221288,38655456,398813332,57230315,45155634,101543,791,0,0
C016439,3172748,38072976,2261628,27139536,126784043,50321433,46301389,377977,763,0,1
C016440,5068367,60820404,3964649,47575788,678175193,28409615,21084979,544066,695,0,0
C016441,2563598,30763176,950287,11403444,250731746,14272074,8695214,120979,897,0,0
C016442,5973849,71686188,3995993,47951916,439392190,89096173,60584285,556274,789,0,0
C016443,4065108,48781296,2460327,29523924,56336901,88520303,84159834,469817,793,0,0
C016444,11926173,143114076,7591295,91095540,928247849,104040420,64363890,675360,755,0,0
C016445,3061684,36740208,1756306,21075672,82727296,20221938,6533606,336670,787,0,0
C016446,5177586,62131032,3267094,39205128,68667288,95925346,85226733,720484,715,0,0
C016447,6872021,82464252,4477476,53729712,275905142,44084058,28866791,335330,774,0,0
C016448,3082983,36995796,1831453,21977436,63191163,24453449,22672374,253030,704,0,1
C016449,7284643,87415716,3516657,42199884,288700332,65457239,65457239,883158,845,0,0
C016450,5799249,69590988,3309407,39712884,237077473,118080912,93032442,867389,879,0,0
C016451,3080308,36963696,1522515,18270180,333548110,41247020,33617955,152380,888,0,0
C016452,4210153,50521836,1956390,23476680,253318495,32472911,32472911,441894,916,0,0
C016453,2947399,35368788,2484946,29819352,234192525,58263313,43307034,444383,699,0,0
C016454,2655171,31862052,825173,9902076,30785077,23291579,23291579,53103,841,0,0
C016455,2763554,33162648,1205076,14460912,240654135,32226058,29712615,302460,813,0,0
C016456,5187267,62247204,2503334,30040008,59400757,29907095,21691223,332857,818,0,0
C016457,5040736,60488832,2915187,34982244,351079998,40305006,29878975,298733,752,0,0
C016458,3013496,36161952,1930352,23164224,154299402,76400525,57539427,559566,682,1,0
C016459,2876042,34512504,1701208,20414496,130124984,18811127,8956343,139241,854,0,0
C016460,3834167,46010004,2559905,30718860,127447078,28147836,25608585,424157,763,0,0
C016461,3932054,47184648,2124934,25499208,468813361,33821630,33821630,393568,839,0,0
C016462,3706781,44481372,2068213,24818556,89839160,42795875,34714327,563470,694,0,0
C016463,4674545,56094540,3037843,36454116,557359026,46280165,41539258,337524,720,0,0
C016464,2727131,32725572,1212541,14550492,76236122,30010509,22333727,325661,807,0,0
C016465,2642498,31709976,1435231,17222772,134269424,15369784,15369784,237075,788,0,1
C016466,4299698,51596376,2633004,31596048,336068273,30583584,21585979,479614,758,0,0
C016467,2374882,28498584,1914447,22973364,302567596,33123458,27337365,152245,706,1,0
C016468,3305784,39669408,2131068,25572816,178224225,36093105,16632334,554926,814,0,0
C016469,4128734,49544808,2072258,24867096,267573559,32382162,24483665,552244,745,1,0
C016470,4032835,48394020,2266491,27197892,47380951,47243637,31765893,655105,725,0,0
C016471,6566411,78796932,3595775,43149300,614571763,101543440,58244859,271607,857,0,0
C016472,6298565,75582780,3992277,47907324,710195715,301754243,273604572,1491118,709,0,0
C016473,2084061,25008732,1464544,17574528,59807135,49093104,45257446,416337,767,0,0
C016474,2635777,31629324,658944,7907328,305793833,41356423,41356423,233041,816,0,0
C016475,3093865,37126380,1794710,21536520,282309822,46931002,34471714,249741,811,0,0
C016476,4427591,53131092,1588259,19059108,65751390,42826653,36489396,512692,769,0,0
C016477,6252787,75033444,4757016,57084192,612249793,79011391,79011391,277871,771,0,0
C016478,3824489,45893868,2250795,27009540,83003488,35124833,35124833,448752,796,0,0
C016479,5926270,71115240,3480889,41770668,201257136,97766358,69294477,524037,758,0,0
C016480,2094132,25129584,1174393,14092716,48304450,25970539,21633142,236761,798,0,0
C016481,3499287,41991444,2335910,28030920,176234178,31032328,21115342,332425,791,0,0
C016482,6754708,81056496,2930308,35163696,78890458,104585577,76147350,951234,790,0,0
C016483,5656674,67880088,2219914,26638968,384231344,69342277,35450337,336087,784,1,0
C016484,4032193,48386316,2162775,25953300,545092281,18118720,18118720,336627,707,0,0
C016485,7545333,90543996,3260744,39128928,394837303,109161200,86380096,858569,744,0,0
C016486,3171313,38055756,1078765,12945180,45767654,59054219,42887319,481856,828,0,0
C016487,2993756,35925072,2180200,26162400,84122486,11445924,8429065,59875,784,0,0
C016488,2896489,34757868,2348209,28178508,161149276,22653482,8773281,312481,712,0,0
C016489,4360045,52320540,3069460,36833520,126170408,37002239,37002239,87201,804,0,0
C016490,2237359,26848308,1191309,14295708,127973921,38787986,26434010,307238,794,0,0
C016491,4740361,56884332,3724559,44694708,147071627,48123870,29337604,633950,808,0,0
C016492,4626243,55514916,2585560,31026720,215027214,125533025,107141897,1231568,673,0,0
C016493,4782543,57390516,1817672,21812064,180758101,60156710,32993176,184879,725,0,0
C016494,2997320,35967840,1672060,20064720,128944593,43679655,37437043,414691,756,0,0
C016495,6710051,80520612,5013350,60160200,299859994,85913958,63595353,940061,683,0,0
C016496,2756182,33074184,1440610,17287320,119691338,50094144,42866196,503479,820,0,0
C016497,6934089,83209068,4807924,57695088,488942871,61017197,46300417,758645,761,0,0
C016498,8372540,100470480,6255608,75067296,331999861,124829987,113919639,1369119,806,0,0
C016499,2864380,34372560,2251623,27019476,71278232,37720136,37720136,378624,800,0,0
C016500,2327205,27926460,1447383,17368596,183585249,27989494,27989494,357231,774,0,0
C016501,5073354,60880248,3767090,45205080,178857820,56940006,48769742,648533,768,0,0
C016502,5594728,67136736,2750960,33011520,697970359,167099795,143339329,1169161,696,0,0
C016503,8135102,97621224,3935456,47225472,153543166,87025287,56889145,765931,837,0,0
C016504,4791054,57492648,3275106,39301272,60291819,78485983,52198315,444996,786,0,0
C016505,12000000,144000000,8873777,106485324,2000000000,159010638,111502553,1286728,627,1,0
C016506,2283350,27400200,1473754,17685048,45872109,44492838,36345845,226196,815,0,0
C016507,5746428,68957136,2418667,29024004,352361357,235819081,208139660,1373107,731,0,1
C016508,4067142,48805704,2650916,31810992,124812475,131716304,112314958,682645,832,0,0
C016509,5758175,69098100,3758658,45103896,261147021,57298323,51901630,500437,826,1,0
C016510,5579184,66950208,2636534,31638408,262960216,80989043,76965934,597474,757,1,0
C016511,5880742,70568904,3447452,41369424,91053352,60651212,60651212,840006,747,0,1
C016512,5462080,65544960,1391624,16699488,470566336,118763059,99558974,698156,818,0,0
C016513,2614126,31369512,1729840,20758080,174572190,23096373,14040522,79770,748,0,0
C016514,5449727,65396724,2647462,31769544,378084945,59003385,44048245,488137,922,0,0
C016515,3881949,46583388,2584410,31012920,323671778,15904119,15618704,77639,729,0,0
C016516,4946251,59355012,3313412,39760944,241989004,81506772,73982234,942477,755,0,0
C016517,2345632,28147584,1543779,18525348,106765937,39203406,35570997,322535,748,0,0
C016518,4982216,59786592,2317704,27812448,307567075,79016993,47758640,441473,775,0,0
C016519,2870046,34440552,1354297,16251564,81138674,34807757,20666074,232164,679,0,0
C016520,4069016,48828192,2061343,24736116,103673272,49003459,19930875,411815,717,0,0
C016521,5502994,66035928,4051765,48621180,354090573,15600923,15600923,170453,757,0,0
C016522,4296338,51556056,2696822,32361864,256188535,56778972,39202231,667885,713,0,0
C016523,5088369,61060428,3457456,41489472,29378239,40500512,40500512,247382,795,0,0
C016524,5468034,65616408,4272898,51274776,572486575,50803394,12325255,109361,749,1,0
C016525,2241379,26896548,1113533,13362396,40059563,53494714,37314364,237375,731,0,0
C016526,7273820,87285840,3566929,42803148,502027140,88992881,45242610,945619,725,1,0
C016527,4628507,55542084,2669730,32036760,157588467,41695324,27240984,259789,835,0,0
C016528,6765114,81181368,3603467,43241604,668186816,67296350,67296350,801830,800,0,0
C016529,2652495,31829940,2386956,28643472,136590620,16383098,7121381,180560,701,0,1
C016530,2889035,34668420,1693454,20321448,54312883,44855057,17475847,92435,795,0,1
C016531,1800000,21600000,1077029,12924348,65641259,35739309,30856616,217400,712,0,0
C016532,4539737,54476844,2734715,32816580,138237809,63787916,35060128,284154,791,0,0
C016533,5876133,70513596,2969130,35629560,98496993,88089131,88089131,569563,862,0,0
C016534,2077325,24927900,1671244,20054928,118568749,15640192,7100064,220220,807,0,0
C016535,3696420,44357040,1958408,23500896,240072331,60268927,50624633,507367,796,0,0
C016536,2909779,34917348,1624481,19493772,161682704,55254762,44131908,275687,760,1,0
C016537,6005256,72063072,3153451,37841412,345541986,21935688,21935688,295696,796,0,0
C016538,4695104,56341248,2861921,34343052,286617384,67973002,67973002,581732,837,0,0
C016539,4874706,58496472,2582323,30987876,742614621,102632744,71596465,671125,844,0,0
C016540,3699564,44394768,2320797,27849564,162284004,63036340,46331665,487932,714,1,0
C016541,2782933,33395196,1573007,18876084,271044184,18720902,11334378,116302,687,0,0
C016542,2910512,34926144,1681660,20179920,117834517,31664997,21648061,157142,788,0,0
C016543,3021046,36252552,1141479,13697748,166530217,35311396,26462339,122098,772,0,0
C016544,5157745,61892940,3496574,41958888,449536200,70729481,49275398,395507,695,0,0
C016545,4630870,55570440,3145182,37742184,158082376,27821994,27424163,515621,722,0,0
C016546,2682066,32184792,1002222,12026664,19238726,13588822,13588822,209672,761,0,0
C016547,7482903,89794836,4996295,59955540,230381512,92359762,65327169,961555,833,0,0
C016548,3759000,45108000,1132771,13593252,631512000,56735393,56735393,462080,819,0,0
C016549,5846726,70160712,3098093,37177116,134203756,45428554,34604824,157229,828,0,0
C016550,4924406,59092872,3077041,36924492,107424189,161837281,131765821,1118837,720,0,0
C016551,7447442,89369304,2880162,34561944,635958054,45892804,21542785,148949,837,0,0
C016552,4300078,51600936,2662698,31952376,160170802,33113639,21315489,169187,727,0,0
C016553,5293571,63522852,2586146,31033752,96309708,57807879,55391740,446424,808,0,0
C016554,4417331,53007972,2490865,29890380,163463123,37865842,37865842,372476,874,0,0
C016555,7310259,87723108,4247424,50969088,538392252,171560346,160054852,1477392,757,0,0
C016556,7873667,94484004,5623683,67484196,256378288,216147017,207172458,1458173,760,0,1
C016557,6181686,74180232,2676319,32115828,256934805,78023513,78023513,272223,877,0,0
C016558,4267963,51215556,3797113,45565356,337143529,23912798,23912798,360807,786,0,0
C016559,3367412,40408944,1129967,13559604,63418961,26310419,20272845,371135,854,0,0
C016560,4251853,51022236,2862009,34344108,232131407,69068415,53527523,194339,751,0,0
C016561,2639144,31669728,1935963,23231556,65218846,57933673,49224119,202752,705,0,0
C016562,4626399,55516788,3014483,36173796,149547722,84151220,58396629,754334,681,1,1
C016563,2909608,34915296,2122556,25470672,138847884,15399421,15399421,270465,790,0,0
C016564,5843478,70121736,3635433,43625196,636642077,57744578,40660249,394641,948,0,0
C016565,5509087,66109044,4109065,49308780,537126251,47990368,32982260,447186,857,0,0
C016566,2346139,28153668,1361818,16341816,132104649,14855344,6377978,222789,746,0,0
C016567,4024072,48288864,2783307,33399684,212579191,128708221,125848389,961105,793,0,1
C016568,2865064,34380768,1885424,22625088,140534056,32215368,30140224,382445,739,0,0
C016569,4567989,54815868,2684044,32208528,294518544,84790804,77815669,679113,804,0,0
C016570,5815074,69780888,3310304,39723648,253257058,73649592,61474621,525299,753,0,0
C016571,5530916,66370992,2680198,32162376,186636199,112795338,100414357,830526,879,0,0
C016572,3916434,46997208,1730702,20768424,76440416,74776313,55048942,315194,708,0,0
C016573,6512549,78150588,2695193,32342316,179728444,105335667,83733936,1276455,698,0,0
C016574,3190347,38284164,1974989,23699868,59432255,55648478,54584048,398573,799,0,0
C016575,2406382,28876584,1411252,16935024,89755745,32251209,26509365,278766,836,0,0
C016576,3528158,42337896,1431918,17183016,113317084,58274149,41960563,467423,794,0,0
C016577,3987078,47844936,1884636,22615632,205117945,79713106,60264385,474094,896,0,0
C016578,8044894,96538728,3941630,47299560,432072850,42682279,42682279,724014,769,0,0
C016579,3679296,44151552,2758432,33101184,128005583,43089585,15892289,132014,692,0,0
C016580,4588413,55060956,2846438,34157256,202376796,12283250,12283250,186365,825,0,0
C016581,3617360,43408320,1607067,19284804,120363326,56108749,50561709,390495,851,0,0
C016582,6385951,76631412,5376987,64523844,499488735,91926933,72916616,917939,709,0,0
C016583,2590535,31086420,1085705,13028460,29431533,13050080,13050080,225595,824,0,0
C016584,4048223,48578676,2311301,27735612,467194825,118509807,99607210,1036749,642,1,1
C016585,2335700,28028400,1693319,20319828,218068128,37488335,32826371,361962,791,0,0
C016586,4216401,50596812,2826370,33916440,708355368,109287878,80197648,641014,779,0,0
C016587,5900175,70802100,2042729,24512748,307519708,161369370,134422920,1038306,692,0,0
C016588,3193608,38323296,1738852,20866224,183458282,36370061,28519071,445862,737,0,0
C016589,2310278,27723336,1556985,18683820,60130079,39500053,28513480,162273,778,0,0
C016590,3207786,38493432,1943458,23321496,22313092,26698254,25659052,375092,786,0,0
C016591,7240619,86887428,3444598,41335176,516397342,159341015,103209388,669852,707,0,0
C016592,4909301,58911612,2745161,32941932,116430773,51587790,27036958,661427,754,0,0
C016593,6397492,76769904,3517644,42211728,141823563,110584748,66159668,354592,805,0,0
C016594,3825476,45905712,2849641,34195692,36932049,127093112,115502028,939414,646,2,1
C016595,3062535,36750420,1538929,18467148,86075313,26293438,15896344,318540,749,1,0
C016596,2404089,28849068,2259174,27110088,403886952,43356890,39610455,292139,759,0,0
C016597,4177830,50133960,2459688,29516256,58382057,54556849,51543538,820538,732,0,1
C016598,7169805,86037660,5240239,62882868,262858261,134098045,118475048,1409637,673,1,1
C016599,6387362,76648344,5240165,62881980,495820321,132181735,130978568,1189416,641,0,1
C016600,4015815,48189780,2091970,25103640,287111521,97959924,74344387,590869,711,0,1
C016601,2877684,34532208,1965865,23590380,24722493,57380157,39903893,281363,782,0,0
C016602,6131972,73583664,4797538,57570456,514074592,138666940,136293447,1451215,756,0,0
C016603,3284166,39409992,1931498,23177976,52793995,27743766,11075310,259459,803,0,0
C016604,5092154,61105848,2830480,33965760,136554149,58799878,31080788,545709,864,0,0
C016605,6763212,81158544,3688009,44256108,207635706,188373289,163824296,954190,723,0,0
C016606,3187436,38249232,1648771,19785252,150475309,18064515,18064515,328573,869,0,0
C016607,10223719,122684628,4892003,58704036,441486916,111950900,111950900,809921,713,1,1
C016608,7516362,90196344,5657126,67885512,145365367,87726130,82008905,1195038,845,0,0
C016609,6047396,72568752,2860987,34331844,115004706,179265740,143985487,1157961,800,0,0
C016610,2456221,29474652,1047103,12565236,59711956,8553922,8553922,137820,750,1,0
C016611,1800000,21600000,1327027,15924324,68207387,32077627,28798846,247347,715,0,1
C016612,7427548,89130576,3988587,47863044,178954043,157543019,124942402,1230675,806,0,0
C016613,1800000,21600000,1364752,16377024,62193901,5413371,5413371,118258,737,0,1
C016614,4834276,58011312,3438191,41258292,224124850,23601295,23601295,96686,751,0,0
C016615,2440745,29288940,1921630,23059560,99755707,41318367,34754652,138593,723,0,0
C016616,3751173,45014076,2458909,29506908,192330808,49670989,34169057,200935,702,0,0
C016617,2790279,33483348,1678830,20145960,400884593,17612458,13098531,192381,713,0,0
C016618,4506790,54081480,2230007,26760084,757140720,62159293,49886468,505492,762,0,0
C016619,6424224,77090688,3686033,44232396,149814490,140520178,126282549,1161726,769,0,0
C016620,2108688,25304256,1034205,12410460,191619434,22738249,13157214,190131,801,0,0
C016621,7936553,95238636,5444966,65339592,159272257,60468105,22107483,158731,748,0,0
C016622,4182819,50193828,2440248,29282976,139059789,48575099,37818059,452974,698,0,0
C016623,2537051,30444612,1602060,19224720,55255138,32768175,19889154,176433,794,0,0
C016624,3629774,43557288,2689163,32269956,143372066,48725937,32752194,433873,836,0,0
C016625,3292846,39514152,1859234,22310808,95554300,46759295,35518680,509522,824,0,0
C016626,3545460,42545520,1761243,21134916,595637280,67705926,65923374,424632,819,0,0
C016627,2848239,34178868,2436427,29237124,134143559,20067312,14311399,167923,868,0,0
C016628,4747175,56966100,2548796,30585552,30618407,73691739,56347399,438506,779,0,0
C016629,3763358,45160296,2048732,24584784,178600468,54468600,54468600,385433,762,0,0
C016630,2106642,25279704,1330594,15967128,277118220,34822959,19140961,71584,815,0,0
C016631,5003802,60045624,3180030,38160360,142778068,74414381,62963153,653036,853,0,0
C016632,3862435,46349220,2078336,24940032,155904925,87443128,73357886,618471,862,0,0
C016633,3135626,37627512,1762468,21149616,134273760,17820280,9955247,242082,796,0,0
C016634,3853099,46237188,2373981,28487772,179525116,63387150,63387150,397738,857,0,0
C016635,3742654,44911848,2389051,28668612,244772796,31098430,17276916,276501,909,0,0
C016636,3226313,38715756,1484221,17810652,458879909,51179029,42223349,375121,816,0,0
C016637,2694072,32328864,1267426,15209112,163850590,22320705,22320705,386522,818,0,0
C016638,2507771,30093252,2010940,24131280,38955152,57508983,50266673,417862,611,6,1
C016639,3249704,38996448,2036148,24433776,210507637,75182763,62124874,607205,691,0,0
C016640,6471007,77652084,2804740,33656880,810836789,80072777,52543710,606544,803,0,0
C016641,2895477,34745724,1632982,19595784,152255316,37405958,24220072,186483,772,0,0
C016642,3293281,39519372,2206280,26475360,135065575,27157922,16016934,302023,835,0,0
C016643,3148495,37781940,1958026,23496312,130201452,75387387,66383874,558700,768,0,0
C016644,2698689,32384268,1057529,12690348,82342106,26081070,26081070,313974,809,0,0
C016645,7993637,95923644,4519533,54234396,523797643,65468356,65468356,947872,750,0,0
C016646,2460658,29527896,1860591,22327092,134956960,42156097,38060095,263819,819,0,1
C016647,3902824,46833888,1845062,22140744,655674432,59755451,52626496,600427,719,0,0
C016648,2896593,34759116,1353954,16247448,84050387,42942644,42942644,347521,825,0,0
C016649,5455916,65470992,3159644,37915728,56337035,98867453,84560550,412998,813,0,0
C016650,1909124,22909488,750741,9008892,29475817,19374105,18380194,151019,837,0,0
C016651,2953322,35439864,738331,8859972,216297514,72587029,49925616,372156,777,0,0
C016652,3572756,42873072,1790268,21483216,127967709,100762497,85381293,562418,729,0,0
C016653,3652196,43826352,1959242,23510904,253166761,47661007,22209656,268754,773,0,0
C016654,2950564,35406768,2559060,30708720,162477082,13896432,13896432,298112,690,0,0
C016655,2882524,34590288,1393360,16720320,176171207,26663066,26663066,318783,789,0,0
C016656,4549920,54599040,1762697,21152364,360226367,51839768,37637328,408799,794,0,0
C016657,4845528,58146336,3123384,37480608,27398625,88915920,78843750,498895,757,0,0
C016658,3892807,46713684,2583802,31005624,135596394,63023882,63023882,708171,854,0,1
C016659,4607611,55291332,3065160,36781920,103084653,65123729,63789674,754652,722,1,0
C016660,5400991,64811892,4743699,56924388,466760085,274173350,257552955,1940304,646,0,1
C016661,3230501,38766012,1849853,22198236,80963517,56911080,36552836,203022,791,0,0
C016662,2153679,25844148,1261157,15133884,73604642,16116746,3428777,171802,709,0,0
C016663,5558140,66697680,4198910,50386920,870150267,156885239,134264724,1550268,723,0,0
C016664,4184335,50212020,1731093,20773116,79782883,44633563,31675050,401008,815,0,0
C016665,2962153,35545836,2331073,27972876,217211447,44381761,25755389,450999,710,0,0
C016666,4556723,54680676,3191190,38294280,338594431,83586552,47790696,635946,773,0,0
C016667,4198969,50387628,2330269,27963228,198939444,49027540,33757879,584011,765,0,0
C016668,5233419,62801028,2831071,33972852,82767272,13105910,12443368,114865,791,0,0
C016669,4891125,58693500,2715163,32581956,178584936,49569562,49569562,702497,778,0,0
C016670,5617230,67406760,2981859,35782308,410431567,75675546,57832435,891160,708,1,1
C016671,3295241,39542892,1890948,22691376,27443672,43854230,28617687,314399,772,0,0
C016672,5682300,68187600,2661333,31935996,55914783,172993680,149439606,1344965,730,0,0
C016673,2392871,28714452,1340749,16088988,50225262,36192002,21455824,162670,864,0,0
C016674,4023914,48286968,1511209,18134508,99704307,57676166,33325449,239618,810,0,0
C016675,6011973,72143676,4442865,53314380,188143799,22045341,22045341,307827,837,1,0
C016676,2102869,25234428,1308231,15698772,47650605,10181307,10181307,162097,786,1,0
C016677,8037340,96448080,6001779,72021348,649872607,224875693,186768113,1424570,804,0,0
C016678,1865221,22382652,1334733,16016796,56674462,66017040,66017040,387831,703,0,0
C016679,1866629,22399548,791837,9502044,54529285,20299589,20299589,234141,809,0,0
C016680,6681580,80178960,3995130,47941560,1122505440,114694729,62200175,935859,782,0,0
C016681,4425850,53110200,1844416,22132992,211816204,78597851,71723699,410242,758,0,0
C016682,5488040,65856480,2979324,35751888,378677291,133480952,75710465,917198,666,0,1
C016683,6968133,83617596,5145867,61750404,125373037,101984903,92963622,909765,782,0,1
C016684,5255904,63070848,2693701,32324412,342769184,52851389,52443100,529843,812,0,0
C016685,3422999,41075988,2555407,30664884,226034677,45219801,42287767,275437,819,0,0
C016686,2489140,29869680,1425757,17109084,418175520,70187821,60087349,566181,798,0,0
C016687,10856759,130281108,4750670,57008040,293416312,316363068,306363737,1970363,799,0,1
C016688,7036249,84434988,3741749,44900988,694459640,127228787,119951247,1360000,883,0,0
C016689,4539908,54478896,1560432,18725184,128169570,37956034,20909399,286851,722,1,0
C016690,5363987,64367844,2672579,32070948,888429469,138587292,118291845,973577,694,3,1
C016691,3939829,47277948,1814824,21777888,184941472,95348565,73141570,546949,836,0,0
C016692,4868721,58424652,2788557,33462684,126320833,91403014,91403014,519065,764,1,0
C016693,4175748,50108976,2487414,29848968,338843291,33723408,18717512,209427,746,0,0
C016694,2266604,27199248,1588534,19062408,58304136,51396143,51396143,297082,824,0,0
C016695,7584395,91012740,5472694,65672328,637445432,85370727,62883117,688537,728,0,0
C016696,4171175,50054100,2981191,35774292,198890202,45796896,36773697,392626,753,0,0
C016697,4294687,51536244,1862540,22350480,298232053,66302885,63329840,521058,832,0,0
C016698,2215699,26588388,1666893,20002716,65712085,35066974,33870438,313220,731,0,0
C016699,4795198,57542376,3296475,39557700,704650535,42639397,29512998,433241,884,0,0
C016700,2850627,34207524,1736787,20841444,232060180,29126757,20050601,271248,804,0,0
C016701,4013289,48159468,2139637,25675644,245279573,80010029,62813212,916065,713,0,0
C016702,4234540,50814480,3602608,43231296,166108230,38492594,17605493,383454,777,0,0
C016703,3584800,43017600,2076445,24917340,135003343,22928725,16727484,218978,770,0,0
C016704,2872065,34464780,1941676,23300112,60132215,20441824,20441824,297570,758,0,0
C016705,6422050,77064600,3541162,42493944,272717908,69663782,69641192,518943,797,0,0
C016706,12000000,144000000,7226996,86723952,306995276,68510590,40208495,240000,724,0,0
C016707,4093431,49121172,2873815,34485780,195187157,95859351,77774444,700872,801,0,0
C016708,3426512,41118144,2039959,24479508,557018006,11699510,7329731,289299,773,0,0
C016709,2759853,33118236,1264336,15172032,136419687,19926332,9603294,70435,844,0,0
C016710,5287321,63447852,3185894,38230728,260515676,44755743,40882726,328560,812,0,0
C016711,8256294,99075528,5807948,69695376,1164767862,143344812,108206473,987301,761,0,0
C016712,3072114,36865368,2212364,26548368,207900674,27391383,14407714,72344,839,1,0
C016713,1819056,21828672,981004,11772048,23747489,16374925,12123324,100126,840,0,0
C016714,3421604,41059248,1859527,22314324,217154565,62068501,47512268,215264,830,0,0
C016715,7149252,85791024,4367336,52408032,163119566,77460199,61654275,528188,695,0,1
C016716,5454771,65457252,3852530,46230360,122633850,92584510,57751929,609059,786,0,0
C016717,2074767,24897204,827800,9933600,255196874,28438788,12134947,195689,835,0,0
C016718,3003518,36042216,1987982,23855784,91768823,49112476,36805964,309686,775,0,1
C016719,6771680,81260160,3998677,47984124,451600346,192186242,162001913,1575054,812,0,0
C016720,4244087,50929044,2415334,28984008,48313374,62455208,38414428,366074,778,0,0
C016721,1800000,21600000,1364188,16370256,54377146,21393837,15755297,295384,813,0,0
C016722,5497922,65975064,2981850,35782200,636330564,136330267,122203653,1106004,725,0,0
C016723,4963042,59556504,3109663,37315956,233149152,25986429,15151222,436576,802,0,0
C016724,3790051,45480612,2348749,28184988,174132761,22277533,13771912,614210,736,0,0
C016725,3149548,37794576,1896382,22756584,80278513,12706916,12706916,116220,889,0,0
C016726,5617688,67412256,2467274,29607288,217353868,49869511,37394181,435456,775,0,0
C016727,3885461,46625532,1909413,22912956,89097635,33169986,18055892,437365,759,0,0
C016728,4532274,54387288,2743826,32925912,186473151,43718233,31033673,765542,715,0,0
C016729,7958056,95496672,3749203,44990436,192187469,144039901,119531466,876148,775,0,0
C016730,2289614,27475368,1310458,15725496,106789670,18583320,6442032,181848,824,0,0
C016731,6484472,77813664,2895775,34749300,556206586,65223094,65223094,896033,878,0,0
C016732,3599600,43195200,2513857,30166284,91133708,13490185,13490185,220821,726,0,0
C016733,3712038,44544456,1555115,18661380,212829261,37807578,22853838,301220,751,0,0
C016734,2701469,32417628,1267446,15209352,112042580,158381583,145879326,936642,655,0,1
C016735,3935606,47227272,1343454,16121448,172898927,94437944,56992237,453593,738,1,0
C016736,4993036,59916432,2121934,25463208,120599398,30642203,30642203,337132,780,1,0
C016737,5322387,63868644,2401379,28816548,96351129,60974422,45752850,672900,867,0,0
C016738,6292740,75512880,4000333,48003996,283808974,45650105,24009692,332538,845,0,0
C016739,4309526,51714312,1916845,23002140,324131939,88915545,69719068,800403,756,0,0
C016740,1800000,21600000,831405,9976860,68637987,27603320,19244114,111815,822,0,0
C016741,4192337,50308044,1526030,18312360,204377807,56583831,43896480,532234,749,0,0
C016742,5365654,64387848,4193593,50323116,448641409,52730207,34597504,565291,782,0,0
C016743,2924001,35088012,1183060,14196720,349227641,46093462,35531724,340019,795,0,0
C016744,3772419,45269028,1732845,20794140,194151947,25467778,15364245,466514,789,0,0
C016745,5563780,66765360,4777012,57324144,215615438,68570393,68570393,404024,703,2,0
C016746,6463356,77560272,3544083,42528996,259700293,76833058,43662202,731803,687,0,1
C016747,4734703,56816436,2857883,34294596,105876483,47547266,33007401,545146,777,0,0
C016748,4353991,52247892,3027698,36332376,133539051,108838847,92748301,701967,698,0,0
C016749,6047923,72575076,2776694,33320328,570021570,154491487,125363153,1093789,790,0,0
C016750,2530220,30362640,1469308,17631696,61887723,28946239,13965595,120622,869,0,0
C016751,3009859,36118308,1852224,22226688,223625270,34179769,32734492,383163,802,0,0
C016752,2579112,30949344,1824695,21896340,128811551,16922462,6265459,203324,803,0,0
C016753,6084570,73014840,1722968,20675616,270112436,70566592,70566592,577084,786,0,0
C016754,3606192,43274304,2457018,29484216,267928927,9783565,9783565,72124,818,0,0
C016755,3573477,42881724,1811463,21737556,231122279,8695004,8695004,332699,840,0,0
C016756,8889357,106672284,5482990,65795880,704643305,50153436,50153436,714903,796,0,0
C016757,3787032,45444384,2831218,33974616,251142333,58882149,44735977,547747,671,0,0
C016758,4759569,57114828,2745091,32941092,258031845,48092383,48092383,361554,790,0,0
C016759,4782167,57386004,2758675,33104100,71100947,102502810,102502810,618069,758,0,0
C016760,2148988,25787856,1362882,16354584,25226364,37392436,35410244,221098,771,0,0
C016761,3374098,40489176,1864580,22374960,71001096,39505657,25759291,189344,803,0,0
C016762,3766223,45194676,2165486,25985832,157296950,25784268,20909591,348613,722,0,0
C016763,4124559,49494708,1624814,19497768,146405639,69817021,40124145,121821,825,0,0
C016764,7333524,88002288,4305577,51666924,165080351,192492962,166889601,1200837,718,0,0
C016765,2398026,28776312,1127206,13526472,52477811,59936504,43608506,432070,779,0,0
C016766,4437985,53255820,3343894,40126728,462481868,42595359,15432117,679594,708,0,0
C016767,2899129,34789548,2031463,24377556,71837396,36918471,36918471,174260,843,0,0
C016768,1975871,23710452,1430841,17170092,70523726,112906593,106697034,750773,626,1,1
C016769,4043113,48517356,3102398,37228776,107987040,27151011,23256880,213567,670,1,0
C016770,1800000,21600000,952456,11429472,37482775,24277503,17409544,232431,780,0,0
C016771,3055607,36667284,1940020,23280240,187809851,58945568,40796346,262275,737,0,0
C016772,2929510,35154120,1361965,16343580,261738557,52350455,49477221,357738,745,1,0
C016773,3153406,37840872,1112192,13346304,131101527,105396866,97818401,697372,740,0,1
C016774,2119275,25431300,1172240,14066880,54933121,24395434,19037391,347290,796,0,0
C016775,7885988,94631856,4946504,59358048,295962517,39114197,39114197,578245,780,0,0
C016776,4337796,52053552,3837743,46052916,403772333,31069030,31069030,196179,860,1,0
C016777,7307540,87690480,4269084,51229008,312733413,146484348,146484348,1339142,853,0,0
C016778,2498805,29985660,1394184,16730208,46752685,49433146,37798055,353989,874,0,0
C016779,6451547,77418564,4060740,48728880,1083859896,59160818,57723096,661752,719,0,0
C016780,9043555,108522660,4628699,55544388,614376738,310868620,296113723,1535819,750,0,0
C016781,3120845,37450140,1948976,23387712,238494637,15241490,11492017,247093,588,0,0
C016782,12000000,144000000,6339126,76069512,414691463,158331513,136785589,1554975,680,1,0
C016783,4781704,57380448,3488473,41861676,87464698,132294330,116485434,472923,806,0,0
C016784,2302997,27635964,1331429,15977148,77763088,24640957,12680931,143177,884,0,0
C016785,3537269,42447228,2054400,24652800,170679121,72225777,55997152,551792,623,0,0
C016786,1800000,21600000,1338225,16058700,64202320,42620483,39435374,303092,729,0,0
C016787,3432771,41193252,2302755,27633060,141997349,56030358,49095232,500589,844,0,0
C016788,4363549,52362588,2715241,32582892,283329414,36716686,36716686,550401,781,0,0
C016789,7072556,84870672,6590913,79090956,1188189408,90702195,31507894,482740,685,0,1
C016790,6399616,76795392,2798454,33581448,640427949,93422743,84211707,554681,798,0,0
C016791,5860524,70326288,4867800,58413600,218192494,202562532,186617634,1388921,606,1,1
C016792,3261230,39134760,1215316,14583792,137122566,26589783,17706284,217832,860,0,0
C016793,3351287,40215444,2013121,24157452,67660694,68781620,68781620,568756,891,0,0
C016794,3952554,47430648,2993518,35922216,322033792,48552395,27990878,417202,737,0,0
C016795,3088817,37065804,1190766,14289192,115213938,33737204,16609818,273001,762,1,0
C016796,3390702,40688424,2150284,25803408,122595997,43534283,33878718,368942,894,0,0
C016797,2908443,34901316,1329676,15956112,197766220,17431015,11057982,173961,741,0,0
C016798,5334144,64009728,3468225,41618700,123610677,39256910,26284217,606073,818,0,0
C016799,3522990,42275880,2200234,26402808,204731272,34967068,22169288,73834,879,0,0
C016800,4369565,52434780,2232301,26787612,89630285,90926431,58252843,557191,720,1,0
C016801,12000000,144000000,6710836,80530032,320386095,243083577,243083577,2477089,813,0,0
C016802,8796676,105560112,3183703,38204436,233005745,92811988,74157516,888563,740,0,0
C016803,2476697,29720364,1393701,16724412,278160592,46093105,43806915,247476,774,0,0
C016804,6575172,78902064,2553311,30639732,1104628896,97839988,66949901,395900,765,0,0
C016805,5618778,67425336,2726558,32718696,158070933,183600968,171913991,1322238,719,0,1
C016806,1800000,21600000,668092,8017104,96811702,20746840,14249087,215517,789,0,0
C016807,6425324,77103888,4098759,49185108,169408995,40444554,26642643,427892,825,0,0
C016808,3090577,37086924,2395600,28747200,92272346,31236872,31236872,177067,819,0,0
C016809,9936730,119240760,5446500,65358000,186764139,197083515,144807132,1246865,803,0,0
C016810,2917357,35008284,1587594,19051128,64752109,33820427,23378571,284071,779,0,0
C016811,4936966,59243592,3344884,40138608,79256121,31066997,19817989,476330,772,0,0
C016812,7133620,85603440,5422980,65075760,371586855,71147370,49287624,310078,747,0,1
C016813,8138775,97665300,5174194,62090328,325760989,191553993,90273148,728378,675,0,0
C016814,3779428,45353136,2202283,26427396,43521946,41251361,33774768,291641,827,0,0
C016815,6146257,73755084,4393656,52723872,217754782,93385118,80314012,785262,834,0,0
C016816,1988118,23857416,970790,11649480,45382330,24350421,24350421,301165,794,0,0
C016817,4394598,52735176,1982176,23786112,448831964,59912360,44089967,199990,763,0,0
C016818,3295259,39543108,1992942,23915304,142503140,32165478,32148678,328932,737,0,0
C016819,4985847,59830164,3037696,36452352,136921553,34022080,26635384,355547,819,0,0
C016820,2955155,35461860,2258203,27098436,402383604,41754721,35142001,581685,741,0,0
C016821,5742424,68909088,2790252,33483024,234744725,18291348,18291348,388207,782,0,0
C016822,4642847,55714164,2781785,33381420,119316879,40068482,30662758,111754,828,0,0
C016823,2821020,33852240,1014466,12173592,122982884,35495413,30177098,148877,819,0,0
C016824,4967107,59605284,1951573,23418876,169342733,38895291,38212074,465118,763,0,0
C016825,3688845,44266140,2046764,24561168,158499020,61657399,43461507,195073,765,0,0
C016826,6269050,75228600,3730060,44760720,403835601,60280723,33224828,832315,728,0,0
C016827,7211762,86541144,2803801,33645612,1211576016,84398742,77485104,633004,720,0,0
C016828,4232015,50784180,2630203,31562436,165973696,35169873,35169873,513705,787,0,0
C016829,2171216,26054592,1549371,18592452,90041800,56760357,54394190,441892,705,0,1
C016830,2816382,33796584,2018867,24226404,54617654,35030199,35030199,451307,678,1,0
C016831,3933061,47196732,2216762,26601144,339281851,103933204,97046418,742391,830,0,0
C016832,6058625,72703500,1919352,23032224,149240254,106920247,82575675,1075098,763,0,0
C016833,7560303,90723636,5957698,71492376,374818250,124611286,117067477,1020893,769,0,1
C016834,7985381,95824572,4380369,52564428,348772622,180735371,151150923,1308796,703,1,0
C016835,5235943,62831316,3434416,41212992,244551905,126917696,116132865,568936,790,0,0
C016836,6847125,82165500,3128095,37537140,1150317000,89934123,81275299,411274,821,0,0
C016837,3534056,42408672,2081162,24973944,161867546,26618009,15221704,395534,879,0,0
C016838,6416660,76999920,3596749,43160988,618153009,48665983,21587465,336805,813,0,0
C016839,1894986,22739832,788943,9467316,45387711,21295047,17821413,323252,800,0,0
C016840,2896503,34758036,947128,11365536,90504264,26113767,9369871,181573,881,0,0
C016841,5462187,65546244,3730046,44760552,77516804,138435959,112717390,779683,805,0,0
C016842,3441978,41303736,2450065,29400780,164323956,62958485,28531236,448304,726,0,0
C016843,8047842,96574104,5017747,60212964,638246975,111541151,79885661,736102,698,0,0
C016844,5423024,65076288,2834357,34012284,251972947,114453023,82917922,777730,763,0,0
C016845,4964648,59575776,3022255,36267060,259514774,31377740,31377740,373202,796,0,0
C016846,3677130,44125560,1779057,21348684,242974713,51393721,39808893,319292,738,0,0
C016847,5069645,60835740,2552965,30635580,269878576,71294356,55433200,847460,771,0,0
C016848,2921062,35052744,2478889,29746668,114983519,55865105,55865105,520345,607,2,1
C016849,3021361,36256332,1997201,23966412,68225265,8770811,7781342,146022,898,0,0
C016850,2189461,26273532,1446485,17357820,39708688,36976622,31816987,176698,770,0,0
C016851,1992223,23906676,1162082,13944984,235511823,13784117,13784117,136464,878,0,0
C016852,5878262,70539144,3559230,42710760,118734702,27420012,20761858,359999,828,0,0
C016853,3477897,41734764,1691101,20293212,136882220,47096825,38983974,454492,768,0,0
C016854,3795956,45551472,2097510,25170120,64848419,146485452,126508882,1047761,752,1,0
C016855,6173016,74076192,3902118,46825416,765838973,79300631,59632677,625923,773,0,0
C016856,2573354,30880248,1458116,17497392,107961720,14990395,14990395,153125,824,0,0
C016857,2920005,35040060,1363365,16360380,425654227,33898638,24268942,257058,700,1,1
C016858,3499613,41995356,2712459,32549508,115796138,29295618,24092099,468410,702,0,0
C016859,6474552,77694624,4488164,53857968,127996508,73313409,56561383,632140,841,0,0
C016860,4159082,49908984,2358228,28298736,297444417,49202743,45645158,455446,674,0,0
C016861,5007331,60087972,3101543,37218516,227300403,100100884,63630133,786979,731,1,0
C016862,3011902,36142824,1348881,16186572,72628437,28977472,17919684,281720,684,0,0
C016863,2384122,28609464,1015394,12184728,120149576,37356571,28904414,264193,830,0,0
C016864,6410464,76925568,3149740,37796880,286107874,256804278,230344364,1608921,749,0,0
C016865,4307307,51687684,3129588,37555056,252170521,64928274,64928274,395302,753,0,0
C016866,7480211,89762532,2431675,29180100,858391245,103350574,76971463,703305,755,0,0
C016867,6496616,77959392,2123794,25485528,410142233,70360467,37063065,137697,817,0,0
C016868,4879406,58552872,3147306,37767672,110043453,218986230,204576931,1337962,682,0,1
C016869,2924722,35096664,1713336,20560032,107146060,78431952,72418193,552284,821,0,0
C016870,4588489,55061868,3439951,41279412,188149294,129592098,129592098,1048942,789,0,0
C016871,3562363,42748356,2404198,28850376,156806291,72399370,50017204,514809,790,0,0
C016872,4571901,54862812,3762417,45149004,228314753,39374075,39374075,312955,822,0,0
C016873,5064269,60771228,2938070,35256840,111881548,23826479,21081123,120355,747,0,0
C016874,3474298,41691576,2206458,26477496,82982327,55856984,55856984,523451,748,0,0
C016875,5328540,63942480,2325194,27902328,271421893,40597486,40597486,198198,848,0,0
C016876,6436430,77237160,4518900,54226800,1057664347,69698801,33903935,578108,731,0,0
C016877,3150637,37807644,1326435,15917220,394816772,35861707,27382525,295689,765,0,0
C016878,2631305,31575660,1482766,17793192,58654567,27672190,16736827,217039,758,1,0
C016879,7706831,92481972,4812660,57751920,250179333,63032517,40332053,341499,783,0,0
C016880,4501557,54018684,2310147,27721764,198436639,55275907,53256080,498297,800,0,0
C016881,1986595,23839140,1016451,12197412,81006399,17777795,11357501,192206,742,0,0
C016882,6013061,72156732,3545502,42546024,172059938,99673441,61996828,913919,849,0,0
C016883,4208350,50500200,2243852,26926224,291518745,174628487,140813771,875806,700,0,0
C016884,5859408,70312896,3897233,46766796,519362968,121947441,103038795,896984,686,1,0
C016885,4097459,49169508,1697097,20365164,229410213,57400061,57400061,564927,721,0,0
C016886,3362783,40353396,2324545,27894540,21691466,203235718,181590282,1157339,585,2,1
C016887,4042983,48515796,1708594,20503128,70576609,30538937,11699092,445731,862,0,0
C016888,3274624,39295488,1647121,19765452,54407539,64153447,44931418,636596,636,0,1
C016889,8470800,101649600,4664396,55972752,464635989,113169930,68879962,937553,827,0,0
C016890,1800000,21600000,917472,11009664,56314129,14273167,10617317,207932,857,0,0
C016891,3739199,44870388,1851378,22216536,221361102,20617515,20617515,297487,817,0,1
C016892,5240799,62889588,3371596,40459152,69911124,27956194,10757176,255617,760,0,0
C016893,12000000,144000000,8071891,96862692,390483576,83102079,83102079,1124935,722,0,0
C016894,3674768,44097216,2414886,28978632,132633157,46796068,30150405,673392,724,0,0
C016895,1800000,21600000,1166018,13992216,115939002,29883856,28864408,100807,739,1,0
C016896,7553383,90640596,2870195,34442340,513123986,61445349,36640689,845990,830,0,0
C016897,4458482,53501784,2729395,32752740,101395117,55858062,55858062,419764,851,0,0
C016898,3777509,45330108,2364818,28377816,133473662,94612274,54798636,433237,728,0,0
C016899,6599605,79195260,3689838,44278056,903024626,98224186,55222246,814443,581,1,1
C016900,4516672,54200064,2294107,27529284,758800896,102957144,84971344,676331,737,0,0
C016901,3799573,45594876,2269717,27236604,72379957,55180812,53612690,471108,821,0,0
C016902,3511000,42132000,2044556,24534672,37511516,48777684,27491616,363457,778,0,0
C016903,2837906,34054872,1519128,18229536,56231852,27883999,27883999,298195,710,0,0
C016904,4001629,48019548,2520616,30247392,672273672,35757592,34579184,427562,841,0,0
C016905,6035264,72423168,4328391,51940692,193929018,90631354,59655837,400324,716,0,0
C016906,5315643,63787716,2387407,28648884,143444813,15810434,11395475,247007,730,0,0
C016907,4339511,52074132,3394958,40739496,217298698,74540347,51887681,765081,750,0,0
C016908,4034314,48411768,2526508,30318096,264810712,67782510,44302573,200631,695,1,0
C016909,2319334,27832008,1311186,15734232,276445600,30479985,24615884,239937,755,0,0
C016910,5933728,71204736,4703107,56437284,996866304,77476925,49561235,217152,798,0,0
C016911,3284368,39412416,2032196,24386352,95576458,9812899,4808406,65687,795,0,0
C016912,4473805,53685660,1865361,22384332,61352225,129813927,123205782,899008,800,1,0
C016913,7456371,89476452,3991850,47902200,462372290,43541554,32153191,305561,799,0,0
C016914,1800000,21600000,885214,10622568,60497502,11093605,11093605,50000,797,0,0
C016915,3050354,36604248,2390133,28681596,263411877,23702672,6679658,103932,730,0,0
C016916,5512087,66145044,4478173,53738076,93823206,92595644,51681312,617069,748,0,0
C016917,3844229,46130748,2104212,25250544,73152606,55995104,55995104,373058,798,0,0
C016918,2835368,34024416,1478909,17746908,40189512,21484906,16860286,171882,873,0,0
C016919,2391923,28703076,1324964,15899568,141579616,25231514,21458466,385835,878,0,0
C016920,4725650,56707800,3100533,37206396,216382671,49042307,27709897,121757,833,0,0
C016921,2144202,25730424,1346554,16158648,144038925,36777812,18220702,291919,658,1,0
C016922,8372212,100466544,3531696,42380352,874836514,80289235,44678464,785024,850,0,0
C016923,3671020,44052240,1719610,20635320,134190196,10601074,10509362,366276,832,0,0
C016924,3279122,39349464,2318621,27823452,81088535,18584827,11411663,327606,840,0,0
C016925,7358902,88306824,4145814,49749768,435289162,48892767,32844535,478931,779,0,0
C016926,4619735,55436820,2590310,31083720,82467173,36843341,17691991,92395,950,0,0
C016927,2095225,25142700,1516249,18194988,53459131,27935982,20835033,318027,772,0,0
C016928,4195594,50347128,2533773,30405276,232990411,49862857,32301223,363376,790,0,0
C016929,2561893,30742716,1402983,16835796,82750946,24661585,24661585,216336,764,0,0
C016930,5581625,66979500,3822161,45865932,700037649,210324718,184650296,994837,761,0,0
C016931,3751219,45014628,3202481,38429772,279519498,181384172,169639870,1210887,616,1,1
C016932,3022665,36271980,1385822,16629864,175213237,25518593,14439017,157532,825,0,0
C016933,1825317,21903804,1031626,12379512,220846644,27564946,22287180,86224,770,0,0
C016934,2383737,28604844,1459827,17517924,68366463,21515881,19521034,205264,831,0,0
C016935,5257567,63090804,2904049,34848588,623005555,42024513,34162818,311411,900,0,0
C016936,5665891,67990692,3291397,39496764,439082857,68687114,42907073,531645,783,0,0
C016937,2311021,27732252,2070490,24845880,314587685,46417088,30186891,167125,719,0,0
C016938,4632070,55584840,2034561,24414732,413855034,44800594,25898831,281082,827,1,0
C016939,5316688,63800256,2286939,27443268,184384825,133166604,121329835,851346,690,0,0
C016940,2735241,32822892,1496300,17955600,46013083,22034741,22034741,115002,828,0,0
C016941,8930281,107163372,5819191,69830292,186576829,356553657,333372394,1979134,787,0,0
C016942,5241788,62901456,2859507,34314084,93445742,45677165,20729350,316389,862,0,0
C016943,5254968,63059616,1945491,23345892,90569250,128751214,113891184,1094209,674,0,0
C016944,4683956,56207472,1954191,23450292,96743705,102126356,99292676,1070422,659,2,0
C016945,5462094,65545128,3247874,38974488,49981812,44565244,31944673,456052,813,0,0
C016946,5543051,66516612,3487398,41848776,366400462,33511832,22980595,466833,823,0,0
C016947,5345384,64144608,3576242,42914904,284578356,56047822,35962669,575069,787,0,0
C016948,6976956,83723472,3012613,36151356,290147031,96951478,85123146,516776,789,0,0
C016949,6124602,73495224,4447125,53365500,423350122,107879153,82523616,460503,789,0,0
C016950,3981403,47776836,1707707,20492484,149174212,44346312,38167486,421389,804,0,0
C016951,3337534,40050408,2538333,30459996,96251535,65806568,65806568,528331,782,0,0
C016952,3953862,47446344,2169333,26031996,664248816,34826751,22764453,249641,781,0,0
C016953,4288968,51467616,3197992,38375904,712518170,117397821,104732162,524690,815,0,0
C016954,3597588,43171056,2756665,33079980,307147890,116003309,102893764,563329,768,0,0
C016955,4886042,58632504,2878827,34545924,820855056,38089698,38089698,560867,714,0,0
C016956,5469779,65637348,2441641,29299692,100709392,72575368,63753373,544654,846,0,0
C016957,4352984,52235808,2205930,26471160,113103189,49258190,45816385,470276,719,0,0
C016958,2691256,32295072,1651331,19815972,217628516,24392564,8275539,156084,781,0,0
C016959,4109901,49318812,1801210,21614520,313404673,43560395,36601160,306018,809,0,0
C016960,2879217,34550604,1809058,21708696,225834560,21421336,16459681,174820,798,0,0
C016961,4780087,57361044,2973498,35681976,109196484,24422337,18648786,336013,804,0,0
C016962,4544560,54534720,2307622,27691464,53320135,39989508,18589015,90891,813,1,0
C016963,1879856,22558272,757020,9084240,70156618,17261389,10437831,106826,712,0,0
C016964,6045538,72546456,3999273,47991276,153676270,14583836,14583836,916797,738,0,0
C016965,5350231,64202772,2749794,32997528,144844402,36370245,20331855,206105,872,0,0
C016966,4741601,56899212,3109735,37316820,180490718,90195334,90195334,881015,790,0,0
C016967,5947771,71373252,2929936,35159232,358874858,29893131,21878623,788177,874,0,0
C016968,1873108,22477296,1219304,14631648,115175406,30412395,22087209,262234,725,0,0
C016969,5272047,63264564,3624420,43493040,269586981,115985530,84327329,704542,779,0,0
C016970,1872201,22466412,1080115,12961380,74160088,23708721,18434886,162919,818,0,0
C016971,2051635,24619620,1281159,15373908,16843391,54537402,47600771,508851,729,0,0
C016972,2990405,35884860,1679437,20153244,419251020,100646784,94108204,738139,756,0,0
C016973,4308401,51700812,1926887,23122644,232727033,84070355,47666219,324457,713,0,0
C016974,5495328,65943936,2485521,29826252,275010993,84328817,53101696,329739,785,0,0
C016975,5847844,70174128,3057407,36688884,196578612,26305764,19050794,127513,808,0,1
C016976,2422385,29068620,2158629,25903548,220535996,33158771,15289794,142526,734,0,0
C016977,4525116,54301392,2993462,35921544,441987710,57697437,48264945,378763,807,0,0
C016978,4762883,57154596,2118536,25422432,104942756,93740314,65845222,620484,787,1,0
C016979,4250691,51008292,1744192,20930304,622418445,67721562,63551452,480630,794,0,0
C016980,3105561,37266732,2202577,26430924,129105909,65348467,60359304,378065,653,0,1
C016981,11807135,141685620,8455112,101461344,178840570,65059430,48979766,236143,801,0,0
C016982,6739578,80874936,3700273,44403276,122805842,32288372,29072098,270305,800,1,0
C016983,6512081,78144972,3166172,37994064,775026618,218002477,202735545,1453552,849,0,0
C016984,2095821,25149852,1251467,15017604,31469607,37694409,25366146,50000,820,0,0
C016985,2396659,28759908,953480,11441760,270558963,56988503,43722702,303699,755,0,0
C016986,2565125,30781500,1184060,14208720,222591974,31472044,27163373,273424,731,0,0
C016987,2151244,25814928,1214608,14575296,52803656,15497856,10778501,285025,700,0,0
C016988,6165323,73983876,4507084,54085008,138257791,83880689,83880689,853524,762,0,0
C016989,3387599,40651188,2557843,30694116,129218712,34106317,19380144,365073,775,0,0
C016990,3657139,43885668,1868547,22422564,77023703,47335767,42858112,355358,831,0,0
C016991,5421970,65063640,3218185,38618220,555785952,69403671,53870840,567513,822,0,0
C016992,4588910,55066920,2093473,25121676,146995694,124572614,91105515,435526,731,0,0
C016993,7485105,89821260,3423403,41080836,143817994,23472543,23472543,594582,766,0,0
C016994,6557043,78684516,2911188,34934256,507429073,143432395,140801478,1154226,746,0,0
C016995,4055992,48671904,2090790,25089480,79629841,22670042,22670042,144386,884,0,0
C016996,6447888,77374656,2766269,33195228,113563893,77151129,25801095,128958,795,0,0
C016997,6187033,74244396,4553992,54647904,274304257,118208311,115722021,1020473,768,0,0
C016998,5112945,61355340,3872447,46469364,529206143,131125551,115155764,815290,706,0,0
C016999,3666636,43999632,2541576,30498912,167243017,39069433,33258654,354606,811,0,0
C017000,4598428,55181136,3023846,36286152,423137501,39728202,39728202,318507,818,0,0
C017001,3514540,42174480,2455885,29470620,88445390,10373083,10373083,441853,784,0,0
C017002,5270143,63241716,2597091,31165092,885384024,85769252,66414827,783756,878,0,0
C017003,5270212,63242544,4070096,48841152,354879391,138972392,117479238,875069,774,0,0
C017004,4256199,51074388,2646305,31755660,102037604,47077793,31716816,317175,751,0,0
C017005,5855550,70266600,5332751,63993012,231357867,255345253,228668879,1854715,746,0,1
C017006,5537229,66446748,4176903,50122836,307110796,93222137,70329767,755281,744,0,0
C017007,3761902,45142824,2236331,26835972,225371994,31894549,31894549,277071,861,0,0
C017008,2006328,24075936,1221030,14652360,284778540,45023685,42678485,293979,798,0,0
C017009,6025717,72308604,2612638,31351656,315487925,143873317,132839191,895300,895,0,0
C017010,5630515,67566180,2502810,30033720,184089570,104808993,66727369,574803,815,0,0
C017011,3615205,43382460,1636302,19635624,246893619,28385937,16359717,127284,822,0,0
C017012,11600099,139201188,5808317,69699804,954516749,57025679,57025679,571327,800,0,0
C017013,4379214,52550568,3391481,40697772,278026289,38527001,18913706,220891,704,0,0
C017014,4145003,49740036,2045475,24545700,206304562,52176255,26420022,512193,904,0,0
C017015,4533843,54406116,2653254,31839048,244977414,58501222,44140831,170337,830,0,0
C017016,2934828,35217936,1905523,22866276,267764822,72107456,72107456,561950,743,0,0
C017017,5582765,66993180,2633667,31604004,937904520,55575613,39907750,641256,827,0,0
C017018,3979664,47755968,2435660,29227920,272521122,44465821,31336651,232798,780,0,0
C017019,6150519,73806228,3972612,47671344,1033287192,168211699,167382414,1391951,775,0,0
C017020,2840624,34087488,1599096,19189152,100320127,29606546,20069748,136958,882,0,0
C017021,5811778,69741336,3857333,46287996,73418340,98451078,77245011,725309,697,1,0
C017022,4718807,56625684,2749558,32994696,104988497,55989039,43977043,334191,844,0,0
C017023,4970887,59650644,2618933,31427196,129955682,52795478,31400350,330258,881,0,0
C017024,6252108,75025296,4119440,49433280,254967121,145179461,130612096,1173034,755,0,0
C017025,1981512,23778144,1246486,14957832,101907647,10373041,10373041,123121,808,0,0
C017026,3678730,44144760,2655887,31870644,537031510,32788150,18490435,167114,679,0,0
C017027,3556174,42674088,1928971,23147652,196810780,39513986,19653746,141922,800,0,0
C017028,4218598,50623176,2494842,29938104,236030631,154315000,141747205,1218952,723,0,1
C017029,4379027,52548324,2439301,29271612,103747585,79822139,52944471,930021,656,0,1
C017030,2514157,30169884,1680767,20169204,76928141,37177337,15044130,122600,827,0,0
C017031,5436330,65235960,4646816,55761792,387882096,53613530,53613530,331356,780,0,0
C017032,7641742,91700904,5564820,66777840,381918456,38067790,38067790,259064,843,2,0
C017033,3746388,44956656,2661239,31934868,54580164,70536129,57280993,543467,744,0,0
C017034,3460490,41525880,1333476,16001712,116528693,52228846,52228846,699470,758,0,0
C017035,4349476,52193712,2910127,34921524,127968664,11416395,11416395,298737,774,0,0
C017036,3083574,37002888,1763681,21164172,34999681,52610155,34921155,261534,744,0,0
C017037,5332770,63993240,2573267,30879204,189550696,38888552,27777963,442835,786,0,0
C017038,5929400,71152800,2518638,30223656,876079354,18646440,16780220,589144,797,0,0
C017039,12000000,144000000,4581588,54979056,314311507,141342945,92436891,1582115,852,0,0
C017040,4909194,58910328,2711016,32532192,211214042,41604425,41604425,546326,771,0,0
C017041,3313909,39766908,1639231,19670772,130014487,51740658,24156286,310577,801,0,0
C017042,4201544,50418528,2153923,25847076,512659131,60217538,45221456,393770,791,0,0
C017043,2530748,30368976,1457979,17495748,73929562,31487964,7866127,134495,830,0,0
C017044,2038355,24460260,593302,7119624,70070415,47421442,44225881,185755,729,0,0
C017045,4869039,58428468,2382738,28592856,131949459,39289719,37817192,526216,845,0,0
C017046,1800000,21600000,867570,10410840,30302535,21067817,16065026,168749,803,0,0
C017047,4328762,51945144,3149273,37791276,63514244,29160091,24744745,582583,701,1,0
C017048,2346745,28160940,1475240,17702880,59291488,18719973,13074587,166171,827,0,1
C017049,2553697,30644364,1845615,22147380,207544702,36293873,32866792,83343,805,0,0
C017050,3769657,45235884,2301468,27617616,106716691,72272230,67529593,675361,717,0,0
C017051,7178060,86136720,6267635,75211620,469997049,26663608,26663608,143561,774,0,0
C017052,2470843,29650116,1275465,15305580,84274942,60592557,46557786,539740,677,0,0
C017053,9269269,111231228,4709857,56518284,391303056,120802148,75646671,987508,735,0,1
C017054,4562096,54745152,1764627,21175524,386486405,31641366,31641366,349983,757,0,0
C017055,1891906,22702872,1056827,12681924,81234957,31049856,26282164,129780,806,0,0
C017056,1939238,23270856,1363440,16361280,99452725,21612133,21387069,285645,921,0,0
C017057,2872612,34471344,924633,11095596,35787483,38269519,25257040,303490,793,0,0
C017058,3842428,46109136,2113119,25357428,87019052,18825535,13571398,193923,851,1,0
C017059,5459367,65512404,3965914,47590968,97372351,84207095,62708771,629762,718,0,0
C017060,1851864,22222368,1116935,13403220,42517985,18939933,18939933,160128,810,0,0
C017061,6346978,76163736,3540682,42488184,45555399,53061973,53061973,408892,760,0,0
C017062,5096447,61157364,2522736,30272832,195937378,55887931,45073402,391086,811,0,0
C017063,5741670,68900040,4053471,48641652,354647604,32806974,22560018,414881,801,0,0
C017064,2645635,31747620,661409,7936908,62254938,19384194,10709137,351167,795,0,0
C017065,6516012,78192144,1797806,21573672,390577022,147494799,130269883,1051698,741,0,0
C017066,2339414,28072968,900350,10804200,82492307,45415386,32857917,283602,823,0,0
C017067,2082861,24994332,900408,10804896,77375634,9346792,8801471,134175,786,0,0
C017068,4064802,48777624,2347830,28173960,117588294,81190291,70108575,454300,786,0,0
C017069,4349451,52193412,3440843,41290116,156108602,54989491,31461028,472299,736,0,0
C017070,3616685,43400220,2172820,26073840,67349269,38612490,18069718,217183,784,0,0
C017071,4557342,54688104,4081163,48973956,135620904,68570399,66221947,884306,708,0,1
C017072,3332128,39985536,2321851,27862212,66690759,26598886,14795245,223504,699,0,0
C017073,1804961,21659532,1017038,12204456,118478707,28028536,28028536,287847,842,0,0
C017074,3827111,45925332,2096548,25158576,80615511,171185993,152771658,1025810,686,0,1
C017075,4462655,53551860,2994079,35928948,373674803,61017722,58760951,581395,789,0,0
C017076,6431835,77182020,3898626,46783512,310476061,60561903,60561903,483386,831,0,0
C017077,7013030,84156360,3689293,44271516,142590489,53318812,27713926,730419,799,0,0
C017078,3835908,46030896,1323438,15881256,169321878,34786182,14295477,195649,746,0,0
C017079,2284720,27416640,1870792,22449504,87581159,17120247,17120247,227270,611,2,0
C017080,5528579,66342948,3493486,41921832,315345431,35426421,34797535,559419,809,0,0
C017081,3832021,45984252,1464317,17571804,237330308,37939336,37773817,438389,822,0,0
C017082,2741602,32899224,1918775,23025300,44987176,31539886,4438368,185679,798,0,0
C017083,6351170,76214040,2861836,34342032,299028459,57500144,35931372,664319,805,0,0
C017084,5024677,60296124,2074066,24888792,510676288,68512447,63755834,582634,804,0,0
C017085,7963037,95556444,5914340,70972080,397545511,53950857,36468579,757743,745,0,0
C017086,2126239,25514868,1297036,15564432,44802898,33614662,21334289,306893,704,0,0
C017087,10442625,125311500,5527435,66329220,55688896,250763532,185612208,1940329,825,1,0
C017088,2871270,34455240,1351462,16217544,61967399,36624351,35045189,215720,848,0,0
C017089,4694401,56332812,2905041,34860492,206388614,57677288,48242857,359344,783,0,0
C017090,2234554,26814648,801407,9616884,131101868,23125659,23125659,245128,735,0,0
C017091,7177098,86125176,2106784,25281408,482684600,137361590,129925736,745074,737,0,0
C017092,4058441,48701292,1749969,20999628,375073621,84153783,50383400,578507,778,0,0
C017093,2678058,32136696,1295740,15548880,113353529,50270552,32145460,253571,705,0,0
C017094,4126054,49512648,2524345,30292140,136398396,39462625,36428989,614426,720,0,0
C017095,6524750,78297000,2774109,33289308,372688670,123525689,114184608,1268169,837,0,0
C017096,3189165,38269980,1334144,16009728,39539083,36961458,31098583,86678,766,0,0
C017097,5890112,70681344,3861147,46333764,120174717,64631437,46116182,831240,914,0,0
C017098,4725441,56705292,2613481,31361772,115945766,69495130,69495130,787749,896,0,0
C017099,4182455,50189460,2432186,29186232,435782899,110958605,94390630,791077,743,0,0
C017100,4232175,50786100,3063425,36761100,114438814,11866097,11866097,303575,781,0,0
C017101,3598942,43187304,899736,10796832,47939797,65138090,40974283,403363,780,0,0
C017102,10903720,130844640,5511319,66135828,455928951,65135332,65135332,319135,752,0,0
C017103,3364049,40368588,1051003,12612036,46269624,31361233,14920434,87595,799,0,0
C017104,2549514,30594168,1450402,17404824,117943491,51569586,45665220,234281,936,0,0
C017105,3094631,37135572,1610686,19328232,202708351,16605931,11434424,187056,759,0,0
C017106,5479183,65750196,3518638,42223656,189242440,81025236,35740505,695526,705,0,0
C017107,2442532,29310384,1850351,22204212,189990177,33284103,23740467,317720,806,0,1
C017108,3405666,40867992,2011397,24136764,116196370,59192532,42493225,440828,857,0,0
C017109,5330926,63971112,3487150,41845800,55254804,57404167,28203613,652124,707,0,0
C017110,3726023,44712276,1908498,22901976,93055231,40929904,37199201,324181,722,0,0
C017111,2113545,25362540,1524903,18298836,54014755,18822942,18822942,128625,804,0,0
C017112,5889145,70669740,4734763,56817156,351844966,59356575,51867946,1001269,633,0,0
C017113,4037983,48455796,2447170,29366040,182328516,57308581,57308581,342791,882,0,0
C017114,5030258,60363096,3293737,39524844,155010982,67320332,56328731,613680,721,0,0
C017115,4839123,58069476,3038425,36461100,713427189,111724170,92162841,1042136,695,0,0
C017116,4307793,51693516,1650434,19805208,196681639,25880653,21193463,214538,790,0,0
C017117,2673095,32077140,1323794,15885528,65779330,22984843,7730491,113959,867,0,0
C017118,8668249,104018988,5163652,61963824,150511984,51499400,36215497,747805,784,0,0
C017119,3466339,41596068,2183374,26200488,159577233,105835435,99182487,698098,661,2,0
C017120,2297102,27565224,1849330,22191960,274033120,17392188,8647764,79570,747,0,0
C017121,1800000,21600000,938447,11261364,21127643,18055133,18055133,181710,882,0,0
C017122,3834306,46011672,1456584,17479008,65111778,29585434,15906418,230974,910,0,0
C017123,5165730,61988760,4013553,48162636,51579778,40615601,23931231,484044,815,0,0
C017124,3117964,37415568,2123231,25478772,198151195,88189475,88189475,641080,697,0,1
C017125,4034165,48409980,2915727,34988724,410169828,54644532,46774640,282514,773,1,0
C017126,1800000,21600000,1023274,12279288,133174077,79012569,74164283,563113,761,0,0
C017127,5496088,65953056,2731074,32772888,349555949,127309903,107569495,761700,870,0,0
C017128,2552740,30632880,1435705,17228460,112491529,19714477,9542993,182549,822,0,0
C017129,3284631,39415572,1173840,14086080,186588249,47413723,43202538,337421,794,0,0
C017130,3897621,46771452,2069603,24835236,87257897,63136713,48529408,466571,708,0,0
C017131,5859720,70316640,3952828,47433936,95838400,108954436,108203847,774299,781,0,0
C017132,3502582,42030984,1850072,22200864,139683799,11675796,11675796,70052,882,0,0
C017133,4166793,50001516,1485140,17821680,700021224,32477430,26203292,274642,780,0,0
C017134,4124426,49493112,4073950,48887400,173990446,93838344,80158973,578939,703,0,0
C017135,5151759,61821108,3975436,47705232,171994079,71123260,64619281,689236,747,0,0
C017136,2947987,35375844,1122548,13470576,48557358,26873263,12327633,221868,798,0,0
C017137,2499722,29996664,2070891,24850692,45717712,28421568,28287703,386148,641,0,1
C017138,1899527,22794324,1107214,13286568,32424337,18728138,16084637,196765,843,0,0
C017139,2852742,34232904,1434193,17210316,177158354,16022308,11831674,164454,758,0,0
C017140,6103066,73236792,2900746,34808952,443986092,21689642,17046690,122061,735,0,0
C017141,3028912,36346944,2705055,32460660,299885077,41200684,36846252,171263,707,0,0
C017142,4428842,53146104,1741921,20903052,86423086,119959278,112723597,821413,752,0,0
C017143,6041811,72501732,3586340,43036080,142578718,150476947,134307552,1022567,693,0,0
C017144,3348767,40185204,1953886,23446632,171486063,18195129,11648163,66975,779,0,0
C017145,4715320,56583840,2205061,26460732,38579867,83688667,73917634,403930,733,0,0
C017146,2532183,30386196,1342492,16109904,79789204,22941089,17357026,50644,877,0,0
C017147,8130498,97565976,3602800,43233600,940161824,83222138,49886339,926211,821,0,0
C017148,7158265,85899180,3530533,42366396,113514846,148804271,148804271,1124721,801,0,0
C017149,4036477,48437724,2661276,31935312,135682483,61315708,42784628,786672,668,0,0
C017150,2572878,30874536,1318667,15824004,193148809,16016495,10404685,51458,816,0,0
C017151,5945399,71344788,4754659,57055908,488821679,80077499,69857807,821306,715,0,0
C017152,4398157,52777884,3109595,37315140,136016156,106487647,98801351,584580,748,0,0
C017153,8098832,97185984,6504756,78057072,78466698,145615927,122628495,1331732,826,0,0
C017154,2256233,27074796,1580743,18968916,75223319,33147195,33147195,225536,764,1,0
C017155,7661309,91935708,6411212,76934544,1287099912,178777099,152280120,925487,784,0,0
C017156,6232650,74791800,4141553,49698636,128024163,38620194,38620194,763576,679,0,0
C017157,3981654,47779848,2682081,32184972,26021526,27505271,27505271,456630,752,0,1
C017158,5037247,60446964,2849639,34195668,143975976,116509599,91464448,1005177,732,0,0
C017159,3537011,42444132,1434666,17215992,59281659,35807397,24490820,70740,886,0,0
C017160,2467930,29615160,1598895,19186740,174437321,33087957,21899818,196420,756,0,0
C017161,3578892,42946704,2012002,24144024,164823222,44209524,33075399,525440,816,0,0
C017162,3418823,41025876,1668691,20024292,265599756,59254567,54465770,459569,812,0,0
C017163,4230288,50763456,3607435,43289220,287208787,45327135,32035083,404169,835,0,0
C017164,3030862,36370344,1591478,19097736,156857456,11860647,11860647,60617,777,0,0
C017165,3003975,36047700,1342892,16114704,117986431,51715093,45198562,304928,749,0,0
C017166,7443916,89326992,5066672,60800064,224089020,53133849,13181371,508471,761,0,1
C017167,4711690,56540280,3163249,37958988,593394614,31752709,22820415,275573,806,0,0
C017168,5528418,66341016,3157577,37890924,260837452,96110910,68356543,967810,935,0,0
C017169,5031355,60376260,3298199,39578388,83040485,49592121,41554050,223766,779,0,0
C017170,1800000,21600000,1079765,12957180,27107097,33924967,26847091,179234,851,0,0
C017171,4092225,49106700,2674122,32089464,283516957,20836024,20836024,85501,903,0,0
C017172,2023293,24279516,1092750,13113000,89273829,15521666,5419263,94405,922,0,0
C017173,8437384,101248608,5798173,69578076,702119278,187728159,147584365,1260895,848,1,0
C017174,7200049,86400588,3787258,45447096,178835473,32878327,32878327,288183,706,0,0
C017175,4218489,50621868,2905783,34869396,549048193,43853834,27499542,430769,782,0,0
C017176,2092570,25110840,1347150,16165800,56931573,21556128,21556128,218394,759,0,0
C017177,1800123,21601476,1314591,15775092,25665720,5967216,4554938,152764,755,0,0
C017178,3024787,36297444,2140037,25680444,346843646,108563434,91565848,882975,638,0,1
C017179,4245373,50944476,2834727,34016724,107850332,10236525,6903479,227123,682,0,0
C017180,4949105,59389260,1237276,14847312,116851300,47064758,47064758,407322,805,0,0
C017181,6921235,83054820,3500597,42007164,769379053,50225511,25225217,618071,819,0,0
C017182,4290338,51484056,2023237,24278844,140198387,47269190,19390170,246597,734,0,0
C017183,3139652,37675824,2214634,26575608,36340054,56229673,43776763,407108,816,0,0
C017184,2278335,27340020,1215241,14582892,218324650,32375247,32375247,277230,773,0,0
C017185,2087434,25049208,768524,9222288,239493552,24411330,18240517,204578,778,0,0
C017186,3665432,43985184,2127882,25534584,416136669,27900867,27900867,299950,770,0,0
C017187,3811151,45733812,1988205,23858460,297850658,48640291,38739097,76223,826,0,0
C017188,3922580,47070960,2939407,35272884,165144648,92112801,84861318,493635,749,0,1
C017189,2311181,27734172,879639,10555668,101343943,21921769,21921769,148906,725,0,0
C017190,5540365,66484380,4278382,51340584,209728207,77267792,77267792,603350,755,0,1
C017191,5851340,70216080,4416580,52998960,83812316,57668998,35760350,732404,657,5,1
C017192,2778636,33343632,1558130,18697560,217114211,101147816,85469038,479700,703,0,0
C017193,5069003,60828036,1724243,20690916,256094420,38608576,26434292,119134,738,0,0
C017194,5091023,61092276,3328816,39945792,98277827,74543191,45679003,517741,722,0,0
C017195,2880244,34562928,1287230,15446760,124012475,30480834,16113516,363077,849,0,0
C017196,5685139,68221668,1880716,22568592,164008267,166732902,130296769,760483,762,0,0
C017197,5933296,71199552,2598834,31186008,184661030,111468744,75140056,494673,895,0,0
C017198,4256580,51078960,1643380,19720560,46870197,32123269,30124406,450634,852,0,0
C017199,4280220,51362640,3335897,40030764,112889072,90608191,70231824,572182,719,0,0
C017200,2716685,32600220,1877458,22529496,183120918,30071547,28218143,279388,649,0,1
C017201,3445080,41340960,2049357,24592284,227087559,19420837,7936051,68902,852,0,1
C017202,4937077,59244924,2997484,35969808,503049732,42119830,27861894,385568,735,0,0
C017203,2859690,34316280,1579269,18951228,241309796,20083893,17923056,71831,803,0,0
C017204,2940663,35287956,2003126,24037512,206527993,30649773,28317157,467455,790,0,0
C017205,10000701,120008412,5940020,71280240,481631750,50004779,24099762,209466,729,0,0
C017206,5610947,67331364,4050003,48600036,403223897,130356231,77849672,720009,729,0,0
C017207,4463227,53558724,2187296,26247552,358074649,47653984,38115580,309126,814,0,0
C017208,3857453,46289436,2650876,31810512,357543416,52502959,52502959,399930,656,0,1
C017209,4088690,49064280,1818070,21816840,91114370,17729471,16789693,149530,870,0,0
C017210,2334020,28008240,1424316,17091792,232559125,34549114,25077852,321114,763,1,1
C017211,3036232,36434784,1204000,14448000,324988479,39774693,27376884,121927,868,0,0
C017212,9215813,110589756,3645893,43750716,715540641,51210735,28965700,649295,744,0,0
C017213,7140522,85686264,5901102,70813224,228195349,91875818,66592934,490123,836,0,0
C017214,4163852,49966224,2183125,26197500,699527136,18576561,18576561,112052,773,0,0
C017215,2328080,27936960,1311233,15734796,34664049,64467314,56860052,445871,693,0,0
C017216,10777981,129335772,5344218,64130616,967226778,265172408,211898086,1400805,843,0,0
C017217,10245024,122940288,8908861,106906332,385247413,71295077,30598454,563830,733,0,1
C017218,5944836,71338032,4576246,54914952,413470205,28557681,27259818,375926,752,0,0
C017219,1800000,21600000,1143122,13717464,302400000,36755106,27510167,184222,750,1,0
C017220,2666467,31997604,1436547,17238564,150114702,37436053,34902882,223252,813,0,0
C017221,10173657,122083884,7817796,93813552,154999016,195502306,173606004,1400860,817,0,0
C017222,6190566,74286792,3114626,37375512,348476975,23752182,23752182,332357,791,0,0
C017223,6099898,73198776,3901843,46822116,221175350,50992147,25928622,385813,801,0,0
C017224,5189187,62270244,2376263,28515156,331018465,22745354,18445187,654254,807,0,0
C017225,2530534,30366408,1266857,15202284,95225680,36804538,36804538,199530,761,0,0
C017226,2600811,31209732,1260319,15123828,122720455,22948415,21338803,332936,855,0,0
C017227,4063851,48766212,2294494,27533928,117911078,54814733,47701517,625849,678,0,0
C017228,2370086,28441032,1295627,15547524,25763408,26775652,21336958,259466,749,0,0
C017229,2132966,25595592,1085020,13020240,208372821,13022557,13022557,213854,890,0,0
C017230,6042815,72513780,4134316,49611792,194301518,136648709,112816097,1098561,661,3,1
C017231,3341293,40095516,1518365,18220380,209319171,19977396,12265922,173260,787,0,0
C017232,4408963,52907556,2438426,29261112,98380067,71664403,56375168,623608,819,0,0
C017233,3392006,40704072,1987939,23855268,66669362,55586219,37335777,266871,738,0,0
C017234,3040660,36487920,2422485,29069820,167633187,26671546,23956515,288084,750,1,0
C017235,2482163,29785956,1259791,15117492,106202094,50194675,36961859,339162,678,0,0
C017236,5437752,65253024,3912344,46948128,227259522,44374396,34171189,715637,802,0,0
C017237,2540788,30489456,2015935,24191220,104998185,26462098,26462098,237255,752,0,0
C017238,3774705,45296460,2388164,28657968,89988586,71092845,64245502,392954,792,0,0
C017239,2420936,29051232,1237994,14855928,191881377,18745906,18745906,262993,836,0,0
C017240,1800000,21600000,1579701,18956412,152952681,13906422,4607512,50000,764,0,0
C017241,2870839,34450068,1767188,21206256,55382149,25232111,11998793,167765,768,0,0
C017242,3634112,43609344,2057447,24689364,148288337,82128723,74651062,544942,835,0,0
C017243,5069421,60833052,3684342,44212104,147467402,54472013,54472013,395139,749,0,0
C017244,2559278,30711336,1364197,16370364,95259266,12708826,8343950,199734,853,0,0
C017245,4536842,54442104,3068244,36818928,142560092,56855720,48523530,459770,800,0,1
C017246,2522302,30267624,1638573,19662876,48890501,24969325,12474938,236235,779,0,0
C017247,3947828,47373936,1457986,17495832,148840147,74237970,58402680,518998,799,0,0
C017248,3157194,37886328,1998683,23984196,279465740,73421014,54342450,620377,734,0,0
C017249,3616272,43395264,1544218,18530616,92644827,85433342,77918972,456666,787,0,0
C017250,3909432,46913184,2370070,28440840,91865213,69819923,69819923,522712,894,0,0
C017251,4818761,57825132,2919241,35030892,131274697,47707575,14906347,123366,776,0,0
C017252,5420122,65041464,3219130,38629560,173390570,67714921,61596407,673732,733,0,0
C017253,4181583,50178996,1939967,23279604,68824997,63660653,33904077,622111,843,0,0
C017254,3151909,37822908,1389588,16675056,72339651,27389688,27389688,461176,804,0,0
C017255,6659611,79915332,3556375,42676500,324896283,157373251,110512709,860162,719,0,0
C017256,2919601,35035212,2025914,24310968,181996394,34774412,25570080,211773,793,0,0
C017257,2936614,35239368,2019071,24228852,81561515,43929054,35249527,274274,848,0,0
C017258,3983725,47804700,2084691,25016292,134372883,30948401,22153201,584717,721,0,0
C017259,5641243,67694916,3100353,37204236,947728824,58929765,41577246,677354,769,0,0
C017260,2620038,31440456,1819325,21831900,124220103,28451541,16783445,254945,617,0,0
C017261,4109491,49313892,2334240,28010880,90019109,65824717,54389040,508804,772,0,0
C017262,3051821,36621852,1648589,19783068,79600050,95519944,87226519,458430,752,0,0
C017263,4908889,58906668,2816789,33801468,249230657,74250082,54043646,877558,737,0,0
C017264,5314137,63769644,2229981,26759772,205110193,172133183,161315031,1125876,782,0,0
C017265,5380265,64563180,4273369,51280428,285985031,99652592,61205314,752323,668,1,0
C017266,9124194,109490328,4868808,58425696,219534851,100223820,66334804,623375,874,0,0
C017267,2671882,32062584,1745476,20945712,162592823,58941969,58941969,463799,770,0,0
C017268,3567212,42806544,1957583,23490996,240930178,29228195,14597384,342189,777,0,0
C017269,3030024,36360288,1273236,15278832,88363851,62505855,56136446,223932,866,0,0
C017270,7140402,85684824,4216997,50603964,568845030,81530015,64776749,539208,856,0,0
C017271,3413980,40967760,1881834,22582008,194885386,42607416,42607416,325536,831,0,0
C017272,7236356,86836272,5631659,67579908,317535056,124885483,65995233,1026351,829,0,1
C017273,5344980,64139760,3843657,46123884,268346424,58451919,29278381,527123,698,0,0
C017274,4054797,48657564,2240480,26885760,140514019,73364668,37840370,454506,819,0,0
C017275,3673450,44081400,3116018,37392216,147442902,31994384,14931326,284819,724,1,0
C017276,3166265,37995180,1488992,17867904,42534984,22384746,13298805,63325,854,0,0
C017277,4888307,58659684,1592951,19115412,129098555,87007557,61981922,586145,854,0,0
C017278,3093997,37127964,1560266,18723192,181254067,34193619,34193619,435443,735,0,0
C017279,5356002,64272024,3034325,36411900,243216002,72610742,71431209,630558,782,0,0
C017280,4709538,56514456,2744303,32931636,100169138,52503279,48801566,694333,797,0,0
C017281,5082218,60986616,3548114,42577368,106281753,87998999,87998999,678824,728,0,0
C017282,8276257,99315084,4670171,56042052,239870838,30699850,30699850,165525,821,0,0
C017283,3948348,47380176,2568372,30820464,355715521,31411716,24586484,281830,797,0,0
C017284,3204095,38449140,1262404,15148848,106630324,38639846,38639846,332081,750,0,0
C017285,4980969,59771628,3158914,37906968,100155296,48543243,48543243,450797,701,0,0
C017286,5705085,68461020,3240447,38885364,132425157,83958208,83958208,698944,764,0,1
C017287,10720244,128642928,6268817,75225804,887231585,330673421,297346745,1785724,756,0,0
C017288,2458283,29499396,984913,11818956,122242124,37700213,24756942,449269,722,0,0
C017289,4483861,53806332,2289100,27469200,164840781,141257156,139972375,855464,743,0,0
C017290,4061747,48740964,2272670,27272040,471355105,46907590,36587555,521605,805,0,0
C017291,3744916,44938992,2654373,31852476,153714809,41470427,35554105,748140,862,0,0
C017292,1800000,21600000,1509476,18113712,39467950,25622535,25622535,304361,808,0,0
C017293,3221533,38658396,1516824,18201888,310674796,29348769,17395819,373791,849,0,0
C017294,3709439,44513268,2822070,33864840,270220130,107353720,95163417,886681,697,0,0
C017295,3192961,38315532,2053244,24638928,43546508,41048608,38521903,351619,712,0,0
C017296,2003486,24041832,1590957,19091484,287406833,24288968,18590741,195928,689,0,0
C017297,6492155,77905860,3752613,45031356,520602121,71714094,56491929,723322,754,0,0
C017298,2717496,32609952,2259523,27114276,86885167,33562661,22616168,176857,816,0,0
C017299,5996511,71958132,4184640,50215680,183066706,58696552,58696552,119930,789,0,0
C017300,4436693,53240316,1883503,22602036,109773197,24294780,24294780,276245,811,0,0
C017301,10740561,128886732,4426817,53121804,453770512,66434823,66434823,645200,870,0,0
C017302,3144266,37731192,1737199,20846388,93441860,23777952,23777952,140216,804,0,0
C017303,3980878,47770536,2555420,30665040,170500080,64700979,56930670,382115,800,0,0
C017304,2760588,33127056,1503793,18045516,190572278,35620170,32971252,303078,854,0,0
C017305,5705960,68471520,2059229,24710748,958601280,78765061,60323263,467759,796,0,0
C017306,4975027,59700324,2453896,29446752,486918292,36797656,32191107,462991,791,0,0
C017307,6211780,74541360,4800607,57607284,124249725,70192086,49663055,711635,770,0,0
C017308,10119501,121434012,3727924,44735088,748355824,92681440,22373108,652350,703,0,0
C017309,4040727,48488724,2767638,33211656,103237411,20863779,10349539,406949,720,0,0
C017310,10836799,130041588,8290461,99485532,860209506,151772301,95700676,1876509,820,0,0
C017311,4052689,48632268,3079755,36957060,146451796,109937202,93026569,524466,677,0,0
C017312,3542029,42504348,1542179,18506148,141331844,32433722,30281658,148201,787,0,0
C017313,3598893,43186716,3110583,37326996,404039228,51459308,46107910,344234,719,0,1
C017314,1800000,21600000,959955,11519460,68942393,10770749,6810229,50000,731,0,0
C017315,2993084,35917008,1907105,22885260,41707355,8032954,8032954,276482,864,0,0
C017316,4521503,54258036,3553962,42647544,153350069,47269797,47269797,642349,810,0,0
C017317,6502075,78024900,2768766,33225192,362877591,103175343,71826755,746890,806,0,0
C017318,2943367,35320404,1389037,16668444,406169898,44095993,43638743,304814,851,1,0
C017319,6548642,78583704,4326172,51914064,475752530,42282249,42282249,460249,812,0,0
C017320,4460962,53531544,2564988,30779856,70655365,71832699,63943173,473999,817,1,0
C017321,5086304,61035648,2331008,27972096,195801037,57621546,57621546,539836,771,0,0
C017322,4245858,50950296,2928654,35143848,139326979,35617478,32008306,356563,729,0,0
C017323,4256001,51072012,2188229,26258748,98599192,87533152,87533152,685367,752,0,0
C017324,4711348,56536176,3137918,37655016,225817244,70179314,49685785,227070,832,0,0
C017325,4180079,50160948,2495860,29950320,160131841,52256732,34674985,491165,711,0,1
C017326,2952654,35431848,1574134,18889608,192355658,55246587,49315678,523011,746,1,0
C017327,3977825,47733900,2830682,33968184,234286176,35323688,31806368,534853,674,0,0
C017328,2697138,32365656,1677053,20124636,59182334,9582827,9582827,56739,789,0,0
C017329,3665438,43985256,2129667,25556004,133121497,50492957,35838992,331026,773,0,0
C017330,6309467,75713604,3801714,45620568,344029950,89192859,68573179,712677,830,0,0
C017331,2482325,29787900,965246,11582952,93595006,35605881,20634348,295819,856,0,0
C017332,2464087,29569044,1420755,17049060,172075640,23873214,23873214,271613,802,0,0
C017333,3230413,38764956,1515451,18185412,67780679,9468050,9468050,350725,830,0,0
C017334,2954173,35450076,1771181,21254172,252213707,44167719,29419417,257160,798,0,0
C017335,5662961,67955532,4257208,51086496,94032232,98168685,60118655,509337,786,1,0
C017336,6044488,72533856,2811094,33733128,219741857,48397725,28723601,374773,762,0,0
C017337,7610878,91330536,3924314,47091768,78238089,57146465,41099273,556572,871,0,0
C017338,6629508,79554096,3230244,38762928,219870394,39078643,23251196,178428,844,0,0
C017339,3490472,41885664,899679,10796148,240598109,70062326,47101704,275905,809,0,0
C017340,2897633,34771596,1608984,19307808,24683972,68532914,58980493,282712,808,0,0
C017341,3431974,41183688,1638925,19667100,251307758,32225518,27712756,68639,777,0,0
C017342,1800000,21600000,1134698,13616376,16220751,28655941,21094968,235314,858,0,0
C017343,3188199,38258388,2143407,25720884,79939100,55396140,47759175,426192,790,0,0
C017344,4048545,48582540,1602015,19224180,199241536,14406322,12002955,355070,697,0,0
C017345,4154357,49852284,2546037,30552444,228578097,42712342,31459565,252569,723,0,0
C017346,1861204,22334448,1247376,14968512,164858905,21618187,14008770,214987,668,0,0
C017347,5227207,62726484,2741687,32900244,194852405,58200090,36821078,504760,803,0,0
C017348,4846657,58159884,2075481,24905772,373066504,186588647,175618648,1665215,740,1,0
C017349,4523403,54280836,2550321,30603852,27363583,97917564,71640320,655664,853,0,0
C017350,4751711,57020532,2933091,35197092,211868454,67973744,44099893,332002,881,0,0
C017351,1950929,23411148,982364,11788368,327756072,77337419,65652959,507981,729,0,0
C017352,6246276,74955312,3622455,43469460,92799114,107416346,85479554,169553,737,0,0
C017353,3915654,46987848,3048784,36585408,238300864,49355107,41309831,254768,752,0,0
C017354,3847169,46166028,2490271,29883252,86462068,39470353,26140845,251314,714,0,0
C017355,10986888,131842656,8425818,101109816,1277037620,105988223,98079039,1326344,830,0,0
C017356,3233240,38798880,1693790,20325480,543184320,21413457,19581746,199930,738,0,0
C017357,6692370,80308440,5562989,66755868,451502178,65769687,45708616,459453,676,0,0
C017358,4376635,52519620,3579174,42950088,290033141,21567745,15477929,161275,771,0,0
C017359,2097944,25175328,704784,8457408,97470486,18733119,16410685,169615,749,0,0
C017360,4305858,51670296,2274841,27298092,700201484,70054905,55159105,622421,780,0,1
C017361,4731501,56778012,3510638,42127656,103203093,66605035,53676907,639507,738,0,0
C017362,6213126,74557512,2308026,27696312,284321494,59113013,27212120,178418,852,0,0
C017363,4898419,58781028,2719662,32635944,458019597,57919704,50139570,515027,734,0,0
C017364,2098048,25176576,958960,11507520,332394561,15498778,15498778,103820,763,0,0
C017365,5533057,66396684,3157466,37889592,406411056,121223051,92885904,865046,744,0,0
C017366,2958869,35506428,1048230,12578760,254324792,42759789,42759789,421109,787,0,0
C017367,4556446,54677352,3578779,42945348,181761665,61933732,61933732,363065,752,0,0
C017368,5670781,68049372,3521157,42253884,322240841,72209596,51850131,215942,850,0,0
C017369,3719108,44629296,2068176,24818112,109921475,103663138,88376801,765809,780,0,0
C017370,4156560,49878720,2290351,27484212,128514488,43048357,32379835,417882,802,0,0
C017371,4195924,50351088,2951283,35415396,72175488,129717283,112621599,1105619,728,0,0
C017372,2765634,33187608,1479884,17758608,393880563,158049767,149344236,877945,680,0,1
C017373,2016775,24201300,1721931,20663172,43724368,38130783,38130783,202778,769,0,0
C017374,5379669,64556028,2905007,34860084,145808142,74145090,57303598,547806,796,0,0
C017375,3787947,45455364,2403767,28845204,134369389,82618094,51078216,472179,828,0,0
C017376,5263283,63159396,3974408,47692896,268744872,55302546,45841354,491192,764,1,0
C017377,2932710,35192520,1929251,23151012,136657257,22015922,22015922,465866,723,1,0
C017378,2141430,25697160,1548010,18576120,30253187,28117826,23499751,474375,658,0,1
C017379,4190610,50287320,2975232,35702784,68656295,28313988,19323950,207422,860,0,0
C017380,3600082,43200984,2545843,30550116,341562347,89466564,82143959,697414,629,0,1
C017381,1800000,21600000,1043616,12523392,152293434,18741091,13137127,238985,831,0,0
C017382,4247162,50965944,2120989,25451868,167569148,29560899,29560899,591432,764,0,0
C017383,8412015,100944180,3903948,46847376,166794136,74224380,34150553,978253,835,0,0
C017384,2920684,35048208,1461509,17538108,245979689,24648119,10316182,58414,827,0,0
C017385,1800000,21600000,1247162,14965944,118758983,22085676,22085676,179437,751,0,0
C017386,2107564,25290768,917825,11013900,49988638,35459312,29809109,338836,780,0,0
C017387,2849733,34196796,2133175,25598100,109419328,19369356,18264278,242918,678,0,1
C017388,5111690,61340280,2656418,31877016,69187677,6811090,6811090,551447,799,0,0
C017389,4829808,57957696,2793012,33516144,121019948,32636073,25881207,189775,945,0,0
C017390,3787638,45451656,2636262,31635144,89833649,43713954,38740971,378413,751,0,0
C017391,2311536,27738432,1138686,13664232,35885486,22700008,16863821,62265,828,0,0
C017392,2603174,31238088,1300419,15605028,177008064,44074449,19738158,377994,776,0,0
C017393,6043966,72527592,3069541,36834492,292784799,42285528,34850190,391472,934,0,0
C017394,2552699,30632388,1794180,21530160,68085000,42273605,14515579,370068,707,0,0
C017395,3919106,47029272,1984352,23812224,233023343,31169440,21328317,608415,806,2,0
C017396,8366583,100398996,5180944,62171328,172125633,41210189,24192236,264468,728,0,0
C017397,4027344,48328128,2666513,31998156,112382060,129492571,115475750,1133686,709,0,0
C017398,4162642,49951704,3061663,36739956,191417564,6231023,6231023,83253,850,0,0
C017399,2272832,27273984,1175819,14109828,67045549,30322588,26955469,316024,798,0,0
C017400,2202110,26425320,1168423,14021076,142739055,19324757,16341539,77922,777,0,1
C017401,4685313,56223756,2400510,28806120,266798322,66971632,65508865,642826,770,0,0
C017402,3902908,46834896,2637178,31646136,218582196,14647673,13957789,112705,841,0,0
C017403,3885109,46621308,2454558,29454696,135283353,54783703,42851857,582732,753,0,0
C017404,8246461,98957532,4246335,50956020,266338189,64910296,64910296,1167160,795,0,0
C017405,8824566,105894792,5716717,68600604,119227781,155806977,142590313,1566074,711,0,0
C017406,3294754,39537048,2115819,25389828,67234260,23468382,14133154,244312,821,0,0
C017407,3288825,39465900,2348984,28187808,73157773,64465741,50041253,666335,728,0,1
C017408,3322983,39875796,2469681,29636172,434758317,68369122,68369122,481793,765,0,0
C017409,3404193,40850316,1172440,14069280,571904424,46775926,41640146,347815,905,0,0
C017410,4609528,55314336,2960884,35530608,49138872,57750497,35522203,349271,831,0,0
C017411,6527598,78331176,2602772,31233264,169041910,30535121,30535121,814562,806,0,0
C017412,3911607,46939284,1847738,22172856,121043404,40416413,39803441,374534,827,0,0
C017413,7748379,92980548,3188269,38259228,490523459,48973904,25228440,650915,950,0,0
C017414,3567659,42811908,2141058,25692696,178430556,21043222,21043222,71353,828,0,0
C017415,2060996,24731952,515249,6182988,142014371,21421413,14055949,174947,743,1,1
C017416,8944558,107334696,5795491,69545892,1423688244,221877536,175758000,2105212,728,0,0
C017417,4230091,50761092,2144016,25728192,240823125,56395828,35433216,265447,803,0,0
C017418,5690079,68280948,3714001,44568012,534077405,251667215,223860686,1392503,656,0,0
C017419,2028948,24347376,1365962,16391544,207126694,26479888,18846186,50000,703,1,1
C017420,5838187,70058244,3493830,41925960,350232349,116510784,90810917,1206191,794,0,0
C017421,4508204,54098448,1971058,23652696,194972871,32993759,11113440,409794,819,0,0
C017422,7409435,88913220,4353543,52242516,491621372,155638042,124688276,1567785,734,1,0
C017423,6211350,74536200,2756227,33074724,50050550,25303714,19557528,215162,827,0,0
C017424,2123992,25487904,917585,11011020,110518293,51115782,46109344,330338,776,0,0
C017425,3211304,38535648,1630877,19570524,181281346,15677786,15677786,366216,721,0,0
C017426,4212498,50549976,3287172,39446064,47631351,18654112,8487254,84250,785,0,0
C017427,3160281,37923372,1774835,21298020,312408709,43811150,41312779,301650,844,0,0
C017428,2846608,34159296,1799522,21594264,105987746,22331672,19560686,301355,726,1,0
C017429,5165650,61987800,2920935,35051220,380912379,28718033,28718033,360229,873,0,1
C017430,1800000,21600000,1405664,16867968,121363196,21929932,16679451,76868,832,0,0
C017431,6097458,73169496,3459189,41510268,148139530,34014176,34014176,494981,809,0,0
C017432,3691373,44296476,1631809,19581708,49540597,85952740,85952740,890165,730,1,0
C017433,3936294,47235528,2902754,34833048,143005100,40010632,29101914,323871,857,0,0
C017434,5767174,69206088,3722661,44671932,194415035,70619401,54469278,458570,777,1,0
C017435,1879613,22555356,1102726,13232712,63001732,33522699,23855852,140533,801,0,0
C017436,2299737,27596844,1303450,15641400,72863599,14985715,12319605,122543,776,0,0
C017437,3541933,42503196,2017844,24214128,109455081,85141426,78255776,384151,795,0,0
C017438,4146727,49760724,2269418,27233016,363472888,30082823,30082823,219430,900,0,0
C017439,2185799,26229588,700836,8410032,94844535,45160285,40948844,314443,739,0,0
C017440,4066221,48794652,2568991,30827892,220189090,115421566,97982160,671586,707,0,0
C017441,3103053,37236636,1007980,12095760,199877255,13588250,9462554,322403,876,0,0
C017442,4744748,56936976,3560722,42728664,259629543,40642583,23439210,437726,714,0,1
C017443,4917155,59005860,2667715,32012580,194112704,56065769,48109497,327391,766,0,0
C017444,3324159,39889908,2019855,24238260,47777980,64736664,42188940,431250,740,1,0
C017445,1800000,21600000,844884,10138608,54401338,31416092,27375361,304656,814,0,0
C017446,2429071,29148852,998894,11986728,91431802,118523513,103005073,876956,612,0,0
C017447,2066321,24795852,715374,8584488,230172408,38873807,38873807,257602,838,0,0
C017448,3469409,41632908,1738962,20867544,98411813,38753012,34128676,390967,833,0,0
C017449,3210111,38521332,2451709,29420508,268609814,150771445,149128010,1077746,577,1,0
C017450,4574540,54894480,3479449,41753388,268475026,59580338,41068899,446614,659,0,1
C017451,3470184,41642208,2670795,32049540,147490430,77206924,60716142,538420,615,1,0
C017452,5447136,65365632,3855674,46268088,915118848,126776566,91389042,1057427,774,0,0
C017453,2756504,33078048,1479289,17751468,58796324,25591400,21163204,262559,737,0,0
C017454,2714542,32574504,1658107,19897284,206520058,33018838,24300218,248720,869,0,0
C017455,3558760,42705120,2432589,29191068,118048151,199635985,192173040,1328699,775,0,0
C017456,3151010,37812120,2188596,26263152,52229467,26656185,16902933,63020,836,0,0
C017457,4914124,58969488,2630174,31562088,61125372,142685614,126834287,1100892,707,0,0
C017458,3408685,40904220,1216156,14593872,186237217,70007893,70007893,540916,761,0,0
C017459,3828841,45946092,1497400,17968800,360366578,47850943,37489100,439703,782,0,0
C017460,3072929,36875148,2157873,25894476,40692510,32133539,20122580,315412,695,1,1
C017461,3867151,46405812,2496583,29958996,255185653,36972401,30791369,217221,792,0,0
C017462,4834627,58015524,2687580,32250960,160507282,75093372,53764061,450864,824,0,0
C017463,2879822,34557864,1118813,13425756,483810096,25035427,19292344,57596,757,0,0
C017464,3598806,43185672,2594986,31139832,164429848,65018922,29081909,524753,670,0,0
C017465,3943925,47327100,2171272,26055264,208010010,57131024,57131024,553826,803,0,0
C017466,5863084,70357008,2661485,31937820,166303683,83041278,55503450,348395,778,0,0
C017467,3990151,47881812,2665932,31991184,173087180,34775657,34775657,465496,806,0,0
C017468,2369571,28434852,1097519,13170228,73879818,18877353,18877353,102211,855,0,0
C017469,6211423,74537076,2765780,33189360,301407267,75120079,43490062,572158,744,0,0
C017470,2800313,33603756,1697012,20364144,232783063,16874039,16874039,327865,790,0,0
C017471,8524228,102290736,3937051,47244612,1432070304,129761754,96387795,841337,741,0,0
C017472,4627637,55531644,2353281,28239372,650489614,52453968,41414550,273431,849,0,0
C017473,3391153,40693836,1559199,18710388,241079504,63918928,49441201,535050,714,0,0
C017474,1800000,21600000,860194,10322328,72008767,36122921,28876777,165906,889,0,0
C017475,8554756,102657072,7465170,89582040,1437199008,466783475,434733550,3645698,676,0,1
C017476,4415722,52988664,3932025,47184300,304300104,66587483,30705802,483529,717,0,0
C017477,4475145,53701740,2211085,26533020,167320147,61194179,45680099,509596,792,0,0
C017478,5716668,68600016,2294012,27528144,668029479,8613835,8613835,114333,782,0,0
C017479,4240181,50882172,2552803,30633636,130053937,47533359,23738302,84804,799,0,0
C017480,2261718,27140616,1652902,19834824,278065178,25577276,13953270,50000,724,0,1
C017481,3424974,41099688,1953744,23444928,203500174,81043847,64781916,506056,744,1,0
C017482,3554535,42654420,2202564,26430768,215517959,46718785,46718785,201129,805,0,0
C017483,3432679,41192148,2297706,27572472,576690072,87635411,76738052,468713,718,0,0
C017484,4611037,55332444,2604220,31250640,73874161,30790532,20064983,92221,837,0,0
C017485,5953170,71438040,2282745,27392940,166070874,58168321,41986159,208648,775,0,0
C017486,2468177,29618124,1805108,21661296,95589138,57537007,53600452,426125,758,0,0
C017487,2584970,31019640,1815986,21791832,88288151,28718748,15353755,248444,682,1,0
C017488,2026291,24315492,1324240,15890880,109487199,13849317,11517699,266777,766,0,0
C017489,5452265,65427180,1906080,22872960,73117217,104906309,101776085,1169738,774,0,0
C017490,1800000,21600000,878065,10536780,97020534,86449049,76029948,441819,713,0,0
C017491,4198009,50376108,2213082,26556984,549456119,33956573,19155353,83960,700,1,0
C017492,2189349,26272188,1487673,17852076,110437915,40994985,34861991,409907,833,0,0
C017493,2956372,35476464,2021603,24259236,45866084,50437111,39750866,313872,739,0,0
C017494,5819008,69828096,2327459,27929508,125349454,69545723,37078530,567885,839,0,0
C017495,4417425,53009100,3142123,37705476,161266814,88048380,53427279,333881,797,0,0
C017496,5088803,61065636,3846018,46152216,188995999,77851246,57799866,425654,715,0,0
C017497,2962628,35551536,1761081,21132972,65351564,19349531,15875713,147763,715,0,0
C017498,9360567,112326804,7011276,84135312,325708090,55965990,34064473,1030869,834,0,0
C017499,3996878,47962536,2469132,29629584,224793758,22085535,22085535,418241,726,0,0
C017500,4833427,58001124,2460579,29526948,222879978,72751709,41876678,712563,826,0,0
C017501,3531032,42372384,2242010,26904120,220200840,79147994,63787605,400841,736,1,1
C017502,4285356,51424272,3247796,38973552,49100138,78213087,69176681,825255,650,1,0
C017503,4057276,48687312,2093498,25121976,277577152,31038039,31038039,134442,806,0,0
C017504,1897916,22774992,1347631,16171572,73178451,18288546,16270153,50000,796,0,0
C017505,4326787,51921444,1081697,12980364,196336245,115576209,78320734,416628,732,0,0
C017506,6242756,74913072,3216610,38599320,146161469,93154204,78769957,390396,844,0,0
C017507,3880939,46571268,2715289,32583468,651997752,56732507,45112936,231224,681,1,0
C017508,3364492,40373904,2647005,31764060,15012883,62244105,42392372,618498,712,0,1
C017509,6258438,75101256,3418809,41025708,367316631,98172791,58061752,1198534,653,2,1
C017510,6259894,75118728,4966374,59596488,211706140,152502865,116991341,774689,763,1,0
C017511,5594510,67134120,3290315,39483780,190587373,35908774,35908774,282081,742,0,0
C017512,4607170,55286040,1962590,23551080,174922015,59132003,52778402,403615,741,0,0
C017513,5477658,65731896,3507281,42087372,350526927,103745075,92260342,660412,811,0,0
C017514,6643040,79716480,3430336,41164032,836866000,76047166,59036407,342264,786,0,0
C017515,4820433,57845196,2456056,29472672,252591423,131589616,102106191,984554,734,0,0
C017516,3217429,38609148,1459287,17511444,206072962,18106069,13177376,64349,893,0,0
C017517,5390662,64687944,1925932,23111184,165319145,152554281,111953174,1137886,716,0,0
C017518,3460137,41521644,2107446,25289352,62124192,99321739,89937714,687946,771,0,0
C017519,5510269,66123228,2435945,29231340,658140967,17796132,17796132,110205,792,0,0
C017520,7411799,88941588,3235602,38827224,566565023,78061382,53132351,474945,760,0,0
C017521,6030714,72368568,4558790,54705480,135617720,82694044,50680382,642046,636,2,0
C017522,6085443,73025316,3292920,39515040,158034341,62969568,46193470,121709,831,0,0
C017523,11396981,136763772,6693227,80318724,403062035,224080163,224080163,1715601,798,0,0
C017524,3611083,43332996,1375700,16508400,68407022,47545899,37495163,492968,906,0,0
C017525,3626580,43518960,2290912,27490944,97719587,89987797,89856475,625869,683,0,0
C017526,5192086,62305032,3237032,38844384,371603869,36094390,36094390,386676,724,0,0
C017527,6538426,78461112,3721534,44658408,158254560,89173755,79603924,342780,756,0,0
C017528,7026982,84323784,3247883,38974596,245736536,45453622,45453622,140540,852,0,0
C017529,3432464,41189568,2432772,29193264,219744166,40075169,21735420,375232,615,2,0
C017530,2966743,35600916,1955661,23467932,26921961,13880334,13880334,78566,827,0,0
C017531,2343587,28123044,1849666,22195992,82317152,21919257,14436233,112911,801,0,0
C017532,3662908,43954896,1763686,21164232,108114691,33190472,18670099,175879,762,0,0
C017533,2298033,27576396,1732228,20786736,132429124,65023746,60222151,469689,776,0,0
C017534,1866893,22402716,1044809,12537708,62245027,23804261,23009484,284713,732,0,0
C017535,2401562,28818744,1273428,15281136,69744876,31355792,29395550,247855,838,0,0
C017536,2886290,34635480,2029120,24349440,190063501,21006998,14456033,259171,740,0,0
C017537,2374935,28499220,1530407,18364884,240907592,5305333,5305333,97392,868,1,0
C017538,4427427,53129124,1876842,22522104,199346153,83411625,72725828,634656,795,0,0
C017539,5205076,62460912,2821106,33853272,67689047,60348132,29510158,104102,775,0,0
C017540,6261509,75138108,4206637,50479644,335569697,99960462,54618694,842452,655,0,0
C017541,4113552,49362624,3476962,41723544,141885218,100218351,82432236,602126,634,0,1
C017542,2594914,31138968,1596414,19156968,124356096,26806403,25937018,228596,772,0,0
C017543,3716654,44599848,3323736,39884832,108855592,49120025,13569729,83746,733,0,1
C017544,2402372,28828464,1040708,12488496,51987585,45078941,22257389,201809,778,0,0
C017545,5924105,71089260,2927531,35130372,257710096,79279000,79279000,674853,777,0,0
C017546,4238093,50857116,2220001,26640012,72278588,20172551,20172551,218218,795,0,0
C017547,3684038,44208456,2407772,28893264,103827469,78887693,76373045,518636,651,0,0
C017548,5776732,69320784,4114949,49379388,269845731,36756444,36756444,540202,783,0,0
C017549,5287769,63453228,3396666,40759992,191386841,103286687,103286687,599976,854,0,0
C017550,4062904,48754848,2433693,29204316,337141534,22054205,17451974,188252,712,0,0
C017551,3741335,44896020,1566694,18800328,226831311,118446668,101916555,799129,763,0,0
C017552,2704619,32455428,1252618,15031416,103648350,39279638,35656141,336277,906,0,0
C017553,3992899,47914788,1867276,22407312,60572319,15398987,15398987,315733,780,0,0
C017554,3056730,36680760,764183,9170196,166691997,16408316,16408316,243956,868,0,0
C017555,2990192,35882304,1395881,16750572,83930631,25703656,25703656,299458,814,0,0
C017556,4903982,58847784,3545337,42544044,83553415,47428428,22503472,544159,829,0,0
C017557,4714526,56574312,3014227,36170724,267850239,131502230,100058348,580310,739,0,0
C017558,8814369,105772428,4618915,55426980,777781004,62765427,50683216,314827,783,0,0
C017559,5203336,62440032,4096264,49155168,74206715,33462599,22089558,394864,744,1,1
C017560,3161213,37934556,1474103,17689236,531083784,20901033,20901033,265970,795,0,0
C017561,3217570,38610840,2151577,25818924,260314410,59852086,46063229,481336,671,0,0
C017562,5599104,67189248,2791256,33495072,940649472,46594405,35411027,292162,879,0,0
C017563,2475495,29705940,1706779,20481348,154136716,23151631,13595529,370023,726,0,0
C017564,5061988,60743856,3192199,38306388,36443022,67013940,67013940,633409,859,0,0
C017565,4312186,51746232,2627469,31529628,70745273,19650766,6702261,208179,874,0,0
C017566,4608194,55298328,3412389,40948668,47123297,54915100,49336698,388751,729,1,0
C017567,3315875,39790500,2509562,30114744,196454109,67005053,55212624,630281,681,0,0
C017568,5720491,68645892,3710415,44524980,432141219,65932205,29746894,459832,777,0,0
C017569,3015010,36180120,1646489,19757868,50100614,60867920,42226902,439504,805,0,0
C017570,6525378,78304536,4748477,56981724,667171947,52541279,31819586,271700,771,0,0
C017571,4238776,50865312,2660715,31928580,203205179,56463934,48031683,571370,832,0,0
C017572,3494841,41938092,2704956,32459472,53993213,46182889,37489608,258912,725,0,0
C017573,9070146,108841752,3180889,38170668,65202085,74009753,62422909,1158295,811,0,0
C017574,3483104,41797248,2049236,24590832,92329950,50259853,43004815,402897,783,0,0
C017575,4914747,58976964,2856474,34277688,113037556,48198669,30621417,489017,798,0,0
C017576,5457730,65492760,2438282,29259384,178677557,47928224,47928224,473879,827,0,0
C017577,2633131,31597572,1524012,18288144,43586492,46007779,32926776,386282,700,0,0
C017578,4181419,50177028,3462126,41545512,97332366,38423136,27864464,319250,670,0,0
C017579,7037071,84444852,1759268,21111216,587001971,129848496,129848496,944401,788,0,0
C017580,6628496,79541952,3534037,42408444,1113587328,49913553,31146478,307251,850,1,0
C017581,2857210,34286520,1471811,17661732,157891368,12634926,9175905,239501,870,0,0
C017582,2116454,25397448,1329054,15948648,65361623,25523012,16246931,203141,712,1,0
C017583,2073617,24883404,684900,8218800,70560460,20018442,8605925,153823,881,0,0
C017584,6608327,79299924,3753650,45043800,565049131,46956167,28539212,310404,788,0,0
C017585,3123789,37485468,1890931,22691172,193165113,42444556,27783685,422143,808,0,0
C017586,4643849,55726188,2244765,26937180,107430327,11896914,7714346,169611,803,0,0
C017587,3778157,45337884,2456945,29483340,172183485,44202116,26360368,232145,819,0,0
C017588,2640752,31689024,775165,9301980,150619494,17217953,17217953,64968,787,0,0
C017589,8113240,97358880,4551391,54616692,176723716,62695324,62695324,856537,725,1,0
C017590,10991903,131902836,6647064,79764768,166428545,49020398,45453172,384512,795,0,0
C017591,5451920,65423040,3056557,36678684,55052661,68962845,35714200,809226,696,0,0
C017592,3810310,45723720,2047531,24570372,274690513,41149830,28747065,400664,907,0,0
C017593,2558558,30702696,1462891,17554692,136123327,45849909,29323227,262608,819,0,0
C017594,2316393,27796716,1190708,14288496,59534729,29547003,14318902,99500,882,0,0
C017595,3598072,43176864,2297530,27570360,242473886,26121146,14646091,439089,746,1,0
C017596,3807149,45685788,1824753,21897036,326726049,25030892,25030892,489940,886,0,0
C017597,2564902,30778824,1151207,13814484,88446177,20435789,9469737,79693,737,1,0
C017598,6872618,82471416,3158871,37906452,88656806,174264561,158636360,1519362,793,0,0
C017599,1800000,21600000,764588,9175056,105049856,28810654,19348527,50000,720,0,0
C017600,4039214,48470568,2364659,28375908,678587952,51638607,33052336,176967,858,0,0
C017601,4959035,59508420,2055420,24665040,295161026,32608996,26926367,251951,859,0,0
C017602,3017801,36213612,1966029,23592348,263718672,49208932,38579206,341580,781,0,0
C017603,6730487,80765844,4861754,58341048,917138184,54468125,54468125,765693,736,0,0
C017604,3582772,42993264,2122577,25470924,163341492,35665172,30153302,309549,802,0,0
C017605,6223111,74677332,4146967,49763604,409730887,78755526,78755526,940678,798,0,0
C017606,3691527,44298324,3035006,36420072,193125856,70142825,51182491,795575,805,1,1
C017607,4153338,49840056,3088298,37059576,148589626,53602527,28276207,235504,685,0,0
C017608,6635816,79629792,5172429,62069148,82089326,70580814,70580814,917473,670,1,1
C017609,5439522,65274264,4887653,58651836,196147220,19901902,19901902,108790,680,1,0
C017610,3073739,36884868,1111942,13343304,100551103,33438792,25613627,241751,782,0,0
C017611,3060476,36725712,2069105,24829260,62594332,27857979,20629574,339727,826,0,0
C017612,4028761,48345132,1263276,15159312,414097449,36515325,32792681,393314,810,1,0
C017613,6589375,79072500,4734745,56816940,544465717,87222636,65131951,485182,716,0,0
C017614,5703656,68443872,2587384,31048608,310460048,78523222,52532513,866274,762,2,1
C017615,3031859,36382308,2086270,25035240,54032774,28476256,16547416,488601,733,1,0
C017616,6244353,74932236,3263628,39163536,384242573,52011679,32975450,655437,721,0,0
C017617,3640979,43691748,2487898,29854776,162090951,110337661,94995802,750887,718,0,0
C017618,2255784,27069408,723966,8687592,87204495,31655903,19053595,115323,786,0,0
C017619,3210410,38524920,2248746,26984952,192912534,69163818,32422565,192377,780,0,0
C017620,4167655,50011860,1521890,18262680,522930617,29086544,29086544,338237,839,0,0
C017621,2854524,34254288,1840319,22083828,48302160,22572750,15505244,361209,808,0,0
C017622,8163685,97964220,2547452,30569424,174292154,78558020,47350040,484302,720,0,0
C017623,4059862,48718344,2201992,26423904,124572884,130995412,129985655,786295,710,0,0
C017624,3510601,42127212,933653,11203836,333636047,70055702,58118483,553131,777,0,0
C017625,2875608,34507296,1168139,14017668,41122646,14700598,14700598,344187,856,0,0
C017626,3230203,38762436,1535312,18423744,151591053,26742496,12101839,182621,757,0,0
C017627,1900545,22806540,1198583,14382996,96541230,14756839,14756839,170465,816,0,0
C017628,4842694,58112328,3053716,36644592,139381900,77750036,74014663,841846,746,0,0
C017629,5876990,70523880,4226315,50715780,251795991,87257843,76731902,355125,817,0,0
C017630,3591427,43097124,2492952,29915424,94298441,22830344,22048119,440519,798,0,0
C017631,3602658,43231896,2684467,32213604,59810036,98701868,87043368,743277,769,1,0
C017632,3911506,46938072,2233269,26799228,272229984,29346835,28429507,389257,779,0,0
C017633,5835765,70029180,3418882,41026584,290120848,41152065,31749933,460714,729,0,0
C017634,5254009,63048108,4132440,49589280,212670154,74234881,60172519,284936,833,0,0
C017635,1800000,21600000,1157712,13892544,72433345,36384779,30536262,298684,654,2,1
C017636,3298362,39580344,1831625,21979500,81466883,40505097,30989084,229050,795,0,0
C017637,4866500,58398000,2022057,24264684,51634424,94097304,75965339,635264,804,0,0
C017638,5727773,68733276,4545138,54541656,296905725,97146879,93269262,589454,814,0,0
C017639,6371900,76462800,4000230,48002760,138563648,133594475,117049590,602304,752,0,0
C017640,2794026,33528312,1665057,19980684,116269023,36319293,22000759,287443,771,0,0
C017641,4845809,58149708,3040763,36489156,525491096,50311792,50311792,690274,735,0,0
C017642,1957629,23491548,1356914,16282968,85273160,7636581,7636581,69313,753,0,0
C017643,1800000,21600000,1308966,15707592,68239775,10710022,7773344,61590,722,0,0
C017644,7542973,90515676,3497766,41973192,490108289,93781547,67504201,879237,713,1,0
C017645,4095110,49141320,2230410,26764920,232844621,19399327,19399327,130354,777,0,0
C017646,3383278,40599336,1259092,15109104,125014481,63478868,45290016,252937,803,0,0
C017647,9567345,114808140,6184106,74209272,184433863,48023155,46379615,191347,756,2,0
C017648,4542210,54506520,3877243,46526916,333039911,27663060,26123497,291351,762,0,1
C017649,3988455,47861460,2712116,32545392,670060440,98912841,98912841,681350,718,1,0
C017650,3861365,46336380,2129582,25554984,140034745,46090802,32560035,239830,821,0,0
C017651,6308645,75703740,2825373,33904476,177174282,151293933,136188212,698007,723,0,0
C017652,5169134,62029608,3249420,38993040,69607520,100927898,89389795,980482,642,0,1
C017653,5337640,64051680,3744433,44933196,109168312,65625220,59577113,623797,769,0,0
C017654,4214587,50575044,1109966,13319592,347570334,37009828,21333952,148704,818,0,0
C017655,4489439,53873268,2128745,25544940,94373466,27185858,14754893,170977,856,1,0
C017656,4731299,56775588,2926014,35112168,59391760,58816653,28762993,460047,743,0,0
C017657,3421161,41053932,1159302,13911624,181434404,91290424,70350346,375491,751,0,0
C017658,3262375,39148500,2164480,25973760,72117722,13508862,13508862,102744,792,0,0
C017659,2951989,35423868,1265026,15180312,79077556,23687115,8299168,79384,786,0,0
C017660,3020031,36240372,1980602,23767224,179327554,18135860,13590471,324964,824,0,0
C017661,4827550,57930600,1674875,20098500,194527325,65897056,41019439,505655,843,0,0
C017662,7202906,86434872,4035665,48427980,176667027,104508454,92720446,640219,717,1,1
C017663,3835920,46031040,1479803,17757636,169766235,71904696,47949855,502307,789,0,0
C017664,3238116,38857392,1674273,20091276,43420589,29768402,22175517,360827,717,1,1
C017665,2529894,30358728,1200390,14404680,216343162,16379190,10519254,215948,764,0,0
C017666,4484235,53810820,2454973,29459676,77611195,31198133,13996329,463420,850,0,0
C017667,4718834,56626008,3067978,36815736,160113321,68002113,54284829,567578,839,1,0
C017668,2662739,31952868,1361787,16341444,137700104,15924122,15924122,258689,815,0,0
C017669,5964304,71571648,2864591,34375092,101897085,167470976,150023340,1359625,737,1,0
C017670,9387861,112654332,3505272,42063264,187617520,155939059,144620607,975123,785,0,0
C017671,4428764,53145168,2045712,24548544,180975662,81333089,61722851,455785,776,0,1
C017672,4502400,54028800,2734360,32812320,692222177,56469294,49600762,749273,762,0,0
C017673,2949392,35392704,1781113,21373356,97528922,40042115,33744494,356596,784,0,0
C017674,6850106,82201272,4081917,48983004,48212103,163568260,162850030,1053865,838,0,0
C017675,4169279,50031348,2234760,26817120,106911590,48694876,36234720,371377,830,0,0
C017676,5427962,65135544,2265243,27182916,339987192,158510138,158510138,893227,885,0,0
C017677,6050213,72602556,3904102,46849224,652245490,75067601,35141548,181167,867,0,0
C017678,3975695,47708340,2232380,26788560,73674017,31776036,24247397,523834,861,0,0
C017679,3463706,41564472,2136793,25641516,226255588,54255093,35724616,306957,799,0,0
C017680,5245241,62942892,2438941,29267292,333676297,31032624,19523473,275781,836,0,0
C017681,5783297,69399564,2676889,32122668,577589096,35064242,24521660,353835,863,0,0
C017682,5014021,60168252,3440052,41280624,295563283,90893111,73770229,936694,662,1,0
C017683,5723570,68682840,3271426,39257112,284851064,84573667,69193725,174872,765,0,0
C017684,2004197,24050364,1611305,19335660,185815742,22519892,11845665,268432,655,0,0
C017685,3245768,38949216,2021602,24259224,94089235,97428568,67619232,288381,824,0,0
C017686,2670196,32042352,877055,10524660,32183578,52125383,52125383,382716,835,0,0
C017687,4541923,54503076,2072805,24873660,763043064,147193517,125735574,884202,731,1,0
C017688,1800000,21600000,1583123,18997476,151600052,31639095,28229034,240568,650,0,0
C017689,6516802,78201624,2101191,25214292,392036939,66099054,41789768,663029,741,0,0
C017690,10650308,127803696,5911842,70942104,190941021,155769375,150081373,1991352,838,0,0
C017691,4924255,59091060,4187060,50244720,289923079,19122763,19122763,330800,789,0,0
C017692,6268811,75225732,3356682,40280184,324921057,78439511,27173283,125376,854,0,0
C017693,4684302,56211624,2316878,27802536,319580291,91186877,67275295,553226,710,0,0
C017694,3355885,40270620,2266939,27203268,353281196,68964508,59732460,444056,788,0,0
C017695,2257397,27088764,1685052,20220624,44661809,72100272,63112062,597037,666,0,0
C017696,3755696,45068352,2137654,25651848,73288441,29106970,10234380,260652,799,0,0
C017697,3830454,45965448,2994037,35928444,153609350,41459756,39444616,392885,843,0,0
C017698,7398791,88785492,4195129,50341548,54943005,128092311,86171392,726811,759,0,0
C017699,2744350,32932200,1168826,14025912,277337468,23721236,16585488,211676,838,0,0
C017700,3452470,41429640,2241405,26896860,450817140,53586542,35180293,408334,858,0,0
C017701,4249896,50998752,2758964,33107568,141056665,62828781,60087177,420776,724,0,0
C017702,5408864,64906368,3126927,37523124,69220225,57384727,39187992,424874,849,0,0
C017703,7406843,88882116,3476581,41718972,246163002,23060912,23060912,148137,844,0,0
C017704,4173145,50077740,1778084,21337008,289685107,65518603,39194973,444988,744,0,0
C017705,5024122,60289464,3184891,38218692,42558627,124521331,116364130,667927,717,1,0
C017706,2861210,34334520,2150911,25810932,92195326,35156141,14255016,134136,739,0,1
C017707,4370846,52450152,2256109,27073308,356650885,98283891,68005697,655865,790,0,0
C017708,2823812,33885744,1102073,13224876,181184586,94292184,94292184,676600,780,0,1
C017709,3740724,44888688,1756049,21072588,132073267,39519184,37200171,199190,801,0,0
C017710,2455536,29466432,1627563,19530756,41174051,23111677,15314788,298160,773,0,0
C017711,2455117,29461404,1692492,20309904,118943769,13981664,10727319,167715,764,0,0
C017712,3843672,46124064,1955604,23467248,169201693,88383157,77649410,692107,711,0,0
C017713,5240935,62891220,2599538,31194456,123338300,76611893,48531199,442471,720,0,0
C017714,3253226,39038712,1765188,21182256,139564979,77773201,71656852,572255,781,0,1
C017715,3146041,37752492,1465712,17588544,191825447,34548226,22040295,211556,845,0,0
C017716,4304704,51656448,2577609,30931308,152865840,46051214,34317444,463652,720,1,0
C017717,2365737,28388844,1412651,16951812,116178668,19829290,19829290,165818,795,0,0
C017718,3666783,44001396,2680529,32166348,379986880,26361005,11390143,118737,825,0,0
C017719,4401456,52817472,2387361,28648332,260245562,58002672,58002672,737470,793,0,0
C017720,2686742,32240904,1609015,19308180,425504997,50457950,37491967,324753,845,0,0
C017721,5332498,63989976,4090940,49091280,106057083,126089672,56798981,773062,645,0,0
C017722,7286000,87432000,4320282,51843384,127448507,127889552,89169850,905697,674,0,0
C017723,2818459,33821508,1003292,12039504,107436043,15558696,15558696,108416,803,0,0
C017724,6955173,83462076,3663950,43967400,1168469064,44753857,27405090,451026,819,0,0
C017725,5249915,62998980,2680237,32162844,554837156,82927368,57023066,489208,815,0,0
C017726,5148329,61779948,2531028,30372336,114534420,56966584,46099721,400138,798,1,0
C017727,7580300,90963600,4908476,58901712,173061381,36387694,36387694,754754,913,0,0
C017728,6019409,72232908,4325913,51910956,616426079,103754014,86387558,429065,819,2,0
C017729,1951154,23413848,977674,11732088,99546928,14078382,10530545,60641,761,0,0
C017730,4896418,58757016,1522709,18272508,160143175,75596958,59503907,429674,828,0,0
C017731,5507187,66086244,4173420,50081040,112888382,113902975,75794490,920671,737,0,1
C017732,2544866,30538392,1319541,15834492,43044058,28759689,28759689,339796,784,0,1
C017733,12000000,144000000,5913884,70966608,593678900,197155839,172204084,1115237,724,0,0
C017734,2790001,33480012,2269938,27239256,137549503,14760403,11499074,215346,725,0,0
C017735,6113379,73360548,3979767,47757204,444884446,112736954,97070871,878819,819,0,0
C017736,3194132,38329584,2429057,29148684,180993484,14688747,14688747,147159,801,0,0
C017737,4159892,49918704,1416936,17003232,86019652,47022813,40919737,485419,765,0,0
C017738,9790262,117483144,4000339,48004068,721508766,60196021,42380293,195805,774,0,0
C017739,2441689,29300268,1164363,13972356,71268847,34356348,24314727,305896,793,0,0
C017740,5938363,71260356,4133242,49598904,176979095,69559067,67511423,509359,801,0,1
C017741,5410320,64923840,3889724,46676688,137593557,45131111,45131111,434938,807,1,0
C017742,6901010,82812120,4695781,56349372,198341928,65759877,37117656,369839,628,2,0
C017743,2700277,32403324,1112535,13350420,186608354,21730087,18144467,98638,843,0,0
C017744,4135209,49622508,2948369,35380428,694715112,31067218,29529144,380907,720,0,0
C017745,9087370,109048440,5254705,63056460,371733557,86661015,37842312,1068195,703,1,0
C017746,5955201,71462412,3277186,39326232,363606590,75151194,44860632,423922,761,0,0
C017747,3344454,40133448,1517759,18213108,89317468,44308086,41178446,367850,796,0,0
C017748,4073215,48878580,1821899,21862788,139531752,56868641,36895145,91560,797,0,0
C017749,2183504,26202048,1610420,19325040,77084207,38500822,35714807,283621,724,0,1
C017750,4306298,51675576,2770600,33247200,42950754,57020532,44372139,475216,761,0,0
C017751,1882066,22584792,1345242,16142904,179532594,9767573,9767573,78204,719,1,1
C017752,10724104,128689248,5911451,70937412,915392435,432521115,393716831,2887597,745,0,0
C017753,1823411,21880932,1222306,14667672,28980884,39330645,29404286,200666,689,0,1
C017754,3267881,39214572,2454858,29458296,129581787,22766780,13033803,256141,791,0,0
C017755,3356365,40276380,2721334,32656008,26436662,53916374,27642041,522441,646,1,1
C017756,3359651,40315812,2335569,28026828,53411724,62560177,43019132,615038,744,0,0
C017757,2480119,29761428,2054569,24654828,49165650,68575415,53613761,428791,734,0,0
C017758,5673491,68081892,2577925,30935100,393837872,65724000,47228215,644063,854,0,0
C017759,5642382,67708584,3644323,43731876,320590867,85830973,46599235,544996,810,0,0
C017760,3353624,40243488,2318379,27820548,332717130,126723584,118326631,717885,690,0,0
C017761,1800000,21600000,856744,10280928,55834258,10173261,8828872,159265,763,0,0
C017762,4963319,59559828,3906236,46874832,59627390,36436674,22705136,209843,733,0,1
C017763,5314164,63769968,2640166,31681992,427070770,80052328,49251064,381935,864,0,0
C017764,4785209,57422508,3101875,37222500,89442891,47114037,24987690,249253,716,0,0
C017765,4861458,58337496,2898054,34776648,328174424,67090526,55951357,575687,826,0,0
C017766,5063194,60758328,2696922,32363064,132860397,37933540,25091034,251080,798,0,0
C017767,3742117,44905404,2192512,26310144,94029573,44901136,31163676,74842,765,0,0
C017768,3770690,45248280,2736878,32842536,307184270,59253645,48250987,563467,818,0,0
C017769,6285035,75420420,3304732,39656784,293763245,71455770,54663125,1271236,775,0,0
C017770,9179989,110159868,4041852,48502224,263136525,66425995,59839299,394100,863,0,0
C017771,4104109,49249308,3105144,37261728,260621348,67201920,48915228,474478,787,0,0
C017772,4412130,52945560,3022571,36270852,237173972,49077685,23265512,400717,763,0,0
C017773,3717031,44604372,2655443,31865316,51728989,22670544,21973417,281584,710,0,0
C017774,1800000,21600000,1123763,13485156,93634316,30722677,18300468,229559,838,0,0
C017775,4439749,53276988,2243855,26926260,60700803,68628784,47735333,397161,821,0,0
C017776,3558216,42698592,2482242,29786904,116849920,58262032,46266201,233046,838,0,0
C017777,2389557,28674684,1221676,14660112,324617146,40161604,28062145,293781,799,0,0
C017778,3825478,45905736,2271301,27255612,316028993,151279608,130555422,828704,739,0,0
C017779,4264866,51178392,2704129,32449548,156812886,64759390,34689572,670431,639,1,1
C017780,6587875,79054500,3348474,40181688,312655900,35147497,25741860,298562,789,0,0
C017781,4469030,53628360,3050957,36611484,69251147,125472638,115397062,1037756,728,0,0
C017782,3121980,37463760,1711292,20535504,222816530,58874434,26039939,321880,720,0,0
C017783,6346054,76152648,4121053,49452636,418891503,100683352,80010447,953296,765,0,0
C017784,4686030,56232360,2787566,33450792,201485851,78136697,50365523,412004,805,0,0
C017785,6383144,76597728,3654796,43857552,381456394,26342991,13483831,519210,726,0,0
C017786,6763731,81164772,5087926,61055112,190785829,252106050,240284434,1167170,769,0,1
C017787,5932276,71187312,3602584,43231008,261952305,33089661,33089661,400395,823,0,0
C017788,5249796,62997552,2229772,26757264,260484171,44814977,44814977,480362,815,0,0
C017789,2411228,28934736,869775,10437300,186576099,19068851,12832124,171484,723,0,0
C017790,2941616,35299392,1538638,18463656,98346077,41246767,26934719,165744,781,0,0
C017791,2777036,33324432,1326242,15914904,119248277,31416912,19674836,131453,907,0,0
C017792,4908313,58899756,1608549,19302588,576385793,37378205,28205634,386398,832,0,0
C017793,4511422,54137064,2936643,35239716,92787378,58303484,44767313,437197,801,0,0
C017794,3435054,41220648,1365912,16390944,146988075,22670482,22670482,162722,832,0,0
C017795,2294497,27533964,1707942,20495304,76310437,30080790,22260333,139008,770,0,0
C017796,5202598,62431176,3562464,42749568,347931203,156797144,156797144,587010,697,0,0
C017797,6230526,74766312,2985566,35826792,209813349,212082943,179943852,1029880,634,0,1
C017798,4789893,57478716,2781004,33372048,144945630,53715973,29214441,469456,753,1,0
C017799,2024451,24293412,1390650,16687800,74543703,16626483,12371484,133466,767,0,0
C017800,9539652,114475824,7013992,84167904,265826175,164188901,125560060,946224,776,0,0
C017801,5367806,64413672,2627244,31526928,248868599,37962225,19308492,319574,865,0,0
C017802,5004566,60054792,3459242,41510904,697043900,71500898,52434038,426247,824,0,0
C017803,4517354,54208248,2363601,28363212,396198260,41669238,37650070,271666,835,0,0
C017804,4281697,51380364,2851401,34216812,262877618,24017380,24017380,408924,763,0,0
C017805,2936553,35238636,1806846,21682152,52185945,32901360,29489549,479460,840,0,0
C017806,2023424,24281088,945829,11349948,64726431,15908197,12551364,202257,807,0,0
C017807,3852177,46226124,3019566,36234792,97733281,62116029,47465092,250157,771,0,0
C017808,5043549,60522588,2510003,30120036,195867093,79097380,53759231,544134,771,0,0
C017809,2360032,28320384,1354484,16253808,69700821,18872372,18872372,154563,826,0,0
C017810,3679780,44157360,1845803,22149636,223672238,30830963,24904488,470199,885,0,0
C017811,7441145,89293740,4129873,49558476,343377636,210047570,191469454,1167435,812,0,0
C017812,5638506,67662072,2842952,34115424,208857594,80931797,76000181,496380,759,0,0
C017813,5286034,63432408,4182424,50189088,208346092,47355184,29160378,780636,728,1,0
C017814,4159195,49910340,1563758,18765096,202638999,50370066,43713750,297608,709,0,0
C017815,5641842,67702104,3014937,36179244,340919009,204230325,204230325,1475626,708,1,0
C017816,3481420,41777040,2375775,28509300,106615330,44739014,29086815,606747,793,0,1
C017817,3460619,41527428,2703494,32441928,164701879,40910906,26260691,288224,666,1,0
C017818,4819971,57839652,4067539,48810468,809755128,50383400,43819561,470242,685,0,0
C017819,4048822,48585864,1534877,18418524,207159956,29233062,21067178,281366,815,0,0
C017820,5152771,61833252,3228744,38744928,323984275,127445047,123636087,368105,799,0,0
C017821,1800000,21600000,1099474,13193688,52421487,3813933,3813933,182786,775,1,1
C017822,5172591,62071092,2607674,31292088,665276207,199879146,154340910,1129782,799,0,0
C017823,5103679,61244148,3898292,46779504,148910471,71574900,61086397,489470,715,1,0
C017824,3834877,46018524,2428720,29144640,140985494,53197626,52342556,320921,740,0,0
C017825,3230067,38760804,1462811,17553732,209675145,33594962,20296776,286587,721,0,1
C017826,4776376,57316512,2169923,26039076,157037615,47993251,34206238,385972,898,0,0
C017827,3496737,41960844,944402,11332824,158302668,7891855,7156345,208927,744,0,0
C017828,5651326,67815912,3371174,40454088,431350383,47828140,33450941,646350,703,0,1
C017829,5323961,63887532,3474877,41698524,531573895,53667627,43152424,375364,785,0,0
C017830,8816812,105801744,6683430,80201160,130768753,138181154,67524521,176336,809,0,0
C017831,2507532,30090384,1478073,17736876,56561749,8243330,8243330,114973,771,0,0
C017832,1827917,21935004,865914,10390968,31692279,62472230,51599484,380775,757,0,0
C017833,5000010,60000120,2825518,33906216,452233829,56638898,56638898,519114,798,0,0
C017834,3171222,38054664,2603100,31237200,375988514,29282706,12214182,157933,638,0,0
C017835,4618804,55425648,2728501,32742012,292539298,21183916,16338980,145934,807,0,0
C017836,3502174,42026088,2247429,26969148,275347420,77805637,56915737,533311,828,0,0
C017837,2242499,26909988,1834413,22012956,103247581,39190482,28707918,214479,734,0,1
C017838,4845240,58142880,4111967,49343604,138652912,39243339,9478467,99610,818,0,0
C017839,6663661,79963932,3387988,40655856,337369558,131801036,102218837,835183,793,0,0
C017840,4543848,54526176,2070324,24843888,315864157,64516117,42280962,592364,745,0,0
C017841,2078957,24947484,989682,11876184,47589438,30163871,17518925,110867,915,0,0
C017842,5667162,68005944,3031853,36382236,374756542,42816464,17673485,179823,818,0,0
C017843,7142931,85715172,3760398,45124776,336539513,75972699,59399665,694218,826,0,0
C017844,3311347,39736164,1721207,20654484,162596355,23146969,19771385,334780,783,1,0
C017845,3972563,47670756,3190850,38290200,63683644,43928267,20584321,351308,840,0,0
C017846,2587463,31049556,841304,10095648,105764221,16105857,16105857,195594,832,0,0
C017847,4373242,52478904,2745357,32944284,270029820,45878769,18063151,125846,819,0,0
C017848,1800000,21600000,1426588,17119056,164501723,21010801,8715852,50000,718,0,0
C017849,4969179,59630148,2504308,30051696,156393027,32126708,32126708,286421,919,0,0
C017850,2547056,30564672,840276,10083312,116601503,24188325,16438704,339808,721,0,0
C017851,4157456,49889472,2232162,26785944,286747623,106667112,83461207,526954,743,0,0
C017852,2356593,28279116,1562039,18744468,56106195,35851508,27758733,171175,792,0,0
C017853,3693601,44323212,3173301,38079612,147976602,44197671,25751962,653917,755,0,0
C017854,3821595,45859140,2561088,30733056,616739321,53075321,31415840,243168,704,1,0
C017855,2834549,34014588,1944125,23329500,106435311,38637946,25009444,295880,670,0,0
C017856,2365538,28386456,675718,8108616,268620403,34959581,18786145,107672,853,0,0
C017857,2232712,26792544,1398514,16782168,160358281,26385795,17564733,305984,834,0,1
C017858,3781443,45377316,2752193,33026316,75789439,16481843,16481843,252581,820,0,0
C017859,2924770,35097240,1427327,17127924,28489796,44029424,42400765,333410,721,0,0
C017860,3718950,44627400,1590378,19084536,167950214,47822710,32036174,198392,765,0,0
C017861,5275675,63308100,2888563,34662756,479159545,21310853,19179745,105514,840,0,0
C017862,5366621,64399452,2734538,32814456,781418666,137171784,112072467,1266219,675,0,0
C017863,4575652,54907824,2567217,30806604,210902542,128473073,107820115,897957,704,1,0
C017864,4227126,50725512,1250603,15007236,58117740,59451342,59451342,403703,806,0,0
C017865,3639370,43672440,2149767,25797204,83778266,33941538,24804136,286569,790,0,0
C017866,7626030,91512360,3368694,40424328,82539362,38270471,38270471,431893,899,0,0
C017867,1856741,22280892,1445168,17342016,52426721,17038898,14464010,272093,730,0,1
C017868,3072315,36867780,1803327,21639924,224056667,39745189,27674289,150851,752,0,0
C017869,4396035,52752420,2879372,34552464,160159872,31498094,7591737,494346,650,0,0
C017870,3672516,44070192,2009259,24111108,65162566,67387589,50261789,419543,719,0,0
C017871,5434147,65209764,3214223,38570676,98805777,57755364,30579887,451086,776,0,1
C017872,4689283,56271396,2827772,33933264,178889303,72263448,53296611,322737,802,0,0
C017873,6802012,81624144,2948165,35377980,151647870,90547584,55991987,593204,863,0,0
C017874,4690282,56283384,3527958,42335496,450846045,42955632,34179607,382231,658,0,0
C017875,3193504,38322048,1431450,17177400,119408894,22536551,15012488,100196,796,0,0
C017876,3350277,40203324,2969585,35635020,39689351,30904362,30904362,397296,856,0,0
C017877,4862053,58344636,1880441,22565292,277755059,85577135,63132404,501914,904,0,0
C017878,5091021,61092252,3384031,40608372,36815095,242946714,202895214,1176312,744,0,0
C017879,3204778,38457336,2519342,30232104,348806833,20298360,13174444,229924,780,0,0
C017880,5843972,70127664,3063457,36761484,114554221,47824649,33076412,183145,745,0,1
C017881,2485736,29828832,2100552,25206624,106596952,26894024,21289692,267076,759,0,1
C017882,1800000,21600000,1237752,14853024,261617624,17612602,14069287,129170,805,0,0
C017883,3938745,47264940,2930889,35170668,218973292,72281637,53481335,695770,713,0,0
C017884,3203937,38447244,1994580,23934960,179255895,19468222,14557635,196279,791,2,0
C017885,2351940,28223280,1307218,15686616,53897862,90277997,72480202,623819,696,0,1
C017886,9177520,110130240,4524813,54297756,590050047,63325059,63325059,373217,858,0,0
C017887,5536474,66437688,3312012,39744144,95834127,159990057,140313941,955856,727,0,0
C017888,2716606,32599272,1208986,14507832,112810258,78729897,65844144,547639,810,0,0
C017889,3022520,36270240,1893026,22716312,40497388,37773926,22623270,282947,767,0,0
C017890,5704518,68454216,4080688,48968256,489930249,39420913,24768251,277847,694,0,0
C017891,3451220,41414640,2182311,26187732,108435147,50425604,40635939,504398,759,1,0
C017892,3111423,37337076,2255236,27062832,74826521,31921215,16627657,313623,784,0,1
C017893,5948243,71378916,2890468,34685616,274212547,32566653,32566653,525390,774,0,0
C017894,6515116,78181392,4709884,56518608,1056043657,8322066,8322066,627531,823,0,0
C017895,5322098,63865176,2982076,35784912,208669584,66395100,66395100,415778,802,0,0
C017896,9826142,117913704,6778033,81336396,388216663,188468647,137878082,631951,755,0,1
C017897,3673378,44080536,2412185,28946220,148271808,104004497,86265695,708455,646,1,0
C017898,2005282,24063384,1090665,13087980,40361357,21951906,17057681,190964,790,0,0
C017899,2732898,32794776,1268505,15222060,46145545,53321109,48216823,451605,838,0,0
C017900,4018349,48220188,1686424,20237088,106992104,20266228,16828006,80367,844,0,0
C017901,7040017,84480204,5033568,60402816,597536609,117899984,80031007,1415767,789,0,0
C017902,3050167,36602004,1219571,14634852,512428056,60829294,46580810,258530,766,1,0
C017903,5558425,66701100,4397111,52765332,86449934,73500683,47158490,204592,697,0,0
C017904,4972880,59674560,2938055,35256660,471357582,48180041,32065857,99458,852,0,0
C017905,2241214,26894568,1894093,22729116,104357485,21313575,10691036,242965,641,1,1
C017906,3595798,43149576,2002341,24028092,271273163,47411643,31553729,445079,685,0,0
C017907,5717995,68615940,3828792,45945504,219555227,57896483,53371792,674085,745,0,0
C017908,6574560,78894720,4221640,50659680,495291083,75120636,25922047,1055538,693,0,1
C017909,5518470,66221640,4365186,52382232,182197636,84916374,71770383,1047905,654,0,0
C017910,4462497,53549964,2009457,24113484,346410060,31941341,17601403,457602,705,0,0
C017911,4125329,49503948,3195544,38346528,88946797,89408087,70333183,558290,645,0,0
C017912,6310108,75721296,4390096,52681152,98767743,53198845,39028497,553642,733,0,0
C017913,2957074,35484888,2809551,33714612,53010776,39228221,39170089,461149,647,0,0
C017914,2200116,26401392,1410952,16931424,135385777,17821892,12111648,192706,814,0,0
C017915,4482103,53785236,1414615,16975380,212851003,33641001,15710214,182115,799,0,0
C017916,2703739,32444868,1462226,17546712,210978184,63067155,60606836,626917,885,0,0
C017917,4366800,52401600,1676101,20113212,328486750,38196468,34089384,570705,787,0,0
C017918,6733790,80805480,5319485,63833820,161297385,91929557,42589580,925741,706,0,0
C017919,5575217,66902604,2451049,29412588,625034443,104082542,91866275,1018139,671,0,0
C017920,3088880,37066560,1510777,18129324,50234738,25787806,21991868,303548,854,0,0
C017921,4055171,48662052,1636315,19635780,261323051,41944439,41944439,180814,842,0,0
C017922,9036395,108436740,5904788,70857456,349175212,49254388,49254388,180728,792,0,0
C017923,3050498,36605976,2835794,34029528,43551397,41258838,32288617,305373,737,0,0
C017924,4418407,53020884,2919546,35034552,365106840,67464091,47654355,586977,769,1,0
C017925,2676981,32123772,1869328,22431936,364212234,47653814,47030529,335752,753,0,1
C017926,7593617,91123404,4426619,53119428,723328901,95727298,81323877,725642,781,0,0
C017927,3099379,37192548,2002849,24034188,128363914,51820958,28535739,347726,813,0,0
C017928,5100146,61201752,2807101,33685212,208891433,82511234,56099581,623238,803,0,0
C017929,4981219,59774628,2900072,34800864,229930885,108067558,89025203,811914,799,0,0
C017930,11273467,135281604,5422309,65067708,708476110,74126072,72872023,1000967,806,0,0
C017931,6485364,77824368,3528475,42341700,149383564,28615378,28615378,193069,760,0,0
C017932,3072696,36872352,2067137,24805644,71482638,28013804,20931278,251507,794,0,0
C017933,6516783,78201396,5005976,60071712,360078620,146082221,108976709,1071463,746,0,0
C017934,1800000,21600000,1147758,13773096,109094258,14538482,5983968,66635,786,0,0
C017935,7648360,91780320,5061394,60736728,346051117,82508223,21825964,551823,795,0,0
C017936,3078863,36946356,2500374,30004488,111512611,12274065,6845051,144892,817,0,0
C017937,1800000,21600000,827706,9932472,120215915,20264238,16879650,235652,906,0,0
C017938,5812893,69754716,3659626,43915512,256792118,53916518,40598663,294054,790,0,0
C017939,7329749,87956988,3940984,47291808,340930435,110126615,65559194,646563,795,0,0
C017940,5386995,64643940,4054975,48659700,163967339,59721962,42342047,675401,728,0,0
C017941,4991401,59896812,3486921,41843052,146643286,40460473,40460473,433287,725,0,0
C017942,3786079,45432948,2395438,28745256,125100113,68641166,44321817,469748,703,0,0
C017943,9608525,115302300,6783876,81406512,741333660,93948090,93948090,425114,803,0,0
C017944,3176250,38115000,2270432,27245184,227198700,33725911,32323056,265427,818,0,0
C017945,4669528,56034336,2408794,28905528,213951503,80900651,41957208,413663,802,0,0
C017946,4890067,58680804,2863617,34363404,91524051,105171329,84624771,554252,725,1,0
C017947,1814942,21779304,877940,10535280,56025356,31086611,26119749,225761,866,0,0
C017948,2979589,35755068,1285583,15426996,176276654,52488196,38621410,485398,793,0,0
C017949,8057281,96687372,4351277,52215324,227683009,50261524,35808227,874850,755,0,0
C017950,4989864,59878368,2980151,35761812,104202637,55795779,49375592,488300,814,0,0
C017951,4790394,57484728,2709101,32509212,602665448,83115740,40842740,398144,794,0,0
C017952,3842347,46108164,1949474,23393688,61503792,40821081,23825573,441839,773,0,0
C017953,2781935,33383220,1861070,22332840,62889152,25539120,12216710,55639,792,0,0
C017954,3898195,46778340,1384970,16619640,302885102,45633501,45633501,430437,843,0,0
C017955,3771576,45258912,2533752,30405024,50515281,77929863,54715162,663828,793,0,0
C017956,8322948,99875376,5460975,65531700,325665035,113739717,84287088,1267226,768,0,0
C017957,5429087,65149044,3505141,42061692,201145473,42799944,31912774,514103,761,0,0
C017958,3750820,45009840,2011390,24136680,150725325,53867914,32548185,440118,853,0,0
C017959,1909477,22913724,979274,11751288,107316424,43603519,36231135,257597,726,0,0
C017960,4163578,49962936,2147453,25769436,144709191,45745117,40880530,441570,808,0,0
C017961,3980783,47769396,2662575,31950900,299295773,178767663,175222915,1059679,691,0,1
C017962,3498295,41979540,2029040,24348480,332500763,26660636,14039315,199159,827,0,0
C017963,7506070,90072840,3921824,47061888,409994940,52892409,52892409,229401,764,0,0
C017964,4069781,48837372,1962963,23555556,285847935,58156284,58156284,600479,871,0,0
C017965,3633185,43598220,2016659,24199908,181686797,36768248,26127379,262571,770,0,0
C017966,6285001,75420012,3914721,46976652,437432550,101784839,84859809,782016,812,0,0
C017967,2894220,34730640,1768237,21218844,151466152,53325305,35107898,306878,858,0,0
C017968,6359735,76316820,2996710,35960520,225859665,140501969,92319177,901554,799,0,0
C017969,4042425,48509100,2759564,33114768,251409533,21333018,14123118,611572,747,1,0
C017970,6784473,81413676,3954804,47457648,679234045,79860507,64330129,135689,845,1,0
C017971,7394402,88732824,3655634,43867608,683310796,224436078,203384668,1460709,813,0,0
C017972,3881368,46576416,2595999,31151988,111829746,31920682,21605356,103787,907,0,0
C017973,3234446,38813352,2826678,33920136,160723684,10943669,10943669,64689,693,1,0
C017974,3745342,44944104,2486652,29839824,288333768,105826683,86847566,523403,732,0,0
C017975,5507151,66085812,3278339,39340068,266335612,137386509,111452317,905172,696,0,0
C017976,3998110,47977320,1883489,22601868,276964977,70238768,70238768,644120,770,1,0
C017977,1800000,21600000,1013012,12156144,91461871,10640224,10640224,147532,817,1,0
C017978,5004009,60048108,1591470,19097640,308801093,44254587,22130992,300210,918,0,0
C017979,4349178,52190136,2944060,35328720,75427339,54563483,43553197,549563,778,0,0
C017980,3301438,39617256,1652369,19828428,209134774,71141146,55734319,368925,792,0,0
C017981,2732893,32794716,1455517,17466204,38549275,50898072,33933104,248632,819,0,0
C017982,3904431,46853172,2270389,27244668,224015767,29988051,14743353,104855,807,0,0
C017983,4502163,54025956,2685316,32223792,326202975,156085661,131732622,1092640,710,0,0
C017984,4071254,48855048,2364311,28371732,85600247,36683546,25824998,317821,758,0,0
C017985,1879482,22553784,1158869,13906428,86521053,33640787,27283977,259167,710,0,0
C017986,5492473,65909676,2361692,28340304,220178554,38804353,38804353,438341,837,0,0
C017987,6016556,72198672,3153298,37839576,559680971,66754655,33256341,280306,733,0,0
C017988,2866533,34398396,2582069,30984828,195884311,19315928,15060810,186208,760,0,1
C017989,5165355,61984260,2218091,26617092,124784851,207028955,207028955,1654980,862,0,0
C017990,2738799,32865588,1558680,18704160,98591016,31905506,23726388,168185,821,0,0
C017991,5105033,61260396,1839184,22070208,109673718,43562023,33230503,312262,849,0,0
C017992,7370358,88444296,5368488,64421856,789433300,78129566,32623890,1091454,764,1,0
C017993,5800211,69602532,2494752,29937024,147077433,106289518,106289518,829752,798,0,0
C017994,4387445,52649340,2320532,27846384,183385409,31779790,16480517,570595,800,0,0
C017995,4044652,48535824,2334867,28018404,203810583,26285410,22849465,80893,797,0,0
C017996,5969941,71639292,4449802,53397624,127000735,62024156,23183606,442822,725,0,0
C017997,5985065,71820780,3469050,41628600,57362482,89675012,81391638,645682,752,0,0
C017998,3243772,38925264,1833351,22000212,49144396,57020750,47330537,591584,747,0,0
C017999,2118544,25422528,1253462,15041544,170758893,17229773,9747917,170330,810,0,0
C018000,7123231,85478772,1924814,23097768,516386254,184076269,175915710,1721517,748,1,0
C018001,1925795,23109540,960588,11527056,77046083,23878610,18899374,150498,776,0,0
C018002,4602451,55229412,2879531,34554372,463195069,33807788,33807788,282483,810,0,0
C018003,2312016,27744192,1280101,15361212,232941463,9521247,5739745,74803,762,0,0
C018004,6094631,73135572,3740502,44886024,201847638,36726095,24431358,435823,710,0,1
C018005,8163815,97965780,4482005,53784060,113979883,70814654,43365008,298670,807,0,0
C018006,5045884,60550608,4709121,56509452,54127124,44590681,44590681,271455,802,0,0
C018007,3943703,47324436,2180604,26167248,37593128,82899046,80302182,725803,795,0,0
C018008,4783459,57401508,2403089,28837068,108995278,37786533,26805374,360508,884,0,0
C018009,3051195,36614340,2446755,29361060,443131513,48916817,37936616,436357,844,0,0
C018010,9089749,109076988,4433275,53199300,1482888728,130335305,102910060,298943,842,0,0
C018011,4066390,48796680,2499882,29998584,194317020,38969630,38969630,493068,825,0,0
C018012,3196926,38363112,1679463,20153556,155949417,53166448,36411913,266167,751,0,0
C018013,3625303,43503636,1595965,19151580,49613649,64920092,57251878,315840,774,0,0
C018014,7588032,91056384,4178509,50142108,416379524,114939130,91989131,957405,744,0,0
C018015,9495071,113940852,4423652,53083824,853464580,136930222,101242308,2159303,721,0,0
C018016,2582047,30984564,1827306,21927672,99393372,9192794,9192794,215386,724,1,0
C018017,3264377,39172524,2373917,28487004,44167675,69002195,43315645,295802,749,0,0
C018018,4035193,48422316,2966780,35601360,129662843,54713118,31407976,365914,795,0,0
C018019,3299440,39593280,2530340,30364080,105070975,158459762,141232155,1135780,588,0,1
C018020,5745198,68942376,2280687,27368244,458402091,42313290,35026332,114904,817,0,0
C018021,2934665,35215980,1671128,20053536,105198338,78634605,63361730,480514,757,1,0
C018022,5783105,69397260,2938562,35262744,454686376,42430430,42430430,381645,850,0,0
C018023,8870531,106446372,7545124,90541488,425356936,94796820,60076339,649715,763,0,0
C018024,8817363,105808356,8378080,100536960,1311004302,68988845,51157514,422422,744,1,0
C018025,3839940,46079280,1535324,18423888,190882737,27068422,24002341,191407,702,0,0
C018026,5113579,61362948,3863573,46362876,263492292,94487545,63484179,930165,603,2,0
C018027,4739398,56872776,1849506,22194072,419002390,55606305,45449471,467103,744,0,0
C018028,2114160,25369920,1221009,14652108,355178880,13032791,13032791,143306,745,0,0
C018029,2610466,31325592,1464309,17571708,88198037,54844209,54844209,469893,813,1,0
C018030,3911534,46938408,2412357,28948284,34250441,83394335,62812184,634722,687,1,0
C018031,1993369,23920428,1141138,13693656,67426548,19366977,19366977,50000,841,0,0
C018032,7362862,88354344,4495924,53951088,420667730,23353116,23353116,760957,764,0,0
C018033,2551163,30613956,1889637,22675644,170181604,11423557,7382065,61603,722,0,1
C018034,2849151,34189812,1901197,22814364,252832713,16044358,12036514,56983,742,0,0
C018035,6217506,74610072,2813191,33758292,446296469,44861516,32033830,321570,713,0,0
C018036,5713527,68562324,3159042,37908504,693832965,148136872,136000140,1160768,791,0,0
C018037,4137757,49653084,3138218,37658616,212448978,88593912,64506999,731260,652,1,0
C018038,4335760,52029120,2489156,29869872,476793479,83016791,83016791,815993,735,0,0
C018039,8764094,105169128,3941442,47297304,449341401,250445582,211905647,1576602,806,0,0
C018040,2472372,29668464,1554919,18659028,182974891,26816717,19590029,301681,752,0,0
C018041,4218642,50623704,2428494,29141928,540813889,45094750,34133912,412806,793,0,0
C018042,2661407,31936884,1480972,17771664,182382192,46657606,36647867,314444,828,0,0
C018043,2865983,34391796,2340854,28090248,139539165,9492625,9492625,119601,820,0,0
C018044,4712487,56549844,2721976,32663712,355091777,74878216,72082570,495027,770,0,0
C018045,2248894,26986728,1242876,14914512,162843726,31897061,28192517,237695,782,0,0
C018046,3167366,38008392,2412648,28951776,146651161,38840346,26581541,152616,806,0,0
C018047,3323236,39878832,1739183,20870196,189288983,78104118,63490403,250545,846,0,0
C018048,5331713,63980556,2700961,32411532,392729372,31446628,21309566,553399,808,0,0
C018049,4210011,50520132,1749813,20997756,83822761,44264936,38926621,236969,793,0,0
C018050,2881994,34583928,1643799,19725588,81876500,27466740,23330478,483356,658,1,0
C018051,5652912,67834944,2739587,32875044,327506574,92886018,79464678,893996,785,1,0
C018052,2810343,33724116,1846838,22162056,147727688,42635749,20251048,363590,673,0,1
C018053,2267150,27205800,1341354,16096248,198228846,13195291,7511296,98586,788,0,0
C018054,5322690,63872280,3368705,40424460,404710737,36051816,24864312,416033,816,0,0
C018055,4869453,58433436,2566316,30795792,196197135,95169174,53923955,142648,711,1,0
C018056,1800000,21600000,984017,11808204,98559205,23702622,19250304,133663,825,0,0
C018057,6120052,73440624,3338434,40061208,291188083,79793768,60939482,675648,778,0,0
C018058,5667624,68011488,1774033,21288396,450199223,128581725,108912424,778208,763,0,0
C018059,6329604,75955248,3241587,38899044,96081968,50796494,21244954,446719,893,0,0
C018060,5734236,68810832,3226398,38716776,581085412,52072791,35044860,615069,841,0,0
C018061,5425323,65103876,3977391,47728692,227792356,20333996,20333996,208813,833,0,1
C018062,4987349,59848188,1810935,21731220,193766251,85842078,65285928,859297,693,1,1
C018063,5863493,70361916,2347014,28164168,485217713,191657238,153543885,1613637,700,0,0
C018064,4248375,50980500,2876090,34513080,109988849,46627178,26931300,614183,761,0,0
C018065,3893689,46724268,1870652,22447824,211998667,107588320,107588320,836424,824,0,0
C018066,6321067,75852804,3160173,37922076,129439019,66635071,59598053,755622,846,0,0
C018067,3698807,44385684,2089197,25070364,81203157,48919619,27765690,234798,854,1,0
C018068,4870328,58443936,2933606,35203272,334863082,141846572,126325547,1296381,686,1,1
C018069,3007973,36095676,1908593,22903116,90426356,25208491,16310734,234775,784,0,0
C018070,3416098,40993176,1687135,20245620,210560921,20864735,20864735,409756,748,1,0
C018071,6294370,75532440,2949556,35394672,443178297,105090059,105090059,1231731,804,0,0
C018072,7378686,88544232,3541582,42498984,108485604,225520869,209702509,1140918,729,1,0
C018073,2921244,35054928,1335006,16020072,38055430,30890624,30890624,255620,833,0,0
C018074,3001665,36019980,1312660,15751920,14967623,33185315,26127003,223799,804,0,0
C018075,8114816,97377792,4956787,59481444,163266285,97021408,74964623,1016580,782,0,0
C018076,5167992,62015904,3039435,36473220,198482021,7039159,7039159,565230,747,0,0
C018077,7329260,87951120,5569167,66830004,411588395,148009614,143414177,1667121,689,1,1
C018078,3142999,37715988,1201847,14422164,43138968,37116029,13566593,305749,791,0,0
C018079,8652149,103825788,4914811,58977732,372062574,108486552,66349441,475876,808,0,0
C018080,5741952,68903424,3137227,37646724,123048630,76559205,13106289,343548,712,0,0
C018081,4861945,58343340,3432668,41192016,357617197,72854618,52468763,708788,807,0,0
C018082,3521594,42259128,2599110,31189320,88397953,46380572,43874561,383482,907,0,0
C018083,6586305,79035660,3706136,44473632,144132203,9120657,9120657,258589,805,0,0
C018084,5337485,64049820,4436965,53243580,228996083,101893250,80914081,812599,695,0,0
C018085,5996917,71963004,3790579,45486948,235737222,117766756,94974561,906970,798,0,0
C018086,2794299,33531588,1511348,18136176,81863371,22145346,20735536,55886,842,0,0
C018087,9083655,109003860,4658646,55903752,1526054040,91339713,37649212,410271,776,0,0
C018088,3712117,44545404,2512506,30150072,243071028,39162341,34696305,162729,769,0,0
C018089,6496565,77958780,4348718,52184616,277506656,69438408,41129714,378925,818,0,0
C018090,4990295,59883540,2421018,29052216,283380848,69574766,46661999,601951,786,0,0
C018091,5656936,67883232,4159777,49917324,131913138,53747978,40005346,511297,761,0,0
C018092,4004761,48057132,1978711,23744532,37304189,52152019,30451242,80095,854,0,0
C018093,2715304,32583648,1354067,16248804,52112408,42802049,25252795,151012,867,0,0
C018094,2061250,24735000,1319488,15833856,66238400,21155067,11509760,223322,770,1,0
C018095,5090065,61080780,3049249,36590988,86951075,86142980,58140692,1006837,707,0,0
C018096,5327617,63931404,3379171,40550052,64190744,127042819,113938142,1015582,689,1,0
C018097,2520690,30248280,1845263,22143156,78180597,50740532,40324723,539981,697,0,0
C018098,4082709,48992508,2242107,26905284,44744144,26919973,25001717,81654,748,0,0
C018099,4506841,54082092,2859258,34311096,122196668,25119494,15800183,264195,809,0,0
C018100,3309578,39714936,2426572,29118864,141488417,44142578,13664075,206080,689,0,0
C018101,3067455,36809460,1340814,16089768,137842766,33570455,27277117,367132,868,0,0
C018102,4702130,56425560,2906151,34873812,64624193,58234396,36659543,511812,647,1,0
C018103,5390805,64689660,3645846,43750152,795527879,102250024,102250024,716277,822,0,0
C018104,3145324,37743888,1941050,23292600,425237994,48607675,41674737,545914,800,0,0
C018105,3316498,39797976,1942786,23313432,57741204,48717334,39282672,425632,778,0,0
C018106,3078986,36947832,2134299,25611588,75272372,16611964,11824183,183376,752,0,0
C018107,8015329,96183948,5155171,61862052,803510521,266610638,184074428,2069485,635,0,0
C018108,3282378,39388536,1852128,22225536,121500082,50448725,18140743,131351,787,0,0
C018109,3795144,45541728,1495777,17949324,258278568,40809080,33235038,439272,802,0,0
C018110,7181564,86178768,4853705,58244460,623052660,221032989,221032989,1974256,835,0,0
C018111,2777087,33325044,2072205,24866460,160743219,34254604,22857730,414630,776,0,0
C018112,5484336,65812032,2272863,27274356,623052664,56920355,56920355,360584,791,0,1
C018113,7759942,93119304,4199736,50396832,346126658,46308899,46308899,238543,781,0,0
C018114,3676555,44118660,2196224,26354688,186333401,209626219,198533970,1419926,598,1,1
C018115,4974241,59690892,1843365,22120380,295012103,46583923,31332344,384715,731,0,0
C018116,4370910,52450920,2333101,27997212,268557945,90673618,57744262,531523,799,0,0
C018117,3973483,47681796,2203921,26447052,115607289,64892554,53676816,627456,830,0,0
C018118,2582117,30985404,1354295,16251540,79602791,47669721,42959147,395115,788,0,0
C018119,2390112,28681344,1651710,19820520,57040227,20025085,12979704,90518,729,0,0
C018120,2442776,29313312,1203155,14437860,87470651,53102074,37392489,201570,752,0,0
C018121,3232797,38793564,2236248,26834976,99114883,106503265,90651201,744742,705,0,0
C018122,6554191,78650292,4347658,52171896,367478614,61212601,53517275,624520,773,0,0
C018123,3723588,44683056,2075861,24910332,465675940,60081873,60081873,485912,809,0,0
C018124,4061688,48740256,2784279,33411348,43802862,29352925,19805332,462277,749,0,0
C018125,2399780,28797360,1659328,19911936,138974277,88017046,84392494,659054,702,1,0
C018126,3354332,40251984,1773713,21284556,91241784,42025843,23180228,315935,693,0,0
C018127,5334031,64008372,2478851,29746212,329716786,137742990,137742990,1423209,781,0,0
C018128,2022380,24268560,1348656,16183872,134145902,23631309,13648040,124166,864,0,0
C018129,3738429,44861148,1990846,23890152,143203794,37421943,33110511,723563,883,0,0
C018130,2939908,35278896,2217056,26604672,107303637,30740281,21330897,294021,726,0,0
C018131,2750827,33009924,1116188,13394256,232845986,38149776,31020803,312453,777,0,0
C018132,5776889,69322668,2976949,35723388,96566501,65449050,58595764,429412,780,0,0
C018133,4206069,50472828,2818020,33816240,204834605,40380403,34489943,673188,798,0,0
C018134,3993563,47922756,2537177,30446124,246428484,52524117,23431874,545956,723,0,0
C018135,2485498,29825976,1643271,19719252,71182106,18050152,10663865,254869,769,0,0
C018136,2504706,30056472,1209185,14510220,113865705,12839530,12839530,119263,801,0,0
C018137,2207730,26492760,1087525,13050300,89345201,33259827,24916392,411575,749,0,0
C018138,4891352,58696224,2288663,27463956,546487171,124186841,110848815,1042586,732,1,0
C018139,4959933,59519196,2850634,34207608,31023849,54498986,39687107,428141,794,0,0
C018140,5361633,64339596,2375051,28500612,487488824,162222504,142964487,832841,786,0,1
C018141,6496236,77954832,3509542,42114504,118915011,48611272,30142488,358322,780,0,0
C018142,8006588,96079056,3170996,38051952,483968711,53761977,53761977,418853,899,0,0
C018143,4635602,55627224,3496046,41952552,62012813,33531211,19148907,552386,765,0,0
C018144,8961150,107533800,5276841,63322092,1301343393,80720827,69377860,1336505,787,0,0
C018145,3465711,41588532,2383765,28605180,173933638,42448176,32200515,405176,895,0,0
C018146,3537182,42446184,2052567,24630804,119717613,43553741,29210556,350384,787,1,0
C018147,1800000,21600000,1126099,13513188,29730289,52232219,41001388,262297,857,0,0
C018148,3462185,41546220,2775864,33310368,75543388,57330511,57330511,411279,841,0,0
C018149,5207089,62485068,2590275,31083300,277081593,143825437,115749142,805371,730,1,0
C018150,1841954,22103448,1255018,15060216,96058585,9097470,9097470,115852,868,0,0
C018151,6825827,81909924,3604904,43258848,246220184,44287294,32783909,475225,735,0,0
C018152,7861947,94343364,6008807,72105684,581846231,66044256,54333289,799453,710,0,0
C018153,10063729,120764748,7326419,87917028,835386618,82632831,54856624,703324,724,0,0
C018154,2101612,25219344,1089038,13068456,21228693,16998056,16998056,162656,772,0,0
C018155,5535734,66428808,2806456,33677472,194141338,71985077,71985077,343408,809,0,0
C018156,4370360,52444320,2333015,27996180,734220480,59953393,56135512,236874,796,0,0
C018157,3293144,39517728,2082495,24989940,308119804,39344227,39344227,393532,817,0,0
C018158,3805495,45665940,1389671,16676052,107759276,61555208,41414688,170911,906,0,0
C018159,3596858,43162296,2020921,24251052,61012207,57325592,49026059,304714,770,0,0
C018160,3737251,44847012,2454142,29449704,234380986,19175811,19175811,458397,719,0,0
C018161,6302967,75635604,3727816,44733792,607811166,85152471,43329516,484811,763,0,0
C018162,6198826,74385912,3624826,43497912,317796013,40474745,40474745,698815,661,1,1
C018163,2969487,35633844,1621883,19462596,69138310,27636568,26637723,244308,841,0,0
C018164,3049638,36595656,2379921,28559052,261209670,30425196,22979100,232687,781,0,0
C018165,3806138,45673656,2176850,26122200,124474747,52984516,32458770,556066,820,0,0
C018166,4693466,56321592,2950580,35406960,111021564,12445265,12445265,93869,817,0,0
C018167,2481879,29782548,1306316,15675792,63973997,89782235,88943455,651414,717,0,0
C018168,2034102,24409224,1563637,18763644,99885179,20257514,14818831,173217,635,0,0
C018169,3206955,38483460,1918371,23020452,178102313,28320714,13983807,302311,779,0,0
C018170,5223659,62683908,2426534,29118408,168241043,77048479,66499050,864987,780,0,0
C018171,2936223,35234676,1789503,21474036,493285464,39943693,35308602,318974,772,0,0
C018172,3724706,44696472,1820521,21846252,227568113,105320731,69953991,351780,815,0,0
C018173,6355026,76260312,3826394,45916728,614357911,44654734,44654734,569721,778,0,0
C018174,4781763,57381156,3204221,38450652,142338832,69437612,35664822,255485,916,0,0
C018175,6454819,77457828,4342877,52114524,228962175,234790835,206891681,1872632,735,0,0
C018176,3257365,39088380,1527456,18329472,150479158,15741947,11109440,126989,734,0,0
C018177,3244044,38928528,1287103,15445236,39410173,21349923,21349923,129627,848,0,0
C018178,3619490,43433880,1629912,19558944,88736481,37388942,16429356,240128,840,0,0
C018179,6207918,74495016,3901557,46818684,238213871,68510497,39908564,440749,770,0,1
C018180,2376086,28513032,900919,10811028,132587882,6797941,5567377,202664,837,0,0
C018181,2739992,32879904,1404226,16850712,60195295,14219762,6030675,76410,875,0,0
C018182,5259168,63110016,2656945,31883340,165437018,96105357,84112990,838668,778,0,1
C018183,5594961,67139532,3272799,39273588,514250199,127256250,124269535,1113826,738,0,0
C018184,2321032,27852384,1381140,16573680,25390786,28452143,22458653,101064,871,1,0
C018185,5225256,62703072,3006555,36078660,202337890,112883832,105802625,799558,746,0,0
C018186,4436546,53238552,2295288,27543456,556264701,57085323,31794473,285851,851,0,0
C018187,5307251,63687012,3456924,41483088,395423063,48679618,47829334,408934,834,0,0
C018188,2815862,33790344,1333211,15998532,125377742,41929064,29874733,203651,735,0,0
C018189,4787583,57450996,2847305,34167660,604091743,65732429,48224497,269910,734,0,0
C018190,5765001,69180012,2707128,32485536,493058856,69529576,45259031,561117,778,0,0
C018191,7038600,84463200,3124783,37497396,253793646,173522083,115367245,747551,803,0,0
C018192,3381074,40572888,1992165,23905980,142219059,27343306,14862767,292583,793,0,0
C018193,2418307,29019684,1130247,13562964,229144333,44716584,35587957,286920,771,0,0
C018194,3507053,42084636,2578507,30942084,75568842,30681232,13373574,175182,807,0,0
C018195,4431133,53173596,3240077,38880924,256510035,49705884,30055531,568553,722,0,0
C018196,3391042,40692504,1991785,23901420,252395817,36528856,29864769,377718,815,1,0
C018197,4798483,57581796,3160684,37928208,71887520,79448951,67341335,576217,837,0,0
C018198,3732452,44789424,1696117,20353404,353607762,21844562,11087516,224229,752,0,0
C018199,3029460,36353520,2393475,28721700,132731563,98417774,89607527,957146,682,0,1
C018200,5390927,64691124,4621638,55459656,180885002,112707406,69254951,579352,652,0,0
C018201,9243146,110917752,5801254,69615048,749916771,120623698,105350879,1112029,794,0,0
C018202,3953251,47439012,2665691,31988292,178705728,73113181,51698704,304378,819,0,1
C018203,2800609,33607308,1678259,20139108,281633159,37446723,37446723,180791,787,0,0
C018204,3576258,42915096,2167762,26013144,81010718,43501625,34294014,555416,755,0,0
C018205,3621122,43453464,2791462,33497544,146994322,31127312,28145751,309351,743,0,0
C018206,3281722,39380664,2020711,24248532,141910443,52609999,15118390,84408,785,0,0
C018207,6457525,77490300,2849684,34196208,140907335,71302526,34116498,593232,803,0,0
C018208,6086592,73039104,2822079,33864948,356915702,48186329,20168817,553595,835,1,0
C018209,2235455,26825460,1754168,21050016,60580180,97112806,87856433,559578,818,0,1
C018210,3403138,40837656,1913567,22962804,62800323,39466804,15540679,470126,793,0,0
C018211,4665676,55988112,3407475,40889700,116928984,33250019,19367222,96058,753,1,0
C018212,2938000,35256000,1173370,14080440,88256278,44543924,28426550,280679,906,0,0
C018213,3867232,46406784,1876345,22516140,103349883,83834975,82055543,366146,711,0,0
C018214,6390282,76683384,2615298,31383576,227437193,122198371,103811731,1341279,863,0,0
C018215,2543778,30525336,1564839,18778068,210492764,14118224,10924542,238714,791,0,0
C018216,5334782,64017384,2602238,31226856,363920525,114296221,63422080,808869,770,0,0
C018217,4456441,53477292,2806765,33681180,272175875,44376668,34216818,344072,922,0,0
C018218,7538298,90459576,5767832,69213984,379730347,62573208,59240040,1226973,798,0,0
C018219,6119578,73434936,2912522,34950264,217631556,72949384,72949384,768434,790,0,0
C018220,2958808,35505696,1646540,19758480,203654180,33515166,26454500,314516,715,0,1
C018221,6945212,83342544,3050213,36602556,314871170,95374303,92628494,889155,861,0,0
C018222,7367593,88411116,4882350,58588200,160459969,108271227,76059205,565579,757,1,0
C018223,2144600,25735200,1360811,16329732,97954456,19002266,14146395,80383,759,0,0
C018224,2537085,30445020,1811233,21734796,73278012,24698335,18764658,223793,760,0,0
C018225,3233818,38805816,2253898,27046776,162726219,30847129,9803480,153151,675,0,0
C018226,2185719,26228628,1347149,16165788,211837011,16918181,16918181,226882,815,0,0
C018227,3856469,46277628,2335977,28031724,276296499,99430307,99430307,595069,817,1,0
C018228,7337122,88045464,3064097,36769164,497378435,56984881,33110168,404638,829,0,0
C018229,5290720,63488640,3625655,43507860,279130117,26673514,13770019,283233,788,0,0
C018230,5770238,69242856,2133130,25597560,203415768,40864753,26909560,115405,918,0,0
C018231,3285306,39423672,2475433,29705196,439692475,98187063,87999319,624139,713,0,0
C018232,2897429,34769148,2071114,24853368,71720384,35715628,28701177,403313,819,0,0
C018233,3937517,47250204,2504926,30059112,661502856,28459651,13117010,268060,730,0,1
C018234,11645290,139743480,6792471,81509652,382261905,296935115,257175865,2114938,873,0,0
C018235,3089700,37076400,1288073,15456876,65009665,20224787,15419006,61794,782,0,0
C018236,9884022,118608264,4984878,59818536,669207216,77090996,32862889,380560,848,0,0
C018237,9728379,116740548,4837711,58052532,1473034094,191474031,144241535,1063639,805,1,0
C018238,1800000,21600000,1341838,16102056,60698270,5834339,5795166,145538,757,0,0
C018239,4155743,49868916,2363228,28358736,98050697,132106748,117646117,982678,785,0,0
C018240,2823971,33887652,1196305,14355660,60293507,35244330,34557499,320802,841,0,0
C018241,6948645,83383740,3644864,43738368,281721352,66271692,30278741,642103,858,0,0
C018242,2619619,31435428,1499287,17991444,66581234,20493054,12757542,128470,823,0,0
C018243,9004756,108057072,4223549,50682588,158838563,38171644,30277816,590431,891,0,0
C018244,4768262,57219144,2889881,34678572,109222253,41443475,40173096,167082,844,0,0
C018245,4160503,49926036,2596096,31153152,358878393,70589350,50277384,464107,779,0,0
C018246,4256893,51082716,3020623,36247476,108076221,20969711,20969711,420246,734,1,0
C018247,4647084,55765008,2955091,35461092,165413977,59824082,43152864,259493,709,0,0
C018248,4005081,48060972,2711084,32533008,95315854,55114677,26187147,299504,659,0,0
C018249,6379104,76549248,3548387,42580644,90753005,29544729,22389313,560222,801,0,0
C018250,2681470,32177640,1293794,15525528,94615617,35642194,31098935,241575,777,0,0
C018251,3552759,42633108,1962513,23550156,138134863,52350072,30088656,269005,780,0,1
C018252,1903448,22841376,1268538,15222456,251565235,13903926,10297804,57739,816,0,0
C018253,2706092,32473104,1907936,22895232,172127941,17418622,17418622,353834,796,0,0
C018254,7878423,94541076,2622439,31469268,158008372,77767604,33664756,391363,777,0,0
C018255,4371193,52454316,3196387,38356644,143973260,41275829,31870525,483963,813,0,0
C018256,4418937,53027244,3227999,38735988,161912870,46638354,15173135,369160,848,0,0
C018257,5880320,70563840,3051008,36612096,258664861,43824049,29364017,261964,838,0,0
C018258,9816085,117793020,3234839,38818068,301510608,169990184,145510777,1501195,757,1,0
C018259,2755881,33070572,1665125,19981500,100745099,17895739,14366450,167048,769,0,0
C018260,3867968,46415616,2147614,25771368,124707446,66734922,43392840,542854,646,1,0
C018261,1800000,21600000,1066454,12797448,59301151,13523622,13523622,132749,763,0,0
C018262,4322182,51866184,3124879,37498548,83731944,39829867,32718760,413541,713,1,0
C018263,7443878,89326536,3116052,37392624,119336697,38694264,38694264,566150,668,0,0
C018264,4302517,51630204,2508386,30100632,90750977,109021733,99236656,621857,848,0,0
C018265,6079529,72954348,4051924,48623088,984738683,53086602,20569904,532410,709,0,0
C018266,4160477,49925724,2459180,29510160,322417440,23369451,15060040,163068,773,0,0
C018267,2140229,25682748,1700062,20400744,66137774,18807301,8188437,64187,928,0,0
C018268,4972660,59671920,2896783,34761396,285801079,77046684,62485202,691563,738,0,0
C018269,2121467,25457604,1248169,14978028,102714182,17888847,12035431,185781,770,0,0
C018270,3490885,41890620,2050426,24605112,66509244,10377235,10136693,445337,763,0,0
C018271,3488837,41866044,1160787,13929444,299595883,32056448,26368597,395055,719,0,0
C018272,3462923,41555076,1907707,22892484,156363104,93408815,78932390,624534,732,0,0
C018273,5333946,64007352,3570444,42845328,165524511,55051394,35845764,598871,777,0,0
C018274,4065732,48788784,1792519,21510228,64674779,83583461,81560792,661453,759,0,0
C018275,3784238,45410856,2750610,33007320,178703485,44410969,44410969,235572,750,0,0
C018276,1800000,21600000,684226,8210712,64823724,32244193,24714418,169508,696,0,0
C018277,9498443,113981316,4756075,57072900,387810328,84853985,27163345,888256,753,1,0
C018278,1800000,21600000,1252592,15031104,44250899,5353351,5353351,50000,739,0,0
C018279,9239011,110868132,3589469,43073628,76048528,113745724,95165555,1252741,806,0,0
C018280,3224425,38693100,2744547,32934564,68139340,54524610,54524610,366295,759,1,1
C018281,5444635,65335620,3146653,37759836,278972000,88714493,48563448,460630,758,0,0
C018282,2732134,32785608,2174893,26098716,63285063,26007388,20102771,282646,812,0,0
C018283,4842074,58104888,3632286,43587432,677094853,65444671,42491723,366996,712,0,0
C018284,2655942,31871304,1002252,12027024,150174557,46789389,37338677,318660,770,0,0
C018285,4465490,53585880,2053873,24646476,124073214,55582822,34712495,383603,834,0,0
C018286,6173841,74086092,3202742,38432904,255420658,113595162,62027292,348548,733,0,0
C018287,8984743,107816916,6815355,81784260,121506888,47215702,47215702,179695,870,0,0
C018288,3390529,40686348,1315731,15788772,129694059,28749222,14910977,109326,883,0,0
C018289,4761771,57141252,3708087,44497044,95351192,18689730,15557288,474580,712,0,0
C018290,4582558,54990696,1253426,15041112,246531829,42673955,32199980,349709,819,0,0
C018291,4064455,48773460,1877212,22526544,181628155,24547954,18857837,564063,777,1,0
C018292,2075490,24905880,794249,9530988,39344964,81549117,81549117,513129,765,1,0
C018293,3343043,40116516,2776485,33317820,104715796,48273911,39714836,595220,748,0,0
C018294,3268733,39224796,2511985,30143820,213792098,26807214,14065640,166983,814,0,0
C018295,4846756,58161072,2529740,30356880,100426522,34436540,23725519,418403,840,0,0
C018296,1904506,22854072,788167,9458004,166814021,11181685,11181685,51342,866,0,0
C018297,9127317,109527804,4841075,58092900,999921252,103144726,85685489,533778,884,0,0
C018298,3486410,41836920,1537511,18450132,115273505,25853060,25853060,559195,758,1,0
C018299,3063418,36761016,1567829,18813948,270218893,38819719,38566824,225432,806,0,0
C018300,2016551,24198612,1048104,12577248,22552117,43726148,29492668,295768,789,0,0
C018301,3656766,43881192,1836383,22036596,51987289,67819882,54720374,246996,804,0,0
C018302,1800000,21600000,1248737,14984844,115746295,26718114,16005745,50000,942,0,0
C018303,3191539,38298468,2264664,27175968,135410040,31133822,30012476,246772,804,0,1
C018304,3557979,42695748,1968625,23623500,163229615,41480181,17839015,177806,699,0,0
C018305,3401634,40819608,1870576,22446912,340079772,14469934,13443000,275414,845,0,0
C018306,4037314,48447768,2289004,27468048,113102321,55761837,45426464,520276,909,0,0
C018307,7294663,87535956,2506952,30083424,351707067,42594409,42594409,816843,789,0,0
C018308,5396065,64752780,2761912,33142944,567062109,55247387,55247387,518533,820,0,0
C018309,3382972,40595664,2766167,33194004,463094816,15357667,15145023,132788,766,0,1
C018310,4423263,53079156,2759797,33117564,134461110,102624569,100737804,897807,839,0,0
C018311,3591323,43095876,3007229,36086748,214353725,121496047,114615490,953189,664,2,1
C018312,6767773,81213276,3528717,42344604,235738899,183402529,169554597,1730959,672,1,1
C018313,2693667,32324004,1426099,17113188,139510933,153434486,144116473,1050385,659,0,0
C018314,4715918,56591016,4278072,51336864,342366664,30251773,29978394,94318,843,0,0
C018315,2641460,31697520,799042,9588504,110134271,56791875,33163766,232824,774,0,0
C018316,5919616,71035392,4473058,53676696,198978248,34814840,31494179,443585,688,0,0
C018317,5175425,62105100,2963928,35567136,129437949,71262818,61049263,614624,715,0,0
C018318,4909548,58914576,3037971,36455652,85719995,30241487,30241487,222941,774,0,0
C018319,5625888,67510656,2687579,32250948,172486883,108191049,108191049,859097,911,0,0
C018320,7256891,87082692,3959364,47512368,286384985,268187498,232803716,1616318,839,0,0
C018321,11067123,132805476,9069353,108832236,537642396,70892104,70892104,1144156,739,0,0
C018322,3248542,38982504,2225655,26707860,288594339,98839055,87948351,547413,735,0,0
C018323,3679905,44158860,1647344,19768128,368291566,29696524,26349561,313179,763,0,0
C018324,5429372,65152464,2860478,34325736,134076976,138279331,102444170,731807,766,0,0
C018325,8346154,100153848,5742557,68910684,276291927,256102170,238458364,1654909,718,1,0
C018326,2936808,35241696,1225619,14707428,56160921,48279292,44108779,421711,738,0,0
C018327,5738445,68861340,4047421,48569052,237634311,69419936,49838073,502666,809,0,1
C018328,5919670,71036040,3233535,38802420,249689564,75272471,75272471,901748,772,0,0
C018329,4108964,49307568,2882940,34595280,282209406,93468980,80090820,824632,711,0,0
C018330,1921083,23052996,1012774,12153288,111662131,25485051,17972457,253109,830,0,0
C018331,6148478,73781736,3998950,47987400,109624342,76894406,40054747,327086,821,0,0
C018332,2191426,26297112,1369172,16430064,228673114,27465932,25262958,219545,917,0,0
C018333,3668443,44021316,917111,11005332,616298424,45230102,22266633,254567,779,0,0
C018334,6977498,83729976,2506364,30076368,230754686,18436270,18436270,609227,802,0,0
C018335,6673709,80084508,3108682,37304184,884591729,59828306,25304586,133474,822,0,0
C018336,2736921,32843052,971643,11659716,155390990,19988760,13332653,208452,863,0,0
C018337,6557091,78685092,4632467,55589604,300211013,154235429,120015325,993038,735,0,0
C018338,8455863,101470356,4508408,54100896,707464184,126929090,80669831,509956,826,0,0
C018339,5094460,61133520,3255079,39060948,64419221,41695062,41695062,509394,768,0,0
C018340,4295468,51545616,2852572,34230864,84575645,73000661,56452179,549969,709,0,0
C018341,6019616,72235392,4188072,50256864,287780501,166887912,123098827,1306725,783,1,0
C018342,3988612,47863344,1309074,15708888,45734258,24098122,17475454,776505,760,0,1
C018343,3360364,40324368,2231459,26777508,201337335,57179151,57179151,991263,692,0,0
C018344,4746303,56955636,3570053,42840636,662798185,84928328,64591981,778697,689,0,0
C018345,4122172,49466064,2507817,30093804,66778766,29877227,25832253,398449,778,0,0
C018346,2733298,32799576,1411006,16932072,109858635,22897122,22897122,239251,885,0,1
C018347,1815227,21782724,1031390,12376680,38352993,20100184,9800597,212986,785,0,0
C018348,2339507,28074084,1634042,19608504,113138972,20642643,19135420,140185,725,0,0
C018349,5325264,63903168,3238906,38866872,149958856,55271179,30538029,106505,797,0,0
C018350,2304795,27657540,1275695,15308340,189995193,10235334,10235334,154055,755,0,0
C018351,2054016,24648192,994172,11930064,34162062,15365651,8006504,198264,819,0,0
C018352,3273176,39278112,1688721,20264652,65149587,26237087,16762964,400752,795,0,0
C018353,3243501,38922012,2177938,26135256,23416249,28193229,19982350,241518,822,0,0
C018354,3931786,47181432,2245728,26948736,137841915,90231529,89552347,776352,807,0,0
C018355,3041693,36500316,1464496,17573952,72982720,13065333,7271918,98149,809,0,0
C018356,4177807,50133684,2400387,28804644,100927985,139615449,133299194,1085997,688,0,0
C018357,2219164,26629968,1539627,18475524,136656928,16960624,13095614,297601,779,0,0
C018358,3034497,36413964,1846464,22157568,438905105,33942828,33942828,247658,859,0,0
C018359,2306530,27678360,1509934,18119208,194953893,19823606,16908050,210937,756,0,0
C018360,3072411,36868932,2097062,25164744,152797667,39696173,33535063,130255,780,1,0
C018361,9506112,114073344,6503599,78043188,198947767,93181313,72159907,966586,727,0,0
C018362,3880908,46570896,3018758,36225096,124236326,54129478,49940514,578572,842,0,0
C018363,2598100,31177200,970027,11640324,173486735,30548130,30548130,103047,866,0,0
C018364,5739118,68869416,4233519,50802228,109207734,29622829,29622829,249275,789,0,0
C018365,2937669,35252028,1341637,16099644,85571183,33737296,24216815,508287,882,0,0
C018366,4420544,53046528,1662169,19946028,195749440,70108448,54216655,330100,758,0,0
C018367,4428195,53138340,2074460,24893520,345040351,50700972,50700972,685407,940,0,0
C018368,7078617,84943404,3862820,46353840,218688341,29168994,29168994,325282,816,0,0
C018369,2214640,26575680,1095061,13140732,54703069,12157933,12157933,145378,806,0,0
C018370,5348456,64181472,3174499,38093988,244206444,97616194,69996800,405568,758,0,0
C018371,3301921,39623052,856476,10277712,113997894,22721991,22721991,283135,837,0,0
C018372,2665456,31985472,1428594,17143128,86877342,38282843,21964294,211020,692,0,0
C018373,3460507,41526084,1941166,23293992,96215528,78306109,61454676,514605,691,1,0
C018374,5054507,60654084,3709783,44517396,236061335,78786977,56700906,552888,819,0,0
C018375,3765850,45190200,2532165,30385980,378425798,79385515,43742165,594490,695,0,1
C018376,3956392,47476704,2703620,32443440,126148766,66096064,58769692,583411,773,1,0
C018377,6261747,75140964,3906242,46874904,810663285,73900758,28951850,500780,686,0,0
C018378,7525235,90302820,4205930,50471160,374949944,121969589,83185824,743304,825,0,0
C018379,6909593,82915116,4448186,53378232,321677413,110073127,89011279,1000752,820,1,0
C018380,6777769,81333228,4350207,52202484,146337162,135751809,126133444,963138,878,0,0
C018381,3726530,44718360,2744706,32936472,250982316,20136460,11758835,292942,627,1,0
C018382,6060817,72729804,3193585,38323020,102652918,53529146,49118821,880349,810,0,0
C018383,5472893,65674716,2535869,30430428,91853495,34644681,30864677,668557,793,1,0
C018384,6532408,78388896,3707365,44488380,346500477,59944288,26467279,538825,879,0,0
C018385,8296450,99557400,5221491,62657892,541643323,52280527,52280527,853864,822,0,0
C018386,2786444,33437328,696611,8359332,59364613,71727186,70920288,530564,763,0,0
C018387,4989079,59868948,2280463,27365556,130515409,44211139,41374492,691101,785,0,0
C018388,2631008,31572096,2080593,24967116,233063082,22144231,14262462,366511,660,1,1
C018389,5315310,63783720,2954641,35455692,416054776,73706686,71653296,365380,799,0,0
C018390,2168658,26023896,828284,9939408,73135475,34236486,32532872,228462,788,0,0
C018391,8111399,97336788,4769392,57232704,242033541,78772906,70870166,162228,809,0,0
C018392,3474011,41688132,1929866,23158392,226621488,42141628,28381492,263028,753,0,0
C018393,8672366,104068392,7243821,86925852,928591024,181150512,164088555,1256855,640,0,0
C018394,4170370,50044440,2320175,27842100,191800242,67078436,52812463,363922,818,0,0
C018395,4268603,51223236,3173219,38078628,66956504,27263312,24528003,157152,764,1,0
C018396,4936711,59240532,2742657,32911884,269814770,37619797,26158572,678376,753,0,0
C018397,4628816,55545792,2869443,34433316,184433069,46957383,37788607,618452,644,1,0
C018398,3584002,43008024,1514415,18172980,46260498,23995189,11880093,308948,790,0,0
C018399,2159432,25913184,1267348,15208176,83270407,14465519,8842487,50000,948,0,0
C018400,3201832,38421984,2011663,24139956,36280583,48096986,25037490,421717,637,0,0
C018401,7733947,92807364,4797412,57568944,272714938,177915088,145801049,1423971,740,0,0
C018402,4899226,58790712,4023849,48286188,190015669,172370585,172370585,1068895,773,0,1
C018403,3583128,42997536,2518091,30217092,268777113,46237900,38405518,302900,759,0,0
C018404,4455562,53466744,3129945,37559340,283246734,70752572,38211358,313867,706,0,0
C018405,9960220,119522640,3853193,46238316,1453104622,159607395,98560241,738519,867,0,0
C018406,4015278,48183336,1975645,23707740,427487381,14023203,8604690,112556,819,0,0
C018407,4237545,50850540,2485089,29821068,125629668,48513959,21355974,202747,807,0,1
C018408,3318023,39816276,2559527,30714324,127007977,40616998,29823332,410637,674,0,0
C018409,6093866,73126392,4692501,56310012,138755149,34559450,34559450,637369,775,0,0
C018410,5668026,68016312,3383656,40603872,452548582,20200846,18718789,561779,784,0,0
C018411,3740079,44880948,2021298,24255576,463050524,23658384,18727702,256697,795,0,0
C018412,5639444,67673328,3953932,47447184,93864166,107037787,53933020,342872,749,0,0
C018413,2553339,30640068,1811027,21732324,279070347,39038618,39038618,399078,750,0,0
C018414,2440856,29290272,1114496,13373952,72369754,12039443,9073020,90098,841,0,0
C018415,2646307,31755684,1660727,19928724,50837439,23607015,23607015,148285,771,0,0
C018416,3714461,44573532,1358169,16298028,137913172,23267932,23267932,284950,748,0,0
C018417,1936692,23240304,1371557,16458684,110054742,26915469,17639268,188432,701,0,0
C018418,4251899,51022788,2756826,33081912,479506804,46670574,21370695,543460,786,1,0
C018419,4950955,59411460,2172935,26075220,169749187,59810631,53352109,439872,848,0,0
C018420,3498575,41982900,2128784,25545408,190197031,43577790,17605825,69972,895,0,0
C018421,5165854,61990248,1735623,20827476,695377233,28503748,28503748,294256,831,1,0
C018422,2982519,35790228,1329836,15958032,91685649,9094934,9094934,83507,815,0,0
C018423,6671193,80054316,5875129,70501548,364068291,35514424,35514424,484660,737,0,0
C018424,3603670,43244040,2486313,29835756,98271128,99159508,71402340,713864,699,0,0
C018425,3539527,42474324,1949035,23388420,76860823,100643345,82288382,470085,761,0,0
C018426,3132732,37592784,2229447,26753364,142209204,27102509,18580200,62655,856,0,0
C018427,2009914,24118968,813035,9756420,159308347,48709750,38105455,310109,736,0,0
C018428,2637091,31645092,1730357,20764284,88212177,27869133,27869133,291338,789,0,1
C018429,4458019,53496228,2610274,31323288,87586475,34630165,26481201,301534,798,0,0
C018430,10248958,122987496,4784083,57408996,206492848,113138438,77487203,761561,756,0,0
C018431,6455048,77460576,3872265,46467180,158654871,71293505,60803823,561647,865,0,0
C018432,4489669,53876028,3155495,37865940,155487576,45808191,38280118,213086,776,1,1
C018433,2655073,31860876,1459624,17515488,122643070,41909974,21591840,280699,928,0,0
C018434,7547154,90565848,2332905,27994860,261549882,73679162,54282858,756328,893,0,0
C018435,6776231,81314772,3563326,42759912,169089368,32221908,25772530,165732,764,0,0
C018436,4358818,52305816,2856130,34273560,201930712,65261887,50743236,695277,840,0,0
C018437,2943855,35326260,1321963,15863556,45394671,56483674,38585162,386626,772,0,0
C018438,6047173,72566076,4733515,56802180,211949489,56786141,56786141,505521,688,0,0
C018439,1800000,21600000,734713,8816556,50575346,32240766,22808452,187030,748,0,0
C018440,4936906,59242872,2561450,30737400,193727817,43939976,27373232,439839,912,0,0
C018441,3785998,45431976,2788269,33459228,82772799,82814463,82814463,564475,803,0,0
C018442,5804299,69651588,4201119,50413428,347262679,145446415,114543958,984407,630,2,0
C018443,3350961,40211532,2084724,25016688,153073842,61267628,61267628,426290,777,1,0
C018444,4836125,58033500,2704693,32456316,257505854,60126654,55404076,520836,779,0,0
C018445,4323504,51882048,3060770,36729240,165328729,143308001,105120048,930665,713,0,0
C018446,4386669,52640028,2333266,27999192,28856349,92753298,92753298,603011,798,0,0
C018447,3586942,43043304,2215560,26586720,256553332,35117741,12289300,341588,706,1,0
C018448,5562096,66745152,4121427,49457124,231418821,138391771,104246482,500699,779,0,0
C018449,2205928,26471136,675431,8105172,370595904,22996968,7757507,119073,839,0,0
C018450,5100251,61203012,4142207,49706484,162575238,53137916,42577373,707896,648,1,0
C018451,1800000,21600000,828946,9947352,55420560,14615518,8307048,296061,711,0,0
C018452,5799750,69597000,3402136,40825632,389683362,75186200,58371370,816424,873,0,0
C018453,5429711,65156532,2829998,33959976,133093106,26015307,26015307,587827,760,0,0
C018454,5597869,67174428,4732533,56790396,355373660,64744686,27716396,457137,688,0,0
C018455,5477432,65729184,4206296,50475552,349362721,87832927,68606566,823011,776,0,0
C018456,4955126,59461512,2530076,30360912,109377569,110990613,105577071,923179,841,0,0
C018457,12000000,144000000,4114063,49368756,386843817,148701869,148701869,1450495,742,0,0
C018458,5420362,65044344,4171188,50054256,467820680,45017770,45017770,516860,729,0,0
C018459,4633376,55600512,3310527,39726324,774378511,109232768,85825771,548107,781,0,0
C018460,3747712,44972544,2321751,27861012,272664557,135265401,115035115,898761,728,0,0
C018461,4586466,55037592,1706512,20478144,223564656,28412396,23492355,387188,843,0,1
C018462,6154366,73852392,3294936,39539232,76876830,105083819,71687875,477527,782,0,0
C018463,7642094,91705128,3804268,45651216,335928963,96365801,48309506,433152,842,0,0
C018464,5268486,63221832,3155817,37869804,87359073,54852915,42373272,291240,819,0,0
C018465,3034685,36416220,1756157,21073884,194386236,68181872,53697717,356800,833,0,0
C018466,6528316,78339792,2889957,34679484,443301863,76543688,46288213,666847,763,0,0
C018467,2910400,34924800,1294723,15536676,262223348,26305922,26305922,467315,795,0,0
C018468,9686886,116242632,3679126,44149512,277662766,239295442,165529154,1222124,746,1,0
C018469,4636406,55636872,2407734,28892808,276849883,69320444,42072568,487059,757,0,0
C018470,2480457,29765484,1888898,22666776,209730237,7516086,7516086,184886,770,0,1
C018471,5928674,71144088,3255590,39067080,444271342,95453396,58359363,714118,788,0,1
C018472,4081806,48981672,2748644,32983728,226628026,27576839,25035938,492381,758,0,0
C018473,4126784,49521408,1445905,17350860,183960887,28941852,4951595,203106,850,0,0
C018474,4029415,48352980,2651091,31813092,364451753,23294936,23294936,315689,755,0,0
C018475,3634615,43615380,1905063,22860756,223794636,91370850,85960695,808152,704,0,0
C018476,3964705,47576460,2662903,31954836,244250383,65182634,51202802,480188,771,0,0
C018477,4158472,49901664,2537309,30447708,371725243,33212330,24236555,388218,798,0,0
C018478,4685200,56222400,2050062,24600744,94322077,33314744,28241173,517011,795,1,0
C018479,3647654,43771848,2891042,34692504,84998212,45045233,38958914,438787,676,0,0
C018480,2595668,31148016,1599617,19195404,188505407,18881021,14693030,77584,836,0,0
C018481,2928158,35137896,2057148,24685776,82208546,15553236,9101068,160823,789,0,0
C018482,1800000,21600000,1008923,12107076,111920027,34191710,21646331,233621,771,0,0
C018483,5144632,61735584,2990839,35890068,331196805,63148384,35644447,486568,873,0,0
C018484,5228370,62740440,2103115,25237380,651978512,65834726,55067939,565743,842,0,0
C018485,3371134,40453608,2073194,24878328,151296796,54760344,49561044,333538,853,0,0
C018486,2819515,33834180,1749568,20994816,133166940,50824861,38386762,393334,822,0,0
C018487,2965271,35583252,1515031,18180372,60756942,48484335,33214946,315598,803,0,0
C018488,3500764,42009168,1691417,20297004,118888474,49610700,41671856,503455,801,1,0
C018489,4839042,58068504,1902111,22825332,216172385,64950504,55453068,324810,823,0,0
C018490,3027891,36334692,1884823,22617876,37505510,19471622,8790183,414496,733,0,0
C018491,4782867,57394404,1545957,18551484,228346529,121557205,120863989,907040,794,0,0
C018492,5645734,67748808,4431315,53175780,153651583,56852335,37235347,464293,820,0,0
C018493,4087104,49045248,2188991,26267892,575093324,34108768,23843924,346403,928,0,0
C018494,2631833,31581996,1299600,15595200,419947975,30464571,30464571,376399,849,0,0
C018495,3700309,44403708,2866165,34393980,64325006,37784251,24008968,201105,834,0,0
C018496,2142162,25705944,1376074,16512888,208234588,26472435,8247451,50773,836,0,0
C018497,4720712,56648544,3632152,43585824,67683227,61731756,54860583,461973,768,0,0
C018498,4791513,57498156,3789868,45478416,53633079,99613871,98154435,755089,782,0,1
C018499,5445454,65345448,3705014,44460168,118910190,69782316,51291063,1100789,763,0,0
C018500,8234357,98812284,4550900,54610800,120054960,270837718,249169073,1869501,705,0,0
C018501,9315609,111787308,6787602,81451224,699630098,122748383,43680422,640755,677,2,1
C018502,2065357,24784284,1645865,19750380,272555620,25059044,17795045,295427,736,0,0
C018503,3931047,47172564,2842153,34105836,412069087,46495270,43695055,778816,769,0,0
C018504,3438190,41258280,1775251,21303012,123057497,27870853,20824649,370928,833,0,0
C018505,5048143,60577716,2658659,31903908,76173713,59462630,59462630,522554,862,0,0
C018506,3088197,37058364,1463042,17556504,48343452,40061036,26939334,275248,894,0,0
C018507,3146958,37763496,1073196,12878352,93967469,52970463,40732661,277249,726,0,0
C018508,8081408,96976896,3757950,45095400,738427910,94944617,52809472,427216,791,0,0
C018509,3184194,38210328,2454463,29453556,212157080,18583376,11781107,445732,866,0,0
C018510,2301076,27612912,839618,10075416,245455158,31763070,25142763,270361,768,0,0
C018511,6166898,74002776,4260106,51121272,519466512,96742324,75466646,516081,815,0,0
C018512,5934662,71215944,3860402,46324824,247705074,10206632,8941805,118693,854,0,0
C018513,6434097,77209164,5437595,65251140,298649016,121084788,93056560,1365216,659,0,1
C018514,1981616,23779392,929521,11154252,117778482,53214026,53214026,353851,818,0,0
C018515,5552547,66630564,3581992,42983904,131788752,49790870,39335240,283276,858,0,0
C018516,3310152,39721824,2112943,25355316,59667725,39567308,29808148,318135,858,0,0
C018517,5959982,71519784,3703739,44444868,985256578,28292720,28292720,381712,728,0,0
C018518,1800000,21600000,1296261,15555132,182012106,20417924,18409384,179248,685,1,1
C018519,3994884,47938608,3256654,39079848,264652028,28215670,28215670,168230,802,0,0
C018520,3683628,44203536,3010507,36126084,18325941,58351830,35700475,539746,673,0,1
C018521,6884164,82609968,4747912,56974944,103247879,61583654,57487138,560099,860,0,0
C018522,1800000,21600000,730528,8766336,85448064,14611240,11599258,170557,764,0,0
C018523,4859255,58311060,2372005,28464060,176564210,24103350,21451947,188274,700,1,0
C018524,3692132,44305584,2196565,26358780,255064690,46938102,28818356,562635,683,2,0
C018525,6727062,80724744,4298431,51581172,1130146416,57109017,52124668,294462,828,0,0
C018526,7233543,86802516,4267982,51215784,379671543,77552296,72268211,757576,771,0,0
C018527,4284257,51411084,4047708,48572496,99474232,82143788,57610275,756588,686,0,1
C018528,5510197,66122364,1850807,22209684,218587671,67325017,56950397,513023,785,0,0
C018529,4419144,53029728,3211309,38535708,175746044,36256073,12203633,266249,760,0,0
C018530,7649043,91788516,4794292,57531504,441657597,91797280,62860180,810427,721,0,0
C018531,3321952,39863424,2274294,27291528,328173010,60417422,57768537,298617,784,0,0
C018532,3223433,38681196,1556096,18673152,169310160,19075237,16465135,123317,849,0,0
C018533,2187351,26248212,1349492,16193904,44973313,16665505,9365521,222209,768,0,0
C018534,1880354,22564248,1584570,19014840,160631905,20827098,12375971,63204,787,0,0
C018535,2890873,34690476,2109061,25308732,139376545,140491422,140491422,1003028,612,0,0
C018536,6004809,72057708,3366714,40400568,306058097,36562852,36562852,657042,827,0,0
C018537,3474344,41692128,2612590,31351080,108875200,22742731,22742731,391922,848,0,0
C018538,10237766,122853192,6407193,76886316,166530481,70245064,66927028,981030,788,0,0
C018539,2703272,32439264,1316800,15801600,159517502,39308138,20469273,100736,793,0,0
C018540,2553605,30643260,1615308,19383696,142107622,15427377,15427377,306383,744,0,0
C018541,2893301,34719612,1724773,20697276,133126429,36202252,28395651,338620,707,0,0
C018542,5524629,66295548,3919560,47034720,338973313,80841785,42776889,482097,787,0,0
C018543,6432246,77186952,3011143,36133716,420601318,159265155,122381329,708674,788,0,0
C018544,3196452,38357424,1529859,18358308,297006149,51461580,40465571,305033,819,0,0
C018545,3872133,46465596,2534294,30411528,50846948,24557152,24557152,425124,800,0,0
C018546,2671755,32061060,2038548,24462576,373171881,23687384,13991948,74173,730,0,0
C018547,3506836,42082032,1699220,20390640,353396342,53232531,51981732,314428,849,0,0
C018548,2846976,34163712,994902,11938824,110059259,48209213,39057900,320369,785,0,0
C018549,2781974,33383688,1709124,20509488,64594398,25435465,19513246,209298,637,2,1
C018550,8263093,99157116,3562165,42745980,514766207,269065708,228861154,1198707,798,0,0
C018551,3691002,44292024,2286126,27433512,192855461,54546148,50999217,391223,797,0,0
C018552,5759176,69110112,3663707,43964484,75619688,42535838,32343661,584003,853,0,0
C018553,3567835,42814020,1294834,15538008,179298265,25043319,17128167,71357,824,0,0
C018554,3621677,43460124,1641704,19700448,105396910,129950846,121877546,942374,715,0,0
C018555,2851192,34214304,1348645,16183740,122538378,30865498,26113123,79968,845,0,0
C018556,3143771,37725252,1885100,22621200,123391296,81259466,81259466,423419,763,0,0
C018557,3431052,41172624,1836015,22032180,169383351,79731444,79731444,529221,783,0,0
C018558,3804220,45650640,2913980,34967760,70824224,47216051,33000193,668692,684,0,0
C018559,6104114,73249368,2986539,35838468,219332539,100081605,50554719,494580,722,0,0
C018560,4260277,51123324,2861969,34343628,170202637,181610080,156065216,828287,713,0,0
C018561,4088935,49067220,2915176,34982112,449205433,37805693,37805693,152226,807,0,0
C018562,3611496,43337952,1333431,16001172,462234480,81112338,81112338,689279,739,0,0
C018563,4939513,59274156,2824562,33894744,303528928,61769108,48000614,560042,779,0,0
C018564,4548458,54581496,2724755,32697060,135672531,32696731,14630293,258201,813,0,0
C018565,3969987,47639844,1869924,22439088,40465241,39298652,22029989,283062,754,0,0
C018566,4545268,54543216,3358086,40297032,260577283,46849164,34697757,482723,745,0,0
C018567,4700630,56407560,2753453,33041436,463103376,57810404,43569572,385910,748,0,0
C018568,3545091,42541092,1965271,23583252,285717384,56246673,43511733,383313,807,0,0
C018569,2230594,26767128,1618137,19417644,67439955,29180817,29180817,368398,792,0,0
C018570,3878483,46541796,2038027,24456324,116298429,64316256,57362411,458046,784,0,0
C018571,3198520,38382240,1261969,15143628,138425916,66041398,55688584,488922,770,0,0
C018572,2108384,25300608,889527,10674324,71570985,37007383,32969344,224574,771,0,0
C018573,3090318,37083816,1562027,18744324,204588634,65765665,53333347,508311,756,0,0
C018574,3050778,36609336,2480219,29762628,512530704,56917706,40828531,373193,715,0,0
C018575,4236299,50835588,2909677,34916124,311809390,44812967,18091028,480605,714,1,0
C018576,5454691,65456292,4116541,49398492,359307824,97558142,82809282,1000185,762,0,0
C018577,7710175,92522100,6870998,82451976,271793082,301134977,257059573,2105977,611,0,0
C018578,5906197,70874364,2371791,28461492,60458815,48703146,48703146,244109,893,0,0
C018579,3529211,42350532,1989041,23868492,420310123,59741990,46897840,367034,754,0,0
C018580,1800000,21600000,1166715,14000580,166416310,16332952,12010216,323966,737,0,0
C018581,5249121,62989452,4521610,54259320,109484573,44099125,39349074,407341,845,0,0
C018582,2616187,31394244,1808936,21707232,47285044,26308647,21513545,68037,695,0,0
C018583,3779731,45356772,3049972,36599664,105098987,78937050,71255890,700192,744,0,0
C018584,3309187,39710244,2176398,26116776,209776378,59867035,46249459,234391,819,0,0
C018585,8180461,98165532,5693284,68319408,607193599,153345745,138658907,1094651,850,1,0
C018586,3180982,38171784,1996074,23952888,37739173,22881678,9125146,313233,865,0,0
C018587,3317882,39814584,1307540,15690480,154637432,42256781,39580068,525451,879,0,0
C018588,2244503,26934036,630618,7567416,89140329,26908610,19673948,211509,762,0,0
C018589,3292912,39514944,1881065,22572780,44796278,27294281,27294281,284734,750,0,0
C018590,4397463,52769556,3013341,36160092,510971468,29322650,29322650,276278,860,1,0
C018591,3454143,41449716,2737600,32851200,329656453,60657338,24960115,496408,667,1,0
C018592,2498759,29985108,1194336,14332032,60828874,36068048,14880187,153688,824,0,0
C018593,5497715,65972580,3853821,46245852,102017445,103436036,89746399,736915,827,1,0
C018594,5271368,63256416,3895890,46750680,124081124,75985542,75985542,617443,795,0,0
C018595,2149879,25798548,1300280,15603360,157309870,92050406,74765686,465017,709,0,1
C018596,2434370,29212440,1612581,19350972,49122234,36040693,26537453,229611,743,0,0
C018597,4483466,53801592,2904094,34849128,541263614,128605456,102644200,973914,684,1,0
C018598,2374280,28491360,1194576,14334912,85460150,26347672,26032334,314421,818,0,0
C018599,4864245,58370940,2277990,27335880,121466715,32313888,26538979,699463,726,0,0
C018600,2774840,33298080,1852616,22231392,25766470,33655104,33655104,232515,790,1,1
C018601,5039831,60477972,2872485,34469820,438356909,50468470,50468470,541858,734,0,0
C018602,4476383,53716596,3878085,46537020,405556614,80326646,60881639,720481,660,0,1
C018603,3246702,38960424,1536076,18432912,67579719,56342437,47650307,425854,853,0,0
C018604,3545060,42540720,2231039,26772468,45899071,22476282,22246653,366660,807,0,0
C018605,2017985,24215820,1273986,15287832,81243034,17214136,17214136,115165,681,1,0
C018606,3188089,38257068,1209537,14514444,357335279,89708636,79805251,684738,692,0,0
C018607,9014265,108171180,4407143,52885716,418871697,157924541,95150270,733762,768,0,0
C018608,1800000,21600000,1012285,12147420,94552124,18555859,15830393,230485,841,0,0
C018609,3566503,42798036,2234924,26819088,449597412,95811272,75771191,620312,641,1,0
C018610,4971317,59655804,2786318,33435816,427725035,70390667,44467714,338103,801,0,0
C018611,2696156,32353872,2001539,24018468,62398727,31989016,23756656,114065,769,1,0
C018612,7967362,95608344,5279692,63356304,381226920,53608839,52354613,1018212,840,1,0
C018613,6160880,73930560,3600709,43208508,663653018,79100500,73898076,980286,793,0,0
C018614,9734571,116814852,6713135,80557620,149733640,121398897,75840736,941531,794,1,0
C018615,3488543,41862516,938756,11265072,258741272,55492809,49627623,510649,809,0,0
C018616,3177189,38126268,2201168,26414016,199365822,20196154,5275141,101997,689,0,0
C018617,5961827,71541924,3616736,43400832,485635817,124553415,124553415,1149317,729,0,0
C018618,1800000,21600000,1402957,16835484,93976037,6897062,6897062,113359,833,0,0
C018619,2335513,28026156,964093,11569116,182965616,20170252,20170252,329961,754,0,0
C018620,2410426,28925112,1305952,15671424,73873049,26659567,15120596,50000,739,0,0
C018621,6341060,76092720,4358783,52305396,89870307,62704809,44704076,646707,810,0,0
C018622,3060928,36731136,2283589,27403068,229513349,79002554,61825013,625065,718,2,1
C018623,2243247,26918964,1249557,14994684,25880672,42842444,32887696,212771,691,0,1
C018624,2253658,27043896,1275629,15307548,118383928,82331472,66430469,506182,703,0,0
C018625,8719267,104631204,4056604,48679248,382048208,162847652,126731765,1193115,856,0,0
C018626,3406731,40880772,1933799,23205588,81025433,28605790,10469019,307353,777,0,0
C018627,5242062,62904744,3055813,36669756,197230352,47618957,33044385,589162,742,0,1
C018628,4673947,56087364,3522323,42267876,100969367,35486856,14434558,363857,761,0,0
C018629,3963074,47556888,2114897,25378764,266558498,15133331,15133331,399526,711,0,0
C018630,3933728,47204736,1928971,23147652,149995085,32894750,22587083,494380,803,0,0
C018631,12000000,144000000,7779624,93355488,250968335,105371880,35666744,240000,809,1,0
C018632,4255831,51069972,3706053,44472636,94850630,54715909,52174927,410734,732,0,0
C018633,5891274,70695288,3109913,37318956,491445744,40368654,40368654,252955,818,0,0
C018634,2768012,33216144,1925643,23107716,123206504,61211478,60199703,603326,779,0,0
C018635,8249496,98993952,3714887,44578644,642107691,121665790,121665790,733851,836,0,0
C018636,6160684,73928208,2059756,24717072,137873486,81774318,54505690,286904,838,0,0
C018637,2359269,28311228,1314331,15771972,54016307,89874242,85721119,621220,743,0,0
C018638,3451832,41421984,2460677,29528124,182617391,16611326,16611326,342333,727,0,0
C018639,6359227,76310724,3739239,44870868,190494450,58785568,34841339,395402,883,0,0
C018640,4499119,53989428,1299497,15593964,216436702,18536598,18536598,335991,792,0,0
C018641,6265801,75189612,4191173,50294076,288699959,62318363,47962176,896797,768,1,0
C018642,5639246,67670952,3396990,40763880,125016414,62584143,62584143,515141,793,0,0
C018643,4439351,53272212,4040228,48482736,110067325,18346330,18346330,352685,748,0,0
C018644,3562741,42752892,2083827,25005924,311221762,29310207,29310207,418118,858,0,0
C018645,4238025,50856300,2513661,30163932,93438725,39109136,12858110,380804,753,0,0
C018646,5762341,69148092,3318480,39821760,357417013,42321555,41869215,449972,776,0,0
C018647,8192324,98307888,2856306,34275672,517195974,200976144,166937083,1275467,845,0,0
C018648,2146977,25763724,1383685,16604220,126171550,25435060,15432554,192957,769,0,1
C018649,2678102,32137224,1873804,22485648,29131563,20921467,16270406,247898,682,0,0
C018650,3739789,44877468,1847426,22169112,268284748,44720323,35418434,220731,777,0,0
C018651,2997890,35974680,2666599,31999188,186137155,27020254,12091744,59958,778,0,0
C018652,4342174,52106088,2428654,29143848,133150540,41082443,23434077,160189,663,1,0
C018653,6229075,74748900,3399360,40792320,110566878,55603571,28959632,604599,780,0,0
C018654,5567663,66811956,2415141,28981692,191448500,156111282,152560727,1106263,744,0,0
C018655,8684088,104209056,4196390,50356680,1458926784,183999903,142396379,1019767,795,0,0
C018656,2924486,35093832,1861985,22343820,33425966,59300112,59300112,442440,859,0,0
C018657,3381055,40572660,2058020,24696240,55816830,20604942,13078263,287826,944,0,0
C018658,6575014,78900168,4554154,54649848,1092083343,101169202,101169202,1536015,731,0,0
C018659,8187383,98248596,5411027,64932324,337603964,137694717,109029601,1233853,745,0,0
C018660,3527436,42329232,1648611,19783332,136590970,18042584,13109263,218681,763,0,0
C018661,3018254,36219048,957344,11488128,146466839,37290746,37290746,321884,777,0,0
C018662,9153017,109836204,6749052,80988624,458949464,128392167,117641973,1409262,703,0,0
C018663,6725014,80700168,3331957,39983484,248589897,52272060,45919085,633365,786,0,0
C018664,2971442,35657304,2301817,27621804,225655388,18278865,18278865,209016,677,0,1
C018665,5347714,64172568,3803899,45646788,497896753,79707957,33172141,309447,745,0,0
C018666,3905944,46871328,2212776,26553312,90022052,17306559,16848736,86442,776,0,0
C018667,1800000,21600000,1358083,16296996,302400000,14088054,9700150,158168,813,0,0
C018668,5278291,63339492,3340819,40089828,192993500,32610757,26059432,327817,848,1,0
C018669,5638265,67659180,2871280,34455360,148901278,209408781,172361269,1596173,672,1,0
C018670,3596668,43160016,2070861,24850332,192787955,31655844,24044372,197224,822,0,0
C018671,2531595,30379140,1741739,20900868,75366827,36156803,27212506,229269,699,0,1
C018672,4090756,49089072,2031744,24380928,337832919,29419935,17876159,229432,777,0,0
C018673,2729084,32749008,1438530,17262360,125069348,40706745,20798652,395935,857,0,0
C018674,3547730,42572760,2273273,27279276,117298748,33003602,33003602,158728,785,0,0
C018675,3885118,46621416,2821312,33855744,70277916,22037613,12856880,77702,769,0,0
C018676,2859143,34309716,1587550,19050600,120326888,31299780,31299780,195419,842,0,0
C018677,10779475,129353700,6829294,81951528,691626821,288940296,276623135,2259783,723,1,0
C018678,3583200,42998400,1905275,22863300,345479428,127465914,108646314,676619,806,0,0
C018679,5345216,64142592,2683846,32206152,258163283,71164715,66043389,742410,846,0,0
C018680,4065319,48783828,2905607,34867284,108583738,34867532,24613184,294596,755,0,0
C018681,7214212,86570544,2802910,33634920,137146791,51012708,25129202,148852,889,0,0
C018682,4023158,48277896,2489421,29873052,281043836,31441557,18490874,549229,718,1,1
C018683,3100149,37201788,1216034,14592408,452147393,60371865,49070270,574482,832,0,0
C018684,5111753,61341036,4041643,48499716,478141759,210974031,175004914,1710051,630,0,1
C018685,3343940,40127280,1607851,19294212,316902977,53303112,40961598,364164,776,0,0
C018686,2361001,28332012,590250,7083000,64380984,22545331,9584699,161566,759,0,0
C018687,3655243,43862916,1624651,19495812,78968504,58305243,41460047,369217,841,0,0
C018688,3272592,39271104,1757417,21089004,166618858,32182684,23306238,251649,756,0,0
C018689,4329534,51954408,2237350,26848200,55723634,19777131,10656191,86591,872,0,0
C018690,4243811,50925732,3224022,38688264,160779019,46093285,13295346,595229,632,1,1
C018691,3191070,38292840,2120267,25443204,69061670,36687951,25737669,358360,735,0,1
C018692,2988508,35862096,2157749,25892988,112695357,61199925,49417634,347296,638,1,0
C018693,4338626,52063512,1835333,22023996,122094772,129411417,112664845,806909,655,0,0
C018694,7806025,93672300,4969497,59633964,666095300,50662798,50662798,681947,724,0,0
C018695,3919025,47028300,2142901,25714812,228217329,39964712,38312420,249643,708,0,0
C018696,4962884,59554608,2129227,25550724,175374820,70365300,59065620,713511,745,0,0
C018697,2857611,34291332,1544203,18530436,58349653,86050577,75272115,510356,779,1,0
C018698,4958354,59500248,3003274,36039288,119646965,40065814,30610812,134099,800,0,0
C018699,2153352,25840224,901712,10820544,87042610,51824032,47627928,316816,838,0,0
C018700,4252907,51034884,2326528,27918336,42013826,59244119,56591884,496445,879,0,0
C018701,5232052,62784624,2779672,33356064,74905665,39235381,19578891,254548,816,0,0
C018702,6277728,75332736,5219315,62631780,187793443,92700961,68751879,486683,800,0,0
C018703,1891647,22699764,1467549,17610588,66372603,15518151,11334389,154631,830,0,0
C018704,7031794,84381528,4061812,48741744,321638694,131787312,116339148,1130774,832,0,1
C018705,4498658,53983896,2889553,34674636,154023276,70566738,68223236,715297,717,0,0
C018706,5165775,61989300,2829667,33956004,124785764,55059778,55059778,625547,709,0,0
C018707,4172639,50071668,1683495,20201940,592433957,29984156,19314474,286031,809,0,0
C018708,3686977,44243724,1778506,21342072,50566794,49481974,36068057,245614,811,0,0
C018709,3786575,45438900,1442351,17308212,366087151,14262103,10343499,330984,823,0,0
C018710,4521362,54256344,3048664,36583968,30780320,30128291,30128291,621996,707,0,0
C018711,3259884,39118608,1969458,23633496,100778322,38991698,33294574,359872,768,1,0
C018712,3747466,44969592,2723067,32676804,246038707,88950906,70732870,1027788,700,1,1
C018713,2431981,29183772,1177537,14130444,87980179,32106836,18260914,213940,842,0,0
C018714,3917553,47010636,1409085,16909020,84313490,51471234,51471234,416374,755,0,0
C018715,5044986,60539832,1660149,19921788,294126886,58229200,55403287,281796,787,0,0
C018716,3533236,42398832,1858821,22305852,350176142,129420952,119482262,836634,776,0,0
C018717,8382814,100593768,4429047,53148564,138714997,30228746,21953013,167656,781,0,0
C018718,4688910,56266920,3684637,44215644,297483262,92192275,45831675,752705,704,0,0
C018719,6869548,82434576,4848282,58179384,175223433,36486840,19462808,489630,673,0,1
C018720,3992576,47910912,2446325,29355900,276998445,76468363,76468363,760540,683,0,0
C018721,3566284,42795408,1346858,16162296,41455603,80073610,46536327,421535,792,0,0
C018722,2324601,27895212,1652332,19827984,48674148,17630421,9063534,227884,775,0,0
C018723,3540839,42490068,2100212,25202544,71124878,54339093,32171143,564570,632,0,0
C018724,4131087,49573044,2183516,26202192,694022616,51118052,51118052,335451,849,0,0
C018725,2871614,34459368,1476667,17720004,140341965,53383004,46593690,444898,756,0,0
C018726,4385161,52621932,1637172,19646064,421565202,33098230,29293725,563694,822,0,0
C018727,3623095,43477140,2912789,34953468,226041525,42757496,20625312,204812,714,1,0
C018728,7231844,86782128,5564651,66775812,266162940,34609714,21382925,204431,812,0,0
C018729,2333762,28005144,1654036,19848432,36373961,71674643,58186943,393819,717,0,0
C018730,2045803,24549636,1205006,14460072,114063672,90951195,89536118,624179,730,0,0
C018731,4015890,48190680,3049849,36598188,525944480,83046102,79832560,670929,830,0,0
C018732,5271306,63255672,3467965,41615580,327204958,47524716,17738622,318755,768,0,0
C018733,3629906,43558872,2361273,28335276,130296877,121955973,95457936,668528,715,1,0
C018734,4952708,59432496,1506682,18080184,401291547,112401283,99094410,766598,750,0,0
C018735,3947712,47372544,2662097,31945164,408686397,34471222,27509464,137038,753,0,0
C018736,2218627,26623524,1325729,15908748,49366652,31243341,28816841,155314,796,0,0
C018737,3944650,47335800,2076878,24922536,211499923,54741668,45148620,228101,817,0,1
C018738,2647710,31772520,1062792,12753504,89679084,18451374,13309594,220391,757,0,0
C018739,6170118,74041416,4464310,53571720,343712473,50985095,47888007,153813,688,0,1
C018740,11732523,140790276,7060712,84728544,649937751,90390201,40822433,249216,740,0,0
C018741,5781386,69376632,3186756,38241072,862239336,89079936,44893500,617080,830,0,0
C018742,4545144,54541728,2713781,32565372,201379892,65766433,65766433,481085,740,0,0
C018743,2882941,34595292,1729969,20759628,122098113,64100645,52781950,387217,769,0,1
C018744,5937260,71247120,3322788,39873456,76365785,28358078,26712681,661615,769,0,0
C018745,1807405,21688860,1005870,12070440,33779523,32393441,25254586,220403,727,0,0
C018746,2790696,33488352,1710921,20531052,149917718,19050470,19050470,229171,841,0,0
C018747,4957033,59484396,3253289,39039468,77732541,125372274,96733082,956718,695,1,0
C018748,3578093,42937116,1008897,12106764,199734560,30361256,26053196,266663,844,1,0
C018749,3183169,38198028,2089179,25070148,77923519,32061582,32061582,468107,826,0,0
C018750,3352587,40231044,2085655,25027860,382825795,26352750,13904769,110392,887,0,0
C018751,4642970,55715640,2752930,33035160,272095376,82204623,59818245,448161,764,0,0
C018752,4034213,48410556,2302190,27626280,79361390,105514476,91549332,664207,765,0,0
C018753,4322832,51873984,1951911,23422932,125967818,66247988,41621448,438622,766,0,0
C018754,6000107,72001284,4299941,51599292,281209223,136443191,89968129,985088,747,0,0
C018755,4278643,51343716,1138175,13658100,718203649,45057204,14140245,372019,844,0,0
C018756,2663276,31959312,1471680,17660160,78733789,27634425,22156026,333770,764,1,0
C018757,3140444,37685328,2077025,24924300,83436073,37304473,30996101,314764,739,1,0
C018758,3862559,46350708,2660460,31925520,70872360,29967136,23427255,77251,807,1,0
C018759,4229019,50748228,2668457,32021484,91079551,27245943,23548024,332886,742,0,0
C018760,2171795,26061540,1350788,16209456,32873510,27351154,20556159,228447,758,0,0
C018761,4477740,53732880,2573396,30880752,450979137,65723353,65723353,505860,793,0,0
C018762,6224237,74690844,2345839,28150068,80183631,49305074,49305074,374342,846,0,0
C018763,5526660,66319920,5006145,60073740,258790676,68384489,49390435,436871,834,0,0
C018764,8013200,96158400,4153514,49842168,373111863,69479586,34735245,578557,769,0,0
C018765,2133128,25597536,859153,10309836,59940818,18412963,8978779,50000,765,0,0
C018766,8140013,97680156,5027717,60332604,214898223,146016888,96496646,752861,819,0,0
C018767,2916837,35002044,1578212,18938544,186707874,86661018,70085109,641079,688,0,1
C018768,3960170,47522040,2999829,35997948,296577419,42878504,24417273,507824,734,0,0
C018769,4788422,57461064,3679542,44154504,166632351,81505789,74594667,637889,778,0,1
C018770,4000781,48009372,1778561,21342732,672131208,57211520,57211520,584840,787,0,0
C018771,5616360,67396320,5132196,61586352,190557615,23877065,23877065,335930,737,0,0
C018772,3930857,47170284,1942744,23312928,166146404,39015849,19482385,85957,930,0,0
C018773,5050774,60609288,2482570,29790840,344586090,119727281,99067481,943195,755,0,0
C018774,2484091,29809092,1637496,19649952,141618052,52655691,49498700,234955,796,0,0
C018775,4242329,50907948,2820545,33846540,308817387,67588366,56338309,706322,710,0,0
C018776,2732412,32788944,1716452,20597424,148192448,42862500,31512813,406556,696,1,0
C018777,5726098,68713176,2213118,26557416,184993027,47453192,45830837,372425,758,0,0
C018778,3616839,43402068,2275495,27305940,557234454,75789013,62646657,382984,738,0,0
C018779,6232182,74786184,4077658,48931896,172564298,93123575,93123575,512458,735,0,0
C018780,3661184,43934208,2317672,27812064,585189287,76376224,76376224,551543,734,0,0
C018781,5101029,61212348,2746213,32954556,127836096,35844468,19966351,207584,766,1,0
C018782,6117624,73411488,4542460,54509520,693377860,60243992,39170659,382372,716,0,0
C018783,3492877,41914524,1532056,18384672,74855993,21658920,15170906,142705,746,0,0
C018784,7956062,95472744,3319030,39828360,239204700,47632645,39620775,764356,775,0,0
C018785,7574694,90896328,6042902,72514824,224057240,64327284,46843007,386983,854,0,0
C018786,4209053,50508636,2727681,32732172,404247315,116181701,93175813,511350,743,0,0
C018787,3125567,37506804,1339998,16079976,512420559,35861799,26535332,274709,744,2,0
C018788,3976897,47722764,1971389,23656668,326810984,22074265,22074265,203676,782,0,0
C018789,5292353,63508236,3186336,38236032,197722938,36025112,36025112,597192,874,0,0
C018790,1800000,21600000,1140369,13684428,43566407,16862960,7854583,121898,821,0,0
C018791,4466717,53600604,3373829,40485948,243487655,96967987,78468493,1002006,716,0,0
C018792,5130678,61568136,3502552,42030624,160722534,103903410,83808017,1125769,755,0,0
C018793,5478814,65745768,4067120,48805440,438961288,105364460,105364460,876671,740,0,0
C018794,6941822,83301864,5464613,65575356,396974793,124569043,100740740,826464,660,0,1
C018795,7223975,86687700,2460929,29531148,99125407,51238655,51238655,599240,723,0,0
C018796,6901559,82818708,3851404,46216848,161692630,108257182,87821714,337382,723,1,0
C018797,7043160,84517920,6279208,75350496,934560008,93185137,53096955,667281,853,0,0
C018798,1800000,21600000,1085400,13024800,30202167,40378577,39260599,227048,809,0,0
C018799,7406358,88876296,5844087,70129044,170029471,178720043,145043656,1116873,608,1,1
C018800,4007980,48095760,2266415,27196980,258283456,9865126,9865126,141922,860,0,0
C018801,5174363,62092356,3383333,40599996,869292984,90846271,90433391,824234,724,0,0
C018802,4234837,50818044,2125623,25507476,79746077,52120088,36418542,411740,851,0,0
C018803,1800000,21600000,1123181,13478172,173727289,9531248,7334281,91389,782,0,0
C018804,4916994,59003928,2748128,32977536,392920484,73605175,64080907,583741,773,0,0
C018805,6377854,76534248,4539340,54472080,268971388,89610529,59344119,817283,752,0,0
C018806,4662659,55951908,3209488,38513856,541385648,51665212,26345206,484654,818,0,0
C018807,4424111,53089332,1444813,17337756,227618336,54463197,54463197,639700,859,0,0
C018808,1800000,21600000,1021082,12252984,78198069,15929357,10928441,142628,770,0,0
C018809,12000000,144000000,7845306,94143672,268923439,626672771,611659237,3236141,801,1,0
C018810,4679423,56153076,4208571,50502852,146533239,82941713,66665185,463194,692,0,1
C018811,3981378,47776536,2491790,29901480,327618920,80539517,64273519,742580,822,0,0
C018812,3053500,36642000,2100971,25211652,92265422,41908839,28818069,340485,815,0,1
C018813,5556558,66678696,3589131,43069572,38716016,234920621,234920621,1386414,748,0,0
C018814,3696893,44362716,1842631,22111572,425993449,45388421,45388421,259461,724,0,0
C018815,6784235,81410820,3484444,41813328,69763728,75263090,51799808,380672,780,0,0
C018816,4225547,50706564,4104363,49252356,635325630,19261830,12944353,84511,755,0,0
C018817,3531247,42374964,2828785,33945420,91360745,50547434,50547434,332748,741,0,0
C018818,5096064,61152768,2530561,30366732,538564433,97273437,95506926,829687,813,0,0
C018819,2647013,31764156,951435,11417220,67570590,29248741,24595358,251939,824,0,0
C018820,2805631,33667572,2003597,24043164,90168895,24609035,12116115,227320,737,0,0
C018821,4060816,48729792,2152270,25827240,419302572,115827541,82594419,874448,673,0,0
C018822,5165219,61982628,4617688,55412256,204586860,85798482,71384194,635969,782,0,0
C018823,3518075,42216900,2478014,29736168,211459949,131853854,118021821,917551,701,0,1
C018824,4245440,50945280,1418632,17023584,270516471,18172441,18172441,291534,835,0,0
C018825,3429713,41156556,1249298,14991576,346693479,65177982,57745817,499425,848,0,0
C018826,2836681,34040172,1814731,21776772,145622439,14145960,10341872,205628,693,0,0
C018827,5224424,62693088,3661525,43938300,97557887,134504751,74452403,757438,689,1,0
C018828,2046007,24552084,599185,7190220,37696497,16794599,16794599,356245,830,0,0
C018829,10725868,128710416,6560779,78729348,719270862,115608188,96410414,1116164,788,1,0
C018830,3389421,40673052,2473918,29687016,126877810,13830096,7576817,67788,740,1,0
C018831,2534877,30418524,1415429,16985148,197323807,69838870,68378413,478637,921,0,0
C018832,2544691,30536292,1917979,23015748,95919820,20316737,11137034,251019,822,0,0
C018833,6483420,77801040,4203649,50443788,778288290,83861322,37731427,904675,811,0,0
C018834,3053790,36645480,2362808,28353696,267032737,40288690,34633142,288543,794,0,0
C018835,3859887,46318644,2709575,32514900,559657660,106534364,101579162,949140,722,0,0
C018836,1800000,21600000,974558,11694696,212156193,34074571,22314561,173629,839,0,0
C018837,3036705,36440460,2756584,33079008,84918259,36363324,34288971,531815,668,0,1
C018838,5029676,60356112,2072273,24867276,331998628,71827835,45381472,475853,723,0,0
C018839,6945450,83345400,4793567,57522804,472782525,159323761,126885318,379899,781,0,1
C018840,2108248,25298976,872586,10471032,67534249,13701363,13701363,50000,769,1,0
C018841,3104875,37258500,2198449,26381388,162079045,36462408,21990851,214200,857,0,0
C018842,5604513,67254156,2913173,34958076,227331872,64481569,64481569,901061,831,0,0
C018843,2146701,25760412,1185869,14230428,160377997,39187939,25478094,245744,759,0,0
C018844,7228698,86744376,4015689,48188268,284194098,31736853,18342812,360512,777,0,0
C018845,3543159,42517908,2485397,29824764,163320811,104493662,102944486,736784,718,0,0
C018846,8782652,105391824,2691370,32296440,518209717,89312371,69268367,997872,836,0,0
C018847,7596572,91158864,4068087,48817044,1064331331,116601513,97123825,685497,890,0,0
C018848,3695376,44344512,2420628,29047536,130899437,21134191,14708261,321175,871,0,0
C018849,7666990,92003880,3948694,47384328,298309123,117330600,83550412,671609,765,0,0
C018850,5391200,64694400,3656282,43875384,152969680,55730111,30349364,685638,823,0,0
C018851,3234630,38815560,1821237,21854844,180216384,19677460,16820914,267122,859,0,0
C018852,5928111,71137332,3008904,36106848,94763067,44732654,23160581,740898,805,0,0
C018853,3238255,38859060,1505582,18066984,174917779,27317793,15433562,320719,856,0,0
C018854,2566792,30801504,1159811,13917732,50729212,31380565,17600337,231152,750,0,0
C018855,3624610,43495320,2215517,26586204,104773423,11008906,11008906,126581,758,0,0
C018856,3428281,41139372,1525072,18300864,152751867,19398554,15994016,192497,811,0,0
C018857,9902543,118830516,6000260,72003120,100700675,87581890,87581890,875720,754,0,0
C018858,3338642,40063704,3003262,36039144,322414287,40905474,33982528,584836,674,1,1
C018859,2251565,27018780,1360077,16320924,138424121,24279190,19481055,209012,759,0,1
C018860,3089707,37076484,1503402,18040824,118018081,34620112,34620112,155010,798,0,0
C018861,5096489,61157868,3744447,44933364,426272368,106316777,63402521,828546,691,2,1
C018862,3743231,44918772,1635965,19631580,136265565,92566867,76953814,686182,824,0,0
C018863,1800000,21600000,1049171,12590052,47964418,14038149,10012989,171361,753,0,0
C018864,3103290,37239480,2300712,27608544,228974820,72239076,48948076,330973,786,0,0
C018865,3389341,40672092,1574713,18896556,141645776,30085021,16696867,219634,880,0,0
C018866,5455233,65462796,3797943,45575316,162815327,62313800,54920424,669940,800,0,1
C018867,3199409,38392908,2428825,29145900,181494517,51867915,30618423,439092,636,1,0
C018868,3461214,41534568,1746866,20962392,134719229,49338624,40494554,423945,773,0,0
C018869,8114172,97370064,4274431,51293172,331849742,72209340,72209340,1068732,861,0,0
C018870,2269358,27232296,1540482,18485784,129188114,25566735,9195033,99545,919,0,0
C018871,4397138,52765656,2598841,31186092,172694079,59075857,34999788,317905,806,0,0
C018872,4350834,52210008,2548429,30581148,59737891,65289955,44013922,726094,684,0,0
C018873,3727847,44734164,2617428,31409136,232365219,30353330,23009887,271674,765,0,0
C018874,2409986,28919832,974420,11693040,21068996,11952504,11952504,202844,810,0,0
C018875,2458712,29504544,1927555,23130660,132935451,43453259,39220882,368655,621,0,0
C018876,3185885,38230620,978939,11747268,187279951,24394718,24394718,297950,813,0,0
C018877,1859661,22315932,1409785,16917420,157486820,41439131,34279601,313091,702,0,1
C018878,4053539,48642468,2605105,31261260,299147041,65187398,36064699,383594,847,0,0
C018879,1998164,23977968,1142470,13709640,43859384,31670575,26098728,164810,682,0,0
C018880,4417366,53008392,2420681,29048172,95194279,56094441,25861915,290863,763,0,0
C018881,6782975,81395700,3197263,38367156,304193523,37269964,34419427,235999,728,0,0
C018882,4124741,49496892,2828792,33945504,202304040,33499657,25624240,328212,888,0,0
C018883,3430466,41165592,2177344,26128128,180350193,68200761,52377981,361438,765,0,0
C018884,5948254,71379048,4007809,48093708,173400359,102424379,62998690,821472,683,0,0
C018885,3268363,39220356,1660774,19929288,120576404,28878374,21890682,364369,781,0,0
C018886,3937495,47249940,2448483,29381796,55383062,54436382,36839770,276913,849,0,0
C018887,4751755,57021060,2630144,31561728,70509491,26061766,26061766,248133,752,0,0
C018888,1855289,22263468,1063953,12767436,67469492,32356845,22646602,169763,667,0,0
C018889,4046696,48560352,2969034,35628408,192050931,88145007,65512908,624773,733,0,0
C018890,3012398,36148776,1170320,14043840,376522984,25521942,24980389,176436,844,0,0
C018891,4135992,49631904,2260660,27127920,89935690,132006200,120607469,809684,762,0,0
C018892,3307625,39691500,1886861,22642332,71627051,81163964,65912505,504518,731,0,0
C018893,6914204,82970448,4089834,49078008,223813125,172435557,155069180,1655196,694,0,0
C018894,7653354,91840248,2446171,29354052,249938365,54365117,53270010,730979,710,0,0
C018895,6761212,81134544,3232160,38785920,192647467,132684904,119912641,1224287,736,1,0
C018896,4990945,59891340,2591529,31098348,187774451,12138737,11215833,225422,872,0,0
C018897,3431283,41175396,2582158,30985896,48053212,72483487,64448071,502136,653,0,1
C018898,1800000,21600000,1073606,12883272,46669509,18044815,15158664,121535,731,1,0
C018899,4552366,54628392,2356866,28282392,764797488,33103125,30338735,562184,729,0,0
C018900,4776511,57318132,3204056,38448672,44540331,58352497,31834219,282772,839,0,0
C018901,2731323,32775876,2251073,27012876,72419095,38867291,16410070,149712,767,0,0
C018902,5653648,67843776,3115340,37384080,146228765,38763625,38763625,399436,787,0,0
C018903,5461095,65533140,4007541,48090492,114564886,100203610,74635208,552554,805,0,0
C018904,5675831,68109972,3096374,37156488,63219492,122166642,120143015,855910,780,1,0
C018905,5567732,66812784,3088876,37066512,37953169,97294135,92481672,392085,788,0,1
C018906,6351752,76221024,3941594,47299128,125634909,85523496,83822302,1043119,830,0,0
C018907,9943732,119324784,3945847,47350164,338711713,86857085,85790757,831994,791,0,0
C018908,7517877,90214524,4002045,48024540,779556483,61263985,29488972,299108,814,0,0
C018909,6526144,78313728,4087113,49045356,616886873,109463347,101192407,734222,745,0,0
C018910,6868203,82418436,4249101,50989212,327105627,86210382,38773791,490159,868,0,0
C018911,3068894,36826728,1659262,19911144,43577067,30776933,14821178,61378,761,0,1
C018912,3684761,44217132,2510083,30120996,270937026,29896652,11892767,235937,800,0,0
C018913,4539764,54477168,2925526,35106312,234216240,19950835,19950835,373922,759,0,0
C018914,4194764,50337168,2461125,29533500,265805150,12357186,7942699,395719,846,0,0
C018915,4044314,48531768,2099335,25192020,72199148,35614260,35614260,80886,835,0,0
C018916,3459885,41518620,2179034,26148408,193411633,20566169,18649808,70126,797,1,0
C018917,5898474,70781688,4715223,56582676,496083266,73996063,39118211,690230,644,1,0
C018918,3531142,42373704,1901376,22816512,101659568,37586909,16687680,316580,750,0,0
C018919,4197365,50368380,2607974,31295688,424459873,94057251,76393314,493828,699,0,0
C018920,4903393,58840716,2073391,24880692,211981854,32518517,32518517,241518,748,0,0
C018921,6918001,83016012,3452658,41431896,877989980,282198614,267710037,1944263,716,0,1
C018922,2226566,26718792,1386295,16635540,56816466,50405096,42135749,274361,824,0,0
C018923,1800000,21600000,839381,10072572,55607119,46244820,45996571,341560,813,0,0
C018924,2267405,27208860,1367496,16409952,34110995,32027650,32027650,292404,770,0,0
C018925,6507051,78084612,4707891,56494692,200168054,137784482,98236047,570480,720,1,0
C018926,2751483,33017796,1642143,19705716,112900244,47726720,47726720,371576,786,0,0
C018927,4408330,52899960,2391107,28693284,159058293,55135414,32024669,557208,878,0,0
C018928,3006028,36072336,1861559,22338708,54088140,21224277,14589341,181413,845,0,0
C018929,4458243,53498916,3080787,36969444,264372152,64104817,58697586,487463,709,0,0
C018930,9504554,114054648,5829646,69955752,321727937,160778087,145948856,1397500,726,0,0
C018931,3076638,36919656,1494987,17939844,125706514,74924679,63325240,607685,801,0,0
C018932,4206009,50472108,2930899,35170788,140828721,40793213,32692711,266714,895,0,0
C018933,4835957,58031484,2577225,30926700,196726756,134091697,118472210,1034914,625,0,0
C018934,3687707,44252484,1553729,18644748,197838812,173263949,149816747,1246277,678,0,0
C018935,3102676,37232112,2055229,24662748,138326201,44275692,15662522,355968,752,0,0
C018936,2937760,35253120,1739405,20872860,98684150,43744373,31999539,199863,888,0,0
C018937,4634602,55615224,2396480,28757760,120684152,103838309,81543662,745975,724,0,0
C018938,2563976,30767712,1941369,23296428,85184598,24294629,20433802,224885,784,0,0
C018939,7355661,88267932,4663286,55959432,108560939,76301110,63593308,437707,811,0,0
C018940,1840253,22083036,1017423,12209076,31582121,13057316,13057316,50000,907,0,0
C018941,3680436,44165232,2381721,28580652,153096954,41625437,33153150,500344,803,1,0
C018942,5499600,65995200,3969228,47630736,402239711,147752136,137879512,1043042,786,0,0
C018943,4950909,59410908,3815104,45781248,166101575,71283184,58394240,754640,742,0,0
C018944,1800000,21600000,1344212,16130544,82884599,17884525,13380613,87658,827,0,0
C018945,7552844,90634128,3206709,38480508,158754707,57630356,54687751,401296,787,0,1
C018946,2866850,34402200,1889181,22670172,48238814,12388558,12388558,296300,695,0,0
C018947,3767056,45204672,2732901,32794812,312908585,34854057,34854057,347804,796,0,0
C018948,6595926,79151112,3380682,40568184,138024622,30947225,30947225,673874,811,0,0
C018949,2373355,28480260,1305394,15664728,116875116,22600951,15716437,286803,779,0,0
C018950,5930773,71169276,4278068,51336816,187691877,153877443,153877443,796006,753,0,1
C018951,5807069,69684828,2496739,29960868,462691066,46803644,19180985,291762,799,0,0
C018952,4327769,51933228,3182067,38184804,82829725,69137015,43310614,394764,619,1,0
C018953,3622745,43472940,2464349,29572188,608621160,44661032,44661032,302802,772,0,0
C018954,7319930,87839160,4797286,57567432,1070519303,71876259,62930506,487506,808,0,0
C018955,6688037,80256444,4517453,54209436,328372397,94957547,57203475,616354,830,0,0
C018956,4078389,48940668,2404288,28851456,223125064,57361462,28553208,449021,736,0,1
C018957,4998586,59983032,4181558,50178696,594269662,26542980,11791373,319512,879,0,0
C018958,2610851,31330212,834693,10016316,40603726,21815102,15443105,454231,763,0,0
C018959,6324989,75899868,4605409,55264908,51988007,41096009,41096009,748049,824,0,0
C018960,2585565,31026780,1758817,21105804,434374920,14626536,3155697,89709,752,0,0
C018961,3671522,44058264,3370558,40446696,192605663,59708276,39287198,295309,649,0,0
C018962,4086020,49032240,2490780,29889360,134877608,64514722,63504002,432414,819,0,0
C018963,1844238,22130856,937798,11253576,42701673,22427537,16450312,218083,752,0,0
C018964,4882740,58592880,2370141,28441692,356669358,62916444,38346022,665649,672,0,0
C018965,5628469,67541628,3003023,36036276,629426928,62819693,28089582,611248,857,0,0
C018966,2539529,30474348,1177607,14131284,112532003,18878983,12516431,139199,819,0,0
C018967,3160840,37930080,2457087,29485044,106657980,38053832,23835252,306933,781,0,0
C018968,3530892,42370704,2387073,28644876,42292193,78860588,63875881,687957,696,0,1
C018969,2557284,30687408,1274265,15291180,40335710,46960543,35753114,314422,804,0,0
C018970,3878205,46538460,3044211,36530532,161921118,40804525,21541957,127230,735,0,0
C018971,6467911,77614932,4387485,52649820,375647226,140986258,134390974,1066261,707,0,0
C018972,5525672,66308064,3562363,42748356,354120866,41620502,32191791,545245,744,0,0
C018973,2919293,35031516,2083519,25002228,183134524,37878743,33845307,301267,778,0,0
C018974,3761646,45139752,1588278,19059336,85726675,55150625,39383975,511900,777,1,0
C018975,7308811,87705732,2314606,27775272,97799459,24993002,24993002,949117,829,0,0
C018976,3551812,42621744,1838494,22061928,115682440,20978687,20978687,258652,794,0,0
C018977,4195357,50344284,2624198,31490376,309035394,27292339,25437806,107462,773,0,0
C018978,2419735,29036820,1632020,19584240,131764781,76373091,76337343,618528,754,0,0
C018979,8371753,100461036,5159973,61919676,749548679,34316781,34316781,466355,901,0,0
C018980,3099623,37195476,1808381,21700572,191187735,28687804,14330241,136905,829,0,0
C018981,6324878,75898536,2266546,27198552,361541954,60556539,51518498,522111,708,0,0
C018982,4490656,53887872,2494191,29930292,165955316,25438350,25438350,652936,782,1,0
C018983,3910167,46922004,1915320,22983840,413571563,129680929,99565181,747039,761,0,0
C018984,9275571,111306852,7703327,92439924,301404822,115977662,54534010,1490137,754,0,0
C018985,5714514,68574168,3460437,41525244,378641951,50931486,50931486,358606,823,0,0
C018986,5765586,69187032,3767701,45212412,196715015,81245957,58993974,453701,844,0,0
C018987,4522561,54270732,3023437,36281244,147675986,53739146,22115297,444346,771,0,0
C018988,3271444,39257328,2874856,34498272,83144335,35131262,29313713,730024,561,3,1
C018989,3405383,40864596,2475707,29708484,228913975,36023365,6992451,191529,855,0,0
C018990,5783367,69400404,2901554,34818648,251550773,42934275,38452330,123840,772,0,0
C018991,5095356,61144272,2429210,29150520,136694839,18128562,18128562,101907,854,0,0
C018992,4689638,56275656,3032829,36393948,211511359,33884071,33884071,944334,822,0,0
C018993,8866506,106398072,4606115,55273380,213570333,125166812,102787107,487023,721,0,0
C018994,6906236,82874832,3842289,46107468,892101380,86855830,49766276,763674,808,0,0
C018995,4384013,52608156,1837353,22048236,644480934,43225168,35726044,488088,821,0,0
C018996,3615379,43384548,2393102,28717224,118521471,67138275,50291655,584318,681,1,0
C018997,4849396,58192752,2395128,28741536,118396627,35660773,25378188,235374,864,0,0
C018998,2817947,33815364,1418839,17026068,241793879,21515196,20782834,338744,841,0,0
C018999,3108671,37304052,1604284,19251408,69345459,6982360,6982360,62173,769,0,0
C019000,3693157,44317884,1803670,21644040,91342411,67033642,48852468,246456,780,0,0
C019001,4308391,51700692,2844614,34135368,174820701,56997532,39441976,495141,788,0,0
C019002,2808893,33706716,1695923,20351076,298288436,21968129,21968129,222087,793,0,0
C019003,4081788,48981456,2446686,29360232,167199007,28240096,20568813,81636,702,1,0
C019004,5111985,61343820,2596741,31160892,130207347,79039337,73533408,492377,730,0,0
C019005,2963497,35561964,1837832,22053984,122067636,39717075,25174393,240116,725,0,1
C019006,3132959,37595508,1347788,16173456,180779817,72207266,52919779,512471,757,0,0
C019007,2983210,35798520,1953029,23436348,105233267,21563171,7750275,259257,702,0,0
C019008,1933414,23200968,985340,11824080,324813552,15496956,15496956,258383,773,0,0
C019009,6491567,77898804,3425286,41103432,301217614,211346238,175233014,1597132,723,0,0
C019010,3869535,46434420,3046188,36554256,267489575,53382170,30065398,310781,658,0,0
C019011,3764514,45174168,2498038,29976456,412600078,51078887,39459427,285587,810,0,1
C019012,3381869,40582428,1908031,22896372,95842876,30563086,24953245,178940,796,0,0
C019013,2507171,30086052,1546449,18557388,296003473,25372663,25372663,371215,774,0,0
C019014,3916294,46995528,2463713,29564556,189809702,33896432,24443371,624178,817,0,0
C019015,5361530,64338360,4254603,51055236,143930518,36747535,25337334,428152,786,0,0
C019016,2923502,35082024,1457452,17489424,123918140,69177458,39617317,374616,710,0,0
C019017,3861596,46339152,2268172,27218064,145371553,59745790,44892862,631494,747,0,0
C019018,3629376,43552512,1698940,20387280,250234529,87009367,76018475,764805,755,0,0
C019019,5020988,60251856,2159958,25919496,220024089,87854937,46828115,535246,786,0,0
C019020,3176119,38113428,1568377,18820524,122252030,51552796,51552796,477991,795,0,0
C019021,3720376,44644512,1429842,17158104,182694769,41120929,26516628,141261,907,0,0
C019022,8413268,100959216,3983255,47799060,112696279,129503167,78327713,965681,883,0,0
C019023,6851001,82212012,3129555,37554660,173117841,81696121,64613395,411776,773,0,0
C019024,2543894,30526728,962313,11547756,42793059,20295769,10069583,383058,783,0,0
C019025,3200020,38400240,2121335,25456020,61836988,30553994,28643239,532540,737,0,0
C019026,4985130,59821560,3306334,39676008,179827618,77439090,61168687,488950,751,0,0
C019027,4977804,59733648,3694723,44336676,836271072,85217378,59619369,975416,745,1,0
C019028,6306684,75680208,3275031,39300372,83274213,81032956,76911819,697505,834,0,0
C019029,3851634,46219608,2279949,27359388,34121179,35582319,27266237,146007,801,0,0
C019030,2998544,35982528,1649464,19793568,152615983,22194843,21143701,321331,808,0,0
C019031,4229821,50757852,2594989,31139868,190693651,116920715,99734885,1070639,594,1,1
C019032,6175661,74107932,2617352,31408224,164145644,96606767,57150522,691924,831,0,0
C019033,4552615,54631380,2529780,30357360,128115047,17267133,8767166,91052,721,0,0
C019034,2301167,27614004,1553152,18637824,20032871,51493184,43738617,273875,746,0,0
C019035,3195549,38346588,1227387,14728644,138585261,27717534,13798244,159618,798,1,0
C019036,1800000,21600000,1197638,14371656,63536012,43457311,37354052,291722,744,1,0
C019037,4837672,58052064,2758932,33107184,152517967,29684283,24199694,197196,784,0,0
C019038,2601708,31220496,1646823,19761876,49979465,42194336,36832822,307607,781,0,0
C019039,1800000,21600000,1328382,15940584,58109391,19637993,16566288,237341,743,0,0
C019040,2905006,34860072,1825676,21908112,232345085,73801477,65131026,562079,858,0,0
C019041,2400191,28802292,1319508,15834096,227853456,34508407,16036499,105217,832,1,0
C019042,2741514,32898168,2300577,27606924,88925762,30376483,22250445,211664,810,0,0
C019043,3420397,41044764,2079660,24955920,82398777,43911860,33272674,189989,946,0,0
C019044,3303991,39647892,2240549,26886588,62269854,26715667,20735138,222913,725,0,0
C019045,1800000,21600000,1272720,15272640,38520763,27857812,16734988,196696,717,0,1
C019046,4766646,57199752,2904022,34848264,145404662,65546090,52131508,787822,791,0,0
C019047,3281484,39377808,2048377,24580524,175538539,27981217,20781502,126009,771,0,0
C019048,4526038,54312456,2204669,26456028,115702052,24296264,24296264,220539,817,0,0
C019049,4807924,57695088,4657839,55894068,403986443,34223609,27852702,393779,675,0,0
C019050,3080345,36964140,1441711,17300532,443330140,57447447,40861282,447588,789,1,0
C019051,4603247,55238964,3370352,40444224,46702712,104077996,99576266,854640,675,0,0
C019052,4348503,52182036,2210945,26531340,98021573,55132818,46256465,375278,752,0,0
C019053,2298298,27579576,981744,11780928,66384942,11648853,11648853,186888,850,0,0
C019054,2917355,35008260,2651411,31816932,57916792,35216444,17373530,219566,781,0,0
C019055,1961671,23540052,930789,11169468,17286892,39069131,29478983,307047,863,0,0
C019056,3403944,40847328,1966301,23595612,223924022,71267040,66182133,560539,859,0,0
C019057,2507297,30087564,1137202,13646424,88622624,29603759,29603759,179801,881,0,0
C019058,3772487,45269844,1859131,22309572,633777816,47500941,23331826,87068,822,0,0
C019059,3360701,40328412,2020958,24251496,189506943,29329768,25783483,221726,916,0,0
C019060,3651312,43815744,2351826,28221912,110311123,55943451,55943451,448572,774,1,0
C019061,4296905,51562860,1090201,13082412,70953911,35873784,33909702,346889,806,0,0
C019062,3163240,37958880,1227076,14724912,110148862,31174894,25101093,530061,858,0,0
C019063,2624842,31498104,1436692,17240304,285739551,22045297,15763081,242058,774,0,0
C019064,4047927,48575124,1870593,22447116,114505438,41698974,21789763,246681,783,0,0
C019065,4971246,59654952,4582024,54984288,495991099,90457947,68186216,653080,638,1,0
C019066,3129423,37553076,782356,9388272,197435379,39753984,29322200,379633,778,0,0
C019067,2938948,35267376,1744513,20934156,64977125,32197976,23127440,143107,785,1,0
C019068,7016175,84194100,2672209,32066508,324452086,59909147,44853330,469824,895,0,0
C019069,4709323,56511876,2735709,32828508,360824587,95729885,84172396,776327,712,0,1
C019070,3295315,39543780,1801720,21620640,96010396,32510007,25793756,376949,921,0,0
C019071,4912745,58952940,2431521,29178252,391172467,37978679,28744441,437512,874,0,0
C019072,3173734,38084808,2602765,31233180,79756559,41925020,30449919,133799,850,0,0
C019073,2737423,32849076,1496797,17961564,29690147,25224726,17037397,228943,810,0,0
C019074,3662817,43953804,2466011,29592132,157942975,42220690,31052814,373762,876,1,0
C019075,5287285,63447420,3146949,37763388,192144678,64464769,39788814,608121,837,0,0
C019076,8014067,96168804,3988565,47862780,1138341825,71604625,70291049,254296,875,0,0
C019077,7796921,93563052,4334312,52011744,579372015,35234107,35234107,508349,787,0,0
C019078,6575658,78907896,4082750,48993000,932507579,101097442,101097442,1128899,775,0,0
C019079,4363392,52360704,2743472,32921664,44397001,58594363,36730208,413165,814,0,0
C019080,3349425,40193100,1995543,23946516,468055452,137774962,115862562,928227,670,0,0
C019081,3350690,40208280,2916372,34996464,235752600,53715475,27824870,177707,694,0,0
C019082,2431574,29178888,2104367,25252404,83072510,23255253,18528384,338672,731,0,0
C019083,2811014,33732168,1855744,22268928,66281088,56181281,37049765,356822,733,0,0
C019084,2368144,28417728,1459249,17510988,78812069,37301570,37096512,283802,821,0,0
C019085,4581097,54973164,3430763,41169156,114432189,269778370,247379238,1671548,589,2,1
C019086,3789778,45477336,2698615,32383380,247271322,26569158,25471403,619531,685,1,0
C019087,4306874,51682488,3252553,39030636,235309938,24972108,24972108,157732,755,0,0
C019088,5420211,65042532,2591446,31097352,265157340,65054727,46102319,908745,715,0,0
C019089,9956954,119483448,4209572,50514864,1366400488,102670736,49209738,199139,796,0,0
C019090,5810712,69728544,2280698,27368376,341610856,173309483,149399523,1170307,734,0,0
C019091,3203904,38446848,2541214,30494568,175017225,35103555,19607456,419219,670,3,0
C019092,4561778,54741336,2620953,31451436,618649243,46947719,37992714,490485,692,0,0
C019093,2722196,32666352,1736139,20833668,388287958,76164264,76164264,408803,718,0,0
C019094,5687370,68248440,2742415,32908980,249668256,104234984,104234984,756937,858,0,0
C019095,7639754,91677048,4466106,53593272,475358670,173288739,154900100,1393903,740,0,0
C019096,5004400,60052800,3218735,38624820,323895018,82425154,58592929,697970,720,1,0
C019097,4219814,50637768,3092264,37107168,110705440,54805148,26300679,630337,746,0,1
C019098,6108474,73301688,3513984,42167808,209624320,13150089,13150089,122169,808,0,0
C019099,1800000,21600000,1129042,13548504,24156959,12074054,11316564,229276,732,1,0
C019100,3579833,42957996,1582472,18989664,432820766,76926564,50986256,606658,813,0,0
C019101,2376285,28515420,1701481,20417772,147732937,53720684,47651352,405937,824,0,0
C019102,3054074,36648888,2581551,30978612,182556987,72694446,60836814,594573,698,1,1
C019103,4248074,50976888,2560826,30729912,130672154,78202297,78202297,669894,769,0,0
C019104,6670931,80051172,4921233,59054796,166210600,215107751,189680713,1307917,660,0,1
C019105,1800000,21600000,1229494,14753928,59765274,22558647,10810081,80312,742,1,0
C019106,5107338,61288056,4518639,54223668,189511623,77761484,64135182,815465,746,0,0
C019107,4259074,51108888,2366729,28400748,275111404,94383873,88220990,782688,714,0,0
C019108,4600496,55205952,3694578,44334936,667476407,90411725,49563129,496017,758,0,0
C019109,2386307,28635684,1682941,20195292,108449128,26495989,24443949,217142,860,0,0
C019110,4664551,55974612,2332163,27985956,561747942,45317457,45317457,533105,762,1,0
C019111,4373812,52485744,2566984,30803808,186766670,41142970,37158538,275870,766,0,0
C019112,3105590,37267080,2179449,26153388,479453076,97832319,84173800,574294,654,0,0
C019113,3250250,39003000,2149950,25799400,139075720,14332503,14332503,202897,806,0,0
C019114,6436947,77243364,5224942,62699304,342790797,65186591,48196328,246697,719,0,0
C019115,5125904,61510848,3977164,47725968,476431148,99647881,99647881,942936,742,0,1
C019116,6194250,74331000,3465199,41582388,665751699,105780484,62518564,652087,697,0,0
C019117,3010031,36120372,1693909,20326908,228061729,39463200,39463200,357671,741,0,0
C019118,1861404,22336848,1515281,18183372,207609409,30987306,18474431,305391,680,0,0
C019119,3920771,47049252,1724252,20691024,77729133,27568271,15591199,187561,802,0,0
C019120,7299244,87590928,5738152,68857824,243567326,93982862,52372342,1377467,748,0,0
C019121,4014663,48175956,2035697,24428364,674463384,27048571,12617318,409878,721,0,0
C019122,3883970,46607640,2876638,34519656,77819403,142680971,126610105,1048458,726,0,1
C019123,10430239,125162868,4545153,54541836,1324380061,195748575,180377232,1861566,758,0,0
C019124,2853228,34238736,1951084,23413008,175992438,46524052,37533513,211503,833,0,0
C019125,3526957,42323484,2566584,30799008,160832720,24243721,24243721,264931,776,0,0
C019126,3962945,47555340,3063559,36762708,186612567,44754518,23001285,380883,737,0,0
C019127,4962086,59545032,2339925,28079100,172974645,45959859,28359423,333189,890,0,0
C019128,7977344,95728128,5591225,67094700,335618914,105467829,80650029,666749,741,0,0
C019129,6261580,75138960,4191442,50297304,501172413,27896135,27896135,125232,838,0,0
C019130,3474725,41696700,1896700,22760400,145635739,60731454,40210963,275645,766,0,0
C019131,5439355,65272260,4467618,53611416,259017520,50384497,39014283,198502,790,0,0
C019132,9275053,111300636,6225255,74703060,504549685,215238942,177532772,1500367,762,0,0
C019133,3512610,42151320,2031183,24374196,92007985,33050955,18804715,264459,790,0,0
C019134,6238332,74859984,3467021,41604252,65471448,60446991,60446991,1128199,867,0,0
C019135,7586006,91032072,4438990,53267880,1121294733,96595937,96595937,1217607,859,0,0
C019136,2875120,34501440,1808107,21697284,159407169,13169367,12467348,195344,809,0,0
C019137,8316888,99802656,4177293,50127516,594505412,79880867,69479617,381322,793,1,0
C019138,1800000,21600000,1178451,14141412,63325075,11664880,6316625,50000,721,0,0
C019139,2790748,33488976,2330447,27965364,66845194,22181018,20884724,415652,723,1,0
C019140,3604335,43252020,2496208,29954496,88507694,101882144,87382008,584925,783,1,0
C019141,7130488,85565856,3212929,38555148,248259188,109256919,104934133,769790,842,0,0
C019142,5227999,62735988,3637779,43653348,71996189,40221976,31964022,545288,778,0,0
C019143,2949278,35391336,2026283,24315396,68415294,43514525,29989504,348226,701,1,0
C019144,5002583,60030996,3012066,36144792,152351167,39105184,34365163,360135,820,0,0
C019145,2527375,30328500,1425800,17109600,119960649,34978243,26945277,112655,848,0,0
C019146,5480007,65760084,3647695,43772340,103017439,112223068,94762621,742000,732,0,0
C019147,2232139,26785668,1463689,17564268,81607797,29314829,26587595,177570,828,0,0
C019148,5437428,65249136,3083296,36999552,63777267,92965654,75739673,627252,882,0,0
C019149,4398153,52777836,2028787,24345444,162138780,59399322,33662687,825730,718,0,1
C019150,2935497,35225964,2246138,26953656,250822408,33886706,29663884,329007,925,0,0
C019151,2853808,34245696,1504176,18050112,46447682,9578313,9578313,124429,811,1,0
C019152,3447921,41375052,1611379,19336548,228100736,71919315,63379991,514505,837,0,0
C019153,2396921,28763052,1438644,17263728,73604147,98269266,98269266,518476,759,1,0
C019154,3240415,38884980,1799887,21598644,40217747,52215112,43555366,465319,755,1,0
C019155,3379209,40550508,1769153,21229836,128584817,53476736,53476736,469684,794,1,1
C019156,3152955,37835460,1978571,23742852,190132557,44658966,35978116,209172,696,0,0
C019157,6931237,83174844,3551528,42618336,173360483,67628361,59166155,463019,808,0,0
C019158,3880354,46564248,1760612,21127344,113869354,56090759,45331988,220640,752,0,0
C019159,2935005,35220060,1199863,14398356,139044793,54252492,39174456,334371,792,0,0
C019160,2662457,31949484,1569939,18839268,241131751,49019496,29068548,301950,850,0,0
C019161,3338306,40059672,2361862,28342344,309993250,45340913,39115834,566914,700,2,0
C019162,5412482,64949784,3815413,45784956,909296976,57769548,32453623,509031,772,0,0
C019163,3798491,45581892,2725148,32701776,132093837,21743956,21743956,454041,799,0,0
C019164,3251425,39017100,1773107,21277284,169639925,193575003,175576950,1298756,633,1,1
C019165,4339578,52074936,1981185,23774220,178499790,29045369,12227269,86792,950,0,0
C019166,4223024,50676288,2718541,32622492,151295344,14971851,13353833,262318,682,0,0
C019167,4434250,53211000,2611003,31332036,361258482,121872902,121872902,1105419,777,0,0
C019168,3263207,39158484,1862478,22349736,107838965,45556052,28899409,212207,685,0,0
C019169,4453549,53442588,3639140,43669680,70284182,54712940,44248051,402596,767,0,0
C019170,4260858,51130296,2616386,31396632,120638547,91925690,73396770,520011,614,1,0
C019171,3436142,41233704,2549422,30593064,154850758,57422423,42657405,510748,677,0,0
C019172,3633326,43599912,1972309,23667708,610398768,31329360,24588899,270419,899,0,0
C019173,6294973,75539676,3828051,45936612,59963321,28333193,28333193,125899,887,0,0
C019174,5129052,61548624,2847637,34171644,556635485,81378303,53064538,700053,806,0,0
C019175,2701343,32416116,935055,11220660,69094667,32545299,20960406,54027,730,1,0
C019176,3830651,45967812,1698334,20380008,158187091,43351569,26502415,265947,765,0,0
C019177,10027489,120329868,4847087,58165044,513958616,91083497,51718508,200550,804,0,0
C019178,3491866,41902392,1162512,13950144,260736276,37701544,32720914,537260,779,0,0
C019179,3469509,41634108,2089865,25078380,298151583,75101537,64523509,476624,871,0,0
C019180,2227345,26728140,1364774,16377288,34555851,21374100,21374100,131490,758,0,0
C019181,2913803,34965636,2326576,27918912,230201415,43641333,43641333,298158,755,1,0
C019182,4430506,53166072,2909346,34912152,43273698,41849758,35490800,466956,724,1,0
C019183,2899543,34794516,1308736,15704832,215635626,29962292,26626877,254770,686,1,1
C019184,4936464,59237568,2291811,27501732,264501477,25264399,25264399,228217,886,0,0
C019185,5137161,61645932,2919105,35029260,214304461,66660261,59529142,763021,835,0,0
C019186,5253311,63039732,3689786,44277432,361775843,58415547,46312118,702876,750,0,0
C019187,11263960,135167520,6314279,75771348,1173924251,121183107,92204491,777229,791,0,0
C019188,2693413,32320956,1244406,14932872,107962872,30113688,18777059,237732,780,0,0
C019189,5508966,66107592,2765609,33187308,142392729,222053407,219514875,1668289,718,0,0
C019190,4225341,50704092,1923721,23084652,137306551,42571799,42571799,593287,791,0,0
C019191,3813648,45763776,1596141,19153692,163935976,53058391,33846341,495164,704,0,0
C019192,4034815,48417780,2761849,33142188,137885591,165393532,155087538,1227594,776,0,0
C019193,2759902,33118824,1912018,22944216,105818391,88793879,74390040,574834,771,0,0
C019194,4007996,48095952,2989281,35871372,103299795,43882966,43882966,191761,766,0,0
C019195,2757317,33087804,2239072,26868864,146868499,23827660,22274641,358384,742,0,0
C019196,6294683,75536196,2961502,35538024,361263579,79235674,38839362,610688,823,0,0
C019197,2536863,30442356,1408331,16899972,70873608,9912091,7951471,178309,784,0,0
C019198,3857040,46284480,2060999,24731988,80259552,25382847,23723043,431762,834,0,0
C019199,3180177,38162124,1591937,19103244,266740994,54399120,32829152,389803,707,0,0
C019200,4982546,59790552,3298401,39580812,131832459,105486521,101049864,1012343,757,1,0
C019201,4032366,48388392,1559256,18711072,172504088,25217633,19163916,382855,742,0,0
C019202,3041898,36502776,1239218,14870616,316694310,16150281,9052314,119341,931,0,0
C019203,3237086,38845032,1855617,22267404,63889813,59622723,45665443,309291,827,0,0
C019204,2043520,24522240,1328337,15940044,63176108,57787637,43952005,297405,766,1,0
C019205,3379323,40551876,1214702,14576424,410211570,68615204,68615204,465657,773,0,0
C019206,3230156,38761872,2396848,28762176,96553626,45841596,35962520,383027,801,0,0
C019207,3258326,39099912,1495882,17950584,124600728,25530531,14552019,253713,856,0,0
C019208,2511264,30135168,1512830,18153960,51712149,16562408,16562408,155918,805,0,0
C019209,3377336,40528032,1439098,17269176,516732042,118730177,117405924,929657,765,0,0
C019210,2553129,30637548,2033424,24401088,16232025,48260961,38621227,398657,759,0,0
C019211,10001213,120014556,4938507,59262084,128884094,82532990,43739184,662205,776,0,0
C019212,2913576,34962912,1566419,18797028,80626791,78505980,78505980,595055,801,0,0
C019213,3764098,45169176,2276694,27320328,79041461,27340055,21247611,78971,908,0,0
C019214,3637117,43645404,1925115,23101380,97891496,62922162,46388516,426774,685,0,0
C019215,2443674,29324088,1155405,13864860,141131329,27123658,27123658,171577,819,1,0
C019216,9002206,108026472,8212037,98544444,772057553,217919892,194574996,1427291,705,0,0
C019217,3756594,45079128,2588662,31063944,440082644,41796798,30657550,303299,719,0,0
C019218,6535774,78429288,3505325,42063900,74588408,114171277,113304037,1198660,802,0,0
C019219,6341537,76098444,2635478,31625736,308077168,73955781,73955781,842025,779,0,0
C019220,4597577,55170924,2128593,25543116,335142763,27937136,9998078,283894,877,0,0
C019221,2167441,26009292,1455944,17471328,49509083,55787850,46954637,412279,677,0,0
C019222,4258178,51098136,1714163,20569956,210618919,57632939,38712907,453678,815,0,0
C019223,3888658,46663896,2603633,31243596,124213900,87591110,47698338,367118,734,0,0
C019224,8353922,100247064,4594682,55136184,671421817,202089806,133549444,933823,760,0,1
C019225,5458157,65497884,2074676,24896112,342340788,92226662,85189503,761281,801,0,0
C019226,6540234,78482808,3480400,41764800,152763818,102204277,76528918,744589,925,0,0
C019227,5122767,61473204,3334664,40015968,492272669,165580219,134245789,1103586,780,0,0
C019228,1800000,21600000,1185396,14224752,106344156,21438617,11638272,241519,724,0,0
C019229,5905729,70868748,2678302,32139624,145767980,62408480,33615854,189414,866,0,0
C019230,2618206,31418472,1910031,22920372,43785441,31951693,29191732,95570,725,0,0
C019231,3269122,39229464,2477402,29728824,88792360,54935909,54935909,413504,856,0,0
C019232,1891773,22701276,833688,10004256,122730049,86402608,77450697,597741,750,0,1
C019233,3127077,37524924,1463139,17557668,288954727,48093018,42425583,434115,787,0,0
C019234,4619412,55432944,1529677,18356124,471200367,75338931,48759308,155313,950,0,0
C019235,3311040,39732480,1509482,18113784,118644600,81311050,56767897,537560,594,1,0
C019236,5411542,64938504,2903066,34836792,228496523,39639369,22707703,159115,859,0,0
C019237,1998958,23987496,1137668,13652016,54382161,27660031,19588773,105064,803,0,0
C019238,5060269,60723228,1799179,21590148,100127792,44875107,31779556,448293,841,0,0
C019239,2862994,34355928,1487387,17848644,369198652,25184353,15342625,133686,802,0,0
C019240,3427390,41128680,1185474,14225688,128670499,124310708,114627450,829994,675,1,1
C019241,8921113,107053356,5031320,60375840,262801605,31800384,16377096,178422,813,0,0
C019242,5646267,67755204,3044570,36534840,232912409,110351232,102551951,779918,745,1,0
C019243,3781761,45381132,1927990,23135880,555825644,35415720,26016003,363037,849,0,0
C019244,2555702,30668424,1559481,18713772,55473320,87735808,62216035,651588,661,1,1
C019245,3303679,39644148,1643846,19726152,148464348,152568738,133768524,851060,709,0,0
C019246,5708922,68507064,3902373,46828476,180294537,29563240,16174039,489579,837,0,0
C019247,3739611,44875332,2918553,35022636,406517310,42839491,20952798,236377,651,0,0
C019248,2910573,34926876,1971626,23659512,117726703,96630947,96630947,896494,645,2,0
C019249,6041063,72492756,2703360,32440320,296556435,79536166,60381748,673228,802,0,0
C019250,3416221,40994652,2324522,27894264,72477703,37722782,37722782,400355,781,0,0
C019251,3716359,44596308,2727266,32727192,172933439,42900170,42900170,386732,758,1,0
C019252,4839611,58075332,3182192,38186304,335351587,59547385,40039039,371915,815,2,0
C019253,2133876,25606512,1194350,14332200,94401872,40310184,30718833,226267,815,1,0
C019254,5327901,63934812,2959347,35512164,351364486,46051378,32419657,106558,780,0,1
C019255,4004540,48054480,3181734,38180808,370025134,66297621,52285796,695685,732,1,0
C019256,8104636,97255632,4071799,48861588,1002927863,87426046,52565758,819555,843,0,0
C019257,4868446,58421352,2957049,35484588,264595192,27564911,10405525,97369,809,0,0
C019258,4460010,53520120,2620247,31442964,322683263,82237022,82237022,828659,813,0,0
C019259,3447635,41371620,2121184,25454208,406126417,34039518,15992196,228229,950,0,0
C019260,5391720,64700640,3020060,36240720,180463011,68703423,41914472,519878,757,0,0
C019261,6286126,75433512,3902743,46832916,287461167,107076390,95990921,723031,839,0,0
C019262,4464472,53573664,2856679,34280148,63409253,247812109,237940309,1587037,689,3,1
C019263,4821807,57861684,3120526,37446312,442235134,73934160,44183379,334252,869,0,0
C019264,4546212,54554544,2599922,31199064,210318672,34732804,25804123,90924,785,0,0
C019265,3954320,47451840,2394632,28735584,20687870,34845223,22710305,399410,794,0,0
C019266,2794611,33535332,1937025,23244300,191896908,16327825,4573349,277743,716,0,0
C019267,4516631,54199572,3260949,39131388,133487558,58500327,37157420,715676,703,0,0
C019268,1923407,23080884,1383664,16603968,65453780,58224873,58224873,437216,751,0,0
C019269,4447707,53372484,2763710,33164520,63351626,15779528,15779528,88954,791,0,0
C019270,6564271,78771252,2213515,26562180,510412456,62316330,62316330,541953,799,0,1
C019271,2597685,31172220,1344765,16137180,69176410,40330472,30837874,363885,711,0,0
C019272,7919235,95030820,5565436,66785232,213188874,101073411,73386129,711921,669,0,0
C019273,3750796,45009552,2854365,34252380,104382136,29320811,13822635,368972,843,0,0
C019274,2115198,25382376,1007818,12093816,163714054,48053022,32607683,235352,826,0,0
C019275,2373310,28479720,1379541,16554492,252155931,11625430,11112615,220698,838,0,0
C019276,4213149,50557788,2436067,29232804,312308545,107913359,85362175,439810,730,0,0
C019277,2294677,27536124,1844667,22136004,108751918,19767225,9169715,101569,776,0,0
C019278,3004830,36057960,1930180,23162160,90315327,36903293,18580986,240852,746,0,0
C019279,4107348,49288176,3334780,40017360,420539280,48794241,38335380,253374,824,0,0
C019280,1800000,21600000,695224,8342688,26963032,17099856,12913353,169111,776,1,0
C019281,3678847,44146164,2125587,25507044,138847170,40536436,22233059,344024,769,1,0
C019282,4471966,53663592,2069810,24837720,138045390,84171510,84171510,538809,805,0,0
C019283,4578987,54947844,3651806,43821672,302915435,27406364,21734150,225128,806,0,0
C019284,8077624,96931488,3484079,41808948,104248957,41745724,41745724,943365,779,0,0
C019285,2788364,33460368,1417549,17010588,86300765,31600755,22608091,357221,810,1,0
C019286,4631786,55581432,1917912,23014944,376914309,139105222,116262273,854947,930,0,0
C019287,4514330,54171960,3271661,39259932,681462816,49018111,41464607,424971,812,0,0
C019288,6123141,73477692,3089936,37079232,86059204,97209638,81729459,638896,860,0,0
C019289,3761598,45139176,2438033,29256396,77178513,43126729,35108610,331683,711,0,0
C019290,6294871,75538452,2640854,31690248,530845644,109554391,89017854,594666,769,0,0
C019291,3043718,36524616,761645,9139740,35292601,9341037,9341037,353533,812,0,0
C019292,3614442,43373304,1633556,19602672,263108495,34284172,29604036,278985,759,0,0
C019293,3875858,46510296,2382869,28594428,61938231,177971616,163196581,1137640,721,0,1
C019294,3893167,46718004,1881780,22581360,115137817,76460081,75924986,620149,716,0,0
C019295,7723549,92682588,2726395,32716740,844966856,87463295,85032291,817875,916,0,0
C019296,2651946,31823352,1643480,19721760,85249013,41955611,34054077,261700,782,0,0
C019297,2176658,26119896,1311831,15741972,49285722,17460007,17460007,255745,732,0,0
C019298,7497734,89972808,4433869,53206428,192055594,409485752,404877636,2513010,635,1,0
C019299,5023090,60277080,2204421,26453052,295776962,85940505,85940505,552029,781,0,0
C019300,6715614,80587368,2768666,33223992,219570439,109867866,105983709,1276482,766,0,0
C019301,4366811,52401732,2155277,25863324,83988361,71037619,54831396,651296,709,1,0
C019302,10606369,127276428,6823559,81882708,406338916,105781578,83773351,1273699,859,0,0
C019303,2748601,32983212,1030911,12370932,95837389,75853568,67168253,532243,754,0,0
C019304,3105523,37266276,1568455,18821460,16779656,34150914,15036388,385296,803,0,0
C019305,4029841,48358092,2788311,33459732,40559644,68377959,38312523,413674,799,1,0
C019306,2596782,31161384,1638849,19666188,115401158,40460223,28966292,368046,768,0,0
C019307,3779117,45349404,2178674,26144088,74161328,17246012,14149177,190996,832,0,0
C019308,3916953,47003436,2770954,33251448,55036231,43981303,32736397,304811,758,0,0
C019309,5746882,68962584,3378309,40539708,374024483,57597199,33810076,510021,761,0,1
C019310,3633631,43603572,1417154,17005848,420417178,56173624,27823966,272769,823,0,0
C019311,6939351,83272212,4602316,55227792,331810816,54430705,34028062,798680,798,0,0
C019312,5474226,65690712,2467624,29611488,155860157,51963196,50499455,447204,708,0,0
C019313,3998204,47978448,2278675,27344100,55056023,27922757,6888609,414186,833,0,0
C019314,3662786,43953432,2246290,26955480,203566968,29300319,26806215,433227,761,0,0
C019315,3724041,44688492,3216451,38597412,181627241,54808775,35513316,106368,754,0,0
C019316,5663476,67961712,3229772,38757264,162361729,111774100,111599355,939075,833,0,0
C019317,7046331,84555972,3453221,41438652,306229905,38019556,38019556,334611,880,0,0
C019318,2946239,35354868,1764215,21170580,32207050,104587752,88173562,798108,763,0,0
C019319,1800000,21600000,675402,8104824,96299219,16251308,8362187,50000,807,0,0
C019320,9206050,110472600,4917631,59011572,222605648,103336099,83146651,1135128,699,1,0
C019321,3673556,44082672,3031654,36379848,66993057,87703467,63766125,756994,716,0,1
C019322,3669100,44029200,2115975,25391700,52442318,65045558,49151127,548883,950,0,0
C019323,6533805,78405660,4331625,51979500,473537753,46860956,44094125,390865,825,0,0
C019324,2997288,35967456,1522000,18264000,113986701,37886027,29182001,315154,797,0,0
C019325,4927682,59132184,2458010,29496120,104372122,105920501,82124379,771029,802,0,0
C019326,2384802,28617624,1150272,13803264,85838416,47393278,31889818,471398,777,0,0
C019327,5725620,68707440,3461989,41543868,158818590,82904135,43666507,342703,742,0,1
C019328,7502514,90030168,6665454,79985448,553600333,70546594,16349717,150050,703,0,0
C019329,2648109,31777308,1729061,20748732,444882312,57877459,46245962,486633,775,0,0
C019330,2596543,31158516,1836928,22043136,258455233,29798649,27329538,429715,823,0,0
C019331,3983228,47798736,1838810,22065720,502757625,136315162,123815427,960513,698,0,0
C019332,4219223,50630676,2997008,35964096,107515369,63585617,42972956,273374,706,0,1
C019333,5354712,64256544,2967989,35615868,899591616,87653187,87653187,777141,758,0,0
C019334,2956120,35473440,1923134,23077608,75052568,28010663,28010663,349857,818,0,0
C019335,5277226,63326712,3722737,44672844,141400250,59323925,59323925,770549,765,1,0
C019336,4309041,51708492,2814844,33778128,126474866,35742168,16093295,125816,824,0,0
C019337,3826583,45918996,1635551,19626612,209451592,75532675,55593337,235662,778,0,0
C019338,3148819,37785828,1529761,18357132,245936052,35318990,5914668,186740,796,0,0
C019339,4948237,59378844,3535576,42426912,141087245,19997942,13940011,98965,820,0,0
C019340,2997378,35968536,2100326,25203912,42556481,47391732,38747162,441491,723,0,0
C019341,3861722,46340664,2340924,28091088,213135928,36810983,29524463,272637,776,0,0
C019342,7770802,93249624,3492718,41912616,226611596,126350232,115615195,1220316,768,1,0
C019343,5288320,63459840,1763915,21166980,192918913,76127439,76127439,669904,770,0,0
C019344,3816468,45797616,2753622,33043464,103741331,115164793,99440354,846310,670,0,0
C019345,4590244,55082928,2714635,32575620,237869892,47499873,36055732,467982,757,0,0
C019346,4092390,49108680,2459462,29513544,287910586,27385695,27196801,175479,825,0,0
C019347,2016868,24202416,1222130,14665560,62565445,57100743,47580707,410190,751,0,0
C019348,4497575,53970900,2587719,31052628,132153646,70829293,59679892,393785,759,0,0
C019349,3491636,41899632,2284837,27418044,84366553,81253429,57869928,545178,718,1,0
C019350,5627546,67530552,3424258,41091096,140443163,35768318,33808962,339058,851,0,0
C019351,2353420,28241040,1587965,19055580,389180514,69665640,67526858,493885,816,0,0
C019352,3405940,40871280,1915241,22982892,223807443,38031180,38031180,249447,772,1,0
C019353,6750683,81008196,3222129,38665548,42297827,46486833,35562115,247239,729,0,0
C019354,4296966,51563592,3020116,36241392,57496678,142333803,125448022,825642,619,2,0
C019355,5678946,68147352,3933577,47202924,46113106,109608608,73676464,501332,810,0,0
C019356,3465759,41589108,866440,10397280,72751516,93310914,93310914,749003,778,0,0
C019357,2098399,25180788,1224481,14693772,77377975,59036655,47871012,359051,792,0,0
C019358,2836614,34039368,2577595,30931140,294584969,35572377,29377586,264933,725,0,0
C019359,3144355,37732260,1908742,22904904,45445345,15591255,14625650,225207,800,0,0
C019360,4609010,55308120,3686087,44233044,449592886,87221653,71245089,742164,685,1,1
C019361,2366440,28397280,1484262,17811144,73665166,12539771,5574778,50000,762,0,0
C019362,3307480,39689760,2414732,28976784,316273303,34579737,16175417,236505,887,1,0
C019363,11214005,134568060,6000872,72010464,450758869,175399710,175399710,1118474,795,0,0
C019364,3079651,36955812,1421807,17061684,77206453,34852576,30332607,119527,774,0,0
C019365,5461823,65541876,4517888,54214656,119907632,54701914,45808955,382515,652,0,0
C019366,4736431,56837172,2321965,27863580,302597392,73608158,54792134,582248,767,0,0
C019367,2750149,33001788,2151347,25816164,63902715,68922555,63083495,498745,726,0,1
C019368,4667520,56010240,2301112,27613344,67019933,71837475,68063527,349250,789,0,1
C019369,4908040,58896480,3382686,40592232,261574564,57203293,37184327,572693,642,1,0
C019370,4854656,58255872,2006796,24081552,307479962,69013939,67481956,265592,801,0,0
C019371,3351059,40212708,2203389,26440668,342534783,52495484,42583260,507879,693,0,1
C019372,2512770,30153240,2085305,25023660,95690152,23988088,16292203,164467,773,0,1
C019373,8125757,97509084,4438190,53258280,225211352,149243033,149243033,1366289,781,0,0
C019374,4057754,48693048,3183359,38200308,159400470,34269541,18345998,81155,782,0,0
C019375,2986809,35841708,1479429,17753148,96801603,46462197,40039417,290604,855,1,0
C019376,4865346,58384152,3568121,42817452,242271273,36150910,15353555,236437,875,0,0
C019377,5392756,64713072,3422868,41074416,163762119,28903730,24350962,394945,733,0,0
C019378,6521289,78255468,4005026,48060312,843326452,83379263,56745314,519933,757,1,1
C019379,5231744,62780928,5161791,61941492,88632909,76157350,31795882,674659,664,0,1
C019380,5455199,65462388,2933203,35198436,319559194,52856789,50777866,761677,815,0,0
C019381,4647208,55766496,2169233,26030796,198102598,63950296,45760609,365356,865,0,0
C019382,2413343,28960116,1567103,18805236,116169254,77198641,61233123,371553,745,0,1
C019383,4893093,58717116,3015688,36188256,58668642,99605704,83911963,827419,781,0,0
C019384,4445467,53345604,2163213,25958556,130234956,50763389,34924714,293326,673,0,0
C019385,3451586,41419032,2635933,31631196,184220786,43899284,36477963,370229,734,0,0
C019386,4898866,58786392,2940021,35280252,213082020,51711188,49296087,482049,741,0,0
C019387,6187723,74252676,3976605,47719260,177589524,28299557,11861513,123754,884,0,0
C019388,3874700,46496400,2345262,28143144,367861515,58694654,49545166,676763,809,0,0
C019389,4706648,56479776,2689000,32268000,360308508,74096454,60819317,504230,758,0,0
C019390,3619456,43433472,2530473,30365676,272367020,44332932,44332932,524637,807,0,1
C019391,4309216,51710592,2632541,31590492,723948288,30669371,17487437,243486,844,0,0
C019392,2571587,30859044,1650807,19809684,172654020,14660606,13059935,120634,785,0,0
C019393,3735742,44828904,1687214,20246568,160428744,24458396,20511664,106177,839,0,0
C019394,5395531,64746372,1697525,20370300,144750950,45882196,33247297,626935,793,0,0
C019395,3016780,36201360,1408280,16899360,103413185,30279003,29754502,242938,769,0,0
C019396,4400494,52805928,1249149,14989788,129802875,62016692,41337844,350364,695,1,0
C019397,5572651,66871812,2432386,29188632,121956873,80451844,53978948,557698,770,0,0
C019398,4760297,57123564,1716687,20600244,136810984,35722401,16142458,523447,744,0,0
C019399,4663185,55958220,3040946,36491352,184428550,43389332,24336044,471541,860,0,0
C019400,4473379,53680548,2552477,30629724,164648923,56883251,26797544,425075,839,0,0
C019401,7572655,90871860,2672007,32064084,378666393,105206293,102951699,950744,763,0,0
C019402,8719318,104631816,6551764,78621168,224054186,126226821,118222555,846683,707,0,0
C019403,2704827,32457924,2447079,29364948,185626626,22040233,12858318,300375,712,0,0
C019404,2311255,27735060,1021572,12258864,69022914,23188942,15168425,50000,856,0,0
C019405,3846422,46157064,2240008,26880096,80514473,61761212,51731285,425609,853,0,0
C019406,3978682,47744184,2903046,34836552,511807789,70296600,68346447,498259,751,0,0
C019407,3331915,39982980,1600247,19202964,111793957,51300307,32590991,364460,913,0,0
C019408,2878526,34542312,1338887,16066644,234995411,40977699,40977699,279197,834,0,0
C019409,2228314,26739768,1816515,21798180,78415528,46062499,39733557,410291,729,1,1
C019410,3540322,42483864,1449962,17399544,119777890,54729775,39144334,430429,779,0,0
C019411,5557063,66684756,2707641,32491692,555149932,113649152,94238179,740198,740,1,0
C019412,4582368,54988416,1943935,23327220,119967531,62356585,51737521,311282,753,0,0
C019413,2421898,29062776,2099669,25196028,118446895,71375537,55573368,590853,630,2,0
C019414,4720384,56644608,2658678,31904136,131546560,34321314,26348283,298984,838,0,0
C019415,3732276,44787312,2596232,31154784,77404262,40124793,30016636,533133,833,0,0
C019416,2678542,32142504,1522702,18272424,183102334,40785420,30900535,267181,816,0,0
C019417,7204046,86448552,2842582,34110984,321504899,107890713,65096802,481081,835,0,0
C019418,3638001,43656012,2478999,29747988,233890089,45463167,31161413,393532,755,0,0
C019419,5130721,61568652,3600683,43208196,53091204,144460450,139905314,934806,680,0,0
C019420,6310100,75721200,2225242,26702904,1060096800,35427973,26138214,322483,732,0,0
C019421,6951802,83421624,4253909,51046908,1167902736,91177578,64647692,356369,692,1,1
C019422,1969252,23631024,1215747,14588964,25009706,20601492,9474301,243924,739,1,0
C019423,5783384,69400608,2589973,31079676,691162920,95122908,66782738,924183,786,1,0
C019424,4164083,49968996,2619570,31434840,124756563,56658762,44452171,563352,651,2,1
C019425,3503298,42039576,1984383,23812596,133434392,32636492,21866544,353868,862,0,0
C019426,1828171,21938052,1462845,17554140,72341858,43764665,38612765,301932,684,0,1
C019427,6165916,73990992,3104267,37251204,296219591,67944103,42668317,551496,821,0,0
C019428,6667613,80011356,3050039,36600468,787738669,130929898,130929898,1080843,812,1,0
C019429,1800000,21600000,1231642,14779704,63541938,30244362,30170745,273991,749,0,0
C019430,4180940,50171280,2899787,34797444,182059510,82522238,82522238,689109,780,1,0
C019431,5012933,60155196,2271490,27257880,143892499,156547809,121265492,910033,681,0,0
C019432,5100012,61200144,2678942,32147304,596829436,76929966,52992578,469396,700,0,0
C019433,3124083,37488996,2162010,25944120,145818278,24970813,17374329,354636,716,0,0
C019434,4479307,53751684,3536274,42435288,200706598,46431178,30421342,825126,669,0,1
C019435,2486295,29835540,1724174,20690088,62025076,105512258,104703970,663749,713,0,0
C019436,5936492,71237904,3723146,44677752,604387059,98574215,89605741,606730,818,0,0
C019437,6157511,73890132,3359672,40316064,372940082,109549772,74382235,631014,837,0,0
C019438,3149430,37793160,1574770,18897240,66793338,26420155,26420155,508577,833,0,0
C019439,1999616,23995392,678478,8141736,161196493,21021785,13555636,129143,820,0,0
C019440,2056686,24680232,1245792,14949504,22241856,31126244,28165869,197977,789,0,0
C019441,3594640,43135680,1968164,23617968,49928230,41693886,41693886,341254,805,0,0
C019442,2542517,30510204,1667919,20015028,142166282,78214623,71588641,421768,731,0,0
C019443,3128140,37537680,2051947,24623364,117743793,57009060,48809522,228540,749,0,0
C019444,4778190,57338280,2783619,33403428,279033698,71300568,62409182,795558,744,0,0
C019445,2138940,25667280,1253757,15045084,51141027,33658606,20156089,171598,756,0,0
C019446,3626455,43517460,1831794,21981528,144591061,23430400,12783045,72529,931,0,0
C019447,2261687,27140244,1478531,17742372,71993408,11044188,11044188,173675,804,0,0
C019448,4082413,48988956,3549929,42599148,207509546,26826993,26826993,438850,679,0,0
C019449,4850559,58206708,3979821,47757852,230520116,66309126,41842927,697564,741,0,0
C019450,3218513,38622156,1787130,21445560,398489833,33569769,26234894,319656,796,0,0
C019451,2594578,31134936,1407193,16886316,56432090,74455394,74455394,512260,787,0,0
C019452,3131861,37582332,2083318,24999816,43971816,83057733,67015900,653787,663,0,0
C019453,4255144,51061728,3219850,38638200,87941210,235814869,229777776,1464854,683,0,1
C019454,4285196,51422352,2406372,28876464,103452908,71734970,71734970,661418,800,0,0
C019455,4543635,54523620,2902267,34827204,294426066,71213385,59073308,384969,868,0,0
C019456,3593690,43124280,2123605,25483260,112596258,36217448,21415824,292298,829,0,0
C019457,3666507,43998084,1758313,21099756,109556613,117385945,94922807,825935,688,0,0
C019458,4824546,57894552,3256183,39074196,810523728,56484307,36075770,283714,851,0,0
C019459,12000000,144000000,5370489,64445868,135969104,284304499,234072708,2095023,741,0,0
C019460,3547779,42573348,2547553,30570636,159983689,49112162,38590364,379511,682,0,1
C019461,3610771,43329252,3107585,37291020,178495672,13204276,13204276,331298,710,0,0
C019462,3210998,38531976,1542423,18509076,118002794,49963387,49963387,393926,886,0,0
C019463,4194486,50333832,3068154,36817848,88594646,52314584,50048924,325250,854,0,0
C019464,3987437,47849244,1554266,18651192,613459830,152684064,116818737,837249,765,0,1
C019465,3373576,40482912,1723258,20679096,51430390,86094580,67096642,768200,779,0,0
C019466,5092646,61111752,3945715,47348580,106822218,79083798,50419740,612415,696,0,0
C019467,2941307,35295684,2124698,25496376,107272465,45426206,37024222,590282,673,0,0
C019468,8168387,98020644,3494968,41939616,532982854,80442776,45315715,605988,862,0,0
C019469,2286194,27434328,1225126,14701512,188959861,35878848,26601583,215480,899,0,0
C019470,5348122,64177464,3305132,39661584,195851439,186535487,174490069,849900,825,0,0
C019471,2854032,34248384,1535587,18427044,56602799,50546985,50546985,331053,824,0,0
C019472,8889614,106675368,5652745,67832940,635814059,149905252,149905252,1459293,757,0,0
C019473,5746016,68952192,3486357,41836284,948962641,43363729,15118842,800289,824,0,0
C019474,3888753,46665036,1868715,22424580,109992194,88706623,73419566,625762,770,0,1
C019475,2186711,26240532,1331939,15983268,182675424,36034482,29689606,207526,811,0,1
C019476,2368166,28417992,1463030,17556360,44462303,60479125,54418599,475596,821,0,0
C019477,7172276,86067312,3865731,46388772,324670526,28612219,22048196,374931,861,0,0
C019478,2814296,33771552,1617259,19407108,84827021,41162630,40972838,371388,725,0,0
C019479,3971780,47661360,2267801,27213612,60966704,210699414,201429811,1594807,751,0,1
C019480,8039891,96478692,4873918,58487016,159268387,120074045,116638191,561882,841,1,0
C019481,3512211,42146532,2587517,31050204,590051448,30371307,14880840,228212,769,0,0
C019482,3061754,36741048,1514156,18169872,29944667,35877420,19119148,128825,802,0,0
C019483,6459020,77508240,3353775,40245300,871582324,63948144,12855288,548433,813,0,0
C019484,5959799,71517588,2205311,26463732,84086962,120679807,78323806,690465,823,0,0
C019485,6395571,76746852,3070770,36849240,155866917,89156455,50850436,463802,792,0,0
C019486,3222005,38664060,1737368,20848416,204846920,60363683,52926677,474855,780,0,0
C019487,2532116,30385392,1694527,20334324,41338720,28397102,21618965,263109,795,0,0
C019488,4224276,50691312,3228719,38744628,128262218,45573600,33634637,486620,772,0,0
C019489,4511219,54134628,3851344,46216128,157077301,143848486,134723746,842382,732,0,1
C019490,2713381,32560572,2085669,25028028,63715588,17781607,3398570,216413,769,0,0
C019491,6053781,72645372,4229578,50754936,423519283,115949610,87027999,858256,710,0,0
C019492,2851505,34218060,2041624,24499488,282084410,27544514,22285830,269877,744,0,0
C019493,3479401,41752812,2224774,26697288,84517399,48683838,33084555,145924,773,0,1
C019494,4219505,50634060,1275273,15303276,271997399,42189648,12239017,245009,860,0,0
C019495,2574561,30894732,1329857,15958284,116593149,21519289,21519289,319165,802,0,0
C019496,4852963,58235556,2589874,31078488,362838645,62928315,62928315,771318,740,1,0
C019497,3678515,44142180,2182007,26184084,405293762,38920454,28003877,218149,765,0,0
C019498,3944462,47333544,2913821,34965852,265233542,37675610,19627047,158800,818,0,0
C019499,2712751,32553012,1765320,21183840,101008289,29011087,22806809,286316,792,0,0
C019500,3019224,36230688,1092618,13111416,107255391,23703229,20988966,217842,795,0,0
C019501,12000000,144000000,4896596,58759152,1392774858,275329811,208658775,743472,802,1,0
C019502,5640697,67688364,2583303,30999636,99042713,102044618,83226691,662600,816,0,0
C019503,1800000,21600000,1258348,15100176,207985192,8173966,6301216,51628,765,0,0
C019504,8356816,100281792,2300361,27604332,203932483,10880382,10880382,325156,914,0,0
C019505,4761253,57135036,1794724,21536688,598005558,84439897,64778739,371265,848,0,0
C019506,3814634,45775608,2558660,30703920,104252620,66693933,62523626,614331,757,0,0
C019507,2858398,34300776,1838478,22061736,223536345,29437305,20469148,286411,771,0,1
C019508,9633305,115599660,4314414,51772968,437369508,122937947,95931651,1745427,748,0,0
C019509,2705295,32463540,1441906,17302872,28891083,21104200,21104200,342013,776,0,0
C019510,4770289,57243468,2912267,34947204,141692805,16613344,15483852,257985,797,0,0
C019511,2693929,32327148,1358176,16298112,35005845,18404146,18404146,165253,833,1,0
C019512,2541687,30500244,1519104,18229248,240247909,23022696,23022696,335594,829,0,0
C019513,3805303,45663636,2876581,34518972,490399086,18039335,18039335,166002,874,0,0
C019514,2725738,32708856,1878246,22538952,190525194,97536105,82272282,601992,783,0,0
C019515,5002630,60031560,2957276,35487312,226061095,37888975,33163678,283671,718,0,0
C019516,6597214,79166568,3891158,46693896,113064376,144759275,108826235,716619,702,0,0
C019517,3530399,42364788,2221742,26660904,83161078,94658312,83783853,552540,741,0,1
C019518,3314084,39769008,2030816,24369792,57441694,29250336,23591609,378470,737,0,0
C019519,3100110,37201320,1839869,22078428,73638452,57497828,46164389,539405,882,0,0
C019520,5153408,61840896,2822840,33874080,364490372,43823910,31512141,342713,807,0,0
C019521,3715548,44586576,2238248,26858976,146702458,27858630,19853130,353692,663,0,0
C019522,1800000,21600000,1208152,14497824,155248677,25513753,25513753,128773,827,0,0
C019523,2698169,32378028,1161222,13934664,154106622,23514466,16950616,160918,826,0,0
C019524,3542450,42509400,1885173,22622076,211911545,78141971,62062404,316370,705,0,0
C019525,5401756,64821072,3831825,45981900,368405018,57181771,14567084,279221,792,0,0
C019526,3523895,42286740,1661095,19933140,62698079,98979961,79104375,468368,786,0,0
C019527,4906527,58878324,3885328,46623936,494633986,50656541,35586603,320916,775,0,0
C019528,3763923,45167076,2100694,25208328,157875787,29964498,16074781,134780,893,0,0
C019529,5250576,63006912,1407345,16888140,439571541,46874431,42460845,217635,907,0,0
C019530,2408924,28907088,1165285,13983420,41800699,19047012,10940853,106029,857,0,0
C019531,4404696,52856352,2732839,32794068,335694924,31750237,31750237,295018,801,0,0
C019532,2653698,31844376,1585175,19022100,89240634,48926796,40626716,175959,686,0,0
C019533,5390772,64689264,4673246,56078952,223490424,72693095,53822624,585517,722,2,0
C019534,3165996,37991952,1846980,22163760,13093908,26664259,13639235,299080,800,0,0
C019535,4330917,51971004,2460834,29530008,174588433,89680447,78905033,961987,860,0,1
C019536,3436081,41232972,1902760,22833120,74402654,32707600,32707600,158778,853,0,0
C019537,4558450,54701400,2401077,28812924,346981473,55773862,51602650,133165,811,0,0
C019538,10003431,120041172,5443300,65319600,1256022698,124550882,122117475,1038962,751,0,0
C019539,4392235,52706820,2696892,32362704,64712584,13476204,13476204,310138,777,0,0
C019540,4757255,57087060,3116159,37393908,170910144,173870528,148029348,997384,698,1,0
C019541,3492068,41904816,2271035,27252420,434053811,34043831,24484707,479938,865,0,0
C019542,4265628,51187536,2334337,28012044,611688349,49100787,31558051,353020,832,0,0
C019543,4337550,52050600,2194068,26328816,111139097,28498464,28498464,190240,823,0,0
C019544,6640397,79684764,2689120,32269440,400133242,81113885,47293242,415167,847,0,0
C019545,2475182,29702184,1112086,13345032,79701762,16579362,11758911,302469,830,0,0
C019546,4358753,52305036,3052252,36627024,142008711,27721708,27721708,283831,817,0,0
C019547,9109381,109312572,5071177,60854124,392123197,140374190,100281782,1499409,795,0,0
C019548,1800000,21600000,788676,9464112,54501486,39691552,29550621,192089,790,0,0
C019549,4021144,48253728,2059177,24710124,97093336,141010605,135134530,868264,842,0,0
C019550,4002590,48031080,2544606,30535272,245501085,80480048,71449561,291479,765,0,0
C019551,2682081,32184972,1345157,16141884,98961225,87273300,68983141,565645,731,0,0
C019552,4804801,57657612,2146484,25757808,190528746,51087378,47130034,424647,823,0,0
C019553,4354738,52256856,3025341,36304092,731595984,19094096,19094096,257848,806,0,0
C019554,3725354,44704248,1926680,23120160,196697936,88704716,88704716,808943,701,1,0
C019555,3354918,40259016,2020351,24244212,96031008,59724760,38739180,601384,831,0,0
C019556,3628283,43539396,1426352,17116224,149829545,84203916,54654691,505943,771,0,0
C019557,5904297,70851564,1497802,17973624,880390049,70682279,62076971,758079,741,0,0
C019558,5724957,68699484,1746587,20959044,318476489,226224530,226224530,1622125,771,0,0
C019559,5343074,64116888,1733597,20803164,313779865,101122861,90574724,1036264,752,0,0
C019560,6761809,81141708,4625142,55501704,721513786,103584926,73164065,611242,678,0,0
C019561,3655504,43866048,2920612,35047344,159076769,83056854,78098539,773503,686,0,0
C019562,6481274,77775288,4781601,57379212,89949577,118283497,116015381,1371691,606,0,0
C019563,4154871,49858452,1935774,23229288,275918160,117433772,87164056,758131,738,0,0
C019564,2368144,28417728,1094811,13137732,145356903,44576109,40292569,413266,764,0,1
C019565,5207266,62487192,3303723,39644676,164534266,130332631,113439656,1241697,621,0,1
C019566,3415222,40982664,3154979,37859748,73139468,59556890,48849619,377458,855,0,0
C019567,6857382,82288584,5002154,60025848,64787479,33643387,33643387,635727,756,0,0
C019568,3128038,37536456,2190849,26290188,477505512,32091522,32091522,269160,708,0,0
C019569,2071443,24857316,894661,10735932,309774628,31508450,26147918,191586,749,1,0
C019570,2541749,30500988,1867064,22404768,78282129,25658458,21699539,293802,801,0,0
C019571,10930612,131167344,7252779,87033348,344637659,230543722,187413721,1629040,885,0,0
C019572,5010147,60121764,2696057,32352684,127051534,114091078,83183689,828556,753,0,0
C019573,4842470,58109640,3095191,37142292,319816078,26992241,26992241,443535,809,0,0
C019574,3900035,46800420,2827960,33935520,220745867,96007130,84567782,776122,701,0,0
C019575,3535632,42427584,2629399,31552788,140880590,67281869,51706652,293333,665,0,0
C019576,3883901,46606812,2592123,31105476,132349327,26604030,18691705,211541,821,0,0
C019577,2631762,31581144,1357721,16292652,150034014,13250847,11457234,139935,825,1,0
C019578,4666393,55996716,3323738,39884856,190676637,93589819,71846825,484626,746,0,0
C019579,5230361,62764332,3405701,40868412,212617027,170050182,162169576,1106225,810,0,0
C019580,3949485,47393820,2011767,24141204,43679053,22739323,22739323,453058,764,0,0
C019581,4342601,52111212,1529790,18357480,80668042,25094250,14261224,235535,736,0,0
C019582,3644964,43739568,1702496,20429952,37156537,16013892,16013892,72899,866,0,0
C019583,2946200,35354400,1333525,16002300,114740708,25450109,11866518,208890,856,0,0
C019584,7157598,85891176,3511832,42141984,469784064,40962279,33780565,143152,876,0,0
C019585,2490411,29884932,1469571,17634852,295551008,19643468,10398396,52485,797,0,0
C019586,4019768,48237216,2768886,33226632,139543936,27701873,11020291,110123,713,0,0
C019587,9638813,115665756,3805757,45669084,414769563,51767395,33061752,593581,850,0,0
C019588,1983580,23802960,1009386,12112632,17380939,10355567,7784096,118386,789,0,0
C019589,2037794,24453528,1487712,17852544,43813212,8475842,4510370,50000,746,1,0
C019590,3065510,36786120,1936716,23240592,515005680,74666035,67895538,564899,776,0,1
C019591,5195741,62348892,4371337,52456044,119369040,91158306,91158306,883677,663,0,0
C019592,2594588,31135056,1499956,17999472,73256055,36869526,22097054,314338,776,0,0
C019593,5605034,67260408,2192745,26312940,133155419,64104087,64104087,1079184,785,1,0
C019594,4438391,53260692,3117813,37413756,140859393,66398310,66391650,598774,715,1,0
C019595,4481468,53777616,4028310,48339720,157354958,63205520,54346175,719226,803,0,0
C019596,2950415,35404980,1958857,23506284,108586646,37947401,14604115,430681,826,0,0
C019597,1848693,22184316,1423001,17076012,67105336,36453904,24331742,143952,784,0,1
C019598,3606225,43274700,3225310,38703720,105771720,52821753,25641255,315193,792,0,1
C019599,2967240,35606880,1752007,21024084,85548274,55896488,54891066,289700,810,0,0
C019600,4790492,57485904,1454307,17451684,466244211,58028110,58028110,459001,895,0,0
C019601,3676361,44116332,2558168,30698016,158710937,42740169,20818841,171882,766,0,0
C019602,5008723,60104676,2248209,26978508,93784611,107677854,100793832,1045405,886,0,0
C019603,3227155,38725860,1159994,13919928,56943773,41387179,26098024,247095,752,0,0
C019604,3505262,42063144,2025474,24305688,131323503,50587250,34033229,400039,721,0,0
C019605,5234125,62809500,2865807,34389684,228049013,105697903,98296724,733208,829,0,0
C019606,8272574,99270888,5867667,70412004,759844157,100630880,96993587,1633815,678,2,0
C019607,9023117,108277404,4966954,59603448,164583448,105324850,67518837,205998,789,0,0
C019608,3801681,45620172,2031841,24382092,116824848,96974872,96974872,795487,721,0,0
C019609,3264726,39176712,1772501,21270012,204973369,42667996,28554511,306709,739,0,0
C019610,3053680,36644160,1620992,19451904,353995947,17545023,12534477,339284,793,0,0
C019611,2048731,24584772,1148167,13778004,82781989,23050900,23050900,238274,755,0,0
C019612,4130214,49562568,1816071,21792852,315993788,28158633,13641668,118974,749,0,0
C019613,1800000,21600000,690389,8284668,218176099,8398215,6261265,117104,845,0,0
C019614,2368847,28426164,1539849,18478188,38658453,25402294,17786461,246815,784,0,0
C019615,5208251,62499012,3536501,42438012,417187325,83859973,83859973,487391,752,0,0
C019616,3282859,39394308,2320784,27849408,115371892,37455677,24507450,269116,842,1,0
C019617,3545782,42549384,1581625,18979500,351919379,45724932,18355905,148731,813,0,0
C019618,5067333,60807996,4515162,54181944,459686072,41481125,41481125,330019,692,0,0
C019619,2853705,34244460,1321215,15854580,267102193,47314871,34452103,175534,804,1,0
C019620,4815939,57791268,2790858,33490296,365130862,72164867,56089193,736349,819,2,0
C019621,4206441,50477292,1779736,21356832,94261699,39850729,21563474,250583,744,1,0
C019622,2323704,27884448,1395710,16748520,127722166,35137100,22912213,387193,704,0,1
C019623,9019576,108234912,7357403,88288836,456525975,91775542,91775542,1521067,806,0,0
C019624,5498934,65987208,2766085,33193020,332930665,134621752,101151984,615649,712,1,0
C019625,7591365,91096380,2211562,26538744,262601350,302499020,299102235,1993893,744,0,0
C019626,7230230,86762760,4266680,51200160,272317410,69831889,38872442,530434,835,0,0
C019627,7147197,85766364,3579496,42953952,1200729096,112002232,105986688,587169,818,0,0
C019628,5394147,64729764,2897627,34771524,98684464,137702484,98684787,992694,701,0,1
C019629,3205295,38463540,1982502,23790024,95101001,46661615,30131569,233567,708,0,0
C019630,2912082,34944984,1739729,20876748,24748772,23752698,12862496,88845,790,1,0
C019631,3801695,45620340,2104771,25257252,390601424,60065727,46802878,410392,802,0,0
C019632,7423102,89077224,5102125,61225500,385671829,89512037,35447123,655305,694,0,0
C019633,1986833,23841996,1249983,14999796,89010457,29953799,23561048,314540,793,1,0
C019634,3173071,38076852,1651402,19816824,303305255,18208309,11914921,186077,900,0,0
C019635,4103812,49245744,2654316,31851792,89157225,41188225,26694995,132882,850,0,0
C019636,4681673,56180076,3156205,37874460,122764516,79688319,79470507,754080,742,0,0
C019637,5190179,62282148,3709302,44511624,171064190,42740205,29450905,654856,695,0,1
C019638,3139656,37675872,1522266,18267192,186800898,24458954,24458954,402439,863,0,0
C019639,3133729,37604748,2152835,25834020,74123878,27895702,13089870,284450,854,0,0
C019640,2492641,29911692,1185721,14228652,225505052,35315999,33298840,207887,783,0,0
C019641,5021628,60259536,2710825,32529900,389179611,63055680,53636331,507055,778,1,0
C019642,3781159,45373908,2457313,29487756,185558231,50916996,50916996,622137,776,0,0
C019643,4154305,49851660,2687109,32245308,182491601,88108053,69726103,417388,771,0,0
C019644,3849842,46198104,2577171,30926052,87028537,38812208,38812208,449894,819,0,0
C019645,3380714,40568568,1940555,23286660,27195627,47306343,21583886,205578,785,1,0
C019646,2807239,33686868,1679157,20149884,35333617,11065170,9945624,215735,824,0,0
C019647,7332701,87992412,4292379,51508548,104883443,37586412,23617813,631323,809,0,0
C019648,2396830,28761960,1766509,21198108,130152146,34509468,22345301,280082,820,0,0
C019649,3962841,47554092,2339529,28074348,266016225,28678080,14176030,79257,767,1,0
C019650,3280677,39368124,1756439,21077268,52874508,41184461,25783086,363146,799,0,0
C019651,3541546,42498552,1590700,19088400,136975824,101039999,101039999,480395,806,0,0
C019652,5577756,66933072,4029729,48356748,51064809,71895421,64280716,607104,829,0,0
C019653,5277048,63324576,2652723,31832676,388818756,39382100,28797649,165507,819,0,0
C019654,6167868,74014416,3358362,40300344,361278814,261581488,230695277,1482177,757,0,0
C019655,3236513,38838156,1566912,18802944,85600784,28121116,22574600,272956,752,0,1
C019656,4013831,48165972,2151432,25817184,203364404,23542108,23542108,285281,884,0,0
C019657,3933360,47200320,1985590,23827080,95973869,196285164,190186054,1337259,689,0,1
C019658,3132446,37589352,2055016,24660192,145979761,73390555,67274685,613408,825,0,0
C019659,2967718,35612616,1731453,20777436,50279372,34691813,22900046,289755,777,0,0
C019660,5147671,61772052,1286918,15443016,201373429,29360696,17503488,102953,841,0,0
C019661,1800000,21600000,1146761,13761132,47544391,22937175,14150412,174081,729,0,0
C019662,4563844,54766128,2965771,35589252,328529744,85205822,70230379,587013,774,0,1
C019663,2757598,33091176,1353723,16244676,121635152,63712378,47260793,309236,813,0,0
C019664,7662592,91951104,5231089,62773068,131021773,134057369,93345867,960112,758,0,0
C019665,3989453,47873436,3819866,45838392,263999135,80412382,55651201,200503,725,0,0
C019666,3182306,38187672,1294505,15534060,145205708,30895798,30895798,433443,864,0,0
C019667,3513975,42167700,1572191,18866292,118467698,26069320,7705296,321278,871,0,0
C019668,2331905,27982860,1339561,16074732,113433049,27820677,17257741,135375,848,0,0
C019669,3904663,46855956,2701812,32421744,387622540,44757056,33815651,376049,707,1,1
C019670,2258540,27102480,932534,11190408,108280362,12982796,12982796,228012,834,0,0
C019671,3625581,43506972,2016071,24192852,106138275,45189848,20685656,386575,754,0,0
C019672,5854184,70250208,3028315,36339780,214907648,39783883,22018088,367459,760,0,0
C019673,4137963,49655556,2123119,25477428,112491792,43754918,43754918,323760,804,0,0
C019674,3847621,46171452,2808499,33701988,127074883,28991025,18973312,301685,838,0,0
C019675,3229021,38748252,2810649,33727788,107414587,52912807,35422056,330579,698,0,1
C019676,5360705,64328460,4336223,52034676,110564392,55234323,49314492,599441,749,1,0
C019677,2527739,30332868,1075672,12908064,80386693,21690972,21690972,286569,832,0,0
C019678,1800000,21600000,794987,9539844,34212429,26822477,16966123,155466,822,0,0
C019679,3913972,46967664,2975073,35700876,77075526,18991352,16503018,135807,798,0,0
C019680,6281779,75381348,2843204,34118448,269319921,23398550,23398550,264236,809,0,0
C019681,5898014,70776168,4260774,51129288,201782646,105148064,85146349,663812,861,0,0
C019682,9393810,112725720,6111505,73338060,306064515,120587260,87366004,1370929,654,1,1
C019683,5774169,69290028,2381291,28575492,118150957,99751006,99751006,703880,915,0,0
C019684,2711224,32534688,1578276,18939312,31793469,105235566,92565516,730228,661,1,1
C019685,3429782,41157384,2764004,33168048,73415379,23035413,22708941,314244,827,0,0
C019686,8728570,104742840,3876291,46515492,201502550,119185692,44479151,230787,758,0,0
C019687,3659177,43910124,2849126,34189512,129203222,112213362,112213362,831389,701,0,1
C019688,2697455,32369460,1185919,14231028,103465717,49827699,35846271,203943,904,0,0
C019689,3157907,37894884,2316099,27793188,328861064,86780001,74058986,678880,695,0,0
C019690,7333609,88003308,4126375,49516500,310630042,85509905,34231684,736782,815,0,0
C019691,1800000,21600000,1119080,13428960,176469584,30566448,26065927,216549,724,0,0
C019692,2306170,27674040,1448897,17386764,343644678,10835271,7240806,50000,883,0,0
C019693,3065908,36790896,1932804,23193648,317781047,24521311,16556605,186256,822,0,0
C019694,3588195,43058340,2637635,31651620,252658070,63844292,43476350,336784,761,0,1
C019695,2971149,35653788,941381,11296572,84270005,17501981,13425390,239288,850,0,0
C019696,3073309,36879708,1456673,17480076,137725991,38306745,31244279,223808,874,0,0
C019697,1940984,23291808,1242581,14910972,322447815,33408215,33408215,206567,749,0,0
C019698,3240706,38888472,1728025,20736300,166010904,92980053,86367930,732035,836,0,0
C019699,4082048,48984576,1670184,20042208,106732509,44337701,35312302,444251,805,2,0
C019700,2039918,24479016,1080617,12967404,78642954,19325205,19325205,349766,771,0,0
C019701,2693485,32321820,1680103,20161236,230570171,19045690,12700556,53870,803,0,0
C019702,5969211,71630532,4255665,51067980,142772926,114903817,111394818,710097,689,2,0
C019703,3511362,42136344,2453236,29438832,227830186,55295811,55295811,420466,830,0,0
C019704,4229925,50759100,3084915,37018980,61839220,71096602,36416624,663716,729,0,0
C019705,3713361,44560332,2213436,26561232,270509833,33762067,30421948,458169,774,0,0
C019706,2269311,27231732,1499449,17993388,203641164,5498781,5498781,186143,812,0,0
C019707,3536941,42443292,2263805,27165660,107436352,43681670,34032450,385165,815,0,0
C019708,3887775,46653300,1716667,20600004,73161131,28316084,27033992,143758,897,0,0
C019709,2744165,32929980,2081234,24974808,71037120,23792917,18626062,220071,865,0,0
C019710,7208623,86503476,5259384,63112608,275798749,106243666,78575637,962897,726,0,0
C019711,3722040,44664480,2232357,26788284,211394259,204563590,200990160,1079614,725,0,1
C019712,3674725,44096700,1843170,22118040,593085521,64363617,51007449,415268,845,0,1
C019713,4150660,49807920,2313657,27763884,87357336,51345729,20617885,350816,883,0,0
C019714,8899900,106798800,5888555,70662660,260059643,117325068,76800725,741353,716,0,0
C019715,5921520,71058240,3712554,44550648,353472616,93445809,67196184,697557,751,0,0
C019716,3301642,39619704,1866212,22394544,188091575,112996702,104802592,817312,749,0,0
C019717,4492708,53912496,1123177,13478124,79565953,98079382,87939528,623345,827,0,0
C019718,4960990,59531880,2583106,30997272,196892257,71035588,53148509,1030010,773,0,0
C019719,1800000,21600000,1343305,16119660,77376980,34486793,28193624,177527,721,1,0
C019720,5646551,67758612,3834259,46011108,209683290,52976105,24018550,532387,912,0,0
C019721,2487777,29853324,1492395,17908740,109110024,17415870,15403602,145368,776,0,0
C019722,2179938,26159256,1371547,16458564,30750470,19424107,12822262,190669,769,0,0
C019723,4498335,53980020,3174734,38096808,182097174,4318402,4318402,89967,763,0,0
C019724,3143334,37720008,1061161,12733932,528080112,50301783,50301783,388522,805,0,0
C019725,3476375,41716500,3257000,39084000,354772530,39571518,28271817,358610,694,1,1
C019726,4065622,48787464,3321590,39859080,231350517,88833185,80971485,667126,729,1,1
C019727,2875533,34506396,2184658,26215896,483089544,14336960,13760297,266662,754,0,0
C019728,5280420,63365040,2592099,31105188,366052993,58388669,33663350,437301,648,1,0
C019729,5299922,63599064,3169868,38038416,81337708,61307729,52945130,606020,782,0,0
C019730,6994176,83930112,4010463,48125556,524721386,57910414,57910414,956437,817,0,0
C019731,6395300,76743600,4033854,48406248,115853778,60971074,48737430,640450,879,0,0
C019732,6841635,82099620,4697570,56370840,141496567,50575248,43056271,720291,751,0,0
C019733,2876598,34519176,1913198,22958376,73384518,31987829,31987829,406979,710,0,0
C019734,1800000,21600000,1065159,12781908,302400000,15708528,10163830,156876,793,0,0
C019735,4753437,57041244,2516304,30195648,54139168,38436001,16903813,515513,905,0,0
C019736,5243298,62919576,3367156,40405872,170658207,45272105,28193210,485251,752,0,1
C019737,3106616,37279392,2193069,26316828,82993811,35956867,27173199,399099,713,0,0
C019738,3456937,41483244,2808918,33707016,140287893,51763449,33950750,501929,777,0,0
C019739,2764756,33177072,1960441,23525292,191646088,31810640,14487274,193102,774,0,0
C019740,4624779,55497348,2797261,33567132,322008831,81828206,72575766,875141,735,0,0
C019741,6764102,81169224,4023759,48285108,152012132,105079454,90573430,1259150,729,0,0
C019742,2482904,29794848,810957,9731484,28128298,39632852,37083072,316031,876,0,0
C019743,4632450,55589400,3170431,38045172,156679013,61624687,60193245,487020,797,0,0
C019744,3364605,40375260,2095784,25149408,32742985,120144641,98996529,723570,768,0,0
C019745,1800000,21600000,1094860,13138320,158824421,60709175,54318959,278522,810,0,0
C019746,3032105,36385260,2128357,25540284,236488712,21543989,18058036,292444,893,0,0
C019747,3858622,46303464,3026800,36321600,338961744,189726339,168855275,1218963,571,0,1
C019748,4691624,56299488,2266031,27192372,178346148,54154216,24930816,407367,721,0,0
C019749,8689392,104272704,7546727,90560724,257904944,397421368,367326830,2865811,614,0,1
C019750,2696021,32352252,994791,11937492,160168773,20273560,10994419,273485,768,0,0
C019751,4024310,48291720,2593315,31119780,281937197,24589023,24589023,527614,818,0,0
C019752,5853557,70242684,4035797,48429564,721895093,101981102,72344229,442925,789,0,0
C019753,3268892,39226704,2303699,27644388,80106883,26314772,14154647,155547,763,0,0
C019754,8029112,96349344,5822489,69869868,132748081,101875484,77127149,709412,754,0,0
C019755,5504246,66050952,3884275,46611300,365437387,95941432,74543648,605126,759,0,0
C019756,3016316,36195792,2582548,30990576,102008869,48826147,34836041,324620,726,0,0
C019757,5361197,64334364,2880340,34564080,148851931,32507257,32507257,762674,767,0,0
C019758,3721260,44655120,2460997,29531964,282854092,128398331,115173274,771345,767,0,0
C019759,7908609,94903308,3527979,42335748,116250175,134162367,110155921,815996,805,0,0
C019760,3486032,41832384,2058405,24700860,107155008,40377067,33003340,479321,798,0,0
C019761,3991001,47892012,3210047,38520564,286152432,43375879,39380316,319161,797,0,0
C019762,6231999,74783988,3377288,40527456,159404971,102233321,99352904,1035665,721,0,0
C019763,4135084,49621008,2142861,25714332,31541838,31687319,24704414,585689,799,0,0
C019764,3416244,40994928,1840717,22088604,166717821,67154982,63817861,739456,642,1,1
C019765,5677029,68124348,3392828,40713936,305710342,198948435,198948435,1183767,794,0,1
C019766,4606171,55274052,1696151,20353812,509030566,35257341,12415824,105495,871,0,0
C019767,5738027,68856324,1862589,22351068,99704658,117533938,89021580,354878,775,0,0
C019768,1846968,22163616,1106689,13280268,99092779,24565729,16631232,192479,775,0,0
C019769,6948387,83380644,3951187,47414244,244000259,132746391,101004935,668521,741,0,0
C019770,3380988,40571856,2414570,28974840,54977676,23411727,23411727,215658,781,0,0
C019771,4484810,53817720,3557318,42687816,66359888,39397727,23817530,666816,772,0,1
C019772,3548974,42587688,2183414,26200968,177710513,27001454,14637054,359607,863,0,0
C019773,6578628,78943536,2714831,32577972,160594103,71336099,71336099,905494,862,0,0
C019774,3567987,42815844,2901804,34821648,396418601,82183469,55307983,780998,648,3,1
C019775,4214510,50574120,2423992,29087904,189242162,180624953,148994700,1093760,580,1,0
C019776,6484950,77819400,4375197,52502364,775325908,53998819,53239137,429029,732,0,0
C019777,5130448,61565376,2446194,29354328,543526346,25729154,25729154,102609,880,0,0
C019778,2924670,35096040,1525460,18305520,198307159,27558074,27558074,119026,759,0,0
C019779,1914997,22979964,968710,11624520,321719496,22433752,16782643,211147,788,0,0
C019780,5348702,64184424,2673261,32079132,155934338,56685630,27621327,423636,892,0,0
C019781,4033569,48402828,1912691,22952292,145311084,95528864,95286057,654385,801,1,0
C019782,5393243,64718916,2492900,29914800,350542807,55062592,38876022,193262,789,0,1
C019783,5762886,69154632,3225276,38703312,494322515,152622299,113974285,608483,734,0,0
C019784,3132497,37589964,1667336,20008032,110486030,30236690,19042378,218141,846,0,0
C019785,4012164,48145968,2203530,26442360,100218673,112582186,87084693,544797,829,0,0
C019786,4632362,55588344,2969326,35631912,189488104,34954106,24978831,160811,733,0,0
C019787,5461504,65538048,3255763,39069156,126581328,79655792,79655792,763009,716,0,0
C019788,5592809,67113708,2938522,35262264,284849068,50840304,22606658,420858,882,0,0
C019789,3608748,43304976,1348141,16177692,208341543,133315600,122639731,1088016,771,0,0
C019790,8038098,96457176,4923183,59078196,1158197881,303328145,264040081,1800418,699,0,0
C019791,2938131,35257572,2027293,24327516,124367048,46659710,35793521,299720,844,0,0
C019792,4911271,58935252,3425207,41102484,196225190,58911143,38943128,555281,684,2,0
C019793,6994827,83937924,4440617,53287404,734835067,106899764,60367251,1052867,697,0,0
C019794,3726828,44721936,1899384,22792608,59251595,35094258,27180646,378243,950,0,0
C019795,5836959,70043508,4089358,49072296,823239602,75786999,53534421,693788,868,0,0
C019796,5697901,68374812,2201799,26421588,957247368,106322036,106322036,955604,824,0,0
C019797,4759329,57111948,2603870,31246440,228236970,43678344,40588213,817057,706,0,0
C019798,7477101,89725212,4311557,51738684,367660160,61963303,39877810,882993,803,0,0
C019799,2595099,31141188,1639205,19670460,39379642,67422175,66018695,430438,702,0,1
C019800,3898823,46785876,2135500,25626000,174119072,23150814,13159669,163206,740,0,1
C019801,7625539,91506468,4327900,51934800,499370903,121616869,109845719,1108489,844,0,0
C019802,3826318,45915816,2553189,30638268,139171697,151368277,151368277,874504,727,0,0
C019803,2760648,33127776,1198619,14383428,58306485,38310968,21569882,375621,795,0,0
C019804,7012085,84145020,5261222,63134664,157723974,174641864,174641864,1036968,792,0,0
C019805,3309994,39719928,2228894,26746728,45133662,6981339,6981339,166821,723,0,0
C019806,2733267,32799204,1481602,17779224,113793013,67743329,51996910,542356,741,0,0
C019807,6011948,72143376,3862388,46348656,408092417,96644782,82956302,774353,720,0,0
C019808,3586049,43032588,2311784,27741408,142913623,31492830,31492830,436423,837,0,0
C019809,7632879,91594548,4685023,56220276,737116824,25718970,21759966,152658,856,0,0
C019810,2513630,30163560,1613619,19363428,16761453,79254184,65460210,528968,755,0,0
C019811,4776356,57316272,2856891,34282692,240956330,64881544,50811208,368938,759,0,0
C019812,2856534,34278408,1996795,23961540,38804297,18486920,14569892,199125,734,0,0
C019813,4985831,59829972,4429840,53158080,110949898,98087287,80784747,454809,742,0,0
C019814,4525011,54300132,2078223,24938676,233076494,15598077,15598077,286084,748,0,0
C019815,5297404,63568848,2590150,31081800,359147605,41213469,34896413,105948,833,0,0
C019816,3125698,37508376,1088166,13057992,90957299,77799988,70684921,452061,762,0,0
C019817,3648458,43781496,1962328,23547936,155823793,11109840,11109840,210772,807,0,0
C019818,5093934,61127208,2239699,26876388,120799137,58270935,45684147,449402,841,0,0
C019819,2470004,29640048,1966763,23601156,48847456,61562154,46638134,198761,820,0,0
C019820,3997666,47971992,2854219,34250628,281496948,11611764,11582455,291864,720,0,0
C019821,4261028,51132336,3052988,36635856,158640383,55247801,48050211,548730,742,0,0
C019822,3802737,45632844,2827557,33930684,403107111,52664120,50520680,627615,699,0,0
C019823,2883771,34605252,1977372,23728464,484473528,19678433,14438061,286943,884,0,0
C019824,4507410,54088920,2457835,29494020,350836985,61841446,61841446,571221,879,1,0
C019825,2135934,25631208,1264531,15174372,23584629,15859463,15859463,93846,834,0,0
C019826,2169492,26033904,1127859,13534308,38220359,21768373,16539209,315723,822,0,0
C019827,2445344,29344128,2023070,24276840,42065393,62826709,62826709,427250,645,0,1
C019828,5278010,63336120,2286283,27435396,262139664,76964081,76964081,700652,801,0,0
C019829,2925600,35107200,1492934,17915208,37606646,44154560,24040025,337037,820,1,1
C019830,2276103,27313236,978323,11739876,184054144,23119299,23119299,236295,848,0,0
C019831,5416747,65000964,2636863,31642356,176025459,85673195,70429160,471429,818,0,0
C019832,4291685,51500220,3776801,45321612,215122185,83736594,66146951,515472,805,0,0
C019833,2893393,34720716,1568115,18817380,53110653,75421424,72295107,437746,726,0,0
C019834,4840229,58082748,2639366,31672392,167887649,85627304,65692568,798396,795,0,0
C019835,4804110,57649320,2808342,33700104,264451725,51734684,30130095,120252,727,0,0
C019836,1809515,21714180,997132,11965584,70488944,43458964,42301411,349485,744,0,0
C019837,6942215,83306580,3009991,36119892,783596604,71892935,50951828,714689,662,2,0
C019838,6238495,74861940,3994044,47928528,355920624,54334769,33865613,623434,671,1,0
C019839,5454784,65457408,3508430,42101160,872465309,96557254,77659588,779172,790,1,0
C019840,4402008,52824096,2208118,26497416,139033757,41321395,40106308,929251,737,0,0
C019841,3671718,44060616,917930,11015160,163478588,36231440,36231440,165726,790,0,0
C019842,2344102,28129224,1440070,17280840,193207781,44612254,35279936,189227,739,0,0
C019843,4121309,49455708,4259924,51119088,180767612,87072515,82609204,417685,666,0,1
C019844,6535953,78431436,3743171,44918052,204759861,81268272,59633341,1006079,762,0,0
C019845,5479314,65751768,2723583,32682996,163242146,87814504,83696194,546838,850,0,0
C019846,3696912,44362944,2211074,26532888,85247742,40838984,40838984,389880,829,0,0
C019847,2964044,35568528,1549220,18590640,177644344,42338877,29275241,290462,829,0,0
C019848,7825167,93902004,3629580,43554960,381795663,97422297,71634646,1199904,739,0,1
C019849,4577358,54928296,1201916,14422992,167896589,27752260,14865101,359930,762,0,0
C019850,3049657,36595884,1514490,18173880,261056070,20548340,12614595,123464,860,0,0
C019851,3528694,42344328,2169496,26033952,189409487,54025444,40583717,605310,810,0,0
C019852,2596348,31156176,1636063,19632756,110597383,40832712,26557291,165224,764,0,0
C019853,2741492,32897904,1682962,20195544,100832583,12090773,5529391,220654,845,0,0
C019854,2885965,34631580,1830657,21967884,408111318,32036019,16559444,179779,764,0,0
C019855,4395980,52751760,1871137,22453644,162360259,127737787,103634338,1000985,747,0,0
C019856,3665107,43981284,2041017,24492204,203303139,26816517,24546638,85203,823,0,0
C019857,2758067,33096804,905893,10870716,463355256,47570904,36780379,374735,765,0,0
C019858,3805910,45670920,2262251,27147012,281291700,68908345,44235179,492704,780,0,0
C019859,3523144,42277728,3038480,36461760,302581190,86937381,82821911,616202,640,1,0
C019860,11303235,135638820,6272964,75275568,469345285,102617091,96237956,1717622,794,1,0
C019861,1970527,23646324,1441762,17301144,66784161,28089748,23225534,145857,853,0,0
C019862,7117986,85415832,4595501,55146012,249646275,138943312,129311477,1630189,682,1,0
C019863,5522032,66264384,1948459,23381508,257120107,55957541,37156691,351063,876,0,0
C019864,5085009,61020108,1588009,19056108,110488089,20386897,19664307,530510,843,0,0
C019865,2035978,24431736,1407188,16886256,52539384,18809330,18809330,262573,891,0,0
C019866,2491228,29894736,852919,10235028,122842680,116636516,96932685,663199,732,0,0
C019867,3026286,36315432,1981813,23781756,196362851,49344108,36979918,355401,753,0,0
C019868,3963780,47565360,2420447,29045364,117186165,27724095,17795646,186913,810,1,0
C019869,3799221,45590652,2226929,26723148,104830778,40197882,28829779,304539,728,0,0
C019870,2009081,24108972,1198068,14376816,104106330,10749724,7110766,140233,746,0,0
C019871,2782279,33387348,1538223,18458676,157793281,24931183,14152842,107610,788,0,0
C019872,4016254,48195048,1713110,20557320,48778718,24421760,15400361,525028,799,0,0
C019873,6359491,76313892,4076508,48918096,839992702,195495045,165293396,1367214,807,0,1
C019874,3203793,38445516,1005809,12069708,81923724,53221313,38417694,397591,715,0,0
C019875,2738501,32862012,1509535,18114420,92351653,79588911,79588911,624865,756,0,0
C019876,5652624,67831488,2168604,26023248,320782156,96132225,67322836,479597,812,0,0
C019877,3760498,45125976,1637421,19649052,148708797,109298429,96904161,642399,737,1,0
C019878,5256015,63072180,1824794,21897528,233982673,66333748,49772242,438781,735,0,0
C019879,6324948,75899376,5184658,62215896,126882982,75168451,34141337,476955,732,0,0
C019880,11138896,133666752,7539673,90476076,547791843,295022489,295022489,2207789,762,0,0
C019881,5209666,62515992,3146471,37757652,152075682,27133323,27112892,300316,829,0,0
C019882,1993263,23919156,1308942,15707304,274679426,38872628,38872628,317335,796,1,0
C019883,3415590,40987080,1540410,18484920,54262689,22365569,22365569,302012,832,0,0
C019884,3452185,41426220,1722869,20674428,60762809,25181755,25181755,390489,882,0,0
C019885,4718200,56618400,4066636,48799632,106744959,87437708,49544666,484502,612,1,0
C019886,3376761,40521132,2829176,33950112,140730106,41297063,37323690,596791,748,0,0
C019887,2372876,28474512,1565042,18780504,222014379,52190702,31494070,362479,674,0,0
C019888,3718219,44618628,1971044,23652528,479080187,11902365,11902365,373825,783,0,0
C019889,4196945,50363340,3278698,39344376,93318408,33432888,21306912,530921,873,0,0
C019890,7392580,88710960,3858615,46303380,222672500,36398034,31213956,761075,763,0,0
C019891,8040629,96487548,3036357,36436284,263334121,105372531,81115168,382503,777,0,0
C019892,5260354,63124248,3049142,36589704,509070776,68165842,55310325,806692,801,0,0
C019893,4154078,49848936,2892190,34706280,154870954,245920787,224320212,1582579,743,0,0
C019894,2286282,27435384,1871086,22453032,92343727,23213261,18035920,165572,772,0,0
C019895,3875322,46503864,1764235,21170820,256741096,28446085,18204892,430544,785,0,0
C019896,4168254,50019048,1617099,19405188,214375192,88344500,45680053,446378,874,0,0
C019897,6514290,78171480,2958832,35505984,349334191,79446868,79446868,590577,738,0,0
C019898,5576625,66919500,2016375,24196500,273504451,107015431,74432646,322649,733,0,0
C019899,3726777,44721324,2909299,34911588,169685235,93055036,88252739,547915,726,1,0
C019900,4062588,48751056,1884890,22618680,291966668,98878457,87333124,719105,902,0,0
C019901,6389566,76674792,3368663,40423956,501866911,83856262,51659449,797487,668,0,0
C019902,2582530,30990360,1626807,19521684,81216359,22938884,9831427,163835,785,0,0
C019903,4669878,56038536,2131639,25579668,40663220,39047209,24979784,460634,763,0,0
C019904,8038322,96459864,3614338,43372056,604786220,142106576,119381952,730878,745,0,0
C019905,2832689,33992268,1697611,20371332,122663589,87259079,87259079,802817,714,0,0
C019906,3507301,42087612,951366,11416392,59284677,14795546,14795546,174076,823,0,0
C019907,2959269,35511228,2231170,26774040,163499188,11738447,11738447,192236,747,0,0
C019908,4292548,51510576,3273457,39281484,214390484,9043767,9043767,483050,838,0,0
C019909,4198229,50378748,1061156,12733872,203991569,29921411,12102769,418181,826,0,0
C019910,5211458,62537496,2667330,32007960,875524944,113966685,57782268,633184,817,0,0
C019911,5457613,65491356,4104883,49258596,105685275,187318274,148920084,1106200,721,0,0
C019912,4152300,49827600,2503323,30039876,236959539,69916461,56780677,487836,793,0,0
C019913,3083416,37000992,2220250,26643000,177587857,130410492,111067850,831206,728,0,0
C019914,4271185,51254220,2637363,31648356,283397770,44842341,15671465,603432,728,0,0
C019915,3671014,44052168,2009027,24108324,510907146,56820662,46750526,689031,723,0,0
C019916,8773310,105279720,6413666,76963992,349234034,70201164,55486066,858340,750,0,0
C019917,3510420,42125040,1804748,21656976,125483644,18214590,18214590,352091,788,0,0
C019918,3751303,45015636,2302369,27628428,130113652,62194597,38651330,282936,796,0,0
C019919,7218330,86619960,3574121,42889452,149677932,128447906,96747972,1078512,753,0,0
C019920,3994141,47929692,2026756,24321072,48866178,76876384,52911277,738612,789,0,0
C019921,1869906,22438872,1473967,17687604,121931830,14055870,8157971,247648,691,1,0
C019922,2411556,28938672,1375131,16501572,32952856,11083172,11083172,50000,787,0,0
C019923,4043469,48521628,2817712,33812544,148548994,34430624,26497065,508178,821,0,0
C019924,5039989,60479868,3510989,42131868,101085552,51908249,22837487,313701,765,0,0
C019925,3144166,37729992,2545491,30545892,227136183,47636219,36969397,288588,734,0,0
C019926,5256540,63078480,2602999,31235988,391190885,43593971,33160879,472919,822,0,0
C019927,3182213,38186556,1716680,20600160,76960518,27791421,21015414,241588,841,0,0
C019928,3575065,42900780,2727840,32734080,109729525,32871043,28545911,421730,790,0,0
C019929,3154724,37856688,971956,11663472,312264225,22905395,14145123,124679,808,0,0
C019930,2655787,31869444,1749147,20989764,140861918,39790572,32835832,271172,717,0,0
C019931,2629292,31551504,1064164,12769968,27374627,36479472,24939143,281363,784,0,0
C019932,6959904,83518848,3983211,47798532,77821560,59226360,43173735,581014,755,0,0
C019933,2573498,30881976,1594949,19139388,43522272,31627067,15878411,232641,772,1,0
C019934,2298598,27583176,1220235,14642820,81424729,16309307,11275699,84556,791,1,0
C019935,2246452,26957424,818271,9819252,190229822,42341442,37177007,358618,721,0,0
C019936,6058355,72700260,3119815,37437780,294419561,56530991,40280089,447265,807,0,0
C019937,3220417,38645004,2151871,25822452,140619484,39376884,23567529,278978,819,0,0
C019938,2886486,34637832,2126925,25523100,205185287,23716936,23716936,243072,796,0,0
C019939,1982616,23791392,1199001,14388012,97085777,19917358,15216660,141795,758,0,0
C019940,2880103,34561236,1624004,19488048,88155757,31316496,17038440,267802,749,0,1
C019941,10473142,125677704,6614572,79374864,394434032,70838536,34124802,739466,834,0,0
C019942,2447197,29366364,1196604,14359248,214885069,84344758,71584768,307447,732,0,0
C019943,4494194,53930328,2312770,27753240,292286818,45781258,30295177,534156,789,0,0
C019944,2757982,33095784,2144846,25738152,34486186,15304038,14707449,348898,838,0,0
C019945,3180461,38165532,1751518,21018216,159524825,32199323,21340596,168838,688,0,0
C019946,3121712,37460544,1775906,21310872,164121398,54015546,39602501,310321,780,0,0
C019947,4251877,51022524,2157457,25889484,316203544,106035580,103491007,793459,812,0,0
C019948,4668828,56025936,2293721,27524652,151506710,33688430,16180223,341631,869,0,0
C019949,5754356,69052272,3373498,40481976,312432145,50595972,32401990,718246,847,0,0
C019950,5432878,65194536,1783807,21405684,62590758,80902973,52040838,554201,782,0,0
C019951,4145715,49748580,3070545,36846540,50671696,75191792,52455654,580842,860,0,0
C019952,6121948,73463376,3414202,40970424,969225217,203737960,203737960,1410853,747,0,1
C019953,3243470,38921640,1312208,15746496,263139577,40364106,34312061,430047,849,0,0
C019954,3289764,39477168,1994579,23934948,71601859,22405140,6040436,65795,922,0,0
C019955,5199793,62397516,1683402,20200824,230861965,45732413,45732413,466547,781,0,0
C019956,5078293,60939516,2134621,25615452,210782154,67111208,51808796,777433,694,0,0
C019957,3669685,44036220,3769580,45234960,45984550,51539174,39528693,466052,683,0,0
C019958,8534328,102411936,5902735,70832820,153657000,157799090,113573425,775486,700,0,0
C019959,2142673,25712076,894743,10736916,81734872,16392797,15572426,65337,783,1,0
C019960,3642447,43709364,1953746,23444952,67328295,84600363,69614625,428024,727,1,0
C019961,8649206,103790472,4947772,59373264,1453066608,141842042,125293924,789047,841,1,0
C019962,3758951,45107412,1605853,19270236,107045391,30213428,30213428,349669,857,0,0
C019963,3906381,46876572,2321315,27855780,172703189,80654708,51973095,233581,883,0,0
C019964,1975558,23706696,820333,9843996,46154929,16253620,10421000,180358,717,0,0
C019965,2809451,33713412,2438005,29256060,108859199,22400429,21129571,248649,824,0,0
C019966,5073720,60884640,3062517,36750204,145907204,37498242,32448169,398199,807,0,0
C019967,8921767,107061204,7338684,88064208,255302475,140738288,90167992,1346102,833,0,0
C019968,2262604,27151248,1298719,15584628,67130972,23583080,10142061,140309,741,0,0
C019969,2882079,34584948,1590527,19086324,29763195,15257639,13937687,330922,767,0,0
C019970,4354451,52253412,3088470,37061640,170548138,85720944,59416531,338053,716,0,0
C019971,3537459,42449508,2933211,35198532,594293112,36913000,24311135,409359,736,0,0
C019972,2223739,26684868,1137920,13655040,69801381,9083482,8018724,228315,760,0,0
C019973,3178172,38138064,2165353,25984236,103344453,28227370,19081699,121294,810,0,0
C019974,3470550,41646600,1609768,19317216,242503348,70870771,51364309,557677,698,0,0
C019975,3641499,43697988,2097599,25171188,420179545,32671611,21353304,261414,892,0,0
C019976,2908873,34906476,2075863,24910356,141240873,46004349,36002028,321216,749,0,0
C019977,4631394,55576728,3672713,44072556,128900805,164905814,139240856,1375637,693,0,0
C019978,3155350,37864200,1379859,16558308,285236378,61362978,61362978,481375,763,0,0
C019979,5737029,68844348,2001970,24023640,214185686,65238405,56443094,793993,811,0,0
C019980,4704411,56452932,2559375,30712500,165109553,45291455,14353952,559978,877,1,0
C019981,2898017,34776204,980166,11761992,328171063,26653809,23131451,237187,780,0,0
C019982,2553983,30647796,1177998,14135976,132851704,62921187,56672531,274057,813,0,0
C019983,5569004,66828048,4423065,53076780,63117634,53968545,27350195,392037,699,0,0
C019984,9138403,109660836,8388321,100659852,436994455,191412817,175042345,1452285,687,0,0
C019985,4438551,53262612,2265304,27183648,745676568,112189499,104929936,901695,784,0,0
C019986,3132585,37591020,2127345,25528140,36917322,35363862,25821512,393503,731,0,0
C019987,5594619,67135428,2819072,33828864,161673797,110499725,73272014,370633,784,0,0
C019988,6829474,81953688,5493743,65924916,152651098,85080194,56036115,339372,835,0,0
C019989,4174715,50096580,3161745,37940940,111823076,134573570,115788722,641895,677,0,1
C019990,2808923,33707076,1815871,21790452,26243803,58623479,58623479,515439,661,1,0
C019991,4073441,48881292,2635563,31626756,221356708,79400001,79226223,280229,767,0,0
C019992,2864438,34373256,2112930,25355160,57917778,48578831,48578831,193853,746,0,0
C019993,4154411,49852932,2524635,30295620,319315729,71485794,71485794,486386,883,1,0
C019994,3075635,36907620,1628958,19547496,141181776,52551351,33538771,275932,789,0,0
C019995,5504067,66048804,4069433,48833196,305327816,36478978,35910877,726884,767,0,0
C019996,2834001,34008012,2252799,27033588,74303413,49667381,37429722,258031,823,0,0
C019997,6977056,83724672,3990444,47885328,331971342,205480386,169207805,1596441,690,0,0
C019998,3580285,42963420,2754178,33050136,176905291,37975277,15745990,350465,659,0,1
C019999,2319083,27828996,746003,8952036,97225927,21400164,21400164,250342,746,1,0
C020000,2629216,31550592,1450628,17407536,128014180,35777780,20292356,343307,815,0,0
