customer_id,monthly_income,annual_income,monthly_expense,annual_expense,total_assets,total_debt,loan_balance,monthly_loan_payment,credit_score,past_overdue_count,target
C030001,5923743,71084916,3198137,38377644,427594126,61588505,61588505,750902,819,0,0
C030002,7632797,91593564,4602116,55225392,618740644,53116018,8298548,644935,788,0,0
C030003,4256101,51073212,2705947,32471364,34084380,31769265,18250053,292117,779,0,0
C030004,3012541,36150492,1447220,17366640,230607900,41808999,18264938,243982,782,0,0
C030005,3479002,41748024,1642848,19714176,193992078,17849843,8546527,77785,797,0,0
C030006,3074260,36891120,2232098,26785176,93700685,20852006,20852006,323011,845,0,0
C030007,4549774,54597288,1629059,19548708,182056291,32208858,27883705,292061,860,0,0
C030008,4718695,56624340,2009160,24109920,403658108,104494448,85776748,668525,795,0,0
C030009,3881665,46579980,2822483,33869796,352240714,36960658,30924706,77633,823,0,0
C030010,5483757,65805084,3565770,42789240,103010504,97817279,85162954,527655,834,0,0
C030011,2410799,28929588,1801965,21623580,145802440,38071563,38071563,235016,815,0,0
C030012,3790439,45485268,2791000,33492000,214000815,31963008,18217614,211380,802,0,0
C030013,6653739,79844868,3476483,41717796,1117828152,138112222,75911717,790256,720,0,0
C030014,5074755,60897060,1879878,22558536,56444072,29954785,19492380,414549,776,0,0
C030015,4721130,56653560,2030600,24367200,58829212,75457555,58940808,705670,834,0,0
C030016,2291864,27502368,1335161,16021932,150936529,44298786,36231199,208554,757,1,0
C030017,7476233,89714796,4164431,49973172,248450622,98307582,62106717,495958,879,0,0
C030018,3653349,43840188,2370674,28448088,287322492,113214177,74394226,679239,669,1,0
C030019,3876326,46515912,3966056,47592672,152753109,44033772,28116838,413787,681,0,0
C030020,2133511,25602132,1466088,17593056,162447688,37923032,32857923,152118,765,0,0
C030021,4557520,54690240,2474808,29697696,148707829,91000204,54443400,869221,670,0,0
C030022,3666512,43998144,2056728,24680736,615974016,57422401,52200731,528129,797,0,0
C030023,2824209,33890508,2509284,30111408,108488474,33449007,25071774,241865,641,1,0
C030024,4584612,55015344,2184736,26216832,275640351,52384245,21256616,287235,749,0,0
C030025,10945254,131343048,6123048,73476576,288303813,148940685,141675342,1200219,778,0,0
C030026,1889919,22679028,1131582,13578984,77131558,85822500,76800940,534558,753,0,1
C030027,4719963,56639556,3620754,43449048,96539651,121750832,101517015,856365,748,0,0
C030028,3265027,39180324,1878976,22547712,369376066,57399840,46783597,467052,772,0,0
C030029,5216188,62594256,3509560,42114720,458342667,74701822,61645840,628641,729,0,0
C030030,4836610,58039320,3441456,41297472,178893090,82495373,82495373,1031657,709,1,1
C030031,4876539,58518468,3140836,37690032,442773335,38171384,19799960,487719,725,2,1
C030032,3921378,47056536,1723772,20685264,150427858,48968740,34183658,409433,704,0,0
C030033,3969263,47631156,2649010,31788120,118863260,53775143,29763818,416716,767,0,1
C030034,4727487,56729844,2222512,26670144,170763735,99988828,99988828,641434,834,0,0
C030035,7775866,93310392,3441617,41299404,490766068,230927338,186478387,1070786,715,0,0
C030036,3376466,40517592,2201793,26421516,346301822,36757452,27444493,367863,679,0,0
C030037,3426541,41118492,2174275,26091300,510184772,33562234,26186152,556137,867,0,0
C030038,3940806,47289672,2344649,28135788,453254822,37185848,18868413,425276,683,0,0
C030039,6245349,74944188,2560476,30725712,390405600,38229322,33041500,182361,741,0,0
C030040,4387158,52645896,2586370,31036440,737042544,24837163,18297535,648059,813,0,0
C030041,7427423,89129076,4298463,51581556,185237432,311680021,251429951,1812875,713,0,0
C030042,2512367,30148404,1521188,18254256,172796640,28023169,22698168,365291,773,0,0
C030043,6557244,78686928,3501064,42012768,995306546,202072618,176955644,1603504,642,3,1
C030044,1800000,21600000,1093686,13124232,93587680,10219234,10219234,50000,742,0,0
C030045,6077645,72931740,4224908,50698896,345875065,26736142,23446663,762981,818,0,0
C030046,4724771,56697252,2633459,31601508,117265396,18379937,18379937,339795,869,0,0
C030047,2429948,29159376,1540431,18485172,45770960,28519210,9996613,241452,729,0,0
C030048,3957986,47495832,2302435,27629220,114965629,39088725,35642632,542253,846,0,0
C030049,5195667,62348004,1845708,22148496,528170449,66909071,44110501,611939,834,0,0
C030050,4023173,48278076,2344196,28130352,44489834,21869509,16530197,172161,767,0,0
C030051,5350706,64208472,2623377,31480524,295098310,52408393,36545867,115547,794,0,0
C030052,10495453,125945436,5255288,63063456,672523954,79342588,79342588,209909,724,0,0
C030053,4891071,58692852,2968340,35620080,643219758,68741354,59262125,303338,819,0,0
C030054,3802827,45633924,2220280,26643360,157598222,40420560,25599909,356779,933,0,0
C030055,4538186,54458232,2564365,30772380,308375408,52533872,27778650,226412,731,0,1
C030056,4829413,57952956,3608692,43304304,536678446,61838256,50528034,640981,840,0,1
C030057,4473855,53686260,1408241,16898892,57969820,124601048,120384086,837752,805,0,0
C030058,2779752,33357024,1541922,18503064,451651064,75765320,61447937,653294,770,0,0
C030059,3398025,40776300,849506,10194072,74982702,91817239,77328840,722626,741,0,0
C030060,6322282,75867384,5581439,66977268,243444927,16678196,16678196,638970,776,1,0
C030061,4299126,51589512,2462524,29550288,722253168,66863991,23169811,600922,728,0,1
C030062,3551873,42622476,2891361,34696332,134422578,114814519,101902558,859582,654,0,0
C030063,1800000,21600000,1171756,14061072,147682112,26750088,25760309,213124,800,0,0
C030064,3823195,45878340,1571965,18863580,154012858,55473364,43569860,417451,874,0,0
C030065,5797722,69572664,2425103,29101236,69410947,86861047,86861047,524968,805,0,0
C030066,7283891,87406692,4238548,50862576,102178489,101404699,67709491,902300,828,0,0
C030067,3795242,45542904,2655294,31863528,46885993,43690717,24642681,306348,791,0,0
C030068,2296983,27563796,1039444,12473328,18153357,25951986,24833707,217668,880,0,0
C030069,4684611,56215332,2592470,31109640,440782972,198109246,198109246,1209617,693,1,0
C030070,6568018,78816216,2903603,34843236,724469529,114644486,96489007,953780,743,1,0
C030071,4735046,56820552,2131234,25574808,75771592,49628581,41016565,163818,834,0,0
C030072,3661331,43935972,2732076,32784912,307593928,69947361,60928409,452339,757,0,0
C030073,5237049,62844588,3842396,46108752,157488134,183165066,183165066,1501497,766,0,0
C030074,4816543,57798516,3188381,38260572,160938512,60594627,35838436,231221,812,0,0
C030075,4494380,53932560,2299201,27590412,395893549,26791372,22958424,263734,862,0,0
C030076,7488361,89860332,3893235,46718820,1258044648,62158891,40163804,486172,802,0,0
C030077,2432086,29185032,1215630,14587560,32374696,21723815,16253195,425333,886,0,0
C030078,2662708,31952496,1384924,16619088,87347347,34932772,29187771,485886,730,0,0
C030079,3521742,42260904,2301447,27617364,115570862,81808085,72211218,743228,755,0,1
C030080,4446813,53361756,3280961,39371532,43826452,68912242,68912242,576353,783,0,0
C030081,3164707,37976484,1663539,19962468,81871630,11225502,8173259,207816,786,0,0
C030082,11243974,134927688,4380602,52567224,434028864,94486037,88282498,383027,827,0,0
C030083,3106545,37278540,2047251,24567012,64204059,31632528,12909786,62131,770,0,0
C030084,8827524,105930288,5288474,63461688,1411507179,91659064,91659064,963014,786,0,0
C030085,2979558,35754696,2161415,25936980,299817558,65001287,35569050,185175,690,0,1
C030086,4443239,53318868,2414774,28977288,197450723,15569504,13472694,250911,855,0,0
C030087,2526074,30312888,1059094,12709128,29907718,51303381,51303381,401038,794,0,0
C030088,3865249,46382988,1728649,20743788,171615602,58789786,40098387,358498,781,0,0
C030089,4693448,56321376,2526862,30322344,116174617,123631258,108698843,900137,676,0,1
C030090,6015612,72187344,3210649,38527788,478599154,138852917,97339142,841130,810,0,0
C030091,6221930,74663160,3846463,46157556,268019665,290865008,272625705,1745586,675,0,0
C030092,6573009,78876108,3384479,40613748,1104265512,63744809,40856732,349377,826,0,0
C030093,3054762,36657144,1803635,21643620,234528558,101220496,72420673,478258,737,0,0
C030094,3221278,38655336,1830044,21960528,135452930,40918429,40918429,347708,788,0,0
C030095,3403332,40839984,1404387,16852644,135122440,13041076,6697070,151624,829,0,0
C030096,3128101,37537212,1663779,19965348,272654296,51230828,42412747,595286,666,1,0
C030097,2750312,33003744,2723168,32678016,25772785,14228080,12993928,455963,533,1,1
C030098,2722126,32665512,1778627,21343524,97710169,23017716,16140188,304479,843,0,0
C030099,3953006,47436072,1351254,16215048,117218854,38055667,28897807,581413,751,0,0
C030100,5273605,63283260,3445058,41340696,125595120,56706679,43277371,401152,732,0,0
C030101,3357962,40295544,1842694,22112328,275940183,63879547,63879547,592562,769,0,0
C030102,3939214,47270568,2671576,32058912,278019193,49290881,46031742,303142,731,0,0
C030103,4135440,49625280,1805503,21666036,212963742,37334384,21694182,514181,802,0,0
C030104,4095973,49151676,2679180,32150160,176798896,118135088,102166662,616049,704,1,0
C030105,5006508,60078096,3020433,36245196,80388261,52785754,32223949,1014524,655,1,0
C030106,5268610,63223320,2966361,35596332,269239107,189060125,170259358,1184145,686,1,1
C030107,3706551,44478612,2349128,28189536,198478570,18588949,18588949,332756,656,0,0
C030108,4003419,48041028,2567405,30808860,304172846,51414850,34854330,504084,673,1,1
C030109,5623912,67486944,3480791,41769492,139241034,39382761,24869740,354250,726,1,0
C030110,3030684,36368208,1530079,18360948,74817602,13816823,13816823,153152,898,0,0
C030111,3861433,46337196,2075045,24900540,192996776,28065941,26047115,226867,818,0,0
C030112,2410844,28930128,1166972,14003664,67135246,20308225,15078923,196806,811,0,0
C030113,2111955,25343460,1625630,19507560,80472507,7166950,3789466,50000,807,0,0
C030114,4621804,55461648,2745402,32944824,95094913,35125060,28657894,92436,815,0,0
C030115,2536665,30439980,1233585,14803020,285974079,25943124,13596244,297531,881,0,0
C030116,9173475,110081700,3952596,47431152,273351810,95763693,73084691,183470,842,0,0
C030117,5846193,70154316,4209257,50511084,77332693,70775771,52555223,419659,761,1,0
C030118,3316026,39792312,2246514,26958168,132909081,29584260,27694024,365334,885,0,0
C030119,6168344,74020128,4019119,48229428,188216176,83266743,48730646,218046,898,0,0
C030120,3952726,47432712,2776850,33322200,128662654,91439708,85293639,837709,683,1,0
C030121,3024049,36288588,1361349,16336188,68895499,12684804,12684804,142859,831,0,0
C030122,5218746,62624952,3139135,37669620,208918622,74359603,60533219,671654,752,0,0
C030123,5748777,68985324,3151127,37813524,239340058,59444187,33757867,595188,802,0,0
C030124,8174191,98090292,3901971,46823652,309076114,64779260,49784180,260967,751,0,0
C030125,4468464,53621568,1308174,15698088,102756656,25686346,16838429,536344,851,0,0
C030126,2051684,24620208,954321,11451852,132717586,18189141,16502704,329220,751,0,0
C030127,5774552,69294624,2993793,35925516,105300924,52621443,43801488,352032,790,0,0
C030128,3162246,37946952,2490892,29890704,98272895,20275499,13844466,232644,826,0,0
C030129,6079634,72955608,2331919,27983028,567855080,191166262,162218957,1300054,771,1,1
C030130,8558413,102700956,3523000,42276000,902583570,88257370,67290956,654162,859,0,0
C030131,4353760,52245120,3167395,38008740,383537684,58951346,47641484,425741,838,0,0
C030132,3225880,38710560,2547873,30574476,245408134,46677337,38037248,244881,717,0,0
C030133,2343094,28117128,2044660,24535920,192147210,16161717,16161717,148443,761,0,0
C030134,2806931,33683172,1642171,19706052,104813577,91785403,80244577,584838,789,0,0
C030135,3169821,38037852,2018178,24218136,226276561,61717536,61717536,521619,747,0,0
C030136,1954333,23451996,1102283,13227396,41285809,28527078,13069651,216304,780,0,0
C030137,4540581,54486972,2167256,26007072,145386406,19538474,19326293,554001,879,0,0
C030138,4000903,48010836,2588539,31062468,170871885,64091796,64091796,602271,830,0,0
C030139,6189231,74270772,2191810,26301720,334369298,50092814,32625909,416999,698,0,1
C030140,3575790,42909480,1872168,22466016,78473588,43812727,31621411,379155,876,0,0
C030141,2033793,24405516,1186643,14239716,65304705,8108443,8108443,50000,878,0,0
C030142,5794481,69533772,3800707,45608484,241655042,101832844,87358233,697367,751,0,0
C030143,3772549,45270588,1435485,17225820,114087135,82797963,78024249,597111,804,0,0
C030144,6971494,83657928,4624733,55496796,273329808,65932832,59643648,693874,822,0,0
C030145,5945757,71349084,3901845,46822140,171643323,96588647,79364664,756192,882,0,0
C030146,2634310,31611720,1405475,16865700,100703607,15372212,9302830,240249,694,0,0
C030147,3012493,36149916,1592206,19106472,371736075,48924408,40679396,297103,770,0,0
C030148,4617270,55407240,1389532,16674384,83151797,40795535,24425915,228345,782,0,0
C030149,2831757,33981084,1477563,17730756,475735176,13665893,13665893,233454,786,0,0
C030150,3060730,36728760,1529250,18351000,106816752,22608362,15382007,86786,785,0,0
C030151,3402647,40831764,2282599,27391188,78432989,55366946,43716869,303847,834,0,0
C030152,3210564,38526768,2227322,26727864,173996862,19998150,19998150,266618,789,0,0
C030153,2919569,35034828,1662032,19944384,235576008,19267423,19267423,175310,692,0,0
C030154,3044569,36534828,1733157,20797884,63349697,35113477,32452839,567646,785,0,0
C030155,5793066,69516792,3910755,46929060,292513002,89590889,33806944,434540,743,0,0
C030156,5355480,64265760,2006057,24072684,260089266,27308168,16984512,620298,776,0,0
C030157,2602708,31232496,1423009,17076108,170019711,47524129,47524129,414463,746,0,0
C030158,1800000,21600000,1169144,14029728,32495438,19562552,14634216,134384,798,0,0
C030159,3145301,37743612,1985623,23827476,140601018,20358242,19360649,275925,752,0,0
C030160,4471652,53659824,3125397,37504764,117400568,9687470,9687470,175044,805,0,0
C030161,3530405,42364860,2451907,29422884,89217114,113866170,93835433,652116,794,0,0
C030162,1800000,21600000,997867,11974404,302400000,18139958,11367322,168584,803,0,0
C030163,2347754,28173048,1434058,17208696,162585410,12327142,6946924,301656,682,0,0
C030164,4089718,49076616,2996888,35962656,68463297,33528435,33528435,266017,853,0,0
C030165,3412539,40950468,1434529,17214348,143222103,18183555,18183555,425223,851,0,0
C030166,4057345,48688140,2690293,32283516,134911819,33870988,33870988,416786,724,0,0
C030167,5857564,70290768,4331476,51977712,124220019,75124877,51952418,269240,869,0,0
C030168,6208050,74496600,4801251,57615012,243666568,63726682,58026663,1127153,699,0,0
C030169,5159924,61919088,1586134,19033608,262634755,51312597,46506160,271248,824,0,0
C030170,6656738,79880856,2874228,34490736,272981192,53808644,53808644,777275,823,0,0
C030171,2482272,29787264,1277346,15328152,122574489,74948578,74948578,617893,730,0,0
C030172,4773030,57276360,3189033,38268396,120035915,95425820,80481894,749730,765,0,0
C030173,4561325,54735900,3122366,37468392,495975753,145413459,135842595,1165793,688,0,1
C030174,6709548,80514576,3727822,44733864,170708095,71444270,38448924,512579,790,0,0
C030175,3040529,36486348,2525491,30305892,111011711,34973115,34973115,333925,688,0,0
C030176,7167598,86011176,4252379,51028548,85870030,120794156,120794156,642367,785,0,0
C030177,4273654,51283848,2140069,25680828,217321922,65684902,65684902,461445,818,0,0
C030178,4162058,49944696,2288789,27465468,54840983,23907614,23094353,315634,881,0,0
C030179,3184287,38211444,1329230,15950760,117381623,44466377,31549490,280642,861,0,0
C030180,4524843,54298116,1990792,23889504,209740412,15867516,15867516,106704,706,0,0
C030181,4161776,49941312,2458749,29504988,105222972,55397833,40460259,609056,744,0,0
C030182,2033853,24406236,778823,9345876,44173823,42456445,30343594,203878,806,0,0
C030183,4385945,52631340,1809316,21711792,717887344,65530074,55368223,383626,666,0,0
C030184,6347559,76170708,3708622,44503464,112860946,72176011,56297430,381246,838,1,0
C030185,8134989,97619868,5224265,62691180,228607774,91377853,82200107,895597,781,0,0
C030186,2595833,31149996,1746014,20952168,99452501,16942283,9824775,125296,780,0,1
C030187,4576475,54917700,2614544,31374528,58712331,40743614,26338756,129870,772,0,0
C030188,1800000,21600000,1071283,12855396,155731486,7651111,7651111,162296,835,0,0
C030189,6408983,76907796,2131531,25578372,587116994,22746741,22361142,266780,873,0,0
C030190,2686347,32236164,1265673,15188076,146385389,30992342,28944137,407705,823,0,0
C030191,4926605,59119260,1893902,22726824,329435073,28857550,28857550,390910,714,0,0
C030192,5620975,67451700,3174655,38095860,215706039,41404177,27728889,342865,795,0,0
C030193,2157510,25890120,1038292,12459504,120657234,32344956,27578118,265222,836,0,0
C030194,4377364,52528368,1861341,22336092,202956068,67507714,26354320,129537,820,0,0
C030195,4487285,53847420,2764039,33168468,241502850,21115012,21115012,541186,890,0,0
C030196,6758267,81099204,2279512,27354144,210980636,126487427,114858219,135165,757,1,0
C030197,11138208,133658496,6200968,74411616,1063534721,362075346,345848076,2302145,751,0,0
C030198,3432661,41191932,2274116,27289392,336613647,48032731,34341651,399783,807,0,1
C030199,2334825,28017900,1323092,15877104,54524820,77430423,72656925,535378,753,0,0
C030200,3299920,39599040,2212435,26549220,79952800,15953026,15953026,195568,829,0,0
C030201,4638112,55657344,2786078,33432936,258451869,35062647,33590838,135556,775,0,0
C030202,7088930,85067160,4280417,51365004,659309151,35716563,35716563,924574,688,0,0
C030203,4054010,48648120,2611232,31334784,106397971,39079551,16328057,293489,777,0,0
C030204,5028915,60346980,2076351,24916212,83768527,110137533,104800932,727449,838,0,1
C030205,5311442,63737304,4067381,48808572,69448717,51068301,22599605,384042,633,1,1
C030206,4610360,55324320,2612741,31352892,50753652,58272024,32046807,315047,878,0,0
C030207,4446046,53352552,2906578,34878936,484668423,82565501,48359593,504100,779,0,0
C030208,4234364,50812368,2650140,31801680,236692404,21524860,18451609,241164,825,0,0
C030209,3581920,42983040,2554301,30651612,206316100,61428229,52593475,434225,737,0,0
C030210,1800000,21600000,993492,11921904,24193677,12749593,12749593,111459,827,0,0
C030211,5541084,66493008,3916398,46996776,434908986,53134170,47089066,436609,693,0,0
C030212,4546634,54559608,2573617,30883404,155240949,52315016,32883618,194814,808,0,0
C030213,3909515,46914180,2829804,33957648,290384394,47420949,16536638,249708,782,0,0
C030214,2524236,30290832,1016813,12201756,152208542,24602756,21532158,392571,668,0,0
C030215,4281490,51377880,2381090,28573080,64858142,74373115,37984129,473451,774,0,0
C030216,6853113,82237356,3426475,41117700,353711240,24729793,24729793,460510,754,0,0
C030217,10957559,131490708,3600713,43208556,298743918,221890432,195682722,1845143,822,0,0
C030218,4482295,53787540,2147696,25772352,244715058,28563393,28563393,183144,743,0,0
C030219,6827790,81933480,4882258,58587096,224701268,67704276,67704276,851214,679,1,0
C030220,5195166,62341992,2928942,35147304,105042888,39564582,20273959,482020,784,0,0
C030221,4554407,54652884,1656090,19873080,168973300,14171667,13922000,91088,863,0,0
C030222,5397701,64772412,2744602,32935224,231404156,80876027,64159663,883520,894,0,0
C030223,4316920,51803040,2697845,32374140,590130646,63064813,25771945,331253,824,0,0
C030224,6210338,74524056,3562966,42755592,142485563,53588681,46463883,425755,807,0,0
C030225,6170490,74045880,4509783,54117396,114875223,76062938,55694408,589813,765,0,0
C030226,4644514,55734168,4112123,49345476,172419918,58105201,54739319,848701,672,1,0
C030227,5311291,63735492,3688705,44264460,313575884,83057311,76898813,517742,741,1,0
C030228,2863600,34363200,1137424,13649088,154219772,37516985,28772373,357963,788,0,0
C030229,4971252,59655024,3113626,37363512,339378130,37340264,26394101,609569,730,0,0
C030230,6285365,75424380,4767892,57214704,139769863,67420604,49181416,125707,702,0,0
C030231,5401208,64814496,3249771,38997252,178571621,64164551,51163521,399414,750,1,0
C030232,6501569,78018828,3837833,46053996,155889878,51762404,31796580,656762,767,0,0
C030233,8035780,96429360,4137251,49647012,473659181,27754121,27754121,332284,724,0,0
C030234,3026044,36312528,1433319,17199828,136242486,54372757,30323208,60521,793,0,0
C030235,4836920,58043040,3135731,37628772,105385945,54162841,40071303,366786,792,0,0
C030236,2357077,28284924,1852890,22234680,107861506,16017631,16017631,357000,726,0,0
C030237,2252541,27030492,882230,10586760,87504083,41630975,27463509,337799,837,0,0
C030238,2243692,26924304,1444406,17332872,101382606,9552114,9552114,137804,772,0,0
C030239,2385329,28623948,1707572,20490864,160895564,21791190,21676591,252796,716,0,0
C030240,4511956,54143472,2699602,32395224,180693283,53791017,41508437,440544,824,0,1
C030241,2870308,34443696,1700022,20400264,285650682,39554633,21597978,145430,747,0,0
C030242,7628288,91539456,3692407,44308884,232927483,95102377,90933807,1119876,866,0,0
C030243,5103002,61236024,2517458,30209496,230701336,131483318,131483318,995722,815,0,0
C030244,4152158,49825896,2915732,34988784,74844528,54097187,42194242,337414,804,0,0
C030245,5174485,62093820,2191992,26303904,165137016,77643197,77643197,655298,859,0,0
C030246,5580362,66964344,2859875,34318500,203101155,98864541,74968241,589337,824,0,0
C030247,2825858,33910296,1631363,19576356,73064182,54082293,54082293,539892,950,0,0
C030248,4288800,51465600,2316042,27792504,318389199,105396588,82801485,682106,825,0,0
C030249,2273553,27282636,1440520,17286240,167585570,19083471,16078395,157680,763,0,0
C030250,3121950,37463400,2203714,26444568,125142076,36589274,36589274,434112,745,0,0
C030251,3418581,41022972,1412434,16949208,109352151,34027841,28919750,229896,753,0,0
C030252,3921266,47055192,2138169,25658028,223399038,43033025,16022373,372304,825,0,0
C030253,3495287,41943444,2828560,33942720,306696995,53273400,49672402,533990,670,0,1
C030254,2350408,28204896,1438118,17257416,50977843,59506425,53974533,385627,812,0,0
C030255,4680839,56170068,3687925,44255100,128877963,66079437,55708143,754097,628,1,1
C030256,5193404,62320848,2838039,34056468,419903954,42020241,42020241,343898,827,0,0
C030257,3810836,45730032,2691145,32293740,91299256,24412830,24412830,76217,852,0,0
C030258,10957159,131485908,8566511,102798132,391351292,91330461,91330461,1229299,721,0,0
C030259,4399306,52791672,1471794,17661528,72601759,64051345,64051345,579324,762,0,0
C030260,2649858,31798296,1401048,16812576,95242734,57575388,35837691,440224,624,0,0
C030261,3509601,42115212,2380764,28569168,93122157,56367839,52196000,414923,741,0,0
C030262,4040252,48483024,1981871,23782452,128042939,26514760,12943847,113671,764,0,0
C030263,3069247,36830964,2000025,24000300,222323279,57133517,49856765,474854,829,0,0
C030264,4294952,51539424,3031910,36382920,255372404,21704540,21235236,168943,778,0,0
C030265,1911696,22940352,1673521,20082252,39143374,13432303,7520149,156748,699,1,0
C030266,3359753,40317036,2279784,27357408,123445163,30790360,26392010,170851,816,0,0
C030267,3850822,46209864,2824022,33888264,87541124,34743617,27094370,306034,832,0,0
C030268,6604609,79255308,1651152,19813824,149217514,74968445,58055236,850580,773,0,0
C030269,4118692,49424304,2485445,29825340,84665842,28240882,16498374,263137,694,1,0
C030270,4858716,58304592,3554299,42651588,190658685,46151346,19730224,441654,758,1,0
C030271,5578708,66944496,3819809,45837708,78644845,113189431,85172325,914267,716,0,0
C030272,2965203,35582436,969489,11633868,67560220,96030724,87913760,753477,737,0,0
C030273,4996322,59955864,3663909,43966908,410548214,143937052,114469828,1070023,621,0,1
C030274,3360732,40328784,2132655,25591860,211037825,60007693,60007693,358842,808,0,0
C030275,5158990,61907880,2500962,30011544,428079146,147498612,136478756,1171149,787,0,0
C030276,2331675,27980100,1295922,15551064,126890197,24971148,23523385,148579,859,0,0
C030277,3139181,37670172,2572999,30875988,251573371,14520425,10900232,318140,798,0,0
C030278,3079024,36948288,2114600,25375200,412638912,44378261,19803154,101495,706,0,0
C030279,3830207,45962484,2233253,26799036,113449006,33770078,21949825,232520,806,1,0
C030280,1800000,21600000,1245400,14944800,44824381,25574883,16757879,163862,775,0,0
C030281,8086988,97043856,3184033,38208396,1101260312,30102075,30102075,1009530,795,0,0
C030282,4800325,57603900,3733132,44797584,252978870,51058121,34646138,628916,762,0,0
C030283,1800000,21600000,1098116,13177392,112056374,25438021,15780615,145719,828,0,0
C030284,5109204,61310448,3411991,40943892,278952789,65414147,53132276,360801,747,0,0
C030285,4611690,55340280,1735923,20831076,219486235,139931802,97960310,868611,704,0,0
C030286,3385816,40629792,1743912,20926944,250080341,29057631,29057631,391292,754,0,0
C030287,8793353,105520236,7297580,87570960,170910119,121391878,121391878,502014,689,0,0
C030288,2154734,25856808,1012377,12148524,42649933,16284663,16284663,77103,787,0,0
C030289,2939509,35274108,2509928,30119136,493837512,23599155,15413659,225909,735,0,0
C030290,7262148,87145776,4611448,55337376,1001405082,133039998,133039998,1067642,870,0,0
C030291,4469952,53639424,2661657,31939884,99979402,56612285,25712957,227981,862,0,0
C030292,3812954,45755448,1663331,19959972,72873160,47550685,33147638,252858,737,0,0
C030293,3347873,40174476,1763011,21156132,279823370,39251127,39251127,310063,834,0,0
C030294,6726890,80722680,4249820,50997840,126836857,83369133,83369133,855899,669,0,0
C030295,7457163,89485956,5179447,62153364,382408733,111141046,92178728,852903,762,0,0
C030296,3304630,39655560,2602785,31233420,196674484,55137841,40991343,427008,676,0,0
C030297,1800000,21600000,1121178,13454136,107440878,33419583,19728312,201804,696,0,1
C030298,6762673,81152076,3426372,41116464,487187869,57179875,16537245,301479,825,0,0
C030299,4240303,50883636,2228716,26744592,78122162,91860477,68807928,646133,772,2,0
C030300,4336481,52037772,2666812,32001744,223636291,103521907,81531681,881627,718,0,0
C030301,4051763,48621156,2788283,33459396,281278365,5325346,5325346,81035,807,0,0
C030302,5644153,67729836,3423371,41080452,458791408,38633636,26127930,386299,727,0,0
C030303,3022455,36269460,1912247,22946964,99910747,26876970,13677597,227200,804,0,0
C030304,3709812,44517744,1820936,21851232,194473969,38980962,38980962,277454,857,0,0
C030305,4630518,55566216,2548912,30586944,397740228,48331110,40084843,92610,755,0,0
C030306,3370560,40446720,2785031,33420372,81732957,12134045,12134045,252982,694,0,0
C030307,2590933,31091196,1172036,14064432,78381493,32677424,29034929,272810,878,0,0
C030308,6223237,74678844,5717804,68613648,136090182,75693001,75693001,687863,766,0,0
C030309,4929298,59151576,3254577,39054924,148203560,28369121,23174569,670368,827,0,0
C030310,6061132,72733584,3939770,47277240,226755491,89723881,88703328,873449,757,0,0
C030311,4054622,48655464,2897373,34768476,340849839,81746635,72444448,426660,772,0,0
C030312,1800000,21600000,1091778,13101336,52258326,27306320,13007724,143697,807,0,0
C030313,5053479,60641748,3266941,39203292,445111503,22942116,12551867,570026,737,0,0
C030314,3446362,41356344,1662680,19952160,241840512,38620446,38620446,346485,840,0,0
C030315,4694505,56334060,4164959,49979508,74300604,65258382,43256820,581911,766,0,0
C030316,3066338,36796056,2557138,30685656,352594962,72013969,46226923,492610,681,0,0
C030317,4201364,50416368,2736352,32836224,199372266,93355663,81164517,574388,798,0,0
C030318,1800000,21600000,1032862,12394344,30205343,24453876,20824410,342898,729,0,1
C030319,4069787,48837444,2534629,30415548,154456823,232459830,194040030,1413884,620,0,1
C030320,5577114,66925368,2692908,32314896,782405889,12264104,12082184,318178,931,0,0
C030321,3760522,45126264,1736885,20842620,68322262,93678443,93678443,651653,708,0,0
C030322,4300259,51603108,2614423,31373076,583287546,65296672,65296672,486810,845,0,0
C030323,4198674,50384088,1784970,21419640,101293463,94350287,94172824,669864,775,0,0
C030324,5050139,60601668,2793196,33518352,184111345,67999254,61902937,746750,836,0,0
C030325,1800000,21600000,1219956,14639472,21884319,100300529,97200000,670426,610,0,1
C030326,4458539,53502468,2882797,34593564,23532086,30354333,30354333,236116,772,0,0
C030327,7458752,89505024,5894636,70735632,240785807,97622085,94845415,706044,787,0,0
C030328,2867329,34407948,1106065,13272780,120289154,92446946,89723194,594549,774,0,0
C030329,2878937,34547244,2006170,24074040,295750558,74853230,69256231,473775,797,0,0
C030330,4871191,58454292,4404628,52855536,63378660,49924453,41794809,579598,700,2,1
C030331,2958389,35500668,1422177,17066124,60154011,27636485,18081518,193317,801,0,0
C030332,4464185,53570220,2327758,27933096,72501547,21714103,21714103,89284,888,1,0
C030333,3741271,44895252,1994508,23934096,549495457,24283662,18662575,248652,790,0,0
C030334,5599502,67194024,2202929,26435148,348846492,80604912,51810105,711153,731,1,0
C030335,10056085,120673020,5767499,69209988,617401660,173022544,140995151,1272273,816,1,0
C030336,3132621,37591452,1297629,15571548,323363062,54801989,47021693,198138,809,0,0
C030337,6092620,73111440,5363534,64362408,87287998,60764838,60764838,624459,699,0,0
C030338,5900422,70805064,3423883,41086596,610670593,44613500,36936896,486275,799,0,0
C030339,5019236,60230832,3151798,37821576,215104267,56789841,50913696,626944,738,1,0
C030340,2012021,24144252,842689,10112268,48041105,64987120,64987120,408032,829,0,0
C030341,2792383,33508596,2029824,24357888,53676244,73033523,67768558,487907,736,0,0
C030342,7970326,95643912,5744362,68932344,639501761,120289062,84810117,823677,690,0,0
C030343,1800000,21600000,1043337,12520044,25520681,50151234,39524285,381167,626,1,1
C030344,9340988,112091856,5486572,65838864,282883412,168848497,109258753,564214,797,0,0
C030345,5645348,67744176,3686806,44241672,275421447,64668540,64668540,384174,804,0,0
C030346,5363131,64357572,2066266,24795192,203264370,68627810,22883172,157952,778,0,0
C030347,4348097,52177164,1481805,17781660,440539002,28454436,28454436,120580,725,0,0
C030348,2383577,28602924,1466086,17593032,46566120,102172278,102172278,733884,810,0,0
C030349,4826938,57923256,2220812,26649744,86234928,39555791,17640669,372976,791,0,0
C030350,5903588,70843056,3404102,40849224,475371472,37672575,32616141,619890,696,0,0
C030351,2550289,30603468,1021120,12253440,350136940,19512389,13900531,210936,691,0,0
C030352,8382748,100592976,5336467,64037604,552367255,77675915,62040236,476549,868,0,0
C030353,2897791,34773492,1807433,21689196,88724022,35042820,14301972,301642,825,0,1
C030354,4122096,49465152,2119728,25436736,69466677,49904242,30090455,250507,728,0,0
C030355,6363022,76356264,3188069,38256828,438333303,63915111,37275687,983426,837,0,0
C030356,4370433,52445196,2980537,35766444,198895085,57315761,33857297,487743,723,0,0
C030357,3633314,43599768,2289583,27474996,123155613,136782704,121817904,1041615,733,0,0
C030358,4852573,58230876,1248081,14976972,106311951,39718676,11621257,135131,831,0,0
C030359,2281400,27376800,1645734,19748808,86066452,33146177,33146177,362799,815,0,0
C030360,4295314,51543768,2405483,28865796,241591860,49522769,49522769,288192,844,0,0
C030361,7112604,85351248,6590187,79082244,543803435,152231531,121512581,1129822,717,0,1
C030362,4142315,49707780,2604267,31251204,53178968,104999471,82499449,820998,708,0,0
C030363,3026169,36314028,1972369,23668428,91249826,17906891,17906891,315185,794,0,0
C030364,3038944,36467328,1439123,17269476,254015760,36415497,14755915,197038,856,0,0
C030365,3360149,40321788,1604979,19259748,37214337,23051579,20051911,274139,812,0,0
C030366,4920407,59044884,3455201,41462412,219695542,42671054,42671054,506084,840,0,0
C030367,4180393,50164716,2640217,31682604,141766747,176069296,152942730,1328654,555,2,1
C030368,2052194,24626328,1289502,15474024,258192279,48060078,41592593,385665,774,2,0
C030369,3986033,47832396,3245392,38944704,64324803,210091308,184468100,1386932,605,1,1
C030370,3208118,38497416,2103233,25238796,123947601,39030888,24513363,330783,753,0,0
C030371,7049799,84597588,3048857,36586284,60163864,86231158,65212487,223503,715,0,0
C030372,2352784,28233408,734751,8817012,44320292,26714876,15055320,338183,798,0,0
C030373,3266160,39193920,2440099,29281188,69136953,60337501,39645366,344673,593,1,0
C030374,4267006,51204072,2122552,25470624,114710951,48598075,25474225,471670,770,0,0
C030375,4373424,52481088,2521296,30255552,122383630,126282103,102771853,888304,692,1,0
C030376,3800084,45601008,2152875,25834500,638414112,28750380,28750380,149319,790,0,0
C030377,4329591,51955092,2348577,28182924,121717972,70994302,48629865,228411,831,0,0
C030378,3114868,37378416,1980575,23766900,177381717,39444970,39444970,457124,760,0,0
C030379,11494073,137928876,7362732,88352784,195785676,109331630,65499491,1083710,711,0,0
C030380,7020965,84251580,3718436,44621232,180856842,109816155,86132208,707611,791,0,0
C030381,2787795,33453540,1228703,14744436,76134982,44374818,32594363,202029,785,1,0
C030382,6128772,73545264,3143560,37722720,61299374,96275530,81643106,1005109,889,0,0
C030383,3809900,45718800,2499099,29989188,257096002,39043590,39043590,396214,748,0,0
C030384,9121986,109463832,4771039,57252468,596556416,137606019,116243089,717354,883,0,0
C030385,3040934,36491208,1658673,19904076,204385877,87110824,61126419,487997,765,0,0
C030386,5739577,68874924,4588680,55064160,136241493,35225302,12921650,369019,669,1,0
C030387,2985856,35830272,2332710,27992520,56068482,48815724,35771240,281761,785,0,1
C030388,5189409,62272908,3988614,47863368,143455333,174239397,163836842,841116,780,0,0
C030389,4221893,50662716,2979452,35753424,112576704,61824326,50494809,367710,811,0,0
C030390,6607108,79285296,2740288,32883456,351971210,183077220,166869438,1230715,769,0,0
C030391,3155844,37870128,1528752,18345024,457492448,45483498,38265188,282619,845,0,0
C030392,2978561,35742732,1591675,19100100,83087298,46021277,40811755,225053,759,0,0
C030393,4869752,58437024,2606761,31281132,140447514,56666774,31637292,380969,830,0,0
C030394,5005028,60060336,3186683,38240196,116411215,79688617,68203758,459341,800,0,0
C030395,6677643,80131716,3859642,46315704,115039223,139321536,95652945,1160527,691,0,0
C030396,5889404,70672848,4638974,55667688,444730732,75803674,60385916,394060,696,0,0
C030397,3339140,40069680,1918434,23021208,125018136,53173290,49835466,228254,790,0,0
C030398,3574451,42893412,1705645,20467740,66358964,42315412,37738739,261445,761,0,1
C030399,3116175,37394100,1417212,17006544,258667018,45270902,25138519,404850,812,0,0
C030400,5259245,63110940,3197062,38364744,143497715,71114386,41979572,563860,751,1,0
C030401,3937920,47255040,2144534,25734408,661570560,17865069,14180726,187940,697,0,0
C030402,3058173,36698076,1627623,19531476,242872119,44094305,30104150,123142,808,0,0
C030403,2528627,30343524,1410222,16922664,131914650,54986643,43238993,388866,756,0,0
C030404,1800000,21600000,938427,11261124,214769384,23411266,16609135,273112,798,0,0
C030405,5091013,61092156,3147752,37773024,66106739,161991108,153797468,1427778,653,0,0
C030406,3448694,41384328,2250156,27001872,23584025,24835154,15902913,192746,731,0,0
C030407,3908449,46901388,1385064,16620768,149876181,56807531,39319935,266350,751,0,0
C030408,4509775,54117300,2551400,30616800,195380768,120761696,90802837,473847,874,0,0
C030409,4379735,52556820,1473753,17685036,485923457,59819556,48693432,459492,862,0,0
C030410,4463597,53563164,2661925,31943100,66155971,94721777,71250374,697425,688,0,1
C030411,7399141,88789692,4427700,53132400,578058994,45817767,26749849,767122,803,0,0
C030412,3981498,47777976,2065241,24782892,141964131,53913354,39030861,492919,788,0,0
C030413,3594182,43130184,2931625,35179500,76533704,55710915,40289577,434511,725,0,1
C030414,2526431,30317172,1508607,18103284,109664074,38405745,32869714,349545,887,0,0
C030415,4363001,52356012,2214935,26579220,323978486,54624202,26850452,259181,697,0,0
C030416,6775162,81301944,6300493,75605916,396535171,39902662,27918534,736474,716,1,0
C030417,2594069,31128828,1492682,17912184,98996229,53604422,49173636,384595,772,0,0
C030418,3851851,46222212,2960669,35528028,263241079,32057224,16472680,292754,614,0,0
C030419,3411591,40939092,2420548,29046576,145146607,67705229,57805278,546023,764,0,0
C030420,2743825,32925900,1709176,20510112,273260061,36010829,19102808,352040,682,0,0
C030421,2238340,26860080,1675567,20106804,66159487,43747135,36153573,436315,761,0,0
C030422,2584361,31012332,1359086,16309032,48005345,72656130,61609299,527175,617,0,0
C030423,4851897,58222764,3131278,37575336,508097661,113958687,89101979,797071,833,0,0
C030424,5311511,63738132,3245925,38951100,632634323,143011706,143011706,1172921,728,0,0
C030425,3598804,43185648,2536717,30440604,146579416,53883798,43833351,71976,797,0,0
C030426,3457674,41492088,2233734,26804808,60526341,20904951,20690200,306942,736,1,0
C030427,5207650,62491800,3349999,40199988,486072775,118155573,93793444,941936,669,0,1
C030428,2066038,24792456,1485426,17825112,97782569,78885584,71373443,430727,725,0,0
C030429,4545879,54550548,2596737,31160844,447456969,45126014,31673806,158485,908,0,0
C030430,4225130,50701560,1608482,19301784,108861193,76019357,57109223,427848,817,0,0
C030431,4342130,52105560,2662641,31951692,75094506,61348486,45099638,616973,657,0,0
C030432,7213487,86561844,4878640,58543680,174330719,170774921,138388140,1193545,596,0,0
C030433,3574882,42898584,984336,11812032,220867640,30455535,20576361,216771,890,0,0
C030434,6275922,75311064,3257254,39087048,122736626,99955252,59194617,533841,690,0,0
C030435,3680335,44164020,2179028,26148336,359016231,73001931,65455800,450529,902,0,0
C030436,5571727,66860724,4063664,48763968,240035764,146671641,109272317,1277593,663,2,0
C030437,5360618,64327416,3942040,47304480,33488828,21055991,21055991,460134,804,0,0
C030438,5222351,62668212,2964238,35570856,332451145,122341016,122341016,931751,840,0,0
C030439,5987845,71854140,2371731,28460772,64432416,64762549,53080443,731863,858,0,0
C030440,2649071,31788852,1273203,15278436,54727628,34127885,23873118,283588,791,0,0
C030441,2406789,28881468,1433420,17201040,70120415,27582532,26495822,240775,772,1,0
C030442,6505051,78060612,3029755,36357060,513876072,58442807,48845518,409468,825,0,0
C030443,3526553,42318636,1588194,19058328,52176047,40365477,25172144,429527,823,0,0
C030444,3535110,42421320,1900355,22804260,520138317,51582688,46810179,547500,744,0,0
C030445,2698686,32384232,1620973,19451676,251778850,16971215,12132623,187538,725,0,0
C030446,4028040,48336480,3090477,37085724,103692982,121455803,89539033,713277,738,0,0
C030447,3919272,47031264,2530102,30361224,142602636,11930193,11930193,244218,898,0,0
C030448,2671679,32060148,1302569,15630828,28249877,42804793,32082362,327853,767,0,0
C030449,5819821,69837852,4602903,55234836,258889299,19678769,19678769,712377,787,0,0
C030450,1800000,21600000,974760,11697120,123332650,25780613,18531751,305000,740,0,0
C030451,1800000,21600000,1059762,12717144,100046971,16866001,8825059,77908,781,0,0
C030452,3349718,40196616,2112221,25346652,225365239,94343065,94343065,904178,786,0,0
C030453,5348612,64183344,1721053,20652636,297067974,155193019,138613956,902624,698,1,0
C030454,5689266,68271192,3806200,45674400,145149068,159314606,117784251,1289719,728,0,0
C030455,4131283,49575396,1986951,23843412,672883169,138187691,131880300,1191069,743,0,0
C030456,6617840,79414080,2537494,30449928,318374122,110662784,101729622,970274,882,0,0
C030457,2902662,34831944,2047253,24567036,105539105,84914462,66296116,347942,660,0,0
C030458,4519956,54239472,3799178,45590136,197140684,23949664,17893441,327354,818,0,0
C030459,2885849,34630188,1586791,19041492,53997492,48799755,29799505,520985,728,0,1
C030460,4928505,59142060,3041030,36492360,151284939,135408275,127352851,1080409,759,0,0
C030461,6161408,73936896,3901005,46812060,916717950,33482602,33482602,134186,851,0,0
C030462,6990380,83884560,2969877,35638524,649836873,83210204,69250035,621962,841,0,0
C030463,9446784,113361408,6116952,73403424,446086713,131844818,91230081,840075,790,0,0
C030464,4614013,55368156,2712491,32549892,519287950,34601333,13926893,512904,763,0,0
C030465,6316698,75800376,2689853,32278236,287007114,59720735,59720735,762558,831,0,0
C030466,4879022,58548264,3414226,40970712,378813757,85026155,54805666,261552,751,0,0
C030467,3392447,40709364,2162995,25955940,59260384,107988424,105583402,837465,702,0,0
C030468,3965000,47580000,2592171,31106052,94544112,161546665,132796540,1024905,670,1,0
C030469,3553217,42638604,1451688,17420256,69774477,53509870,37446547,476511,827,1,0
C030470,9634565,115614780,4428941,53147292,281027285,210863025,175647775,1360459,672,0,1
C030471,2878437,34541244,2141813,25701756,160527911,41528334,25000141,244129,796,0,0
C030472,3717716,44612592,2873226,34478712,311282834,43838308,37524701,260778,753,0,0
C030473,8072476,96869712,5449846,65398152,263292283,178706837,149462782,958109,677,0,0
C030474,4160467,49925604,2172651,26071812,698958456,166142490,162616289,1265141,850,0,0
C030475,2786968,33443616,1352720,16232640,25266210,25722385,20036477,103611,847,0,0
C030476,2563133,30757596,1282625,15391500,103530556,21615229,21615229,89475,864,0,0
C030477,4757462,57089544,2637601,31651212,395165714,20881103,20574545,95149,835,0,0
C030478,2217680,26612160,1798192,21578304,20054874,9828692,9828692,222105,804,0,0
C030479,5397194,64766328,4658312,55899744,318110699,77925565,60751388,581900,772,0,0
C030480,3019747,36236964,2215185,26582220,183909142,11415068,11415068,153765,836,0,0
C030481,9221986,110663832,6979736,83756832,181328488,181200767,147166304,1216602,708,0,0
C030482,5817011,69804132,3785436,45425232,583738899,118956410,101543479,1041719,766,0,0
C030483,3589553,43074636,2260788,27129456,356219729,39223462,22669082,321065,754,0,0
C030484,3767634,45211608,3383779,40605348,273636876,78748458,55617199,608318,699,1,0
C030485,4248124,50977488,2430187,29162244,658161343,20482359,11829264,84962,808,0,0
C030486,5673673,68084076,3437221,41246652,282980652,77076393,62237936,553574,889,0,0
C030487,2660153,31921836,1710540,20526480,70789655,24555627,14389037,220814,841,0,0
C030488,5726757,68721084,3333428,40001136,299885090,211175090,176744325,1485361,799,2,0
C030489,1895115,22741380,1447478,17369736,74604634,16823372,14925190,175573,811,0,0
C030490,3758754,45105048,2471249,29654988,100395933,52901210,35088776,525553,706,0,0
C030491,4542894,54514728,2387266,28647192,138688865,80273989,44308857,759474,698,0,0
C030492,3808739,45704868,1892138,22705656,142039933,61109686,41939436,462435,851,0,0
C030493,4059674,48716088,1698546,20382552,130177328,21498913,12604393,248841,724,0,0
C030494,1961750,23541000,768891,9226692,82101606,19016172,19016172,194164,792,0,0
C030495,7099397,85192764,3601882,43222584,769549574,126557647,124011093,1151037,720,0,0
C030496,4214795,50577540,1918849,23026188,82310951,117871460,96970107,882937,724,0,0
C030497,3521995,42263940,2382463,28589556,52922981,45932638,35060452,466888,753,0,0
C030498,2310615,27727380,1465394,17584728,61087595,50358059,38073788,408224,737,0,0
C030499,4632918,55595016,2789245,33470940,129677500,21575603,20659286,92658,859,0,0
C030500,5146532,61758384,2643467,31721604,89753441,137558596,114158804,875984,662,1,1
C030501,4085451,49025412,2077158,24925896,191277332,55143239,30540877,194139,752,0,1
C030502,4604960,55259520,2932193,35186316,104755748,16934309,12956347,527365,812,0,0
C030503,4745564,56946768,4250803,51009636,676757793,178677221,149325534,1112050,653,2,1
C030504,5744874,68938488,2920035,35040420,302464933,36246408,36246408,185435,844,0,0
C030505,4048003,48576036,3318143,39817716,86657923,34159277,29218291,354213,733,0,0
C030506,2790718,33488616,985088,11821056,142443635,25011734,10848985,55814,776,0,1
C030507,2850673,34208076,2405036,28860432,426710972,16682214,16682214,389564,675,0,0
C030508,2373761,28485132,1545173,18542076,164122100,25989149,14717878,203295,756,0,0
C030509,3346078,40152936,1845026,22140312,95863544,23361261,23361261,239835,794,0,0
C030510,6397393,76768716,3646336,43756032,104750848,69566967,56576005,888204,756,1,0
C030511,6262527,75150324,3864812,46377744,86379132,65331523,65331523,840751,773,0,0
C030512,2996423,35957076,2582849,30994188,82447581,16721242,16721242,322808,787,0,0
C030513,4020050,48240600,2878364,34540368,251041434,53694678,24066102,153560,798,0,0
C030514,3467211,41606532,1587763,19053156,201841104,47730054,45720012,464522,789,0,0
C030515,1838055,22056660,1134442,13613304,79938857,22786854,18215430,254373,759,0,0
C030516,3243972,38927664,1530952,18371424,189910098,45954097,36763371,630048,806,0,0
C030517,12000000,144000000,5276802,63321624,385481001,167333760,167333760,2072016,818,0,0
C030518,3729741,44756892,2722477,32669724,38923016,36617502,18542549,222492,824,0,0
C030519,6293113,75517356,2830335,33964020,409762290,77218128,49126895,383003,753,0,0
C030520,6843129,82117548,3695918,44351016,598709412,74997561,70524437,688900,838,0,0
C030521,5162562,61950744,1700741,20408892,107561341,34844458,22893290,414661,791,0,0
C030522,7923907,95086884,4447979,53375748,144677542,75361799,75361799,507954,837,0,0
C030523,2466331,29595972,1995655,23947860,112970940,9934170,7422854,50000,750,0,0
C030524,6661258,79935096,3279252,39351024,251403314,52558393,45720973,876268,827,0,0
C030525,4391977,52703724,2814833,33777996,37073737,125199338,105030239,690346,669,1,0
C030526,8382352,100588224,5061452,60737424,276935196,384526943,344156542,3074067,785,0,0
C030527,7354621,88255452,3421827,41061924,90964957,55582616,38156629,970552,860,0,0
C030528,6248843,74986116,3049254,36591048,129195192,68607079,23888631,638678,839,1,0
C030529,3298308,39579696,1952036,23424432,402284322,31377089,23064819,268586,767,0,0
C030530,3901402,46816824,1998312,23979744,85205271,25117972,25117972,221711,893,0,0
C030531,3275866,39310392,2063919,24767028,95646507,28171760,26761126,296854,825,0,0
C030532,5007651,60091812,3888814,46665768,257074868,48267327,20026305,264421,707,1,0
C030533,2478703,29744436,1778473,21341676,114891018,41253441,34296486,393462,630,1,0
C030534,3936468,47237616,1775862,21310344,163468822,30069527,30069527,262623,731,1,0
C030535,4157847,49894164,1822718,21872616,200937223,27591326,13303723,114172,869,0,0
C030536,2351784,28221408,1754819,21057828,86240517,59208363,59208363,308344,713,0,0
C030537,4324563,51894756,3407099,40885188,275880515,66922630,60539738,496464,690,1,0
C030538,2823737,33884844,2213490,26561880,157378801,21865503,11636015,159940,678,1,0
C030539,7084347,85012164,4133832,49605984,615033101,82728802,53931419,1106149,784,0,0
C030540,2813927,33767124,2092347,25108164,42292484,42863483,37786814,342421,685,0,0
C030541,4060158,48721896,2758447,33101364,450754113,44786685,34862561,603637,632,1,0
C030542,3443745,41324940,1606427,19277124,270572023,68713820,52855009,508288,856,0,0
C030543,7692303,92307636,2532390,30388680,232977556,54503764,25164748,153846,783,0,0
C030544,5338667,64064004,2703132,32437584,158835833,39420530,39420530,259997,796,1,0
C030545,6854861,82258332,3150910,37810920,594371171,184650863,130786270,1300174,772,0,0
C030546,3456132,41473584,1629110,19549320,117960493,46496882,25728809,369231,803,0,0
C030547,3049068,36588816,1953930,23447160,144415672,36367251,20464139,170175,782,0,0
C030548,1882213,22586556,1833430,22001160,128232411,38658913,37746457,247507,778,0,0
C030549,4030597,48367164,2311646,27739752,81643619,42940580,24156067,427522,801,0,0
C030550,3370869,40450428,1696410,20356920,176197046,49816572,48187542,465664,831,0,0
C030551,1800000,21600000,967899,11614788,33384685,16380894,16380894,55979,782,0,0
C030552,4832701,57992412,2135420,25625040,634302840,144336185,119885791,895225,821,0,0
C030553,4337220,52046640,2045970,24551640,161923101,41728133,26099515,311959,849,0,0
C030554,7810087,93721044,3724838,44698056,193885975,253877600,219719558,1319720,752,1,1
C030555,4754057,57048684,2429712,29156544,45474848,47552130,40431815,318458,843,0,0
C030556,3166560,37998720,3076389,36916668,83046385,126853645,126853645,900957,681,0,1
C030557,2032239,24386868,1676996,20123952,341416152,23530407,19922450,150321,853,0,0
C030558,4834557,58014684,2988261,35859132,154027697,60572200,52038859,531085,768,0,1
C030559,2565138,30781656,1272547,15270564,81021895,94352618,77326459,535708,750,0,0
C030560,6685604,80227248,4453590,53443080,169650403,71853988,58671005,276193,756,0,0
C030561,2714460,32573520,1788641,21463692,252882596,27200903,11500006,146786,774,0,0
C030562,3722934,44675208,2855653,34267836,238475328,44479006,35503557,386419,725,1,0
C030563,4917362,59008344,2840347,34084164,256267278,66491267,38921992,207685,867,0,0
C030564,4655439,55865268,2363760,28365120,188056330,116972280,99620412,544099,764,0,0
C030565,6208229,74498748,4584778,55017336,707254495,41547729,21875182,755115,697,2,0
C030566,3161424,37937088,1892014,22704168,138840508,97858655,87333485,702083,744,0,0
C030567,4575710,54908520,2395752,28749024,73347415,38047560,23478835,117838,927,1,0
C030568,5639686,67676232,4812228,57746736,69696318,61041546,47162188,452027,827,0,0
C030569,2324532,27894384,1401465,16817580,87406502,29192674,18313401,216340,710,0,0
C030570,2795274,33543288,2116424,25397088,286780100,79692834,68804391,706251,636,0,0
C030571,2157961,25895532,1214168,14570016,70217009,30422627,20516043,320261,727,0,0
C030572,4980026,59760312,2702624,32431488,157892973,82839752,52741257,792563,751,0,0
C030573,4875113,58501356,3575289,42903468,272955670,79367992,49039841,464867,639,1,0
C030574,7673012,92076144,3777374,45328488,248340967,33611490,33611490,153460,758,1,0
C030575,4219540,50634480,2906846,34882152,342240504,51659930,26126972,517957,850,0,0
C030576,3475793,41709516,2185869,26230428,267333885,16625311,16625311,424144,829,0,0
C030577,2361306,28335672,1316887,15802644,125410785,16278191,16278191,50000,850,0,0
C030578,4046784,48561408,1540848,18490176,138256981,99525930,93678617,881192,815,0,0
C030579,1847200,22166400,874059,10488708,168556188,108815576,94190437,635615,650,0,1
C030580,3374859,40498308,1521987,18263844,143309640,33280611,27114533,221204,734,0,0
C030581,5451493,65417916,3229720,38756640,165087349,131407227,107235911,1035699,781,0,0
C030582,1943320,23319840,1109894,13318728,114147980,62163388,60024508,440315,634,1,1
C030583,6396057,76752684,3714841,44578092,272128736,25578889,25578889,554673,850,0,0
C030584,5158729,61904748,3198656,38383872,101393500,118425323,82199433,1039474,704,0,0
C030585,4359980,52319760,2376179,28514148,61829638,40560471,32802735,432405,782,0,0
C030586,12000000,144000000,6080408,72964896,434098606,114858289,76732476,1329337,749,0,0
C030587,2946039,35352468,1644910,19738920,266180503,39926384,27803007,225096,867,0,0
C030588,4918620,59023440,3569234,42830808,138503166,37101643,18948435,212950,739,0,0
C030589,7999845,95998140,4573353,54880236,544557733,49396196,44485036,433336,789,0,0
C030590,5207242,62486904,3075708,36908496,183703651,72401239,41554674,653951,807,0,0
C030591,7498462,89981544,5652570,67830840,158647838,148650651,86399686,1095770,642,0,0
C030592,6837770,82053240,2728218,32738616,128423776,50797453,28749659,306306,703,0,0
C030593,3934354,47212248,983589,11803068,156613954,25135057,25135057,125941,811,0,0
C030594,5354062,64248744,3439463,41273556,178958594,93340845,69066759,789503,731,1,0
C030595,4248062,50976744,1945305,23343660,361987909,60322147,41126062,362379,784,0,0
C030596,5381376,64576512,2814577,33774924,292093638,51272262,38249024,559708,642,0,0
C030597,3608804,43305648,1949197,23390364,133346935,24020705,9854417,205047,726,0,1
C030598,3070382,36844584,1965515,23586180,65567260,63025016,47930992,500585,761,0,0
C030599,6445942,77351304,4126795,49521540,114408770,129447958,99312207,1089687,772,0,1
C030600,2546111,30553332,1478857,17746284,196090248,30976263,30976263,242539,755,0,0
C030601,2920281,35043372,1594470,19133640,268182161,23474878,23474878,187901,853,0,0
C030602,7735833,92829996,5491929,65903148,243823651,166584234,144194227,1487916,691,0,0
C030603,2177241,26126892,944746,11336952,149711122,7912017,7526109,220870,805,0,0
C030604,1800000,21600000,915434,10985208,67064462,18686330,17825304,159696,800,0,0
C030605,4384735,52616820,3232695,38792340,49450750,61687677,40639116,187804,861,0,0
C030606,4882770,58593240,3355668,40268016,342932656,8594489,8328228,250805,832,0,0
C030607,7516369,90196428,5413656,64963872,303424266,109946744,58364970,1051248,761,0,0
C030608,5066143,60793716,2375354,28504248,342026862,192432115,192432115,1277745,765,0,0
C030609,4051241,48614892,2710985,32531820,210094461,22316352,16558427,231961,763,1,0
C030610,3136021,37632252,2284822,27417864,94106519,60889499,45260906,501607,661,0,0
C030611,3693911,44326932,2999556,35994672,393884514,26897721,24533247,386286,874,0,0
C030612,7581773,90981276,3784976,45419712,126217850,87128795,79125053,543513,861,0,0
C030613,4406415,52876980,2424186,29090232,97004452,117698364,98540145,745810,705,0,1
C030614,3056806,36681672,2369271,28431252,130805815,28226478,25740266,369496,745,0,0
C030615,4479885,53758620,1927987,23135844,185391594,89830255,89830255,497639,823,0,0
C030616,3510242,42122904,1514483,18173796,152779502,99575156,99575156,809414,696,0,0
C030617,3473272,41679264,2224978,26699736,123520779,46578241,29584689,147939,748,0,0
C030618,1883080,22596960,1014588,12175056,316357440,24965658,14388148,297872,736,0,0
C030619,2816417,33797004,1732737,20792844,65499968,65979387,60081713,502691,766,0,0
C030620,3509722,42116664,1596587,19159044,102887287,36431273,18554914,79002,882,0,0
C030621,6145825,73749900,3491926,41903112,362708073,50527093,37909849,401313,866,0,0
C030622,2728358,32740296,1762853,21154236,210759649,29884629,20270023,113704,785,0,0
C030623,9126335,109516020,6765870,81190440,494778575,117639094,104564348,867433,888,0,0
C030624,7586395,91036740,4819156,57829872,317161983,68838482,68838482,932053,733,0,0
C030625,4105985,49271820,2238903,26866836,397989372,50917971,37095237,384755,827,0,0
C030626,3710724,44528688,2620996,31451952,549839877,213764420,200379096,1210895,690,0,0
C030627,3751944,45023328,2324195,27890340,137408067,26032537,22038190,204874,858,0,0
C030628,4025012,48300144,2156244,25874928,250921837,56195992,50242446,185160,872,0,0
C030629,5208078,62496936,3131131,37573572,175597720,58654151,43931296,573241,720,1,0
C030630,3448105,41377260,1801629,21619548,96505802,157088676,153705081,1161943,737,0,0
C030631,2602329,31227948,1578728,18944736,138461940,35195181,29214773,261898,734,0,0
C030632,3986125,47833500,2562749,30752988,18540091,44180257,39855425,506942,727,0,0
C030633,2797324,33567888,1064529,12774348,278752601,26067879,26067879,281843,927,0,0
C030634,5994787,71937444,3643104,43717248,144788693,118463519,86906469,726648,717,0,0
C030635,4805849,57670188,4168149,50017788,201927200,62440041,57465514,678820,759,0,0
C030636,2890729,34688748,1408508,16902096,139628175,75802606,73045655,651679,839,0,0
C030637,2978540,35742480,1878077,22536924,91778934,41008618,41008618,270527,838,0,0
C030638,5557349,66688188,3161929,37943148,210933371,82632168,59807179,562196,804,0,0
C030639,2249131,26989572,1157388,13888656,79199319,19970086,16720586,130719,817,0,0
C030640,6129994,73559928,3208796,38505552,44560905,24814709,24814709,301184,813,0,0
C030641,4509703,54116436,1884508,22614096,168055604,31005840,21825448,188259,874,0,0
C030642,5273480,63281760,3433985,41207820,154613828,56078945,15976907,643698,639,0,0
C030643,5727813,68733756,3152687,37832244,133006714,109743338,81657117,725113,780,0,0
C030644,3300364,39604368,2472111,29665332,155802898,15121205,8953732,304394,723,1,0
C030645,3822623,45871476,3441569,41298828,183635067,40496193,25374568,433047,705,0,0
C030646,4179346,50152152,3300147,39601764,91772078,46017289,21204391,257294,729,0,0
C030647,4243512,50922144,3119709,37436508,235817291,64627049,55149647,467859,868,0,0
C030648,1854631,22255572,1206028,14472336,63319457,13461737,12809344,212861,812,1,0
C030649,3648697,43784364,2845787,34149444,300640505,63429564,63429564,630964,715,0,0
C030650,5129802,61557624,2303960,27647520,202738402,84244777,80305185,845104,736,0,0
C030651,2948264,35379168,1657310,19887720,64683894,54012793,39627867,564160,687,0,0
C030652,4807975,57695700,1895448,22745376,236645831,39755243,29591902,263445,743,0,0
C030653,2403993,28847916,1257940,15095280,62866999,14164657,14164657,151081,785,0,0
C030654,4078223,48938676,3073868,36886416,100155515,93031711,55168449,595649,773,0,0
C030655,4618908,55426896,3127296,37527552,775976544,58741589,39158519,519708,719,0,0
C030656,3492606,41911272,1468393,17620716,159747835,33003268,29150585,279366,786,0,0
C030657,8804761,105657132,3086846,37042152,860806604,64867062,22331348,668534,686,0,0
C030658,5203899,62446788,1882070,22584840,286917644,44737292,43478879,281751,822,0,0
C030659,3980785,47769420,1346653,16159836,252115596,43229571,21380766,441273,764,0,0
C030660,10213945,122567340,5657550,67890600,331416732,123446784,97110126,928360,840,0,0
C030661,5251915,63022980,2249982,26999784,645518328,72450688,53384846,601230,849,0,0
C030662,3567589,42811068,1001638,12019656,259931093,54877348,29863722,71352,821,0,0
C030663,2605895,31270740,1588610,19063320,85355411,44285518,21453010,441622,731,0,0
C030664,6084233,73010796,3284036,39408432,241619370,116242335,116242335,1206557,703,0,0
C030665,3117836,37414032,1261494,15137928,111409128,35382354,19622545,322735,814,0,0
C030666,2858413,34300956,1648124,19777488,121059086,36956308,32177794,270521,842,0,0
C030667,3278675,39344100,1676157,20113884,300312056,38682128,38682128,206636,842,0,0
C030668,5711047,68532564,2930300,35163600,277637150,103668800,100050556,759596,723,0,0
C030669,6557915,78694980,4559746,54716952,157970044,109996357,109547778,527615,793,0,0
C030670,2540487,30485844,1558639,18703668,87393366,23845139,17947269,282918,754,0,0
C030671,4367590,52411080,2232772,26793264,150573679,27701569,19951126,280738,950,0,0
C030672,4648707,55784484,3420158,41041896,269023526,91406236,80898076,595643,814,0,0
C030673,3135569,37626828,2014281,24171372,165311857,30402642,30402642,378958,737,0,0
C030674,2617859,31414308,798240,9578880,99699016,20212710,13110190,52357,739,0,0
C030675,2617376,31408512,1434264,17211168,29659145,28431463,15864920,304935,769,0,0
C030676,2303182,27638184,1409622,16915464,53377705,29997813,17828652,108971,728,0,0
C030677,5020168,60242016,3720052,44640624,232900628,48506487,36332585,428365,843,0,0
C030678,3673301,44079612,2344911,28138932,435815660,60656425,35287150,666480,703,0,0
C030679,8094156,97129872,5537724,66452688,1259277563,279103944,249957299,1446844,680,1,0
C030680,3900263,46803156,1943531,23322372,98474486,67333933,40071475,551289,739,0,0
C030681,4385572,52626864,2774556,33294672,331997897,47493568,33974957,412423,746,0,0
C030682,3415562,40986744,1620502,19446024,371442810,59088003,59088003,535214,822,0,0
C030683,1968592,23623104,1396012,16752144,330723456,21353651,15516785,340762,666,0,0
C030684,4000914,48010968,2692477,32309724,194702097,73785579,48397706,444618,783,0,0
C030685,4733925,56807100,3540179,42482148,452513791,49229810,37098308,274672,702,0,0
C030686,9794034,117528408,4552201,54626412,171286427,172580824,153626255,1150620,746,0,1
C030687,4579769,54957228,2041529,24498348,136903320,105374007,91544260,680399,837,1,0
C030688,1800000,21600000,769937,9239244,21816340,11002966,6926566,87638,840,0,0
C030689,2045399,24544788,1061751,12741012,231529161,8692708,4365409,76806,824,0,0
C030690,3039162,36469944,2193547,26322564,230423845,25478693,24056475,455193,612,3,0
C030691,2494957,29939484,1419785,17037420,357232709,13747526,10830948,126555,811,1,0
C030692,3761403,45136836,2293370,27520440,106026257,39892091,39892091,408629,773,0,0
C030693,5482917,65795004,3253686,39044232,140894808,67824702,27939987,473554,660,0,1
C030694,5061717,60740604,2305970,27671640,232865538,43932241,34836966,258652,806,0,0
C030695,4698894,56386728,2836306,34035672,316002994,14301760,14301760,165242,796,0,0
C030696,12000000,144000000,6740420,80885040,778943418,144727969,101697756,1122954,918,0,0
C030697,4478933,53747196,2518167,30218004,173338852,30645797,20462444,515347,809,0,0
C030698,5049964,60599568,2828750,33945000,431152072,62214199,37560704,435478,866,0,0
C030699,4805531,57666372,2452547,29430564,103150441,44804891,22066136,193225,824,0,0
C030700,5160936,61931232,2124007,25488084,450712241,19072000,19072000,337988,831,0,0
C030701,1802264,21627168,1076762,12921144,133312978,59016330,53755942,419300,717,0,0
C030702,8386814,100641768,4247055,50964660,451863649,45837053,45837053,1059165,837,0,0
C030703,2122012,25464144,1299725,15596700,57207633,52658817,45889061,336181,742,0,1
C030704,5262607,63151284,3531031,42372372,244025934,54566595,28867166,416473,790,0,0
C030705,1800000,21600000,1294703,15536436,176566342,12851643,12851643,201697,857,0,0
C030706,4816596,57799152,3513372,42160464,274365693,64918891,51420470,405363,782,0,0
C030707,4912937,58955244,3185253,38223036,201874108,84068774,60020863,354555,748,0,0
C030708,2999270,35991240,2191007,26292084,64388965,56533403,44608840,287941,901,0,0
C030709,7256623,87079476,4399368,52792416,982888647,143001000,128163289,900505,821,0,0
C030710,3001615,36019380,2033451,24401412,48534437,46194081,46194081,466551,802,0,0
C030711,3133683,37604196,1488345,17860140,112599863,19971508,13343468,148979,774,1,0
C030712,3395891,40750692,2115002,25380024,88548195,30868243,30868243,287324,826,0,0
C030713,2323527,27882324,1844479,22133748,390352536,19998988,12566475,173146,781,0,0
C030714,4007907,48094884,1669153,20029836,60187201,33159385,31937780,112581,795,0,0
C030715,1800000,21600000,985635,11827620,55659759,19889360,16189266,242250,849,0,0
C030716,2515591,30187092,1636852,19642224,333791352,45970798,38530054,386063,761,0,0
C030717,3949187,47390244,3043277,36519324,406480105,33480210,19707494,342955,721,0,0
C030718,3684828,44217936,3368752,40425024,64865951,48446016,32030755,302657,819,0,0
C030719,4340795,52089540,2002898,24034776,518610481,156397088,136285409,1170021,664,0,1
C030720,2024332,24291984,1126955,13523460,135032927,70815981,68997863,541109,738,0,0
C030721,1800000,21600000,1005933,12071196,58652929,18983149,13909025,86655,893,0,0
C030722,4450862,53410344,2824371,33892452,134575284,39432423,32500692,374518,655,0,0
C030723,4799102,57589224,3432099,41185188,153549868,37989089,37989089,457376,871,0,0
C030724,5701696,68420352,1425424,17105088,142576069,58366930,45981081,651753,811,0,0
C030725,4256008,51072096,1886898,22642776,258021200,74197595,47641852,381436,686,1,0
C030726,8561885,102742620,3406988,40883856,549660870,136839156,70015854,574901,811,0,0
C030727,3986473,47837676,3276360,39316320,200043469,130481085,116451966,769507,775,0,1
C030728,5983140,71797680,5121294,61455528,118222004,147350987,140656664,931492,711,0,0
C030729,3244531,38934372,2039334,24472008,210746600,20167201,15766167,205710,783,0,0
C030730,3754938,45059256,2405335,28864020,630829584,31507767,17982353,75099,730,0,0
C030731,3989494,47873928,2179046,26148552,157866368,94414871,80117116,750397,647,2,0
C030732,4406524,52878288,2941209,35294508,56936423,56112434,39781505,476986,855,0,0
C030733,2506966,30083592,1734615,20815380,220318849,33075981,33075981,230633,808,0,0
C030734,5910270,70923240,3033398,36400776,343492060,165531537,123236167,930535,792,0,1
C030735,8203211,98438532,2274411,27292932,980799238,197060140,165045270,1369428,805,0,0
C030736,3682233,44186796,2324734,27896808,233494147,53377193,38771863,351745,814,0,0
C030737,4786106,57433272,2068504,24822048,76003760,63893722,63893722,629481,816,0,0
C030738,4960396,59524752,2147240,25766880,158184835,81252245,79145199,468800,774,0,0
C030739,3230882,38770584,2612419,31349028,124635032,122544108,107400124,831525,644,0,0
C030740,3457007,41484084,1804031,21648372,201035894,125625451,116141582,715740,715,0,0
C030741,4072007,48864084,2239122,26869464,292746200,84626655,83250033,665193,809,0,0
C030742,4571572,54858864,2064175,24770100,195012201,24842455,24233203,372937,872,0,0
C030743,4202287,50427444,3460979,41531748,28842366,61404599,34183585,314218,773,0,0
C030744,5488095,65857140,3114429,37373148,54237585,78667585,67582515,1177455,867,0,0
C030745,3485745,41828940,2665919,31991028,154436654,40227714,16220270,446674,687,0,0
C030746,6647207,79766484,3008395,36100740,103350544,70065237,57412331,631712,700,0,0
C030747,5145667,61748004,3932894,47194728,277923065,102750961,93224273,924041,653,0,0
C030748,3811985,45743820,2438243,29258916,220181249,77124021,56721364,486019,773,0,0
C030749,6523199,78278388,3358664,40303968,345882112,37226112,37226112,275181,786,0,0
C030750,8397764,100773168,3607499,43289988,577481049,114076280,70812623,818594,819,0,0
C030751,4615626,55387512,3052940,36635280,92083407,159716013,147312549,1128788,687,0,1
C030752,5185264,62223168,1960985,23531820,64223420,62280134,56064305,714701,743,1,1
C030753,2675644,32107728,2148770,25785240,98893141,62496462,58901962,552240,778,0,0
C030754,2785779,33429348,1695652,20347824,69670725,54325734,54325734,492084,789,0,0
C030755,4913053,58956636,2881484,34577808,825392904,69172244,55010271,529252,817,0,0
C030756,1994820,23937840,684611,8215332,108450971,12492625,5250460,56270,821,0,0
C030757,4158513,49902156,2092050,25104600,41845358,138194096,130293262,709967,714,1,0
C030758,5862540,70350480,5719396,68632752,55802779,168069137,147562086,1327636,551,3,1
C030759,3024894,36298728,1991360,23896320,72886734,70948510,50960680,329139,797,0,0
C030760,2303296,27639552,1591094,19093128,133784150,53762738,33767861,278027,701,1,0
C030761,2095135,25141620,885776,10629312,206250519,28205052,19169018,218644,881,0,0
C030762,3698250,44379000,2469912,29638944,396567984,40348696,29612321,519713,694,0,0
C030763,3159763,37917156,1822674,21872088,128069869,35109862,13558471,323732,807,0,0
C030764,5974508,71694096,3602648,43231776,137526004,79893197,51491236,392051,838,0,0
C030765,5968718,71624616,3168202,38018424,362597181,57912755,57912755,698668,855,0,0
C030766,8544386,102532632,4480749,53768988,413858955,111491957,107341052,1144435,808,0,0
C030767,3834556,46014672,2378907,28546884,136284786,29996090,29754591,318428,799,0,0
C030768,5419238,65030856,3175687,38108244,98151725,66454557,61470299,888625,770,0,0
C030769,3769395,45232740,2968814,35625768,308781566,60431470,60310936,423700,763,0,0
C030770,1800000,21600000,1199811,14397732,188669889,13113347,4349498,101350,787,0,0
C030771,5719019,68628228,3996200,47954400,191713980,130149524,130149524,1087885,834,0,0
C030772,4883085,58597020,3094970,37139640,60405009,80082235,59594912,532240,821,0,0
C030773,3248442,38981304,2077533,24930396,194863234,35125599,25726974,244188,928,0,0
C030774,8343107,100117284,4959656,59515872,434881874,133246010,108958291,958111,688,0,0
C030775,5087097,61045164,2708603,32503236,205766191,62808402,46065352,633255,771,0,0
C030776,4660859,55930308,2541578,30498936,362214850,48581653,45901885,346854,813,0,0
C030777,3187369,38248428,957770,11493240,267567197,22303126,22010451,201069,851,0,0
C030778,3898241,46778892,2458875,29506500,119586717,84886835,80249893,714074,925,0,0
C030779,3219383,38632596,1688434,20261208,205965898,50405402,40230971,361508,830,0,0
C030780,2217940,26615280,1231746,14780952,109887914,35331119,27523519,147120,816,0,0
C030781,6435353,77224236,3399860,40798320,415879673,28357410,28357410,327268,780,0,0
C030782,2943929,35327148,1036755,12441060,137957771,137496049,119054499,785949,811,0,0
C030783,5797776,69573312,2433734,29204808,90372890,55031520,26220354,509658,793,0,0
C030784,2951975,35423700,2126195,25514340,381792195,50444682,44935972,370370,797,0,0
C030785,5446380,65356560,3727847,44734164,236872517,117181168,92717254,733432,708,0,0
C030786,2883067,34596804,1697779,20373348,236893323,68701365,56226795,695342,672,0,0
C030787,5155585,61867020,3301077,39612924,123703895,19895794,19895794,103112,751,0,0
C030788,6445569,77346828,2633926,31607112,298161378,92934719,88773349,726423,799,0,1
C030789,3296418,39557016,1717176,20606112,553798224,87543333,87543333,659014,754,0,0
C030790,4231748,50780976,3893662,46723944,337427631,52935175,26510323,526647,661,0,0
C030791,6701733,80420796,4023515,48282180,109578789,52738126,21555047,466478,820,0,1
C030792,5736683,68840196,3144193,37730316,161658331,48574940,23724953,506646,860,0,0
C030793,2257394,27088728,1585785,19029420,379242192,40189337,34810636,252550,735,0,1
C030794,2822625,33871500,2087861,25054332,139743703,35340829,29034736,191834,756,0,0
C030795,3588197,43058364,1507218,18086616,105057799,31543404,18101037,340995,748,0,0
C030796,3661007,43932084,1971882,23662584,76902232,61155745,61155745,596828,730,0,0
C030797,8087515,97050180,4334124,52009488,311399626,197091130,185314092,1469080,670,0,1
C030798,4434462,53213544,2108734,25304808,29634519,45507952,28566654,471334,768,0,0
C030799,5237889,62854668,1836473,22037676,612945223,120383602,105167425,748951,811,0,0
C030800,3929623,47155476,2477304,29727648,197209584,42736904,42736904,126041,859,0,0
C030801,3282345,39388140,1903466,22841592,513771076,89966132,78328285,571430,862,0,0
C030802,5309370,63712440,2163762,25965144,775331414,90245536,75204186,713382,845,0,0
C030803,3612349,43348188,1246009,14952108,329040223,58695759,45330290,332958,783,0,0
C030804,2547703,30572436,1715052,20580624,50592773,70443133,70443133,426234,777,0,1
C030805,4517738,54212856,1938874,23266488,252339526,24071777,14675026,90355,843,0,0
C030806,6748552,80982624,4848251,58179012,189835564,80289176,80289176,1038944,820,0,0
C030807,3076440,36917280,1717650,20611800,90482987,37899210,18278664,340258,911,0,0
C030808,1800000,21600000,991080,11892960,74855358,39781671,37618963,292256,733,0,1
C030809,6293478,75521736,4826396,57916752,355939671,123041593,96616318,686383,716,0,0
C030810,3814890,45778680,1550699,18608388,108028077,47549725,47549725,424698,782,0,0
C030811,4929876,59158512,3937797,47253564,828219168,88294394,66632467,808583,638,0,0
C030812,4171266,50055192,1670061,20040732,374763166,48377641,33619533,346706,747,0,0
C030813,4323573,51882876,3035442,36425304,73992543,73512340,59973788,505762,675,0,0
C030814,2753181,33038172,2368389,28420668,29535584,58993756,43538928,431928,672,1,0
C030815,3483110,41797320,1843003,22116036,138635440,18405619,17716080,444859,828,1,0
C030816,10365306,124383672,4593149,55117788,107733108,225014362,176316922,1350835,816,0,0
C030817,5890019,70680228,3729742,44756904,248568782,81494080,62433397,743320,783,0,0
C030818,2033536,24402432,1150245,13802940,200599794,20142260,11127662,117452,834,0,0
C030819,3226906,38722872,2437847,29254164,82329786,26287291,13403896,341280,712,0,0
C030820,4638712,55664544,2823863,33886356,224041062,50779615,41830084,538549,817,0,0
C030821,3613881,43366572,2139567,25674804,51682244,37984162,30433439,362754,881,0,0
C030822,6513185,78158220,2353973,28247676,444368103,73232479,33942751,433511,807,0,0
C030823,1800000,21600000,809608,9715296,248214538,17513879,11931401,237420,809,0,0
C030824,2308169,27698028,1527890,18334680,85450477,18106272,17562585,182224,950,0,0
C030825,3315221,39782652,2399215,28790580,255589855,40782012,24433764,414068,759,0,0
C030826,5328861,63946332,3737552,44850624,895248648,38960457,20753268,169513,767,1,1
C030827,2301082,27612984,1590858,19090296,206551866,27633734,15603180,120196,718,0,0
C030828,3941534,47298408,2534770,30417240,133147751,35497186,29029588,359331,792,0,0
C030829,3094728,37136736,1886688,22640256,345788561,62276314,55505923,607044,744,0,0
C030830,2169868,26038416,1373325,16479900,78891054,64508529,49821747,381566,638,0,0
C030831,6784567,81414804,4529288,54351456,504675111,45083952,45083952,457599,793,0,0
C030832,1966344,23596128,864932,10379184,42656488,22619486,16910735,217156,731,0,0
C030833,2161905,25942860,1071392,12856704,289481899,16187746,15115725,318012,671,0,0
C030834,2942532,35310384,2020491,24245892,254436005,79019131,59423865,445866,726,0,0
C030835,7758309,93099708,4320665,51847980,1303395912,57735690,54597597,895968,839,0,0
C030836,9491652,113899824,6298335,75580020,121593965,43984404,43984404,837368,736,0,0
C030837,4442906,53314872,2414872,28978464,206669368,37404218,37404218,188818,802,0,0
C030838,2605585,31267020,909111,10909332,257343611,68972097,68972097,543802,754,0,1
C030839,3014096,36169152,2114623,25375476,255081174,54936082,50155798,380951,679,0,0
C030840,1806925,21683100,1029067,12348804,44645247,27862796,27193680,238419,787,0,0
C030841,7711550,92538600,4110637,49327644,526180568,119695721,79236048,926914,827,0,0
C030842,5519687,66236244,1379922,16559064,77544726,64681084,64681084,1064801,799,0,0
C030843,2072762,24873144,1503494,18041928,115266320,37216146,28878756,171300,708,0,0
C030844,2153208,25838496,1167295,14007540,87832969,33588705,23566180,274937,713,1,0
C030845,8777568,105330816,3804474,45653688,831369083,97156954,70881026,535029,855,0,0
C030846,3708053,44496636,2064566,24774792,175002047,37918555,30090777,342343,781,0,0
C030847,3670763,44049156,2039627,24475524,81776450,71895421,54441688,429059,763,0,0
C030848,6027135,72325620,3511721,42140652,267294809,38168100,38168100,521715,761,0,0
C030849,8998430,107981160,6378039,76536468,90433009,207293801,185036965,1078520,848,0,0
C030850,5150908,61810896,2861725,34340700,418341270,35584859,23985949,162842,845,0,0
C030851,2804503,33654036,1522449,18269388,100457356,31139977,15509829,328944,735,1,0
C030852,6024374,72292488,2180604,26167248,188794505,72179652,37112797,240982,779,0,0
C030853,4407837,52894044,1101959,13223508,116509306,44406433,19468277,320290,866,0,0
C030854,7889472,94673664,4284208,51410496,201071162,114511457,103877864,729411,742,0,0
C030855,2686305,32235660,1685705,20228460,185823492,35882693,24013049,363845,725,0,0
C030856,6636086,79633032,3570043,42840516,694808021,44696103,39872105,543548,847,0,0
C030857,4202138,50425656,2228856,26746272,473215149,84366364,61665453,412975,726,0,0
C030858,6685787,80229444,3383767,40605204,103265045,141524779,107140250,599592,802,0,0
C030859,7602743,91232916,3014845,36178140,267209889,77398999,44333122,282746,798,0,0
C030860,3832924,45995088,1471917,17663004,43108552,25829315,23933344,409846,747,0,0
C030861,3082585,36991020,2412379,28948548,55817655,63130442,61921835,486846,748,0,0
C030862,3336455,40037460,1121021,13452252,88390545,42622371,21524474,76839,790,0,0
C030863,3912272,46947264,2408635,28903620,109249732,49112879,43717204,344154,777,0,0
C030864,6280739,75368868,3521739,42260868,1002771432,90861750,90861750,1090435,796,1,0
C030865,3067316,36807792,1355057,16260684,69342591,128765359,103765517,814552,705,1,1
C030866,2787004,33444048,1848881,22186572,56842482,26074981,20802569,157366,739,0,0
C030867,6080551,72966612,3732772,44793264,273814742,182068236,156783443,1026103,717,0,0
C030868,6044696,72536352,3150775,37809300,358853020,59891685,43992241,743611,839,0,0
C030869,3904071,46848852,3381122,40573464,147128911,101140628,84893921,413154,686,1,0
C030870,5172306,62067672,3458132,41497584,206190124,24569296,24569296,500302,793,0,0
C030871,2849765,34197180,1343886,16126632,176878880,34226447,29365736,314553,776,0,0
C030872,4722634,56671608,3267383,39208596,168779976,41621604,41621604,365400,750,0,0
C030873,2984410,35812920,1193335,14320020,85773552,25625485,18962578,252115,807,0,0
C030874,4513584,54163008,2759659,33115908,646538113,33081659,33081659,561278,769,0,0
C030875,4606900,55282800,2750989,33011868,116230035,87396079,72322734,489734,719,0,0
C030876,10478021,125736252,4725531,56706372,613173818,256170930,236761718,2082096,749,0,0
C030877,3219915,38638980,2420283,29043396,116545825,69514735,42043966,443118,640,1,1
C030878,4869548,58434576,2313740,27764880,397231136,22634727,22634727,427209,739,0,0
C030879,2898317,34779804,1553255,18639060,96765974,22534074,16196045,355518,813,0,0
C030880,8059914,96718968,6314019,75768228,324802988,79865597,42772823,897745,882,0,0
C030881,4327464,51929568,3142774,37713288,324763098,23041788,19177911,219578,810,0,0
C030882,6487266,77847192,2888327,34659924,337542598,78446459,45883579,875558,792,0,0
C030883,4732744,56792928,2882643,34591716,87081456,62176607,49192845,474762,809,0,0
C030884,6404975,76859700,4666787,56001444,128222072,91515051,89281380,1023394,819,0,0
C030885,6064228,72770736,3040980,36491760,163058819,63101239,20518585,410199,748,0,0
C030886,5418801,65025612,2410660,28927920,482824873,21754857,21754857,275351,821,0,0
C030887,2535157,30421884,1529260,18351120,425906376,10421030,8387976,130186,815,0,0
C030888,2396643,28759716,982262,11787144,133094311,48744788,41401092,213818,782,0,0
C030889,8438772,101265264,4186064,50232768,596552469,188668126,163498397,1486974,766,0,0
C030890,2386487,28637844,782992,9395904,94333220,18816846,18816846,165661,788,0,0
C030891,7212036,86544432,4033893,48406716,627798745,59680725,51782100,781047,836,0,0
C030892,4351637,52219644,2846428,34157136,75242590,47712829,47074829,517721,718,0,1
C030893,1871691,22460292,901460,10817520,54642114,25055945,13856247,76402,729,0,0
C030894,2404168,28850016,1162824,13953888,65014351,28494156,28494156,233134,779,0,0
C030895,3514484,42173808,1594732,19136784,219560641,46719394,35250376,123542,725,0,0
C030896,5933403,71200836,3136595,37639140,214310065,123580632,114805862,1075121,742,1,0
C030897,6368277,76419324,3442084,41305008,107337286,77427044,50386427,460350,702,0,0
C030898,2272029,27264348,1252918,15035016,171315123,17816478,11038940,127111,838,0,0
C030899,2121151,25453812,826497,9917964,111923782,23353041,16881866,266458,828,0,0
C030900,3654203,43850436,2596433,31157196,66852083,55565032,34423868,281883,737,0,1
C030901,2850077,34200924,1274619,15295428,478812936,96267990,89109080,686656,692,0,1
C030902,3181707,38180484,2246953,26963436,66985937,99116761,91682720,468397,751,0,0
C030903,5576781,66921372,2351885,28222620,197328592,42993790,42993790,450380,917,0,0
C030904,3232160,38785920,2587113,31045356,161904345,93349709,69973708,507200,695,0,0
C030905,3859580,46314960,2423002,29076024,222571670,77414302,75563888,683113,822,0,1
C030906,4227599,50731188,2596051,31152612,144903820,12100047,12100047,84552,801,0,0
C030907,4118146,49417752,2766441,33197292,164424897,40350392,29138334,359073,688,1,0
C030908,2181157,26173884,1241195,14894340,28375021,32391142,32391142,186035,839,0,0
C030909,4714862,56578344,2120980,25451760,101277806,15774153,12161661,328425,828,0,0
C030910,3190041,38280492,1001201,12014412,117985580,65551521,51872506,354039,722,1,0
C030911,3123688,37484256,1949717,23396604,166781747,109314333,101044472,676610,767,0,1
C030912,4215231,50582772,3059626,36715512,172192383,57872616,56714999,360887,770,0,0
C030913,2974208,35690496,1825926,21911112,54680714,119875594,116113656,813924,761,0,0
C030914,2617123,31405476,1715726,20588712,312920270,50092595,43805016,349616,827,0,0
C030915,4408170,52898040,2129261,25551132,325920746,79633486,54754602,715554,707,0,0
C030916,6396930,76763160,3904283,46851396,356577850,196359370,169949893,1164426,739,0,0
C030917,6309245,75710940,3632407,43588884,499993462,110657732,109634582,1155462,706,0,0
C030918,4813750,57765000,2472025,29664300,395523665,116979996,111864318,1124331,753,0,0
C030919,2402382,28828584,1365492,16385904,25666422,37215818,28021785,313686,853,0,0
C030920,4355611,52267332,3589804,43077648,461481452,52260271,22371661,467212,707,1,0
C030921,4296377,51556524,1504676,18056112,500667771,56207114,51366186,659948,768,0,0
C030922,4172581,50070972,2034537,24414444,183019884,52904773,35060002,318097,744,0,0
C030923,4222691,50672292,2184716,26216592,380183061,69124865,47056918,437139,775,0,0
C030924,1800000,21600000,1661431,19937172,44055316,26740754,18432535,214104,707,0,1
C030925,3919313,47031756,2686972,32243664,282408684,37276489,32647181,339259,773,0,0
C030926,4871369,58456428,2124507,25494084,303523826,34451969,22953430,179758,786,0,0
C030927,4180155,50161860,2025775,24309300,181392443,37293532,24987608,356919,876,0,0
C030928,4330404,51964848,3430077,41160924,101599099,36456448,30077497,576579,709,1,0
C030929,6969104,83629248,4583719,55004628,349097553,54756473,37715709,247119,823,0,0
C030930,4770226,57242712,2919318,35031816,173050969,27894696,23650810,153584,811,0,0
C030931,3369461,40433532,2207531,26490372,330012308,16432576,9252542,93136,783,0,1
C030932,12000000,144000000,6335724,76028688,760706440,85647870,85647870,1045730,734,0,0
C030933,4978670,59744040,2567948,30815376,254251237,64357247,47278615,462772,851,0,0
C030934,2609584,31315008,1404140,16849680,241274832,36630726,13100298,63739,755,0,0
C030935,2431012,29172144,1095797,13149564,63103108,10244046,10244046,50000,838,0,0
C030936,4854633,58255596,2765486,33185832,172310693,97336669,97336669,673275,766,0,0
C030937,3777030,45324360,2048033,24576396,82557402,73579809,60322964,503572,590,5,1
C030938,4182252,50187024,2019421,24233052,449479390,33063469,33063469,385743,854,0,0
C030939,5868878,70426536,4343870,52126440,230787142,95327775,76350984,685093,706,0,0
C030940,1953918,23447016,1532824,18393888,35825206,18641293,13082630,50000,834,0,0
C030941,4737160,56845920,2887196,34646352,318642622,80521685,57385256,664854,798,0,0
C030942,2406589,28879068,1436012,17232144,43640576,58309885,51287808,498450,674,1,1
C030943,4496927,53963124,3002601,36031212,498133431,82242124,51345799,580941,747,0,0
C030944,6246544,74958528,3376071,40512852,167010031,61285488,36644797,272247,778,0,0
C030945,5784948,69419376,4652408,55828896,171663064,195614682,141386124,844148,678,0,1
C030946,4088176,49058112,2079490,24953880,200639377,123535701,117175908,1132039,738,0,0
C030947,4228324,50739888,3349506,40194072,168090378,59956368,42161598,557355,788,0,0
C030948,6739589,80875068,3458980,41507760,89685802,91530498,90128035,1042107,757,0,0
C030949,7148323,85779876,4442092,53305104,275947356,42459549,42459549,469900,753,0,0
C030950,2632524,31590288,1915118,22981416,162225390,32646280,20597851,179584,778,0,0
C030951,4687665,56251980,3254837,39058044,314976241,82922136,48179243,378215,850,0,0
C030952,3735979,44831748,1581898,18982776,203527063,70995128,52410447,508402,730,0,0
C030953,4177745,50132940,2393177,28718124,54176181,58240892,47061625,606230,731,1,0
C030954,2523708,30284496,827115,9925380,100906852,49067664,37410680,290777,823,0,1
C030955,5278863,63346356,3065291,36783492,134088079,67481715,65398763,565857,721,0,0
C030956,6587847,79054164,4262164,51145968,382363619,152874954,125014768,953920,852,0,0
C030957,4672434,56069208,2927413,35128956,228558616,97163717,89581188,621103,811,0,0
C030958,4497375,53968500,3480396,41764752,626464372,60635261,44607850,297008,725,0,0
C030959,4789158,57469896,2642105,31705260,207420960,28870263,28870263,479018,805,0,0
C030960,3856051,46272612,2454215,29450580,279986478,33382136,21618264,444363,614,0,1
C030961,6659247,79910964,3184365,38212380,361339002,88305265,88305265,746662,730,0,0
C030962,5199287,62391444,3081697,36980364,213318078,99861854,94285888,758561,819,0,0
C030963,4808603,57703236,2273601,27283212,113835481,124876928,98758352,646781,711,0,0
C030964,4167327,50007924,1713295,20559540,126528517,31380629,18935750,199900,853,0,0
C030965,7055119,84661428,6257011,75084132,257401796,172721639,154628159,942100,667,0,1
C030966,1800000,21600000,988491,11861892,87675158,13385197,4677861,82791,688,0,0
C030967,2914448,34973376,2098644,25183728,89428762,35526877,23626949,285939,750,0,0
C030968,7882666,94591992,4104701,49256412,1099863091,193494551,168546607,1080184,793,0,0
C030969,4055115,48661380,2679291,32151492,490457021,89443491,84849281,542955,823,0,0
C030970,3097641,37171692,1781316,21375792,519277157,108964669,91301914,617441,742,0,0
C030971,4474016,53688192,1905139,22861668,482717383,41953605,37144705,755149,808,0,0
C030972,4483739,53804868,4335042,52020504,199515645,200571694,192435444,1604007,630,0,1
C030973,2443881,29326572,1453619,17443428,132705248,31264839,14551235,113670,803,0,0
C030974,5660377,67924524,3021271,36255252,244241762,51026395,51026395,390486,727,0,0
C030975,5548717,66584604,2804531,33654372,105748322,47520845,11978040,554560,882,0,0
C030976,3511847,42142164,1592890,19114680,176712723,53049274,48779748,417757,751,0,0
C030977,6233118,74797416,2540550,30486600,45538572,134920229,108965896,380059,800,0,0
C030978,2263245,27158940,654796,7857552,41276522,7562132,6486331,113709,782,0,0
C030979,4741014,56892168,2071499,24857988,132271275,43920646,38169167,94820,844,0,0
C030980,3700779,44409348,1064128,12769536,225497821,53272117,35100769,314112,790,0,0
C030981,2132581,25590972,1380621,16567452,27748056,22068577,19740628,256624,716,0,0
C030982,2267604,27211248,1878560,22542720,236731011,66025422,66025422,363613,761,0,0
C030983,4028792,48345504,2202747,26432964,88870202,51226475,39302176,232957,731,0,0
C030984,4217104,50605248,3222222,38666664,427645241,49597864,36494763,264035,795,0,0
C030985,2116548,25398576,1593520,19122240,85687599,50363016,34988147,363507,596,1,1
C030986,2772055,33264660,1847913,22174956,222083914,48660671,37981840,251867,789,0,1
C030987,4730830,56769960,2442515,29310180,162491268,77686987,65812754,574012,794,0,0
C030988,3055757,36669084,1430128,17161536,254745147,53982368,40513128,208617,728,0,0
C030989,1994138,23929656,1182895,14194740,129772321,16971808,13291255,183121,833,0,0
C030990,4512651,54151812,2168264,26019168,39574112,50955712,48874437,265684,814,0,0
C030991,7339444,88073328,4711981,56543772,457538366,41065227,27680639,422303,839,0,0
C030992,9866480,118397760,5041174,60494088,253778339,299761795,249969801,1416701,799,0,0
C030993,3763950,45167400,2978066,35736792,202458334,12683653,12683653,75279,746,0,0
C030994,3208310,38499720,1713728,20564736,54760719,34558654,34558654,176463,866,0,0
C030995,9247744,110972928,4283164,51397968,367927202,86969250,83073742,801117,839,0,0
C030996,3801882,45622584,2482564,29790768,83638836,44305875,44305875,527079,844,0,0
C030997,4952937,59435244,3755958,45071496,103624712,68282685,67976856,527784,826,0,0
C030998,3288257,39459084,1869639,22435668,150268312,100121403,82858799,665336,737,0,0
C030999,4273491,51281892,3156126,37873512,82455639,44526661,31103419,411813,828,0,0
C031000,2868676,34424112,1793654,21523848,86983346,37526501,20264001,343383,821,0,0
C031001,4309511,51714132,1871276,22455312,386989279,118202142,88586557,748233,758,0,0
C031002,3207300,38487600,2169880,26038560,102285398,25372901,16582692,307888,868,0,0
C031003,4116124,49393488,2324482,27893784,259977588,22212027,9239120,82322,832,0,0
C031004,2735366,32824392,2356278,28275336,149453955,37885027,28277899,247037,824,0,0
C031005,3482031,41784372,1947072,23364864,136775331,42975754,39856008,540741,779,1,0
C031006,3815073,45780876,2550025,30600300,198152560,103009136,79948055,661759,796,0,0
C031007,3057367,36688404,1727283,20727396,99012031,33530650,15481330,61147,882,0,0
C031008,3146866,37762392,2317732,27812784,375311294,33181677,33181677,236206,733,0,0
C031009,7493590,89923080,4527323,54327876,295574743,187818334,167401519,1829959,704,0,0
C031010,4257636,51091632,2505747,30068964,171996421,51919373,44032109,289707,767,0,0
C031011,3610349,43324188,1633800,19605600,145671888,56324947,29743020,407409,815,0,0
C031012,4254681,51056172,3021641,36259692,476306597,61561089,25145276,252435,725,1,0
C031013,2654880,31858560,1167225,14006700,100902513,24617370,14787589,172545,759,0,0
C031014,4199231,50390772,1923583,23082996,28732430,48674472,26856455,180105,821,0,0
C031015,5611381,67336572,1843519,22122228,55959462,143572758,143572758,1008684,738,0,0
C031016,4216414,50596968,1387434,16649208,233876741,31683337,24910987,262167,855,0,0
C031017,3807494,45689928,2637972,31655664,284964594,57581381,26220032,249593,710,0,0
C031018,2056576,24678912,1017127,12205524,43215858,11477764,7009707,88320,766,0,0
C031019,6540761,78489132,4223401,50680812,330277984,120697058,82876843,1586243,695,0,0
C031020,3017011,36204132,2400797,28809564,494470194,23271043,16545207,192142,736,0,0
C031021,2775480,33305760,1975659,23707908,156629299,23078732,20018101,406318,844,1,0
C031022,4143668,49724016,2181283,26175396,160749822,16570849,12252566,231803,771,0,0
C031023,5333226,63998712,3728584,44743008,75360201,38344629,35026678,743806,740,0,0
C031024,6516798,78201576,2730856,32770272,188038113,55186650,25026552,477032,849,0,0
C031025,5454887,65458644,3928665,47143980,137266302,296929535,289247657,1507722,739,0,0
C031026,2462078,29544936,872179,10466148,285451562,11552568,10415819,50000,760,0,0
C031027,2499604,29995248,1821803,21861636,86525601,12468018,12468018,162871,835,0,0
C031028,1973687,23684244,812367,9748404,218422311,16474936,16324607,123131,820,0,0
C031029,3816111,45793332,1704746,20456952,145984312,46624245,46624245,407243,768,0,0
C031030,2427153,29125836,1695786,20349432,338159217,15760736,15760736,342625,667,0,0
C031031,9661054,115932648,3636039,43632468,531422447,81793340,81793340,924096,849,0,0
C031032,3649142,43789704,957341,11488092,212181109,34492217,34492217,384378,806,0,0
C031033,4172420,50069040,1362297,16347564,75686880,119738289,106447264,436973,745,0,0
C031034,4907539,58890468,1226885,14722620,84669666,127642747,126522189,1245453,724,0,0
C031035,5074571,60894852,3633049,43596588,544121947,187251256,157486242,768334,665,1,1
C031036,6041479,72497748,4262749,51152988,137708044,102900112,76321785,746284,868,0,0
C031037,6973558,83682696,5678322,68139864,342967410,110423280,60683659,759066,672,2,0
C031038,4365809,52389708,3499332,41991984,220238675,47643634,36623134,411032,696,0,1
C031039,2278477,27341724,1012615,12151380,382784136,12510960,12510960,162815,789,0,0
C031040,3199846,38398152,2535810,30429720,460245423,31869021,21349827,235561,698,2,0
C031041,4946456,59357472,2198860,26386320,178146777,247846438,227408725,1584638,797,0,1
C031042,8467414,101608968,4153652,49843824,377927859,271536034,237363602,1408261,692,1,0
C031043,7230693,86768316,3477352,41728224,359536951,66737208,50476374,829734,803,0,0
C031044,2274727,27296724,1365462,16385544,173969712,22460729,19176365,198827,845,0,0
C031045,3940321,47283852,1643804,19725648,122980886,114598117,106284164,916287,809,0,0
C031046,4204072,50448864,1576497,18917964,57348311,66994671,32617122,489691,838,0,0
C031047,2431296,29175552,1181323,14175876,43140426,53523494,53523494,209329,669,0,1
C031048,5602629,67231548,2963585,35563020,135392314,31522615,28955052,379457,717,0,0
C031049,3906447,46877364,2564775,30777300,110590682,30977396,15147515,299346,826,0,0
C031050,6977967,83735604,3830838,45970056,322734438,106493741,82903814,659703,791,0,0
C031051,7322544,87870528,4310184,51722208,194457849,97466386,97466386,1170112,838,0,0
C031052,1847725,22172700,1143553,13722636,86131022,15580144,6200576,60095,807,0,0
C031053,4302585,51631020,2305350,27664200,722834280,36895581,21775354,256124,801,0,0
C031054,3950962,47411544,2213750,26565000,309715431,62177201,39947857,375372,780,0,0
C031055,2622134,31465608,1400964,16811568,77047213,35646582,20810625,184497,783,0,0
C031056,5734198,68810376,1835559,22026708,194217564,46055806,46055806,439885,817,0,0
C031057,3155835,37870020,1684014,20208168,86960658,28334665,26406639,395269,786,0,0
C031058,6029850,72358200,3223003,38676036,1013014800,124874265,124874265,1162942,799,0,0
C031059,5194037,62328444,1607098,19285176,309446499,75689993,35207108,103881,865,0,0
C031060,5421603,65059236,3477967,41735604,233561194,92017536,67563500,694375,795,0,0
C031061,3635747,43628964,2538436,30461232,57312549,27003453,6108547,350495,743,0,0
C031062,5304703,63656436,1326176,15914112,69620166,27602160,17533699,579883,886,0,0
C031063,7440247,89282964,4824914,57898968,286059204,147876088,119257759,987352,776,0,0
C031064,2393390,28720680,1676411,20116932,23087372,54208138,40090950,436943,718,0,0
C031065,4812986,57755832,2239765,26877180,290704824,67275432,48092973,96260,760,0,0
C031066,2697698,32372376,1961136,23533632,106638361,25694225,12425538,245552,799,0,0
C031067,5657878,67894536,4000339,48004068,374438672,28806439,27359923,416084,860,0,0
C031068,4178825,50145900,2418181,29018172,614371011,36743595,18187092,83577,830,0,0
C031069,4325990,51911880,3201503,38418036,90828032,55532655,44194033,312398,856,0,0
C031070,5894718,70736616,1795131,21541572,123028018,177381989,168758285,1340336,802,0,0
C031071,4592671,55112052,1864198,22370376,393473085,76975132,43015236,647327,706,1,0
C031072,2808521,33702252,1406603,16879236,471831528,37809307,30014294,308123,754,0,0
C031073,3041226,36494712,1889776,22677312,93815168,38473157,35698853,182049,844,0,0
C031074,2997668,35972016,1234598,14815176,126660073,109363078,107026922,799364,782,0,0
C031075,4555936,54671232,3284655,39415860,269488252,37841420,34559879,366524,803,0,0
C031076,9561925,114743100,4880711,58568532,417620867,296463195,285651330,2198520,710,0,0
C031077,5361455,64337460,3224627,38695524,187279670,31710924,31710924,107229,894,0,0
C031078,2630873,31570476,1905804,22869648,75570738,37949793,37529831,417678,879,0,0
C031079,5099368,61192416,2655302,31863624,143845379,72192878,63449938,541435,782,0,0
C031080,1800000,21600000,894561,10734732,180517094,26789900,15774256,148979,752,1,0
C031081,4474345,53692140,2868073,34416876,114015953,33339799,33339799,426260,789,0,0
C031082,3050194,36602328,2365769,28389228,137193758,55827386,40028578,589957,752,0,0
C031083,8598454,103181448,3671564,44058768,601317622,122379669,69506261,447358,834,0,0
C031084,5862352,70348224,3921942,47063304,73025950,156041010,142682487,972926,738,0,0
C031085,5125120,61501440,2395042,28740504,171048851,32522938,32173389,238772,857,0,0
C031086,4673381,56080572,3144021,37728252,338033776,100214557,93111315,1014124,743,0,0
C031087,2687998,32255976,2144030,25728360,365078251,27912024,26102825,344968,800,0,0
C031088,1954570,23454840,1295839,15550068,30996826,32747232,26771485,231840,800,0,0
C031089,4893965,58727580,3058471,36701652,184037830,28122210,11336486,483739,777,0,0
C031090,5700239,68402868,3522008,42264096,75770843,39847453,39847453,114005,797,0,0
C031091,4806180,57674160,2801423,33617076,477954746,36913601,36913601,507163,791,0,0
C031092,3953529,47442348,1122208,13466496,393709113,53355937,24260238,600502,718,0,1
C031093,3085732,37028784,1937928,23255136,81561263,80302987,57712681,394945,709,1,0
C031094,4535030,54420360,2368748,28424976,185122177,30688004,30688004,365907,802,0,0
C031095,6803455,81641460,4473419,53681028,454467422,55349129,44717244,814181,756,1,0
C031096,2394312,28731744,967443,11609316,402244416,21771685,16246131,59810,861,0,0
C031097,8695605,104347260,7097933,85175196,326256266,141802496,116713597,1100964,762,0,0
C031098,4543863,54526356,3118639,37423668,88949238,52397720,36752162,304718,772,0,0
C031099,5705203,68462436,3703809,44445708,403884590,51057851,30052617,547114,720,0,0
C031100,3663713,43964556,1115527,13386324,241619134,5764441,5764441,91855,849,0,0
C031101,1800000,21600000,1039657,12475884,183383977,26198025,23296554,168574,780,0,0
C031102,1800000,21600000,1107612,13291344,72666530,10254242,6716706,120166,736,0,0
C031103,2836834,34042008,1801115,21613380,151868658,84549111,76531842,561967,750,0,0
C031104,3389090,40669080,2714459,32573508,246378018,33097662,33097662,96646,742,0,0
C031105,2249782,26997384,1135504,13626048,128946480,35970282,28136416,244775,815,0,0
C031106,2511241,30134892,1977229,23726748,128728388,18528537,10952007,299263,767,0,0
C031107,3334521,40014252,1857458,22289496,473763882,129922704,122234738,819996,617,1,0
C031108,2831360,33976320,1296655,15559860,269498537,13935442,13935442,259941,761,0,0
C031109,4454779,53457348,2893964,34727568,179784464,61140167,44444005,563620,762,0,0
C031110,5771989,69263868,2773414,33280968,458769374,86777018,68424550,516963,808,0,0
C031111,5344124,64129488,3589223,43070676,560572764,75836164,37392537,639730,736,0,0
C031112,2912206,34946472,1436919,17243028,69880586,21046888,21046888,243004,828,0,0
C031113,9661648,115939776,5967933,71615196,595440173,93138315,65792103,397663,859,0,0
C031114,3465241,41582892,2050754,24609048,155243476,19038530,19038530,145089,752,0,0
C031115,3388105,40657260,1677978,20135736,569201640,98855017,81925279,716886,718,0,0
C031116,2684188,32210256,1651988,19823856,197298320,21135501,21135501,182829,785,1,0
C031117,4474177,53690124,2856691,34280292,169704589,73351838,60758033,668118,661,3,0
C031118,4500964,54011568,2480850,29770200,101893764,13792567,13792567,90019,831,0,0
C031119,4765914,57190968,3316365,39796380,136623771,80764682,43178755,746762,810,0,0
C031120,3653258,43839096,2014598,24175176,349714997,47004142,40592800,340794,820,0,0
C031121,1800000,21600000,1432084,17185008,132987308,22497290,18912052,205691,772,0,1
C031122,5349266,64191192,2976673,35720076,177465709,57294318,48447734,246532,762,0,0
C031123,5012152,60145824,2263551,27162612,82995288,35460259,22824981,770948,762,0,0
C031124,1800000,21600000,1016734,12200808,76388266,19567398,19567398,172455,788,1,0
C031125,4026899,48322788,2728043,32736516,26282750,66402541,49009004,391955,771,1,0
C031126,3749624,44995488,1982157,23785884,514132710,5562194,5562194,429710,809,0,0
C031127,4862120,58345440,3099444,37193328,51414504,45712771,45712771,684307,877,0,0
C031128,5018627,60223524,3146731,37760772,251637285,47885630,44643824,429461,830,0,0
C031129,3664075,43968900,1132794,13593528,64302709,55993584,43607379,625199,766,0,0
C031130,5492682,65912184,3272196,39266352,280534431,143431878,128166301,942876,768,0,0
C031131,6200136,74401632,3672476,44069712,236037379,33744725,17399678,448670,682,0,0
C031132,6354157,76249884,3022161,36265932,218937226,7874273,7874273,246669,834,0,0
C031133,3855946,46271352,2755664,33067968,213610960,57583662,57583662,342745,769,0,0
C031134,3988490,47861880,2742349,32908188,151468220,215378460,215378460,1465845,609,1,1
C031135,1800000,21600000,1358730,16304760,72596629,31879100,24773684,114563,812,0,0
C031136,3437635,41251620,3243445,38921340,65333341,8481695,8481695,397817,650,0,0
C031137,2653152,31837824,1523429,18281148,26862521,35990647,21180338,265076,798,0,0
C031138,7614200,91370400,2410752,28929024,326621548,45625688,15104461,211459,792,0,0
C031139,5130648,61567776,3741800,44901600,861948864,30974569,15952637,574144,868,0,0
C031140,4877254,58527048,2691447,32297364,493192618,90856615,86398139,822361,844,0,0
C031141,5428484,65141808,2511401,30136812,416583377,57978144,46313968,373991,804,0,0
C031142,7614356,91372272,4921569,59058828,427006133,142536483,108719870,679043,813,0,0
C031143,1800000,21600000,1261348,15136176,57432226,14238629,14238629,81432,777,0,0
C031144,3496415,41956980,1054056,12648672,167339390,57681721,30166332,412019,813,0,0
C031145,4239477,50873724,2396874,28762488,123262889,50897373,45423762,454126,809,0,0
C031146,5895201,70742412,3654164,43849968,512503847,84761862,78073190,909329,720,0,0
C031147,2523592,30283104,1350127,16201524,75646810,58292635,49518586,350344,764,0,0
C031148,4671961,56063532,2110820,25329840,233516102,50989801,43307998,533899,757,0,0
C031149,3470447,41645364,1715177,20582124,230871332,19157650,19157650,214743,748,0,0
C031150,5878029,70536348,2488106,29857272,269503551,142855899,88827227,599735,750,0,0
C031151,6214614,74575368,3513790,42165480,184826480,95383242,72682280,251578,945,0,0
C031152,2591215,31094580,1232805,14793660,85349213,47962176,36813068,307972,705,0,0
C031153,6729015,80748180,5387893,64654716,179945354,101550609,73441376,377739,877,0,0
C031154,1800000,21600000,999330,11991960,52656873,28249663,23704643,261230,750,0,0
C031155,4350817,52209804,2597899,31174788,172164280,85158246,69186281,721904,838,0,1
C031156,5338256,64059072,2705704,32468448,97614897,28543926,23318696,291187,775,0,0
C031157,2844341,34132092,1299332,15591984,88771593,17230218,17230218,77807,818,0,0
C031158,3249535,38994420,2244163,26929956,81669200,27290913,16766070,82215,722,0,0
C031159,3348732,40184784,2110706,25328472,123032399,57453993,41011934,325597,717,0,0
C031160,5572272,66867264,2520977,30251724,111347656,22236505,22236505,143743,842,0,0
C031161,2653408,31840896,1506058,18072696,115160139,52622000,42891150,326390,763,1,0
C031162,3798176,45578112,1410788,16929456,60859617,32723211,29681605,320660,810,1,0
C031163,6473995,77687940,4659318,55911816,257431142,348906280,331058112,2159619,694,0,0
C031164,3116416,37396992,1867254,22407048,231599274,28234717,21787364,211740,771,0,0
C031165,2725354,32704248,1443653,17323836,457859472,47312940,47312940,152275,691,1,0
C031166,3766726,45200712,2789769,33477228,157457973,34289602,27751557,532203,808,1,0
C031167,4287165,51445980,2708165,32497980,180270380,48627441,25479292,374455,752,0,0
C031168,4246542,50958504,2046413,24556956,495711633,82644738,58516637,488098,835,0,0
C031169,3600325,43203900,2171010,26052120,83189035,53044711,36307176,446037,683,0,1
C031170,3403073,40836876,1467237,17606844,71555267,78971806,66935604,579780,801,0,0
C031171,3417375,41008500,2204509,26454108,39459151,71609698,70272420,713309,697,0,0
C031172,5984475,71813700,3118265,37419180,204387050,124975797,106371094,648239,816,0,0
C031173,2379162,28549944,1410016,16920192,42005127,22544584,22544584,237893,866,0,0
C031174,3275568,39306816,1880923,22571076,243991972,81619432,74589023,491146,825,0,0
C031175,1800000,21600000,1377521,16530252,52529396,34597060,32519768,213070,750,0,0
C031176,5003647,60043764,2886121,34633452,550282054,48135933,32511442,537707,783,0,0
C031177,4240401,50884812,2271378,27256536,55157948,73762554,57470092,483501,803,0,0
C031178,5299277,63591324,2896300,34755600,123738657,118672878,81952153,745381,697,0,0
C031179,4231190,50774280,2391118,28693416,488351002,10713846,8706059,84624,746,0,0
C031180,5150461,61805532,4024744,48296928,174279198,60813115,36051655,485406,718,0,1
C031181,6732913,80794956,4231134,50773608,725264129,49970821,20296117,211206,844,0,0
C031182,2739818,32877816,2267730,27212760,435515395,22640113,10643257,79287,823,0,0
C031183,10327433,123929196,7401241,88814892,232815839,170844082,155803811,538378,777,0,0
C031184,3224392,38692704,2132358,25588296,94249643,19754711,19754711,160668,919,0,0
C031185,3034894,36418728,1954755,23457060,339580883,33072901,17379678,359146,715,0,1
C031186,2873950,34487400,1541953,18503436,296803521,62705673,54394392,451361,742,0,0
C031187,4163177,49958124,2982215,35786580,219842296,115730885,102130751,722325,773,0,0
C031188,3123843,37486116,1121348,13456176,87910211,28436608,11238821,106342,861,0,0
C031189,4501248,54014976,2366940,28403280,206273795,81984433,81984433,463704,806,0,0
C031190,2824144,33889728,1467809,17613708,61444664,34802975,29978897,389383,687,0,0
C031191,3354664,40255968,2201125,26413500,164435990,65519682,61688173,342573,748,0,0
C031192,6723774,80685288,4313957,51767484,230137655,120457275,108110454,980700,853,0,0
C031193,8778729,105344748,6195510,74346120,468412377,20168162,20168162,431602,809,0,0
C031194,6327381,75928572,3948788,47385456,299306292,93540866,66656300,789521,744,0,0
C031195,5013788,60165456,2424646,29095752,342053751,19866209,19866209,263684,894,0,0
C031196,6041208,72494496,3006606,36079272,239547129,70933316,61694382,587612,771,0,0
C031197,3513888,42166656,1479253,17751036,381246149,22082109,22082109,231253,871,0,0
C031198,2709303,32511636,1160420,13925040,119029309,24048331,24048331,212643,798,1,0
C031199,4941207,59294484,2777600,33331200,111615291,45380399,45380399,292028,832,0,0
C031200,3837952,46055424,2752862,33034344,456514467,42086552,30286811,366621,776,1,0
C031201,4197025,50364300,2314036,27768432,277260439,55742895,46355650,486450,783,0,0
C031202,6169166,74029992,3199694,38396328,54853671,101564162,96995687,840975,809,0,0
C031203,3305763,39669156,1642924,19715088,235264674,16021276,8996206,202762,739,0,0
C031204,3073119,36877428,2546148,30553776,516283992,26351403,16740855,154466,820,0,0
C031205,7480994,89771928,2867043,34404516,726170606,44953841,18040098,209820,820,0,0
C031206,2073306,24879672,1436757,17241084,288635949,54249890,44301198,463559,659,0,0
C031207,4317589,51811068,1984445,23813340,139125414,29781715,29262866,201036,821,0,0
C031208,7926686,95120232,3825907,45910884,389475316,87115365,77955882,412916,851,0,0
C031209,8166716,98000592,4375162,52501944,327456830,154922904,119854578,1155396,785,0,0
C031210,8135181,97622172,4526801,54321612,499211600,139091914,117380435,703236,874,0,0
C031211,5401267,64815204,3214198,38570376,212052772,53359396,33609593,398644,790,0,0
C031212,4815458,57785496,3327442,39929304,214607617,69859744,67835498,236246,766,0,0
C031213,3229298,38751576,1813975,21767700,188450292,12229226,12229226,373334,712,0,0
C031214,3323925,39887100,2019421,24233052,101732545,85487306,71626593,600432,669,0,0
C031215,5047113,60565356,3077530,36930360,198506286,91015954,76279878,370776,752,0,0
C031216,2382940,28595280,1018824,12225888,108556867,35869048,22950664,252348,799,0,0
C031217,5994219,71930628,4290627,51487524,407684210,77723253,69309647,907116,731,0,0
C031218,2312382,27748584,933132,11197584,115795657,38504783,38504783,265389,818,0,0
C031219,5602484,67229808,3063288,36759456,312520095,84914848,81486803,755352,709,1,0
C031220,3205969,38471628,2835632,34027584,191369176,15076007,15076007,79657,754,0,0
C031221,5090300,61083600,2497278,29967336,383166118,80694304,64669121,764261,856,0,0
C031222,5096295,61155540,2988842,35866104,105886640,63454328,51615250,556645,752,0,0
C031223,4138354,49660248,2695405,32344860,40678834,37494183,22214835,283562,829,0,0
C031224,12000000,144000000,5913246,70958952,580319351,204654925,172949558,240000,751,0,0
C031225,4545007,54540084,3482089,41785068,57404311,71955496,62855254,681903,793,0,0
C031226,2908160,34897920,2097700,25172400,71971728,39406052,31584257,313335,856,0,0
C031227,3459205,41510460,2131520,25578240,91996482,31901727,23457620,223160,762,0,0
C031228,5232750,62793000,3794111,45529332,356985137,109807013,81891220,791779,854,0,0
C031229,4156786,49881432,2748169,32978028,252691826,76889391,66880131,436720,744,0,0
C031230,2784487,33413844,916507,10998084,467793816,31784681,31784681,244903,824,0,0
C031231,2873507,34482084,1964403,23572836,26850161,14860450,14860450,427423,823,0,0
C031232,4857989,58295868,2683811,32205732,465634515,108867230,97748096,834889,701,0,0
C031233,2054891,24658692,928632,11143584,65472412,9152810,9152810,177987,791,0,0
C031234,3074452,36893424,1547190,18566280,77334160,24430221,24430221,203953,832,0,0
C031235,1937160,23245920,1271155,15253860,62357283,42219268,37488795,333900,754,0,0
C031236,1800000,21600000,881864,10582368,18705529,40500628,35798461,365493,780,0,0
C031237,3799214,45590568,2544010,30528120,316919149,47586950,38075039,494726,881,0,0
C031238,3741107,44893284,2710033,32520396,213974699,120445822,115240784,737540,823,0,0
C031239,3458070,41496840,1281305,15375660,166401414,51420972,39078065,499801,793,1,0
C031240,6234677,74816124,5569693,66836316,154393741,97140191,63796747,1055079,674,2,0
C031241,4720444,56645328,1664278,19971336,355109077,41699316,18804916,238196,830,0,0
C031242,6846051,82152612,3559533,42714396,139743071,39730592,16885576,462698,794,0,0
C031243,4538118,54457416,2134688,25616256,98176121,241808606,215528205,1699239,812,0,0
C031244,3203201,38438412,1506147,18073764,77024228,43809590,29113012,398804,857,0,0
C031245,3361661,40339932,2269726,27236712,165453339,30720756,22699639,338718,808,0,0
C031246,3383207,40598484,1656596,19879152,100536788,6318281,6318281,67664,868,0,0
C031247,4069403,48832836,2350310,28203720,317855394,65129906,47727293,553507,676,1,0
C031248,2819194,33830328,1815821,21789852,98990497,34810799,26351601,126509,759,0,0
C031249,5809775,69717300,3558114,42697368,443406744,64753574,41932445,531095,803,1,0
C031250,3249104,38989248,2234614,26815368,163830841,59157100,50421513,539194,656,0,0
C031251,6750181,81002172,5861470,70337640,465060005,200020843,174524803,1772208,698,0,1
C031252,3243240,38918880,1722216,20666592,128493365,38032569,18413761,90778,846,0,0
C031253,5916408,70996896,5026310,60315720,68946556,103957036,58299401,581617,696,0,0
C031254,2379440,28553280,1377100,16525200,257021584,8599915,8599915,195052,796,0,0
C031255,5447266,65367192,3915296,46983552,689466131,78488562,78488562,584758,743,0,1
C031256,3783353,45400236,1849312,22191744,246918913,27665136,24837821,440816,826,0,0
C031257,4219099,50629188,1729944,20759328,374096764,90732770,70977124,627509,742,0,0
C031258,7831404,93976848,4041448,48497376,527945413,149333061,128935908,1796662,732,0,0
C031259,3648629,43783548,2899225,34790700,87351962,21335397,16170346,530427,699,0,0
C031260,2817904,33814848,1916415,22996980,253052776,37181025,26281751,376433,828,0,0
C031261,5145106,61741272,3699657,44395884,100348417,166958420,166958420,1052629,759,0,0
C031262,4115754,49389048,1910287,22923444,48966615,50553362,43244100,667928,721,0,0
C031263,2381508,28578096,1769967,21239604,116514973,46831390,35550316,233173,768,1,0
C031264,6667219,80006628,3251533,39018396,353574139,56577590,56577590,546799,753,0,0
C031265,2778658,33343896,1136199,13634388,175437839,34522412,34522412,351733,773,0,0
C031266,7957935,95495220,2611580,31338960,249798433,33724727,18204074,177649,841,0,0
C031267,5758737,69104844,2925680,35108160,171189654,55976138,32485187,178541,886,0,0
C031268,5824871,69898452,3550737,42608844,265541631,118192637,118192637,911466,718,0,0
C031269,4584402,55012824,2995696,35948352,566825055,27225274,19779087,274423,804,0,0
C031270,5806799,69681588,4053660,48643920,116956265,73190215,46257710,779181,697,0,0
C031271,4705992,56471904,1176498,14117976,181023707,59679891,44797573,269733,770,0,0
C031272,4318591,51823092,2892632,34711584,73674811,23586935,14599010,86372,709,0,0
C031273,5301760,63621120,2300532,27606384,168083275,93876805,58297509,106035,775,0,0
C031274,6053703,72644436,1990560,23886720,423344819,19770255,19770255,560005,885,0,0
C031275,1851816,22221792,1200525,14406300,19734806,36024454,21610176,230000,811,0,0
C031276,4129164,49549968,2746293,32955516,184170000,71842660,71842660,469163,903,0,0
C031277,7031220,84374640,2419826,29037912,1181244960,72640471,35162431,460931,813,0,0
C031278,9808532,117702384,4987737,59852844,522711630,263572628,214255604,1702037,835,0,0
C031279,5736864,68842368,2482709,29792508,169262287,86314302,86314302,903184,869,0,0
C031280,4849904,58198848,2117172,25406064,814783872,25692901,18502296,354737,779,0,0
C031281,11886488,142637856,7809222,93710664,205149747,81348395,81348395,719180,763,0,0
C031282,5887498,70649976,4154069,49848828,106984491,83137790,56007431,117750,837,0,0
C031283,6949286,83391432,5007301,60087612,260913393,162832873,132269699,863700,832,0,0
C031284,3001665,36019980,1475138,17701656,53647563,27817262,22808572,153450,804,0,0
C031285,2224103,26689236,1019569,12234828,104583260,39014563,24598576,186453,753,0,0
C031286,6818613,81823356,4357466,52289592,213928537,53218267,53218267,572894,718,0,0
C031287,4494510,53934120,1511133,18133596,363755534,59505152,56305037,482099,856,0,0
C031288,3158351,37900212,1483049,17796588,158395442,107317133,96016169,741084,728,0,1
C031289,3875617,46507404,1170320,14043840,85102719,16415865,4958261,462384,859,1,0
C031290,3804981,45659772,1627841,19534092,293007436,42413401,31334889,473092,817,0,0
C031291,8526793,102321516,5027194,60326328,181705446,120458977,70035137,1243468,672,0,0
C031292,2759173,33110076,1973179,23678148,130904911,31835343,19731594,274773,793,0,0
C031293,3078140,36937680,1814176,21770112,172366324,142018740,142018740,1100137,775,0,0
C031294,6760297,81123564,4700573,56406876,333909465,118887650,99902827,816477,770,0,1
C031295,7463611,89563332,4564186,54770232,266181829,140766126,124471773,1185925,736,0,0
C031296,2340832,28089984,1027899,12334788,143989711,28836758,21447413,387930,753,0,0
C031297,3543530,42522360,2206981,26483772,183554267,23177024,23177024,169320,851,0,0
C031298,1936208,23234496,1099895,13198740,39555058,34871814,30791374,194131,716,0,0
C031299,2424995,29099940,1101054,13212648,214924464,58452801,54715131,403873,749,0,0
C031300,2309304,27711648,1132238,13586856,74027122,20745980,16835402,221434,799,0,0
C031301,2245222,26942664,825199,9902388,197015285,24912437,13406427,132504,864,0,0
C031302,4913898,58966776,2606747,31280964,145387545,69769661,52614568,249878,686,0,0
C031303,6922424,83069088,3144618,37735416,234532910,131436555,131436555,1224649,812,0,0
C031304,3242875,38914500,1914944,22979328,94835046,33878104,18544669,242732,757,0,0
C031305,1974965,23699580,1326075,15912900,65778179,26467182,25452021,178954,757,0,0
C031306,4430594,53167128,1777839,21334068,225897237,45063814,38081338,481855,850,0,0
C031307,3313202,39758424,2272204,27266448,96474045,17161579,3871150,162014,760,0,0
C031308,1800000,21600000,852871,10234452,84819158,17867050,15504725,182315,681,0,0
C031309,3464219,41570628,2105243,25262916,160869454,65471201,50832387,521683,730,0,0
C031310,4993468,59921616,2949681,35396172,103367408,109583386,89234116,956826,687,0,1
C031311,2764820,33177840,1881975,22583700,313934625,76622211,76622211,478790,707,1,0
C031312,4038078,48456936,2460061,29520732,61571703,53753591,38848004,306193,809,0,0
C031313,3338017,40056204,1625959,19511508,130908709,88280722,73945792,640165,847,0,0
C031314,8231043,98772516,4988279,59859348,751240908,144997848,112547660,1087087,840,0,0
C031315,3497932,41975184,1430608,17167296,152583342,69465535,60418851,247458,748,0,0
C031316,4977960,59735520,2917561,35010732,836297280,30251346,21172490,443046,811,0,0
C031317,12000000,144000000,5860144,70321728,93102467,63483310,63483310,1236537,707,1,0
C031318,3249635,38995620,1696280,20355360,183199755,46051389,28963819,170796,876,0,0
C031319,2733170,32798040,1633648,19603776,211479096,28482577,18064913,319880,742,0,0
C031320,10225381,122704572,4791345,57496140,308393746,145890571,77124377,667654,801,0,0
C031321,6600040,79200480,3629740,43556880,317552844,79962204,40218332,242124,735,0,0
C031322,3287032,39444384,1357862,16294344,96482976,55404219,48102441,544720,690,0,0
C031323,3389065,40668780,2116632,25399584,289351820,5846295,5094863,117514,834,0,0
C031324,3092680,37112160,1872534,22470408,140179811,60849722,45226926,266111,810,0,0
C031325,4559960,54719520,1786743,21440916,297688116,68187475,54745220,621672,812,0,0
C031326,5050805,60609660,3557937,42695244,163006067,42588677,34729201,273677,726,0,0
C031327,5866658,70399896,2558124,30697488,211961889,54095695,54095695,879157,813,0,0
C031328,4744851,56938212,2383826,28605912,124087708,71222998,54434194,562502,746,0,0
C031329,8561837,102742044,4351723,52220676,454835855,173858054,110081737,968787,772,0,0
C031330,3664593,43975116,1679306,20151672,113803797,33657770,27202952,197841,871,0,0
C031331,3047443,36569316,2179091,26149092,90011265,18394321,9439472,179386,844,0,0
C031332,5169904,62038848,1292476,15509712,230111220,27439045,26320775,455783,769,0,0
C031333,5951021,71412252,3088076,37056912,420160306,36337790,29037808,119020,729,1,0
C031334,6485389,77824668,3343956,40127472,1070707252,68421632,26431109,129708,662,0,0
C031335,5272976,63275712,4751803,57021636,69168954,88925510,58215907,390232,845,0,0
C031336,8750807,105009684,4997863,59974356,84694002,77553606,46664434,483930,832,0,0
C031337,1869006,22428072,931072,11172864,59342260,35911581,24096111,237776,825,0,0
C031338,3407629,40891548,2383876,28606512,95634913,21561786,13597022,307922,724,0,0
C031339,4377618,52531416,2769923,33239076,60397322,43857619,27705970,496695,755,0,0
C031340,2389257,28671084,1365038,16380456,44520019,47988271,42123509,240764,746,1,0
C031341,5753232,69038784,3593049,43116588,323264882,185850253,166964304,1240470,693,0,0
C031342,6642762,79713144,2401314,28815768,112233549,126827366,126827366,1022331,831,0,0
C031343,6314692,75776304,3034903,36418836,862196003,70159006,39657896,442068,772,0,0
C031344,10113675,121364100,5111431,61337172,750227448,244980091,201321531,2302312,706,0,0
C031345,5004653,60055836,2636662,31639944,596138379,39503335,39503335,496354,786,0,0
C031346,4851324,58215888,3717903,44614836,667479252,48468111,48468111,756697,847,0,0
C031347,8561939,102743268,5028028,60336336,807218321,131768016,126340793,716567,831,0,0
C031348,3453551,41442612,1139090,13669080,56059340,33628360,33628360,161043,777,0,0
C031349,2653556,31842672,1656309,19875708,89894171,57624078,51877566,193392,856,0,0
C031350,4031319,48375828,2483670,29804040,302619739,175898397,149607564,1148170,674,0,1
C031351,3072719,36872628,1591641,19099692,393013040,36977982,24328129,129372,795,0,0
C031352,3068286,36819432,1383897,16606764,324057510,117199391,117199391,732408,867,0,0
C031353,3930067,47160804,3013230,36158760,136926952,77336562,77336562,569929,785,0,0
C031354,5286162,63433944,3848560,46182720,888075216,48321271,38594644,398375,710,0,0
C031355,3753463,45041556,938366,11260392,121837699,34166335,34166335,553086,788,0,0
C031356,3092958,37115496,1854466,22253592,137957633,24567495,24567495,397584,893,0,0
C031357,1942316,23307792,1302516,15630192,287563367,24832126,12388295,286300,806,0,0
C031358,2219088,26629056,1695386,20344632,121967068,38192128,33035130,301030,687,0,0
C031359,5180513,62166156,1753349,21040188,303970510,256389397,234959177,1759043,670,1,0
C031360,2303941,27647292,1716455,20597460,66382146,10900644,10573786,80472,690,0,0
C031361,2679373,32152476,1479343,17752116,75376989,71235018,47349668,417382,773,0,0
C031362,1800000,21600000,1123463,13481556,50147541,16834049,15549955,165669,875,0,0
C031363,3029375,36352500,1389846,16678152,224859562,108159940,92987748,684698,810,0,0
C031364,8026646,96319752,4829654,57955848,693004092,343973116,320814637,1938290,665,0,0
C031365,2205478,26465736,929095,11149140,370520304,6511559,6511559,129423,773,0,0
C031366,4126394,49516728,2132383,25588596,226544664,28540532,28540532,288596,796,0,0
C031367,2540524,30486288,1564085,18769020,94638831,26068848,22726806,205921,846,0,0
C031368,3429827,41157924,2508321,30099852,66657362,68564152,49000209,240751,781,1,0
C031369,3403055,40836660,1741188,20894256,24616328,36834715,24878439,171551,799,0,0
C031370,1892989,22715868,821916,9862992,318022152,19426020,15358571,224726,783,0,0
C031371,3916282,46995384,2598413,31180956,104835304,55790668,40968484,523484,779,0,1
C031372,6326928,75923136,3456604,41479248,176729625,78342968,78342968,1068785,812,0,0
C031373,2567896,30814752,718087,8617044,123863426,17378948,17378948,129463,784,0,0
C031374,1930366,23164392,1009176,12110112,150118616,31042201,24167012,163767,807,0,0
C031375,4345364,52144368,3227860,38734320,115973926,60231650,54600530,472020,820,0,0
C031376,4797391,57568692,1653445,19841340,396341636,53066727,30621229,207423,787,0,0
C031377,6283552,75402624,4966466,59597592,367297968,134574981,134574981,1059204,746,1,0
C031378,6817563,81810756,4160793,49929516,202562536,26841401,26841401,136351,748,0,0
C031379,2353511,28242132,1544322,18531864,81339343,21349713,12492290,50000,855,0,0
C031380,6759090,81109080,4566785,54801420,270454903,31250484,31250484,536074,836,0,0
C031381,3214254,38571048,1784350,21412200,87364668,48280477,35794561,438757,756,1,0
C031382,5138532,61662384,4366137,52393644,251862345,51765633,42818810,609250,674,2,1
C031383,4813527,57762324,1751476,21017712,62189203,79485957,69771253,550659,866,0,0
C031384,3332773,39993276,2510392,30124704,185989287,52380838,42567380,510630,670,0,0
C031385,5269819,63237828,2350435,28205220,292944554,22487925,22487925,282565,795,0,0
C031386,3880483,46565796,2328309,27939708,94361862,21896711,18885181,112358,725,0,0
C031387,3933460,47201520,1863314,22359768,39685626,53661360,45753166,355514,823,0,0
C031388,5690122,68281464,3958921,47507052,154171946,38075836,23985369,572633,784,0,0
C031389,2848030,34176360,1587777,19053324,27499851,18722863,11388278,175841,715,0,0
C031390,6436489,77237868,3420459,41045508,320590322,125825772,104973873,1101375,776,0,0
C031391,5937242,71246904,2865990,34391880,133906051,61079615,43284524,365992,888,0,0
C031392,2951122,35413464,1743033,20916396,390669699,52063686,51721906,462195,815,0,0
C031393,4517275,54207300,2108124,25297488,79489180,45778777,34148189,364361,782,0,0
C031394,4528155,54337860,3311204,39734448,136737136,58023825,48850844,425726,698,0,0
C031395,4200078,50400936,1774361,21292332,330007155,80189884,46277566,254111,788,0,0
C031396,3590964,43091568,1581329,18975948,191274502,34592631,10238580,122193,748,0,0
C031397,3042303,36507636,1993968,23927616,66722823,57246134,43589347,559425,723,0,0
C031398,3211214,38534568,2386775,28641300,174081545,60978839,43682459,606340,695,0,0
C031399,2471258,29655096,1769437,21233244,34627027,35088382,30587202,390432,806,0,0
C031400,2681660,32179920,1508983,18107796,377179091,19686721,18169544,272503,879,0,0
C031401,12000000,144000000,5564058,66768696,249100386,86176520,54642921,1323495,807,0,0
C031402,2731939,32783268,1795937,21551244,61341586,55269958,47880738,361795,814,0,0
C031403,2609889,31318668,1149239,13790868,77815073,79165857,59510632,354410,744,0,0
C031404,3622969,43475628,2263154,27157848,42835962,105263924,98231649,573944,734,0,0
C031405,3562802,42753624,1869500,22434000,168120114,47043959,18728216,362300,759,0,0
C031406,4911049,58932588,2048799,24585588,315717541,60270180,46042794,233659,822,0,0
C031407,3406271,40875252,1896764,22761168,105320550,35802812,35016705,263082,838,0,0
C031408,4058005,48696060,1698674,20384088,186078004,56489762,34774762,266808,733,1,1
C031409,5660698,67928376,3741904,44902848,88563562,94019435,76696629,720566,817,0,0
C031410,1800000,21600000,836631,10039572,68464837,22590090,16965087,130405,782,1,0
C031411,3807242,45686904,2293765,27525180,196025989,37045308,37045308,541194,774,0,0
C031412,5063455,60761460,3617501,43410012,168935551,46073980,35042980,202017,842,0,0
C031413,4406215,52874580,2161467,25937604,258452236,37266727,30182065,194745,754,0,0
C031414,3954344,47452128,2052918,24635016,160538277,63999269,46112645,584874,784,0,0
C031415,5965165,71581980,4297388,51568656,236172692,41864096,25418932,119303,856,0,0
C031416,5936951,71243412,3209560,38514720,289591439,85531418,85531418,1002347,806,0,0
C031417,4966436,59597232,2171425,26057100,700898487,48917503,39162323,324943,815,0,0
C031418,4130081,49560972,3076327,36915924,42926347,99327592,71112819,600764,702,0,1
C031419,5354654,64255848,3068348,36820176,435140659,66973049,36774135,380566,844,0,0
C031420,1800000,21600000,1051102,12613224,152407839,48470665,40498516,339234,682,1,0
C031421,3009680,36116160,1092093,13105116,198982525,39871603,23310341,262966,783,0,0
C031422,4241062,50892744,2707201,32486412,465844274,76429922,34512739,431634,666,0,1
C031423,7449019,89388228,2752340,33028080,331512619,121491566,121491566,853942,756,1,0
C031424,2750747,33008964,1116919,13403028,179779311,27600051,19264528,229104,744,1,0
C031425,8106122,97273464,6660401,79924812,176324891,96596440,96596440,946854,846,0,0
C031426,5158143,61897716,2324758,27897096,242870789,43446720,23101156,715159,796,0,0
C031427,5470752,65649024,3520035,42240420,206434792,105385535,89279936,890686,714,0,0
C031428,2116050,25392600,1127472,13529664,44021052,30318127,22037669,163220,710,0,0
C031429,2773464,33281568,1152584,13831008,177124427,35219042,23479491,138753,833,0,0
C031430,4770305,57243660,2447062,29364744,298947659,32049009,25459999,472724,771,0,0
C031431,6743204,80918448,4489821,53877852,603063166,61903858,35933965,525707,730,0,0
C031432,2889112,34669344,1528199,18338388,190367794,42759573,34424341,323762,734,0,0
C031433,4673751,56085012,3092598,37111176,473591626,80969501,59720894,358398,819,0,0
C031434,2959163,35509956,1972135,23665620,158940139,61228393,51899606,588211,688,0,1
C031435,4848383,58180596,2470721,29648652,171193665,92387019,81527102,944407,788,0,0
C031436,3185866,38230392,2347124,28165488,215154744,44646201,20282675,233707,823,0,0
C031437,4833805,58005660,2932200,35186400,113869525,52162014,26279508,441479,686,0,0
C031438,7228299,86739588,3572382,42868584,267522053,315676677,291436981,2227878,728,0,0
C031439,3688077,44256924,2064271,24771252,77192692,22225538,13666357,162445,868,0,0
C031440,2608691,31304292,652173,7826076,296070959,14567585,8359816,52174,788,0,0
C031441,2035639,24427668,1214940,14579280,44475967,43857896,27859890,145248,706,0,0
C031442,2639360,31672320,1900762,22809144,131648006,28311216,19930470,52787,810,0,0
C031443,8823842,105886104,7036076,84432912,574019397,121945365,71556282,721357,798,0,0
C031444,4808257,57699084,2160684,25928208,166366537,20161125,12016947,100908,822,0,0
C031445,3336619,40039428,1854079,22248948,152062377,17678525,12215783,66732,788,0,0
C031446,4416734,53000808,2377590,28531080,635251227,60288456,42901241,406163,842,0,0
C031447,6467946,77615352,4009931,48119172,444122388,108542861,100798066,769775,700,0,0
C031448,2986258,35835096,2046667,24560004,167696018,59132102,38360578,275798,903,0,0
C031449,2884174,34610088,1767806,21213672,101209657,19499159,19499159,186423,794,0,0
C031450,4688854,56266248,2821391,33856692,137704045,114484263,88101846,846228,785,0,0
C031451,2659546,31914552,1423512,17082144,139221937,24094873,24094873,338270,764,0,0
C031452,2500520,30006240,1148021,13776252,70912006,13194357,13194357,307719,831,1,0
C031453,4495495,53945940,1647150,19765800,110154830,34334657,31080163,165575,755,0,0
C031454,2491437,29897244,1458081,17496972,74111587,44287120,39642536,421657,676,0,0
C031455,2530803,30369636,1576494,18917928,203646152,10494868,2429571,69057,723,0,0
C031456,4991778,59901336,2558823,30705876,230545045,41945042,41945042,363868,809,0,0
C031457,3655318,43863816,2426978,29123736,162273599,38389732,25381036,350665,657,0,0
C031458,2667116,32005392,1677480,20129760,72631980,43720753,43720753,382193,709,0,0
C031459,3665019,43980228,2750108,33001296,148678544,102679680,81724807,996341,676,0,1
C031460,4159293,49911516,2392620,28711440,158065038,168878965,159709837,1092529,723,1,0
C031461,4255670,51068040,2539084,30469008,141150627,29132109,29132109,388476,835,0,0
C031462,2513876,30166512,1548312,18579744,55458145,17904700,16875840,150186,727,0,0
C031463,3046608,36559296,1969173,23630076,185970512,24102866,24080162,215361,737,0,0
C031464,2332135,27985620,1231986,14783832,69901040,38442805,29015619,245684,807,0,0
C031465,5168359,62020308,2904035,34848420,149364184,50855645,50855645,554162,782,0,0
C031466,2341952,28103424,1252732,15032784,240533515,28680013,11781699,73399,836,1,0
C031467,4001672,48020064,2247239,26966868,395034878,101456586,83620567,605130,815,0,0
C031468,6954750,83457000,3292768,39513216,108686018,128244944,106719459,893989,761,0,0
C031469,8129146,97549752,3753465,45041580,494335681,188007010,182126047,1302252,817,0,0
C031470,3773365,45280380,2754780,33057360,379849818,24978567,24978567,389034,843,0,0
C031471,1800000,21600000,1273466,15281592,209633512,31321821,19341853,121214,731,0,0
C031472,5681494,68177928,2392089,28705068,261071517,101353429,101353429,611628,764,1,0
C031473,4681333,56175996,3700681,44408172,136388259,83161345,63489575,806868,761,0,1
C031474,5996782,71961384,5512666,66151992,200598835,84643614,53691945,755539,605,3,1
C031475,4084632,49015584,1376297,16515564,398257539,34747175,10343817,386091,821,0,0
C031476,5564362,66772344,3674681,44096172,101247321,65718277,52523703,426751,879,0,0
C031477,6301205,75614460,4226364,50716368,752015495,141756984,81861237,509279,670,0,0
C031478,3631524,43578288,2625281,31503372,239630160,89294458,66294887,614002,801,0,0
C031479,4280361,51364332,2352121,28225452,334092105,78049392,61123575,763171,708,0,0
C031480,2936713,35240556,1740895,20890740,157261038,139311420,127380018,989137,719,0,0
C031481,2295364,27544368,854860,10258320,65179675,11692243,8347456,209675,832,0,0
C031482,4696195,56354340,1443789,17325468,89830935,59952814,31864528,461561,751,0,0
C031483,4817577,57810924,3146976,37763712,223151896,52751931,49435424,559432,823,0,0
C031484,3364481,40373772,2196781,26361372,90332339,29390246,16919316,280293,789,1,0
C031485,3165972,37991664,2175751,26109012,124344569,37625024,15770708,224771,690,0,0
C031486,3490136,41881632,2030434,24365208,94525173,103339943,83719107,609734,688,2,0
C031487,5018367,60220404,2523445,30281340,165149157,36295375,35579704,251188,834,0,0
C031488,3122250,37467000,2631726,31580712,50761497,65180751,43889382,604718,631,1,0
C031489,6205780,74469360,5349224,64190688,270781958,157566896,118155346,1277204,731,1,1
C031490,5380603,64567236,2576473,30917676,381408613,59244098,24400770,428284,733,0,0
C031491,6652608,79831296,4897531,58770372,426690589,206331865,153518663,1209209,681,1,0
C031492,4221285,50655420,2867703,34412436,445931791,49095301,29940367,712084,726,0,0
C031493,4730563,56766756,2129809,25557708,107546578,109964538,81765439,416765,752,0,0
C031494,3966225,47594700,3408149,40897788,116799796,54251950,39112990,322441,688,0,0
C031495,6635600,79627200,3677662,44131944,231317364,81965536,69700548,415681,823,0,0
C031496,4026309,48315708,1552657,18631884,144505482,64041039,42564695,332706,707,0,0
C031497,3121303,37455636,2361875,28342500,149631046,74437895,52455906,283399,750,0,0
C031498,2281885,27382620,695374,8344488,137306997,22851205,18989499,164385,817,0,0
C031499,2668899,32026788,994456,11933472,33336289,30081363,18844442,423843,754,0,0
C031500,2075503,24906036,986902,11842824,108052288,11739589,10553047,64854,738,0,0
C031501,4967995,59615940,2662064,31944768,365425728,69724178,58498615,685833,746,0,0
C031502,1800000,21600000,1391059,16692708,61984759,34407763,31197797,212556,705,0,1
C031503,3129148,37549776,2152695,25832340,57503565,23973432,12813419,448959,753,0,0
C031504,3602861,43234332,2282675,27392100,124864569,22127888,10760326,429404,826,0,0
C031505,7059743,84716916,4930929,59171148,719301084,70675771,56854119,391739,784,0,0
C031506,3530937,42371244,1419627,17035524,535359423,30554309,18745369,288813,708,1,0
C031507,6528435,78341220,4075629,48907548,432948540,103392588,78846669,933905,788,0,0
C031508,5715497,68585964,1745852,20950224,182187566,111350699,111350699,770300,841,0,0
C031509,1858969,22307628,806753,9681036,53680805,10177495,6316560,221471,786,0,0
C031510,6186950,74243400,5193108,62317296,290108720,158441457,146767329,1005191,717,0,0
C031511,7169406,86032872,4080683,48968196,333376577,75588536,51544376,343788,731,1,0
C031512,4751442,57017304,1897766,22773192,228724215,75638671,41167599,454943,699,0,0
C031513,6226677,74720124,4620275,55443300,239955749,309082606,298155602,1980348,615,0,1
C031514,2114323,25371876,1241202,14894424,355206264,65800139,59730832,300922,839,0,0
C031515,5947413,71368956,2302812,27633744,75664992,93156659,79290652,658195,844,0,0
C031516,5430970,65171640,1785566,21426792,230525059,54336787,21417343,246426,712,0,0
C031517,4839678,58076136,4229617,50755404,294956850,24745439,21852583,540157,742,0,0
C031518,2617977,31415724,998582,11982984,125381257,34179984,33021115,364914,835,0,0
C031519,3076130,36913560,1663554,19962648,67144297,31014944,14514696,151512,826,0,0
C031520,4514012,54168144,2752766,33033192,153865583,47901275,39769762,610140,851,0,0
C031521,3090767,37089204,1476011,17712132,341881500,33099111,13654024,239776,778,1,0
C031522,11359899,136318788,6831762,81981144,497267739,271523919,179353263,2319108,725,0,0
C031523,6056575,72678900,3701924,44423088,257626748,50160721,35349928,857713,829,0,0
C031524,4160986,49931832,1691764,20301168,325539155,49000265,34863660,619296,773,0,0
C031525,2431223,29174676,1804202,21650424,93189155,26311988,14811674,50000,768,0,0
C031526,3082897,36994764,1416281,16995372,46229682,131913818,127639883,1132531,757,0,1
C031527,5115720,61388640,3914514,46974168,201152609,117789091,75651763,781965,748,0,1
C031528,2893285,34719420,1532056,18384672,152691787,41726803,27284344,242504,773,0,0
C031529,6374727,76496724,2470007,29640084,260073734,161559376,125858888,608850,727,0,0
C031530,3127286,37527432,2240363,26884356,213762149,64606686,62335851,616333,690,0,0
C031531,2387872,28654464,1984775,23817300,122795621,34065107,23358449,367189,661,0,1
C031532,2610988,31331856,1174404,14092848,88244243,16555582,9327199,242540,845,0,0
C031533,3339638,40075656,1499744,17996928,72699854,61818921,61818921,363030,827,0,0
C031534,4620387,55444644,3443594,41323128,245498734,50369687,42609321,485661,751,0,0
C031535,4444565,53334780,3107023,37284276,244359316,44801826,17654893,88891,857,0,0
C031536,3040058,36480696,1005275,12063300,289117220,45857298,28352032,339109,740,0,0
C031537,3065105,36781260,2215186,26582232,93220146,88324953,83014919,675049,688,0,0
C031538,3833685,46004220,2014930,24179160,123959277,22845072,21575196,205953,827,0,0
C031539,3478454,41741448,1623266,19479192,84948808,32763041,20099135,213584,743,0,0
C031540,2920895,35050740,1744495,20933940,92436380,14877869,7822397,250715,732,0,0
C031541,2094294,25131528,852019,10224228,25636449,33094990,28262294,203868,802,0,0
C031542,3122293,37467516,1642877,19714524,50963270,32351502,18595843,207968,796,0,0
C031543,6868433,82421196,2889891,34678692,782034419,53127561,53127561,365481,820,0,0
C031544,2479770,29757240,2034638,24415656,78133215,25103500,18748279,285850,743,1,0
C031545,2133530,25602360,1036393,12436716,30503245,21445439,18040341,225935,950,0,0
C031546,6907867,82894404,2928993,35147916,396986000,134166304,105854956,1253707,811,0,0
C031547,3798396,45580752,1419451,17033412,212327783,98526730,90855250,409790,816,0,0
C031548,1800000,21600000,1216382,14596584,184962352,10241493,3185062,50000,904,0,0
C031549,3842756,46113072,2261290,27135480,145719925,84071352,72241607,797871,775,0,0
C031550,3964713,47576556,2474622,29695464,90128194,25724662,23512354,650046,696,0,0
C031551,2449898,29398776,1184299,14211588,23722390,27933293,21978266,144968,718,0,0
C031552,1800000,21600000,1253104,15037248,136399674,17019182,5108456,200273,723,0,1
C031553,2504806,30057672,1441360,17296320,35348346,48332084,39320725,372867,890,0,0
C031554,5412709,64952508,3450045,41400540,189546175,23483317,20160044,291083,789,0,0
C031555,5435038,65220456,2697784,32373408,311394989,44358864,20910325,491064,624,1,0
C031556,6144013,73728156,3066434,36797208,965693508,145054941,127886902,1205223,835,0,0
C031557,5179383,62152596,2259302,27111624,159726469,76047513,54386083,884285,746,0,0
C031558,4057440,48689280,2733371,32800452,40388744,34952651,33209981,319409,766,1,0
C031559,2880671,34568052,1514812,18177744,79337127,25918918,11998538,349737,829,0,0
C031560,4213280,50559360,1365032,16380384,374536381,37406121,25667750,374957,838,0,0
C031561,4063905,48766860,1661032,19932384,218022707,30152329,30152329,401273,868,0,0
C031562,3593362,43120344,2903709,34844508,63274215,13650780,13650780,187034,889,0,0
C031563,4148288,49779456,2420482,29045784,142352708,88423084,88423084,812828,802,0,0
C031564,1800000,21600000,1146263,13755156,30448870,21297325,21297325,184859,808,0,0
C031565,5264699,63176388,3777781,45333372,333118264,64093429,58610904,795868,678,1,0
C031566,3220305,38643660,2616843,31402116,310274286,44718457,32426487,323693,775,0,0
C031567,9545288,114543456,7137248,85646976,165521977,203026820,145118626,895453,700,0,1
C031568,2648327,31779924,1731005,20772060,297697520,21773731,12899005,191817,675,0,0
C031569,2208360,26500320,1375130,16501560,276668682,70978156,65145222,435462,653,0,1
C031570,1800000,21600000,710539,8526468,36251190,54082810,48097287,518416,790,0,0
C031571,1805218,21662616,1082808,12993696,275795815,49722864,40376334,393085,813,0,0
C031572,9178923,110147076,5358364,64300368,501626355,81498689,72331713,383002,858,0,0
C031573,4165325,49983900,2411327,28935924,132226996,30592857,17789011,83307,784,1,0
C031574,10707271,128487252,8731219,104774628,1310219431,150863895,86284681,1141254,636,0,0
C031575,3950598,47407176,2697466,32369592,55294680,36277714,18336783,400466,658,2,1
C031576,7259494,87113928,5643664,67723968,469065350,47516305,26876813,536882,730,0,0
C031577,4162057,49944684,1837669,22052028,139444236,89828319,86362797,888910,814,1,0
C031578,4588192,55058304,2792955,33515460,480665494,72855071,72855071,585036,852,0,0
C031579,3327470,39929640,1760350,21124200,111001307,47519293,23126175,246038,813,0,0
C031580,2639856,31678272,929900,11158800,206145566,31777199,28169066,177216,700,1,0
C031581,6340561,76086732,3943168,47318016,434481795,79048431,58182327,555718,813,0,0
C031582,3636186,43634232,2158567,25902804,47164862,27469980,27469980,308543,816,0,0
C031583,3554420,42653040,2234180,26810160,228264270,25431544,25431544,151466,739,0,0
C031584,5625618,67507416,2045114,24541368,61311238,140935407,128186026,1042531,747,0,0
C031585,7241843,86902116,2964475,35573700,225909282,89210882,73640409,238246,731,0,0
C031586,2715293,32583516,1668728,20024736,261708240,57695860,49125035,276190,731,0,0
C031587,3500894,42010728,1796987,21563844,287217308,31314942,16037377,70018,836,0,0
C031588,6088695,73064340,2272778,27273336,144921154,134028212,121378501,1121838,782,0,0
C031589,6122051,73464612,2830728,33968736,499934159,56936466,56936466,436401,881,0,0
C031590,3395610,40747320,2092880,25114560,198980891,43631671,39951590,249697,774,0,0
C031591,4731156,56773872,3496765,41961180,105845629,50051491,25477391,429236,745,0,0
C031592,3265667,39188004,2370294,28443528,183491555,51965114,21237606,221949,809,0,0
C031593,3467030,41604360,2459829,29517948,178777963,60956580,48919446,258050,750,0,0
C031594,3938115,47257380,2595629,31147548,36263660,21567550,19331450,350628,803,0,0
C031595,4165667,49988004,3034782,36417384,157321036,75937937,67585768,651235,672,1,1
C031596,2080294,24963528,1293286,15519432,46035153,55517580,46310190,479776,743,0,0
C031597,1935968,23231616,1004861,12058332,58491853,25059712,22538711,144025,779,1,0
C031598,6191638,74299656,4040606,48487272,322651226,45895009,37929934,975215,683,1,0
C031599,4249134,50989608,3289717,39476604,369448209,51289981,33952940,299709,838,0,0
C031600,4788565,57462780,2990738,35888856,217447454,122747914,83725006,558480,706,0,0
C031601,3020734,36248808,2231327,26775924,105109011,64959746,46913234,488303,684,0,0
C031602,2062106,24745272,1528172,18338064,170114002,17695846,17695846,186162,766,0,1
C031603,3265072,39180864,2314447,27773364,128888036,41416883,38301304,407123,774,0,1
C031604,5367168,64406016,3109623,37315476,469998459,56705369,39398708,593353,803,0,0
C031605,4644226,55730712,3016011,36192132,264343796,80800122,44016393,259715,753,0,0
C031606,6075080,72900960,3824128,45889536,198192050,109131152,79685435,654440,813,0,0
C031607,4812280,57747360,2652124,31825488,212483100,30337823,26961871,286759,774,0,0
C031608,6525374,78304488,3612871,43354452,1096262832,150444033,94051304,880617,742,0,0
C031609,5580769,66969228,3799358,45592296,556796369,75556452,71034113,836931,770,0,0
C031610,4917068,59004816,1571343,18856116,104936044,60516809,54054214,293527,873,0,0
C031611,1868082,22416984,997647,11971764,143655977,3674025,3674025,91224,733,1,1
C031612,2510449,30125388,1326430,15917160,120129966,21030991,16441855,170650,782,0,0
C031613,4905198,58862376,3758318,45099816,492681251,121723394,93817875,574304,782,0,0
C031614,1800000,21600000,1135386,13624632,71588281,22537880,22143664,112139,829,0,0
C031615,2253590,27043080,1669704,20036448,87221878,42227813,42227813,244937,823,0,0
C031616,2079045,24948540,713627,8563524,22787212,20296369,15184448,88251,792,0,1
C031617,4478931,53747172,1869325,22431900,120280555,79009509,60742662,563205,850,0,0
C031618,4720452,56645424,3106096,37273152,204253381,42354367,26446037,116591,850,0,0
C031619,2792530,33510360,1415656,16987872,181967928,22270248,16833406,227573,760,1,0
C031620,4880620,58567440,3028941,36347292,320208593,44292826,20347809,404068,738,0,0
C031621,3296460,39557520,1514681,18176172,133897496,43149378,35498014,331253,832,0,0
C031622,3922341,47068092,1592473,19109676,275027127,46153183,46028771,147704,654,1,0
C031623,5260718,63128616,2890527,34686324,173730380,25600806,25600806,172782,740,0,0
C031624,2687628,32251536,2331658,27979896,106614922,18764754,13682083,310012,715,0,0
C031625,1800000,21600000,1241147,14893764,42301764,13094494,10782427,50000,799,0,0
C031626,2028299,24339588,1463745,17564940,340754232,22794087,10726754,152393,825,0,0
C031627,2460413,29524956,1620350,19444200,45946597,48978924,47046697,292202,747,0,0
C031628,3552040,42624480,2386337,28636044,217629038,39400181,16739255,387687,749,1,0
C031629,3057005,36684060,2207190,26486280,319154440,78352065,56701112,389022,741,0,0
C031630,2763346,33160152,1189508,14274096,44348791,29633634,22273714,229906,824,0,0
C031631,5445924,65351088,2537783,30453396,74293627,61667542,51814932,407127,769,0,0
C031632,3809551,45714612,2011653,24139836,107679682,61332735,41896986,506266,717,0,0
C031633,4735457,56825484,2452112,29425344,165225129,45284933,31869038,447384,774,0,0
C031634,3923581,47082972,2141023,25692276,93506116,29489384,25909869,369574,832,0,0
C031635,3955890,47470680,2087277,25047324,56286394,28452248,12943563,79533,794,0,0
C031636,2826893,33922716,1191455,14297460,102004894,65192658,65192658,451101,829,0,0
C031637,3202955,38435460,1303736,15644832,150149043,28622787,23253163,267324,809,0,0
C031638,3116158,37393896,2272224,27266688,512889577,29519111,21484564,173625,779,0,0
C031639,3987304,47847648,2420900,29050800,69194729,58786620,29660707,79746,727,0,0
C031640,7300507,87606084,4965620,59587440,179264777,74290224,41982466,1030911,707,0,0
C031641,4507308,54087696,2946196,35354352,74819634,96693268,96693268,643471,863,0,0
C031642,1800000,21600000,1243769,14925228,14714853,16023330,8353002,50000,717,0,0
C031643,6162460,73949520,4021052,48252624,268292084,144390615,124750572,1226574,708,0,0
C031644,6868432,82421184,3876280,46515360,234127896,133840377,120992980,711063,810,0,0
C031645,3222952,38675424,1587963,19055556,53476449,73442050,73442050,798675,746,0,0
C031646,3377655,40531860,2449538,29394456,32548480,55710533,35615962,117981,756,0,0
C031647,5400181,64802172,2915676,34988112,687036457,39272076,28042204,411410,803,0,0
C031648,2897688,34772256,1731985,20783820,72688457,7822715,7822715,57954,752,0,0
C031649,7755132,93061584,5349036,64188432,725415339,232254710,157903383,1333881,688,0,0
C031650,3428698,41144376,1413043,16956516,170952707,38923144,23336145,372586,824,0,0
C031651,3089215,37070580,1927463,23129556,218677565,69101924,56424589,568383,731,0,0
C031652,3805979,45671748,1868193,22418316,347201981,41177820,34755970,183796,735,2,0
C031653,3356288,40275456,2210272,26523264,325680801,50795018,37876470,181951,766,0,0
C031654,3469834,41638008,1161881,13942572,582932112,58173087,36905696,450818,759,0,0
C031655,3884217,46610604,2036140,24433680,54271696,86513762,81759817,784958,777,0,0
C031656,2331758,27981096,968361,11620332,89796532,19402609,9306485,119008,766,0,0
C031657,3210686,38528232,1158917,13907004,111722759,27564197,20683833,414391,901,0,0
C031658,3884696,46616352,2771484,33257808,225356507,81994808,70696123,565674,676,0,0
C031659,5655826,67869912,3737965,44855580,170812223,91263140,75811466,901515,747,0,0
C031660,5371416,64456992,3206417,38477004,278576461,34150860,22807470,285666,755,0,0
C031661,7840365,94084380,5526218,66314616,397383365,119638942,87119000,1742639,702,0,0
C031662,2845150,34141800,2253745,27044940,68332993,31302433,31302433,186324,722,0,0
C031663,1800000,21600000,1009740,12116880,60540926,17813132,9403780,61478,785,0,0
C031664,7304838,87658056,5334005,64008060,201941724,114624066,98527648,1122252,781,0,0
C031665,4617023,55404276,1848937,22187244,197298913,32743646,17674802,326302,755,0,0
C031666,4524532,54294384,2052239,24626868,84897267,31139924,24023108,466403,807,0,0
C031667,6541818,78501816,2377781,28533372,297882879,55010878,37471121,701281,893,0,0
C031668,2345614,28147368,1277425,15329100,241506972,33154466,33154466,371810,775,1,0
C031669,7490922,89891064,5250313,63003756,379017571,140598420,109005994,890787,731,1,0
C031670,3449660,41395920,2135203,25622436,375036391,59877415,30956302,168031,893,0,0
C031671,3596517,43158204,3415877,40990524,342958555,127461073,118795335,879988,515,1,0
C031672,4854712,58256544,2277980,27335760,77418322,29418152,11884712,332021,798,0,0
C031673,5051737,60620844,3760829,45129948,148834746,87244848,71314174,562341,744,0,0
C031674,6665784,79989408,3779318,45351816,628320026,139633602,130729139,1426037,746,0,0
C031675,4363530,52362360,1607301,19287612,72698297,73905143,59492375,521215,753,0,0
C031676,2242325,26907900,1109244,13310928,96479767,25735687,15953934,241581,780,0,0
C031677,4060440,48725280,2112903,25354836,186347264,92555005,68520438,258445,813,0,0
C031678,5263620,63163440,2224741,26696892,411014259,28507591,15711657,522408,762,0,0
C031679,2746699,32960388,1958089,23497068,126060134,54098386,54098386,379050,802,0,0
C031680,3909755,46917060,2218532,26622384,121710331,85283407,85283407,753794,781,0,0
C031681,2982560,35790720,2123626,25483512,87735293,25294554,15328172,246272,796,0,0
C031682,2379555,28554660,1044798,12537576,54307887,8854886,8815996,77374,829,0,0
C031683,2434227,29210724,1728249,20738988,408950136,97815246,96263285,770850,597,0,0
C031684,2482200,29786400,1119763,13437156,244125891,23462368,18920690,257862,883,0,0
C031685,2238325,26859900,1458136,17497632,44258440,68154312,68154312,314296,731,0,0
C031686,3488113,41857356,2116744,25400928,271114647,37118888,16053238,154226,867,0,0
C031687,5695146,68341752,3935175,47222100,323476830,88449332,88449332,500914,743,0,0
C031688,2208329,26499948,1114319,13371828,122544229,19473093,16267112,201652,734,0,0
C031689,3886128,46633536,2771577,33258924,50185217,72642603,52533692,169413,828,0,0
C031690,5987486,71849832,3839168,46070016,411794740,69783247,32827327,403000,799,0,0
C031691,2016654,24199848,1143908,13726896,41774080,26545540,21244816,236562,708,0,1
C031692,1800000,21600000,1055364,12664368,152721718,44814899,44814899,335114,794,0,0
C031693,4222796,50673552,2288401,27460812,106352981,9620352,9620352,235444,762,0,0
C031694,3461882,41542584,1167594,14011128,581596176,12418455,12418455,341759,791,0,0
C031695,1800000,21600000,898181,10778172,41435142,11821539,9998246,50000,875,0,0
C031696,4069245,48830940,2390672,28688064,278881961,82676624,73399056,507088,819,0,0
C031697,3694233,44330796,2510368,30124416,219598426,7419947,7419947,298793,766,0,0
C031698,4516199,54194388,2459925,29519100,177386718,50819422,43273646,820236,791,0,0
C031699,3797727,45572724,2741098,32893176,132219747,25266961,18787801,388545,752,0,0
C031700,6817314,81807768,4684280,56211360,619499177,63110455,38235876,943949,791,0,0
C031701,3892349,46708188,3176859,38122308,243341920,56330783,35653556,361558,701,0,0
C031702,2626732,31520784,1283083,15396996,56617498,38133716,24983699,496289,741,0,0
C031703,1800000,21600000,964468,11573616,78519969,8031974,5748303,55490,815,0,0
C031704,7799952,93599424,4021803,48261636,284090754,115511276,111362472,1146056,787,0,0
C031705,2799437,33593244,1141522,13698264,180039992,12649990,12649990,189457,889,0,0
C031706,2643434,31721208,1026153,12313836,82107289,24565243,22402143,324344,775,0,0
C031707,2900712,34808544,1885345,22624140,35191534,28778675,27134599,256263,774,0,1
C031708,6157033,73884396,4237963,50855556,162593014,91732246,63313807,792735,686,0,0
C031709,2848894,34186728,1504699,18056388,71835529,79587029,75596632,699503,775,0,0
C031710,6095609,73147308,3566328,42795936,622829062,87778046,46625513,128242,795,0,0
C031711,5100388,61204656,3449168,41390016,246557709,54532438,47468609,713393,775,0,0
C031712,4643162,55717944,3403619,40843428,117364878,40507396,36871733,269705,777,0,0
C031713,4829581,57954972,1835709,22028508,81769293,67321750,47123154,446824,763,0,0
C031714,3121606,37459272,1996109,23953308,67324881,60877923,55636769,384807,787,0,0
C031715,1871416,22456992,1237918,14855016,314397888,24886039,17027144,170205,844,0,0
C031716,5724704,68696448,4009861,48118332,174687380,101649539,79740197,758919,636,1,1
C031717,6342140,76105680,2599515,31194180,169578253,85174306,66615320,540106,907,0,0
C031718,5155948,61871376,4630400,55564800,188037314,84641859,83772463,1010062,761,0,1
C031719,9320463,111845556,4985520,59826240,133745248,39441177,39441177,815590,836,0,0
C031720,1800000,21600000,1411110,16933320,66614641,32142742,29585346,188462,872,0,0
C031721,2864301,34371612,2155401,25864812,170426445,25525300,17404493,482626,736,0,0
C031722,4911717,58940604,1757191,21086292,825168456,57302303,57302303,586073,782,0,0
C031723,4463156,53557872,2354848,28258176,229717160,81122594,70370402,497993,783,0,0
C031724,7830701,93968412,4115184,49382208,346238866,50616641,29758992,549973,800,0,0
C031725,4066725,48800700,2401990,28823880,289912623,66950619,41440911,254809,802,0,0
C031726,4270721,51248652,3338382,40060584,267396157,31781510,7420665,86855,798,0,0
C031727,2276482,27317784,1749080,20988960,109359163,37722348,37150935,438088,711,0,0
C031728,4046941,48563292,1538083,18456996,226374302,37443903,13975372,396532,833,0,0
C031729,3663997,43967964,2734134,32809608,94610168,93559649,88192077,606472,659,0,0
C031730,5429238,65150856,3671581,44058972,411076924,87407300,65523700,567408,777,1,0
C031731,4767531,57210372,2579850,30958200,702984605,91727951,76656128,801775,755,0,0
C031732,1800000,21600000,1484515,17814180,108122935,35864603,33035293,215118,778,0,0
C031733,3908694,46904328,1910071,22920852,40443067,58138531,50184422,320429,719,0,0
C031734,9091866,109102392,6542290,78507480,132171678,47815731,16279713,609421,768,0,0
C031735,2279836,27358032,1460380,17524560,52444807,43315637,37277695,310041,865,0,0
C031736,2875780,34509360,1350506,16206072,117873037,50636536,42013323,341349,830,0,0
C031737,6148876,73786512,3712246,44546952,192729799,21250819,12486994,122978,805,0,0
C031738,8082256,96987072,3074795,36897540,297408590,70694404,53002086,1003105,737,0,0
C031739,1933079,23196948,1738465,20861580,142557120,18439878,14259892,147981,866,0,0
C031740,6463991,77567892,3866289,46395468,208522417,29739292,14741454,238763,751,0,0
C031741,4104520,49254240,2042215,24506580,226934862,29334864,27882243,82090,780,0,0
C031742,7798515,93582180,5451558,65418696,312965581,84136018,71449298,701721,763,0,0
C031743,6026507,72318084,2902069,34824828,281714848,54483973,35251118,554952,779,0,0
C031744,2126015,25512180,1295188,15542256,108279013,8875957,8875957,84792,708,0,0
C031745,5969407,71632884,3795597,45547164,186974225,147447750,147447750,1176931,712,0,0
C031746,3480422,41765064,2087168,25046016,79157380,17653629,17653629,111496,806,0,0
C031747,11156244,133874928,6463198,77558376,1786953312,77640163,59475343,865290,723,0,0
C031748,11462762,137553144,4600884,55210608,117532150,156815353,71785160,820813,833,0,0
C031749,3368798,40425576,1762780,21153360,274129117,108935569,106047815,550017,808,0,0
C031750,5488836,65866032,4671932,56063184,165048606,45993984,12515160,396035,845,0,0
C031751,6451259,77415108,3389886,40678632,426730533,96419052,81183284,1062297,842,1,0
C031752,12000000,144000000,8350416,100204992,787891906,153195633,113841808,1742773,850,0,0
C031753,4727632,56731584,4025492,48305904,794242176,92365786,62958608,532048,667,1,0
C031754,2558519,30702228,1679250,20151000,236563487,49260875,42749058,410970,740,0,0
C031755,5148365,61780380,2935577,35226924,78581481,53445004,22738879,457302,837,0,0
C031756,3648733,43784796,1670002,20040024,331410163,30166678,18963856,160500,820,0,0
C031757,2790770,33489240,1855562,22266744,124076359,8514770,8514770,64966,735,0,0
C031758,3163528,37962336,1966973,23603676,250032346,39883440,34766643,250120,825,0,0
C031759,5125692,61508304,2785547,33426564,173874110,94722810,73098334,786847,703,1,0
C031760,3997060,47964720,2187657,26251884,207979222,24829400,20510852,494384,843,0,0
C031761,5681684,68180208,2401466,28817592,477502451,79311449,57862847,623786,840,0,0
C031762,4033179,48398148,2749562,32994744,69423592,90837200,65789320,489903,731,1,0
C031763,5343366,64120392,2081993,24983916,227067872,22105077,20098858,106867,843,0,0
C031764,3002467,36029604,1687067,20244804,36243670,45056548,35567874,208774,859,0,0
C031765,1800000,21600000,738712,8864544,106748332,23264902,22702298,102523,808,0,0
C031766,6582115,78985380,5045232,60542784,695650809,114127433,95716114,677589,813,0,0
C031767,2261794,27141528,1331869,15982428,73783530,26293813,26293813,157039,796,0,0
C031768,5541094,66493128,2726629,32719548,213769387,124709241,101909918,593369,783,0,0
C031769,4510950,54131400,2229407,26752884,86284492,55353046,55353046,548204,817,0,0
C031770,2749348,32992176,1317063,15804756,297435609,48317766,48317766,603027,766,0,0
C031771,7430827,89169924,4689213,56270556,705582526,46713466,36465952,287499,780,0,0
C031772,2919943,35039316,1085960,13031520,49842145,81420084,81420084,653537,791,0,0
C031773,4323416,51880992,2548070,30576840,200752822,111807829,105837099,961354,685,0,0
C031774,4928102,59137224,2295609,27547308,150462281,45791650,32470885,502058,738,3,0
C031775,3198340,38380080,2560483,30725796,98524530,116073910,94535011,440053,682,0,1
C031776,3268562,39222744,2280667,27368004,95084611,49893308,49893308,433144,737,0,0
C031777,3917993,47015916,1454433,17453196,31335402,62812931,45939403,440153,776,0,0
C031778,4437478,53249736,2805812,33669744,254039191,45943179,38855601,206305,813,0,0
C031779,5277319,63327828,3439736,41276832,288807059,75412469,59217943,293590,835,0,0
C031780,6056462,72677544,3356291,40275492,495408303,71098949,38910004,731689,775,0,0
C031781,5665947,67991364,4236396,50836752,196388889,170414851,154402602,1190339,621,2,1
C031782,6641915,79702980,4486917,53843004,302523107,135909089,110082760,979775,772,0,0
C031783,7067942,84815304,3637586,43651032,161086808,64875027,64875027,783578,711,0,0
C031784,4235324,50823888,1574310,18891720,153661011,21272333,21272333,383110,889,0,0
C031785,3041388,36496656,2118730,25424760,85241310,32570799,25054429,441736,714,0,0
C031786,3240854,38890248,1402055,16824660,290145990,11755354,11755354,330740,698,0,1
C031787,2494920,29939040,1141702,13700424,52755959,74306568,67703600,366797,760,0,0
C031788,4376076,52512912,3288336,39460032,85694819,174997941,164750589,1193917,679,0,0
C031789,5600247,67202964,3434945,41219340,310157464,38029427,12572679,479010,807,1,0
C031790,4046433,48557196,1408167,16898004,173974265,48979377,22636401,332755,788,0,0
C031791,5244475,62933700,2806208,33674496,459028394,113702671,96483827,1015922,777,0,0
C031792,3928542,47142504,2342539,28110468,255233642,68660288,64339055,597491,796,0,0
C031793,6719941,80639292,4009701,48116412,146415741,118214465,97996035,786384,837,0,0
C031794,3654080,43848960,2027106,24325272,613885440,9906739,9906739,185800,741,0,0
C031795,3995450,47945400,2084465,25013580,86436538,50347902,45138573,277025,661,0,0
C031796,5917944,71015328,4458424,53501088,127816665,45289743,40572535,694195,813,0,0
C031797,6047976,72575712,3540813,42489756,485111906,60014742,59135065,792939,773,0,0
C031798,4209853,50518236,3254468,39053616,97372058,30698023,20894871,138566,769,0,0
C031799,3412402,40948824,2176656,26119872,169658697,17162601,9386247,326656,786,0,0
C031800,5703283,68439396,2664839,31978068,120418996,80600129,65960935,497170,907,0,0
C031801,4489300,53871600,3490575,41886900,381836433,61198767,52860546,335961,723,0,0
C031802,5245921,62951052,2446370,29356440,79695671,29431715,23917632,225100,868,0,0
C031803,3513920,42167040,1470417,17645004,71563297,41767664,25277965,298140,816,0,0
C031804,3773177,45278124,2694822,32337864,424071637,28605004,21316320,256509,691,1,0
C031805,3985732,47828784,3401633,40819596,339066619,39367235,39367235,334386,830,0,0
C031806,3700036,44400432,1599366,19192392,192471028,63580388,44958357,468508,796,0,0
C031807,4277014,51324168,3172757,38073084,145512528,36545231,35949752,403473,759,0,0
C031808,9116876,109402512,6619693,79436316,626793411,142483871,103318043,1045006,685,0,0
C031809,2902221,34826652,1670890,20050680,97982241,65963468,55750556,554835,707,0,0
C031810,3064869,36778428,1550753,18609036,116803856,46100012,37373866,295736,803,0,0
C031811,5144117,61729404,2786625,33439500,435771311,141375080,119322985,932713,758,0,0
C031812,3748515,44982180,1947086,23365032,162269001,202419810,202419810,1280515,703,0,1
C031813,3105755,37269060,1307023,15684276,167163567,23963265,23646376,322869,782,0,0
C031814,12000000,144000000,10324632,123895584,615383972,90164725,71495492,605239,797,0,0
C031815,2855228,34262736,1354650,16255800,121815588,74820786,57815125,493888,795,0,0
C031816,2396977,28763724,764019,9168228,177982971,53113255,36093108,113851,784,0,0
C031817,4321673,51860076,1473377,17680524,129984854,76256455,45991565,446161,778,0,0
C031818,10306088,123673056,7091885,85102620,173247597,222789538,201751444,1733986,725,0,0
C031819,1975399,23704788,1284412,15412944,186513615,10892555,3587306,66242,823,0,0
C031820,3212530,38550360,1711565,20538780,358383131,72941743,63344194,535210,729,0,0
C031821,2979200,35750400,1631765,19581180,67481171,17671371,15893582,289734,882,0,0
C031822,4800940,57611280,3588053,43056636,259291084,40129790,34283221,397135,739,0,0
C031823,4410800,52929600,2563424,30761088,147881135,45856309,45856309,369325,902,0,0
C031824,2357299,28287588,1702890,20434680,76600452,19316435,19316435,274213,790,0,0
C031825,2413869,28966428,1251586,15019032,113126804,26168755,26168755,113139,767,0,0
C031826,1800000,21600000,1073839,12886068,101868077,26076848,24582573,298975,780,0,0
C031827,2966983,35603796,2025066,24300792,244186096,32553827,16246407,263076,828,0,0
C031828,3268972,39227664,1977152,23725824,109789099,31292390,31292390,471023,726,0,0
C031829,5275590,63307080,2494638,29935656,286475010,48336254,41567131,234937,891,0,0
C031830,4447521,53370252,3196562,38358744,233802969,68545589,37523019,447129,714,0,1
C031831,2611737,31340844,1685579,20226948,52762315,28551096,15028656,253366,815,0,0
C031832,2777406,33328872,2173481,26081772,145132449,15800054,13452527,448084,742,0,0
C031833,6326221,75914652,3342543,40110516,165808480,91303259,32264777,377123,829,0,0
C031834,4987690,59852280,2354013,28248156,144227894,53784318,32027963,613348,903,1,0
C031835,3313801,39765612,2135906,25630872,135832905,49663862,33606080,414551,795,1,0
C031836,6041865,72502380,4215623,50587476,406919867,45238250,45238250,276419,805,0,0
C031837,2625494,31505928,2426953,29123436,114470766,26978980,19270384,201002,780,0,0
C031838,4655947,55871364,1507604,18091248,96013018,102154821,73870171,1005564,728,0,0
C031839,3722022,44664264,2374770,28497240,274656953,23982678,11857591,74440,785,0,0
C031840,4488136,53857632,2745151,32941812,128529518,138639894,130715979,1200860,682,1,1
C031841,4472418,53669016,1978097,23737164,57925688,34870142,27596867,681780,824,0,1
C031842,2409335,28912020,1230833,14769996,146600407,47176980,41902739,244249,804,0,0
C031843,5172087,62065044,3551779,42621348,705025976,88762025,65229666,894051,782,0,0
C031844,3770362,45244344,1381797,16581564,99667414,20542941,10839408,251646,904,0,0
C031845,1841384,22096608,1368998,16427976,29504227,36403625,26543191,305771,768,0,0
C031846,2070466,24845592,896432,10757184,34723170,37539457,37539457,183901,762,0,0
C031847,1800000,21600000,1656338,19876056,99717556,28055474,16409655,265487,620,4,1
C031848,5455465,65465580,2205879,26470548,91218062,83509012,49211303,361602,792,0,0
C031849,3646887,43762644,1924047,23088564,116416217,34333153,28342989,72938,868,0,0
C031850,5612990,67355880,3898562,46782744,76083950,47487289,35133631,511251,749,0,0
C031851,2950920,35411040,737730,8852760,85928121,51705049,51705049,339983,699,0,0
C031852,2430299,29163588,1690476,20285712,244860902,33549584,18818639,274635,817,0,0
C031853,4639309,55671708,2035853,24430236,117572421,38366473,17836885,168043,782,1,0
C031854,2535703,30428436,1574459,18893508,62370506,31454957,14364294,100375,780,0,0
C031855,5104059,61248708,2457342,29488104,261435724,58701814,30326717,102081,738,0,0
C031856,7617382,91408584,2357620,28291440,866423038,45811202,45811202,603234,835,0,0
C031857,1914786,22977432,894705,10736460,174215052,16119304,13781118,206673,809,0,0
C031858,5463983,65567796,2907325,34887900,199632907,37227804,32042996,380542,796,0,0
C031859,3203101,38437212,1879366,22552392,292991606,36413250,23694957,255627,769,0,0
C031860,4930209,59162508,2714494,32573928,192852551,223959935,223959935,1383180,696,0,0
C031861,2364394,28372728,591099,7093188,249671426,28198658,20353837,243911,730,0,0
C031862,2861257,34335084,1997692,23972304,188042936,25131322,10870129,331820,808,0,0
C031863,3985214,47822568,2247097,26965164,95769897,85447642,67777948,691946,776,0,0
C031864,4675080,56100960,3542665,42511980,398123040,38133422,38133422,551181,684,0,0
C031865,4863515,58362180,1889565,22674780,372566390,156971878,137712339,1129491,647,0,0
C031866,4391161,52693932,1955343,23464116,248389362,50823797,50823797,495782,800,0,0
C031867,6759970,81119640,3774966,45299592,376116442,100036013,100036013,934194,776,0,1
C031868,3899463,46793556,1361942,16343304,55380456,12681251,12681251,153079,810,0,0
C031869,2606615,31279380,651654,7819848,172220819,28683987,20689510,146422,818,0,0
C031870,3097870,37174440,1801689,21620268,205196917,30912448,30133391,323240,784,0,0
C031871,1800000,21600000,949237,11390844,39783937,7887309,5699840,84535,845,1,0
C031872,3961680,47540160,1886636,22639632,97684669,59670582,41352169,556902,731,0,0
C031873,2772347,33268164,1076868,12922416,59158654,46441510,46441510,353201,845,0,0
C031874,2829821,33957852,1689621,20275452,107448770,23710777,13240236,230728,858,0,0
C031875,8450828,101409936,5708595,68503140,994395512,166871134,146990075,1583994,821,0,0
C031876,6596871,79162452,4532735,54392820,472603024,53024066,41624812,572187,819,0,0
C031877,2234367,26812404,1890399,22684788,147148142,17379179,14278849,50000,748,0,0
C031878,3838537,46062444,1901227,22814724,99356462,31048657,31048657,358239,792,0,0
C031879,5452107,65425284,3349242,40190904,129047420,61814544,42559241,774446,734,0,0
C031880,6556107,78673284,2220222,26642664,289217600,80351062,67928089,356096,833,0,0
C031881,3876665,46519980,2621812,31461744,265863072,38928486,26763342,497889,847,1,0
C031882,4788113,57457356,2662725,31952700,355490610,57653617,28676240,334293,880,0,0
C031883,5333233,63998796,3976845,47722140,429928450,33226453,9642401,465771,775,0,0
C031884,3406373,40876476,1811227,21734724,112637198,25306647,12196183,188626,783,0,0
C031885,6007664,72091968,4662005,55944060,227016074,50499572,44616054,661409,754,0,0
C031886,4630015,55560180,1895434,22745208,321291645,43925962,16909247,351865,887,0,0
C031887,3061996,36743952,2120377,25444524,247799315,60419484,37641997,264227,748,0,0
C031888,7180989,86171868,4564182,54770184,72248903,204749840,167503783,1175930,796,0,0
C031889,2724046,32688552,1134891,13618692,174189988,33712065,26171331,230254,758,0,0
C031890,5375792,64509504,3731941,44783292,155295958,136251352,113283419,829437,839,0,0
C031891,2739449,32873388,1794623,21535476,278316147,29812818,29812818,346759,715,0,0
C031892,2119688,25436256,1407660,16891920,95186613,37964520,32377373,275360,744,0,1
C031893,4419943,53039316,1505317,18063804,350322781,58464430,43109790,404876,762,0,0
C031894,2106931,25283172,967820,11613840,52926335,12806872,12806872,279592,692,0,0
C031895,4494554,53934648,1662375,19948500,206359793,118016237,105156312,898125,706,0,0
C031896,9147784,109773408,5569719,66836628,318985036,38395580,38395580,635061,836,0,0
C031897,2729708,32756496,2148606,25783272,161562266,29578710,9428143,316635,797,0,0
C031898,4074509,48894108,3142949,37715388,216860225,50273925,33798505,204870,786,0,0
C031899,2651424,31817088,1491807,17901684,213101925,18890515,6750672,61166,821,0,0
C031900,4122696,49472352,3436506,41238072,380172448,74424430,69865821,726402,778,0,0
C031901,3150158,37801896,1722550,20670600,44734379,34760272,21041457,182572,853,0,0
C031902,10055452,120665424,6044749,72536988,150980242,106466883,99009472,449922,812,0,0
C031903,3971936,47663232,2005138,24061656,465895885,25147362,9215383,119780,855,0,0
C031904,3203461,38441532,1912702,22952424,109082563,48694799,23955803,161240,744,0,0
C031905,2363487,28361844,1327776,15933312,39314938,99723340,91451049,589753,672,0,1
C031906,4042126,48505512,2386592,28639104,91087177,78666741,53432333,659795,787,0,0
C031907,4251391,51016692,2677307,32127684,66162239,139602640,130776684,795465,782,0,0
C031908,3202311,38427732,1489561,17874732,170765126,41931102,33754482,330365,806,0,0
C031909,2236769,26841228,1518763,18225156,42655533,20761970,19810438,241504,875,0,1
C031910,3897585,46771020,1740656,20887872,243193905,25235043,25235043,397876,785,0,1
C031911,1800000,21600000,883822,10605864,44828674,16993347,13319672,157738,859,0,0
C031912,2038319,24459828,581806,6981672,342437592,8949003,7398686,265618,807,0,0
C031913,6752365,81028380,3609427,43313124,84144571,39068743,39068743,754540,762,1,0
C031914,4233975,50807700,1819418,21833016,129254757,194570478,168830130,1152312,731,0,0
C031915,2292540,27510480,1940280,23283360,158686457,15339365,7152285,244399,625,1,0
C031916,8148862,97786344,5196945,62363340,717631920,71860718,71860718,754979,779,0,0
C031917,2892176,34706112,1818666,21823992,39528590,16374274,16374274,217862,749,1,0
C031918,3996994,47963928,1317008,15804096,255647494,34314806,34314806,147588,804,0,0
C031919,4686750,56241000,1953433,23441196,787374000,18884251,18884251,215838,786,0,1
C031920,6145216,73742592,2542613,30511356,478721170,37646488,27884761,378505,867,0,0
C031921,5051618,60619416,3495533,41946396,108132954,94998182,69235077,535391,916,0,0
C031922,2633747,31604964,2006946,24083352,130457557,27306481,27306481,211898,862,1,0
C031923,4839141,58069692,1854138,22249656,77555213,83760089,46296831,386509,858,0,0
C031924,5243052,62916624,2198758,26385096,234150574,72109725,49165082,386846,870,0,0
C031925,3947447,47369364,3090049,37080588,59283399,68921930,68921930,656988,755,0,0
C031926,9318722,111824664,4263096,51157152,112577627,112784401,62219332,1470294,815,0,0
C031927,7829571,93954852,5165416,61984992,137023294,174013365,174013365,1499499,640,3,0
C031928,4188284,50259408,1847604,22171248,488353989,22860836,22860836,150994,818,0,0
C031929,3483800,41805600,1801566,21618792,251207926,35314785,34159528,234626,874,0,0
C031930,1800000,21600000,647408,7768896,58159708,20987750,12136126,257947,660,0,0
C031931,4815148,57781776,2624815,31497780,354551444,64108063,51976899,280182,860,0,0
C031932,4897252,58767024,3086867,37042404,75363612,49775196,49775196,685224,808,0,0
C031933,2739162,32869944,935439,11225268,35652415,26078326,26078326,318046,799,0,0
C031934,2863136,34357632,1889171,22670052,72187594,37523574,19746380,208359,787,0,0
C031935,6249689,74996268,3543296,42519552,172963446,72639429,59072031,585758,761,0,0
C031936,3649333,43791996,3603913,43246956,57673063,101386820,82408839,565020,662,0,0
C031937,4083693,49004316,3581703,42980436,195398736,21565116,21565116,273664,763,0,0
C031938,4553788,54645456,3433692,41204304,361054356,100267595,89446536,475142,796,0,0
C031939,4567601,54811212,2463738,29564856,221182292,52346255,47809012,757880,808,0,0
C031940,5569669,66836028,2758268,33099216,145746348,93475588,75992436,458358,890,0,0
C031941,7054619,84655428,2295277,27543324,778137078,132416310,105964966,923595,898,0,0
C031942,12000000,144000000,4295661,51547932,226488230,672610045,648000000,4068400,649,0,0
C031943,4789050,57468600,2190799,26289588,161543251,152447392,138847029,1065784,727,0,0
C031944,1875873,22510476,1392938,16715256,89384073,50716808,47603318,407386,748,2,0
C031945,1800000,21600000,923814,11085768,46278154,23354155,19673011,266722,737,0,0
C031946,2972017,35664204,1368074,16416888,87257305,41805388,22487281,269861,829,0,0
C031947,4328442,51941304,1957251,23487012,274950704,84663043,73376756,761534,686,2,1
C031948,4679563,56154756,2518114,30217368,272638836,11999055,11592687,257964,883,0,0
C031949,6300490,75605880,2282957,27395484,232859980,23434580,17730772,796174,803,1,0
C031950,7428410,89140920,3797980,45575760,439848482,39263605,14356001,600353,879,0,0
C031951,5898122,70777464,3339139,40069668,859361739,96766444,76471538,908933,735,0,0
C031952,2483365,29800380,1496486,17957832,211650982,11234461,6067173,112468,809,0,0
C031953,2227052,26724624,1321202,15854424,167236094,40724248,24581092,111052,727,0,0
C031954,2906484,34877808,1049950,12599400,145008491,50954737,45160044,354472,774,0,0
C031955,3638483,43661796,2531168,30374016,238223596,72341961,46206980,339892,704,0,0
C031956,8569710,102836520,5216954,62603448,347549456,29133538,19075237,361420,744,0,0
C031957,3216395,38596740,1275634,15307608,117494040,24734298,19648354,268904,847,1,0
C031958,4564580,54774960,2825505,33906060,397402608,99735034,66970949,734195,681,1,0
C031959,4469385,53632620,2525069,30300828,122705370,32089507,32089507,241342,848,0,0
C031960,2566986,30803832,641747,7700964,136358240,37535024,23093940,162980,800,0,0
C031961,4757484,57089808,2679374,32152488,221514980,153868661,116466933,1008238,744,0,0
C031962,4167041,50004492,2060668,24728016,354293509,103070859,91524439,644889,764,0,0
C031963,3723033,44676396,2648956,31787472,55800313,29195901,20828205,252396,784,0,0
C031964,3763545,45162540,2104139,25249668,197076734,40030606,38178019,427387,772,0,0
C031965,2664075,31968900,1452511,17430132,100505105,19774954,12216423,417423,718,0,0
C031966,3700103,44401236,2619742,31436904,467832756,49381710,35414294,434821,692,1,0
C031967,5981624,71779488,2244114,26929368,43126060,171168855,150974643,1144050,765,0,0
C031968,4225631,50707572,2654145,31849740,139254010,21336528,14503741,476570,775,0,0
C031969,4322348,51868176,2066527,24798324,236007156,67817570,61746793,767681,827,0,0
C031970,4246004,50952048,2095669,25148028,161807783,53147329,36608314,905969,726,1,0
C031971,2142256,25707072,1213316,14559792,81186708,26037227,14187677,80251,828,0,0
C031972,5808216,69698592,3316123,39793476,201124182,41987983,41987983,293799,874,0,0
C031973,5549218,66590616,2601810,31221720,444818114,65433833,38078432,673500,857,0,0
C031974,4552140,54625680,2556706,30680472,52923422,24620909,24620909,194041,828,0,0
C031975,5848444,70181328,3158678,37904136,270991792,102008967,84224345,487004,755,0,0
C031976,10799112,129589344,5809788,69717456,422195352,88258820,71201259,865608,839,0,0
C031977,4762206,57146472,1977682,23732184,486847433,66594371,63197200,418155,785,0,0
C031978,4393015,52716180,2017426,24209112,228577193,79479754,71577372,841923,756,0,1
C031979,3326573,39918876,2298020,27576240,160254548,89690899,89690899,693934,717,0,0
C031980,7297845,87574140,3171386,38056632,603798422,147557509,102576583,1035851,803,0,0
C031981,2176126,26113512,1686017,20232204,73390401,56267902,48657661,234698,749,0,0
C031982,4113462,49361544,1696658,20359896,320656380,75188689,58179700,523931,800,0,0
C031983,4411598,52939176,2919625,35035500,231360444,100220377,80174814,678137,950,0,0
C031984,6430343,77164116,2955480,35465760,176444590,123509613,102871701,367255,783,0,0
C031985,4807342,57688104,1648285,19779420,167121998,48985615,29223796,187417,713,0,0
C031986,5088062,61056744,2835785,34029420,296580076,48003073,37043696,413264,786,0,0
C031987,5162585,61951020,2502681,30032172,225415687,61863900,48412558,681697,790,0,0
C031988,7848550,94182600,7979855,95758260,419103267,124128412,76632757,812380,826,0,0
C031989,2901752,34821024,1525846,18310152,94369737,22599852,6597549,178009,864,0,0
C031990,4305235,51662820,1315927,15791124,72173861,69793166,58769919,302966,765,0,0
C031991,3413778,40965336,2378148,28537776,106459113,77473654,62670388,431749,755,0,0
C031992,3049734,36596808,1721039,20652468,212734398,39343069,34267228,199320,786,0,0
C031993,3039508,36474096,1318449,15821388,98400219,51128871,34167067,206618,870,0,0
C031994,2047097,24565164,1867923,22415076,9256383,29000476,23078989,349727,685,0,1
C031995,5942655,71311860,2926820,35121840,998366040,65396851,53591549,376427,919,0,0
C031996,5863017,70356204,1625512,19506144,311139501,40788076,26654851,445420,778,1,0
C031997,5491917,65903004,4172407,50068884,236975394,81261531,69900200,438615,761,0,0
C031998,6521975,78263700,4534836,54418032,342158822,70563676,59310965,749423,729,0,1
C031999,5686449,68237388,2617623,31411476,374923970,247760877,233874239,1464034,759,0,0
C032000,3870954,46451448,1602509,19230108,128868505,30039869,30039869,285075,763,0,0
C032001,3041422,36497064,1482319,17787828,160411162,33858127,33209340,373516,753,0,0
C032002,4650072,55800864,3298704,39584448,93573866,151444780,143199192,1056195,650,0,0
C032003,2428669,29144028,1676706,20120472,340471404,30718101,29878777,275230,767,0,0
C032004,5849583,70194996,4723982,56687784,418353841,38142912,18363982,522729,780,0,0
C032005,1800000,21600000,1089407,13072884,112674431,38216957,33121314,339611,838,0,0
C032006,4234028,50808336,3602197,43226364,218712068,52688179,42900774,309104,794,0,0
C032007,3397824,40773888,1682147,20185764,371911176,63643111,48226909,644545,828,0,0
C032008,3627815,43533780,2146803,25761636,445072192,42840724,35651474,321915,884,0,0
C032009,4007267,48087204,1518436,18221232,227513733,30773822,22039011,293548,837,0,0
C032010,3019232,36230784,1856550,22278600,62297863,25860652,25860652,189254,812,0,0
C032011,3270466,39245592,1931755,23181060,54030502,25384578,15524685,240969,788,1,0
C032012,3402204,40826448,3247519,38970228,172761817,28640891,10917615,299265,670,0,1
C032013,6661791,79941492,2315517,27786204,130207281,210138842,193289044,1452323,827,0,0
C032014,4291889,51502668,2141226,25694712,240611499,40691005,23776549,159763,878,0,0
C032015,4989689,59876268,2615938,31391256,505940774,53051821,21803972,631973,778,0,0
C032016,3673372,44080464,1740986,20891832,125497402,144922398,113783287,1011756,666,1,1
C032017,3238986,38867832,2376771,28521252,232469134,52244753,45973881,642123,731,0,0
C032018,4670017,56040204,2526501,30318012,255967412,22525647,22525647,505823,799,0,1
C032019,6818071,81816852,3347802,40173624,330364645,67620448,44462491,537970,784,0,0
C032020,3393619,40723428,1676113,20113356,570127992,18612152,10364410,158280,833,0,1
C032021,6600304,79203648,3067156,36805872,722265088,348288553,308693982,2047867,652,0,0
C032022,3194211,38330532,1554545,18654540,217084699,12618898,12618898,135954,774,0,0
C032023,4666771,56001252,1368068,16416816,562115146,48580193,29954437,401595,740,0,0
C032024,3850078,46200936,1596377,19156524,24373060,76305825,67457067,591010,747,0,0
C032025,2380925,28571100,1061730,12740760,148306840,106366567,96111663,552698,782,0,1
C032026,3220596,38647152,2305309,27663708,110838051,27576882,16994614,322814,804,0,0
C032027,5101860,61222320,4363754,52365048,79128652,170787871,170787871,1260386,702,0,0
C032028,3117431,37409172,1512089,18145068,103729331,60064514,42887223,306059,751,0,0
C032029,3506695,42080340,1904110,22849320,339002540,41265276,24140221,168602,788,0,0
C032030,5668881,68026572,2598657,31183884,465211098,62862101,38831360,731757,761,0,0
C032031,4085388,49024656,3152525,37830300,387321230,44917588,32429522,263775,835,0,0
C032032,2752622,33031464,1223223,14678676,170443289,10948756,10948756,208832,744,0,0
C032033,3314006,39768072,2732609,32791308,493376536,38457031,28242763,202192,692,0,0
C032034,7153646,85843752,3257447,39089364,645851070,124605232,94112558,658180,792,0,0
C032035,2340432,28085184,1049694,12596328,289043794,21799296,17797891,196042,777,0,0
C032036,4657771,55893252,2654911,31858932,120114397,18915810,11295516,263927,704,0,0
C032037,5810133,69721596,3410021,40920252,185761044,15404201,15404201,272774,846,0,0
C032038,7061565,84738780,5916826,71001912,322437956,75779746,45117799,795638,648,0,0
C032039,4879092,58549104,2957676,35492112,231146122,44151269,27075211,319434,721,0,0
C032040,1970793,23649516,1319552,15834624,84359552,21170243,18959209,302770,650,0,0
C032041,3787465,45449580,1282853,15394236,107149881,36453951,25405047,75749,793,0,0
C032042,1896041,22752492,1116877,13402524,66744831,15106184,10989939,191658,758,0,0
C032043,4883029,58596348,3324975,39899700,127692260,72646801,72646801,810706,774,0,0
C032044,4140837,49690044,2520261,30243132,417939791,41926911,39985633,437711,841,0,0
C032045,3118599,37423188,2308282,27699384,63225603,51406808,49792195,377540,787,0,1
C032046,2626891,31522692,1408239,16898868,249680046,16686420,7962099,132645,858,0,0
C032047,2733787,32805444,2530904,30370848,284277547,27333528,14162821,334650,615,0,1
C032048,3409389,40912668,1887356,22648272,96815981,57930147,41359840,342016,779,0,0
C032049,3244189,38930268,2168778,26025336,209581624,30815540,21620273,209156,864,0,0
C032050,2773391,33280692,1552250,18627000,95082726,37493403,30732542,519067,724,0,1
C032051,3421539,41058468,1886784,22641408,259388118,34557381,23355582,350491,740,0,0
C032052,4622833,55473996,2928411,35140932,398606249,84516664,54861628,342387,821,0,0
C032053,3960661,47527932,2606781,31281372,163963779,40826745,31492476,316973,850,0,0
C032054,2166287,25995444,961153,11533836,57971579,36259021,29748158,350880,821,0,0
C032055,4617737,55412844,2659899,31918788,97287710,94647462,46550886,225873,692,1,0
C032056,3595073,43140876,2605047,31260564,271256886,36296676,36296676,452660,806,0,0
C032057,4812248,57746976,1812062,21744744,122100046,41763765,30267443,345799,782,0,0
C032058,2622887,31474644,1379479,16553748,155542227,23648338,16683588,227424,781,0,0
C032059,2980211,35762532,1400442,16805304,119832420,18308190,17898600,211545,853,0,0
C032060,3352323,40227876,2603819,31245828,279958346,80834090,50887338,637186,696,0,0
C032061,5054372,60652464,3921082,47052984,272074267,158811189,104925651,1182549,607,1,1
C032062,4561699,54740388,2335234,28022808,307775375,73531700,54489047,945004,795,0,0
C032063,5683616,68203392,1918156,23017872,234555255,54609598,38890493,776984,869,0,0
C032064,4917262,59007144,3105741,37268892,94777577,169819464,144460808,1379016,677,0,0
C032065,3324491,39893892,2108299,25299588,160683500,64208641,64208641,604378,806,0,0
C032066,3986514,47838168,2224808,26697696,154710008,215376960,215271756,1412860,714,0,1
C032067,2680039,32160468,1371468,16457616,167187731,57710952,57710952,528908,820,0,0
C032068,4623785,55485420,2481973,29783676,83784404,32432704,13969798,101255,776,0,0
C032069,3445618,41347416,1972651,23671812,79666717,53310072,48104047,410140,865,0,0
C032070,3817372,45808464,1900630,22807560,29535205,51269732,41222517,536867,783,0,0
C032071,3897913,46774956,2221502,26658024,550644602,38279831,25676002,249991,710,0,0
C032072,2587604,31051248,1946213,23354556,148034424,31506919,8625718,113541,834,0,0
C032073,7485603,89827236,3562814,42753768,107434358,62313290,60203025,821459,776,1,0
C032074,2693429,32321148,1489527,17874324,186829354,42918999,33042244,120987,847,0,0
C032075,2249520,26994240,1622231,19466772,136062359,101454790,94152361,824058,626,2,1
C032076,12000000,144000000,7486223,89834676,633943556,217139698,148864630,1103638,696,0,0
C032077,2372460,28469520,1006452,12077424,84217050,29629920,18943938,127530,845,0,0
C032078,4643370,55720440,2674874,32098488,295366389,114545375,112993653,1104958,730,0,0
C032079,2717721,32612652,1399294,16791528,67930757,64419283,63997005,591361,837,1,0
C032080,4623799,55485588,2010857,24130284,167609604,72456158,55632962,750508,752,0,0
C032081,3575680,42908160,2506484,30077808,123678977,52354343,37315308,361196,829,0,0
C032082,3238462,38861544,1645904,19750848,171825322,31002519,22616625,224895,811,0,0
C032083,4236956,50843472,2475907,29710884,228905264,44048072,38016470,491300,770,0,0
C032084,4627224,55526688,3068936,36827232,116463352,39756050,23359143,160107,818,0,0
C032085,3710786,44529432,2376050,28512600,204791766,25436929,25436929,326925,860,0,0
C032086,3314274,39771288,1855909,22270908,94328606,67839096,47665998,569966,668,0,0
C032087,3699606,44395272,1397727,16772724,347065947,51111331,31825524,73992,765,0,0
C032088,3767309,45207708,2102770,25233240,165713767,53672098,43714595,479992,730,0,0
C032089,4548759,54585108,3297951,39575412,86269976,80060490,73914935,369824,725,0,0
C032090,2215031,26580372,914961,10979532,135425157,56657169,45611245,400514,826,0,0
C032091,6517581,78210972,3326126,39913512,262320061,112094408,94542771,1029659,831,0,0
C032092,5981938,71783256,2624875,31498500,664522584,68007836,44800299,415612,780,0,0
C032093,3504575,42054900,1911796,22941552,60594850,65579574,53810100,597557,711,1,1
C032094,2942229,35306748,1785027,21420324,287259293,38847023,15871399,183877,669,1,0
C032095,5172648,62071776,2691078,32292936,199330899,52568729,34535302,566498,765,0,0
C032096,4835357,58024284,3510647,42127764,536450528,65205430,35626685,670354,653,0,0
C032097,2233151,26797812,1392010,16704120,107728919,28010112,13859931,285440,749,0,0
C032098,3723154,44677848,2299827,27597924,330454586,24883544,24883544,298985,741,0,0
C032099,3393240,40718880,1998741,23984892,100051898,57834293,35458827,136063,839,0,0
C032100,3911027,46932324,2562373,30748476,138635131,32790402,13511719,197178,751,0,0
C032101,6178808,74145696,3668444,44021328,101547488,183224739,153039322,1316327,653,0,0
C032102,3922205,47066460,1427558,17130696,378736527,41106116,35612526,179573,864,0,0
C032103,4582919,54995028,2251827,27021924,403000868,16197819,14678148,228481,763,0,0
C032104,5191330,62295960,2229235,26750820,779380945,127046899,127046899,1157988,757,0,0
C032105,2411751,28941012,1599066,19188792,102412776,15063598,15063598,352769,729,0,0
C032106,12000000,144000000,6437176,77246112,842589622,264438082,264438082,1544522,887,0,0
C032107,4150974,49811688,2176525,26118300,75795426,20003745,20003745,178324,833,0,0
C032108,2534355,30412260,821185,9854220,214363084,100913071,96352808,787627,807,0,0
C032109,6073863,72886356,5116258,61395096,282371599,118384422,93754445,896461,633,1,0
C032110,3063245,36758940,1834429,22013148,108609640,33638452,33638452,391959,690,0,0
C032111,6335632,76027584,4051574,48618888,253657491,89196244,63281850,371911,809,0,0
C032112,2684639,32215668,2083524,25002288,367922386,47246651,43632242,328354,669,0,0
C032113,6446995,77363940,3807401,45688812,255540987,79973562,58503207,890455,724,0,0
C032114,5662847,67954164,3075768,36909216,210114455,128777065,115969197,739876,772,0,0
C032115,3813344,45760128,2239767,26877204,56227236,29836483,8294474,339059,889,0,0
C032116,5537212,66446544,4336134,52033608,74982021,66558070,51158552,524908,845,0,0
C032117,3552557,42630684,1868664,22423968,35877963,63026942,59426325,553805,855,0,0
C032118,5274899,63298788,2333839,28006068,138756790,39889527,32914698,171966,775,0,0
C032119,3173145,38077740,1295149,15541788,437532189,22960889,12681343,69382,862,0,0
C032120,4083661,49003932,1902827,22833924,131155890,40171971,23194183,306446,786,0,0
C032121,4079035,48948420,2947970,35375640,371561423,52974353,52563478,505962,800,0,0
C032122,7567741,90812892,5737441,68849292,180310060,66581831,47222283,514633,763,0,1
C032123,3258443,39101316,1827187,21926244,90862773,57038977,37879450,270492,751,0,0
C032124,7487679,89852148,3435388,41224656,230188618,157555398,111659592,1139780,725,0,0
C032125,4638838,55666056,2556342,30676104,134976763,143121305,143121305,1051913,742,0,1
C032126,3748597,44983164,1352160,16225920,281202754,30360076,30360076,74972,824,0,1
C032127,1800000,21600000,861886,10342632,52840609,18107629,11944079,130606,790,0,0
C032128,3429950,41159400,1652995,19835940,297633820,52507855,42259945,243311,842,0,0
C032129,6099901,73198812,3010839,36130068,422364967,63981872,63981872,811135,826,0,0
C032130,6046743,72560916,2462120,29545440,117018294,125400847,107746321,923033,852,0,0
C032131,2831661,33979932,2069720,24836640,68220554,42787632,25465444,246047,789,0,0
C032132,4410541,52926492,3635639,43627668,58276294,247520830,238169214,1526484,690,0,1
C032133,4024369,48292428,1813674,21764088,149254078,67854991,51133345,440385,763,0,0
C032134,2498565,29982780,892445,10709340,57814734,86543423,61586792,492571,827,0,0
C032135,3204451,38453412,1859075,22308900,462892069,23872529,22758279,64089,871,0,0
C032136,3300003,39600036,825001,9900012,554400504,76978947,57159469,537372,816,0,1
C032137,9136792,109641504,4811373,57736476,375432136,210294906,177764675,1944606,707,0,0
C032138,2333518,28002216,1415780,16989360,65923642,26804924,25612745,201889,867,0,0
C032139,5061201,60734412,3261403,39136836,138569987,134404682,92509602,1024416,697,1,0
C032140,3022313,36267756,1523606,18283272,201426106,31993599,31993599,253653,829,0,0
C032141,5220086,62641032,2273249,27278988,207211043,26540850,23361626,529035,803,0,0
C032142,1971788,23661456,1409904,16918848,56173587,14058264,13242493,180394,801,0,0
C032143,2793726,33524712,1101397,13216764,469345968,13918580,13918580,189137,931,0,0
C032144,4038707,48464484,2835690,34028280,166265407,66932720,60073489,673488,779,0,0
C032145,2274061,27288732,1580280,18963360,116116198,97785731,81129021,496993,711,1,1
C032146,2443681,29324172,1515687,18188244,115238924,24845116,24845116,148142,792,0,0
C032147,3803109,45637308,3109678,37316136,56007762,23258308,23258308,444089,791,0,0
C032148,3900664,46807968,2528907,30346884,655311552,42860322,33409997,261619,824,0,0
C032149,3409688,40916256,1617855,19414260,397747260,44229095,40414640,460677,681,0,0
C032150,7438462,89261544,2915596,34987152,1249661616,72097487,71650511,436971,786,0,0
C032151,2759848,33118176,1998830,23985960,27795826,37615795,35588817,277276,792,0,0
C032152,3852418,46229016,2425565,29106780,115748136,30056808,15886178,150984,783,0,0
C032153,5946971,71363652,3065669,36788028,54824912,34556579,34556579,336509,892,0,0
C032154,6074310,72891720,1910955,22931460,926631158,58385743,52104816,178311,779,0,0
C032155,1858251,22299012,986803,11841636,142382923,59542179,53645843,485595,729,0,0
C032156,3671029,44052348,1966766,23601192,127303461,26374178,17364436,475324,880,0,0
C032157,2710502,32526024,1379981,16559772,179850841,37664994,37664994,343228,891,0,0
C032158,5342185,64106220,4123288,49479456,348381205,107690020,76371179,896816,751,0,0
C032159,6554034,78648408,2861928,34343136,247698533,144755112,131324042,696766,838,0,0
C032160,2480990,29771880,1563306,18759672,204614760,29255854,23127763,149025,829,0,0
C032161,5982332,71787984,4107016,49284192,309987565,66366295,59103965,577968,868,0,0
C032162,2660302,31923624,2119984,25439808,165466630,116762767,98014218,684357,696,1,1
C032163,3628693,43544316,2676390,32116680,42540539,33791765,31173811,437589,708,0,0
C032164,3565133,42781596,2093070,25116840,98534923,64768775,64768775,468383,706,0,0
C032165,4008840,48106080,2420830,29049960,387126139,55833429,46442042,510206,772,0,0
C032166,2929748,35156976,1626006,19512072,48171533,25285632,16967509,142538,787,0,0
C032167,2654393,31852716,1563369,18760428,113201547,14095338,11981209,172500,795,0,0
C032168,2514843,30178116,1530923,18371076,108153331,28003622,28003622,296144,814,0,0
C032169,2088301,25059612,1704908,20458896,62579519,21745178,21745178,181089,749,0,0
C032170,3110709,37328508,2352479,28229748,253639169,41643623,41473315,417199,697,0,0
C032171,6854836,82258032,6497832,77973984,140628342,87590899,50380181,191297,700,0,1
C032172,2042231,24506772,1037772,12453264,93445326,27864259,17418158,261289,733,0,0
C032173,3771403,45256836,1719486,20633832,133218088,46767517,34073149,430277,856,0,0
C032174,3141994,37703928,1852321,22227852,122841442,61048612,45185698,306611,762,0,0
C032175,2829129,33949548,1894035,22728420,55295478,35380380,27762102,444681,753,0,0
C032176,9697117,116365404,6219048,74628576,125454352,140322047,134995677,1100804,744,0,0
C032177,3107942,37295304,1639641,19675692,132819029,59058324,53779426,425906,837,0,1
C032178,3615890,43390680,1784020,21408240,115044470,48294528,31971996,433595,800,0,0
C032179,6139676,73676112,4783100,57397200,309555684,36667048,32021150,122794,814,0,0
C032180,2494889,29938668,1327903,15934836,419141352,25646894,16682230,340658,752,0,0
C032181,1936585,23239020,1043737,12524844,136382881,19792558,13036973,200753,733,1,0
C032182,3026031,36312372,1679141,20149692,218786349,32805712,16486335,445850,805,0,0
C032183,8404675,100856100,4556409,54676908,350895559,82139615,59208017,401940,941,0,0
C032184,2542673,30512076,1822775,21873300,70275134,36286413,30426559,416330,795,0,0
C032185,5354988,64259856,4214202,50570424,423008393,63006378,49530257,940429,670,0,1
C032186,3394879,40738548,2413085,28957020,83300568,21808118,21808118,117919,782,0,0
C032187,6707470,80489640,4026235,48314820,91435584,138893784,131674034,969409,796,0,0
C032188,1953122,23437464,878360,10540320,35208006,14172336,12072346,244016,733,0,0
C032189,6492425,77909100,2995523,35946276,236200613,84439535,77292737,455130,800,0,0
C032190,4796826,57561912,2230267,26763204,44962036,47071274,38184231,411251,757,0,0
C032191,3232858,38794296,1474353,17692236,317207462,102897589,78781952,485444,774,0,0
C032192,4429490,53153880,2445308,29343696,55995101,17041002,11747602,444909,817,0,0
C032193,1800000,21600000,500541,6006492,106303130,16316762,14484970,125347,766,1,0
C032194,2940594,35287128,1673912,20086944,32816427,38277215,21832647,353744,752,0,0
C032195,3567476,42809712,1665212,19982544,208409520,33994572,32284574,193956,805,0,0
C032196,2633538,31602456,1956487,23477844,79501498,33537584,26396304,366092,673,0,0
C032197,6500820,78009840,3033059,36396708,1003646685,154889464,108358854,1199099,746,0,0
C032198,3732116,44785392,2724380,32692560,616708516,43168254,28112799,393763,663,0,0
C032199,2954594,35455128,806592,9679104,74725583,29420503,22075738,184502,794,0,0
C032200,1917532,23010384,479383,5752596,257242126,36199633,28679499,65574,753,0,0
C032201,6422613,77071356,4753895,57046740,275866569,154641592,108716504,1015414,672,1,1
C032202,4091051,49092612,2733047,32796564,203128137,37302371,26694432,465138,799,0,1
C032203,3728149,44737788,2193800,26325600,102193335,52975090,42091633,489391,828,0,1
C032204,2160920,25931040,747300,8967600,326397348,15914559,15914559,235889,814,0,0
C032205,5818178,69818136,3469809,41637708,362378334,82819343,66938372,809743,664,0,0
C032206,3052422,36629064,1902134,22825608,200878336,20383845,20383845,265777,815,0,0
C032207,3182458,38189496,1922676,23072112,178140394,60403344,49372623,351303,741,0,0
C032208,5632476,67589712,4204308,50451696,107929202,102731348,83819736,846759,724,0,0
C032209,5570062,66840744,1442970,17315640,355314213,30416588,30416588,302191,734,0,0
C032210,4169352,50032224,3173432,38081184,93444515,47282118,39745051,583124,700,0,0
C032211,3066595,36799140,1358382,16300584,77388339,32924935,24091096,286964,729,0,0
C032212,5082964,60995568,3306354,39676248,226869721,44726307,27631792,424307,856,0,0
C032213,2221784,26661408,1547120,18565440,20748006,40791741,24187346,381931,671,1,0
C032214,4438095,53257140,3072687,36872244,141879663,38833341,22593824,384593,751,0,0
C032215,7258104,87097248,5652234,67826808,116764549,110338631,64258846,841309,759,0,0
C032216,6512992,78155904,2804641,33655692,402896455,100172541,82014231,585950,826,0,0
C032217,4386303,52635636,2817357,33808284,465672635,68181817,64689803,699968,765,0,0
C032218,5928422,71141064,4156204,49874448,183557455,62083530,29352985,261860,822,0,0
C032219,4387100,52645200,2959769,35517228,215652836,46254963,36552541,583727,780,0,0
C032220,4411415,52936980,2525675,30308100,310438409,243765788,238216410,1396680,644,1,0
C032221,3030423,36365076,1610010,19320120,78876037,34139610,19025840,316678,745,0,0
C032222,3445634,41347608,2190677,26288124,208755822,42155602,21457288,401007,769,0,0
C032223,2942986,35315832,2348332,28179984,34225493,35688475,21751599,161108,811,0,0
C032224,3189860,38278320,1605709,19268508,189829089,17718453,17633718,226055,772,0,0
C032225,4039583,48474996,2215291,26583492,110216422,241672356,218137482,1428469,731,0,0
C032226,2532781,30393372,1617796,19413552,116321147,57033190,45360322,423201,752,0,0
C032227,7871427,94457124,4726061,56712732,546643829,27289829,27289829,157429,802,0,0
C032228,2975972,35711664,1571299,18855588,205676810,57038855,45397967,285496,835,0,0
C032229,3777471,45329652,2923602,35083224,150259294,16948309,16948309,384924,800,1,0
C032230,4749016,56988192,2481471,29777652,164638076,105311709,82050248,518359,737,0,0
C032231,3317097,39805164,2348478,28181736,126102585,26407744,23987301,291066,777,0,0
C032232,4608673,55304076,2320687,27848244,222007247,62437223,36628685,498901,743,0,0
C032233,5930584,71167008,3138171,37658052,186093129,53673013,37856933,118612,768,0,0
C032234,4726351,56716212,2830723,33968676,167876500,51537500,42608262,315507,739,0,0
C032235,3138896,37666752,1520902,18250824,73137678,32572109,28952669,337409,757,0,0
C032236,5070809,60849708,3702473,44429676,144610476,64762614,53340101,409877,712,0,0
C032237,9261800,111141600,7616230,91394760,196359538,112575548,99637210,1393881,730,0,0
C032238,2921688,35060256,1838608,22063296,186084177,56803609,47945139,268559,842,0,0
C032239,2391159,28693908,2046362,24556344,219530244,50397548,33554172,349744,707,2,1
C032240,2973530,35682360,1838487,22061844,340669022,25471075,23617104,157234,859,0,0
C032241,2917199,35006388,1515595,18187140,60229210,55460981,55460981,552199,772,0,0
C032242,3890344,46684128,1361049,16332588,69460804,42687721,42687721,438426,863,0,1
C032243,3111754,37341048,1210480,14525760,38759790,23058242,19573310,202637,750,0,0
C032244,2534844,30418128,1056473,12677676,61720630,92444218,84865166,596247,768,0,0
C032245,3432259,41187108,1473074,17676888,238913963,15433377,13007214,189174,828,0,0
C032246,2117929,25415148,1491512,17898144,29505382,17878321,9675770,145551,783,0,1
C032247,5457006,65484072,3457486,41489832,94960715,76293311,42759510,180290,815,1,0
C032248,5418616,65023392,4520082,54240984,208406455,10719472,10719472,236426,797,0,0
C032249,3583491,43001892,1719559,20634708,528394101,64596748,63230004,699485,837,0,0
C032250,3796229,45554748,1598704,19184448,287100453,25337857,24491701,304896,792,0,0
C032251,5271445,63257340,2940419,35285028,164398719,45389155,28721619,560559,771,0,0
C032252,4992627,59911524,2830190,33962280,142814871,38703339,21146090,642287,823,0,0
C032253,4571684,54860208,2473211,29678532,117895557,73912372,73912372,681464,785,0,0
C032254,5790672,69488064,1447668,17372016,475132705,33559965,33559965,290540,775,0,0
C032255,4380798,52569576,2107660,25291920,315043291,55873082,39030988,259562,911,0,0
C032256,3156027,37872324,2074455,24893460,64576837,82655034,77801594,627558,740,0,1
C032257,4467287,53607444,3220679,38648148,76905134,52733076,29614752,297911,772,0,0
C032258,4044138,48529656,2122380,25468560,373642244,121351697,114945634,563160,777,0,0
C032259,3792677,45512124,3277816,39333792,177387299,53025961,47409150,343831,826,0,0
C032260,2213124,26557488,1221025,14652300,118747329,21898214,13814665,50000,742,0,0
C032261,2981505,35778060,1584866,19018392,71829380,39515965,22550279,418684,788,0,0
C032262,4053040,48636480,3065301,36783612,224168492,76103493,68884153,409218,779,0,0
C032263,3170663,38047956,1928540,23142480,207258226,25316934,17202406,159662,838,0,0
C032264,7961325,95535900,4152597,49831164,571860089,71533737,64280942,1102418,771,0,0
C032265,9787064,117444768,5807212,69686544,228709908,125887029,79571229,884461,827,0,0
C032266,5218402,62620824,3883581,46602972,376734226,114794759,87310438,409958,776,0,1
C032267,6581709,78980508,4055977,48671724,234862681,47226592,31203592,370228,765,0,0
C032268,3429156,41149872,2175889,26110668,193964596,53485144,48118502,533493,784,0,0
C032269,2268539,27222468,776776,9321312,158095189,34620082,30061877,259462,748,1,0
C032270,3284431,39413172,2250478,27005736,110673302,64245018,53996233,428232,711,1,0
C032271,1800000,21600000,1308084,15697008,46410193,26058522,26058522,191387,792,0,1
C032272,4471655,53659860,3194604,38335248,105314823,75168021,54848732,680785,747,0,0
C032273,5904983,70859796,2471948,29663376,248406398,38301641,38301641,492840,820,0,0
C032274,2962788,35553456,1726683,20720196,56011191,33855386,25302322,190508,763,0,0
C032275,8392167,100706004,3631041,43572492,101101880,118056641,103299912,888309,784,0,0
C032276,5082226,60986712,2412275,28947300,466959084,52375741,48304829,734474,849,0,0
C032277,3256883,39082596,2207087,26485044,120843725,100378219,100378219,877956,728,0,0
C032278,6528790,78345480,4234692,50816304,270016772,42741896,41350085,494353,767,0,0
C032279,4120873,49450476,2396928,28763136,165875449,39254957,32591852,364835,899,0,0
C032280,3588559,43062708,1735801,20829612,161998716,43919405,28127375,80330,845,0,0
C032281,2556621,30679452,1317609,15811308,113654975,11188640,3839472,51132,891,0,0
C032282,6504996,78059952,2948903,35386836,104268659,112320606,112320606,936900,711,0,0
C032283,4680837,56170044,3477936,41735232,291443203,32235604,32235604,475478,716,0,0
C032284,5020463,60245556,2830187,33962244,101557971,30318872,30318872,318189,790,0,0
C032285,5035441,60425292,1965168,23582016,201938211,34193976,34193976,593325,768,0,0
C032286,7413892,88966704,5340336,64084032,168988473,55367417,33035487,641607,880,0,0
C032287,2640301,31683612,1812604,21751248,102871980,25848027,14447970,63102,690,0,0
C032288,2273193,27278316,1432691,17192292,106993399,37597458,37597458,376944,747,0,0
C032289,3101447,37217364,2396035,28752420,149249919,22650122,18396901,410667,629,1,0
C032290,7416859,89002308,3821151,45853812,402849286,152552921,117667441,409547,755,0,0
C032291,3147879,37774548,1206788,14481456,47084318,31590072,31590072,174566,806,0,0
C032292,1800000,21600000,1224885,14698620,44085094,18186056,14917628,150301,809,1,0
C032293,4590831,55089972,2477455,29729460,169914084,52639847,40072472,320183,789,0,0
C032294,4234594,50815128,2242225,26906700,37299987,36357024,36357024,84692,849,0,0
C032295,4203110,50437320,3304675,39656100,178935017,67881399,59680525,479383,760,0,0
C032296,5253246,63038952,2202384,26428608,398132698,26091587,16884505,280487,827,0,0
C032297,2279301,27351612,1165615,13987380,213750053,16142116,16142116,132200,885,0,0
C032298,12000000,144000000,8407250,100887000,274642430,238395730,220483576,1667283,852,0,0
C032299,3848443,46181316,2135408,25624896,177772996,40888787,34308832,615028,841,0,0
C032300,6358650,76303800,2149338,25792056,667562558,45244697,45244697,648480,802,0,0
C032301,4024074,48288888,1800819,21609828,68038209,33599551,21728587,263009,748,0,0
C032302,4351918,52223016,2350081,28200972,203612632,47865878,35148140,412098,869,0,0
C032303,1919847,23038164,783219,9398628,84247641,14344656,14139719,170141,750,0,0
C032304,6485000,77820000,4171608,50059296,454034620,61706807,29511159,444350,697,1,0
C032305,3462278,41547336,1593161,19117932,124896115,73114766,73114766,599893,783,0,0
C032306,4413057,52956684,2307820,27693840,127744526,43246197,41518728,428668,835,0,0
C032307,4766457,57197484,2975136,35701632,307730644,66199958,40123897,624561,754,0,0
C032308,5842356,70108272,3342308,40107696,364872602,46961028,46961028,601933,781,0,0
C032309,3052839,36634068,2325336,27904032,298640480,29503410,18332038,281404,667,1,1
C032310,5449119,65389428,2624276,31491312,107982217,51599915,24210218,165602,774,0,0
C032311,3745595,44947140,2153911,25846932,309896819,65709608,47034715,381640,766,0,0
C032312,4708632,56503584,2397874,28774488,89289749,31299369,26527328,306913,802,0,0
C032313,4365252,52383024,2250021,27000252,256337492,62800677,48307462,333400,748,0,1
C032314,3213316,38559792,2623667,31484004,263091836,90334905,73264121,590543,650,2,1
C032315,2506615,30079380,1137965,13655580,30500408,22523329,6750392,67840,832,0,0
C032316,2563648,30763776,1180477,14165724,226502473,25532194,23045393,185890,918,0,0
C032317,2769893,33238716,1759652,21115824,35216665,64303293,64153864,510219,702,0,1
C032318,6600459,79205508,3806848,45682176,193186288,65876891,37033950,278065,906,0,0
C032319,4446543,53358516,2695542,32346504,320887354,35159434,18327413,410144,765,1,0
C032320,5344970,64139640,4120057,49440684,233067505,111615677,70207234,472850,745,0,0
C032321,4341093,52093116,4204265,50451180,92591533,73690547,48641827,628282,672,0,1
C032322,3607232,43286784,1500461,18005532,44627790,59920691,42621391,398255,827,0,0
C032323,3721629,44659548,2197575,26370900,150577719,30436920,16687494,260785,754,0,1
C032324,3566795,42801540,2439593,29275116,292500228,67365262,67365262,496030,842,0,0
C032325,6930493,83165916,5366591,64399092,439195261,107490874,92237518,1327611,800,0,0
C032326,3591043,43092516,2542787,30513444,461855832,89720882,78722408,930500,636,0,0
C032327,3205825,38469900,2076751,24921012,375165340,26966662,26966662,352633,751,0,0
C032328,3300918,39611016,1054617,12655404,477588752,40724384,24108398,293146,779,0,0
C032329,3059454,36713448,1932362,23188344,188578047,23370229,12377037,126987,814,0,0
C032330,4865456,58385472,2824803,33897636,269145841,34883586,21804018,156553,859,0,0
C032331,2344545,28134540,1502008,18024096,78775535,18211988,7735252,101402,840,0,0
C032332,2430662,29167944,1194113,14329356,31026685,49864603,36434126,254845,756,0,0
C032333,6422350,77068200,4278429,51341148,522265932,107955087,89900141,1540745,783,0,0
C032334,5234904,62818848,4638120,55657440,62316246,102029285,63599154,498542,719,0,0
C032335,4791229,57494748,2811374,33736488,123440610,39609505,39609505,239707,714,0,0
C032336,4475772,53709264,2729956,32759472,61699068,38230652,24777450,169701,774,0,0
C032337,6690797,80289564,2479287,29751444,214649674,66476467,52981969,219206,830,0,1
C032338,1800000,21600000,942788,11313456,200366911,59854199,58522124,390200,852,0,0
C032339,4106684,49280208,2843506,34122072,186252454,38789626,25924243,321564,892,0,0
C032340,3865434,46385208,2466491,29597892,127361088,34853754,18568188,218495,871,0,0
C032341,5436105,65233260,2726572,32718864,91237073,34038693,27760242,389930,734,0,0
C032342,3237610,38851320,2162323,25947876,219308528,28868736,28868736,325883,754,0,0
C032343,4668202,56018424,2233550,26802600,135570691,97618876,97618876,737132,764,0,0
C032344,2121843,25462116,873774,10485288,61093878,46879162,41316583,401624,740,1,0
C032345,3243395,38920740,1768231,21218772,41110156,67631064,67631064,576104,892,1,0
C032346,4559046,54708552,3708996,44507952,756083034,40716653,38276380,254857,727,1,0
C032347,10148260,121779120,6642950,79715400,347679576,180556281,161700581,2082128,670,0,1
C032348,3118124,37417488,1346459,16157508,354235204,36162005,15445718,217620,799,0,0
C032349,2804778,33657336,1474395,17692740,241520698,49371501,35911912,318001,752,0,1
C032350,2748856,32986272,1692685,20312220,125600179,58665618,47506564,459445,819,0,0
C032351,4307409,51688908,2279542,27354504,491207367,54016094,53146354,699818,846,0,0
C032352,2725554,32706648,1382843,16594116,200076747,25974906,10917642,76915,777,0,0
C032353,3149256,37791072,1580514,18966168,343931976,27889217,25744118,125792,797,0,0
C032354,4333984,52007808,2661855,31942260,145836350,74739744,43526222,366616,720,0,0
C032355,2901857,34822284,1886409,22636908,82944503,29444324,21511807,290583,795,0,0
C032356,5083850,61006200,2927520,35130240,355040105,55836770,34101837,532795,811,0,0
C032357,6847404,82168848,2436809,29241708,179887982,111828414,84773709,795601,840,0,0
C032358,3186912,38242944,1768194,21218328,77999700,33891729,20534866,238633,756,0,0
C032359,2004185,24050220,730363,8764356,47902683,23556893,15606993,164732,814,0,0
C032360,4343110,52117320,2725115,32701380,689782198,68274221,54339663,379870,769,0,0
C032361,3059870,36718440,1872200,22466400,121652217,45398484,44087157,560488,815,0,0
C032362,6960567,83526804,4213459,50561508,182375104,58812554,44724922,777537,773,0,0
C032363,5163303,61959636,4028487,48341844,135246600,134951924,109624500,1283051,620,0,0
C032364,4215587,50587044,1946373,23356476,256802181,19946030,18946137,236591,767,0,0
C032365,5031334,60376008,2151752,25821024,296670475,85338411,83648561,362132,810,0,0
C032366,7329860,87958320,6425117,77101404,845250310,44402291,44402291,363243,804,0,0
C032367,3151520,37818240,2011196,24134352,123659478,23609436,11761102,285460,762,0,0
C032368,3471114,41653368,1931418,23177016,52260109,52085107,39986988,438447,819,0,0
C032369,3126021,37512252,1816836,21802032,136088727,87227585,72495363,462192,761,0,0
C032370,3267367,39208404,1094546,13134552,117815550,45995512,25742625,220232,729,0,0
C032371,5634116,67609392,4466976,53603712,398443620,71641986,46805601,333535,796,0,0
C032372,5081789,60981468,2896670,34760040,323832017,53488316,37613437,154107,736,0,0
C032373,3848411,46180932,2206954,26483448,91575748,60617334,50184007,397514,783,0,0
C032374,3292984,39515808,1786531,21438372,414074351,45313281,34053676,289734,818,0,0
C032375,2477490,29729880,619373,7432476,134197958,29935331,15950308,323292,688,0,0
C032376,3206021,38472252,1688472,20261664,100148571,81286896,80596996,599431,740,0,0
C032377,3958764,47505168,2449080,29388960,213294954,105233758,87177467,702538,672,0,0
C032378,5605483,67265796,2670104,32041248,363685305,35108262,35108262,113882,875,0,0
C032379,5681012,68172144,2643502,31722024,766875577,73947830,49289993,611642,706,0,0
C032380,3817726,45812712,2823727,33884724,87011305,56223408,42193466,422622,824,0,0
C032381,5445574,65346888,2402478,28829736,359980514,54234304,46924291,391798,853,0,0
C032382,2780108,33361296,2235172,26822064,101507772,74085847,41742865,183796,755,0,0
C032383,6688448,80261376,3009773,36117276,82919797,58146498,34723240,891771,853,0,0
C032384,3453741,41444892,1373904,16486848,37851326,30596674,7061973,386383,753,0,0
C032385,2595924,31151088,1075910,12910920,131506484,43908277,38635560,392332,918,0,0
C032386,3580659,42967908,1132820,13593840,51154666,73114230,55770494,587216,920,0,0
C032387,3575089,42901068,2662892,31954704,94384829,61908519,59100618,392365,767,0,0
C032388,7378942,88547304,5127371,61528452,267698342,163781765,109908307,954825,674,0,0
C032389,1800000,21600000,860323,10323876,147269161,81864890,73155199,513223,724,0,0
C032390,4935863,59230356,3740870,44890440,241054777,69147405,55787153,730694,597,1,0
C032391,4386123,52633476,2729555,32754660,86637561,90608878,88532530,761057,796,0,0
C032392,4111883,49342596,1995688,23948256,100012079,40535981,18771953,498301,789,0,0
C032393,2929081,35148972,1020060,12240720,71549376,51495018,40114862,228797,797,0,1
C032394,3098177,37178124,1807340,21688080,94630551,34141147,27562417,152235,814,0,0
C032395,3638253,43659036,1798440,21581280,178920112,39181008,31635854,373247,722,0,0
C032396,1800000,21600000,1212740,14552880,42232500,44263888,37859852,349299,715,0,0
C032397,1800000,21600000,1328099,15937188,43754583,26577058,22311215,262760,707,0,0
C032398,4093768,49125216,2344013,28128156,150060384,31657570,21761260,434802,869,0,0
C032399,5505653,66067836,3762231,45146772,135283014,35917655,35917655,278725,774,1,0
C032400,8134639,97615668,2659585,31915020,231130848,155153052,155153052,1421287,767,0,0
C032401,5940066,71280792,3880294,46563528,481430487,100901635,75772296,318321,781,0,1
C032402,6565254,78783048,2954505,35454060,934206797,42289928,11447697,131305,828,0,0
C032403,1800000,21600000,1125278,13503336,77144410,20283294,10968201,97253,885,0,0
C032404,5011205,60134460,2274834,27298008,353299552,187428442,166817089,1038243,763,0,0
C032405,3480314,41763768,1309610,15715320,435146533,13145634,13145634,69606,804,0,0
C032406,4746266,56955192,1186567,14238804,136118565,44317288,33127649,378149,773,0,0
C032407,8500820,102009840,5031224,60374688,482967343,157982155,118017299,922243,783,0,0
C032408,4840101,58081212,2515084,30181008,111275902,55685699,51737998,707523,745,1,0
C032409,3713780,44565360,2705670,32468040,229688486,24992592,15694668,195529,794,0,0
C032410,2758600,33103200,1882459,22589508,181554941,18188219,12217807,232280,754,0,0
C032411,3028862,36346344,2632281,31587372,108190852,46160391,20651682,210442,749,0,0
C032412,4520016,54240192,2459987,29519844,123516733,70636633,58793554,566384,724,0,0
C032413,5957792,71493504,3089458,37073496,702083362,117854949,99343934,917933,717,0,0
C032414,12000000,144000000,3866637,46399644,403201253,116556375,78186475,695992,758,1,0
C032415,3143386,37720632,1746030,20952360,121900575,39748321,31264969,322494,869,0,0
C032416,1939557,23274684,1708690,20504280,229084209,32012261,19995194,230091,675,1,0
C032417,5191956,62303472,2400580,28806960,173452723,46008739,23927714,413330,835,0,0
C032418,3795227,45542724,1699544,20394528,414969604,32626697,30676782,190664,912,0,0
C032419,6173571,74082852,1543393,18520716,230830509,87132265,48440140,615067,837,1,0
C032420,3085942,37031304,1827370,21928440,65332608,118679384,108923055,790615,815,0,0
C032421,4295055,51540660,2553258,30639096,721569240,52730874,40859996,529326,807,0,0
C032422,2783845,33406140,1568986,18827832,130982054,23683203,23683203,250460,797,0,0
C032423,2863849,34366188,1401486,16817832,60501378,24659521,17968696,297176,703,0,1
C032424,3005591,36067092,1680222,20162664,141425693,15910244,11108105,60112,740,0,0
C032425,2299758,27597096,1405262,16863144,232237041,7604202,7604202,108147,800,0,0
C032426,7397006,88764072,5412063,64944756,702817880,84078273,80829028,672372,891,0,0
C032427,6061396,72736752,3105816,37269792,790031090,14707057,10123804,295509,890,0,0
C032428,5765822,69189864,2494110,29929320,176976197,38811293,34284501,768949,814,0,0
C032429,10004865,120058380,5559717,66716604,957690166,244533474,201260659,1465939,739,0,0
C032430,1996903,23962836,1338387,16060644,104071692,44162067,40413436,237085,809,1,0
C032431,4900479,58805748,2686093,32233116,269115786,52029960,50158449,477149,806,0,0
C032432,3606699,43280388,1432741,17192892,303561407,31823617,20054604,150272,690,0,0
C032433,3673163,44077956,2009158,24109896,84055980,50321500,38172171,248989,837,0,0
C032434,2632177,31586124,1309451,15713412,133428528,46443963,44732152,328284,796,0,0
C032435,2717192,32606304,1310116,15721392,50893875,14712110,14712110,128791,802,1,0
C032436,2677769,32133228,1658273,19899276,104988123,52229678,52229678,473008,714,0,0
C032437,5676421,68117052,3327104,39925248,131720997,60042144,58838354,414466,822,0,0
C032438,3055264,36663168,2346482,28157784,73917413,25152854,25152854,343655,730,0,1
C032439,3650052,43800624,1968534,23622408,152852559,94007844,53867496,486288,719,0,0
C032440,2969050,35628600,1540047,18480564,101438196,36105926,20703745,59381,840,0,0
C032441,3681957,44183484,952191,11426292,119694378,94794750,69155693,536428,774,0,0
C032442,4163384,49960608,2763001,33156012,142767428,29202371,28911480,387740,736,0,0
C032443,1800000,21600000,1099901,13198812,61742562,29932328,22495520,179796,744,0,0
C032444,4287978,51455736,2019477,24233724,118480316,124222999,101332004,588524,848,0,0
C032445,2742728,32912736,1366334,16396008,258379278,50753301,36461254,329430,736,0,0
C032446,4711132,56533584,2843902,34126824,132092555,55081486,38378244,770197,752,0,0
C032447,2632043,31584516,1752878,21034536,41096120,62698667,60999358,457217,827,0,0
C032448,9894812,118737744,5714062,68568744,390342163,61331958,53716033,1210020,809,0,0
C032449,4931494,59177928,2385205,28622460,72645316,41712777,33773429,297881,758,0,0
C032450,6828083,81936996,4838185,58058220,224884596,144937172,113669361,1032808,746,0,0
C032451,2329843,27958116,1420611,17047332,391413624,22984331,14990428,254092,803,0,0
C032452,1916875,23002500,1099358,13192296,200466119,45558706,36250644,483232,829,0,0
C032453,6495117,77941404,4843972,58127664,215799239,43769793,43769793,665432,720,0,0
C032454,6919631,83035572,2406987,28883844,379792810,146384638,112466459,551702,711,0,0
C032455,5862050,70344600,1768727,21224724,323550288,136110257,133408115,1113212,766,0,0
C032456,7171967,86063604,4639371,55672452,85684393,80157457,80157457,802145,738,1,0
C032457,3294567,39534804,1839955,22079460,231213658,46068491,30970626,418753,738,0,0
C032458,7491154,89893848,5257043,63084516,135640900,92750215,86258824,916827,773,1,0
C032459,5524588,66295056,3212188,38546256,274573564,55481590,55481590,499776,856,0,0
C032460,3415593,40987116,2007872,24094464,143360536,47258904,28094700,239036,915,0,0
C032461,3897868,46774416,2366419,28397028,155236525,36301630,36301630,424306,765,0,0
C032462,3704852,44458224,2214451,26573412,236170279,68684365,46515260,644937,708,0,0
C032463,3828204,45938448,2587513,31050156,117307397,16802573,10045071,423960,745,0,0
C032464,2578344,30940128,1551003,18612036,433161792,32088539,10387728,52769,756,0,0
C032465,2607781,31293372,1689094,20269128,72952504,51253403,43968416,210027,730,0,0
C032466,4124901,49498812,1623579,19482948,217894394,26401426,6025737,82498,929,0,0
C032467,3532656,42391872,2403436,28841232,117612507,68688890,51221304,761425,724,1,0
C032468,5153442,61841304,2716261,32595132,350770390,84749246,84749246,933914,789,0,0
C032469,5607970,67295640,2566724,30800688,535714232,140927859,112565604,1064929,722,0,1
C032470,1949887,23398644,1135530,13626360,54281233,25641853,23293072,201725,765,1,0
C032471,3064504,36774048,2080597,24967164,25873459,51437395,51437395,700654,831,0,0
C032472,3489533,41874396,2936176,35234112,288311304,92030450,84597908,1045103,670,0,0
C032473,4863698,58364376,3846526,46158312,489377302,115432307,92515007,716775,645,1,1
C032474,5389310,64671720,2648984,31787808,305715526,75008916,57736996,772237,838,0,0
C032475,3344473,40133676,2271122,27253464,26337479,46781703,21142172,240657,752,0,0
C032476,5957210,71486520,3902469,46829628,447134483,50013684,40165738,318815,941,1,0
C032477,2279287,27351444,1523099,18277188,179176612,46607292,46607292,605004,782,0,0
C032478,2049354,24592248,1043146,12517752,17223199,17676638,11276892,50000,827,0,0
C032479,5824632,69895584,2019571,24234852,446180032,150112652,135193210,883257,740,0,0
C032480,2452575,29430900,1310418,15725016,41109720,20783040,18332470,317858,755,0,0
C032481,3708061,44496732,2113272,25359264,16179573,22379042,22379042,314105,851,0,0
C032482,5992716,71912592,4221823,50661876,287957406,76980736,48672089,930362,799,0,0
C032483,2548313,30579756,1091503,13098036,142630607,53092541,53092541,383117,768,0,0
C032484,5551279,66615348,2450604,29407248,147285739,88475996,56523535,353792,893,0,0
C032485,4596690,55160280,3301839,39622068,63240234,95513779,85474851,732418,769,0,0
C032486,3869858,46438296,1972699,23672388,249441568,157901097,155253907,905538,764,0,0
C032487,4550047,54600564,2716836,32602032,128589899,58213638,52196452,401627,726,0,0
C032488,12000000,144000000,7266162,87193944,334706642,130937316,63545696,983492,783,1,0
C032489,4919702,59036424,3926225,47114700,74255476,54794738,34454197,237187,717,0,0
C032490,4964956,59579472,2485455,29825460,123510190,83112292,83112292,460560,767,0,0
C032491,2827340,33928080,781285,9375420,48485016,36267107,22675909,372044,722,0,0
C032492,3676210,44114520,1252193,15026316,216467029,69816365,46370549,381491,738,1,0
C032493,3145941,37751292,2103138,25237656,94932719,64147150,42919623,385664,806,0,0
C032494,5608448,67301376,4266091,51193092,111908733,24917157,24917157,455472,796,0,0
C032495,3173842,38086104,1298601,15583212,393258852,69154439,45110953,494156,748,0,0
C032496,4068786,48825432,2592350,31108200,230379044,41032239,37530064,392207,813,0,0
C032497,4565263,54783156,3710795,44529540,155579300,47311140,27762277,196251,739,0,0
C032498,3188773,38265276,1769243,21230916,219966154,43012501,27987927,290562,777,0,0
C032499,1800000,21600000,1439266,17271192,26583504,41153039,37034583,266040,670,0,0
C032500,4073317,48879804,1641866,19702392,174284438,34861982,34861982,429451,778,0,0
C032501,6106831,73281972,4181541,50178492,525565908,38412987,38412987,243579,853,0,0
C032502,4701483,56417796,2308276,27699312,101852598,87233443,73558928,485660,800,0,0
C032503,1966785,23601420,601403,7216836,152325974,12682208,5318353,50000,866,0,0
C032504,3737490,44849880,1759870,21118440,220161132,32022950,32022950,383422,801,0,0
C032505,7191313,86295756,2552864,30634368,181095907,184391926,153968548,732441,818,0,0
C032506,2972970,35675640,1666570,19998840,398460416,56301581,33078649,384573,703,0,0
C032507,2693676,32324112,1867028,22404336,78398887,42916020,37450574,406671,864,0,0
C032508,4599148,55189776,3061651,36739812,343219623,59612811,42726491,127081,808,0,0
C032509,4477243,53726916,3344471,40133652,66725063,31178080,18501894,166339,758,0,0
C032510,3181757,38181084,2527801,30333612,143671244,65444807,44870517,363497,743,0,0
C032511,5933158,71197896,3468547,41622564,262251556,36046952,30038252,535796,787,0,0
C032512,4021763,48261156,2399000,28788000,495055639,63072745,63072745,485837,761,0,0
C032513,3184195,38210340,2145595,25747140,319841160,59354818,50679213,636253,676,2,1
C032514,4646070,55752840,2922699,35072388,357899956,29214201,14254176,218412,808,0,0
C032515,3307788,39693456,1512281,18147372,271873966,30027621,26029013,359500,762,0,0
C032516,4657208,55886496,2459681,29516172,95345355,175995747,147072894,1200428,690,0,1
C032517,3076250,36915000,1066255,12795060,180332294,27531307,19715303,197142,809,1,0
C032518,2653005,31836060,1534456,18413472,147691246,23975724,11924108,53060,856,0,0
C032519,7734624,92815488,4410105,52921260,136967739,248093923,245020398,1538289,784,0,0
C032520,3427125,41125500,1860848,22330176,410585710,83149872,73508347,477990,870,0,0
C032521,5406638,64879656,3514793,42177516,73630824,119016481,116079663,816904,789,0,0
C032522,3634296,43611552,1924942,23099304,71629074,22117184,19617573,386640,756,0,0
C032523,7526714,90320568,3227042,38724504,204032684,117745612,87185311,643913,793,0,0
C032524,2752410,33028920,1174523,14094276,71250952,18860730,15101047,116678,820,0,0
C032525,5995138,71941656,3531952,42383424,238965010,67928880,56421173,549947,751,0,0
C032526,4574925,54899100,2323745,27884940,49651769,78620071,35703632,91499,807,0,0
C032527,4875640,58507680,3647037,43764444,156942246,69642580,62602357,607358,785,0,0
C032528,2572033,30864396,1424639,17095668,45118786,18526438,11818246,184314,803,0,0
C032529,3106069,37272828,1643634,19723608,202733244,69336002,61683932,472186,712,0,0
C032530,5629968,67559616,3138363,37660356,401603151,157901527,146009573,1152905,740,0,0
C032531,5067252,60807024,3097129,37165548,111070746,15004480,9140051,113567,818,0,0
C032532,3839939,46079268,1356848,16282176,111513429,71078880,71078880,648740,765,0,0
C032533,4285813,51429756,3163501,37962012,437615343,105190546,105190546,713207,820,0,0
C032534,3385843,40630116,1570962,18851544,169695810,102616012,66192989,438390,744,0,0
C032535,2563144,30757728,1369850,16438200,109774251,23470458,23470458,199195,815,0,0
C032536,4747379,56968548,2408813,28905756,109601842,95109372,55190032,810792,837,0,0
C032537,4021848,48262176,2540142,30481704,88103265,28741545,28741545,253994,736,0,0
C032538,4496979,53963748,1742500,20910000,260925504,38222590,27136138,502647,870,0,0
C032539,3948748,47384976,2502922,30035064,271429959,37563721,22123032,275479,704,0,0
C032540,3295164,39541968,1763183,21158196,211148679,9569148,5037576,195108,842,0,0
C032541,2781827,33381924,1259820,15117840,73555030,16572580,9417180,155553,944,0,0
C032542,4764881,57178572,3358862,40306344,133821283,108701253,108701253,793505,784,0,0
C032543,6663031,79956372,2903738,34844856,255273261,75994136,63405356,575219,878,0,0
C032544,6282045,75384540,5088570,61062840,432570010,60490415,25492681,554598,784,0,0
C032545,7883754,94605048,2305271,27663252,328437560,152019754,122220516,1390602,731,0,1
C032546,2852657,34231884,1543288,18519456,140927250,52070651,42683349,112920,874,0,1
C032547,2169957,26039484,1818715,21824580,61932629,61858276,56369186,528762,652,0,1
C032548,6366013,76392156,3540229,42482748,406299799,56287594,46134031,516616,839,0,0
C032549,3610948,43331376,1709237,20510844,184213788,31365764,28605317,272747,830,0,0
C032550,2632650,31591800,1165585,13987020,61274326,23336058,23336058,256763,771,0,0
C032551,5440337,65284044,4255845,51070140,154233458,43417173,43417173,405530,617,1,0
C032552,2792579,33510948,1937616,23251392,54389718,70366384,62008471,355208,655,0,0
C032553,6098857,73186284,3465000,41580000,218053147,198775754,198775754,1794141,787,0,0
C032554,5816717,69800604,2494369,29932428,823873480,86706239,86454675,744726,790,0,0
C032555,3899413,46792956,3241282,38895384,427095752,36655054,24307138,392952,711,0,1
C032556,1800000,21600000,1420642,17047704,162430685,17373189,13267433,156830,726,0,0
C032557,3723179,44678148,1604615,19255380,459714920,33087722,20203840,344975,783,1,0
C032558,4393490,52721880,2921229,35054748,135548443,46221352,39624907,449145,750,0,0
C032559,5362936,64355232,1975170,23702040,171227606,79490645,61488806,626397,807,0,0
C032560,4473446,53681352,1497791,17973492,526971421,99218353,82435826,703784,806,0,0
C032561,3431507,41178084,2172983,26075796,568956660,21524790,9294103,135522,768,0,0
C032562,2636635,31639620,1051714,12620568,86991788,31342118,9185283,170321,749,0,0
C032563,2936893,35242716,1706166,20473992,101522102,32320113,19104143,145613,771,0,0
C032564,6549914,78598968,2976887,35722644,163331678,62125192,59957422,736417,815,0,0
C032565,2473956,29687472,1532450,18389400,183538157,40976415,26497528,281929,738,1,0
C032566,2928891,35146692,1885791,22629492,278341304,66014410,63101898,395649,759,0,0
C032567,3388363,40660356,2748777,32985324,178295456,29617281,23924700,420290,813,0,0
C032568,2872985,34475820,1904155,22849860,59043206,20271773,20156656,247868,873,0,0
C032569,3550543,42606516,2177953,26135436,151138494,43277831,25388530,386399,714,0,1
C032570,5254972,63059664,3815615,45787380,495324511,94153603,74745477,890563,743,0,0
C032571,3211586,38539032,2703843,32446116,65556031,92814137,92814137,720174,773,0,1
C032572,3486829,41841948,1990870,23890440,77057290,53090457,32782774,407023,780,0,0
C032573,3664746,43976952,2629151,31549812,165404317,23511268,16693170,412438,743,0,0
C032574,2200300,26403600,1111619,13339428,30470294,15973943,15973943,433950,828,0,0
C032575,4435929,53231148,2542514,30510168,154533109,108064421,108064421,1195032,767,0,1
C032576,4052186,48626232,1305439,15665268,28371591,29572991,13235318,81044,843,0,0
C032577,4208989,50507868,1988958,23867496,270344338,29029635,25807512,283722,834,0,0
C032578,2015889,24190668,901635,10819620,319304066,18562954,9709996,91913,887,0,0
C032579,9926871,119122452,7186695,86240340,636356610,211963214,150534717,1291673,634,0,0
C032580,2799093,33589116,880217,10562604,243008125,52617894,51809615,303739,805,0,0
C032581,4389498,52673976,3144161,37729932,642397519,61017591,58920726,578210,669,0,0
C032582,5101475,61217700,3421909,41062908,288134502,30942458,15445724,396157,784,0,1
C032583,4724315,56691780,3138077,37656924,341853195,48504943,37733326,725914,721,0,0
C032584,5283205,63398460,1939272,23271264,249725063,93550197,68649104,586444,757,0,0
C032585,2898562,34782744,1834507,22014084,231213433,29209809,20834093,320495,817,0,0
C032586,2460554,29526648,1133982,13607784,97145543,24569224,15161915,182629,844,0,0
C032587,6614118,79369416,3914362,46972344,1111171824,87521946,74997328,732535,823,0,0
C032588,2212797,26553564,970991,11651892,371749896,11869356,7995127,185001,726,0,0
C032589,4784142,57409704,2892138,34705656,47637003,21652478,17133573,595193,766,0,0
C032590,8560893,102730716,4144188,49730256,280722106,214397628,187069657,1072027,734,0,0
C032591,7906218,94874616,6249936,74999232,126005744,55968850,38187769,405463,800,0,0
C032592,4709983,56519796,2304736,27656832,32300442,31336511,31336511,326102,787,0,0
C032593,2267247,27206964,1123002,13476024,24926460,71576686,56745288,241017,807,0,0
C032594,4383398,52600776,2237149,26845788,95087072,15190502,15190502,187488,803,1,0
C032595,4339950,52079400,2849064,34188768,81632406,38511918,30152043,340169,831,0,0
C032596,1800000,21600000,837819,10053828,67373127,13281498,5866297,122606,770,0,1
C032597,4720625,56647500,3028347,36340164,105654568,143995691,111853910,829115,667,0,0
C032598,5150619,61807428,2944478,35333736,97515156,34453686,34453686,172480,762,0,0
C032599,2856944,34283328,1339319,16071828,90072415,51817111,36945174,436659,765,0,0
C032600,1800000,21600000,1705503,20466036,38493983,49905400,46320649,410648,751,1,1
C032601,2701385,32416620,2012667,24152004,162681410,18135282,17997944,260148,701,0,0
C032602,8035320,96423840,2802798,33633576,284696636,132945028,95810255,689691,875,0,0
C032603,5196140,62353680,3231818,38781816,258759759,155048521,125503009,1044270,748,0,0
C032604,4727417,56729004,1746831,20961972,361938365,34512835,18197651,155275,765,0,0
C032605,6592372,79108464,5069799,60837588,261170452,148342983,139351629,970778,685,1,0
C032606,2354856,28258272,1613544,19362528,92930211,40230396,40230396,283600,801,0,0
C032607,5541161,66493932,2356752,28281024,571018816,37366293,37366293,812686,837,0,0
C032608,3678775,44145300,3131103,37573236,196347731,24883812,24883812,428085,700,0,0
C032609,9344073,112128876,6062474,72749688,585207285,86055560,84144758,271193,817,0,0
C032610,8516938,102203256,4417161,53005932,755450102,95073226,60907463,1059151,788,0,0
C032611,4598723,55184676,3234918,38819016,234905461,40579720,40454525,328598,792,0,0
C032612,7100777,85209324,5770995,69251940,610699523,89888328,85296757,766661,755,0,0
C032613,3526464,42317568,2031831,24381972,561728016,40121101,40121101,374699,851,0,0
C032614,4466552,53598624,1635564,19626768,160060972,60836937,36229698,507066,799,1,0
C032615,2245287,26943444,1495354,17944248,53872090,9902112,9902112,195139,762,0,0
C032616,6516011,78192132,4054077,48648924,142899551,49890621,49890621,666548,852,0,0
C032617,2256698,27080376,1023173,12278076,152184691,36123772,27147498,144129,814,0,0
C032618,3651116,43813392,2163825,25965900,252955178,44866453,30588868,660026,773,1,0
C032619,4072473,48869676,1386437,16637244,201157965,28779311,7031843,173854,803,0,0
C032620,4345548,52146576,2933268,35199216,117536498,23610724,23610724,189168,860,0,0
C032621,4964638,59575656,2578764,30945168,152767628,48244930,35114008,468511,716,0,0
C032622,2754256,33051072,1809630,21715560,101200093,32237633,19321294,275409,813,0,0
C032623,3459659,41515908,1653266,19839192,157723470,26828746,26828746,199430,733,0,0
C032624,8410968,100931616,6342709,76112508,163497069,232293330,195628445,971085,734,0,0
C032625,3260817,39129804,1451192,17414304,76643092,76597797,55225831,243830,781,0,0
C032626,4877627,58531524,2252275,27027300,819441336,63424902,40786536,408641,812,0,0
C032627,6188415,74260980,3544213,42530556,193435568,50650470,41138922,521773,817,0,0
C032628,2488989,29867868,1754423,21053076,72063828,35099235,26070533,280815,788,0,0
C032629,7159877,85918524,3767160,45205920,613125547,41335975,41335975,549169,827,0,0
C032630,2593221,31118652,1393526,16722312,84160325,34766123,19757427,298970,771,0,0
C032631,4321500,51858000,2392710,28712520,121725991,53881411,36987135,284394,729,0,0
C032632,5460519,65526228,4486283,53835396,78292949,48469696,35920779,848840,701,0,0
C032633,6121828,73461936,3544309,42531708,310791706,47566460,32391799,362043,750,0,0
C032634,4214571,50574852,1791394,21496728,173382944,60096997,57793489,669361,950,0,0
C032635,2101397,25216764,538846,6466152,49130998,42047833,27039643,227097,848,0,0
C032636,3705370,44464440,2068117,24817404,152652364,72901255,62989644,742732,772,0,0
C032637,2343703,28124436,1222519,14670228,329610342,23511230,15440852,175770,706,0,0
C032638,4452571,53430852,2113679,25364148,452824234,54459822,44951655,558997,780,0,0
C032639,1800000,21600000,931142,11173704,49746997,19341227,16531739,138066,870,0,0
C032640,8811071,105732852,4511448,54137376,350313173,97627339,41253177,378560,728,0,0
C032641,2656230,31874760,1480001,17760012,28583271,26690865,10846107,266871,814,0,0
C032642,1993832,23925984,1096715,13160580,48331796,16505120,12870100,191335,747,1,0
C032643,2303124,27637488,1410984,16931808,83326873,60641704,49991371,451725,864,0,0
C032644,7453275,89439300,5383574,64602888,166013685,83260976,83260976,656007,824,0,0
C032645,5891799,70701588,3585737,43028844,513928614,73949829,73949829,490283,796,0,0
C032646,2378338,28540056,1335769,16029228,34944432,39635966,39635966,359363,891,0,0
C032647,4175324,50103888,2385268,28623216,181633164,233718828,225467496,1514562,764,0,1
C032648,4141407,49696884,2483326,29799912,85952764,30773434,13737076,82828,793,0,0
C032649,6221245,74654940,2422192,29066304,97470090,128194240,91936975,741895,786,1,0
C032650,3981204,47774448,2105802,25269624,121571531,32494549,12363651,79624,841,0,0
C032651,4044921,48539052,2175666,26107992,410185664,53758772,43534298,566396,901,0,0
C032652,4062980,48755760,3201698,38420376,167218029,37047067,31198389,147923,688,1,0
C032653,5403815,64845780,3866446,46397352,323463274,199855927,185811992,1296635,754,0,0
C032654,4060388,48724656,1843015,22116180,344154648,235842339,219260952,1591830,674,0,0
C032655,5161909,61942908,2068611,24823332,321958143,41779364,33537859,103238,896,0,0
C032656,5701461,68417532,2818885,33826620,381606743,64886501,48274766,560421,840,1,0
C032657,4326651,51919812,2370027,28440324,115993223,233639154,233639154,1394321,673,0,0
C032658,1800000,21600000,1102618,13231416,39806284,29123471,23123950,194639,767,0,0
C032659,1800000,21600000,1146499,13757988,94228802,13263204,11474081,54580,940,0,0
C032660,2882921,34595052,1006248,12074976,134091338,55113281,40731388,439477,799,0,0
C032661,4835328,58023936,2770923,33251076,35835550,55676202,35183854,195288,824,0,0
C032662,4422544,53070528,3027794,36333528,439734503,29543961,29543961,214033,843,0,0
C032663,2600447,31205364,1791099,21493188,64128597,47253158,37192565,367221,771,0,0
C032664,4317853,51814236,3102911,37234932,342955700,51520049,36777927,648110,707,0,0
C032665,3785628,45427536,1979439,23753268,167695067,60576185,50985934,502203,813,0,0
C032666,4262000,51144000,2215965,26591580,89895438,10973631,10973631,96116,785,0,0
C032667,2420440,29045280,1377301,16527612,147522321,16382677,10791527,178102,877,0,0
C032668,3235974,38831688,2548083,30576996,226460895,18560944,17326843,235546,757,1,0
C032669,6665325,79983900,3041393,36496716,495271350,56593703,27418148,440834,794,1,0
C032670,4219924,50639088,1758262,21099144,108630815,48702651,30031530,366999,855,0,0
C032671,3372340,40468080,1585853,19030236,122148873,66473839,64158116,550975,796,0,0
C032672,2494790,29937480,1432072,17184864,419124720,17763857,12634013,65091,713,0,0
C032673,2481288,29775456,735134,8821608,55039113,17272757,17272757,207283,770,0,0
C032674,7433785,89205420,3441327,41295924,359596305,94009619,70105730,551156,747,0,0
C032675,4631935,55583220,2997749,35972988,362394234,100907428,77515482,646099,794,0,0
C032676,2474973,29699676,1529805,18357660,127367325,36347471,27969637,332225,776,0,0
C032677,7616836,91402032,5478341,65740092,355990054,48565178,29532973,417154,772,0,0
C032678,3158057,37896684,1152496,13829952,247500715,24642014,19718964,120823,741,0,1
C032679,4493874,53926488,2643392,31720704,78642335,34043343,16512139,348758,731,0,0
C032680,3004409,36052908,1478364,17740368,216937305,44824743,21477284,279780,726,0,0
C032681,3292211,39506532,1936208,23234496,239030689,54294291,44017311,441258,849,0,0
C032682,2995316,35943792,2061175,24734100,398498105,55975192,32396116,395945,765,0,0
C032683,2776213,33314556,2361006,28332072,157206676,4317538,4317538,78043,810,0,0
C032684,3042456,36509472,1787074,21444888,99366247,57661931,54781034,364745,692,0,0
C032685,4487410,53848920,2331650,27979800,285875113,107256193,94311342,467817,797,0,0
C032686,3380894,40570728,1953246,23438952,231076320,23329360,19834734,325932,876,0,0
C032687,4801767,57621204,3418235,41018820,335775893,55043443,55043443,455635,910,0,0
C032688,2933000,35196000,1513181,18158172,177465702,18215877,13253391,299264,815,0,0
C032689,3790059,45480708,1106071,13272852,55275503,86658396,85132464,534882,852,1,0
C032690,2246534,26958408,1248475,14981700,197601888,33935536,15926452,190907,825,0,0
C032691,4523723,54284676,2733151,32797812,64602624,194174730,186227594,1248197,717,0,1
C032692,2868116,34417392,2127826,25533912,308678802,22308965,11306602,70723,755,0,0
C032693,5683787,68205444,2911273,34935276,155471064,161598741,118313612,888376,747,0,0
C032694,7542868,90514416,4445935,53351220,360419739,189731588,163398636,1698649,696,0,0
C032695,2810084,33721008,2182424,26189088,157357447,30325805,10453311,204392,625,1,1
C032696,3929645,47155740,2465374,29584488,303465429,50098754,49448648,274888,745,0,0
C032697,4996486,59957832,3063824,36765888,488476752,65013090,65013090,601717,782,0,0
C032698,1800000,21600000,1449677,17396124,38681415,17949758,14372769,191140,716,0,1
C032699,4139711,49676532,2533412,30400944,185306632,44292002,44292002,140448,704,2,0
C032700,2779539,33354468,1572039,18864468,74705227,25429680,19659307,223786,795,0,0
C032701,10075122,120901464,4711919,56543028,223548270,44720231,44720231,935278,877,0,0
C032702,4511794,54141528,2619836,31438032,113503950,67789258,40961107,619629,701,0,0
C032703,2954372,35452464,1870371,22444452,148335697,39333681,21129074,183361,639,1,1
C032704,6177141,74125692,4242146,50905752,157296406,200403352,175355865,1024195,758,0,0
C032705,7127751,85533012,4894948,58739376,363776281,68460327,45035364,262402,748,0,0
C032706,6526349,78316188,4878802,58545624,196904702,93144776,51569846,501452,821,0,0
C032707,4627566,55530792,2600538,31206456,283715759,43949859,22082159,92551,758,0,0
C032708,5246630,62959560,3584792,43017504,881433840,73795322,51964578,455522,773,0,0
C032709,7457606,89491272,4198650,50383800,557792198,36503858,26158964,399498,810,0,0
C032710,4346688,52160256,3018831,36225972,226839365,57191300,50605758,426242,793,1,0
C032711,6663858,79966296,4669051,56028612,342139431,50364347,29597922,491765,759,0,0
C032712,5981105,71773260,3221259,38655108,344302314,305145833,294014318,2008514,774,0,0
C032713,2220009,26640108,1716910,20602920,142922349,31132031,20645337,307046,713,0,0
C032714,4754228,57050736,3748003,44976036,798710304,75676123,62268598,514061,754,0,0
C032715,5308622,63703464,3377738,40532856,446673800,224849482,198666337,1422162,757,0,0
C032716,3004232,36050784,2231867,26782404,152956259,63916386,37445865,407965,751,0,0
C032717,3943185,47318220,3202243,38426916,80388666,33829523,33829523,330351,768,0,0
C032718,9590283,115083396,6277620,75331440,383878438,84588679,68951419,1051781,775,0,0
C032719,2691339,32296068,1152096,13825152,452144952,73718231,57682509,479156,871,0,0
C032720,4089270,49071240,2627866,31534392,47021385,89770378,71635388,537206,748,0,0
C032721,6064711,72776532,1851969,22223628,454367258,83277517,55014515,490247,820,0,0
C032722,4059897,48718764,2640824,31689888,165790655,96529420,94201671,638202,708,0,0
C032723,2783975,33407700,1905263,22863156,23099286,33638570,21063134,490866,718,0,0
C032724,2643948,31727376,1485466,17825592,46938540,7147755,6545574,134347,774,0,0
C032725,3179362,38152344,1203902,14446824,149558068,22469730,22469730,68121,825,0,0
C032726,2989171,35870052,1895110,22741320,102788675,31923165,24469837,229036,919,0,0
C032727,2238522,26862264,1094431,13133172,184102685,8827427,3528425,71118,833,0,0
C032728,12000000,144000000,6157636,73891632,545543379,74205597,74205597,240000,832,0,0
C032729,5175861,62110332,3459682,41516184,423756125,118948730,99864859,894055,748,0,0
C032730,2547592,30571104,1518141,18217692,225158184,24693028,21659182,224826,801,0,0
C032731,6037844,72454128,4608606,55303272,606734016,162063436,110957426,1070599,678,0,0
C032732,6526312,78315744,4143238,49718856,368178861,115989428,104793957,1054044,798,0,1
C032733,4011866,48142392,2699851,32398212,66932308,28979307,16103382,156735,782,0,0
C032734,2319899,27838788,1639288,19671456,268787847,114959950,95734115,655990,702,0,0
C032735,3565107,42781284,1514071,18168852,279786392,74251711,58529772,519083,824,0,0
C032736,6655739,79868868,3335831,40029972,237606267,155583331,146705974,1001018,885,0,0
C032737,9990993,119891916,6650623,79807476,1232862799,85287550,61710280,1127875,791,0,0
C032738,3633525,43602300,3073343,36880116,119313071,52113143,52113143,737282,782,0,0
C032739,1895534,22746408,897793,10773516,98590063,91990199,86998792,491722,747,0,0
C032740,6021326,72255912,3083708,37004496,1011582768,45503375,43665827,667870,807,0,0
C032741,2957399,35488788,1845097,22141164,130574993,52573327,41657446,356675,768,0,0
C032742,5142221,61706652,2784529,33414348,863893128,108133266,91470574,762741,794,1,0
C032743,3339397,40072764,1597323,19167876,423807028,40939646,40662602,399719,695,1,0
C032744,2950342,35404104,1419609,17035308,105268134,57212781,43532564,377579,747,0,0
C032745,2417310,29007720,1184381,14212572,68760842,64619238,62554869,513433,775,0,0
C032746,4607710,55292520,3077604,36931248,287731220,78856053,71947440,574569,730,1,0
C032747,2703374,32440488,1513227,18158724,76589723,20540751,16476388,166574,691,0,0
C032748,5887157,70645884,3441995,41303940,65407513,122053608,122053608,1122885,772,0,0
C032749,4185179,50222148,2994067,35928804,212895379,80310845,68605775,594342,754,1,0
C032750,4069075,48828900,2114621,25375452,69912669,8970821,8970821,81382,826,0,0
C032751,3691635,44299620,1821054,21852648,448742059,28856629,27824475,126956,798,0,0
C032752,7226748,86720976,2850890,34210680,163333033,100526683,95149468,1255457,867,0,0
C032753,2776825,33321900,1512046,18144552,151378229,108453228,82117215,477336,775,0,0
C032754,1800000,21600000,1121180,13454160,28871038,36798862,25901249,169660,781,0,0
C032755,4260328,51123936,2973498,35681976,265854837,83958522,73826803,738150,721,0,0
C032756,3331179,39974148,2108553,25302636,91145782,73619973,73619973,771685,744,0,0
C032757,3029810,36357720,2163786,25965432,222080187,25773536,17617992,101915,797,0,0
C032758,7735399,92824788,5001074,60012888,453085211,56647648,53691869,571593,841,0,0
C032759,3085449,37025388,2382711,28592532,29551258,29961399,21429088,126844,790,0,0
C032760,4476735,53720820,1744083,20928996,513923571,77048275,71478235,853450,829,0,0
C032761,10795834,129550008,6405750,76869000,1036638092,59710003,22889157,336499,836,0,0
C032762,7567131,90805572,5888202,70658424,171396517,84418333,67944579,988176,761,0,0
C032763,6017565,72210780,3240495,38885940,429590024,120259704,94905485,1015602,699,0,0
C032764,1800000,21600000,952488,11429856,117527917,31332415,31332415,148946,775,0,0
C032765,2756376,33076512,1877892,22534704,44860893,23532208,23110819,55128,779,0,0
C032766,9308350,111700200,2886296,34635552,280839705,93003006,80264475,582201,950,0,0
C032767,6640567,79686804,4292161,51505932,558473718,44611843,37770107,616749,798,0,0
C032768,3677601,44131212,2081914,24982968,259399628,32840952,14737458,304248,761,0,0
C032769,4432129,53185548,1218533,14622396,324144896,98849499,80606697,835274,875,0,0
C032770,3980218,47762616,2138833,25665996,411655532,14928678,14928678,79604,825,0,0
C032771,2658683,31904196,2027320,24327840,121533156,19779535,13022118,158054,745,0,0
C032772,7854808,94257696,4747281,56967372,319880649,72319806,71774120,1671624,741,1,0
C032773,4618433,55421196,1795179,21542148,83083624,52955880,40385314,423806,709,0,0
C032774,3992136,47905632,2590149,31081788,394135702,55813277,38004558,262413,806,0,0
C032775,3857881,46294572,2696940,32363280,86878062,81259682,81259682,617516,845,2,0
C032776,8578666,102943992,4021467,48257604,605895387,101315131,101315131,1131018,833,0,0
C032777,8088093,97057116,4872664,58471968,738858426,110718858,93489300,978250,818,0,0
C032778,4659272,55911264,2948740,35384880,607467847,27817494,14420419,169371,753,0,0
C032779,4564327,54771924,2790757,33489084,179859233,50367646,21671009,91287,834,0,0
C032780,4702640,56431680,4065814,48789768,179373522,73003060,36857881,94053,767,0,0
C032781,3892906,46714872,2687266,32247192,73607172,65799816,49531657,307658,659,1,1
C032782,5229111,62749332,4537620,54451440,93875182,160055665,142507962,936918,617,2,1
C032783,1854540,22254480,1216972,14603664,70073025,47695225,35445960,289562,768,0,0
C032784,2190733,26288796,1356468,16277616,38144613,48854309,35489392,295011,758,0,0
C032785,3050774,36609288,1009076,12108912,243322275,24075626,13681816,111040,855,0,0
C032786,3385876,40630512,2675734,32108808,51534726,18555686,13315677,168411,774,0,0
C032787,3878982,46547784,1434240,17210880,294519975,67910308,52717442,197077,772,0,0
C032788,6982199,83786388,3722771,44673252,199783105,49221727,33426072,362046,832,1,0
C032789,4470333,53643996,3329194,39950328,255455915,53870482,39192884,350475,752,0,0
C032790,3158516,37902192,1725456,20705472,231775813,19936189,14176329,63170,844,0,0
C032791,2886320,34635840,2356819,28281828,484901760,45953157,40215317,390500,666,2,0
C032792,2074778,24897336,1679092,20149104,32114939,26801680,22080332,340779,630,1,1
C032793,3011402,36136824,1793762,21525144,369191184,7126266,7126266,116476,747,1,0
C032794,3143696,37724352,1262761,15153132,67524368,32193221,32193221,301642,785,0,0
C032795,2111054,25332648,1110930,13331160,60690477,21692044,8705950,142036,880,0,0
C032796,3359702,40316424,1982735,23792820,130288979,22790794,21452218,283390,727,0,0
C032797,4878923,58547076,3232992,38795904,191331934,215628004,207931062,1141058,754,0,0
C032798,4357450,52289400,2796490,33557880,400994525,24130711,24130711,261909,808,0,0
C032799,5720587,68647044,3947223,47366676,149183858,63464396,63464396,770055,891,0,0
C032800,4139571,49674852,1928196,23138352,61776053,48248334,43363187,494296,779,0,0
C032801,2770024,33240288,1615090,19381080,204740705,126243093,112097638,840510,695,0,1
C032802,2843492,34121904,846206,10154472,361678553,35527233,35121578,281407,804,0,0
C032803,3221010,38652120,2054006,24648072,132587797,28992459,10923911,64420,723,0,0
C032804,7985000,95820000,5040821,60489852,374165007,150620989,122363518,954546,838,0,0
C032805,2508087,30097044,1973600,23683200,124599978,35987944,22609907,270543,706,0,0
C032806,8485986,101831832,5517233,66206796,199342867,199257194,165016472,1082333,741,0,0
C032807,3331775,39981300,1685262,20223144,56913784,66960714,66960714,549706,869,0,0
C032808,2994088,35929056,1674883,20098596,66107186,24956897,18301161,290588,825,0,0
C032809,7777035,93324420,6226540,74718480,525724320,141106496,95597261,822963,807,0,0
C032810,4321408,51856896,2591911,31102932,237328271,110735281,105335184,660447,703,0,0
C032811,2935816,35229792,839060,10068720,111410614,30539404,30539404,315238,746,1,0
C032812,2103674,25244088,863236,10358832,103914933,16274929,16274929,134436,809,0,0
C032813,2067595,24811140,738283,8859396,93114889,18378955,18378955,217970,868,0,0
C032814,2579605,30955260,1084900,13018800,39102914,83924798,75833130,589460,757,0,0
C032815,6660761,79929132,4078013,48936156,312242697,43306640,9462237,298115,800,0,0
C032816,5511744,66140928,3817112,45805344,65624265,85769543,59375753,609148,783,0,0
C032817,2719793,32637516,1312826,15753912,176748841,21680315,21680315,269439,826,0,0
C032818,2476899,29722788,1277045,15324540,27393714,65825939,47546453,443312,695,0,0
C032819,3325402,39904824,1682701,20192412,177278033,75492976,54130061,673610,753,0,0
C032820,2118887,25426644,1667105,20005260,97433133,11257193,11257193,240268,694,0,1
C032821,4226208,50714496,1613327,19359924,95135701,49694072,49694072,535207,757,0,0
C032822,5496414,65956968,3560267,42723204,131060422,97589243,87828584,755290,794,0,0
C032823,3593438,43121256,2414541,28974492,93932367,49899833,26592126,396117,781,0,0
C032824,4952163,59425956,2745716,32948592,130069651,51361521,41895446,568562,787,0,0
C032825,1865734,22388808,509235,6110820,14452954,24779397,12661839,149985,862,0,0
C032826,4692220,56306640,2560816,30729792,242292071,50259547,25919352,407376,845,0,0
C032827,2182300,26187600,1926031,23112372,27057062,11740017,8133182,187737,671,0,0
C032828,7440841,89290092,3334320,40011840,92534648,90545849,36757578,944633,734,0,0
C032829,7144343,85732116,3123407,37480884,342329065,56143761,56143761,471579,854,0,0
C032830,3714889,44578668,2001378,24016536,377583206,63233503,39693879,471336,730,0,0
C032831,4557839,54694068,2495492,29945904,89932261,61428135,60596425,539158,787,0,0
C032832,3160257,37923084,2134005,25608060,224472681,44889240,30820245,345461,762,1,0
C032833,7222064,86664768,4303548,51642576,102114962,42181333,25877677,553581,717,1,0
C032834,8039619,96475428,5023271,60279252,729695532,110807700,104906146,631247,869,0,0
C032835,2027169,24326028,1043401,12520812,76878112,29952671,22026789,197697,799,0,0
C032836,3408979,40907748,1551404,18616848,135822187,32824300,20986719,239266,762,0,0
C032837,2737188,32846256,1605056,19260672,116358494,69855270,63392744,527166,748,0,0
C032838,2571763,30861156,1478210,17738520,177305880,29056094,15299127,127694,896,0,0
C032839,3403216,40838592,1297125,15565500,567032431,38691163,21480805,445944,748,0,0
C032840,3094682,37136184,1755995,21071940,417683618,54770117,34904275,83587,833,0,0
C032841,2164388,25972656,1209021,14508252,44268173,83189310,78318523,605424,760,0,0
C032842,5567625,66811500,2750948,33011376,49109179,89074887,70218106,761841,721,0,1
C032843,6169988,74039856,2967762,35613144,207193187,103573416,77982801,1019196,855,0,0
C032844,3249353,38992236,1849058,22188696,545891304,32376725,16415330,250392,792,0,0
C032845,3208461,38501532,1545239,18542868,175230232,27485572,22763334,348305,847,0,0
C032846,4285589,51427068,2534632,30415584,321058334,28049222,27968965,377203,849,0,0
C032847,3117430,37409160,1498518,17982216,20455272,13742126,13742126,96993,803,0,0
C032848,3367610,40411320,2219559,26634708,37883355,36783069,32711912,253506,894,0,0
C032849,4184872,50218464,2632717,31592604,133459394,82177177,58269706,639332,659,0,1
C032850,5511934,66143208,3783982,45407784,77337018,120231225,89930169,1110735,789,0,0
C032851,5340963,64091556,2956775,35481300,193616353,43948428,43948428,404234,818,0,0
C032852,6398060,76776720,4661925,55943100,384122190,214322658,211470733,1574029,675,0,1
C032853,9533806,114405672,6288092,75457104,416839319,234869119,151459760,1350398,736,0,0
C032854,3112943,37355316,2190233,26282796,194540131,42879079,24281349,198532,811,0,0
C032855,4660490,55925880,2643404,31720848,655789210,70186978,64751703,598165,734,0,0
C032856,2158585,25903020,1563510,18762120,45727252,39393922,26822794,390206,690,1,0
C032857,3590856,43090272,1866049,22392588,208406109,43863002,37017691,420209,898,0,0
C032858,5986685,71840220,2378598,28543176,261919639,60087467,57342498,766056,838,0,0
C032859,2071161,24853932,1076666,12919992,135401057,40386633,40386633,372772,852,0,0
C032860,4632875,55594500,2923185,35078220,361288972,18123884,18123884,479411,798,0,0
C032861,5479425,65753100,1908388,22900656,707798600,49561020,40061244,424530,861,0,0
C032862,5054400,60652800,2300380,27604560,530429677,83312613,69629236,726977,849,0,0
C032863,6051624,72619488,2981552,35778624,258301145,50161577,29312905,352765,812,0,0
C032864,4533702,54404424,2941586,35299032,205044278,66333924,52888121,382829,847,0,0
C032865,2240477,26885724,1501772,18021264,43953095,13874456,11734428,214371,697,0,0
C032866,2950395,35404740,1964350,23572200,85675498,31306458,15581317,266232,722,0,0
C032867,6374029,76488348,2918683,35024196,90906984,72546243,43282109,962650,715,2,0
C032868,6825941,81911292,3098308,37179696,126342498,102647901,88988225,587098,794,0,0
C032869,1800000,21600000,1502293,18027516,31765207,16987979,8079757,72710,708,0,0
C032870,3006928,36083136,1572073,18864876,80264637,52384779,50470421,240630,814,1,0
C032871,2365551,28386612,1096291,13155492,212248439,10615321,5494452,255616,769,0,0
C032872,3347121,40165452,1933042,23196504,116448068,20039538,20039538,250540,803,0,0
C032873,4771943,57263316,2102400,25228800,249534927,111921245,96790280,664784,778,0,0
C032874,3302941,39635292,2283618,27403416,221920035,84324247,66179298,362119,840,0,0
C032875,6490886,77890632,4437258,53247096,295890641,91412538,74702531,919184,748,0,0
C032876,5950316,71403792,2971430,35657160,942316920,49522714,33622473,401620,790,0,0
C032877,11091273,133095276,5289360,63472320,525684858,225932475,192294114,1980596,904,0,0
C032878,10356812,124281744,6916179,82994148,179182917,102463277,102463277,680019,828,0,0
C032879,4660590,55927080,3462164,41545968,116421365,58325024,44094555,427457,664,0,0
C032880,2948087,35377044,1627185,19526220,135487518,71317606,45471586,420180,677,1,0
C032881,4790913,57490956,2940756,35289072,311768732,39502461,21053002,578515,743,0,0
C032882,2968897,35626764,2030306,24363672,105463302,44339852,41272656,383253,801,0,0
C032883,2802624,33631488,1904844,22858128,470840832,63813163,58837556,392100,727,0,1
C032884,4480128,53761536,2975234,35702808,418922379,35946862,27900147,208362,764,0,0
C032885,4782573,57390876,3114425,37373100,42155939,21972304,21972304,459751,743,1,0
C032886,4099043,49188516,1876990,22523880,476077784,112235848,91809559,758826,709,0,0
C032887,6197910,74374920,4482037,53784444,409702806,120487799,87695022,507113,749,0,0
C032888,4587920,55055040,1283673,15404076,129579103,68224642,36763111,600601,820,0,0
C032889,5174111,62089332,3288185,39458220,281784022,73763216,58190975,720916,672,0,1
C032890,2195756,26349072,1332142,15985704,46358908,23439727,16452245,190275,826,0,0
C032891,10147611,121771332,4271231,51254772,327487107,160771863,136170097,1375941,738,1,0
C032892,3585077,43020924,2979039,35748468,160955245,25466873,20366771,314157,792,0,0
C032893,3672854,44074248,2629820,31557840,138699595,16007992,15804104,303418,850,0,0
C032894,3318096,39817152,1782919,21395028,215229074,73851212,73851212,747962,792,0,0
C032895,3483794,41805528,2579305,30951660,458253010,11548009,7103987,295087,828,0,0
C032896,4462748,53552976,3363169,40358028,149227512,22475932,17504816,157445,711,0,0
C032897,6686962,80243544,3741970,44903640,269440618,43292485,43292485,179589,808,0,0
C032898,3974568,47694816,2659280,31911360,239967405,65333204,45718823,147325,782,0,0
C032899,3568382,42820584,1546882,18562584,78029815,12863746,12863746,221609,813,0,0
C032900,5323888,63886656,3657389,43888668,485507726,35954277,35954277,168716,779,0,0
C032901,3182551,38190612,1863242,22358904,155130317,60430549,41674360,224133,696,0,0
C032902,7248574,86982888,3613082,43356984,371654082,94489789,72571432,144971,804,0,0
C032903,7262776,87153312,5189250,62271000,188641335,140168066,117964109,512377,732,0,0
C032904,4858841,58306092,2945613,35347356,131745066,307555182,262377414,1654874,643,0,0
C032905,1894124,22729488,1672871,20074452,47821675,13614876,13614876,188023,781,0,0
C032906,4578210,54938520,2736718,32840616,349254042,121455444,75533307,648548,717,0,0
C032907,3729835,44758020,2662106,31945272,212973285,59612868,43888805,308964,747,1,0
C032908,5665137,67981644,2583019,30996228,309616006,87306990,63399862,764884,734,0,0
C032909,4949651,59395812,2365120,28381440,178428678,35479381,6419324,399894,752,0,0
C032910,3315486,39785832,1798934,21587208,200487533,105021898,94005299,630056,751,0,0
C032911,2362797,28353564,1663833,19965996,42360360,18577484,11076604,220875,816,0,0
C032912,2827228,33926736,1011405,12136860,161570120,45294465,40802368,462098,742,0,0
C032913,3616653,43399836,2425674,29108088,392338556,45053903,31836247,320811,816,0,0
C032914,4308239,51698868,1602576,19230912,73089694,37792348,20808951,293061,819,0,0
C032915,5085603,61027236,2371714,28460568,422044120,32056199,32056199,348294,852,0,0
C032916,7603257,91239084,5774944,69299328,795909227,147457485,134716114,1112802,715,0,0
C032917,3857473,46289676,2868001,34416012,81896648,197380329,197380329,1288646,684,0,0
C032918,7734626,92815512,2705235,32462820,495436413,132539826,98162079,602326,687,0,0
C032919,2429671,29156052,987617,11851404,68400986,16661534,16661534,339282,786,0,0
C032920,5024728,60296736,2121618,25459416,214312448,97257637,66322655,887166,791,0,0
C032921,4001860,48022320,2436908,29242896,29426068,36634304,25535711,80037,844,0,0
C032922,6853845,82246140,3892339,46708068,457598934,106983308,68371792,592129,804,0,0
C032923,2571603,30859236,1618473,19421676,45020087,62154635,54639382,461166,747,0,1
C032924,3480527,41766324,1991170,23894040,208114657,29859512,29859512,425273,767,0,0
C032925,4563208,54758496,2081991,24983892,255814777,48640760,38701714,571490,831,1,0
C032926,4309076,51708912,1077269,12927228,59349041,28817847,28817847,90504,765,0,0
C032927,2364049,28368588,1503964,18047568,61613520,22700197,13517018,151806,872,0,0
C032928,6652294,79827528,5609956,67319472,236386200,87530289,68133345,792033,806,0,0
C032929,5487001,65844012,2722722,32672664,304579558,64737774,48790079,409182,802,0,0
C032930,1800000,21600000,1315675,15788100,55428813,23830522,23830522,174655,721,0,0
C032931,3206255,38475060,1949033,23388396,120585915,24932771,24932771,358941,849,1,0
C032932,4320272,51843264,2356207,28274484,258255218,20809861,20809861,195532,803,0,0
C032933,6822741,81872892,5043604,60523248,179382897,131499591,55969047,866590,776,0,0
C032934,2976251,35715012,2031376,24376512,154220501,25252397,25252397,332158,681,0,0
C032935,3291404,39496848,2199464,26393568,171188193,42492316,37376611,231954,801,0,0
C032936,5585759,67029108,3268190,39218280,143781728,12555292,12555292,255366,851,0,0
C032937,4334354,52012248,2809096,33709152,105683555,67157137,55240156,721035,697,0,0
C032938,7259603,87115236,6031664,72379968,264615290,63085941,59439289,1127048,804,0,0
C032939,10054667,120656004,6696067,80352804,1689184056,113531358,78724492,839242,800,0,0
C032940,4905082,58860984,2679801,32157612,357756769,56938634,47359951,464620,816,0,0
C032941,1800000,21600000,935799,11229588,28292520,49579531,43980571,250131,798,0,0
C032942,1950740,23408880,1201890,14422680,277465418,31073963,17473259,144348,768,0,0
C032943,2261413,27136956,1104922,13259064,31904701,16103352,16103352,85313,834,0,0
C032944,5042352,60508224,3693366,44320392,106533062,141501504,131682202,890255,806,0,0
C032945,7698419,92381028,4399383,52792596,996676202,122477753,116649636,1162583,746,0,1
C032946,4268457,51221484,2959986,35519832,241017984,48040021,35462470,639948,770,0,0
C032947,2472649,29671788,1591298,19095576,106803983,12122603,5092759,195964,830,0,0
C032948,2787171,33446052,1496874,17962488,52111792,43431175,31568051,370260,761,0,0
C032949,7172668,86072016,2745303,32943636,316007105,123485710,104846585,769153,767,1,0
C032950,2775497,33305964,1675229,20102748,125119105,35040081,35040081,217027,797,0,0
C032951,6121364,73456368,3407040,40884480,393784843,75531568,34482304,466725,750,0,0
C032952,3788868,45466416,947217,11366604,330324971,125946031,117608264,838475,781,0,0
C032953,3266267,39195204,2359251,28311012,106960850,25314287,11718496,123135,827,0,0
C032954,4380097,52561164,1985288,23823456,735856296,95042758,87486015,761656,847,0,0
C032955,4076654,48919848,3114359,37372308,171503419,56507509,30304854,759696,660,1,0
C032956,4374333,52491996,3321467,39857604,134029259,69357119,55647008,410690,754,0,0
C032957,4561063,54732756,3338518,40062216,293343086,64401219,58523878,645239,766,0,0
C032958,11888805,142665660,8663748,103964976,594630742,118102579,93221008,826341,794,0,0
C032959,5281141,63373692,4195255,50343060,371201202,44186255,28681502,736623,653,0,1
C032960,4523957,54287484,2136875,25642500,396147439,16654946,11734304,382439,819,0,0
C032961,3534973,42419676,1777851,21334212,102547231,135146732,116796195,942882,776,0,0
C032962,4061432,48737184,1952837,23434044,115890632,51787364,41852116,473140,750,0,0
C032963,3826815,45921780,1759052,21108624,133908193,31591419,13727440,162592,785,0,0
C032964,5188957,62267484,3523910,42286920,764323871,48218094,46819104,341131,815,0,0
C032965,2150950,25811400,1258730,15104760,80844828,20427657,15495524,126658,739,0,0
C032966,2017182,24206184,1415395,16984740,218662579,27995811,20563601,359539,683,0,0
C032967,2642166,31705992,1177408,14128896,132618850,41188906,38298253,363261,853,0,0
C032968,4600596,55207152,3160064,37920768,141300694,199915603,176809276,1230430,598,0,1
C032969,2213898,26566776,816620,9799440,108797535,11054653,7950129,157148,816,0,0
C032970,3152855,37834260,1269072,15228864,202269080,51018609,38550155,498600,807,0,0
C032971,2686983,32243796,1878857,22546284,301732212,44927502,33861014,263311,746,0,0
C032972,3213954,38567448,1584752,19017024,363547567,28176688,26514183,330791,738,0,0
C032973,8151761,97821132,4620693,55448316,643199841,133324586,83427101,809430,760,0,1
C032974,3284221,39410652,1525675,18308100,62867552,41757196,32890469,450880,681,1,0
C032975,2519004,30228048,1738982,20867784,103889161,116856875,104015346,681731,732,0,0
C032976,4066435,48797220,2316191,27794292,256255001,54566242,30344434,476328,751,0,0
C032977,2999911,35998932,1557632,18691584,375454844,33342518,25094757,261862,836,0,0
C032978,3070395,36844740,1848381,22180572,135044462,27501475,27501475,195508,737,0,0
C032979,3941978,47303736,2188171,26258052,46606352,48322915,39178635,194478,801,1,0
C032980,3486545,41838540,2039177,24470124,94177246,19736728,19736728,173292,802,0,0
C032981,3961044,47532528,2246023,26952276,45696011,50766662,37423303,266110,836,1,0
C032982,1956543,23478516,1322580,15870960,40073540,30404187,22332160,188690,749,0,0
C032983,7043242,84518904,3453459,41441508,694186172,54010298,19004338,140865,785,0,0
C032984,4611604,55339248,1974859,23698308,126089213,96781973,77105749,659872,745,0,0
C032985,5249297,62991564,4000619,48007428,87298218,116437143,79163411,859668,643,1,0
C032986,3812571,45750852,2019213,24230556,101031563,27591022,10297749,242024,793,1,0
C032987,6533585,78403020,2350642,28207704,327344010,36947533,19816670,511642,873,0,0
C032988,4736820,56841840,2567709,30812508,338582915,69581514,54495555,629364,848,0,0
C032989,7835555,94026660,5337836,64054032,235851615,104308599,76627999,752591,843,1,0
C032990,5107318,61287816,3393250,40719000,247058849,88786699,64576703,194810,736,0,0
C032991,3666920,44003040,1718817,20625804,265098223,65549713,54963473,376933,783,1,0
C032992,3236221,38834652,2411490,28937880,201906453,71666581,51981175,616373,698,0,0
C032993,4408135,52897620,2845469,34145628,153642585,65215994,65215994,514223,798,0,0
C032994,2784090,33409080,1447305,17367660,49265387,31027448,24136795,434539,802,0,0
C032995,3943164,47317968,2056073,24672876,96060420,56438280,51041769,616854,767,0,0
C032996,3138486,37661832,1793002,21516024,136534066,27194853,19988222,245100,760,0,0
C032997,4167268,50007216,2427736,29132832,700101024,32987084,21477211,534452,726,0,1
C032998,5199832,62397984,3738818,44865816,443009302,55750826,33714331,501534,776,0,0
C032999,6314557,75774684,4414653,52975836,212361283,153450622,153450622,1170768,820,0,0
C033000,2722850,32674200,1438868,17266416,89739085,42095567,29614536,308859,821,0,0
C033001,2752701,33032412,1245447,14945364,148830673,30906761,30906761,268034,759,0,0
C033002,3465450,41585400,2367219,28406628,225849114,35454435,27468748,272949,784,0,0
C033003,3987393,47848716,1332368,15988416,466201543,37693875,33544980,413248,741,0,0
C033004,3108786,37305432,1580285,18963420,34156300,30839633,17432391,316131,869,0,0
C033005,4561349,54736188,1140337,13684044,182173241,87824384,66754457,686759,802,0,0
C033006,4104064,49248768,2724811,32697732,104782745,57853480,43915246,500000,803,1,0
C033007,2857794,34293528,1877576,22530912,106346973,44878286,31270162,161728,769,0,0
C033008,2183963,26207556,1222248,14666976,169317274,18843936,11277400,224778,911,0,0
C033009,5164072,61968864,3808710,45704520,245989758,118842099,113151763,996984,887,0,0
C033010,4480760,53769120,2542168,30506016,208005720,56532653,43095441,469829,753,0,0
C033011,3501131,42013572,2238466,26861592,26063045,75440182,71184458,579680,833,0,0
C033012,6426880,77122560,4492543,53910516,238320809,220241552,205729355,2179909,692,1,1
C033013,9276662,111319944,5149927,61799124,367690165,113171403,70307889,760124,727,1,0
C033014,4757459,57089508,1828359,21940308,224149720,40444839,30503252,744378,766,1,0
C033015,3101740,37220880,1585656,19027872,231567448,65963376,63050544,608725,827,0,0
C033016,3915210,46982520,1472836,17674032,298843583,49692613,28792733,673678,742,0,0
C033017,5685103,68221236,3604904,43258848,117394321,116873356,91707503,874248,710,1,0
C033018,6702167,80426004,2468590,29623080,79075107,127422547,127422547,872529,853,0,0
C033019,3268032,39216384,2077712,24932544,263506719,43597138,19227984,173105,753,1,0
C033020,3518471,42221652,1524513,18294156,326729666,24598778,13764949,256466,773,0,0
C033021,2526080,30312960,1523224,18278688,188897456,36033148,23202294,104146,774,0,0
C033022,9931930,119183160,2963341,35560092,316532780,51268455,51268455,512363,747,0,0
C033023,3402199,40826388,1859391,22312692,159753434,46186150,39435412,266931,875,0,0
C033024,5850253,70203036,3898729,46784748,113138397,95926088,69670170,527628,715,0,1
C033025,7347050,88164600,4156364,49876368,289530447,106652668,50367360,764703,740,0,0
C033026,4771454,57257448,2935268,35223216,129306121,57292870,32764869,575242,779,0,0
C033027,4140361,49684332,1801871,21622452,371310670,101762284,78170047,899432,735,0,0
C033028,3474271,41691252,1452754,17433048,112559823,62237388,56145942,376377,864,0,0
C033029,7382161,88585932,1845540,22146480,326061719,59201902,31411018,677170,727,0,0
C033030,3636496,43637952,2571836,30862032,47113890,72942937,63645596,441491,793,0,0
C033031,10751954,129023448,6734766,80817192,244930557,137895539,106217041,1383612,718,0,0
C033032,7940935,95291220,3561202,42734424,107223482,19273596,19273596,593102,728,0,0
C033033,3553450,42641400,2236560,26838720,122161085,75157206,64360909,163958,672,0,0
C033034,3242716,38912592,1680013,20160156,325307937,73329139,64057098,504369,782,0,0
C033035,6130984,73571808,3288996,39467952,172718911,145678613,105883252,1127775,748,1,1
C033036,6794593,81535116,5304650,63655800,221006260,187224873,131668538,1206659,663,0,1
C033037,1909348,22912176,1160004,13920048,137660808,35210571,31701359,316103,787,0,0
C033038,1800000,21600000,793627,9523524,77537217,12210085,5330261,50000,771,0,0
C033039,3617592,43411104,1715133,20581596,60232837,40734771,33293713,254565,744,0,0
C033040,3049874,36598488,2028579,24342948,243181780,29280427,18184877,348166,738,0,0
C033041,4836914,58042968,2324905,27898860,187166040,52324314,45273551,519758,803,0,0
C033042,3041185,36494220,1506169,18074028,77404571,74263836,73997108,557881,750,0,1
C033043,4649516,55794192,1790464,21485568,242100179,47341045,47341045,315225,806,0,0
C033044,5271600,63259200,2981114,35773368,144039964,97802664,60633746,523249,782,0,0
C033045,5058207,60698484,2784422,33413064,356518837,120623679,97783770,1094958,859,0,0
C033046,4042312,48507744,3433764,41205168,194859552,44792883,31083035,207557,750,0,0
C033047,3746605,44959260,1950946,23411352,135399210,58629931,28993254,124965,838,1,0
C033048,2552461,30629532,1195937,14351244,84316570,64302944,64302944,324810,863,0,0
C033049,6202510,74430120,3996874,47962488,409659754,54370794,53249273,808059,699,0,0
C033050,3721035,44652420,2446847,29362164,76673920,64268910,48105072,538251,829,0,0
C033051,3261086,39133032,2022754,24273048,163025491,40376788,18309168,377390,801,0,0
C033052,5069415,60832980,2319194,27830328,299983001,110066903,108132682,902934,855,1,0
C033053,4282006,51384072,2624195,31490340,541715257,80911321,71624768,496382,802,0,0
C033054,3271351,39256212,2142902,25714824,231289032,54792935,51042451,470433,747,0,0
C033055,5318115,63817380,2298469,27581628,388542619,24877557,13163208,459583,835,0,0
C033056,3045404,36544848,1722715,20672580,55369897,87832289,72582894,449780,729,0,0
C033057,4085409,49024908,1492490,17909880,82854953,28752501,22619264,489690,668,0,1
C033058,6103345,73240140,2487140,29845680,824801521,46053589,16631516,612235,786,0,0
C033059,1800000,21600000,1258219,15098628,84750952,14674912,12274596,115089,710,0,0
C033060,4358626,52303512,3971128,47653536,292853357,98112186,63017058,467339,696,0,0
C033061,3816912,45802944,1936267,23235204,137470473,29634263,24334862,411915,736,0,0
C033062,2876464,34517568,1440788,17289456,65595878,29754279,27114364,342948,819,0,0
C033063,2968384,35620608,1741143,20893716,66201714,35629205,20119546,129709,833,0,0
C033064,3119007,37428084,1417356,17008272,150153339,27519750,20181093,288623,824,0,0
C033065,2195500,26346000,1397355,16768260,42555611,15176163,3539154,50000,867,0,0
C033066,3965150,47581800,1747744,20972928,83275762,117874321,117874321,747820,822,0,1
C033067,3378371,40540452,1328817,15945804,94313696,49826281,36070499,234173,688,0,0
C033068,5367748,64412976,5636135,67633620,319479945,61142425,61142425,377852,613,0,0
C033069,5474778,65697336,2622588,31471056,163310278,125405554,105980935,1017493,794,0,0
C033070,4588819,55065828,2165234,25982808,77812001,116495612,96559391,1306395,735,0,0
C033071,6471945,77663340,5050564,60606768,93669075,68690595,66215574,388245,777,0,1
C033072,3430591,41167092,2744019,32928228,153268411,58668596,44084412,498838,640,0,0
C033073,3428351,41140212,2832669,33992028,125327263,65597396,49441296,579760,799,0,0
C033074,5298540,63582480,2505561,30066732,304536477,93634490,77048715,602825,757,0,0
C033075,1997926,23975112,1497088,17965056,127626652,9874831,9874831,95703,805,0,0
C033076,5602362,67228344,2997128,35965536,247978247,26823443,26677761,605215,784,0,0
C033077,2496186,29954232,2204283,26451396,61354422,45073966,34862805,380006,592,1,1
C033078,4100776,49209312,2164044,25968528,189526056,38919321,15009967,284211,826,0,0
C033079,4036541,48438492,2613578,31362936,373709465,61232820,47018380,528826,856,0,0
C033080,3076428,36917136,1721745,20660940,241564859,121613242,107844868,863653,653,0,1
C033081,4986734,59840808,3709301,44511612,112618572,149345578,113925378,1089148,708,0,1
C033082,1800000,21600000,1164643,13975716,53797409,35254211,28080502,237950,701,1,1
C033083,3560614,42727368,1674971,20099652,156858578,70256553,61700535,466754,779,0,0
C033084,2988443,35861316,1698263,20379156,213528773,70504134,42761215,282613,824,0,0
C033085,3111015,37332180,962331,11547972,97445785,34588865,34588865,463509,701,0,0
C033086,4204416,50452992,2924660,35095920,105010580,49758059,32968502,325326,811,0,0
C033087,4400917,52811004,2789803,33477636,127012351,31793294,17089272,246834,736,0,0
C033088,5239859,62878308,2864003,34368036,327155320,134313263,89658056,611523,721,0,0
C033089,4140329,49683948,3027186,36326232,139029171,29084805,29084805,367813,950,0,1
C033090,4853612,58243344,2448239,29378868,213393417,96963352,78690134,957799,737,0,0
C033091,2547251,30567012,1478109,17737308,117533820,24282191,16844532,273573,806,0,0
C033092,3374883,40498596,1970391,23644692,39179924,22600981,16785326,67498,791,0,0
C033093,2589545,31074540,1600685,19208220,23601737,29403541,25187566,303213,763,0,0
C033094,4420501,53046012,3022699,36272388,254467620,83492250,83492250,439754,817,0,0
C033095,1865840,22390080,807403,9688836,64347413,28206620,18944639,242735,673,1,0
C033096,2904301,34851612,1436709,17240508,119258235,78698218,73250856,589681,809,0,0
C033097,7108297,85299564,6031573,72378876,101764208,224518224,216254712,2129540,605,1,1
C033098,7213543,86562516,2330705,27968460,261141565,123925949,106090426,655210,851,0,0
C033099,5745369,68944428,2999421,35993052,341230985,20686749,20686749,627149,812,0,0
C033100,4919251,59031012,2690899,32290788,212378132,42602459,33763088,207644,860,0,0
C033101,5165523,61986276,3136375,37636500,73709186,90944120,62232006,458242,707,0,0
C033102,4019871,48238452,1957640,23491680,155774908,19783911,17760293,340049,761,1,0
C033103,4253947,51047364,1960909,23530908,298761183,43956585,43956585,402777,784,0,0
C033104,4751275,57015300,3579698,42956376,243477027,43340889,34495131,354539,784,0,0
C033105,1852529,22230348,904523,10854276,111745107,42129820,37041688,268817,728,0,0
C033106,2985337,35824044,2245264,26943168,188610881,36529457,28723619,137890,753,1,0
C033107,2794710,33536520,1474866,17698392,63906636,80263870,78239125,331983,764,0,0
C033108,3128024,37536288,1944188,23330256,209807532,56303169,48585252,583997,747,1,0
C033109,6132956,73595472,3911288,46935456,290402869,78542122,72297655,484115,929,0,0
C033110,8003350,96040200,4563989,54767868,217692052,162254006,124057396,1004143,761,0,0
C033111,3523581,42282972,2119510,25434120,159890452,31780124,28680055,411832,768,0,0
C033112,2089703,25076436,1169218,14030616,51112850,32277764,24789715,376718,837,0,0
C033113,4188767,50265204,2091060,25092720,240045278,75036381,75036381,565447,893,0,0
C033114,2319820,27837840,1419709,17036508,59869487,58009692,35760511,293667,698,0,0
C033115,5230791,62769492,3028501,36342012,288518654,109847370,104040989,896644,763,0,0
C033116,6885942,82631304,3609749,43316988,199846779,143348867,143348867,819302,753,0,0
C033117,3737347,44848164,2274580,27294960,374515766,54824893,46697610,143620,776,0,0
C033118,2702963,32435556,1043837,12526044,69561120,79030676,66756749,607590,780,0,0
C033119,3566128,42793536,2037650,24451800,189093164,32316096,32316096,354642,795,0,0
C033120,4328409,51940908,2648982,31787784,727172712,55246388,52797085,250272,732,1,0
C033121,4505607,54067284,2659745,31916940,124560616,56259100,52812734,701965,723,0,0
C033122,4823676,57884112,2428418,29141016,411974456,47177249,27755542,96474,704,1,0
C033123,3182843,38194116,1675365,20104380,242569673,23930783,23930783,229699,811,0,0
C033124,9391735,112700820,4075370,48904440,512100613,67229869,48710659,439196,892,0,0
C033125,4280081,51360972,3724490,44693880,430642401,100240274,77766847,447924,673,1,1
C033126,5920213,71042556,3057514,36690168,733474383,52849296,32751727,342911,765,0,0
C033127,4532413,54388956,2683556,32202672,252582096,80117962,72676198,570060,865,0,0
C033128,4454590,53455080,1720918,20651016,83120569,75590981,69465437,887061,757,0,0
C033129,2926713,35120556,1921978,23063736,243932927,90401234,75195837,595146,721,0,0
C033130,6337686,76052232,4585150,55021800,491571180,318044740,295425503,2056990,635,0,0
C033131,1856868,22282416,968461,11621532,82570126,26196493,22075884,138048,813,0,0
C033132,2868400,34420800,1177344,14128128,198767815,64192389,64192389,635650,734,0,1
C033133,6285847,75430164,5550331,66603972,211139789,107152530,86199445,758249,735,1,0
C033134,4394843,52738116,2745169,32942028,182509503,50501936,32951876,433895,814,0,0
C033135,5218652,62623824,3462954,41555448,139778534,98351281,64546690,552519,670,0,0
C033136,3821175,45854100,3122138,37465656,281537091,20226263,11522917,76424,785,0,0
C033137,2980251,35763012,1751088,21013056,65487249,28239897,16712267,137982,698,0,0
C033138,5327044,63924528,3800580,45606960,52025666,38002925,28896687,434527,782,0,0
C033139,3061567,36738804,1673450,20081400,61001058,41176991,41176991,265875,790,0,0
C033140,2679673,32156076,1784555,21414660,50320682,7663051,5519111,83887,860,0,0
C033141,2571379,30856548,1692365,20308380,116470600,50349965,41463414,407094,950,0,0
C033142,2844957,34139484,1134630,13615560,159292489,33543140,20637693,224954,799,0,0
C033143,4178566,50142792,2950161,35401932,257438140,85989639,84980528,580123,718,0,0
C033144,3293662,39523944,899114,10789368,199867688,92374096,77446461,509786,783,0,0
C033145,2961763,35541156,2140560,25686720,73605739,50082661,34803485,348780,704,0,0
C033146,4047397,48568764,2766313,33195756,151896266,133490323,128866688,851825,836,0,0
C033147,2610275,31323300,1748900,20986800,346913650,15647199,15322261,301455,886,0,0
C033148,3420354,41044248,1825635,21907620,74676921,22666416,21108569,422210,745,1,0
C033149,4413186,52958232,1478800,17745600,142544789,20604395,10705307,321232,850,0,0
C033150,1966832,23601984,936401,11236812,79759897,24258964,22980703,266239,859,0,0
C033151,2938217,35258604,1737476,20849712,198544995,150722455,138838452,1041179,653,1,1
C033152,5672304,68067648,4117680,49412160,189863595,95888488,78557041,640821,770,1,0
C033153,3799385,45592620,1320371,15844452,535752673,40026908,32500898,278588,752,0,0
C033154,4866663,58399956,3077897,36934764,167103338,14682169,14682169,167771,849,0,0
C033155,5131857,61582284,2598435,31181220,366320416,43737393,27344492,327578,739,0,0
C033156,1800000,21600000,1144312,13731744,157523082,9964802,9964802,50000,810,0,0
C033157,3312405,39748860,2062716,24752592,69520995,21518729,21518729,221424,764,0,0
C033158,6049483,72593796,5173154,62077848,385146314,90106545,56839438,564825,792,0,0
C033159,7527618,90331416,4107933,49295196,346246835,89911563,86275768,985283,855,0,0
C033160,4120291,49443492,2709339,32512068,66618246,28518173,21153542,475756,861,0,0
C033161,4398587,52783044,2730910,32770920,243833763,105152162,74826159,662544,620,2,1
C033162,9610050,115320600,5140480,61685760,204513729,80248145,39127401,885383,797,0,0
C033163,5191721,62300652,2695269,32343228,137289210,52099834,40862515,456883,776,0,0
C033164,2418148,29017776,999516,11994192,183480100,9107842,9107842,128463,750,1,0
C033165,7300899,87610788,3805806,45669672,199213527,42972141,30726194,322154,716,0,0
C033166,7568525,90822300,5080165,60961980,170545910,111165682,78551386,1122061,713,1,1
C033167,6652056,79824672,3439750,41277000,112658419,54373791,27359644,186297,853,0,0
C033168,3613249,43358988,2333029,27996348,185588113,55131368,52020861,146475,799,0,0
C033169,4733796,56805552,2558571,30702852,225798824,52222442,43661836,583470,929,0,0
C033170,6635255,79623060,3804409,45652908,1114722840,315702015,271335577,2045603,647,0,1
C033171,3000630,36007560,1159883,13918596,127994073,22640630,22640630,60013,902,0,0
C033172,4053833,48645996,2310972,27731664,110966524,86944454,72139652,563253,720,0,0
C033173,5125366,61504392,3714176,44570112,193074115,83164040,43218460,444559,647,0,0
C033174,9338308,112059696,6863080,82356960,290534783,153557861,142957971,1026922,700,0,0
C033175,5847958,70175496,2971508,35658096,348311680,89650159,71701410,666608,739,0,0
C033176,5134417,61613004,3491508,41898096,145691243,69778639,58354243,753435,751,0,0
C033177,2819428,33833136,1758491,21101892,314468380,15111404,15111404,355524,837,0,0
C033178,9265659,111187908,6453654,77443848,443026349,299037818,239350731,1738017,632,0,1
C033179,3049867,36598404,1496414,17956968,315955886,40859207,21929729,386268,871,0,0
C033180,5851237,70214844,3946239,47354868,597710815,49052927,44610173,456881,794,0,0
C033181,4629532,55554384,3861146,46333752,231991314,283755797,249994728,2010326,642,0,1
C033182,2228767,26745204,1617521,19410252,77700573,14356654,4898882,89900,697,0,1
C033183,1859257,22311084,975927,11711124,27148926,16232131,9884662,93421,781,0,0
C033184,2959223,35510676,1893247,22718964,190836159,41964122,33018339,389975,893,0,0
C033185,7843082,94116984,4037825,48453900,471252009,105988158,79519443,1083688,678,1,0
C033186,4044153,48529836,1896123,22753476,107384070,27734693,17271493,80883,774,0,0
C033187,3662344,43948128,1746114,20953368,223937888,22562987,22562987,194644,936,0,0
C033188,3875765,46509180,2179631,26155572,46497273,87879307,62968634,358343,813,0,0
C033189,6285432,75425184,4458326,53499912,64727802,109360049,91017064,789371,733,0,0
C033190,5615707,67388484,4229873,50758476,302382790,309944940,271414046,1971269,640,0,1
C033191,4130675,49568100,2264342,27172104,200723114,83316823,78445887,784977,731,0,0
C033192,2416112,28993344,1825381,21904572,85936326,20295153,18562143,223654,826,0,0
C033193,4837027,58044324,2624781,31497372,116880438,72072327,35489849,405377,754,0,0
C033194,5827947,69935364,4394239,52730868,588041729,105862306,82734966,627710,680,0,0
C033195,3695310,44343720,2167453,26009436,108420144,52299386,41687729,511888,838,0,0
C033196,6080769,72969228,2636160,31633920,48224624,114993430,75196242,838585,667,3,1
C033197,3713145,44557740,1609837,19318044,233967869,53746911,47712635,489906,721,0,0
C033198,2108537,25302444,1215240,14582880,175232747,55967284,44435704,559724,658,0,1
C033199,3298569,39582828,1208676,14504112,402153676,54851172,53583677,598223,863,0,0
C033200,5455429,65465148,4728028,56736336,146591101,56041807,47817020,476794,785,0,0
C033201,2222777,26673324,1322896,15874752,277937071,19996038,19996038,229367,811,0,0
C033202,5587252,67047024,3028819,36345828,488093003,236329500,223702064,1548040,667,0,0
C033203,4513399,54160788,2455401,29464812,250864479,82471641,60924641,752817,763,0,0
C033204,4137400,49648800,1947525,23370300,83254563,59849978,57869216,524852,794,0,0
C033205,6506187,78074244,3356036,40272432,758036173,77106332,51573249,289264,823,0,0
C033206,6357880,76294560,4072263,48867156,83471815,75202967,61601320,386630,766,0,0
C033207,6087723,73052676,3701249,44414988,247369534,126687711,76433035,481255,776,0,0
C033208,5698526,68382312,2815963,33791556,50390888,45698246,37679063,344459,950,0,0
C033209,4621361,55456332,1854778,22257336,158330902,105846250,100104406,1035570,864,1,0
C033210,9794926,117539112,4204760,50457120,266624351,127742077,88611253,689557,781,0,0
C033211,1800000,21600000,880289,10563468,40925724,19218461,14075797,65143,793,0,0
C033212,3679101,44149212,1641480,19697760,185245187,72136832,49694082,513003,707,0,0
C033213,5941769,71301228,2181098,26173176,300935691,54078294,41101641,547484,730,0,0
C033214,2355789,28269468,843103,10117236,183434847,39081528,29610925,343331,884,0,0
C033215,4227089,50725068,2333104,27997248,599427530,38751545,27777770,674987,821,0,1
C033216,7407305,88887660,2890178,34682136,252216138,126050882,104770450,1756159,704,0,0
C033217,2400103,28801236,1853643,22243716,116226941,13638561,5026576,104512,660,1,0
C033218,3854705,46256460,2970507,35646084,160560943,38341974,38341974,526540,660,0,0
C033219,3088829,37065948,2198105,26377260,311904595,19593571,12191649,155545,747,0,0
C033220,5589340,67072080,3285638,39427656,190065004,91358416,42994417,264077,793,0,0
C033221,4149440,49793280,3927056,47124672,119617136,97373984,97373984,600497,720,1,0
C033222,1951823,23421876,1126066,13512792,41865145,39872728,32808443,363946,657,1,1
C033223,2358861,28306332,1047086,12565032,50724588,24061211,19026796,281721,781,0,0
C033224,1841009,22092108,952724,11432688,116000287,53639677,53639677,407439,784,0,0
C033225,2944764,35337168,1771033,21252396,156229633,25190228,25190228,340054,713,1,1
C033226,5342716,64112592,2853967,34247604,247242291,70464883,54414261,318806,874,0,0
C033227,4093134,49117608,1415812,16989744,45229557,36505499,23180337,275924,781,0,0
C033228,2659849,31918188,1685830,20229960,236980649,120775635,101164372,879168,630,1,1
C033229,5287319,63447828,3264326,39171912,35307207,91774454,77480234,797708,760,0,0
C033230,5405837,64870044,2584403,31012836,89078803,77031219,53554935,443251,822,0,0
C033231,8758096,105097152,3285370,39424440,320899529,155907797,140196180,1796578,717,0,0
C033232,3886128,46633536,1756653,21079836,132752117,30421527,22708897,131308,833,0,0
C033233,2972948,35675376,975750,11709000,62403198,52271771,52271771,572907,872,0,0
C033234,5467429,65609148,3408907,40906884,351734062,73280132,30981281,465884,742,1,0
C033235,5831201,69974412,4786154,57433848,369255689,93952123,91239869,625603,709,1,0
C033236,5343638,64123656,1335910,16030920,501461021,71483713,51189176,875318,779,0,0
C033237,3013759,36165108,2173912,26086944,506311512,13548605,13548605,146336,644,0,0
C033238,5327685,63932220,3307687,39692244,193037937,50333065,37409676,260898,813,0,0
C033239,5176553,62118636,2845854,34150248,63104567,50878750,34838590,103531,903,0,0
C033240,4536591,54439092,3219905,38638860,171826671,13475464,11192478,335568,757,0,0
C033241,4285034,51420408,2528501,30342012,240333496,37829867,37829867,275571,871,0,0
C033242,4115475,49385700,3517309,42207708,61484661,69974060,47522095,555494,687,1,0
C033243,5507107,66085284,2789480,33473760,89052128,28064798,28064798,429662,735,0,0
C033244,8646122,103753464,3649751,43797012,547767669,64256624,64256624,429746,783,0,0
C033245,5287429,63449148,2928194,35138328,122803121,95795695,82005001,591830,831,0,0
C033246,4428691,53144292,1639379,19672548,33921837,41441093,38194713,609896,761,0,1
C033247,1800000,21600000,672694,8072328,103094628,18919223,7892675,50000,818,0,0
C033248,3368324,40419888,2451888,29422656,65067071,41368984,41368984,466728,844,0,0
C033249,4579836,54958032,2540884,30490608,203025894,27147023,18423611,214357,763,0,0
C033250,4119661,49435932,2175482,26105784,224245368,63137934,43207544,594085,871,0,0
C033251,6078639,72943668,3171595,38059140,891165762,136750566,130808445,958798,878,0,0
C033252,3140571,37686852,2282647,27391764,344335032,46397015,32594719,462772,686,2,1
C033253,4940644,59287728,2906228,34874736,217770438,71952504,53573127,240912,770,0,0
C033254,3250361,39004332,1824137,21889644,117941829,37411203,26700455,239761,753,0,0
C033255,4186157,50233884,2309375,27712500,247237796,52289851,47176409,288174,802,1,0
C033256,4139154,49669848,2054833,24657996,539873638,61043113,30874236,600623,722,1,0
C033257,4284028,51408336,2325207,27902484,263930783,29173291,27839809,383132,793,0,0
C033258,4108935,49307220,2776924,33323088,440639007,51307695,31876899,262995,780,0,1
C033259,6361129,76333548,4264355,51172260,56015522,70551975,44336202,923621,728,0,0
C033260,3602888,43234656,2528717,30344604,54658399,74077577,59883243,552696,706,2,0
C033261,5710785,68529420,4857735,58292820,542555783,134005896,83226925,920986,692,1,0
C033262,4243523,50922276,2429969,29159628,117391016,42461645,40395915,427331,807,0,0
C033263,3743616,44923392,2801165,33613980,78631049,44064703,31752475,374626,728,0,0
C033264,5065920,60791040,2728240,32738880,67806311,27430628,21548047,101318,757,0,0
C033265,1857273,22287276,1163237,13958844,255217195,27626714,25244854,315331,751,0,0
C033266,3923831,47085972,2333314,27999768,90601198,61250275,57334511,857859,700,0,0
C033267,6010455,72125460,2487923,29855076,315291922,79195898,44655783,520931,747,0,0
C033268,3534865,42418380,1694091,20329092,86829894,14968286,14010002,185632,884,1,0
C033269,2859498,34313976,1704454,20453448,435842028,58259318,47548876,491281,676,0,0
C033270,7430513,89166156,4803112,57637344,439959164,50417518,50417518,462829,840,0,0
C033271,3966406,47596872,2857200,34286400,117890850,50890630,50890630,170794,871,0,0
C033272,1800000,21600000,1031996,12383952,128805485,21245794,20676593,120349,777,0,0
C033273,3217254,38607048,2064778,24777336,142790784,30468390,28328072,455975,675,0,0
C033274,2724048,32688576,1778061,21336732,134225923,18891740,12399658,233605,756,0,0
C033275,3021455,36257460,1660200,19922400,153790239,7672349,7672349,168711,826,0,0
C033276,1800000,21600000,1209950,14519400,151032137,28150822,22303340,294231,718,0,0
C033277,4870369,58444428,3587966,43055592,55011851,23520749,22560153,97407,814,0,0
C033278,2837764,34053168,2224674,26696088,86136377,38006115,21797805,259834,679,2,0
C033279,6504713,78056556,4195325,50343900,285982306,34024885,34024885,715975,725,0,0
C033280,2863517,34362204,1894038,22728456,168673184,20123013,6697294,57270,774,0,0
C033281,3084364,37012368,1558539,18702468,74557301,52441636,45173087,601184,742,0,0
C033282,4527735,54332820,3038417,36461004,176092477,58635937,58635937,667117,685,0,0
C033283,3246366,38956392,1834633,22015596,323570941,74414692,74414692,558713,808,0,0
C033284,3680812,44169744,2490307,29883684,374230871,32322374,31516334,442059,765,0,0
C033285,5481854,65782248,2944981,35339772,160407076,68242192,47386109,163327,808,0,0
C033286,4287766,51453192,2420488,29045856,268169084,109097208,104140072,861922,754,0,0
C033287,7864308,94371696,4084152,49009824,204533484,191650497,152958048,1092148,832,0,0
C033288,3938771,47265252,1733779,20805348,136818205,66150852,36337809,649055,818,0,0
C033289,4705273,56463276,3127040,37524480,159476394,106711547,78435666,419617,699,0,0
C033290,4280097,51361164,2546617,30559404,179933315,106979552,98941485,930800,728,0,0
C033291,2251266,27015192,814003,9768036,216778318,20307366,6993346,133222,786,0,0
C033292,2478589,29743068,1217295,14607540,87847328,26328940,15282671,135088,876,0,0
C033293,2385983,28631796,1512973,18155676,293005064,65298440,57285405,562348,717,0,0
C033294,5800251,69603012,3000290,36003480,173413173,76583846,48094075,759885,801,0,0
C033295,2836221,34034652,1941295,23295540,122644235,42660176,38472743,272999,759,0,0
C033296,1800000,21600000,1720415,20644980,46634229,14547580,10234068,220524,568,3,1
C033297,5316509,63798108,2895835,34750020,326415475,47867970,42218307,799595,720,0,0
C033298,5679547,68154564,2979630,35755560,120271349,35346066,28035947,113591,757,0,0
C033299,6959004,83508048,3552172,42626064,159300639,345379638,345379638,2162563,783,0,0
C033300,2199372,26392464,998999,11987988,127046662,50472070,45867533,389982,766,0,0
C033301,3711181,44534172,1488705,17864460,343763201,25967689,19994896,393577,692,0,0
C033302,7931214,95174568,5695223,68342676,152122294,111236234,68198939,556368,796,0,0
C033303,4394059,52728708,3402327,40827924,738201912,204140712,174834019,1392707,683,0,0
C033304,2941348,35296176,1492564,17910768,132317699,17938852,10536793,100442,799,0,0
C033305,2785417,33425004,1710946,20531352,467950056,49926489,26621461,422994,703,0,0
C033306,4204874,50458488,3838720,46064640,596078282,27594811,19050314,293567,767,0,0
C033307,3127055,37524660,1985455,23825460,204465781,51144134,34933596,250193,732,0,0
C033308,2141840,25702080,1446654,17359848,10554347,18799790,6914037,125431,767,0,0
C033309,3271231,39254772,1474632,17695584,202114766,63404078,46599243,306171,770,0,0
C033310,3352090,40225080,2560696,30728352,31933192,37392704,15630972,164143,729,0,0
C033311,2764907,33178884,2014703,24176436,348722534,47439176,44311339,425087,677,0,1
C033312,1800000,21600000,1006928,12083136,40701008,32104140,16158115,169663,781,0,0
C033313,4516016,54192192,3691304,44295648,261408631,34968991,16815634,687471,620,2,0
C033314,1941367,23296404,968269,11619228,208697149,115332502,104833818,720636,670,0,0
C033315,4009098,48109176,3160098,37921176,224628623,45426722,27611514,242905,789,0,0
C033316,4515260,54183120,2518027,30216324,445163653,171067022,167938225,1364145,687,0,0
C033317,8247284,98967408,5139826,61677912,455499201,84605725,84605725,846610,817,0,0
C033318,1965533,23586396,1107233,13286796,105022509,13508014,13508014,135361,823,0,0
C033319,2697730,32372760,1365252,16383024,104162290,13568764,13568764,71095,813,0,0
C033320,5580869,66970428,3749751,44997012,186687283,57939600,57939600,995761,730,0,0
C033321,4554336,54652032,2631296,31575552,418322135,74238835,40563598,116700,811,0,0
C033322,6813039,81756468,2990811,35889732,464032328,180243498,165723605,1250782,838,0,0
C033323,4756871,57082452,3155614,37867368,174081122,52994238,27190053,115916,733,0,0
C033324,5786705,69440460,3485914,41830968,691501939,137905370,113901504,833249,756,0,0
C033325,7439365,89272380,4642375,55708500,128216882,45861389,32021165,270170,816,0,0
C033326,2809068,33708816,702267,8427204,185492916,20110735,13772435,56181,743,0,1
C033327,4060879,48730548,2259990,27119880,179656273,74064748,63268222,472348,722,1,0
C033328,2556744,30680928,1670935,20051220,217869043,26999528,22547599,234672,785,0,0
C033329,5190452,62285424,2026731,24320772,334244696,34135510,28981056,103809,812,0,0
C033330,2520125,30241500,1387021,16644252,152426944,38914080,30013800,404626,760,0,0
C033331,6146167,73754004,3542981,42515772,269894981,73947428,40800293,665956,842,0,0
C033332,6238979,74867748,3144961,37739532,304379925,83016090,55481915,592090,800,1,0
C033333,6876853,82522236,3128156,37537872,140057089,199459697,190556603,900780,778,0,0
C033334,3821674,45860088,2421814,29061768,195486741,51249944,44308033,538720,662,0,1
C033335,6200621,74407452,3495974,41951688,303226930,64174576,64174576,819649,707,0,0
C033336,3747162,44965944,1576090,18913080,254834959,78871376,76014552,444623,704,0,0
C033337,6224156,74689872,1694705,20336460,150601414,70841145,31902030,483543,825,0,0
C033338,5266054,63192648,3822498,45869976,393320904,45548127,32554667,369895,781,0,0
C033339,2385328,28623936,1356829,16281948,108888153,56086388,47234694,490414,721,0,0
C033340,3128668,37544016,1213235,14558820,69585079,25685684,24360042,327577,724,0,0
C033341,3259571,39114852,2314783,27777396,122143793,33564349,33564349,186574,876,0,0
C033342,3739430,44873160,2185210,26222520,384965130,36717432,28271124,268197,841,0,0
C033343,4896747,58760964,1708153,20497836,455863952,30098970,28725729,458765,762,0,0
C033344,3923148,47077776,2333673,28004076,86399878,96118003,91004286,677692,815,0,0
C033345,3037494,36449928,2006279,24075348,48903788,52422369,52422369,334858,694,1,1
C033346,4894325,58731900,2295521,27546252,101543117,61094984,42752941,541353,763,0,0
C033347,4802396,57628752,3245565,38946780,31528886,130551575,125657060,524751,760,0,0
C033348,3373055,40476660,2218960,26627520,242651223,115549574,109786435,833191,715,0,0
C033349,4641211,55694532,2243626,26923512,117028326,63216752,59940433,606936,813,1,1
C033350,2960425,35525100,1863763,22365156,55706511,46403175,31819154,409162,719,0,0
C033351,4250044,51000528,2061521,24738252,127493118,35240540,22953451,165328,745,0,0
C033352,4783923,57407076,3009905,36118860,213777255,58532866,58532866,773315,690,0,1
C033353,2578234,30938808,2055817,24669804,77405870,19610447,2475105,181557,719,1,1
C033354,5297349,63568188,2688761,32265132,135728448,80214404,53523093,550059,830,0,0
C033355,7822977,93875724,4488552,53862624,117835062,104098411,80218951,1173790,794,0,0
C033356,2993854,35926248,1932988,23195856,272463106,29840946,21159314,172270,761,1,0
C033357,4924757,59097084,2439161,29269932,146327227,148495505,120986895,1115007,784,0,0
C033358,2980378,35764536,1573714,18884568,224447206,15702129,11245345,150630,787,0,0
C033359,4515827,54189924,2291501,27498012,139342452,72485036,49677456,363625,704,0,0
C033360,3821601,45859212,1520619,18247428,104268386,34591604,27005774,370700,850,0,0
C033361,4055467,48665604,2582373,30988476,182095677,20280195,13921840,120003,814,0,0
C033362,2465126,29581512,1203032,14436384,111910262,87055140,79131713,558540,794,0,0
C033363,2221808,26661696,779494,9353928,294317198,23427124,16707686,174367,739,0,0
C033364,3329106,39949272,1448616,17383392,71016704,28491311,15381166,261929,809,0,0
C033365,3435988,41231856,2096070,25152840,127647865,52232414,23580330,266114,819,0,0
C033366,3435107,41221284,2599126,31189512,76714063,32145527,27938635,233879,772,0,0
C033367,4456491,53477892,2454781,29457372,419698917,101973982,88444073,848872,708,1,0
C033368,3973900,47686800,2187982,26255784,165392833,32498287,25174183,306589,847,0,0
C033369,8620454,103445448,4202379,50428548,369483222,117653242,88610812,826355,792,0,0
C033370,5270791,63249492,2790087,33481044,885492888,64318561,41562960,330867,778,0,0
C033371,3911250,46935000,3026360,36316320,308578499,63359082,37808813,457536,717,0,0
C033372,5577711,66932532,3111787,37341444,126352648,79381466,65816612,571304,820,0,0
C033373,4262480,51149760,3275513,39306156,173311267,136803454,126614102,1103258,747,0,1
C033374,2261958,27143496,917480,11009760,46003206,58631405,49507959,259869,837,0,0
C033375,2103227,25238724,1274726,15296712,126730474,12575937,11469245,62645,812,0,1
C033376,3084844,37018128,1651337,19816044,478643949,23330797,23330797,241991,806,0,0
C033377,3963463,47561556,1647994,19775928,190615080,41600327,14782419,170419,874,0,0
C033378,5183982,62207784,2055043,24660516,185438961,122035258,117129726,595612,785,0,0
C033379,3581040,42972480,1122030,13464360,91274062,40374859,40374859,664816,802,2,1
C033380,3386780,40641360,2920406,35044872,73692521,40527247,36637703,323913,760,0,0
C033381,4830316,57963792,3148881,37786572,289349567,107606902,100282151,780072,657,0,0
C033382,2424034,29088408,2201847,26422164,78940234,21559653,17734568,232732,751,0,0
C033383,6818050,81816600,4019691,48236292,578133258,82609873,57324105,957957,702,0,0
C033384,4422844,53074128,2387001,28644012,168871259,68585286,64661840,640648,810,0,0
C033385,3902696,46832352,2138011,25656132,655652928,33613157,18040299,249970,759,0,0
C033386,2992027,35904324,1436209,17234508,94222576,64835101,42690356,295016,731,0,1
C033387,6441483,77297796,3563142,42757704,146649540,116395193,116395193,1093437,873,0,0
C033388,8470070,101640840,4441863,53302356,133250575,248273464,187138849,1853706,795,0,0
C033389,5470602,65647224,2719866,32638392,268862411,84606270,60336472,797020,892,0,0
C033390,2065492,24785904,1210592,14527104,10408264,31607310,31607310,177948,770,0,0
C033391,8025598,96307176,4973722,59684664,249082754,107167995,85255938,660068,795,0,0
C033392,3771642,45259704,2219952,26639424,137815673,186260631,181294054,1255424,730,0,1
C033393,5255293,63063516,2497169,29966028,144923719,115666964,111278500,899550,768,0,0
C033394,3921217,47054604,2353251,28239012,342429325,57572576,33492455,462229,728,2,0
C033395,3103846,37246152,2144574,25734888,172245135,60485182,47306823,606682,644,0,1
C033396,6183253,74199036,3384615,40615380,254759599,100423816,54742449,370635,755,0,0
C033397,6040641,72487692,3218930,38627160,111903756,77540084,55824218,775449,778,0,0
C033398,4209936,50519232,1983785,23805420,181249447,76672687,61613535,275018,871,0,0
C033399,5339355,64072260,4271938,51263256,60846242,28437444,28437444,624045,731,0,0
C033400,4382201,52586412,1668053,20016636,614447783,115714827,100405724,695239,745,0,1
C033401,3126274,37515288,1388615,16663380,78219226,30697671,24803754,282952,821,0,0
C033402,5198955,62387460,3227332,38727984,232133512,30009506,30009506,103979,822,0,0
C033403,5705031,68460372,2733621,32803452,182217585,84489460,72777635,948079,837,0,1
C033404,2642920,31715040,1414367,16972404,61693807,74337467,60171750,283455,802,1,0
C033405,3969847,47638164,2282122,27385464,139019706,29402598,29402598,274061,770,1,0
C033406,4352309,52227708,2780705,33368460,442557782,48655192,31503624,473373,835,0,0
C033407,5233649,62803788,3029916,36358992,65118567,83550545,55487222,259162,707,1,0
C033408,2981782,35781384,1723998,20687976,115974957,23468911,14357655,304420,784,0,0
C033409,1800000,21600000,1057787,12693444,165236101,34066056,17604909,87662,758,0,0
C033410,1800000,21600000,1275351,15304212,68738159,44543314,30991827,240562,569,1,0
C033411,2676120,32113440,2015594,24187128,162299111,37117405,34234600,390691,767,0,0
C033412,2342174,28106088,1346346,16156152,125023229,34712885,16301539,163930,797,0,0
C033413,1838889,22066668,826613,9919356,34914733,18447548,6567269,132999,798,2,0
C033414,4945992,59351904,2811134,33733608,52332686,53334860,28959313,548733,712,0,0
C033415,2641926,31703112,1538414,18460968,148239852,46214358,40414386,299320,853,0,1
C033416,3990088,47881056,2498129,29977548,42600953,74724453,72298193,627226,701,1,0
C033417,4205117,50461404,1706408,20476896,226876098,19196172,14528750,582257,809,0,0
C033418,3939837,47278044,2987571,35850852,118521806,77997317,62803237,808699,666,0,0
C033419,1863124,22357488,978924,11747088,64708597,32019380,32019380,180954,780,0,0
C033420,2341038,28092456,1650886,19810632,161026348,18956569,18956569,203624,713,0,0
C033421,4058697,48704364,1979049,23748588,60078697,85194117,58586249,372337,754,0,0
C033422,3148124,37777488,1921862,23062344,32597992,45208548,31903277,62962,835,0,0
C033423,5181125,62173500,3076397,36916764,183900111,141667078,107358991,635290,733,0,0
C033424,5932919,71195028,3591164,43093968,996730392,90870869,58183704,529745,784,0,0
C033425,3239245,38870940,1717494,20609928,89723514,30439861,19156697,125429,774,0,1
C033426,3365489,40385868,1688371,20260452,197021480,181736406,181736406,1117071,674,1,1
C033427,3300272,39603264,2393327,28719924,132930659,53233187,47261586,428558,844,0,0
C033428,1825774,21909288,644753,7737036,48412850,7849830,7849830,84041,843,0,0
C033429,7627439,91529268,3364790,40377480,206677402,37183523,37183523,474728,895,0,0
C033430,3623208,43478496,2406088,28873056,404692702,47533890,39693437,382000,836,0,0
C033431,4007356,48088272,2385941,28631292,384232337,39972244,26998741,320924,762,0,0
C033432,1831733,21980796,812087,9745044,173395817,14314762,12545705,153230,828,0,0
C033433,3503546,42042552,2011239,24134868,169147816,14681811,6890520,70071,776,0,0
C033434,2147637,25771644,1297444,15569328,94179488,20579607,20499890,181932,836,0,1
C033435,2576898,30922776,1059711,12716532,146576992,69822999,51150208,494623,743,0,0
C033436,5904125,70849500,4191517,50298204,90785772,97726580,66307364,462177,725,0,0
C033437,5322293,63867516,2441359,29296308,233766892,46406729,34870208,106446,808,0,0
C033438,8204957,98459484,3585664,43027968,392711163,152430573,125921988,544933,687,0,1
C033439,4801314,57615768,2988578,35862936,77858961,65284303,35840726,638431,638,0,0
C033440,4402137,52825644,3044147,36529764,96827418,94107283,94107283,717249,780,0,0
C033441,4502238,54026856,2326885,27922620,95259407,19851971,19851971,332358,895,0,0
C033442,11490229,137882748,7038817,84465804,276589831,100944913,65256696,1029821,822,0,0
C033443,3616344,43396128,1378860,16546320,360401211,35499849,16007784,331677,755,0,0
C033444,2558417,30701004,1971657,23659884,158985106,38400879,30777484,240341,796,1,0
C033445,4768290,57219480,2875692,34508304,194193029,32089018,26126789,537803,758,0,0
C033446,3769131,45229572,2867721,34412652,214695959,58201999,36737853,567446,727,0,0
C033447,4909189,58910268,3017443,36209316,244799615,55785207,41182348,659708,774,0,0
C033448,6012497,72149964,4251132,51013584,457212246,142224249,142224249,1193656,667,1,0
C033449,3429041,41148492,2655841,31870092,171540359,58108442,40663614,522491,731,0,0
C033450,5116567,61398804,2579098,30949176,100817960,109067748,107057633,691801,786,0,0
C033451,5051998,60623976,3518105,42217260,86110118,62010155,62010155,633418,745,0,0
C033452,7624693,91496316,5012878,60154536,269528302,91291777,88658473,1068983,804,0,0
C033453,2902957,34835484,1882814,22593768,423346782,34919535,16326866,261470,834,0,0
C033454,8242361,98908332,3881284,46575408,675709522,73080821,73080821,522642,837,0,0
C033455,5029198,60350376,2431396,29176752,221282769,44520866,31323492,184623,733,0,0
C033456,3068710,36824520,1810115,21721380,259794964,12356185,6638577,192318,804,0,0
C033457,4142422,49709064,2383851,28606212,175895328,60012597,45922055,438037,739,0,0
C033458,4675600,56107200,3407046,40884552,397698733,97125456,67150647,768537,686,0,0
C033459,8292037,99504444,3822903,45874836,114293182,137072628,106121295,1598212,800,0,0
C033460,4433733,53204796,2843708,34124496,140900805,36425905,24282361,389317,800,0,0
C033461,2576652,30919824,1495357,17944284,66814637,69256985,62003487,534479,790,0,0
C033462,1800000,21600000,1375329,16503948,94515637,31682985,21623076,318812,792,0,0
C033463,6410709,76928508,3742431,44909172,157386643,138978263,118450603,863589,739,0,0
C033464,7593665,91123980,4837614,58051368,227115455,102035523,86447250,1344807,872,0,0
C033465,2768059,33216708,1569404,18832848,160304747,136632253,123429245,735348,785,0,0
C033466,3392471,40709652,1691935,20303220,180734551,38530142,26120732,131925,865,0,0
C033467,6006493,72077916,4492402,53908824,333270462,60914013,34613056,543243,748,0,0
C033468,2942972,35315664,1976761,23721132,235286340,81000697,80787451,695833,736,0,0
C033469,3530897,42370764,1782747,21392964,211921849,45263975,29617929,106295,829,0,0
C033470,3835497,46025964,2603469,31241628,263090548,53266021,44677058,267002,776,1,0
C033471,4673536,56082432,3699723,44396676,320208089,73821664,47316813,468148,700,0,0
C033472,5433866,65206392,3030029,36360348,803092900,83967325,38817502,470546,733,0,1
C033473,2553711,30644532,1694508,20334096,74012239,47958767,45747083,403093,746,0,0
C033474,5450643,65407716,2509594,30115128,220091476,61688538,49272091,433852,844,0,0
C033475,4927013,59124156,3180552,38166624,521969132,71286789,31662963,533715,746,0,0
C033476,2222759,26673108,943999,11327988,77587189,22608362,15597462,275297,731,0,0
C033477,3806455,45677460,1709929,20519148,184363456,14582283,14582283,237286,740,0,0
C033478,1828878,21946536,1310083,15720996,70167544,17461701,13020740,162543,741,0,0
C033479,3430585,41167020,2252840,27034080,189338260,60871792,56681534,508395,725,0,1
C033480,2551168,30614016,1190428,14285136,85233572,40468477,27190471,185773,752,0,0
C033481,3070652,36847824,1606592,19279104,106141090,29457373,13604430,227083,867,0,0
C033482,3643372,43720464,1725738,20708856,355659774,29982423,21563559,72867,809,0,0
C033483,3639878,43678536,2032894,24394728,216978934,62929275,44954146,587961,777,0,0
C033484,4410396,52924752,2953205,35438460,168011873,57154405,50286070,334227,810,0,0
C033485,3547762,42573144,2504539,30054468,90003871,29327983,19321191,359844,784,0,0
C033486,4570479,54845748,2283460,27401520,184885737,124922608,113784227,993106,860,0,0
C033487,1910298,22923576,1553868,18646416,26630884,9844068,6119219,50000,759,0,0
C033488,3865899,46390788,2318780,27825360,122403803,36368618,25653565,257720,821,0,0
C033489,2520977,30251724,1582321,18987852,78361579,112374327,110764798,697060,714,0,1
C033490,3689935,44279220,1747447,20969364,343926303,136498201,130679949,973261,744,0,0
C033491,2675499,32105988,2323646,27883752,101634666,30824119,21998903,53510,729,0,0
C033492,2662012,31944144,1229919,14759028,103131106,23482327,16801796,53240,798,0,0
C033493,4850157,58201884,2791812,33501744,157293136,64578737,24408571,97003,835,0,0
C033494,4064011,48768132,2409397,28912764,390927547,64433061,54774632,420135,805,0,0
C033495,1800000,21600000,942775,11313300,50321026,17887845,12843617,92194,743,0,0
C033496,4631371,55576452,2826852,33922224,778070328,39527599,32772754,376060,804,0,0
C033497,4338108,52057296,3342059,40104708,288680939,81349016,69003466,558736,720,0,0
C033498,3734588,44815056,1912071,22944852,275027247,20092558,20092558,340528,837,0,0
C033499,3321456,39857472,1762961,21155532,100345600,90613054,83308825,507812,832,0,0
C033500,5776279,69315348,2368604,28423248,305583098,140917198,140917198,1490033,778,0,0
C033501,6041877,72502524,2813674,33764088,185992860,148108978,143641889,1191644,797,0,0
C033502,3167723,38012676,1858037,22296444,432124641,77113474,60603534,515884,891,0,0
C033503,5530578,66366936,3415856,40990272,929137104,35801446,35801446,146975,884,0,0
C033504,3605666,43267992,1620996,19451952,89403085,23427053,22002054,285622,864,0,0
C033505,3229696,38756352,1331206,15974472,181441413,30254195,15929038,188739,882,0,0
C033506,4862860,58354320,2302911,27634932,339319788,50687159,39989141,552957,835,0,0
C033507,4067546,48810552,2239931,26879172,416330125,33151322,19760308,378081,739,1,0
C033508,5503442,66041304,3715228,44582736,297348521,49125273,33170311,531126,786,0,0
C033509,2421031,29052372,1009015,12108180,171129274,36779127,33655435,377883,857,0,0
C033510,6942402,83308824,2597616,31171392,154359324,261901387,261901387,1912655,678,0,0
C033511,1800000,21600000,710991,8531892,159227724,15595410,8423180,118711,794,0,0
C033512,4846581,58158972,3244114,38929368,814225608,144772555,131237697,1017640,674,1,0
C033513,7830516,93966192,3460059,41520708,757686740,147986158,147986158,1457915,876,0,0
C033514,5381591,64579092,2893430,34721160,104072748,59773012,31718732,107632,786,0,0
C033515,3286799,39441588,1436400,17236800,57404628,46627319,27393589,380342,681,1,0
C033516,4443623,53323476,2305032,27660384,174904351,32027497,17093780,338121,764,0,0
C033517,3955533,47466396,2911335,34936020,72020017,76895266,67048627,701906,750,0,0
C033518,1923432,23081184,1189036,14268432,42980041,74455785,74455785,375373,818,0,0
C033519,2005519,24066228,720498,8645976,68232392,29251586,19727547,168402,819,0,0
C033520,4149078,49788936,3046719,36560628,263747211,69797541,53481014,518045,652,0,1
C033521,3225680,38708160,1195285,14343420,253116780,36930475,36930475,690256,805,0,0
C033522,2945235,35342820,2239024,26868288,119036622,18684800,12470458,133731,786,0,0
C033523,4259241,51110892,2898487,34781844,368288111,17534444,17534444,356105,712,0,1
C033524,2851642,34219704,1609764,19317168,138429243,33720600,32241419,131223,796,0,0
C033525,3370580,40446960,2788131,33457572,566257440,41225308,18526839,215298,669,0,0
C033526,4876693,58520316,2613604,31363248,383791310,129912231,125246340,820154,807,0,0
C033527,2417140,29005680,1198312,14379744,54049407,26659156,21186061,248378,743,1,1
C033528,4962816,59553792,3562285,42747420,206929814,35710023,35710023,319808,675,0,0
C033529,4287086,51445032,2988059,35856708,128465985,47737000,33519541,475940,791,0,0
C033530,1800000,21600000,962041,11544492,49173205,24679326,24679326,284974,805,0,0
C033531,4948443,59381316,4018160,48217920,149908658,95195714,51457312,891302,661,0,0
C033532,4919685,59036220,2251269,27015228,141780886,139840144,103310957,927076,733,1,0
C033533,2866347,34396164,1676813,20121756,481546296,35513499,24892622,264043,812,0,0
C033534,2101498,25217976,611128,7333536,42930500,36476966,21253528,95612,646,0,0
C033535,3019675,36236100,1465669,17588028,65125506,16377055,11622475,60394,813,0,0
C033536,3366158,40393896,1969027,23628324,222085232,17810471,16002397,390702,801,0,0
C033537,5137284,61647408,3143482,37721784,109998769,208387740,177712527,1594733,690,0,0
C033538,2419877,29038524,1382795,16593540,160513999,67683228,46252274,485600,803,0,0
C033539,3964610,47575320,2073976,24887712,230376050,72542026,46361487,343944,765,0,0
C033540,3314042,39768504,1598147,19177764,172876396,39107995,39107995,389056,708,0,0
C033541,2718113,32617356,1140368,13684416,188529155,43540472,39516537,341217,714,0,0
C033542,2046129,24553548,1200317,14403804,177469742,27504814,25737380,234202,687,0,0
C033543,7020221,84242652,3338701,40064412,399871465,60558977,47110122,353742,801,0,0
C033544,3164771,37977252,1663429,19961148,190805040,48712819,41037288,427720,751,0,0
C033545,2991092,35893104,1682162,20185944,107656392,53112228,31463277,288845,774,0,0
C033546,2341324,28095888,1103856,13246272,41286562,32768373,32768373,405086,687,0,0
C033547,3514037,42168444,2212312,26547744,51035424,94605788,80643666,453245,719,0,0
C033548,6709560,80514720,5083735,61004820,349757766,73475987,35463962,540450,652,1,1
C033549,5557893,66694716,2382402,28588824,210561670,74453505,68120913,1063242,876,0,0
C033550,2065784,24789408,787934,9455208,45635769,17642432,16882738,88746,834,0,0
C033551,2597945,31175340,1208150,14497800,31276643,28114784,16625173,285313,771,0,0
C033552,4902897,58834764,2042628,24511536,161340276,74380083,61541832,415567,767,0,0
C033553,2274591,27295092,1338705,16064460,55235455,19626759,5959636,50000,816,0,0
C033554,4588744,55064928,3196216,38354592,58081758,137198162,125177319,720878,856,1,0
C033555,3815473,45785676,2977259,35727108,37655186,61525219,53410225,419314,756,0,0
C033556,5345682,64148184,3013408,36160896,229786582,225177750,206446318,1512565,664,0,0
C033557,5162670,61952040,2454111,29449332,356383561,277094382,269436261,1711901,719,0,0
C033558,2352088,28225056,2046064,24552768,53267148,25454936,16154319,201988,652,1,0
C033559,3661761,43941132,2288030,27456360,179792826,112642648,99581620,871644,859,0,0
C033560,5024262,60291144,4422652,53071824,417447281,53987900,33118216,590212,742,0,0
C033561,2577012,30924144,1621895,19462740,199140471,54667551,42051661,370220,790,0,0
C033562,3069996,36839952,1620935,19451220,94838390,45611917,44335181,354474,778,0,1
C033563,5511210,66134520,3639479,43673748,139044563,58415652,29078142,439115,798,0,0
C033564,2664727,31976724,1566445,18797340,289214329,43573571,37171043,216628,692,0,0
C033565,5612042,67344504,4270487,51245844,516545949,201538239,165073610,1015673,696,0,0
C033566,4746402,56956824,2480745,29768940,790123399,96980340,72559254,592488,875,0,0
C033567,3611606,43339272,2018406,24220872,150807487,27920049,9729829,266088,800,0,0
C033568,3142034,37704408,1947926,23375112,381428944,46799672,46799672,72940,830,0,0
C033569,4013871,48166452,1802304,21627648,133913608,177945641,164151394,1228399,711,0,0
C033570,4877580,58530960,1984334,23812008,171791416,91402551,57425696,470644,911,0,0
C033571,7286797,87441564,3116156,37393872,269086329,56484909,56484909,1172228,730,1,0
C033572,3362111,40345332,2025373,24304476,106070212,86709051,81061817,679496,747,1,1
C033573,5578081,66936972,4011239,48134868,253231557,244396332,244396332,1260725,729,0,0
C033574,5499729,65996748,3252354,39028248,89917855,56996176,34350626,274035,806,0,0
C033575,3131346,37576152,1629875,19558500,157364993,67446597,66005813,443724,784,0,0
C033576,1800000,21600000,1003767,12045204,36226508,31048510,27290839,249999,850,1,0
C033577,6369624,76435488,3078599,36943188,104656488,41615672,34133538,519482,829,0,0
C033578,3083338,37000056,1992034,23904408,158137725,23465302,9003645,348877,629,1,0
C033579,4061343,48736116,2819332,33831984,268468158,28615046,24647980,352546,758,0,0
C033580,2454641,29455692,1233846,14806152,173030993,17286190,15260802,230999,790,0,0
C033581,6598918,79187016,2946802,35361624,163586523,134234526,82442977,708823,841,0,0
C033582,3313118,39757416,1759717,21116604,20882423,31614121,31614121,81854,780,0,0
C033583,2339007,28068084,988781,11865372,297098452,14626375,11734613,189486,846,0,0
C033584,3187946,38255352,2111079,25332948,420068827,18979943,18979943,146251,745,0,0
C033585,4917847,59014164,3208636,38503632,190582668,45973588,22507598,436370,676,0,0
C033586,7821123,93853476,4525419,54305028,203354838,112214552,112214552,568547,846,0,0
C033587,4356354,52276248,2542482,30509784,175551941,98659408,92421674,868132,790,0,0
C033588,3967798,47613576,2328964,27947568,135270753,60783776,40576041,579464,736,0,0
C033589,4226083,50712996,4049150,48589800,128215716,115656584,88383213,957467,596,0,1
C033590,3657904,43894848,2301382,27616584,282687015,36904144,36904144,479382,754,0,0
C033591,4802067,57624804,2689777,32277324,366168454,29432378,27221774,394312,852,0,0
C033592,3725570,44706840,998927,11987124,401192651,54257982,32233890,469002,801,0,0
C033593,6691718,80300616,3463626,41563512,132020752,90892077,85389080,963982,793,0,0
C033594,3614997,43379964,1963923,23567076,197532834,38644422,30154817,465063,747,0,0
C033595,3571987,42863844,2210232,26522784,396674751,36277629,24523474,217132,882,0,0
C033596,3914821,46977852,2441691,29300292,373902814,45227025,45227025,453768,793,0,1
C033597,3773291,45279492,2341385,28096620,112746007,65564839,59166340,340857,779,0,0
C033598,2611749,31340988,984818,11817816,197987116,27765574,26531409,216013,789,0,0
C033599,5704528,68454336,3095599,37147188,547609933,67769314,56470535,295718,813,0,0
C033600,7933835,95206020,4790159,57481908,1232123438,130786484,107041265,779331,811,0,1
C033601,5073287,60879444,1446347,17356164,179200389,25952760,20971072,150121,815,0,0
C033602,3368912,40426944,2111457,25337484,387091944,29381437,6324995,268354,722,1,0
C033603,11076636,132919632,4198407,50380884,113873064,154000011,149827205,1267516,819,0,0
C033604,3876424,46517088,1360584,16327008,234270709,46415172,24836324,503610,779,0,1
C033605,3613529,43362348,2034163,24409956,172575751,33941533,30115771,345061,866,0,0
C033606,5036255,60435060,2464061,29568732,338316793,40907808,33067418,429297,915,0,0
C033607,6906047,82872564,4077604,48931248,436736656,132256120,59598970,273543,797,0,0
C033608,5253886,63046632,3063221,36758652,306143346,60806294,56010190,467517,766,0,0
C033609,8714548,104574576,7750012,93000144,274675519,284982733,228726926,1072360,733,1,1
C033610,5370823,64449876,4370066,52440792,204402766,55551133,16109624,353257,733,0,1
C033611,3683199,44198388,2351818,28221816,264627019,33874537,24978934,184257,871,0,0
C033612,6105932,73271184,2631038,31572456,312949991,31017135,31017135,361316,850,0,0
C033613,2576505,30918060,1550433,18605196,432852840,11248722,11248722,144217,873,0,0
C033614,3539191,42470292,1642181,19706172,153789108,80265046,66691868,490545,786,0,0
C033615,3277417,39329004,2252832,27033984,26412088,12116009,12116009,65548,771,0,0
C033616,6428532,77142384,2438785,29265420,256116053,32310070,32310070,386865,857,0,0
C033617,7418928,89027136,5278138,63337656,188511698,117573470,87131763,1339607,736,0,0
C033618,2403155,28837860,1338722,16064664,31461265,21699377,16520842,243427,903,0,0
C033619,3644397,43732764,3277472,39329664,612258696,90402630,78201999,694744,660,0,1
C033620,6291408,75496896,4576777,54921324,309159686,132005075,55828054,687926,797,1,0
C033621,7512476,90149712,3188515,38262180,231591437,74886035,57226839,697530,829,0,0
C033622,2558135,30697620,1862230,22346760,86553933,27715337,27715337,200945,780,0,0
C033623,2019730,24236760,1079521,12954252,129040334,11868315,4841999,71784,887,0,0
C033624,2708622,32503464,1459611,17515332,142927818,38867313,38449245,351243,732,0,0
C033625,3677268,44127216,2310283,27723396,347153781,31044076,23420120,73545,765,0,0
C033626,3693406,44320872,2548204,30578448,109633296,56730184,45880421,510260,711,2,1
C033627,5325133,63901596,3416106,40993272,172390265,159981204,139852809,934792,687,0,0
C033628,8547785,102573420,5166697,62000364,1436027880,73260636,40795033,340721,813,1,0
C033629,2366587,28399044,1598128,19177536,107497402,34160434,22852913,164483,834,0,0
C033630,7856907,94282884,3787108,45445296,393050548,119128772,89455806,998470,704,0,1
C033631,4551185,54614220,2658048,31896576,143115313,81695267,44668734,652158,774,0,0
C033632,3519985,42239820,2437887,29254644,64920185,20429766,14770894,182174,727,0,0
C033633,3233526,38802312,2217488,26609856,75989982,55261066,44059137,306519,737,0,1
C033634,5327091,63925092,3015781,36189372,228265394,49756081,37105693,607868,744,1,0
C033635,2830345,33964140,2433820,29205840,26498167,59163756,52100511,728053,659,0,1
C033636,3420013,41040156,2579706,30956472,68457394,38198102,33956294,266241,822,0,0
C033637,8218980,98627760,4637222,55646664,433394482,54497981,17138664,249541,801,0,0
C033638,5305554,63666648,1689296,20271552,460867621,29780668,21895847,543293,796,0,0
C033639,4194248,50330976,2305740,27668880,547284472,65298787,61064581,492203,825,0,0
C033640,3197757,38373084,1903546,22842552,70361955,39631744,31359106,248019,754,0,1
C033641,5234299,62811588,3092201,37106412,31137240,113149074,105985018,831163,718,0,0
C033642,5240277,62883324,4323004,51876048,268393431,47560142,24159986,615657,775,0,0
C033643,4151653,49819836,2317343,27808116,125042505,32217273,20803819,586536,773,0,0
C033644,4679682,56156184,1695652,20347824,127517422,95330427,70585055,685816,721,0,1
C033645,6730476,80765712,3431153,41173836,282148730,104403644,96991983,731561,750,0,0
C033646,3993945,47927340,2008246,24098952,388682766,38606584,29013259,352320,771,0,0
C033647,2928684,35144208,1921670,23060040,60433153,30206630,21930736,300191,854,0,0
C033648,2482636,29791632,1434258,17211096,75923137,5340632,5278305,136285,813,0,0
C033649,4506074,54072888,3114586,37375032,65805352,46116821,27047099,437135,746,0,0
C033650,1800000,21600000,1257861,15094332,64491386,13853797,3334336,243415,709,0,0
C033651,7162247,85946964,5307426,63689112,296628268,130753434,115081717,694647,812,0,0
C033652,5796718,69560616,2586913,31042956,171428775,65557428,54609175,168483,809,0,0
C033653,3318016,39816192,1857585,22291020,451910634,39708052,32386242,348917,805,0,0
C033654,3372548,40470576,1852712,22232544,173344897,23023285,15222698,440123,740,0,0
C033655,4740083,56880996,2793907,33526884,152583917,28010424,28010424,540414,788,0,0
C033656,4954355,59452260,2234788,26817456,555664615,82493830,82493830,563884,749,0,0
C033657,3579209,42950508,2342257,28107084,215791906,45872370,40670986,261726,777,0,0
C033658,4422758,53073096,1469994,17639928,259694008,99376973,99376973,753840,826,0,0
C033659,2766155,33193860,1901087,22813044,77584891,36103796,28546165,373773,831,0,0
C033660,4557825,54693900,3048243,36578916,406321707,127980962,84681981,498086,748,0,0
C033661,5726392,68716704,2483458,29801496,340959858,130447142,91174776,760519,726,0,0
C033662,5425504,65106048,2572290,30867480,729764083,96354038,62781366,536177,734,1,0
C033663,7188144,86257728,4270262,51243144,338730012,206575732,206575732,1870607,788,1,0
C033664,3379089,40549068,2028612,24343344,184583266,44950952,43656355,272342,914,0,0
C033665,1963866,23566392,800774,9609288,80995673,93067983,85749030,569670,642,0,0
C033666,1940652,23287824,996008,11952096,135042185,36367988,34030115,256368,746,0,0
C033667,1988685,23864220,1723754,20685048,110465827,22251490,22251490,387548,665,1,0
C033668,3466304,41595648,1942324,23307888,53714342,56912368,49073870,487020,834,0,0
C033669,2899769,34797228,1298408,15580896,109547225,46871995,40204537,491202,715,1,1
C033670,11872142,142465704,7795217,93542604,409973527,175611963,175611963,2200355,820,0,0
C033671,2112798,25353576,971724,11660688,247557505,30259516,25544177,232239,776,0,0
C033672,4564587,54775044,3233572,38802864,354075999,213165317,198818883,1528860,621,1,1
C033673,2635627,31627524,1693216,20318592,109002006,25039579,25039579,61922,860,0,0
C033674,6200959,74411508,3238760,38865120,326675404,189850435,149123930,1435224,686,0,0
C033675,5147818,61773816,3257065,39084780,177040029,33563006,27169926,551234,847,0,0
C033676,4098504,49182048,2255099,27061188,99031021,33559200,20575041,344795,691,0,0
C033677,2617945,31415340,1546931,18563172,30302406,9997072,9997072,317651,798,0,0
C033678,3684860,44218320,1465354,17584248,90371289,47869300,47869300,476781,885,0,0
C033679,3135599,37627188,1447956,17375472,73084143,30080886,23266470,245049,843,0,0
C033680,3521000,42252000,1610953,19331436,126234997,40497704,37743628,344848,720,0,0
C033681,5310473,63725676,2481262,29775144,531238838,70106842,50440768,650519,818,0,0
C033682,3667066,44004792,2049583,24594996,134697597,41459323,32163438,249562,811,0,0
C033683,7645513,91746156,5559363,66712356,124537803,165447519,114862875,1405936,589,2,1
C033684,5178951,62147412,3385878,40630536,213928434,119519495,92941129,281743,793,0,0
C033685,3216333,38595996,2000965,24011580,53133562,45669817,36084947,263230,746,0,0
C033686,4505629,54067548,3228012,38736144,48579737,84568652,67116331,753843,645,0,0
C033687,5341793,64101516,3410368,40924416,170295001,29536842,24233986,377888,751,0,0
C033688,6078001,72936012,4467513,53610156,83068566,16330728,16330728,155962,739,0,1
C033689,4749724,56996688,2765077,33180924,242352255,85988944,65115204,553596,815,0,0
C033690,8417276,101007312,3043183,36518196,787513225,84683031,84233903,916097,820,0,0
C033691,3558451,42701412,2020309,24243708,137825702,21091630,21091630,241117,893,0,0
C033692,4420148,53041776,3646580,43758960,106075894,68804095,34544677,333785,649,0,1
C033693,4364438,52373256,3428720,41144640,172514864,54132732,26799437,209114,723,0,0
C033694,3373277,40479324,2049011,24588132,58943592,64871016,48485595,239314,751,0,0
C033695,4381236,52574832,2087667,25052004,320177825,54554643,38454145,339488,888,0,1
C033696,3959989,47519868,2126449,25517388,82750938,112203324,100985167,641741,749,0,0
C033697,5159465,61913580,3507816,42093792,289032346,54914708,33409454,410892,722,1,0
C033698,2505073,30060876,1503249,18038988,86712128,122349720,113598900,708962,647,0,1
C033699,3578667,42944004,3175705,38108460,155496941,30032641,18251287,327698,682,1,0
C033700,4024370,48292440,2841996,34103952,100391703,46624701,46624701,631264,776,0,0
C033701,8040143,96481716,4896775,58761300,682599610,68983427,58978266,670670,834,0,0
C033702,3526804,42321648,2398899,28786788,111062955,43082106,29346486,186214,824,0,0
C033703,1800000,21600000,986521,11838252,74558481,26423170,20604657,121922,689,0,0
C033704,3781232,45374784,1930743,23168916,70030214,64816717,64816717,501395,793,0,0
C033705,2633694,31604328,1562310,18747720,32107028,30716572,25992558,180971,745,0,0
C033706,4366824,52401888,2042865,24514380,163697302,89954508,53517534,797524,784,0,0
C033707,2313131,27757572,1181554,14178648,148618665,14089110,13545090,154726,829,0,0
C033708,3813058,45756696,2093463,25121556,75783857,10228629,6914085,88483,879,0,0
C033709,1800000,21600000,887447,10649364,101379883,34032263,27899601,258038,768,0,0
C033710,3596921,43163052,899230,10790760,181570548,29537833,28575181,79127,722,0,0
C033711,5138085,61657020,3790856,45490272,157076950,45854990,45854990,534733,808,0,0
C033712,2278963,27347556,1315855,15790260,47650404,41461172,39761739,61185,815,0,0
C033713,5273015,63276180,3124071,37488852,283301339,109502177,109502177,745651,871,0,0
C033714,6940458,83285496,4243083,50916996,592506163,68490829,47270551,138809,810,0,0
C033715,4003377,48040524,3484778,41817336,229884183,43651939,31277493,371906,654,0,0
C033716,3755900,45070800,2269370,27232440,187649414,63406766,56755473,636530,745,1,0
C033717,5984053,71808636,5695037,68340444,333991912,73782051,50203074,574974,711,0,0
C033718,5704627,68455524,3727084,44725008,122863363,85943477,71683552,589191,831,0,0
C033719,6929085,83149020,3024353,36292236,543360105,61490690,58125930,965750,775,0,0
C033720,4787661,57451932,2542635,30511620,238105007,58648635,58648635,471570,824,0,0
C033721,3285455,39425460,1523891,18286692,76970920,54036439,54036439,349341,796,0,0
C033722,2479803,29757636,1678482,20141784,182818040,25557823,20726931,222055,796,0,0
C033723,3358965,40307580,2596539,31158468,123144598,79696675,73608977,679673,611,2,1
C033724,4915875,58990500,3158060,37896720,120722937,76722169,48608471,504501,798,0,0
C033725,9451473,113417676,6001727,72020724,525583407,119502038,77148943,1039265,672,1,0
C033726,1800000,21600000,1252671,15032052,84434154,18741995,8839156,91163,722,0,0
C033727,4708725,56504700,2371112,28453344,131548938,40355036,32712046,476862,773,0,0
C033728,4606130,55273560,3426482,41117784,93966343,37485394,37485394,266704,726,1,0
C033729,5851097,70213164,4604065,55248780,416755358,144173814,134107800,1091846,742,0,0
C033730,2623274,31479288,1094635,13135620,96932856,25365295,18570317,296115,782,1,0
C033731,4238204,50858448,3607108,43285296,381210380,111538397,93898801,818081,760,0,0
C033732,3915569,46986828,2878674,34544088,55875334,94071860,79188691,895861,668,1,1
C033733,2265524,27186288,1146371,13756452,109467593,23075838,12954618,187434,809,0,0
C033734,2703352,32440224,1776281,21315372,43528582,7949047,3505992,74817,797,0,0
C033735,2333856,28006272,1491828,17901936,44384438,36812181,24009736,385843,793,0,0
C033736,6339033,76068396,2776040,33312480,265533796,94882507,94882507,1080365,795,1,0
C033737,1800000,21600000,1292699,15512388,48376172,30161042,27253100,261833,825,0,0
C033738,2461280,29535360,1208765,14505180,197760253,34969796,34969796,273196,782,0,0
C033739,4099453,49193436,2167450,26009400,64526422,89578128,76133201,730469,719,0,0
C033740,5060559,60726708,1978944,23747328,187031575,56444391,52107442,709368,829,0,0
C033741,4828908,57946896,2566221,30794652,352515643,87813635,77457278,420458,851,0,0
C033742,5074396,60892752,2375573,28506876,128350998,46772166,41564038,586932,843,0,0
C033743,5668711,68024532,3700646,44407752,511822212,73119799,58059314,903348,730,0,0
C033744,7014388,84172656,5149980,61799760,872163227,141559460,101707159,824998,635,0,0
C033745,2941706,35300472,1094331,13131972,216402684,38507567,29205798,300116,776,0,0
C033746,3174633,38095596,2158443,25901316,281297599,16167391,8036230,132338,805,0,0
C033747,3373034,40476408,1772896,21274752,260630665,102320459,94251166,691524,836,0,0
C033748,3059788,36717456,1651591,19819092,237260672,28586596,27481605,171958,812,0,0
C033749,6791727,81500724,4375619,52507428,922052275,78196035,61542544,1022484,746,0,0
C033750,4703792,56445504,3735068,44820816,204694091,96207834,84055507,790238,710,0,1
C033751,3712111,44545332,1703701,20444412,69175047,56869991,51229459,322746,846,1,0
C033752,5595259,67143108,3431210,41174520,472576151,72177926,22830736,356487,779,0,0
C033753,5008173,60098076,4163793,49965516,161383243,122274032,86168088,949602,602,1,1
C033754,5959986,71519832,3880648,46567776,176573550,56431944,41638609,262809,818,0,0
C033755,3564710,42776520,1820410,21844920,77756282,27680946,21321194,152909,815,0,0
C033756,2736436,32837232,1055856,12670272,148458191,34490136,20202257,194642,780,0,0
C033757,6505277,78063324,3583983,43007796,140583520,176185004,168842964,1507270,710,0,0
C033758,8550331,102603972,5272470,63269640,81017255,189687621,189687621,1273999,740,0,0
C033759,1800000,21600000,1013419,12161028,106777131,12114749,12114749,189823,806,0,0
C033760,1834148,22009776,763233,9158796,36445371,33533800,31405858,89522,867,0,0
C033761,2913073,34956876,1761371,21136452,77132205,15543040,11675137,58261,824,0,0
C033762,5131320,61575840,3393534,40722408,677093230,29597935,29597935,414991,752,0,0
C033763,2832130,33985560,1289854,15478248,93414630,48512247,43057881,439401,848,0,0
C033764,3889595,46675140,2155048,25860576,94013810,95172437,74443202,662554,839,0,0
C033765,3015594,36187128,760928,9131136,66206901,68748128,66200495,635627,819,0,0
C033766,2356447,28277364,1547768,18573216,40534625,26416766,26416766,50000,778,0,0
C033767,1978336,23740032,806567,9678804,87287841,17541715,11989978,156536,887,0,0
C033768,7728708,92744496,3841471,46097652,316241419,59517231,22137953,461390,840,0,0
C033769,1800000,21600000,759674,9116088,30391988,28365690,23164072,88583,884,0,0
C033770,2944737,35336844,859549,10314588,92228544,77943687,69742712,725691,771,0,1
C033771,6179035,74148420,3261398,39136776,234444667,111611062,87485740,417245,818,0,0
C033772,4732854,56794248,2660549,31926588,502832503,129171833,106657493,988950,811,0,0
C033773,7760793,93129516,3600283,43203396,83006149,218665200,218665200,2177214,729,1,1
C033774,4789169,57470028,2512407,30148884,222109525,50915484,49911125,642989,811,0,0
C033775,4909198,58910376,3077149,36925788,662045654,89778874,70249997,323839,731,0,0
C033776,3539743,42476916,2079713,24956556,594676824,26065918,12836376,354067,860,0,0
C033777,3426854,41122248,2918279,35019348,65894483,36462928,18273505,80890,810,0,0
C033778,4392493,52709916,3409770,40917240,60862721,38791408,25681140,87850,811,0,0
C033779,5178773,62145276,3007314,36087768,136615511,88357213,55295538,307718,751,1,0
C033780,4701495,56417940,2770376,33244512,77953548,25183221,25183221,263352,770,0,0
C033781,6182561,74190732,3505236,42062832,312375499,167767426,124767676,1010318,762,0,0
C033782,5813454,69761448,2075321,24903852,149534578,76815820,52347689,352386,789,0,0
C033783,12000000,144000000,8346011,100152132,224077612,112333692,106799680,939305,862,0,0
C033784,4291868,51502416,1867067,22404804,205452482,49194793,15995309,299889,754,0,1
C033785,5954359,71452308,2569999,30839988,246472858,30539689,30539689,548899,697,0,0
C033786,2875410,34504920,1192211,14306532,91991569,45259254,39510040,357731,777,0,0
C033787,3504657,42055884,1908469,22901628,119193339,66022720,58708056,594890,803,0,0
C033788,3810306,45723672,1755649,21067788,191382555,85963388,70287228,704168,648,0,0
C033789,4044519,48534228,2469728,29636736,371179916,51171978,38034785,195693,812,0,0
C033790,3147348,37768176,1154408,13852896,121440118,89804575,83383392,538855,729,0,1
C033791,4536654,54439848,2965513,35586156,273592366,54453307,54453307,535913,835,0,0
C033792,3138468,37661616,1473893,17686716,428551237,28420773,12771909,193840,734,0,0
C033793,5038226,60458712,2502212,30026544,195893574,77795229,49425291,246180,791,0,0
C033794,7336574,88038888,4065496,48785952,395842554,166948570,139967323,1771188,698,1,0
C033795,3122967,37475604,1991238,23894856,34944269,19558062,14968628,283902,751,0,0
C033796,2056898,24682776,839497,10073964,105904852,16421733,16421733,246188,831,0,0
C033797,3186418,38237016,1887496,22649952,55856695,17806246,17150895,287747,785,0,1
C033798,4452818,53433816,1969624,23635488,78636854,42583656,35728765,345879,860,0,0
C033799,3048472,36581664,1632704,19592448,63587231,46120041,28041864,443691,742,0,0
C033800,2820502,33846024,1667932,20015184,120820852,43269940,25471932,95254,760,0,0
C033801,3006827,36081924,751707,9020484,186546663,41483497,41483497,331679,798,0,0
C033802,2073009,24876108,1246278,14955336,115752033,19340695,5927875,79410,845,0,0
C033803,5871664,70459968,2642129,31705548,301347297,61795582,61795582,850400,723,0,0
C033804,4969270,59631240,3322200,39866400,438922393,31414187,25628437,481417,779,0,0
C033805,2290343,27484116,1214306,14571672,96344616,12646965,12646965,193052,833,0,0
C033806,3743247,44918964,2499681,29996172,335799587,40436692,31081899,283273,816,0,0
C033807,4430310,53163720,2378799,28545588,209314010,57881724,40140731,766640,770,0,0
C033808,1827730,21932760,949774,11397288,74602985,18362365,10249302,56282,779,0,0
C033809,2779287,33351444,1317740,15812880,104766768,31229406,21940591,305498,748,0,0
C033810,2752989,33035868,920969,11051628,44468159,34630048,30834881,384804,863,0,0
C033811,5011961,60143532,2426619,29119428,289109185,21739324,8522074,100239,842,1,0
C033812,1800000,21600000,954499,11453988,35401618,37722640,31999989,165066,680,0,0
C033813,3879068,46548816,2108205,25298460,269482049,62513796,48740305,446160,754,0,0
C033814,3176407,38116884,2878478,34541736,73454999,14394323,14110158,163717,710,0,0
C033815,4986373,59836476,2656364,31876368,283264966,25576153,13154173,370495,817,0,0
C033816,1892708,22712496,1009321,12111852,54955262,16183321,16183321,164003,832,0,0
C033817,3952534,47430408,2315503,27786036,80070689,57156168,57156168,405180,847,0,0
C033818,3977255,47727060,1044239,12530868,47119249,205973979,205973979,1469172,755,0,1
C033819,6055199,72662388,2641133,31693596,308783112,47803351,25604406,121104,753,0,0
C033820,3988189,47858268,2488259,29859108,245734923,54115170,39115646,450639,747,0,0
C033821,5241176,62894112,3656750,43881000,127320497,91205849,79379323,672217,750,0,1
C033822,5871597,70459164,3318533,39822396,336775907,168891024,139265166,1056609,788,0,0
C033823,3120588,37447056,2036858,24442296,100743043,21561946,6112542,62412,749,0,0
C033824,1800000,21600000,628915,7546980,163498626,9346797,9346797,146479,807,0,0
C033825,6224857,74698284,3360723,40328676,503507015,336142278,336142278,2673447,734,0,1
C033826,3294651,39535812,2619011,31428132,99687802,33015649,25265380,154093,855,0,0
C033827,5836946,70043352,3857934,46295208,606276835,130832151,96374576,1171512,804,0,0
C033828,2722234,32666808,1190861,14290332,203791039,27196282,20450310,87464,855,0,0
C033829,2743095,32917140,1730513,20766156,204855149,54073923,35187179,352801,755,0,0
C033830,6552677,78632124,3969419,47633028,761312930,68073587,36670199,131054,821,0,0
C033831,3300247,39602964,2767728,33212736,221248376,16604091,16604091,74044,693,0,0
C033832,2341945,28103340,1555163,18661956,56166974,28202151,23624132,236428,729,0,0
C033833,5705597,68467164,2744544,32934528,70765313,41760090,38329349,560934,834,0,0
C033834,2086173,25034076,1186832,14241984,123235104,21483475,21483475,222438,723,0,0
C033835,5419756,65037072,4331595,51979140,92044230,13967605,13967605,324897,748,0,0
C033836,1902140,22825680,1419308,17031696,196755343,11416160,8726542,79530,845,0,0
C033837,4822573,57870876,3091847,37102164,232990034,42732407,25053006,433454,771,0,0
C033838,4620652,55447824,3140998,37691976,86219192,73072449,36031388,608472,661,0,1
C033839,6264785,75177420,2340692,28088304,183773876,100347451,86512966,998349,833,0,0
C033840,3649440,43793280,2641557,31698684,124910441,80856991,62234742,500251,758,0,0
C033841,3818834,45826008,2700939,32411268,641564112,52012501,52012501,447441,730,0,0
C033842,4052228,48626736,2067492,24809904,93959579,33175309,26826984,345853,781,0,0
C033843,5996531,71958372,4547103,54565236,362306079,104173200,68932550,908330,627,1,1
C033844,6307614,75691368,4772892,57274704,167536090,79296604,67595429,626819,740,1,0
C033845,5174866,62098392,4581152,54973824,211465104,39258884,26482244,411986,769,0,0
C033846,2889157,34669884,2382394,28588728,33286325,23470758,22161515,182000,771,1,0
C033847,3121265,37455180,1093127,13117524,159826995,67316907,62898327,576757,747,0,0
C033848,3605974,43271688,2996973,35963676,193334274,110328834,81530471,482894,751,0,0
C033849,4301769,51621228,2348761,28185132,722697192,110372849,72796133,624788,719,0,0
C033850,4285792,51429504,3218815,38625780,74917024,73116077,54571666,559430,869,0,0
C033851,12000000,144000000,6412636,76951632,1298677508,323070878,280201690,1742597,777,0,0
C033852,4620875,55450500,2221834,26662008,72284967,29178112,28207622,110878,822,0,0
C033853,4231082,50772984,2422610,29071320,56654263,139109720,114254935,710258,726,0,0
C033854,6037999,72455988,2610652,31327824,568472658,73291908,45643017,496027,789,0,0
C033855,3969753,47637036,1754522,21054264,157554924,92176205,73998631,497508,790,0,0
C033856,2194275,26331300,1366701,16400412,251497482,15207861,12182418,178947,733,0,0
C033857,4388837,52666044,2576399,30916788,63757808,66485124,13119763,205325,765,0,0
C033858,4614728,55376736,2801792,33621504,131533459,55849707,35478830,526851,798,0,0
C033859,3219896,38638752,1973856,23686272,204383658,62444015,49865459,324383,766,1,0
C033860,3033969,36407628,1702947,20435364,124451243,27800976,16076667,60679,838,0,0
C033861,5912521,70950252,4335220,52022640,177589089,103709661,79071717,370411,738,0,0
C033862,3824039,45888468,1770519,21246228,154815443,43619384,31227343,362920,733,0,0
C033863,4962271,59547252,2680975,32171700,43605240,53575500,29388469,488392,747,0,0
C033864,4905914,58870968,2345364,28144368,328391678,37242087,16583545,411735,799,0,0
C033865,3087671,37052052,1076755,12921060,206225673,35560540,19264550,273717,793,0,0
C033866,3480467,41765604,1723829,20685948,584718456,95830472,78008187,614902,827,0,0
C033867,6867375,82408500,4411316,52935792,952085305,53422424,47715085,531351,829,0,0
C033868,8222585,98671020,5043515,60522180,920415804,42887379,32097306,746613,876,0,0
C033869,4920218,59042616,2769319,33231828,254201479,46583762,31134749,609793,841,0,0
C033870,4414393,52972716,1848759,22185108,741618024,45321270,39285180,486381,785,0,0
C033871,2951596,35419152,1977874,23734488,124233766,78842985,68905160,612001,732,0,0
C033872,4076910,48922920,3366628,40399536,145264880,49566034,31244029,172351,797,0,1
C033873,4539423,54473076,2674902,32098824,675187470,70066497,63560768,701140,699,0,0
C033874,5136662,61639944,3512448,42149376,133194981,12040432,12040432,266743,866,0,0
C033875,4162053,49944636,1699293,20391516,293021539,51428223,37609926,380169,740,0,0
C033876,5271041,63252492,3036549,36438588,357900737,38083499,23025535,389060,738,1,0
C033877,3861034,46332408,2427342,29128104,351703660,50179390,49122164,289095,749,0,0
C033878,3528890,42346680,2603878,31246536,64032337,44953631,32222200,430869,679,1,0
C033879,4548446,54581352,2473113,29677356,764138928,25411981,25411981,217014,843,0,0
C033880,3096253,37155036,2156928,25883136,14071855,27380720,17346724,260787,808,0,0
C033881,3970706,47648472,2530173,30362076,119395459,32296691,21021207,227295,859,0,0
C033882,6935626,83227512,3282869,39394428,149913633,34371338,33183540,533912,876,0,0
C033883,6660022,79920264,3000675,36008100,100424580,40376444,36049955,212781,840,0,0
C033884,3883491,46601892,2086484,25037808,116785982,34535530,15131326,307903,763,1,0
C033885,1906830,22881960,849698,10196376,133858629,27954681,27954681,267469,771,0,0
C033886,2553619,30643428,752993,9035916,68303714,38870721,38870721,243449,829,0,0
C033887,6533181,78398172,5079754,60957048,418624339,86819873,86819873,272603,654,1,1
C033888,4642881,55714572,3543212,42518544,228367743,119810117,87160917,325936,762,1,0
C033889,3428010,41136120,1265555,15186660,208139474,102418939,102418939,589036,797,0,0
C033890,1905851,22870212,1256422,15077064,31940074,22077087,20780607,216832,789,0,0
C033891,8378253,100539036,6960254,83523048,444026574,23650800,23650800,414687,763,0,0
C033892,7957572,95490864,5581169,66974028,256368788,86296940,52868513,665592,820,0,0
C033893,5649609,67795308,3045965,36551580,178200793,59280426,33630082,185973,868,0,0
C033894,2995097,35941164,1418766,17025192,329115365,59593048,48514998,433730,930,0,0
C033895,5854243,70250916,3628218,43538616,447079354,91809556,89534963,786379,911,0,0
C033896,6486677,77840124,3744948,44939376,235068184,133935335,114444374,1199495,766,0,0
C033897,2810465,33725580,1710499,20525988,133660056,12170576,7425384,56209,863,0,0
C033898,1800000,21600000,1572534,18870408,156697626,29513518,15127578,299481,748,0,0
C033899,4264212,51170544,3392544,40710528,63285719,50709379,30967925,534695,690,1,0
C033900,4818942,57827304,2925654,35107848,52771829,40045280,35429668,543526,788,0,0
C033901,5274300,63291600,3333252,39999024,304390971,72109277,64164231,734816,758,0,0
C033902,2780874,33370488,1667372,20008464,80795190,58628472,33331539,435261,744,0,0
C033903,2561082,30732984,1130149,13561788,90180628,20838586,12725397,51222,782,0,1
C033904,4309753,51717036,2987993,35855916,103854334,46916678,41198760,442709,815,0,0
C033905,3928148,47137776,1535751,18429012,49134465,43467918,24796479,469900,758,0,0
C033906,3434664,41215968,2689773,32277276,357608770,39184991,15437400,250890,672,0,0
C033907,1934149,23209788,1396677,16760124,324937032,26632599,17516609,153187,782,0,0
C033908,3665361,43984332,2226397,26716764,139072788,102806235,102806235,823324,808,0,0
C033909,2674198,32090376,2017269,24207228,98845342,56822177,42134539,227924,806,0,0
C033910,5350237,64202844,1911132,22933584,347984689,86867812,67775284,923569,758,0,0
C033911,3505382,42064584,2331108,27973296,190561009,20544224,14691155,205912,825,0,1
C033912,8753486,105041832,4099441,49193292,117047584,36266982,30050868,1037613,781,0,0
C033913,2260274,27123288,1418541,17022492,45832129,30379935,18259728,196736,752,0,0
C033914,3283285,39399420,1845730,22148760,93188397,50652096,41865665,294745,849,0,0
C033915,5898636,70783632,3716063,44592756,88992504,45406443,32818333,391809,883,0,0
C033916,4759569,57114828,3076248,36914976,474829735,102338521,85984080,718191,786,0,0
C033917,6625150,79501800,2740902,32890824,285843625,33769032,16753350,392003,665,0,0
C033918,6067108,72805296,4103762,49245144,102119256,87998629,80767089,694506,854,0,0
C033919,3814851,45778212,2230859,26770308,57802339,50862002,41495129,792007,751,1,0
C033920,4878981,58547772,3207985,38495820,210551869,49091160,43386167,611241,760,0,0
C033921,4660011,55920132,2572359,30868308,252220149,54877978,43795059,639470,785,1,0
C033922,4593765,55125180,1163627,13963524,228808084,38011968,28653576,317528,914,0,0
C033923,6430978,77171736,4402782,52833384,190622877,91868101,63187117,506181,833,0,0
C033924,4383723,52604676,1993874,23926488,176987861,57779097,37836695,478759,716,0,0
C033925,3997823,47973876,2146746,25760952,397518556,42573683,42573683,498488,852,0,0
C033926,5193058,62316696,2394193,28730316,199071149,72593804,60642230,682693,864,0,0
C033927,6859218,82310616,4186094,50233128,240107645,143635374,127172622,663147,792,0,0
C033928,4021925,48263100,3331648,39979776,139987628,46781125,26578557,116613,794,0,0
C033929,4800509,57606108,3108369,37300428,77391133,66734145,66734145,665527,750,0,0
C033930,3448830,41385960,2006599,24079188,144805239,75032691,67572449,483087,794,0,0
C033931,4383988,52607856,2731387,32776644,97258291,84163079,69395419,694863,731,1,1
C033932,4620136,55441632,2376715,28520580,57291808,122190018,112224098,723602,814,0,0
C033933,1800000,21600000,741191,8894292,27584674,11885592,11885592,164679,791,0,0
C033934,2761736,33140832,1530749,18368988,321816089,23706137,9200668,202480,776,1,0
C033935,5191768,62301216,3295478,39545736,312071682,57602476,28523446,611687,698,2,1
C033936,6732830,80793960,6725465,80705580,396204042,93059178,69742286,462298,667,0,0
C033937,8742209,104906508,5102227,61226724,372788746,86372799,72418566,830616,687,0,0
C033938,3836031,46032372,1796972,21563664,91482844,38581354,27286949,128490,788,0,0
C033939,3821666,45859992,2727898,32734776,231084513,14968156,14968156,315005,809,0,0
C033940,6318812,75825744,3619389,43432668,260039140,13513120,13513120,126376,813,0,0
C033941,3759652,45115824,2131835,25582020,364754371,39605920,22485901,294817,817,0,0
C033942,4720956,56651472,3356705,40280460,223009368,25873556,25873556,598499,745,0,0
C033943,5428732,65144784,3774323,45291876,465028037,86639412,57616828,108575,748,0,0
C033944,3213337,38560044,2430021,29160252,76615275,52306227,28499893,374763,791,0,0
C033945,2013519,24162228,1426341,17116092,71103979,10248742,7968998,83727,787,0,0
C033946,2419145,29029740,1411121,16933452,54596290,19545007,8151562,184681,768,1,0
C033947,5107259,61287108,2463682,29564184,177513895,30648860,23555310,415774,745,1,0
C033948,5465519,65586228,4016195,48194340,109406795,44443269,15720827,652071,669,0,0
C033949,2240524,26886288,1968546,23622552,179260363,22630808,20404016,229901,673,2,0
C033950,3251679,39020148,2105237,25262844,132333853,30584008,30584008,174606,830,0,0
C033951,3054697,36656364,1687835,20254020,261979154,17187016,16720221,61094,828,0,0
C033952,5494688,65936256,2707219,32486628,75572244,39856438,39856438,375481,810,0,0
C033953,4646240,55754880,3147055,37764660,59888961,69648061,55647404,157191,705,0,0
C033954,5191878,62302536,4201913,50422956,171720520,57607937,28805769,403281,644,0,0
C033955,3008236,36098832,1708491,20501892,195016755,30631242,16069621,239030,856,0,0
C033956,4089892,49078704,1740586,20887032,71725720,90891335,68481818,288545,814,0,0
C033957,3836251,46035012,2023819,24285828,91134803,74118434,41704110,348383,756,0,0
C033958,5472230,65666760,2781382,33376584,63247825,13067812,12882237,109445,792,0,0
C033959,3412251,40947012,1432271,17187252,360567749,38477395,19795981,313325,779,1,0
C033960,4030312,48363744,2052906,24634872,59105730,36565014,36565014,211218,835,0,0
C033961,1800000,21600000,1631281,19575372,73752393,20564184,19590013,208146,671,0,0
C033962,5017312,60207744,1554588,18655056,173291451,25318677,25318677,255959,726,0,0
C033963,1990439,23885268,883428,10601136,53269413,9489916,9489916,145583,837,0,0
C033964,8333327,99999924,5386697,64640364,1399998936,62449841,58444921,783728,806,0,0
C033965,1800000,21600000,1553028,18636336,117574577,21600207,15742398,137175,694,0,0
C033966,12000000,144000000,8914817,106977804,498643398,95329646,49159058,789034,730,0,0
C033967,6642659,79711908,3045821,36549852,288194237,46188305,19659987,337200,747,0,0
C033968,8207115,98485380,6387513,76650156,537220529,232502985,186729281,1411176,744,0,1
C033969,2094262,25131144,1296933,15563196,78612498,34692491,34519722,402022,696,0,0
C033970,4393594,52723128,2779570,33354840,293291055,24069053,10297699,439851,870,0,0
C033971,3234951,38819412,2151695,25820340,39731593,190487539,174687354,1224426,657,0,1
C033972,3547462,42569544,1796168,21554016,382654377,73612100,73612100,668351,725,0,1
C033973,5726270,68715240,4210889,50530668,133171094,233444470,205093162,1698298,648,2,1
C033974,2068530,24822360,1106257,13275084,91855359,12678430,7509737,110981,894,0,0
C033975,2773718,33284616,1955600,23467200,232569123,34750512,24714013,218647,829,0,0
C033976,2956506,35478072,1792912,21514944,124136565,47447602,45946540,465356,776,0,0
C033977,6767361,81208332,4543177,54518124,838817420,187534991,157061824,1476002,886,0,0
C033978,7845083,94140996,7044858,84538296,299770976,99209683,77946472,534509,856,0,0
C033979,4856141,58273692,2824177,33890124,558611673,48803958,21061111,97123,775,0,0
C033980,2574185,30890220,977807,11733684,260483950,54712302,49004016,463369,838,0,0
C033981,3116991,37403892,1864676,22376112,70272539,78815631,70448687,350151,748,0,0
C033982,2418892,29026704,2027450,24329400,74361861,45373268,31271265,544590,663,0,1
C033983,5272810,63273720,1680112,20161344,80652231,32375347,20017874,154722,767,0,0
C033984,2641549,31698588,1720113,20641356,69821789,18369135,11807014,84098,726,0,0
C033985,3177298,38127576,2032096,24385152,154655137,59713792,44011695,438039,768,0,0
C033986,3575524,42906288,1519347,18232164,146900643,48367435,34977088,567506,831,0,0
C033987,2906612,34879344,1889609,22675308,122488768,46865011,40700914,450093,638,1,0
C033988,3845813,46149756,2010342,24124104,415652177,20598747,16615781,212836,795,1,0
C033989,2183713,26204556,1435352,17224224,145208944,16698065,13332905,206443,834,0,0
C033990,4033763,48405156,2616008,31392096,127221398,62872970,62872970,301906,820,0,1
C033991,9995588,119947056,5502839,66034068,797067275,99031329,51251661,1291599,749,0,0
C033992,3498912,41986944,2339889,28078668,586654128,37487243,16082505,254944,697,0,0
C033993,5184335,62212020,2930490,35165880,227286237,37206102,29494613,103687,828,0,0
C033994,4632862,55594344,2383125,28597500,190020187,65234185,65234185,699935,805,0,0
C033995,5007360,60088320,2817354,33808248,73138802,70357533,64956281,173845,808,0,0
C033996,2563556,30762672,1389815,16677780,80851728,18677011,17982379,229988,790,0,0
C033997,4293557,51522684,2495953,29951436,54025210,74598381,66973024,569978,839,0,0
C033998,2335360,28024320,1588905,19066860,139719675,11398548,6620433,72180,786,0,0
C033999,1800000,21600000,735689,8828268,146421413,17035234,17035234,225180,874,0,0
C034000,3721601,44659212,1632515,19590180,33831452,68294071,46170449,323246,712,0,0
C034001,1800000,21600000,847570,10170840,37405614,20855426,14139355,176402,834,0,0
C034002,8247727,98972724,4325058,51900696,214918358,183950823,163309462,1449285,825,0,0
C034003,4952079,59424948,3663257,43959084,170543138,78841400,75368288,929519,658,0,0
C034004,5705687,68468244,4505030,54060360,407097692,53911725,36385502,161511,746,0,1
C034005,6090894,73090728,2984290,35811480,272838625,171364515,151138042,1398895,695,1,0
C034006,4922906,59074872,3410949,40931388,151456911,43890131,35794691,247738,815,0,0
C034007,3009040,36108480,1707922,20495064,91851316,64552342,58725515,441711,773,0,0
C034008,2159582,25914984,703553,8442636,70996107,12992639,7909589,76721,832,0,0
C034009,2958346,35500152,1368133,16417596,191160065,37003565,29735082,278938,767,0,0
C034010,3626975,43523700,1603888,19246656,96574651,58090882,58090882,244068,821,0,0
C034011,4572991,54875892,2546688,30560256,101968273,22326921,18609893,340284,766,0,0
C034012,5175557,62106684,1932440,23189280,281405524,26292309,26292309,238911,858,0,0
C034013,2889158,34669896,1576217,18914604,419007506,54525624,49570663,396384,776,0,0
C034014,3108307,37299684,1713076,20556912,149162452,38423761,38423761,247479,771,0,0
C034015,2893270,34719240,1137076,13644912,46570264,18658831,16621792,402677,870,0,0
C034016,5017715,60212580,2621354,31456248,107393685,26383255,26383255,536207,756,0,0
C034017,2333084,27997008,1344954,16139448,64914873,19731507,19731507,424078,867,0,0
C034018,3307389,39688668,2493165,29917980,211771902,134574634,125804506,870950,661,0,1
C034019,4021168,48254016,2605475,31265700,225428737,21921807,18633616,345450,826,0,0
C034020,4072398,48868776,2140350,25684200,154868861,39504241,35891043,169771,803,0,0
C034021,5794281,69531372,2779897,33358764,367038643,101970538,83220254,1154420,714,0,0
C034022,3750494,45005928,2346689,28160268,334177632,44828126,21339376,506008,787,0,0
C034023,4571599,54859188,2191212,26294544,363518703,13764738,13764738,91432,763,0,0
C034024,2653868,31846416,1711649,20539788,248276014,23103934,14487078,157204,883,0,0
C034025,4113323,49359876,2150050,25800600,63395563,110887531,86171120,902935,782,0,0
C034026,4934368,59212416,2963716,35564592,53741660,31245847,28817210,253642,809,0,0
C034027,2559565,30714780,1304835,15658020,84331305,44204936,44204936,268853,805,0,0
C034028,3275339,39304068,2132439,25589268,49576289,26752165,26752165,325860,817,0,1
C034029,2659745,31916940,1725704,20708448,69356256,13090190,10668511,227874,885,1,0
C034030,2217948,26615376,1470104,17641248,150503880,79173673,70178718,582719,681,0,1
C034031,3865414,46384968,3261289,39135468,196415187,32751778,32611220,372782,727,0,0
C034032,4721394,56656728,3113650,37363800,133704061,92087696,83693003,557683,752,0,0
C034033,2886870,34642440,2133007,25596084,354193625,120879580,113072157,832816,706,0,0
C034034,4798055,57576660,3058698,36704376,214574857,75353648,59142595,269742,834,0,0
C034035,7213834,86566008,3901283,46815396,235641337,92545965,89067633,737381,844,0,0
C034036,4844765,58137180,3211419,38537028,163762009,53504716,28238393,490720,744,0,0
C034037,6217228,74606736,3360191,40322292,699575228,104165179,95726748,839026,775,0,0
C034038,3241609,38899308,2149193,25790316,104921856,11035532,11035532,64832,866,0,0
C034039,4906392,58876704,4407918,52895016,107512201,53947308,45513440,270521,812,0,0
C034040,2029076,24348912,1277504,15330048,65972777,20330991,19907534,286187,866,0,0
C034041,2493608,29923296,1591723,19100676,173755910,45481102,32765357,285230,791,0,0
C034042,5782898,69394776,3836200,46034400,316613236,31247270,20208565,492092,867,0,0
C034043,8981308,107775696,4232921,50795052,114433186,118326986,100447538,610425,818,0,0
C034044,2229849,26758188,1524240,18290880,105027240,59402414,57442746,383332,791,0,0
C034045,6123817,73485804,2980344,35764128,359012175,75509343,54992719,269991,817,0,0
C034046,2843712,34124544,1714080,20568960,131437316,36916067,25180211,287068,851,0,1
C034047,2727804,32733648,1994761,23937132,168896046,36034046,20349733,409833,740,0,1
C034048,6515602,78187224,5182449,62189388,159889938,74525040,69713180,1015055,755,2,0
C034049,4312987,51755844,1109801,13317612,234263937,38509536,38509536,275427,799,0,0
C034050,4118389,49420668,1682185,20186220,200693968,20382650,8854840,129766,834,0,0
C034051,2600770,31209240,1041750,12501000,164414538,11003715,11003715,218632,818,0,0
C034052,6610417,79325004,3411840,40942080,153016776,91641759,65617598,1171168,702,0,0
C034053,3845129,46141548,2737910,32854920,79319339,20599878,9772360,350877,832,0,0
C034054,1800000,21600000,1537692,18452304,35222383,14370378,3921381,94088,778,0,1
C034055,2961660,35539920,2417951,29015412,94609628,56326282,39310985,452525,746,0,0
C034056,2273886,27286632,1124115,13489380,13825529,30121620,21401913,293313,741,0,0
C034057,3333303,39999636,1814683,21776196,63809925,81370835,77966321,788022,875,0,0
C034058,2530780,30369360,824973,9899676,40347546,32988919,22644223,229495,819,0,0
C034059,3190445,38285340,2048513,24582156,111997694,64553825,64553825,567766,785,0,0
C034060,6501186,78014232,4108075,49296900,152355832,278274827,238684959,1462127,733,0,0
C034061,3637907,43654884,1849311,22191732,318126536,20664910,20664910,360983,819,1,0
C034062,4346130,52153560,1206177,14474124,54117543,99722181,60099086,528434,693,1,0
C034063,3644539,43734468,1609851,19318212,235296803,53077362,45465794,468574,906,0,0
C034064,2843334,34120008,1452810,17433720,152436225,80473486,67019933,743385,734,0,0
C034065,3248920,38987040,2998023,35976276,123796782,58554216,58554216,522381,710,0,0
C034066,3784424,45413088,1878205,22538460,175211785,24195792,20526195,343521,752,0,0
C034067,4702781,56433372,2894576,34734912,164218822,63257712,53932755,507016,725,0,0
C034068,3471720,41660640,2381539,28578468,62416581,35066339,19019642,342322,842,0,0
C034069,2469153,29629836,1741769,20901228,31579547,20029142,9990750,96338,768,0,0
C034070,2271439,27257268,1756866,21082392,48315442,31067209,19695102,211019,818,0,0
C034071,5562375,66748500,3809839,45718068,190544552,67554295,59746178,238365,780,0,0
C034072,2031143,24373716,1025488,12305856,85949685,29043316,24095944,232897,883,0,0
C034073,7355846,88270152,3629049,43548588,313214317,68766273,39880781,817021,805,0,0
C034074,2747611,32971332,1770080,21240960,64524524,57555141,44687343,281658,746,1,1
C034075,3495255,41943060,1486427,17837124,71144787,65065558,51460923,523322,722,0,0
C034076,5669380,68032560,2396888,28762656,257154834,306146520,306146520,1981579,647,0,0
C034077,4007751,48093012,2005016,24060192,77958056,149374173,136463020,892680,784,0,0
C034078,4983132,59797584,2874353,34492236,158436587,141726589,126061095,763857,699,0,0
C034079,4068942,48827304,1558659,18703908,83307526,35718155,35718155,235056,904,0,0
C034080,3505526,42066312,1797566,21570792,120245891,102035686,98758329,668535,843,0,0
C034081,3682676,44192112,2343616,28123392,140998955,105265294,85803845,730394,790,0,0
C034082,5621187,67454244,3247143,38965716,265360782,62820816,48336336,349973,911,0,0
C034083,4288795,51465540,2344355,28132260,188538452,54488809,31349170,537642,770,0,1
C034084,2524940,30299280,1528371,18340452,48497762,32513671,28219162,271522,725,0,0
C034085,3066744,36800928,1273750,15285000,138614596,30038234,19546640,235737,890,0,0
C034086,3500581,42006972,1313288,15759456,277828414,52130044,52130044,603733,813,1,0
C034087,4044807,48537684,2691688,32300256,269189268,59927935,37629388,622299,682,0,0
C034088,2988065,35856780,1661091,19933092,238487554,74068848,66748915,582466,746,0,0
C034089,3656489,43877868,2027611,24331332,162074578,24396648,20410473,320221,869,0,0
C034090,3161499,37937988,1424297,17091564,134219380,65954320,55561166,486598,717,0,0
C034091,3805806,45669672,2598614,31183368,130759565,38532799,38139447,471832,784,0,0
C034092,2035775,24429300,821982,9863784,114547426,26828539,26828539,64475,832,0,0
C034093,2343636,28123632,1066110,12793320,53814447,36063905,25298184,188103,776,0,0
C034094,4707986,56495832,2167419,26009028,551706626,96444916,87120985,983407,805,0,0
C034095,2969265,35631180,1610385,19324620,112867077,28859791,14436624,236840,743,0,0
C034096,3989617,47875404,1518275,18219300,155232487,74531711,56612271,609498,797,1,0
C034097,7218460,86621520,5187218,62246616,254671256,161570299,116417474,784297,724,0,0
C034098,2330537,27966444,935317,11223804,75025276,23226730,23226730,380504,809,0,0
C034099,4312789,51753468,2710810,32529720,378203081,46291510,32672634,496747,820,0,0
C034100,7951618,95419416,4286909,51442908,362320986,450652293,429387372,2796285,691,0,0
C034101,4731052,56772624,2095377,25144524,233066426,72917599,72917599,743821,725,0,0
C034102,1922341,23068092,1254866,15058392,77382839,22470979,20218990,168456,716,0,0
C034103,4375439,52505268,3326775,39921300,203732083,98248069,85592502,819418,652,1,0
C034104,4031897,48382764,1846151,22153812,145505213,20938082,20938082,445067,797,0,0
C034105,3980661,47767932,2593895,31126740,202473492,56142773,27823587,278353,773,0,0
C034106,1800000,21600000,877245,10526940,194556448,16212610,16212610,180940,756,0,0
C034107,3366367,40396404,2106084,25273008,75470571,31731241,26504761,280551,731,1,1
C034108,4796584,57559008,3132240,37586880,394941556,65417343,39550580,705841,686,1,0
C034109,2276073,27312876,1694422,20333064,127257322,24477098,13763289,167280,812,0,0
C034110,3747834,44974008,1539649,18475788,58398669,44142936,29464112,155847,817,0,0
C034111,5338448,64061376,3281417,39377004,436285300,68936443,42027337,247893,792,1,0
C034112,7500531,90006372,4565372,54784464,327437758,55505616,24920650,150011,780,0,0
C034113,3793419,45521028,2627915,31534980,83538813,47524995,28652601,136958,755,0,0
C034114,3227779,38733348,1333942,16007304,90643147,30836748,18343416,86706,855,0,0
C034115,4060262,48723144,2691695,32300340,58276133,51114929,25733501,414062,636,1,0
C034116,4405231,52862772,2440934,29291208,84489150,56296459,44673378,527538,808,0,0
C034117,3690211,44282532,1911653,22939836,121345104,41097606,39779472,481017,700,1,0
C034118,3171802,38061624,1272706,15272472,114861920,27988955,11104183,126745,782,0,0
C034119,4238127,50857524,1911828,22941936,107863022,44296061,20960258,441730,779,0,0
C034120,3329921,39959052,1132853,13594236,86422248,37018564,25914179,271510,913,0,0
C034121,3103418,37241016,1463967,17567604,69392901,51860581,43813470,322508,832,0,0
C034122,4819013,57828156,2088027,25056324,691269704,49097696,22495632,315975,779,0,0
C034123,2287186,27446232,1314654,15775848,56848705,18918251,9595439,226431,690,0,0
C034124,5032691,60392292,2209793,26517516,42411284,30582740,30582740,295884,848,0,0
C034125,4930467,59165604,2877429,34529148,355429479,58842779,29183369,365478,788,0,0
C034126,1800000,21600000,1456817,17481804,34488748,21094379,16247786,261202,835,0,0
C034127,5218903,62626836,3246141,38953692,424380464,50569028,31806900,470337,689,0,0
C034128,3725581,44706972,2349192,28190304,104873614,18731121,18731121,74512,817,0,0
C034129,3208312,38499744,2172665,26071980,519321849,31399869,28274514,84529,791,0,0
C034130,3262739,39152868,1448555,17382660,154951742,38550526,34769678,201950,901,0,0
C034131,4701944,56423328,3697080,44364960,52343293,127717624,122304219,1048569,682,1,1
C034132,4173745,50084940,3696217,44354604,346364901,204603566,187188143,1134612,722,0,0
C034133,7757132,93085584,5117312,61407744,634008972,209666784,178855860,1562717,699,0,0
C034134,4466635,53599620,1641534,19698408,330013586,57164735,34975390,445022,770,0,0
C034135,3858621,46303452,2078143,24937716,91077525,30672052,26248925,629955,812,0,0
C034136,7908470,94901640,4080661,48967932,458147241,237109238,205611827,1411149,774,0,0
C034137,3816861,45802332,2643521,31722252,125663615,25735930,24811397,369175,685,2,0
C034138,4806238,57674856,2137289,25647468,214903209,259536852,259536852,1689932,731,0,0
C034139,4782137,57385644,2507408,30088896,79815767,65179638,59714444,623340,749,0,0
C034140,3696843,44362116,2357043,28284516,194622575,76960568,56421231,487371,774,0,0
C034141,9188307,110259684,7507599,90091188,851546825,134818613,92811836,1419521,741,0,1
C034142,5963896,71566752,3345323,40143876,150568034,18956731,18956731,189920,853,0,0
C034143,5574269,66891228,3380990,40571880,290119609,88059110,25992584,807677,738,0,0
C034144,3059397,36712764,2069922,24839064,86201418,9170579,7463727,317418,896,0,0
C034145,4050948,48611376,2588067,31056804,35024150,93287068,74349951,576118,730,0,1
C034146,5527922,66335064,3444656,41335872,251193847,73602544,64219752,766258,767,0,0
C034147,3173235,38078820,1759222,21110664,337634681,33806447,19421686,332389,835,0,0
C034148,2667894,32014728,2140661,25687932,235400694,35709096,27201569,142151,728,0,0
C034149,7076712,84920544,5125243,61502916,1188887616,125379279,115023399,716575,738,0,0
C034150,3275909,39310908,1166411,13996932,187482060,139440246,124967647,834698,759,0,1
C034151,1919938,23039256,1407845,16894140,63636936,12228369,6826962,131555,795,0,0
C034152,5356071,64272852,3834390,46012680,191560345,134841085,100255465,888323,659,0,0
C034153,2776549,33318588,1926761,23121132,90242452,38635612,22735014,151860,671,0,0
C034154,6857173,82286076,4252098,51025176,113697321,91791142,25413676,505394,775,0,0
C034155,1800000,21600000,1118685,13424220,58916606,25459251,25459251,284076,804,0,0
C034156,3575277,42903324,2462497,29549964,75987049,36600735,26864448,227132,786,0,0
C034157,2569560,30834720,1947293,23367516,50987982,38068207,28325307,322710,786,0,0
C034158,3377659,40531908,2253035,27036420,24115687,7111174,6647283,258611,725,0,0
C034159,3430079,41160948,1346056,16152672,149966177,31421440,18300273,276860,846,0,0
C034160,3621221,43454652,2219034,26628408,86060422,37730086,20504756,274601,724,0,0
C034161,4350284,52203408,3735776,44829312,196538016,51636470,36842076,205373,806,1,0
C034162,1870932,22451184,869707,10436484,66584817,24914477,15278689,192041,780,0,0
C034163,6510314,78123768,4198818,50385816,231621224,146340207,109777964,829908,779,1,0
C034164,2742863,32914356,1397074,16764888,220733628,75917992,69042454,431682,645,0,0
C034165,1800000,21600000,874903,10498836,31261305,58575060,54445909,320128,762,1,0
C034166,2207354,26488248,811921,9743052,141046403,12795485,10856123,168451,863,0,0
C034167,1904135,22849620,711824,8541888,50543005,48492815,48492815,306745,700,2,0
C034168,3612104,43345248,1313920,15767040,231825920,36555701,24711102,117942,840,0,0
C034169,3785439,45425268,2423316,29079792,150071244,111128540,92919881,604080,711,0,0
C034170,1939673,23276076,874423,10493076,98074046,19990801,17625225,164799,768,1,0
C034171,5191984,62303808,2034196,24410352,163055875,138620044,113268549,923222,728,0,0
C034172,1800000,21600000,929033,11148396,97762441,32760434,30707325,292106,742,0,0
C034173,2233613,26803356,1733152,20797824,174034923,35601449,19460815,307754,727,1,1
C034174,5496063,65952756,3072419,36869028,330180599,129420795,120831621,854682,825,0,0
C034175,6622486,79469832,5169476,62033712,230258147,194674535,175597587,1362236,647,0,0
C034176,2473981,29687772,1959979,23519748,202372869,13272817,13272817,270250,802,0,0
C034177,3924485,47093820,1613348,19360176,106744336,49555213,43517060,599855,792,0,0
C034178,2888056,34656672,2044255,24531060,60857950,79150676,79150676,680325,666,0,0
C034179,3601539,43218468,1616340,19396080,228621239,32354462,17060648,269621,885,0,0
C034180,4266508,51198096,2361345,28336140,453389775,230391432,230391432,1453899,655,0,0
C034181,2356044,28272528,859751,10317012,254517739,20104373,6199503,113400,823,0,0
C034182,4255399,51064788,1619139,19429668,155603998,19369408,19369408,192755,772,0,0
C034183,4391785,52701420,3057720,36692640,137628228,86679739,60730538,633133,613,0,0
C034184,5118709,61424508,3283166,39397992,549979346,71648529,49381867,322837,757,0,0
C034185,5136128,61633536,2697209,32366508,54114617,77180745,53479811,529577,866,0,0
C034186,5519089,66229068,2298569,27582828,131111878,112594422,112594422,463157,830,0,1
C034187,4999465,59993580,3186659,38239908,68688349,195587163,192232713,1276315,665,0,0
C034188,3064212,36770544,2167048,26004576,98821067,56962111,45111585,593809,721,0,0
C034189,3373593,40483116,2437080,29244960,162522919,18556931,15157745,156015,825,0,0
C034190,3904084,46849008,2659471,31913652,139310139,39553570,32695330,394190,777,0,0
C034191,4982523,59790276,2853281,34239372,394761803,41148725,22881219,307212,700,0,0
C034192,5111797,61341564,3331800,39981600,277447774,105362443,105362443,706425,728,0,0
C034193,3141798,37701576,2348848,28186176,125547067,32837090,19945506,462612,779,0,0
C034194,2919432,35033184,2246653,26959836,148636728,61820675,42182686,645040,668,0,1
C034195,10472921,125675052,7204988,86459856,60478788,169511691,126329678,869752,735,0,0
C034196,4257293,51087516,3984563,47814756,164807009,36709547,20919362,231732,808,0,0
C034197,2520044,30240528,1706370,20476440,100373656,34982920,27914140,196512,821,0,0
C034198,5564627,66775524,2609784,31317408,372101928,121731800,87746427,324842,690,0,0
C034199,3509736,42116832,2387121,28645452,110699929,36325561,31137425,339115,740,0,0
C034200,3311763,39741156,1900187,22802244,183639067,32091318,20424861,92183,721,0,1
C034201,2641228,31694736,1139338,13672056,80025726,77729381,76884885,525753,761,0,0
C034202,4327030,51924360,2037031,24444372,668129257,40227174,40227174,446688,736,0,0
C034203,5588490,67061880,3872536,46470432,938866320,74347000,61005950,683974,750,0,0
C034204,4897473,58769676,2251432,27017184,138294863,139800004,101937779,764627,827,0,0
C034205,2748914,32986968,1597678,19172136,102756560,19036851,11698654,172423,758,0,0
C034206,2278147,27337764,1168909,14026908,255772795,45731401,44011703,394992,797,0,0
C034207,4571828,54861936,3609278,43311336,190271348,12592821,12571298,462242,760,0,0
C034208,10477551,125730612,5837416,70048992,909141711,120468250,57775869,983802,773,0,0
C034209,3806242,45674904,2434848,29218176,142237676,33408543,24420854,105466,796,0,0
C034210,4952464,59429568,3180762,38169144,211361905,34741806,34741806,560280,804,0,0
C034211,4439885,53278620,2481486,29777832,276418785,72451815,65923574,541580,807,0,0
C034212,4142482,49709784,1289307,15471684,199224589,71177175,64187577,527588,794,0,0
C034213,6010042,72120504,4765808,57189696,126125456,25539026,17435604,816079,727,0,0
C034214,5920520,71046240,2495485,29945820,174516209,71028309,58966331,127311,915,0,0
C034215,2066101,24793212,976888,11722656,69862649,71205732,63646900,461608,786,0,0
C034216,3931075,47172900,2735566,32826792,155947179,93313098,83889680,606390,757,0,0
C034217,2462775,29553300,1134682,13616184,37409491,21109757,11013842,214432,819,0,0
C034218,2626839,31522068,1454185,17450220,370473775,39004359,39004359,451670,709,0,0
C034219,2568949,30827388,1602486,19229832,139481564,56110094,37484498,392787,721,0,0
C034220,2738955,32867460,1728073,20736876,123464090,31190495,30303090,444373,693,0,0
C034221,3385891,40630692,1609525,19314300,243054355,58465151,37253809,504525,863,0,0
C034222,4819356,57832272,2385329,28623948,466002286,29368350,29368350,556107,702,0,0
C034223,3330849,39970188,1887666,22651992,250871114,27734108,23832790,310203,857,0,0
C034224,4272213,51266556,2882841,34594092,465969253,83520082,83520082,717927,721,0,0
C034225,2274757,27297084,1446878,17362536,69600854,11905636,11905636,366100,717,1,0
C034226,6282547,75390564,3060188,36722256,164551985,67909678,34139540,657239,719,0,0
C034227,3262367,39148404,1330867,15970404,177023498,20515704,17051058,264263,838,0,0
C034228,2660870,31930440,1360318,16323816,150744669,10543522,7595370,216958,783,1,0
C034229,6299015,75588180,3756503,45078036,682576383,194568070,178127948,1092484,737,0,1
C034230,4834779,58017348,2195698,26348376,431070254,80259512,55047023,565855,878,0,0
C034231,1800000,21600000,1023216,12278592,101486933,34259968,27121422,266578,724,0,0
C034232,2616915,31402980,1149139,13789668,439641720,47058542,36054555,230821,692,0,1
C034233,4507868,54094416,2370497,28445964,275652314,40145737,32653522,313990,739,0,0
C034234,3880069,46560828,1662621,19951452,568750686,53732760,25931163,280281,794,1,0
C034235,2775849,33310188,1283164,15397968,332281545,23038199,17618310,79002,832,0,1
C034236,5698849,68386188,2685043,32220516,614535824,76274902,62850877,323937,919,0,0
C034237,5131855,61582260,1385225,16622700,250083292,54100556,32947747,480104,791,0,0
C034238,9440643,113287716,7931264,95175168,186285099,52820648,51648205,382440,782,0,0
C034239,6088187,73058244,3731777,44781324,210555434,49399876,36964342,258474,787,0,0
C034240,4678930,56147160,2713438,32561256,134145388,62216158,38941269,533033,727,0,1
C034241,2234565,26814780,2020918,24251016,97898321,12560869,12560869,104037,720,0,1
C034242,5824861,69898332,5039409,60472908,168205465,75661683,69305385,524727,775,0,0
C034243,3078183,36938196,1195060,14340720,65082290,20578764,14578018,61564,731,0,0
C034244,3022584,36271008,2541833,30501996,90393156,36787117,32566389,471362,694,0,0
C034245,5373772,64485264,3222932,38675184,199085584,73780957,61150908,593430,768,0,0
C034246,2655641,31867692,1036644,12439728,138553786,48407783,48407783,183817,678,0,0
C034247,3828875,45946500,1877729,22532748,368670917,103574343,98753760,804598,712,1,0
C034248,8724560,104694720,2979046,35748552,391309872,150462791,84775130,1016616,784,0,0
C034249,5187244,62246928,3059171,36710052,325193614,140000659,136713861,613969,784,0,0
C034250,6033571,72402852,3925495,47105940,209639437,68570988,47824775,492442,716,1,0
C034251,4638613,55663356,2533571,30402852,282111040,58595269,46698891,872198,747,1,0
C034252,5013746,60164952,1985666,23827992,351002142,110853059,95948451,470605,860,0,0
C034253,5864438,70373256,3234527,38814324,344705134,25654036,25654036,174219,910,0,0
C034254,4985798,59829576,3508805,42105660,308856186,59843634,30613992,714643,682,0,0
C034255,4461100,53533200,2446516,29358192,329349579,53066271,22964524,491169,761,0,1
C034256,4395315,52743780,2735007,32820084,310265449,126148890,126148890,1083613,812,0,0
C034257,2759025,33108300,2000046,24000552,169518900,22051974,14142034,55181,772,0,0
C034258,4301888,51622656,1381333,16575996,110853885,77222203,54363390,426812,827,0,0
C034259,6927406,83128872,2401815,28821780,330051388,88265594,54014458,850103,790,0,0
C034260,5987178,71846136,3451706,41420472,71738503,44708917,44708917,659040,850,0,0
C034261,3874792,46497504,2581684,30980208,121151355,50509967,35254037,528650,720,0,0
C034262,5876390,70516680,2413936,28967232,232663547,117996557,115111583,1258194,768,0,0
C034263,3881453,46577436,1920453,23045436,39393443,76892747,65181974,370882,753,0,0
C034264,2326698,27920376,1260565,15126780,89860825,31931299,30984307,428517,786,0,0
C034265,6818226,81818712,3574983,42899796,402648992,84159195,56245613,703760,804,0,0
C034266,3779976,45359712,2736082,32832984,292503220,49838752,26617074,248645,660,0,0
C034267,2642354,31708248,1314381,15772572,72306662,39151093,26338789,186499,846,0,0
C034268,4470384,53644608,3656733,43880796,100905728,54985067,26081785,547639,750,0,0
C034269,8505599,102067188,8055375,96664500,946917011,42036724,42036724,1195018,622,2,0
C034270,3266942,39203304,1848206,22178472,117026812,12781837,12781837,65339,795,0,0
C034271,4456528,53478336,2926583,35118996,182580178,43387525,34571191,500980,747,0,0
C034272,1906301,22875612,935571,11226852,49488415,39139260,32487073,302475,831,0,0
C034273,3938296,47259552,2581607,30979284,201013123,64172097,39092868,529168,822,0,0
C034274,2158339,25900068,934811,11217732,65784938,23244702,13192832,193501,726,0,0
C034275,5315140,63781680,2580639,30967668,181290198,96474595,89128380,747063,776,0,0
C034276,3463610,41563320,2663010,31956120,364540774,114936821,109990051,809544,653,1,1
C034277,5276332,63315984,3460710,41528520,175342872,96532934,96532934,639111,889,0,0
C034278,2141271,25695252,641642,7699704,54967805,9238873,9238873,79830,899,0,0
C034279,1800000,21600000,1105730,13268760,153810391,28634050,17893082,197303,710,0,0
C034280,5549722,66596664,2118427,25421124,628643084,35171108,34991107,225881,859,0,1
C034281,5926277,71115324,3363456,40361472,227773508,21617009,17125364,579580,817,0,0
C034282,10568049,126816588,5985888,71830656,658114731,115254600,89393947,1012336,765,0,0
C034283,5598442,67181304,3252898,39034776,392146097,85430612,48720818,400533,697,0,0
C034284,5516369,66196428,2989368,35872416,296136244,67644854,49510445,443622,739,0,1
C034285,9395811,112749732,6840386,82084632,94719004,161289721,102036122,1321050,775,0,0
C034286,4943110,59317320,2573130,30877560,597039408,48448134,42716617,415751,813,0,0
C034287,6336954,76043448,2939937,35279244,516696272,65515267,63705288,503617,814,0,1
C034288,3701436,44417232,1852879,22234548,223348142,20311817,16688644,97896,776,0,0
C034289,2028887,24346644,1033567,12402804,123110159,25024762,17911158,157137,803,0,0
C034290,2693406,32320872,1912220,22946640,98514963,75120345,61613485,388061,659,0,1
C034291,5662336,67948032,3861750,46341000,100249899,47214688,42758194,626786,784,0,0
C034292,2851471,34217652,1909059,22908708,211145492,26692272,18354806,231449,794,0,0
C034293,7327778,87933336,2756687,33080244,362475630,156110395,148413723,1282970,769,1,0
C034294,3553451,42641412,2549753,30597036,118728776,33112551,31566138,444347,699,0,0
C034295,2519985,30239820,1830664,21967968,34455713,71862041,62186707,404442,722,0,0
C034296,3624152,43489824,1953660,23443920,173303119,34182451,21770487,341274,848,0,0
C034297,3686769,44241228,1572969,18875628,83014709,61613516,46062273,300510,781,0,0
C034298,2380182,28562184,1363430,16361160,193769534,42452445,38367317,299184,840,0,0
C034299,6698894,80386728,4116449,49397388,239300089,91387351,74431479,868428,774,1,0
C034300,5281332,63375984,3216687,38600244,126394023,83614028,83614028,703259,792,0,0
C034301,5218465,62621580,3829500,45954000,239268771,21308793,21308793,416782,822,0,0
C034302,3065626,36787512,1890223,22682676,102287424,7752882,7752882,134561,807,0,0
C034303,2797001,33564012,1652542,19830504,128621042,17551914,17551914,55940,835,0,0
C034304,3195100,38341200,2018739,24224868,57504880,15476582,11862785,133162,763,0,0
C034305,2320114,27841368,1391349,16696188,167812305,67749671,63961356,469484,711,0,0
C034306,3030349,36364188,2284373,27412476,40815425,85133869,82654709,551471,815,0,0
C034307,4376815,52521780,2719846,32638152,485322198,86192171,54001431,692760,718,0,0
C034308,4509545,54114540,3465203,41582436,228079918,32964892,32964892,501236,814,0,0
C034309,4230730,50768760,2834802,34017624,402615756,61209843,56698973,656114,717,0,0
C034310,6712055,80544660,4521116,54253392,203702911,71014714,58875385,655096,678,0,0
C034311,4348503,52182036,2141031,25692372,346834269,82408323,71711673,494404,867,0,0
C034312,4155415,49864980,1491165,17893980,277905253,90961326,68522223,693770,723,0,0
C034313,3955811,47469732,3057103,36685236,110132428,44825329,37058465,599097,779,0,0
C034314,3796253,45555036,2400367,28804404,235274523,34469839,20930210,445275,806,0,0
C034315,1831922,21983064,980724,11768688,127860612,71301983,64377264,493123,829,0,0
C034316,2037486,24449832,1284251,15411012,129481256,17711975,13123253,71229,777,0,0
C034317,1800000,21600000,1408136,16897632,57817916,20874913,15929296,196319,791,0,0
C034318,3809769,45717228,2501538,30018456,83192911,17223904,11542893,288568,776,0,0
C034319,2199775,26397300,549944,6599328,136362336,18132733,18132733,102242,759,0,0
C034320,7492959,89915508,3083218,36998616,309846984,93286837,93286837,1359119,886,0,0
C034321,7167680,86012160,4074760,48897120,768860603,214560038,173480163,1599669,652,0,0
C034322,3939959,47279508,2182555,26190660,209380655,26065234,25692465,152732,807,0,0
C034323,2989398,35872776,2155578,25866936,17992177,49486231,31097018,297222,721,0,1
C034324,8606039,103272468,6973367,83680404,95545000,117322605,94981461,1024213,767,0,0
C034325,2865516,34386192,1788635,21463620,112575116,50317049,34781193,349418,775,0,0
C034326,4585209,55022508,3005038,36060456,116805860,71124197,61850319,649551,728,0,0
C034327,5429233,65150796,2441069,29292828,126009950,30993156,30993156,578625,797,0,0
C034328,3753248,45038976,3333603,40003236,110771689,80289226,64668284,533751,683,2,0
C034329,2002495,24029940,1431972,17183664,77101699,26203423,16280048,193153,795,0,0
C034330,3430701,41168412,1676596,20119152,149743286,37159037,37159037,657502,682,2,0
C034331,1800000,21600000,927089,11125068,148661114,71196381,64675303,448032,684,0,0
C034332,2121689,25460268,1198758,14385096,23857456,36489726,29015993,372750,815,0,0
C034333,5535522,66426264,3231620,38779440,167184634,110399962,83883120,824042,746,0,0
C034334,2784810,33417720,2290530,27486360,90406734,21574109,16731856,221282,765,0,0
C034335,2911876,34942512,1553611,18643332,94925451,70617453,70617453,490822,713,0,1
C034336,4608710,55304520,2759225,33110700,259582806,39428947,30137086,304213,815,0,0
C034337,3380834,40570008,1400405,16804860,28441664,25304630,24443244,193915,785,0,0
C034338,2434431,29213172,1833337,22000044,154277961,11548466,5105991,370982,808,0,0
C034339,3111141,37333692,1726656,20719872,26868980,33632726,23684812,207136,753,0,0
C034340,7666390,91996680,6218743,74624916,737876384,68222265,59625920,740681,894,0,0
C034341,4545286,54543432,3612275,43347300,90248305,49297629,27137764,255561,772,0,0
C034342,2640965,31691580,1851957,22223484,273972771,31440046,26789490,295566,794,0,0
C034343,2975892,35710704,1598730,19184760,56582519,70271995,60116933,520685,801,0,0
C034344,3696140,44353680,1279494,15353928,56610766,24904039,24904039,365059,753,0,0
C034345,3863128,46357536,3296737,39560844,196475656,39334734,23678353,261799,776,0,0
C034346,4096018,49152216,2063295,24759540,183509967,29090565,29090565,296701,816,0,0
C034347,3528127,42337524,2387876,28654512,87473441,122654119,118227203,565096,772,0,0
C034348,7586222,91034664,4042471,48509652,40211575,70270327,45368393,834928,801,0,0
C034349,3207837,38494044,2654431,31853172,538916616,35636230,25855841,327003,706,0,0
C034350,4996383,59956596,1648803,19785636,354364528,142755743,134725369,1032042,862,0,0
C034351,5179720,62156640,3184822,38217864,96374437,119768764,79399701,780901,635,0,0
C034352,3770753,45249036,2550481,30605772,306889799,46793970,32952753,270477,738,0,0
C034353,2571622,30859464,1526299,18315588,321183381,38411554,33685323,437152,676,0,0
C034354,2472638,29671656,1123441,13481292,57902071,50462858,38676154,488975,704,0,0
C034355,2232265,26787180,1735420,20825040,26247167,11054296,9655924,84283,697,0,0
C034356,2834761,34017132,2010711,24128532,45286596,16890574,15485370,213747,796,0,0
C034357,2537764,30453168,1764530,21174360,137346586,30704139,26167370,269433,714,0,0
C034358,3016501,36198012,1586627,19039524,136706559,26184217,26184217,308046,820,0,0
C034359,2895452,34745424,1978672,23744064,21220555,10839713,10839713,57909,802,0,0
C034360,3433767,41205204,1891077,22692924,231891679,45818633,37737552,404575,752,0,0
C034361,4307059,51684708,2801807,33621684,182411830,65041040,43097791,526012,779,0,0
C034362,4680320,56163840,2300740,27608880,281153022,44379073,39164079,541388,760,0,1
C034363,6305318,75663816,3303474,39641688,122044404,57455700,42132923,838537,757,0,0
C034364,3444915,41338980,2731921,32783052,57588696,24342770,24342770,86191,748,0,0
C034365,6285033,75420396,2627011,31524132,225593499,115599525,59020311,746305,820,0,0
C034366,4324418,51893016,2860811,34329732,79269646,90892611,85329204,345558,774,0,0
C034367,5579741,66956892,4761747,57140964,127304783,32361710,25115028,494452,832,0,0
C034368,3833527,46002324,2404898,28858776,265045746,25180523,25180523,428710,729,0,0
C034369,3878805,46545660,2378409,28540908,158538878,53519308,53519308,470858,767,0,0
C034370,2303866,27646392,1271204,15254448,95822467,25749215,20021842,76604,766,0,0
C034371,5261504,63138048,3504984,42059808,655709035,90048889,90048889,696716,831,0,0
C034372,3951640,47419680,1949187,23390244,131117381,31451425,22827699,309831,844,0,0
C034373,5489905,65878860,3035046,36420552,368737892,90330629,79852705,883038,729,0,0
C034374,5879076,70548912,4532594,54391128,366649536,103875148,77369617,710647,755,0,0
C034375,3770389,45244668,1566204,18794448,92698270,31900334,23989385,337369,934,0,0
C034376,3623082,43476984,2353878,28246536,52685510,142230473,135772321,971368,733,0,0
C034377,8856891,106282692,4576311,54915732,465413345,42431041,42431041,387745,880,0,0
C034378,3890098,46681176,2410613,28927356,84393638,85015475,85015475,720638,843,0,0
C034379,2050786,24609432,1181153,14173836,139138870,45249732,29432941,297916,798,0,0
C034380,2625114,31501368,1640671,19688052,97796761,41432488,40240411,215887,728,0,0
C034381,4509600,54115200,2802760,33633120,252372409,49437966,18959550,90192,800,0,0
C034382,4142741,49712892,1408387,16900644,129045433,87234113,75303136,742297,826,0,0
C034383,4192156,50305872,1402689,16832268,106742047,31602874,24870248,279329,871,0,0
C034384,3875394,46504728,2003494,24041928,113967652,69831309,51259233,378524,806,0,0
C034385,5097974,61175688,2895520,34746240,84881496,47099884,17773007,567196,679,2,0
C034386,2578338,30940056,2334783,28017396,161668907,58633645,53800887,348631,691,0,1
C034387,2746276,32955312,1378320,16539840,91234622,93794595,73824308,537340,806,0,0
C034388,4272081,51264972,2573891,30886692,218826755,62003082,54467030,685699,845,0,0
C034389,3373013,40476156,1595505,19146060,149005825,28179564,11069873,128279,777,0,0
C034390,2344916,28138992,1055361,12664332,262629303,38635270,28371707,403442,789,1,0
C034391,4139624,49675488,1922521,23070252,55502609,37638555,37638555,313047,808,0,0
C034392,4410812,52929744,2545853,30550236,701913802,31240362,31240362,292895,783,0,0
C034393,3926243,47114916,2622734,31472808,156321125,96809505,89144149,860166,668,0,1
C034394,6393086,76717032,3658847,43906164,102498998,63478629,51010918,937970,865,0,0
C034395,2730720,32768640,1580505,18966060,319487157,31412297,26905119,163071,873,0,0
C034396,2643807,31725684,1498004,17976048,105526910,26243950,26243950,342755,950,0,0
C034397,2620406,31444872,1562221,18746652,67934346,26729713,23005050,218630,679,1,0
C034398,8115659,97387908,4279195,51350340,294951748,35448941,35448941,625649,729,0,0
C034399,2956372,35476464,1566902,18802824,133114318,8214243,8214243,174920,758,0,0
C034400,4498581,53982972,1553499,18641988,122518997,40482697,36898661,376197,788,0,0
C034401,6364527,76374324,4025342,48304104,281008390,155861807,134047524,1164264,740,0,0
C034402,4953043,59436516,2216899,26602788,288951748,41957853,40650807,290597,860,0,0
C034403,4623622,55483464,2196435,26357220,464709865,108189130,108189130,581028,876,0,0
C034404,2786030,33432360,1863871,22366452,52642111,37883762,20392850,224510,790,0,0
C034405,3662399,43948788,2354795,28257540,214027232,51702181,38133396,300947,833,0,0
C034406,5805105,69661260,3223690,38684280,171668406,67012985,38466731,235420,868,0,0
C034407,7829422,93953064,4007405,48088860,206689220,97179799,97179799,737406,916,0,0
C034408,3498899,41986788,1335179,16022148,108787052,38443878,23659481,69978,827,0,0
C034409,2825509,33906108,1688337,20260044,87334124,24463665,14880953,317585,773,1,0
C034410,3651428,43817136,2268579,27222948,75388353,19902073,19902073,282193,856,0,0
C034411,2315216,27782592,1168324,14019888,84445491,21287853,15054499,80681,802,0,0
C034412,4711471,56537652,2838774,34065288,227079280,49395060,42423382,238395,734,0,0
C034413,4550706,54608472,2692167,32306004,92174428,50142824,47656537,367715,816,0,0
C034414,4520462,54245544,3819331,45831972,403891043,97711276,79856880,783963,713,0,0
C034415,4195206,50342472,2479160,29749920,143587041,44894897,42126977,371042,724,1,1
C034416,9570940,114851280,6453421,77441052,303970715,35216982,25558708,738623,750,0,0
C034417,3943961,47327532,2109504,25314048,88292879,63133465,45041415,467710,628,1,0
C034418,5380006,64560072,3482257,41787084,78690339,35787732,30034088,154636,861,1,0
C034419,3968684,47624208,1840795,22089540,64774136,48009231,48009231,247948,849,0,0
C034420,6490222,77882664,2180999,26171988,255276931,42681423,42681423,567651,824,0,0
C034421,2362568,28350816,1382836,16594032,60464819,19564946,19316324,256615,773,0,0
C034422,4551285,54615420,1987770,23853240,374303766,44495933,24455060,396721,874,0,0
C034423,2609851,31318212,1534300,18411600,145582036,39024710,31813077,394204,761,0,0
C034424,1810885,21730620,1149516,13794192,163494825,15460650,10704287,50000,759,0,0
C034425,2531843,30382116,1258425,15101100,79612927,46667035,46667035,307396,778,0,0
C034426,2904061,34848732,1798799,21585588,58902679,37894583,35542350,548143,706,0,0
C034427,3872473,46469676,2099885,25198620,179086635,31875811,24026333,124145,750,0,0
C034428,3108149,37297788,2829736,33956832,201446458,83174989,57064343,652307,813,0,0
C034429,3404179,40850148,1325500,15906000,212848698,30556856,11539405,68084,853,0,0
C034430,3052203,36626436,967298,11607576,57661720,42782798,42782798,458191,756,0,0
C034431,1800000,21600000,850097,10201164,47324146,12933154,12933154,98919,860,0,0
C034432,7825646,93907752,4509586,54115032,58166040,87359440,59668724,934859,757,0,0
C034433,6559862,78718344,3080290,36963480,341889942,59516527,29551472,668307,798,0,0
C034434,1800000,21600000,919213,11030556,103539520,9803064,7558597,80548,839,0,0
C034435,5019371,60232452,2981239,35774868,119331149,67377667,48585650,714392,893,0,0
C034436,8905713,106868556,3262663,39151956,250133330,73923144,69928697,461000,849,0,0
C034437,1989537,23874444,1111606,13339272,240493751,25218405,14375262,149449,789,0,0
C034438,6149588,73795056,4092302,49107624,73025139,47089287,31008948,799604,768,0,0
C034439,3299918,39599016,2009676,24116112,290269314,85692069,76087015,652449,723,0,0
C034440,3138758,37665096,2416561,28998732,12496923,114635247,101588470,691346,679,0,0
C034441,9593395,115120740,4982746,59792952,192877301,204760935,194585441,1907107,782,0,0
C034442,4493487,53921844,2761409,33136908,352235228,54063784,49563119,530284,740,0,0
C034443,3399177,40790124,2276280,27315360,169689135,68346047,58773067,674207,637,0,0
C034444,6460875,77530500,4449499,53393988,149189679,65584402,45483811,245127,737,0,0
C034445,6019028,72228336,4337543,52050516,595478454,24376366,21079055,480421,693,0,1
C034446,7110376,85324512,4304693,51656316,476195001,83434045,83434045,637343,828,0,0
C034447,4299116,51589392,3641953,43703436,127134860,44413540,44413540,337404,783,0,0
C034448,4393389,52720668,3537603,42451236,488484008,63871751,26223759,289212,672,0,1
C034449,3594326,43131912,2761681,33140172,66737163,64827599,59710056,855298,745,0,1
C034450,3836698,46040376,1526822,18321864,83510694,32160826,19043176,355093,749,0,0
C034451,5170704,62048448,3062957,36755484,78558708,108338854,99128462,836753,780,0,0
C034452,3630716,43568592,3526579,42318948,123511824,196666650,196058664,1236751,561,2,1
C034453,4386387,52636644,2552418,30629016,150189716,19551819,19551819,397897,743,1,0
C034454,3031250,36375000,2285113,27421356,75928723,64077254,42067863,575777,662,1,1
C034455,1800000,21600000,1203990,14447880,46771824,15224020,6465922,148978,704,0,0
C034456,3909313,46911756,1994552,23934624,232908328,33996266,26519629,261938,896,0,0
C034457,3175266,38103192,1953417,23441004,73196608,10081968,10081968,79999,826,1,0
C034458,5255398,63064776,3434564,41214768,191895631,301698405,275639960,1913777,686,0,1
C034459,1800000,21600000,1041666,12499992,86151520,12079061,6774908,208177,739,0,0
C034460,2697150,32365800,1422101,17065212,75828194,22614387,8408863,103785,726,0,0
C034461,2850051,34200612,1232848,14794176,69594725,6701738,6701738,144238,891,0,0
C034462,6066405,72796860,2917560,35010720,375562980,76173197,60156784,786807,800,0,0
C034463,3882529,46590348,2422867,29074404,142042994,40104093,40104093,472625,804,0,0
C034464,4646759,55761108,2879413,34552956,102676450,88150327,88150327,1054501,881,1,0
C034465,4459815,53517780,4349720,52196640,156273324,72640852,72640852,892773,772,0,0
C034466,3126791,37521492,1727516,20730192,224937295,49013760,38946048,209662,803,0,0
C034467,4278766,51345192,2165346,25984152,56789245,90115932,74906875,813184,777,0,0
C034468,4124423,49493076,2343344,28120128,194581608,83117152,76680017,715844,727,0,0
C034469,4826760,57921120,2778285,33339420,354487378,58220949,33330578,154500,748,0,0
C034470,5555521,66666252,2640465,31685580,492709052,35468231,35468231,188873,807,0,0
C034471,1800000,21600000,933717,11204604,30193312,14321024,14278545,153297,721,0,0
C034472,4692591,56311092,3070985,36851820,266450476,33407992,23495710,168966,757,0,0
C034473,3901579,46818948,2824284,33891408,192977125,41251734,33100959,235529,788,0,0
C034474,6308630,75703560,3086925,37043100,80623479,136601036,118413715,948063,713,2,0
C034475,2001117,24013404,1476961,17723532,86870951,28229370,28229370,265275,819,0,0
C034476,2762112,33145344,1722637,20671644,300774690,21931631,18769958,153284,777,0,0
C034477,4113850,49366200,1950325,23403900,497984772,159376185,142345355,916148,768,0,0
C034478,4564884,54778608,3211528,38538336,766900512,98874306,98039659,504893,826,0,0
C034479,2884061,34608732,1379914,16558968,35894109,16699384,13004306,147191,788,0,0
C034480,7221663,86659956,4640761,55689132,125279792,88443349,53634292,720742,707,0,1
C034481,2753362,33040344,1903188,22838256,133866413,36246587,35117595,379716,701,1,1
C034482,5003955,60047460,2732317,32787804,164452396,51483864,33611221,455002,875,0,0
C034483,8649682,103796184,3330948,39971376,222829892,49988303,17194548,582315,730,0,0
C034484,3369097,40429164,2072610,24871320,85925440,76546458,57434375,506332,721,0,0
C034485,4460146,53521752,3376130,40513560,295079062,32284594,20213020,380610,715,0,0
C034486,3315896,39790752,1252252,15027024,69066267,22376906,10436852,293111,841,0,0
C034487,3871086,46453032,2565544,30786528,97085067,44635855,39488888,279214,795,0,0
C034488,7601167,91214004,2735417,32825004,248516458,208985381,148796960,1793061,709,0,0
C034489,3323826,39885912,2038098,24457176,251034609,20142959,13498291,111037,770,0,0
C034490,2388881,28666572,1106472,13277664,84493969,42193419,22490543,263572,808,0,0
C034491,3807611,45691332,1679432,20153184,378617433,65641560,65641560,516359,787,0,0
C034492,3649006,43788072,1759372,21112464,352096028,102819025,95320432,999354,644,0,1
C034493,1800711,21608532,1047438,12569256,64874635,37524342,37524342,249700,721,0,0
C034494,3783947,45407364,3073622,36883464,44676086,30321522,22954638,194121,717,1,0
C034495,2120309,25443708,1233288,14799456,116354137,14096280,14096280,191166,869,0,0
C034496,3373192,40478304,3153124,37837488,237865318,25563237,18610331,415245,689,0,0
C034497,5587883,67054596,4713903,56566836,697227547,44075512,25099423,733805,749,1,1
C034498,4494980,53939760,2578024,30936288,231288748,37776415,18737463,302414,773,0,0
C034499,5434940,65219280,2712762,32553144,93259565,54813045,38100838,356584,867,0,0
C034500,7410379,88924548,3664106,43969272,327698691,165385236,130140693,1220957,742,0,0
C034501,7023106,84277272,2252736,27032832,188563558,73492269,56228115,551640,779,0,0
C034502,6497657,77971884,4491717,53900604,516215080,81251004,78849985,611131,779,0,0
C034503,3315316,39783792,2253711,27044532,177739105,59764307,47439949,258502,814,0,0
C034504,5465961,65591532,2772699,33272388,55777583,132032820,102325265,546865,799,0,0
C034505,6056184,72674208,4542641,54511692,347828177,51089624,51089624,538290,803,0,0
C034506,6206635,74479620,4435026,53220312,87530410,190188286,189744774,1226232,742,0,0
C034507,2599615,31195380,1317940,15815280,47658608,39397746,26521607,257460,908,0,0
C034508,3388968,40667616,1532982,18395784,264800344,36138709,36138709,560775,761,0,0
C034509,4192501,50310012,2464763,29577156,218867071,23303390,23303390,410486,854,0,0
C034510,3935650,47227800,2480804,29769648,307210907,35862606,26932027,346298,739,0,0
C034511,2459863,29518356,1280215,15362580,42832632,35626931,24528681,173971,822,0,0
C034512,6389493,76673916,4039674,48476088,333810141,64358834,42906246,565766,759,0,0
C034513,10930597,131167164,9900383,118804596,444029392,584750295,510881087,3098432,554,4,1
C034514,5987234,71846808,3790448,45485376,377516775,82736382,70834465,823286,725,0,1
C034515,3258332,39099984,2082023,24984276,64790686,79969033,56704992,301767,731,1,0
C034516,5822933,69875196,3729585,44755020,82844816,126314756,118876357,1141179,821,0,1
C034517,5289174,63470088,2681922,32183064,213865268,54136123,29829046,528175,785,0,0
C034518,7808721,93704652,3416426,40997112,729938207,94682084,55901283,580480,838,0,0
C034519,5925116,71101392,2930510,35166120,896964928,36369274,26180601,185004,694,0,0
C034520,8479234,101750808,4435786,53229432,112794676,172322209,166507512,1395928,736,0,0
C034521,3074718,36896616,1461970,17543640,93070057,29549686,25023887,327147,928,0,0
C034522,3429036,41148432,1445335,17344020,38375375,28049607,26992641,388832,775,0,0
C034523,1862813,22353756,1383951,16607412,70490874,79778719,73072329,523864,763,0,1
C034524,3419177,41030124,2772946,33275352,108660087,29661664,28633786,333469,808,0,0
C034525,2968276,35619312,1577258,18927096,102119735,43471141,41091932,321074,758,0,0
C034526,5098931,61187172,3398327,40779924,856620408,78407175,67553552,671024,713,0,0
C034527,4814502,57774024,2485046,29820552,808836336,74202967,58915577,519532,746,0,0
C034528,3911656,46939872,2232982,26795784,93663758,30366981,30366981,770656,859,0,0
C034529,3322193,39866316,2264149,27169788,151412843,44629701,29195882,75478,765,0,0
C034530,5751154,69013848,2335906,28030872,524226018,102123897,94462360,822824,782,0,0
C034531,2410731,28928772,1352294,16227528,116297271,11834523,8502088,120238,768,0,0
C034532,4262131,51145572,2302402,27628824,88504940,104206479,104206479,941617,770,1,0
C034533,7729984,92759808,4038758,48465096,675830525,104652278,101771149,946815,860,0,0
C034534,5438063,65256756,2395049,28740588,182365267,87742889,55938998,619224,834,0,1
C034535,2767907,33214884,1384971,16619652,70183819,21797110,8471943,55358,828,0,0
C034536,6248485,74981820,4321276,51855312,401437267,126698228,126698228,900107,765,0,0
C034537,3168648,38023776,2172444,26069328,47458668,36379598,36379598,502752,871,0,0
C034538,2739593,32875116,1059813,12717756,281329731,38973412,30365432,372540,746,0,0
C034539,3482941,41795292,2222385,26668620,327906632,34260192,20500218,237498,810,0,0
C034540,4822094,57865128,3335790,40029480,504935780,31675185,31675185,595295,818,0,0
C034541,6889118,82669416,4006720,48080640,227073442,62009498,36081587,640801,846,0,0
C034542,4518101,54217212,1836449,22037388,88028497,64319397,38103049,654281,847,0,0
C034543,1800000,21600000,992608,11911296,95623545,46348001,38111507,236779,687,0,1
C034544,1800000,21600000,488875,5866500,79092545,16518106,11423891,120614,827,0,0
C034545,3598876,43186512,1987097,23845164,328493301,77374051,64532821,341496,766,0,0
C034546,7858362,94300344,4721618,56659416,915189084,70136891,40277418,328780,841,0,0
C034547,9749403,116992836,4054370,48652440,1015280091,171561264,117184986,982366,851,0,0
C034548,6579830,78957960,1706620,20479440,508990394,50648928,33187582,508835,820,0,0
C034549,3613126,43357512,1484173,17810076,276449493,52128578,44193171,349198,784,0,0
C034550,5787119,69445428,3136704,37640448,634904349,21207946,21207946,651234,908,0,0
C034551,7401693,88820316,4866923,58403076,112574180,128573641,107251881,884105,711,0,0
C034552,3890049,46680588,2228939,26747268,135274138,117630764,109704107,751612,776,0,0
C034553,6406214,76874568,4705678,56468136,147536444,32618547,20449879,381188,805,0,0
C034554,5548633,66583596,3293216,39518592,207023919,26955459,11761485,207503,812,0,0
C034555,3748062,44976744,3090932,37091184,108214268,49890146,49890146,296875,777,0,0
C034556,5298797,63585564,2603102,31237224,224254881,33918011,24165529,316654,821,0,0
C034557,2463056,29556672,1454145,17449740,81590718,28463316,22908217,284811,730,0,1
C034558,9653689,115844268,9931394,119176728,251766519,245515931,206627885,2218732,606,0,1
C034559,7231111,86773332,3725542,44706504,646371275,82707515,46641940,282900,771,0,0
C034560,5714010,68568120,3501363,42016356,172119603,12257348,7090471,474315,796,0,0
C034561,3214413,38572956,1401518,16818216,93086912,43576087,34007142,287376,877,0,0
C034562,6807442,81689304,3286811,39441732,89554663,56272326,56272326,654746,773,0,0
C034563,4172057,50064684,2053339,24640068,214133838,28014997,24583864,83441,703,0,0
C034564,3611239,43334868,2184188,26210256,110703993,35526548,25915475,382274,780,0,0
C034565,6006640,72079680,3233413,38800956,131070600,65730578,47488734,749228,781,0,0
C034566,3868526,46422312,1532820,18393840,172378794,47139730,25611832,293383,743,0,0
C034567,2511323,30135876,830888,9970656,268069761,23692438,20558999,91477,891,0,0
C034568,4767520,57210240,3542068,42504816,612426406,63906621,63906621,557756,720,0,0
C034569,7465273,89583276,3942261,47307132,414999006,136055214,102916973,647538,803,0,0
C034570,9989411,119872932,4292573,51510876,329803279,241964536,209542869,1602201,801,0,0
C034571,5742351,68908212,3185659,38227908,583926939,38716726,29200742,114847,878,0,0
C034572,3253063,39036756,2039331,24471972,101376905,59970644,54115967,458231,797,0,0
C034573,1800000,21600000,1021018,12252216,86586143,13625827,4903630,66207,746,0,0
C034574,8281857,99382284,6063614,72763368,208488573,190887650,160378529,1328896,712,2,1
C034575,2650167,31802004,1783818,21405816,111872471,29336140,20731864,397597,710,0,1
C034576,6268049,75216588,3985959,47831508,749538546,76268375,44973738,265086,747,0,0
C034577,3792983,45515796,1673299,20079588,100616800,30397430,23172844,130494,833,0,0
C034578,5056013,60672156,3795298,45543576,581007429,124334313,118679309,796741,684,0,0
C034579,2577434,30929208,1670760,20049120,102669090,16094249,10086496,141437,897,0,0
C034580,5293451,63521412,2924981,35099772,207809719,75281880,52928847,448019,786,1,0
C034581,5059520,60714240,2731253,32775036,382340951,79780074,42389064,268829,820,0,0
C034582,3164031,37968372,2214651,26575812,60780528,27986696,19812108,247582,778,0,0
C034583,2646736,31760832,1746015,20952180,130820841,27448158,7556089,265885,726,0,0
C034584,4926272,59115264,2950064,35400768,202290488,23250628,23250628,238337,743,0,0
C034585,1925128,23101536,1031540,12378480,78988405,11648305,11648305,197423,850,0,0
C034586,4839862,58078344,2626097,31513164,115954020,60078310,58518295,579076,892,0,0
C034587,6030918,72371016,3209257,38511084,204154020,106861890,47873280,386689,775,0,0
C034588,3857367,46288404,2035514,24426168,273508437,30233116,29145146,256705,822,0,0
C034589,6378554,76542648,3412904,40954848,405015098,43459830,12900940,600793,706,0,0
C034590,4344135,52129620,2389991,28679892,131493118,92114997,76523898,728466,748,0,0
C034591,4201883,50422596,2329280,27951360,274143965,49797524,19293902,304417,793,0,0
C034592,6244115,74929380,3040152,36481824,166410088,83663950,67656559,672161,757,0,1
C034593,2107822,25293864,1116273,13395276,19704517,20298256,16327173,140022,794,0,0
C034594,1800000,21600000,551069,6612828,132368284,14138657,13130228,50000,814,0,0
C034595,3027371,36328452,1738418,20861016,130194192,66351350,66351350,567739,787,1,0
C034596,2632975,31595700,1187116,14245392,164234910,14401203,5821973,218261,733,0,0
C034597,5144442,61733304,2854811,34257732,555595911,71933104,50891600,279307,782,0,0
C034598,3196318,38355816,2409723,28916676,92537360,47268731,41641435,180133,792,0,0
C034599,4199079,50388948,1948935,23387220,153396848,48188993,45074383,410125,723,1,0
C034600,3468803,41625636,2223223,26678676,27383670,45133107,30860100,200597,801,0,0
C034601,2540188,30482256,1873496,22481952,73572950,29686913,27309449,410711,662,0,0
C034602,3129586,37555032,1810398,21724776,176130837,37932250,19050683,168504,848,0,0
C034603,2795160,33541920,1543996,18527952,50063193,44395315,29638580,198246,813,0,0
C034604,6198165,74377980,3157691,37892292,129321561,77365166,40481242,341915,860,0,0
C034605,2177800,26133600,1333523,16002276,110591332,41825156,39309439,285583,808,0,0
C034606,1800000,21600000,897395,10768740,201363992,33797625,22157051,251214,719,0,0
C034607,7894234,94730808,2982795,35793540,400609534,41092056,35223674,522484,880,0,0
C034608,2944562,35334744,1545405,18544860,167466406,61589073,44178415,453715,717,0,0
C034609,4914225,58970700,2879352,34552224,200344759,23103534,11542162,332741,784,0,0
C034610,3985910,47830920,2694602,32335224,67327801,131295740,112087664,628729,670,0,0
C034611,4912417,58949004,2101896,25222752,206912989,57009641,23433453,418469,774,0,0
C034612,3321621,39859452,1826226,21914712,65989625,47870071,41199236,505321,798,0,0
C034613,2680029,32160348,1658263,19899156,187022570,34879978,9858914,315269,689,1,0
C034614,4300674,51608088,3388824,40665888,58352724,33627184,27516424,95661,840,0,0
C034615,6216751,74601012,3629883,43558596,186658697,70858836,46500419,508117,858,0,0
C034616,4311342,51736104,2393403,28720836,120781681,52745113,39023233,270143,760,0,1
C034617,2978933,35747196,1910797,22929564,178935750,53710990,43054784,541253,829,0,0
C034618,3224236,38690832,2437837,29254044,57989882,22143827,16261539,235825,657,0,1
C034619,2414125,28969500,1355883,16270596,104069734,37517540,24467438,149105,804,0,0
C034620,3513906,42166872,1832939,21995268,242526598,35042242,34516761,649626,760,1,0
C034621,5308928,63707136,3796421,45557052,659187599,37095987,31643230,129313,765,0,0
C034622,2573601,30883212,1782103,21385236,240972036,25165744,19608961,147258,870,0,0
C034623,8166615,97999380,4394925,52739100,317914762,115641468,101725904,583405,765,0,0
C034624,3739053,44868636,2574482,30893784,97869202,53251317,40701171,459888,757,1,0
C034625,3523103,42277236,1892978,22715736,47705732,15964473,9430220,421186,728,0,0
C034626,7707008,92484096,4394669,52736028,321358486,130425205,108995079,1140866,809,0,0
C034627,8417379,101008548,5502985,66035820,200702911,205013241,186473701,1578957,763,0,0
C034628,3326888,39922656,2584939,31019268,72158039,68306361,63114214,433121,761,0,0
C034629,3910595,46927140,2964464,35573568,103996690,120706215,101288058,896310,681,1,1
C034630,3749234,44990808,3198757,38385084,508058739,34417581,26445263,360173,780,0,0
C034631,5680048,68160576,2869794,34437528,337562068,59082121,35797713,686881,859,0,0
C034632,3292613,39511356,2948978,35387736,111641039,90312972,75068529,705011,704,0,1
C034633,3862669,46352028,2233897,26806764,367411704,56085064,49084831,462383,837,0,0
C034634,1800000,21600000,1161804,13941648,29527429,20429258,19619984,239986,761,0,0
C034635,5162019,61944228,2359356,28312272,318020511,69094803,69094803,480098,859,0,0
C034636,3169126,38029512,1804115,21649380,446142530,98353775,84621816,699866,723,0,0
C034637,2656502,31878024,2054046,24648552,68632197,47064278,23853187,223106,682,0,0
C034638,5222525,62670300,3099300,37191600,83317816,94430138,39320131,530786,806,0,0
C034639,4954985,59459820,3046738,36560856,190247678,79650092,60871451,704959,886,0,0
C034640,6345273,76143276,3613607,43363284,366288180,49670232,39186301,542380,743,0,0
C034641,7173620,86083440,3024652,36295824,294382224,75422488,30468529,553917,797,0,0
C034642,3535534,42426408,1094204,13130448,158255519,25767334,19627710,243148,733,0,0
C034643,3490621,41887452,1466647,17599764,323142671,162307564,143923158,1249203,816,0,0
C034644,4285473,51425676,2587944,31055328,278610205,124579329,92900595,648743,771,0,0
C034645,4254007,51048084,2761061,33132732,194177010,128253822,103263768,675160,874,0,0
C034646,5632257,67587084,3272891,39274692,107882830,88320560,78276102,955707,802,0,0
C034647,2326835,27922020,1627682,19532184,131423238,32689612,25047651,257710,778,0,0
C034648,5713814,68565768,2352882,28234584,400964049,129773215,120191027,1100259,719,0,0
C034649,8611404,103336848,5966817,71601804,1152969845,175276604,142802708,1582892,733,1,0
C034650,4900037,58800444,3108437,37301244,699049776,80318818,50855837,694593,773,0,0
C034651,4889945,58679340,4224016,50688192,243973378,25044632,11334106,157262,725,1,0
C034652,6005579,72066948,1935577,23226924,88218536,89115940,89115940,647164,794,1,0
C034653,3305841,39670092,2188191,26258292,78737938,34536309,20127873,408750,646,0,0
C034654,3366637,40399644,1263963,15167556,288161426,25331259,23124246,95968,866,0,0
C034655,3652036,43824432,2059451,24713412,44614898,33017416,20417959,81642,774,0,0
C034656,3922436,47069232,1798285,21579420,237177530,35719418,27201686,454200,930,0,0
C034657,4497463,53969556,2660937,31931244,479316425,86793322,72738442,796810,672,0,0
C034658,5034036,60408432,3690388,44284656,238704178,39057746,39057746,374248,887,0,0
C034659,3262211,39146532,1556850,18682200,293969468,19334034,12374819,104911,809,0,0
C034660,3094197,37130364,1240686,14888232,321114143,47272241,47272241,313910,901,0,0
C034661,5933913,71206956,3002493,36029916,540554699,54687542,28832758,431545,813,0,0
C034662,4037941,48455292,1694226,20330712,128133944,71175631,47994835,395381,728,0,1
C034663,5150245,61802940,2280790,27369480,462814516,65141964,44735941,716828,847,0,0
C034664,2459628,29515536,1530721,18368652,30854401,28818297,27466304,184480,779,0,0
C034665,3756283,45075396,1894804,22737648,111143460,36346664,36346664,220105,810,0,0
C034666,1913899,22966788,793032,9516384,27398678,27400779,25049237,176780,788,0,1
C034667,2678542,32142504,2057096,24685152,253880947,33517889,29907620,301356,829,0,0
C034668,3884514,46614168,2510628,30127536,440869060,102831131,83494166,579019,752,0,1
C034669,3980379,47764548,2715672,32588064,37012279,70802695,31666092,538056,744,0,0
C034670,3015855,36190260,1610830,19329960,119370896,29111579,16167941,320223,835,0,0
C034671,2998187,35978244,2269543,27234516,372365722,63963298,63963298,395743,675,1,1
C034672,3824510,45894120,2149480,25793760,57026962,29959477,29959477,104580,818,0,0
C034673,7165124,85981488,3749235,44990820,144398801,96197930,47414997,744818,760,0,0
C034674,5172557,62070684,1570570,18846840,149353457,39030626,17208031,532533,752,0,0
C034675,3580562,42966744,1568587,18823044,104476676,35212133,27039594,223265,761,0,0
C034676,2951676,35420112,1860770,22329240,55456705,47182269,44249031,224650,835,0,0
C034677,3865474,46385688,1287286,15447432,209587591,25089726,19258040,434166,735,0,0
C034678,4574553,54894636,1876013,22512156,98747752,31801721,14748942,339143,850,1,0
C034679,5925244,71102928,3346293,40155516,317715754,98312895,95681036,830157,807,0,0
C034680,4993185,59918220,2442461,29309532,327569094,80253771,58301560,976418,715,0,0
C034681,5422102,65065224,2814000,33768000,126943657,31797962,11871502,166638,754,0,0
C034682,2225946,26711352,1272473,15269676,133051224,69537343,69537343,535985,760,0,0
C034683,12000000,144000000,7008629,84103548,301518779,110688925,110688925,580748,798,0,0
C034684,4317787,51813444,3263902,39166824,191488552,76509120,52507307,687231,744,0,0
C034685,2418481,29021772,1558581,18702972,67423193,24749216,23566854,250729,813,0,0
C034686,5420087,65041044,3296197,39554364,302007186,101360842,93144232,1079256,809,0,0
C034687,3671085,44053020,1483964,17807568,58658786,57890672,45906776,257478,805,0,0
C034688,5338528,64062336,2560529,30726348,141956869,47748570,35213455,455316,799,0,0
C034689,3654447,43853364,1531111,18373332,53992202,39713874,23820984,506041,741,0,0
C034690,4438999,53267988,1807456,21689472,160547452,27085861,11727229,462136,777,0,0
C034691,8102125,97225500,4084947,49019364,620142883,103438569,41230283,1048218,781,0,0
C034692,3691012,44292144,1263153,15157836,89882313,116988901,116988901,1091951,704,0,0
C034693,2899768,34797216,1051268,12615216,163113635,18478171,8930338,180239,870,0,0
C034694,4102361,49228332,2323996,27887952,55931944,50547519,19300844,407872,845,0,0
C034695,5601506,67218072,3756509,45078108,306782638,34191500,10966338,271350,738,0,1
C034696,5252897,63034764,2360535,28326420,193606288,80193326,60224427,671754,793,1,0
C034697,4725041,56700492,2739456,32873472,179598593,50273259,41446976,616993,822,0,0
C034698,4635927,55631124,1722437,20669244,591252421,65098028,56332000,555239,868,0,0
C034699,4921064,59052768,3620861,43450332,189557323,154429418,135693061,915483,764,0,0
C034700,3099257,37191084,1934154,23209848,177466456,31382683,22794381,308620,761,0,0
C034701,2549923,30599076,1624994,19499928,115750545,34561790,27550843,263429,748,0,0
C034702,5977039,71724468,4286116,51433392,355561115,108878182,76363452,774606,698,0,0
C034703,3630613,43567356,1851689,22220268,145990651,47516132,31350225,205189,861,0,0
C034704,1800000,21600000,1061960,12743520,50546737,6852697,5161491,155301,707,0,0
C034705,2593227,31118724,1629650,19555800,236354896,13783827,13783827,197638,759,1,0
C034706,8049779,96597348,5339426,64073112,352503534,81486291,69694856,575687,714,0,0
C034707,3494585,41935020,1677410,20128920,162059530,122720354,122720354,946660,756,0,0
C034708,2580184,30962208,1395924,16751088,107524151,39030225,28472192,191045,864,0,0
C034709,2686973,32243676,1693174,20318088,103195630,40386438,19786462,271343,731,1,0
C034710,3647031,43764372,2353558,28242696,150691688,59684713,32082384,476184,756,0,0
C034711,2067726,24812712,1489526,17874312,172708820,21819044,10157056,215148,775,0,0
C034712,4950399,59404788,4671129,56053548,98783300,31631796,31631796,371211,722,0,0
C034713,4119125,49429500,2454719,29456628,314685305,41298010,25203736,422867,830,0,0
C034714,5131498,61577976,3949968,47399616,103729251,45036543,23710843,376111,774,0,0
C034715,4137548,49650576,2064902,24778824,207016835,27671114,27671114,404998,887,0,0
C034716,5608474,67301688,3175399,38104788,94827655,72123879,47609561,485721,755,0,0
C034717,4934192,59210304,2688824,32265888,542069521,69698109,43827225,557333,804,0,0
C034718,8922899,107074788,4166858,50002296,83582662,271623077,240924456,2006653,777,0,0
C034719,3235726,38828712,1740025,20880300,121129400,29737443,18894534,107714,764,1,0
C034720,5271618,63259416,2857827,34293924,787050748,81264065,69537915,773667,792,0,0
C034721,4188374,50260488,2716293,32595516,81449120,111524337,111524337,931144,798,0,0
C034722,5130477,61565724,3818965,45827580,90801217,61243933,60919660,833134,736,0,1
C034723,5608907,67306884,2829889,33958668,620205832,95952145,84293823,707043,822,0,0
C034724,4325370,51904440,2282568,27390816,226575625,38997993,32100571,622346,838,0,0
C034725,3265162,39181944,1459148,17509776,70787351,73769529,64334405,579490,759,1,0
C034726,3697167,44366004,1627437,19529244,289195792,52054692,31617315,454705,707,1,0
C034727,2181337,26176044,1657731,19892772,47008979,42962825,37230248,247641,776,0,0
C034728,5286833,63441996,3689612,44275344,185240776,46359287,33734768,253846,851,0,0
C034729,4128773,49545276,2574288,30891456,38765758,29825494,27895796,217901,793,0,1
C034730,2647806,31773672,1252141,15025692,77996526,40757988,40757988,341204,892,0,0
C034731,5253288,63039456,2597017,31164204,159088445,39420597,25192223,337648,818,0,0
C034732,3582624,42991488,2389981,28679772,131638395,31698146,15920100,307611,736,0,0
C034733,4654749,55856988,3182143,38185716,236193237,76032024,62539396,278333,748,0,0
C034734,4836671,58040052,3455209,41462508,232267853,43719719,29916491,781233,630,0,0
C034735,5272699,63272388,4157675,49892100,302148719,41406260,21677255,301513,798,0,0
C034736,7751041,93012492,5409423,64913076,154218447,78003342,59799602,1137852,702,0,1
C034737,3628619,43543428,2533529,30402348,46748537,83606928,56411545,467301,721,0,1
C034738,3447956,41375472,2203858,26446296,268630326,8686457,8686457,68959,754,1,0
C034739,3197010,38364120,1422795,17073540,112785343,36566421,36566421,276186,808,0,0
C034740,4912346,58948152,3192316,38307792,309358924,67662571,51584139,342811,654,0,0
C034741,2794908,33538896,2279887,27358644,160867896,23039686,19913658,74463,719,1,0
C034742,4959490,59513880,2681589,32179068,494253366,64877499,61208971,553416,754,0,0
C034743,3862599,46351188,2040839,24490068,88177347,15572843,14812567,258395,762,0,0
C034744,5204792,62457504,3721251,44655012,127697407,52577825,37923533,535458,759,0,0
C034745,5791398,69496776,3712406,44548872,97789952,114102737,92876024,624084,772,0,0
C034746,7357818,88293816,3428491,41141892,248657084,129108512,113596469,1136142,829,0,0
C034747,4931235,59174820,3004556,36054672,352847193,86496043,51608149,533469,760,0,0
C034748,5195008,62340096,3669760,44037120,124614608,24520152,18710211,287816,763,0,0
C034749,3420994,41051928,2726787,32721444,188827894,41662879,18572259,178676,730,1,0
C034750,7186508,86238096,4657725,55892700,707457633,177341009,155128705,833618,780,0,0
C034751,4865635,58387620,2664207,31970484,436342703,115347871,91474963,591314,784,1,0
C034752,4207410,50488920,2546397,30556764,289638681,81165399,68896480,833272,737,0,0
C034753,1800000,21600000,1092011,13104132,120372102,31342535,25668673,269587,755,1,0
C034754,4220016,50640192,1535952,18431424,210466895,59930896,52243572,542111,819,0,0
C034755,3272832,39273984,2001371,24016452,199947721,26238402,25023189,291391,770,0,0
C034756,5259144,63109728,2655450,31865400,47963696,45071953,32479393,348163,831,0,0
C034757,3072414,36868968,1487963,17855556,163105705,41246580,28864440,481439,760,0,0
C034758,2269146,27229752,973043,11676516,73206318,78064571,56649220,381567,771,0,0
C034759,3784331,45411972,2737944,32855328,239272056,116725086,91749955,898451,679,1,0
C034760,2995272,35943264,2360494,28325928,155978257,87510878,87510878,727234,701,0,1
C034761,3489375,41872500,2308119,27697428,24076479,46707723,22538732,309598,759,1,0
C034762,1800000,21600000,1610834,19330008,95357619,13671134,8871975,68176,785,0,0
C034763,2650249,31802988,1998483,23981796,109401588,60954542,44956367,477634,721,0,0
C034764,7475286,89703432,5300461,63605532,1255848048,24092371,16101055,224538,827,0,0
C034765,5445162,65341944,2875890,34510680,112690139,33193406,13537079,486138,790,0,0
C034766,2129555,25554660,1457778,17493336,40276535,16435194,11273796,133484,806,0,0
C034767,5962092,71545104,2724897,32698764,560582009,26653027,26258808,699820,688,0,0
C034768,2495338,29944056,1733251,20799012,125036933,18095050,18095050,75114,751,0,1
C034769,8769006,105228072,3768511,45222132,302136100,84614952,40575755,389504,816,0,1
C034770,5457128,65485536,3374191,40490292,235800414,73627747,68092479,555251,792,1,0
C034771,4359983,52319796,2546453,30557436,323986800,58950319,39783191,338478,890,0,0
C034772,7332253,87987036,5126482,61517784,535342558,131709649,66633528,902971,668,0,0
C034773,5757532,69090384,3427563,41130756,891653586,60389905,54906588,115151,888,0,0
C034774,6801202,81614424,4919158,59029896,119547114,53815183,32586472,464531,910,0,0
C034775,2960956,35531472,2091199,25094388,143137724,40307337,32412375,393917,842,0,0
C034776,2307456,27689472,1042276,12507312,102781155,26272989,19918157,239563,774,0,0
C034777,1939324,23271888,1445029,17340348,274834770,11941426,5421737,150653,746,0,0
C034778,2762284,33147408,1278641,15343692,43189265,39146722,31453902,256925,813,0,0
C034779,3647580,43770960,2427096,29125152,115873312,111643909,97419924,633272,767,0,0
C034780,4475807,53709684,2111890,25342680,88408382,157288239,157288239,1294783,752,1,1
C034781,3010967,36131604,1228165,14737980,110715967,12795697,12795697,176188,794,0,0
C034782,2490025,29880300,2152825,25833900,104809860,25151257,25151257,83731,769,0,0
C034783,5457053,65484636,2259063,27108756,232578814,115890308,107385380,996389,873,0,0
C034784,5047818,60573816,2771885,33262620,222105123,41730850,32941169,542225,833,0,0
C034785,4082881,48994572,1991320,23895840,59059520,76174270,60866694,713794,612,1,1
C034786,5569346,66832152,2283154,27397848,184290336,75248669,70159534,840269,826,0,0
C034787,3655373,43864476,2315764,27789168,369455417,80983872,80983872,636258,739,0,0
C034788,3365112,40381344,1532915,18394980,92047016,47697787,25313598,474352,705,0,0
C034789,2973930,35687160,1315814,15789768,329412296,23579038,23192817,179700,809,0,0
C034790,2516400,30196800,1404208,16850496,65133436,23855216,14287187,213909,833,0,0
C034791,1912447,22949364,1025261,12303132,95710916,18108742,18108742,80292,830,0,0
C034792,3859940,46319280,2265959,27191508,334267132,26079694,26079694,186071,817,0,0
C034793,3454071,41448852,2415809,28989708,167170901,135199142,109299227,816448,704,0,0
C034794,2025706,24308472,1099827,13197924,44834471,14955215,8333579,50000,876,0,0
C034795,5127474,61529688,2040381,24484572,371889137,30442550,23712515,548545,736,0,0
C034796,5512591,66151092,3585616,43027392,293730950,189152605,181655747,1172051,775,0,0
C034797,4430832,53169984,3017753,36213036,82480310,55077888,50848142,488105,741,0,0
C034798,2230825,26769900,1264813,15177756,45649915,15517781,10931106,125834,805,0,0
C034799,6092282,73107384,5049859,60598308,146955439,77527304,65598370,948971,641,0,1
C034800,2213876,26566512,1297379,15568548,9923343,15776034,15776034,208874,828,0,0
C034801,6170968,74051616,3560157,42721884,32378491,70674594,67516704,572124,786,0,0
C034802,3708533,44502396,1915109,22981308,91650189,77749822,67363191,469105,720,0,0
C034803,3652718,43832616,1874111,22489332,26774560,56674007,41191401,169421,846,0,0
C034804,2786053,33432636,2579158,30949896,87820929,46912359,43559582,420791,807,0,1
C034805,4095760,49149120,1806458,21677496,245726861,77747436,70212524,573241,666,0,0
C034806,6534478,78413736,1633620,19603440,568529333,133537881,115515827,957616,817,0,0
C034807,4626772,55521264,2706830,32481960,89305207,26550235,26550235,736271,828,0,0
C034808,2222756,26673072,1003559,12042708,41093036,22499371,16097339,135510,782,0,0
C034809,2360158,28321896,1529482,18353784,123200306,14937824,14899392,50000,863,0,0
C034810,2831777,33981324,1791852,21502224,35668060,54085985,40700640,341122,834,0,0
C034811,2671152,32053824,1503553,18042636,217747774,40213878,26435063,272044,782,0,0
C034812,5157925,61895100,3464568,41574816,176753066,55329756,27955314,473531,711,0,0
C034813,4873240,58478880,2969685,35636220,331016760,163882931,144374200,1214027,649,1,0
C034814,6757051,81084612,4171339,50056068,304706315,96700876,74946577,717152,652,0,0
C034815,5861694,70340328,3345729,40148748,236690511,85926427,69054957,818246,724,2,0
C034816,5137304,61647648,3229427,38753124,119275601,79988566,51358088,775813,856,0,0
C034817,4497092,53965104,2308888,27706656,81345832,50295111,15878515,89942,821,0,0
C034818,1800000,21600000,789879,9478548,50203060,8347420,8347420,169261,873,0,0
C034819,4830176,57962112,2353981,28247772,215703213,56239911,53225942,663533,843,0,0
C034820,4873975,58487700,2773139,33277668,109400669,61565418,52807434,541405,862,0,0
C034821,4341083,52092996,1872600,22471200,113089606,71247890,43224206,418473,794,0,0
C034822,2832828,33993936,1951241,23414892,470546342,20205450,20205450,56657,799,1,0
C034823,2645013,31740156,1359682,16316184,159728586,30392920,10408024,126584,750,0,0
C034824,2795353,33544236,1517329,18207948,166512183,24449488,18467251,355409,791,0,0
C034825,4965245,59582940,1837328,22047936,273386139,31974113,18643120,208994,802,0,0
C034826,2413961,28967532,1326628,15919536,71248030,34324256,24808392,212177,861,0,0
C034827,3690542,44286504,1909698,22916376,82500760,88113091,72752957,595463,737,0,0
C034828,2665621,31987452,1836789,22041468,86545886,53952082,31688214,253901,694,0,0
C034829,2377059,28524708,1511959,18143508,189742213,70557359,55117498,579948,821,0,0
C034830,3885433,46625196,2650969,31811628,32502409,45317368,31013508,488323,661,0,0
C034831,4117721,49412652,2006716,24080592,68393022,55889792,20126325,462366,779,1,0
C034832,1929882,23158584,1369704,16436448,141226443,60573700,53195762,400356,669,0,0
C034833,3286196,39434352,1450463,17405556,132331868,33736134,19453196,206290,899,0,0
C034834,6088271,73059252,3079834,36958008,94258725,5844740,5844740,121765,860,0,0
C034835,7060354,84724248,4679645,56155740,317023533,94410750,94410750,820054,848,0,0
C034836,1800000,21600000,846636,10159632,47735248,18455616,8745209,163471,758,0,0
C034837,3401969,40823628,1512375,18148500,218428416,17140599,15410836,270548,824,0,0
C034838,5665021,67980252,2370291,28443492,609484637,142947586,106375211,906657,700,1,0
C034839,8077628,96931536,4753565,57042780,183299058,157109228,121659348,1037699,685,0,0
C034840,3930607,47167284,1859472,22313664,81337960,50276341,49457260,431974,858,0,0
C034841,3173917,38087004,1407778,16893336,111228993,28002066,24406991,196843,792,0,0
C034842,6338350,76060200,3362035,40344420,156347077,73624222,46152277,671955,786,0,0
C034843,3657882,43894584,1599762,19197144,162042798,59618803,38088684,358312,834,0,0
C034844,3148170,37778040,2059478,24713736,238350863,14683774,9952603,62963,861,0,0
C034845,5415892,64990704,4141731,49700772,158599203,34066589,33296138,833064,692,0,0
C034846,5589098,67069176,3570235,42842820,805676715,37412284,19117022,537645,880,0,0
C034847,4225264,50703168,2245952,26951424,142897696,64763440,50515234,463616,691,0,1
C034848,1800000,21600000,1494181,17930172,108056609,92937392,79314689,609062,561,1,1
C034849,6292618,75511416,2513094,30157128,1057159824,65568458,44834496,326850,792,0,0
C034850,3257062,39084744,1713084,20557008,211177746,17780976,12488515,145464,823,0,0
C034851,9701309,116415708,7462694,89552328,325040719,65603575,43131598,999004,768,1,0
C034852,6214932,74579184,3175223,38102676,249723518,82350244,48800243,189654,878,0,0
C034853,2637852,31654224,1426831,17121972,376402918,15436079,15436079,202657,773,0,0
C034854,4433750,53205000,1883467,22601604,157973964,57583899,39383714,490756,803,0,0
C034855,4095865,49150380,2008315,24099780,119751377,73382936,62861895,642940,832,0,0
C034856,4057282,48687384,3179674,38156088,327519223,154755925,143770962,1162463,698,1,1
C034857,4512213,54146556,2250413,27004956,124357688,36053829,22277131,184686,749,0,0
C034858,5836985,70043820,4202741,50432892,183973747,100986698,70207033,714577,778,0,0
C034859,5811675,69740100,4417455,53009460,321825094,135475486,119945403,1467895,731,0,0
C034860,2803409,33640908,1777263,21327156,151234716,29919458,18084956,225886,815,0,0
C034861,2857846,34294152,1321672,15860064,83169420,74397091,63905586,622937,762,0,0
C034862,11195466,134345592,6833839,82006068,744549603,239835912,183758620,1552773,785,0,0
C034863,3626778,43521336,1814443,21773316,271663432,48565149,30839625,148096,821,0,0
C034864,12000000,144000000,7573038,90876456,282132097,390592046,348371657,3049864,579,0,1
C034865,5483257,65799084,2711271,32535252,527016395,45108787,21897913,314519,838,0,0
C034866,4844213,58130556,2336790,28041480,250595684,52157635,52157635,587837,783,0,0
C034867,4507503,54090036,1838916,22066992,439521013,56756334,17043835,528421,770,0,0
C034868,4537260,54447120,2127850,25534200,281134125,38153740,38153740,394184,847,0,0
C034869,4191263,50295156,2787368,33448416,107403261,96610094,80385478,448516,790,0,0
C034870,4628350,55540200,2316457,27797484,167838875,66823344,44106373,518552,884,0,0
C034871,5545762,66549144,2573131,30877572,306282280,79376836,65187982,154067,760,0,1
C034872,4231229,50774748,2817118,33805416,84979059,36499665,10864337,249659,777,0,0
C034873,2843707,34124484,1784201,21410412,109796602,33229755,14590301,232253,874,0,0
C034874,4623795,55485540,2469639,29635668,191888863,44219018,19430653,300659,843,0,0
C034875,7731587,92779044,4798612,57583344,286545584,118964027,66158394,889746,720,0,0
C034876,3086866,37042392,771717,9260604,147445134,60615525,55632373,365709,919,0,0
C034877,4069286,48831432,1525173,18302076,145326342,36034869,26922379,339916,795,0,0
C034878,4778654,57343848,3587249,43046988,324924523,305487785,258047316,1920992,604,1,1
C034879,2146083,25752996,1126243,13514916,139972311,66022405,65602333,409516,739,0,0
C034880,2365951,28391412,1848209,22178508,70470078,67253101,65633053,468696,771,0,0
C034881,2935731,35228772,1609586,19315032,79728840,24647551,24647551,260895,706,0,0
C034882,5061985,60743820,4352785,52233420,227338777,58314524,47251627,501130,778,0,0
C034883,4470538,53646456,1774816,21297792,108891783,31333166,19820835,164802,818,1,0
C034884,3752940,45035280,1164215,13970580,254119367,22972551,20322407,307571,784,0,0
C034885,3261872,39142464,1883844,22606128,382946062,29069316,16682698,270541,751,0,0
C034886,5521135,66253620,2486182,29834184,329327368,33606125,32715054,356053,707,0,0
C034887,3316676,39800112,1802784,21633408,130064803,67282935,67282935,775370,786,0,0
C034888,4158924,49907088,2209799,26517588,81973515,87502642,64656608,674749,715,0,0
C034889,5954209,71450508,3092838,37114056,204100598,98006410,92490069,368853,844,0,0
C034890,8018717,96224604,2004679,24056148,664529433,62208045,62208045,167522,807,0,0
C034891,4075860,48910320,2373700,28484400,43405954,39926940,29779000,288720,795,0,0
C034892,4025626,48307512,1594298,19131576,94144421,19758819,16638533,284621,807,0,0
C034893,5356700,64280400,2835689,34028268,352041122,78965271,45856179,522392,648,1,1
C034894,7935543,95226516,4548114,54577368,533121473,79857536,70065764,476124,770,0,0
C034895,3020788,36249456,1890355,22684260,53348968,24876311,17611050,60416,836,0,0
C034896,1933075,23196900,1152664,13831968,133095530,25120946,16343025,175441,760,0,0
C034897,3726921,44723052,2352058,28224696,48070181,38538406,30941132,491639,838,0,0
C034898,2706140,32473680,1244429,14933148,50531531,46813126,31706185,108266,822,0,0
C034899,7318762,87825144,3410152,40921824,785506889,34386659,34386659,256922,820,0,0
C034900,4074876,48898512,2503877,30046524,88068344,40521099,40521099,792455,773,0,0
C034901,4575765,54909180,2497221,29966652,100695572,33976067,29020159,277666,687,0,1
C034902,7121432,85457184,4710900,56530800,455019335,185045605,145944926,1267471,816,0,0
C034903,4483600,53803200,2162481,25949772,120587370,149063889,122390221,1206933,661,0,0
C034904,3518195,42218340,1441884,17302608,429265392,102334500,102334500,761701,807,0,0
C034905,4544721,54536652,2201178,26414136,85850447,14461450,14461450,602300,746,0,0
C034906,2590111,31081332,1203348,14440176,119493366,29529643,18522986,307984,816,0,0
C034907,2568452,30821424,1135291,13623492,122240389,16589563,10451404,78414,811,0,0
C034908,3209553,38514636,2008346,24100152,64719001,37783832,27450633,440732,653,0,0
C034909,5281301,63375612,2121561,25458732,342699322,33801641,33801641,617613,750,0,0
C034910,10108864,121306368,6928133,83137596,550036971,172499015,97748204,751811,773,0,0
C034911,4894675,58736100,3247044,38964528,86000605,47633899,37130186,545080,887,0,0
C034912,4372783,52473396,3219829,38637948,108241908,132552351,108628082,798585,723,0,0
C034913,2742778,32913336,1986221,23834652,124799650,27251098,26010810,174187,768,0,0
C034914,2961716,35540592,2051441,24617292,239246251,84464229,77874783,595659,728,0,0
C034915,5228195,62738340,2469470,29633640,303838839,66387520,50146454,647638,786,0,0
C034916,2376141,28513692,1246679,14960148,164399942,11695105,7125663,143791,801,0,0
C034917,9584128,115009536,7661950,91943400,242099041,220602549,180247412,1446533,780,0,0
C034918,5264343,63172116,3432690,41192280,733899459,32821361,12786335,322869,844,0,0
C034919,5249103,62989236,2982854,35794248,366266429,67973424,38757543,104982,754,0,0
C034920,5026309,60315708,2113629,25363548,844419912,72851187,64374846,573857,709,0,0
C034921,3432251,41187012,2248372,26980464,51721507,64065117,54222821,548794,744,1,0
C034922,6289966,75479592,4310020,51720240,313413258,81099930,31796403,249106,802,0,0
C034923,4715654,56587848,2710995,32531940,395791584,60722534,38404676,597801,853,0,0
C034924,4313672,51764064,1502879,18034548,86848211,260937536,232938288,1618805,705,0,0
C034925,4420933,53051196,3520951,42251412,97256605,31092180,18200338,358086,710,2,0
C034926,3623091,43477092,2221087,26653044,112379609,37780002,23400115,293057,813,0,0
C034927,5831902,69982824,3960923,47531076,205331168,35861250,29363236,198824,773,0,0
C034928,2854097,34249164,1345132,16141584,80555032,84962566,62587386,501767,787,0,0
C034929,3477611,41731332,1679911,20158932,184966211,53299745,48135121,350120,873,0,0
C034930,5946698,71360376,2828696,33944352,503907444,67791636,43739235,244746,790,0,0
C034931,4904535,58854420,3967538,47610456,138483137,54106885,54106885,659710,727,0,0
C034932,4422540,53070480,3497262,41967144,136515474,43400299,35455456,455405,746,0,0
C034933,3547369,42568428,1818497,21821964,64881960,21339277,19162355,505982,818,0,0
C034934,5140970,61691640,1384173,16610076,144497209,58903731,13033994,166237,814,0,1
C034935,6364974,76379688,2616374,31396488,233768404,140672993,121929748,1115014,808,0,0
C034936,6179384,74152608,3207829,38493948,390341234,31884147,19800663,204110,744,0,0
C034937,5701036,68412432,3884356,46612272,333838735,77866090,35703848,658111,704,0,0
C034938,2830462,33965544,1482815,17793780,90299667,25020823,23703477,365062,865,0,0
C034939,4071299,48855588,2741761,32901132,322644925,102010420,86068737,1119539,651,1,0
C034940,6787755,81453060,4556660,54679920,111846075,134273553,102992266,579632,694,1,0
C034941,4789844,57478128,2729501,32754012,278369392,9674160,6501199,428734,710,2,0
C034942,2040001,24480012,1284700,15416400,28487520,47603447,42732201,264548,802,0,0
C034943,2489922,29879064,1406409,16876908,197320716,12491490,11037015,207113,818,0,0
C034944,7490182,89882184,4959183,59510196,860067881,42518928,35094076,174789,760,0,0
C034945,3602586,43231032,1675569,20106828,88076237,39534342,39534342,123402,808,0,0
C034946,2701641,32419692,1428914,17146968,151961749,44131349,44131349,442712,791,0,0
C034947,3971074,47652888,2268180,27218160,155096902,50147173,38633686,531638,803,0,0
C034948,5065327,60783924,2788005,33456060,343999089,93952652,78339666,855235,740,1,0
C034949,3029135,36349620,1835213,22022556,97703043,17164326,17164326,344841,764,1,0
C034950,4999487,59993844,2894686,34736232,113318349,38908500,35860288,642322,748,0,0
C034951,4380912,52570944,2795872,33550464,422789210,44376052,38470244,317453,763,0,0
C034952,2311179,27734148,1198358,14380296,103088405,18433787,16769628,216291,779,0,0
C034953,3442872,41314464,2144888,25738656,225293465,29072413,29072413,125456,722,0,0
C034954,1943953,23327436,760905,9130860,40225264,19497889,18924090,65400,809,0,0
C034955,3627866,43534392,2203158,26437896,466702997,19336418,16519993,114775,749,0,0
C034956,2484381,29812572,1668952,20027424,25350447,18821935,10573396,98618,828,0,0
C034957,5126872,61522464,3509943,42119316,65518036,158497784,121515257,945856,719,0,0
C034958,5486981,65843772,3228927,38747124,181124031,137669876,137669876,859534,850,1,0
C034959,2224262,26691144,797916,9574992,184173528,46108347,46108347,492002,819,0,0
C034960,2916033,34992396,1467809,17613708,86316127,24481384,13713794,58321,848,0,0
C034961,5635225,67622700,2750251,33003012,136301506,80094934,51710180,462762,784,0,0
C034962,3306280,39675360,1649134,19789608,98952455,36561317,36561317,298579,741,0,0
C034963,3441906,41302872,1829429,21953148,80531609,31000015,31000015,314359,761,0,0
C034964,2764086,33169032,1916294,22995528,82394463,41996680,32275779,378341,801,0,0
C034965,5045244,60542928,3637431,43649172,118983251,147344245,112646850,825426,842,0,0
C034966,4941486,59297832,3173970,38087640,357559202,85076813,85076813,798272,724,0,0
C034967,2274084,27289008,1059706,12716472,108428539,17639203,14116718,189870,794,2,1
C034968,2186748,26240976,1522856,18274272,150515694,23564412,19588835,146920,731,1,0
C034969,4645576,55746912,2367604,28411248,138781901,37844711,21988700,551220,806,0,0
C034970,2879164,34549968,1757959,21095508,69471142,27931659,26731915,77594,771,0,0
C034971,4110859,49330308,2794579,33534948,139022578,56041325,26878371,278379,847,0,0
C034972,3697720,44372640,2668266,32019192,326615462,43005860,43005860,73954,715,0,0
C034973,7464613,89575356,5399527,64794324,1149412194,65367067,65367067,384943,761,0,0
C034974,6301795,75621540,3226843,38722116,76426236,58694008,44893956,455508,763,0,0
C034975,3125105,37501260,1384094,16609128,97084340,34761188,23137846,252644,655,0,0
C034976,5588521,67062252,3387068,40644816,304622317,81784217,51111696,456933,739,0,0
C034977,10178074,122136888,6371005,76452060,470700953,57517301,34770821,400328,795,1,0
C034978,6704773,80457276,4412205,52946460,408665782,34649160,23110778,550188,650,0,0
C034979,2371158,28453896,1547640,18571680,241131509,64460777,56534657,466067,836,0,0
C034980,10251440,123017280,2928135,35137620,295356426,65488751,44301707,958578,692,0,0
C034981,3870147,46441764,2272938,27275256,631000582,62096378,40588707,282891,820,0,0
C034982,4120552,49446624,2775748,33308976,84716090,57956895,45977205,288929,726,0,0
C034983,9031159,108373908,4705442,56465304,320945859,187206053,158557568,1752135,815,0,0
C034984,3927868,47134416,2390046,28680552,309231591,56849754,42127069,547950,870,0,0
C034985,5408868,64906416,2000343,24004116,184620378,44198951,15339490,231200,819,0,0
C034986,2792463,33509556,1608766,19305192,36477052,26692841,22314539,55849,759,0,0
C034987,5686509,68238108,3419614,41035368,233048354,31491263,29845898,294915,799,0,0
C034988,2791535,33498420,1712752,20553024,187247753,51753399,38703354,355885,845,0,0
C034989,3460674,41528088,2236560,26838720,105702483,19896394,19896394,385455,788,0,0
C034990,2646416,31756992,1598948,19187376,191664960,36214715,24844581,317770,829,0,0
C034991,3295381,39544572,1686769,20241228,236960550,35547805,34168747,352794,747,0,0
C034992,2794411,33532932,1668831,20025972,93571507,31520283,18299368,285703,778,0,0
C034993,7009089,84109068,4396977,52763724,108642570,121133835,88700524,1012868,752,1,0
C034994,4098847,49186164,1238830,14865960,191312277,43237703,43237703,610554,756,0,0
C034995,3044950,36539400,1569237,18830844,74659434,30400546,30400546,310096,815,0,0
C034996,2764928,33179136,2035795,24429540,124557942,35936465,35936465,394396,812,0,0
C034997,4336992,52043904,3349428,40193136,648191403,28741950,22694180,86740,833,0,1
C034998,4789185,57470220,2963505,35562060,284709477,86386541,84207060,707394,636,0,1
C034999,1800000,21600000,1304407,15652884,44990123,35045401,35045401,333784,668,0,1
C035000,3703657,44443884,2549554,30594648,104887614,108250322,92845534,592419,786,0,0
C035001,5453509,65442108,3392514,40710168,297900754,45901916,45901916,602227,822,0,0
C035002,3775294,45303528,1617412,19408944,45438200,149943024,141930135,877262,626,1,1
C035003,3889439,46673268,2387774,28653288,365008733,31279972,23083389,77789,826,0,0
C035004,3100103,37201236,1013829,12165948,127188637,81609904,76970586,685796,773,0,1
C035005,2968163,35617956,2483269,29799228,404065291,55594509,47806986,550369,727,0,0
C035006,3428948,41147376,2312906,27754872,523722316,40042867,29851829,272623,836,0,0
C035007,2969035,35628420,1048667,12584004,67258160,19780248,13563883,149989,785,0,0
C035008,3862082,46344984,3179599,38155188,82079885,26130550,9807138,77242,858,0,0
C035009,4981662,59779944,3601769,43221228,160346055,80205439,66438644,961289,788,0,0
C035010,5170672,62048064,3099640,37195680,132250817,41121676,37738648,479369,855,0,0
C035011,4415409,52984908,2542905,30514860,232939325,99661435,84874326,594767,727,0,0
C035012,5519003,66228036,4170320,50043840,202920419,91721265,85691166,990401,680,0,0
C035013,3937509,47250108,2812884,33754608,65084007,93115845,56489179,583023,717,0,0
C035014,3934299,47211588,1234349,14812188,126850540,97573687,78378045,778423,733,0,0
C035015,5291549,63498588,2012578,24150936,111391117,94767990,66992281,707249,778,0,0
C035016,5886136,70633632,3567955,42815460,507963197,98994412,98994412,918237,771,0,0
C035017,3274007,39288084,2028454,24341448,176525716,45787715,40076004,558770,687,0,0
C035018,5362418,64349016,3952047,47424564,368847607,96406395,77741017,604075,676,0,0
C035019,7523996,90287952,5590438,67085256,326198162,303382361,269230617,1621591,704,0,0
C035020,5407592,64891104,3937067,47244804,320487168,101572143,41281882,654166,803,0,0
C035021,6571065,78852780,4672542,56070504,1103938920,74190841,74190841,483795,805,0,0
C035022,5538298,66459576,2982101,35785212,117440244,89228212,55354584,401291,768,0,0
C035023,4354787,52257444,3197192,38366304,565105184,95068960,92838320,816069,781,0,0
C035024,3239493,38873916,1831160,21973920,64800029,19286311,9249588,64790,834,0,0
C035025,3001626,36019512,1719074,20628888,151165417,35486701,23756116,190180,832,0,0
C035026,11252862,135034344,8372026,100464312,181941415,71384542,29915723,922720,808,0,0
C035027,4761412,57136944,4560096,54721152,386193650,70216716,42530529,383825,851,0,0
C035028,5154682,61856184,2956178,35474136,205980088,50927994,27950971,408497,796,0,0
C035029,4122600,49471200,3372037,40464444,196998323,37997662,20391120,113548,820,0,0
C035030,4378140,52537680,2834687,34016244,229624111,68738213,53954329,594352,771,0,0
C035031,5415654,64987848,4472192,53666304,563040561,103264734,86284381,960735,749,0,0
C035032,2571018,30852216,2112345,25348140,35026035,61963236,58556893,389654,762,0,0
C035033,2891675,34700100,2023496,24281952,220822941,25939816,18610271,391190,783,0,0
C035034,6625111,79501332,4021632,48259584,144319081,70365324,63315165,324354,887,0,0
C035035,4017427,48209124,1864512,22374144,87976582,30163211,28626173,469982,743,0,1
C035036,10341139,124093668,6833292,81999504,320565712,162020204,98671172,792248,760,0,0
C035037,3674351,44092212,2685545,32226540,231233958,95604942,95604942,614949,748,0,0
C035038,4010453,48125436,1664956,19979472,294364744,25284309,25284309,350357,749,0,0
C035039,4937273,59247276,3376186,40514232,205479937,34629437,19050721,440804,684,0,0
C035040,3801821,45621852,2342500,28110000,417182868,33047028,18840815,246875,745,1,0
C035041,6509187,78110244,3902447,46829364,127688258,49721316,30125471,130184,838,0,0
C035042,5792847,69514164,4915923,58991076,481529540,113290614,84449070,602746,690,1,0
C035043,3020818,36249816,2239306,26871672,123458097,83089620,77378417,535284,807,0,0
C035044,2404917,28859004,1500583,18006996,118610709,34814537,27174756,275652,739,0,0
C035045,5375129,64501548,2260435,27125220,687794747,80542488,69253273,717579,762,1,0
C035046,2963344,35560128,1309388,15712656,91648698,21795077,21795077,59267,876,0,0
C035047,2254785,27057420,1705931,20471172,23925432,20585572,20585572,146832,809,0,0
C035048,1800000,21600000,777697,9332364,36234622,16165543,14346652,68073,870,0,0
C035049,4479195,53750340,2297191,27566292,99472793,70826204,65681732,440918,789,0,0
C035050,2870613,34447356,1354739,16256868,87536387,69941788,59611754,485285,738,0,0
C035051,2624727,31496724,1236064,14832768,177359834,50593939,48477417,356902,769,1,0
C035052,4623882,55486584,3530570,42366840,74316067,71956510,69785859,278721,863,0,0
C035053,2535398,30424776,1532168,18386016,143373401,27008617,27008617,234884,820,0,0
C035054,3033014,36396168,1742432,20909184,91117256,57675566,47706563,509366,681,0,0
C035055,5116311,61395732,1989163,23869956,618543735,81699086,81699086,910918,865,0,0
C035056,6077531,72930372,4640827,55689924,128357489,80832226,62003536,475606,752,0,0
C035057,4125560,49506720,1178861,14146332,187035388,54891617,24561096,294792,806,0,0
C035058,5141612,61699344,3555703,42668436,298184316,22676347,22676347,264612,759,0,0
C035059,3692097,44305164,2405460,28865520,180997811,111243626,111243626,610548,767,0,0
C035060,4103206,49238472,2998487,35981844,407105831,37426546,22673170,458004,777,1,0
C035061,4432409,53188908,2204041,26448492,364285284,137436949,137436949,933908,802,0,0
C035062,2487656,29851872,1698217,20378604,84458965,68538516,65030543,534729,757,0,0
C035063,3489941,41879292,1921736,23060832,96997980,23674765,23674765,271264,768,0,0
C035064,4392713,52712556,1939999,23279988,56431215,125585362,95955145,640022,730,0,1
C035065,2603899,31246788,1831951,21983412,134055884,41103810,32603835,293857,755,0,0
C035066,2202029,26424348,1366642,16399704,51965251,19576575,12633263,308716,761,0,0
C035067,3173829,38085948,1536921,18443052,163786132,36207612,28350765,428243,839,0,0
C035068,6398527,76782324,3830868,45970416,1063788636,110089812,64575771,850780,720,0,0
C035069,2811796,33741552,2244627,26935524,72167859,21448304,19433137,194962,686,0,1
C035070,6775596,81307152,3919527,47034324,242693688,55326835,55326835,492819,842,0,0
C035071,3723872,44686464,2862053,34344636,111903077,22279397,19983916,285009,830,0,0
C035072,3317396,39808752,1634211,19610532,99532642,47541136,28456743,112877,862,0,0
C035073,4112118,49345416,2218560,26622720,257833256,26471239,23567330,263965,839,0,0
C035074,10286295,123435540,6201554,74418648,436442115,135572078,64997063,331046,856,0,0
C035075,3448109,41377308,2687653,32251836,386135994,25140564,16930619,219052,845,0,0
C035076,7656149,91873788,3259823,39117876,236435713,67606457,50154718,561789,752,0,0
C035077,6394754,76737048,3430872,41170464,176344909,93517834,89030009,818725,820,0,0
C035078,2542869,30514428,2113927,25367124,53867588,43491375,39936446,270266,748,0,0
C035079,3768607,45223284,1684336,20212032,386464992,64552783,41645332,494286,808,0,0
C035080,2525126,30301512,1251095,15013140,62414757,26574943,23988812,172476,768,0,0
C035081,6682822,80193864,5070617,60847404,89453772,182032386,165700859,1165376,773,0,0
C035082,6012654,72151848,3734446,44813352,263265877,96390404,64650687,492596,797,0,0
C035083,5592981,67115772,3951729,47420748,128978309,53508293,19744708,111860,822,0,0
C035084,3155213,37862556,2229405,26752860,41986488,123999211,115008280,824412,666,0,0
C035085,4928717,59144604,3340321,40083852,113758195,104217297,91897364,1125585,691,1,0
C035086,4541708,54500496,2873439,34481268,174453049,64910785,64910785,612436,786,0,0
C035087,3358843,40306116,2287610,27451320,102950696,51692472,40843304,526368,809,0,0
C035088,4583155,54997860,2798606,33583272,67132825,51647852,39094381,771765,714,0,0
C035089,11871434,142457208,3444792,41337504,874344199,111048958,107611942,1040301,813,0,0
C035090,5741307,68895684,2766549,33198588,208491305,92447956,72912150,537231,730,1,0
C035091,2399594,28795128,1795504,21546048,91528730,72339013,55590469,449202,834,0,0
C035092,2486936,29843232,1097756,13173072,44727952,44723709,32849292,290771,874,0,0
C035093,3082205,36986460,1847001,22164012,194678411,44897864,24330835,223535,760,0,0
C035094,4544554,54534648,2603848,31246176,449789668,228764371,217441923,1256743,768,0,0
C035095,6905067,82860804,4527879,54334548,551250441,96438465,96438465,525243,737,0,1
C035096,3342132,40105584,2575981,30911772,178936919,38696199,24897447,294910,892,0,0
C035097,2588026,31056312,2105004,25260048,87470254,32065544,24868819,436180,648,0,0
C035098,2487519,29850228,1536781,18441372,78341447,38942340,26233641,264391,776,0,0
C035099,2924972,35099664,1345652,16147824,114231983,62016177,40116319,343741,706,0,0
C035100,3281045,39372540,2156290,25875480,186014674,66201605,35616866,473277,710,0,1
C035101,3897175,46766100,2036909,24442908,79844507,41024599,30905289,398174,748,0,0
C035102,3505317,42063804,1691530,20298360,366770085,56185339,53260089,772191,737,1,0
C035103,7729105,92749260,4355835,52270020,458917099,22621848,22621848,747442,746,0,0
C035104,3567297,42807564,2767063,33204756,169227833,62512025,53565939,365044,794,1,0
C035105,2233464,26801568,723891,8686692,163412831,20284556,9248014,136711,861,0,0
C035106,7961615,95539380,5055020,60660240,321327292,93715719,37794151,1052186,731,0,0
C035107,6157924,73895088,4841271,58095252,433553794,135411817,100134227,785066,824,0,0
C035108,5808128,69697536,2700073,32400876,315402876,81904882,38929794,330251,791,0,0
C035109,2752553,33030636,1701434,20417208,118867938,24263222,20252693,111406,756,0,0
C035110,7392615,88711380,6530693,78368316,206773922,105141588,64640130,939057,744,0,0
C035111,4666057,55992684,1959630,23515560,365622658,68511689,62841287,792176,730,0,0
C035112,2623572,31482864,1941993,23303916,267610815,6260911,6260911,214242,757,0,0
C035113,4400130,52801560,2054947,24659364,296250199,60227712,60227712,550288,813,0,0
C035114,3401207,40814484,2509087,30109044,132076893,84501790,57261757,458255,690,0,1
C035115,7755047,93060564,2777704,33332448,325743400,163254360,142821656,1117826,719,0,0
C035116,4455393,53464716,2298088,27577056,217450676,45095209,27854295,606435,798,0,0
C035117,2402690,28832280,974941,11699292,101033938,18032086,4702594,74034,800,0,0
C035118,1800000,21600000,937216,11246592,90738614,29302244,23467205,190755,709,0,0
C035119,9957110,119485320,5533467,66401604,799482908,148125291,98754599,903960,772,0,0
C035120,3134110,37609320,1657606,19891272,172654011,15482740,14946359,62682,885,0,0
C035121,3639222,43670664,2707587,32491044,184162348,29962095,19041330,296888,854,0,0
C035122,8771358,105256296,5718365,68620380,284815213,112420104,104733456,1176823,784,0,0
C035123,3571533,42858396,2550572,30606864,215980553,72977502,72977502,552116,811,0,0
C035124,2537867,30454404,1121109,13453308,77993948,18500845,18500845,349397,790,1,0
C035125,6111544,73338528,3200931,38411172,672872489,31829867,26984140,380248,722,0,0
C035126,4820740,57848880,3168048,38016576,539302290,38126858,18748583,571182,807,0,0
C035127,4969760,59637120,3113799,37365588,489532311,16127794,11273940,392602,783,0,0
C035128,6314072,75768864,4292919,51515028,178563334,84222881,58734255,845750,736,1,0
C035129,4065199,48782388,1970593,23647116,95639261,46388956,28776388,362294,777,0,0
C035130,3245932,38951184,1144042,13728504,19223539,67562400,51564565,512262,848,0,0
C035131,2348974,28187688,1116593,13399116,88703987,17484326,17484326,207719,824,0,0
C035132,3257216,39086592,2037074,24444888,125927292,49318147,49318147,356502,832,0,0
C035133,7698062,92376744,4155010,49860120,191542845,113278092,71355222,700534,718,0,1
C035134,6214779,74577348,2985804,35829648,255558781,80601649,80601649,844679,780,0,0
C035135,3948030,47376360,2052047,24624564,214339902,122374954,101385858,690377,733,0,0
C035136,4804283,57651396,2933916,35206992,280641865,59847908,43774713,334038,771,0,0
C035137,4645343,55744116,2246065,26952780,336781486,90558349,58980852,571512,726,0,0
C035138,3903615,46843380,1560286,18723432,596748268,30649444,30649444,647261,843,0,0
C035139,5214305,62571660,3625473,43505676,152074812,23245863,15743273,104286,771,0,0
C035140,3332977,39995724,2283789,27405468,211023485,23792132,23792132,252630,787,0,0
C035141,3786617,45439404,2243729,26924748,193518001,78101827,54707751,464784,751,0,0
C035142,2969233,35630796,1813111,21757332,72615625,26813327,21605668,421262,798,0,0
C035143,4470867,53650404,2771605,33259260,99610822,110438668,84866895,658481,761,0,0
C035144,2287209,27446508,948764,11385168,50144730,11700876,5773905,50000,842,1,0
C035145,4374368,52492416,2727432,32729184,146444410,64039485,64039485,745599,725,0,0
C035146,4569965,54839580,3119715,37436580,339480311,71496788,56921270,464416,809,1,0
C035147,3250301,39003612,2901697,34820364,317852701,23699403,23699403,372564,711,0,0
C035148,10919203,131030436,6603880,79246560,235289452,416626395,381495188,3071529,677,0,0
C035149,3550721,42608652,2141697,25700364,289215963,55111969,35969362,284976,754,0,0
C035150,3243821,38925852,1620406,19444872,190459767,47252674,26503194,246377,798,0,0
C035151,6252164,75025968,4237697,50852364,85263989,76281219,64972198,811880,872,0,0
C035152,4016835,48202020,3131365,37576380,77885360,28208770,28208770,80337,845,0,0
C035153,3377304,40527648,1706389,20476668,567387072,27046067,16164149,237968,891,0,0
C035154,5595232,67142784,1925716,23108592,177679201,53040767,18230701,335868,784,0,0
C035155,6113453,73361436,4542463,54509556,317515671,48078933,24011596,354798,825,0,0
C035156,3538364,42460368,2538807,30465684,186081268,25923374,21163648,316227,701,0,0
C035157,4753350,57040200,2030907,24370884,169660350,66859473,43076587,702681,910,0,0
C035158,4478182,53738184,2058315,24699780,201869441,89684647,88931717,567999,912,0,0
C035159,2907083,34884996,1462751,17553012,333700490,34002988,30190899,273622,798,0,0
C035160,5295925,63551100,2420814,29049768,120767867,38962191,27657219,363288,890,0,0
C035161,3717396,44608752,2308048,27696576,107378541,47216818,41328230,470348,799,0,0
C035162,4074965,48899580,2209826,26517912,404982052,23483297,16634966,153190,740,2,0
C035163,3232310,38787720,2000179,24002148,204808645,36558686,33154146,493438,763,0,0
C035164,8779214,105350568,5149672,61796064,240042076,78782048,59355471,453724,780,1,0
C035165,4056437,48677244,2641545,31698540,147624351,64518905,34897199,495622,785,0,0
C035166,2666161,31993932,1386087,16633044,107295579,40576464,33078647,360390,785,1,0
C035167,4844213,58130556,2352468,28229616,87243920,124452462,106269836,1171594,711,0,1
C035168,6718452,80621424,5301424,63617088,225633106,78714766,71573189,794048,696,0,0
C035169,8173592,98083104,4701627,56419524,452486438,72985684,51744464,163472,840,0,0
C035170,4417455,53009460,3160630,37927560,106272732,60706173,40465614,449449,772,0,0
C035171,5076354,60916248,3669595,44035140,178726089,31889413,23470619,412216,745,0,0
C035172,3161241,37934892,1531368,18376416,33700144,29763043,18129930,268624,694,0,0
C035173,3979407,47752884,2339437,28073244,107878004,30120370,30120370,482342,911,0,0
C035174,3443034,41316408,2015296,24183552,95048161,43640250,40493861,249348,825,0,0
C035175,5212932,62555184,3592821,43113852,223294466,150293173,126337566,938982,749,0,0
C035176,5868555,70422660,2956461,35477532,339302178,38865562,38865562,300703,771,0,0
C035177,4789669,57476028,3037514,36450168,315997825,223457216,210114297,1616501,757,0,0
C035178,3511427,42137124,1594433,19133196,148272954,53339452,39327819,348151,764,0,0
C035179,4558662,54703944,2545798,30549576,217929187,60393913,52795385,804199,732,0,0
C035180,9096857,109162284,4822413,57868956,236959469,209025150,171517889,1094538,822,0,0
C035181,2249889,26998668,1390750,16689000,15505371,7694663,7694663,101786,834,0,0
C035182,4777658,57331896,2422984,29075808,524392658,70709099,51449598,542199,720,0,0
C035183,3889755,46677060,2720811,32649732,208237569,34233274,34233274,318315,771,0,0
C035184,4889657,58675884,2773518,33282216,106987490,95074092,95074092,363117,784,0,0
C035185,5852654,70231848,4323397,51880764,71749414,73880654,73880654,748499,768,0,0
C035186,2166477,25997724,1396243,16754916,156816716,65028215,62484230,447641,805,0,0
C035187,7863061,94356732,4748853,56986236,199873794,75235426,43815617,594807,769,0,0
C035188,2417759,29013108,804400,9652800,41998780,38556984,31966559,392468,779,0,0
C035189,4326961,51923532,2091733,25100796,73055248,46759872,35993506,345351,700,0,0
C035190,7208488,86501856,2832956,33995472,189278105,55135193,55135193,598626,794,0,0
C035191,4568614,54823368,2068000,24816000,218239564,47267424,34222291,91372,762,0,0
C035192,6377043,76524516,3056022,36672264,219075412,60013342,49890527,333009,832,0,0
C035193,4100588,49207056,2763773,33165276,215019457,91269038,63900350,764755,745,0,0
C035194,2803601,33643212,1644860,19738320,137508407,52342399,50489135,421931,757,0,0
C035195,2231273,26775276,1181171,14174052,71299457,7484149,3071872,188871,813,0,0
C035196,3454027,41448324,2607807,31293684,59173948,69534499,50408944,267548,748,0,0
C035197,11970327,143643924,5623523,67482276,348080106,172551410,121702714,1452402,834,0,0
C035198,4415023,52980276,1950388,23404656,109605933,57264007,54221207,382662,751,1,0
C035199,3341954,40103448,1523046,18276552,56209674,31958261,25138733,196614,750,0,0
C035200,6847944,82175328,3165104,37981248,634671628,68816171,38324450,173786,742,0,0
C035201,3433741,41204892,2508852,30106224,254764675,77010288,68189573,538301,818,0,0
C035202,2272025,27264300,1181344,14176128,78063471,68557738,65088629,536752,721,0,0
C035203,3615645,43387740,1926803,23121636,206116191,24134003,24134003,286591,827,0,0
C035204,4050201,48602412,2733917,32807004,313763401,56503273,47658306,463088,667,0,0
C035205,4208966,50507592,2892158,34705896,214622450,14821688,11771555,226919,741,0,0
C035206,4649943,55799316,2899065,34788780,249967403,101189588,78710205,760381,755,0,1
C035207,5938712,71264544,3459727,41516724,189721117,71169842,27481049,501263,804,1,0
C035208,3002912,36034944,1045959,12551508,55838415,38865325,38865325,424211,816,0,0
C035209,4668549,56022588,1698134,20377608,784316232,27210822,27210822,427952,820,0,0
C035210,3503117,42037404,2023851,24286212,161274856,59092601,27641792,260226,834,0,0
C035211,4461364,53536368,2901473,34817676,81447585,112469822,100999972,729586,770,0,0
C035212,3857281,46287372,2821279,33855348,73057287,22877990,19764497,442058,727,0,0
C035213,5204654,62455848,2502807,30033684,183358454,107509234,52983972,473822,787,0,0
C035214,3555782,42669384,2211044,26532528,333075158,74785399,64188554,613202,679,0,1
C035215,5258080,63096960,4502049,54024588,384425683,121959430,88551336,724048,753,0,0
C035216,3075536,36906432,1215279,14583348,78850798,37922794,24493656,411437,832,1,0
C035217,3661607,43939284,2038238,24458856,177883563,69886558,59844656,619701,734,0,0
C035218,6125779,73509348,3537490,42449880,443382035,139770524,136856254,1034923,738,0,0
C035219,2303627,27643524,1462690,17552280,85870805,17555376,14858050,271841,706,0,0
C035220,5777311,69327732,3043757,36525084,200587792,97793874,53815849,251265,836,0,0
C035221,4249227,50990724,2462103,29545236,180229831,49918280,28637829,247996,751,1,0
C035222,11181646,134179752,5263199,63158388,712688536,75049770,56679361,369008,766,0,0
C035223,2573814,30885768,857777,10293324,107462036,44493561,44493561,321372,806,0,0
C035224,7025879,84310548,2552486,30629832,831279975,166768522,166768522,1347655,762,0,0
C035225,4976916,59722992,2889980,34679760,272628147,61357911,61357911,711992,752,0,0
C035226,4681218,56174616,2331254,27975048,496416832,62910172,55676103,512594,872,0,0
C035227,4219731,50636772,2712656,32551872,236335058,64135034,32309717,379268,752,0,0
C035228,3554721,42656652,2103689,25244268,124290358,104382282,98908030,802914,777,0,1
C035229,3015585,36187020,1343546,16122552,56998417,34699311,24725948,89196,846,0,0
C035230,5355085,64261020,3750677,45008124,335594166,78263812,61852514,383349,785,0,0
C035231,2449391,29392692,1602752,19233024,165293180,29422176,22166154,304924,807,0,0
C035232,4008992,48107904,2750208,33002496,283235770,55312480,43959074,711494,763,0,1
C035233,5050432,60605184,3065600,36787200,382928696,80873278,58298064,475917,849,0,0
C035234,3923819,47085828,2855997,34271964,115569734,46463441,20136001,483000,697,0,0
C035235,3081663,36979956,2381246,28574952,115849329,19309346,19309346,203248,764,0,0
C035236,4627792,55533504,2275257,27303084,188212632,29046999,19335193,389181,809,0,0
C035237,3606171,43274052,2206835,26482020,149978682,86974355,77633660,368138,731,0,0
C035238,3132780,37593360,1768565,21222780,311304507,49068121,49068121,313072,743,0,0
C035239,3041214,36494568,1741399,20896788,90055350,14454855,13746169,301031,696,0,0
C035240,3827132,45925584,2573449,30881388,382050913,112091496,105004681,919275,672,0,0
C035241,7441830,89301960,5456923,65483076,527074589,162872926,144154029,1457495,699,0,0
C035242,3945672,47348064,2164111,25969332,148526664,111667032,99420563,633210,695,0,0
C035243,4150487,49805844,2971449,35657388,251171656,86472639,53090619,174409,679,1,0
C035244,3828544,45942528,2565120,30781440,276419620,62415370,35906106,388569,700,1,0
C035245,3197662,38371944,1245674,14948088,87745839,48997579,35680399,501160,825,0,0
C035246,7716990,92603880,3558169,42698028,747827059,82612487,66443262,946793,816,0,0
C035247,2273744,27284928,1301970,15623640,76697692,7376896,4638797,151231,813,0,0
C035248,4280458,51365496,1498661,17983932,138619080,51033274,26574331,365679,837,0,0
C035249,3342766,40113192,1356151,16273812,324462605,114215279,93772076,543174,741,0,0
C035250,5892539,70710468,2997315,35967780,275623067,138955427,138955427,1240286,674,0,1
C035251,2817078,33804936,1298023,15576276,103753332,14457415,10842598,56342,764,0,0
C035252,6493497,77921964,4581166,54973992,83702457,127336469,101064597,373695,777,0,0
C035253,2010599,24127188,1337269,16047228,66279546,51621056,44699665,355638,744,0,0
C035254,2938840,35266080,1556589,18679068,83247761,33897188,28857209,278340,768,0,0
C035255,5511677,66140124,3510345,42124140,706829963,123291282,104384442,1097686,677,1,0
C035256,7903819,94845828,4827582,57930984,762025235,117603248,105110444,1038791,820,0,0
C035257,7617271,91407252,3062489,36749868,455086343,42198709,25356284,446460,749,0,0
C035258,4275310,51303720,1843286,22119432,41274793,117877059,112084125,699751,814,0,0
C035259,6641796,79701552,3560141,42721692,154413247,89302102,72476048,545018,773,0,1
C035260,9456296,113475552,5521818,66261816,240268096,195384954,119511741,888078,746,0,0
C035261,5087738,61052856,3831058,45972696,505944669,97911060,96028396,578213,730,0,1
C035262,3306186,39674232,2418534,29022408,311827882,31734799,31734799,235076,750,0,0
C035263,4108297,49299564,3527408,42328896,82557032,108748611,108748611,903518,733,0,0
C035264,4898439,58781268,2919531,35034372,261037265,55970557,51034088,715776,769,1,0
C035265,4899609,58795308,2698944,32387328,211250963,64413731,64413731,422747,771,0,0
C035266,4071989,48863868,2876499,34517988,123660498,19085923,18077300,424730,686,0,0
C035267,2684421,32213052,876479,10517748,142887905,52277329,45060969,387821,788,0,0
C035268,4964567,59574804,3444468,41333616,278514478,59618543,52169598,685479,788,0,0
C035269,2563578,30762936,1200063,14400756,151853923,29681935,24271534,345656,888,0,0
C035270,2976535,35718420,1309475,15713700,500057880,38425549,29802514,238061,761,0,0
C035271,5549912,66598944,3567240,42806880,221913146,111435719,111435719,1442334,791,0,1
C035272,3634369,43612428,2954574,35454888,37737357,6518319,6518319,160020,723,0,0
C035273,4809320,57711840,1756242,21074904,230313251,78891211,78891211,572586,768,0,0
C035274,4460851,53530212,3480092,41761104,64105546,199114296,195165487,1204947,629,1,1
C035275,4578253,54939036,2202836,26434032,88998151,41710290,33358950,206352,834,0,0
C035276,2382070,28584840,1629256,19551072,127590060,10473303,10473303,142365,806,0,0
C035277,6114897,73378764,4041779,48501348,147141794,159633498,134828977,721273,746,0,0
C035278,3436541,41238492,1886483,22637796,132642046,48426533,42402665,363676,819,0,0
C035279,4308228,51698736,3440698,41288376,501549169,79355290,53377034,691749,650,4,1
C035280,4469301,53631612,3202354,38428248,189267292,37451000,10219629,89386,713,0,0
C035281,3352343,40228116,2676305,32115660,173296454,19171004,12684623,130323,837,0,0
C035282,5746431,68957172,3479127,41749524,69958314,196933711,196933711,1126558,754,0,0
C035283,1800000,21600000,1242285,14907420,302400000,24884991,15778833,241875,910,0,0
C035284,3237445,38849340,2161629,25939548,90525882,16415835,6777753,64749,743,0,0
C035285,5217760,62613120,1850390,22204680,176220108,24986404,24986404,361208,811,0,0
C035286,3488464,41861568,2980052,35760624,55898029,36059677,25156722,214184,830,0,0
C035287,1800000,21600000,960648,11527776,37399988,25337392,18523802,124236,837,0,0
C035288,2069419,24833028,1025424,12305088,79157853,42742094,42742094,376987,763,0,0
C035289,5577435,66929220,4083304,48999648,438981399,56641368,37201849,376080,772,0,0
C035290,4462570,53550840,2926700,35120400,483565000,189882435,176829915,1163407,742,0,1
C035291,5241094,62893128,4158870,49906440,110316396,56828257,34513492,732404,674,0,1
C035292,2046453,24557436,924696,11096352,60888215,3447459,3447459,50000,812,0,0
C035293,6416706,77000472,3840187,46082244,387376981,91331353,67660557,881939,689,0,0
C035294,11527653,138331836,6459961,77519532,497004385,154417075,108873817,761054,856,1,0
C035295,2999136,35989632,1201990,14423880,243874778,19897959,9819165,146666,868,0,0
C035296,2509712,30116544,1641382,19696584,87600550,24355376,16320731,135389,813,0,0
C035297,6743771,80925252,4104066,49248792,275262282,75327274,72455807,390696,831,0,0
C035298,5650522,67806264,4789554,57474648,502587326,82978084,82978084,992928,795,0,1
C035299,2026454,24317448,1326025,15912300,45806034,32787810,26576250,212239,853,0,0
C035300,4156956,49883472,1563358,18760296,698368608,45991503,43557306,83139,764,0,1
C035301,3341474,40097688,2477441,29729292,70961490,162858449,152736595,1003652,687,0,1
C035302,7485191,89822292,4824846,57898152,190709325,129643128,129643128,814823,735,0,0
C035303,4903328,58839936,3823225,45878700,144077026,107970804,107970804,652659,772,0,0
C035304,6922752,83073024,3701324,44415888,211066127,252364241,218120159,1493155,804,0,0
C035305,7197116,86365392,3395694,40748328,279801386,170938594,138366506,1230580,784,1,0
C035306,4104266,49251192,2318730,27824760,580327688,32863178,32863178,331581,823,0,0
C035307,7305006,87660072,4177103,50125236,521629285,163919540,159034675,1591061,722,0,0
C035308,2964114,35569368,1751209,21014508,52383192,22942383,19051488,154663,854,0,0
C035309,5803453,69641436,3447851,41374212,376484130,66163776,51221924,441045,830,0,0
C035310,3441666,41299992,1755423,21065076,137368047,126726225,121228134,870546,800,0,0
C035311,2467103,29605236,1378238,16538856,116907624,23893801,21375429,251439,788,0,0
C035312,6872485,82469820,5158993,61907916,352858249,47945410,45060572,694687,752,0,0
C035313,2043876,24526512,1224160,14689920,99976379,30099499,15062172,184998,792,0,0
C035314,3192665,38311980,1892777,22713324,141776445,52349859,40407129,494156,706,0,0
C035315,2812619,33751428,784875,9418500,105287908,45813000,37114986,285554,932,0,0
C035316,2217794,26613528,1912307,22947684,68338939,12055654,8810657,124100,735,1,1
C035317,6457364,77488368,5401539,64818468,183565092,127269332,108110951,786251,696,0,0
C035318,2829389,33952668,1729411,20752932,67968221,20009919,10402928,211139,723,0,0
C035319,4866096,58393152,1803192,21638304,146088796,138370358,126422709,913166,795,0,0
C035320,2700546,32406552,1178558,14142696,63705274,31285299,21023515,335041,859,0,0
C035321,3446443,41357316,1829813,21957756,107562327,27793881,21923966,247280,734,0,0
C035322,4057371,48688452,2728416,32740992,123621933,18125990,18125990,410756,704,0,0
C035323,5030691,60368292,1634404,19612848,416361968,101566165,80381164,369657,783,0,0
C035324,4246863,50962356,1820743,21848916,277085398,45249625,29617015,200749,777,0,0
C035325,5439183,65270196,3621401,43456812,552909019,37592543,20000610,219162,779,1,1
C035326,3773077,45276924,1939602,23275224,314551901,46683835,32931609,516681,787,0,0
C035327,5249088,62989056,1454704,17456448,109496122,34786285,25582291,177580,862,0,0
C035328,3030989,36371868,1423774,17085288,189516549,28546201,22212074,363228,673,1,0
C035329,3471552,41658624,1481221,17774652,256381312,37938886,26900209,270367,836,0,0
C035330,2907576,34890912,1909468,22913616,112049738,20669896,10125864,58152,737,0,0
C035331,6367722,76412664,4067386,48808632,658785218,70555566,32407876,127354,790,0,0
C035332,2366580,28398960,1437892,17254704,51179079,16941048,16941048,216630,835,0,0
C035333,4182359,50188308,1480477,17765724,110625591,76317017,63117792,603949,812,0,0
C035334,4732224,56786688,2356785,28281420,203235281,60966094,60966094,617535,867,0,0
C035335,3546387,42556644,3366145,40393740,71743426,67763002,59405589,275215,795,1,0
C035336,4810061,57720732,2718423,32621076,44758131,70331338,47486499,208604,836,0,0
C035337,5576906,66922872,2828443,33941316,136697538,129058677,92208034,395074,761,0,0
C035338,2784738,33416856,1454790,17457480,66121571,50799655,34018871,127382,738,1,1
C035339,8278629,99343548,5638735,67664820,170719903,185342325,124391882,834918,767,0,0
C035340,2718570,32622840,1909534,22914408,171706677,43719034,33448047,454621,684,0,0
C035341,2834168,34010016,1804505,21654060,59697425,33651012,33158001,325910,753,0,0
C035342,3717995,44615940,2273270,27279240,118640873,41598354,31659457,142651,702,0,0
C035343,3810378,45724536,2259851,27118212,162885741,101606826,92519099,985506,605,0,0
C035344,1800000,21600000,772835,9274020,34965544,26497314,21958423,84779,850,1,0
C035345,4153735,49844820,2330142,27961704,205625591,47840865,18150700,239559,839,0,0
C035346,3680191,44162292,2365970,28391640,88256546,19857668,12485360,449705,762,0,0
C035347,3831544,45978528,2176383,26116596,311896066,24547253,5744560,424818,697,1,0
C035348,3074942,36899304,1667836,20014032,111188629,45153633,35275067,368081,745,0,0
C035349,4564255,54771060,2865632,34387584,127562056,117463612,87722489,944971,774,0,0
C035350,5527654,66331848,3005182,36062184,232360781,27672850,27672850,833469,758,0,0
C035351,5558285,66699420,3791298,45495576,265340865,97631033,97631033,453395,818,0,0
C035352,2662034,31944408,1783127,21397524,85217978,30940421,16499356,465861,761,0,0
C035353,3286241,39434892,2553768,30645216,181337750,75862179,68432500,589097,747,0,0
C035354,9113154,109357848,5592341,67108092,68429040,147558406,133682533,1160502,860,0,0
C035355,3980778,47769336,3212722,38552664,329776170,96876566,79239169,831094,694,0,0
C035356,4956862,59482344,3599114,43189368,56142011,73989229,62988448,955216,734,0,1
C035357,2619226,31430712,1679268,20151216,122928897,42174444,35665828,197287,747,0,0
C035358,3397641,40771692,2663050,31956600,67225566,16381606,16381606,123388,684,0,0
C035359,3592331,43107972,2724300,32691600,80802157,20934664,9592867,302240,719,1,0
C035360,5424582,65094984,2867376,34408512,462041327,50395201,31521204,135286,868,0,0
C035361,3179175,38150100,2649424,31793088,421914192,93646933,76582749,637578,637,4,1
C035362,3388435,40661220,2349436,28193232,93090520,106589391,99080145,587901,848,0,0
C035363,4170024,50040288,2233600,26803200,223463722,30265251,14923002,213073,697,0,0
C035364,2596694,31160328,1816438,21797256,185474409,144123367,140221476,1042087,631,0,1
C035365,5543403,66520836,3426115,41113380,362838415,64511507,64511507,428547,737,0,0
C035366,5287832,63453984,3815201,45782412,175912532,88069242,75156707,749724,772,0,0
C035367,3851104,46213248,1767184,21206208,153347250,27656721,7306801,316440,820,0,0
C035368,9539416,114472992,7002759,84033108,852971986,134052394,102550957,883141,791,0,0
C035369,10984566,131814792,5003933,60047196,638613993,201596100,201596100,1689830,869,0,0
C035370,2060003,24720036,1106909,13282908,121727885,13660769,6360592,249451,802,0,0
C035371,3912242,46946904,2861763,34341156,123752510,38533242,27072456,469857,752,0,0
C035372,2539091,30469092,1421596,17059152,107239843,41197546,33287063,373195,708,0,0
C035373,4742693,56912316,2074293,24891516,201268017,22670471,20197559,151519,920,1,0
C035374,5968038,71616456,3855827,46269924,645493675,88546045,63093326,651921,804,0,0
C035375,3805448,45665376,2149046,25788552,85648864,66833273,53139803,349180,837,0,0
C035376,3236386,38836632,1694331,20331972,543712848,87725558,87725558,764134,766,1,1
C035377,7985000,95820000,5694128,68329536,98793769,85989229,78008897,1332579,677,0,0
C035378,3510312,42123744,3001569,36018828,383063045,43435093,10126756,354975,693,0,1
C035379,3669017,44028204,1998977,23987724,169780220,126238713,119135672,994322,780,0,0
C035380,5597822,67173864,5350356,64204272,194948123,141554736,102968486,569288,681,1,1
C035381,4311681,51740172,2805257,33663084,65417688,84646981,45426325,459216,781,0,0
C035382,3775500,45306000,1597439,19169268,112923253,34750614,30683896,332635,827,0,0
C035383,4305997,51671964,2380515,28566180,500601316,148192637,126984707,1077594,736,0,0
C035384,8858791,106305492,7576132,90913584,587079841,101740608,87209088,511986,745,0,0
C035385,4027595,48331140,3115459,37385508,85359313,76200047,56393176,288422,768,0,0
C035386,6520969,78251628,4621623,55459476,221539078,75727542,42604055,385969,776,0,0
C035387,2846942,34163304,2156364,25876368,177689268,68549916,61524844,328349,712,0,0
C035388,4252425,51029100,3631570,43578840,120916617,95614364,76333491,756822,710,0,1
C035389,3701452,44417424,2936381,35236572,174369471,63099543,40288840,507514,725,0,0
C035390,4949220,59390640,2629331,31551972,112267108,27848022,27848022,349445,853,0,0
C035391,3301559,39618708,1936298,23235576,88656944,19462691,13986675,321563,807,0,0
C035392,6421481,77057772,3550503,42606036,1078808808,130563865,128831917,1248919,950,0,0
C035393,1958312,23499744,840067,10080804,146442265,30919751,23605186,98113,802,0,0
C035394,2632741,31592892,1707890,20494680,40371336,32293246,26984422,164308,672,1,1
C035395,4729846,56758152,2637375,31648500,187779243,41325190,41325190,416732,781,0,0
C035396,2072310,24867720,1035468,12425616,189402319,24489889,24489889,178008,835,0,0
C035397,3696014,44352168,2145322,25743864,99214829,17028559,17028559,107838,778,0,0
C035398,2074399,24892788,1350553,16206636,119949891,23955082,10828843,156030,640,0,0
C035399,4780524,57366288,2507763,30093156,83132059,32612693,26254663,414336,830,0,0
C035400,6046602,72559224,2968098,35617176,442208408,38633398,38633398,636982,921,0,0
C035401,4871097,58453164,2068462,24821544,818344296,52235491,48937517,528159,747,1,0
C035402,2910082,34920984,1861051,22332612,132203646,29288693,9437700,58202,771,0,0
C035403,2258316,27099792,1382066,16584792,105867247,61645461,55572695,383027,779,0,0
C035404,6633587,79603044,3505142,42061704,187298283,29517167,18957256,416495,853,0,0
C035405,5152692,61832304,3113823,37365876,303573764,99233824,88793766,628560,776,0,0
C035406,2415914,28990968,1485833,17829996,57448192,26659099,12856983,310390,704,1,0
C035407,4189140,50269680,3133843,37606116,194408180,56578944,39888026,189290,802,0,0
C035408,2762145,33145740,1711593,20539116,27940045,65922407,52803150,662275,668,0,1
C035409,5496797,65961564,3255852,39070224,362466543,56969884,37247786,590467,725,0,0
C035410,2265765,27189180,1223987,14687844,48974290,29509310,24196248,143030,765,0,0
C035411,6311195,75734340,2910618,34927416,352520321,63920125,34850518,434181,781,0,0
C035412,4737344,56848128,2203272,26439264,119664485,101214851,94690162,597465,756,0,0
C035413,4008996,48107952,1783638,21403656,249121626,21542165,17912681,303613,828,0,1
C035414,3130357,37564284,2531166,30373992,154748012,53867936,49495745,450761,742,0,0
C035415,2369451,28433412,1119209,13430508,166538004,42431293,37690447,295872,702,0,0
C035416,7385705,88628460,3998065,47976780,515921422,58278053,38584888,488996,641,0,0
C035417,4982297,59787564,3864689,46376268,247543374,64648400,37043163,274059,679,1,0
C035418,3793469,45521628,2581837,30982044,226196419,35016318,32369429,343521,664,0,1
C035419,3181551,38178612,1034306,12411672,69719211,39327975,33355041,372808,830,0,0
C035420,2860524,34326288,1550953,18611436,75602804,22478175,22478175,179191,774,0,0
C035421,5232103,62785236,5043949,60527388,233214512,113826929,100615676,855555,788,0,0
C035422,3146080,37752960,1973653,23683836,146927668,38708297,38708297,412662,823,0,0
C035423,4672515,56070180,1217575,14610900,360052073,41772833,41772833,93450,753,1,0
C035424,3692899,44314788,2158048,25896576,120682252,81847455,74544459,501953,819,0,0
C035425,6985185,83822220,3929739,47156868,413724265,127014236,95566146,1542557,753,0,0
C035426,1800000,21600000,1156679,13880148,119065600,27517216,11886037,258844,623,1,0
C035427,6175990,74111880,4195994,50351928,159653964,216707741,203518761,1750217,633,2,1
C035428,3013259,36159108,1595141,19141692,79011413,124547257,111630656,757301,712,0,0
C035429,4643823,55725876,3066788,36801456,765297522,54517797,38652939,616903,762,0,0
C035430,4229699,50756388,2529456,30353472,109104767,33568854,23458167,268710,816,0,0
C035431,3714645,44575740,2505873,30070476,127418054,71532312,54423518,569045,736,1,0
C035432,3376762,40521144,1626411,19516932,207338155,16961022,13409774,232665,828,0,0
C035433,3905934,46871208,2496808,29961696,247782143,39724755,22410835,354985,875,0,0
C035434,3942961,47315532,2111623,25339476,430567680,16437616,11995732,308833,771,0,0
C035435,4807338,57688056,3477849,41734188,500005208,101816557,75933166,794412,793,0,0
C035436,3717837,44614044,929459,11153508,151143679,65054784,53401079,390414,815,0,0
C035437,3350081,40200972,1507431,18089172,56994425,45708388,30026955,105127,802,0,0
C035438,4672837,56074044,2637690,31652280,140604462,68200263,38640583,334577,853,0,0
C035439,6422360,77068320,3784379,45412548,548335328,62055285,62055285,337389,799,0,0
C035440,1800000,21600000,686851,8242212,123101287,20711285,19166786,189751,836,0,0
C035441,3103355,37240260,1182201,14186412,201026989,30835182,30835182,238998,800,0,0
C035442,1800000,21600000,662654,7951848,49759704,21068790,12991973,125711,799,0,0
C035443,4192348,50308176,1451035,17412420,296104690,59575200,33521784,419217,844,0,0
C035444,5456564,65478768,2451044,29412528,202724219,51502469,27940432,440401,721,0,0
C035445,3290189,39482268,2421574,29058888,79288418,48736925,38004729,505685,720,0,1
C035446,1837271,22047252,975069,11700828,134830392,20057852,15309761,175319,943,0,0
C035447,2353721,28244652,1795625,21547500,129383959,115108446,98547571,566256,601,0,1
C035448,4640298,55683576,2349426,28193112,129731637,158680255,148044826,971528,786,0,0
C035449,4925554,59106648,2333435,28001220,211137113,57733057,33474200,481545,776,0,0
C035450,4275173,51302076,2412159,28945908,198995293,55522432,33644946,585789,872,0,0
C035451,2646255,31755060,1307543,15690516,110247448,43467168,29272035,238650,835,0,0
C035452,5041226,60494712,3138335,37660020,180151114,102097800,78509095,804498,692,0,0
C035453,2604527,31254324,1748048,20976576,136145148,34308875,24142836,395499,671,0,1
C035454,6892431,82709172,4340118,52081416,541681876,52636231,16133725,412870,771,0,0
C035455,4608331,55299972,2226273,26715276,357083798,60924260,60924260,516262,832,0,0
C035456,4334138,52009656,1928952,23147424,76880119,58890792,51121312,706629,823,0,0
C035457,3973789,47685468,2344009,28128108,181105976,60256721,60256721,483313,811,0,0
C035458,4097785,49173420,2581946,30983352,174454728,51921089,46904290,458947,855,0,0
C035459,5965589,71587068,3452689,41432268,148801861,54381479,54381479,428862,749,0,0
C035460,3202553,38430636,1163748,13964976,147167484,80321708,78245758,674994,792,0,0
C035461,8157487,97889844,4881091,58573092,1064749158,135917912,110948869,964901,777,1,0
C035462,3117438,37409256,1949317,23391804,356311877,44781782,41708998,441788,800,0,0
C035463,2309495,27713940,1179437,14153244,94026328,26531917,26258889,135818,781,0,0
C035464,2185128,26221536,1594817,19137804,43769238,9797248,9797248,58519,785,1,0
C035465,2546935,30563220,1688994,20267928,34735982,45520535,42172367,331888,770,0,0
C035466,2668624,32023488,1792219,21506628,169743080,21093127,18536586,345697,789,0,0
C035467,5126693,61520316,2382463,28589556,111664891,41034734,41034734,320044,774,0,0
C035468,2859351,34312212,1879877,22558524,49810274,23923480,21165269,280043,688,0,1
C035469,2671442,32057304,2259887,27118644,101509407,74502995,69375162,595267,617,0,1
C035470,6006619,72079428,3507483,42089796,250807206,294908951,270282599,1947948,663,1,1
C035471,3545384,42544608,1574063,18888756,514618021,45386877,45386877,113801,775,0,0
C035472,6368321,76419852,4168072,50016864,426578491,60562121,38295908,976927,729,0,0
C035473,3692596,44311152,3748691,44984292,588807656,45846389,32027162,335915,700,0,0
C035474,3387191,40646292,1632578,19590936,262389216,38534512,28471914,67744,774,0,0
C035475,5884382,70612584,3222864,38674368,844958040,55642381,42922465,144037,855,0,0
C035476,3556937,42683244,2158571,25902852,56815565,50548133,30623224,218016,635,0,1
C035477,5347316,64167792,2983210,35798520,459561010,26537467,25723468,106946,781,0,0
C035478,5650857,67810284,3128390,37540680,117616917,45025151,25366109,204116,800,0,0
C035479,4311472,51737664,2469305,29631660,356833296,52295011,50535079,652640,849,0,0
C035480,3168160,38017920,2258841,27106092,65479492,14933865,14933865,191627,738,0,1
C035481,5784053,69408636,3405295,40863540,154323232,50330156,43340075,537349,848,0,0
C035482,3638354,43660248,2007828,24093936,511349326,44300217,33141753,320401,846,0,0
C035483,2261802,27141624,1086426,13037112,221674439,15864184,13480852,148807,948,0,0
C035484,3720035,44640420,2361419,28337028,176520891,47263116,30634572,200006,782,0,0
C035485,5568712,66824544,1937944,23255328,309367820,84641354,84641354,839362,819,0,0
C035486,4043021,48516252,2096290,25155480,375271092,81013547,73570006,724737,813,0,0
C035487,2514197,30170364,1309515,15714180,39297457,52297433,37234249,334502,768,0,0
C035488,3708045,44496540,2128789,25545468,622951560,30372846,20923154,84783,744,0,0
C035489,4271833,51261996,2767263,33207156,142264358,56550612,56550612,598890,813,0,0
C035490,5453079,65436948,4139815,49677780,357826395,41570327,35522407,300234,813,0,0
C035491,6901845,82822140,2695731,32348772,904480690,361439259,322388115,2084763,712,0,1
C035492,6055784,72669408,3254043,39048516,645096301,327012336,327012336,2358177,612,0,0
C035493,1800000,21600000,1114096,13369152,94679594,25357682,23439781,187980,788,0,0
C035494,3570017,42840204,1451607,17419284,140299174,47992149,32172476,337533,825,0,0
C035495,9427782,113133384,5183456,62201472,992508965,74482880,64641693,188556,766,0,0
C035496,5266544,63198528,3743087,44917044,98086338,122444029,112345273,753753,830,0,0
C035497,4336181,52034172,1821482,21857784,95479570,75740458,68814079,769252,810,0,0
C035498,3513064,42156768,1772126,21265512,72320354,88422029,74444055,730923,679,0,0
C035499,6660660,79927920,2117392,25408704,474212371,61785828,58242778,681083,856,0,0
C035500,5207213,62486556,3008211,36098532,357331619,48433679,25022574,252812,854,0,0
C035501,2337475,28049700,1064087,12769044,48446635,22352347,14893131,238201,875,1,0
C035502,7856975,94283700,4137307,49647684,209183275,106608210,94088092,1045077,844,0,0
C035503,3335284,40023408,1422377,17068524,399980846,39007725,23587817,115196,844,0,0
C035504,3454947,41459364,2143399,25720788,87243499,26109416,20146156,128811,784,0,0
C035505,5501181,66014172,2963688,35564256,203790064,30513073,20634705,501973,760,0,0
C035506,3063846,36766152,1609868,19318416,70705018,25300494,16102438,219003,850,0,0
C035507,3389364,40672368,2445346,29344152,214842804,31036929,10048283,356015,702,1,1
C035508,3933889,47206668,1142110,13705320,203355879,40130497,37567861,328672,745,0,0
C035509,7208391,86500692,5179390,62152680,214324877,186824784,171014866,1123376,832,0,0
C035510,2482205,29786460,1583666,19003992,164623852,15364046,15364046,231169,769,0,0
C035511,4476746,53720952,3106609,37279308,68981128,33154603,24125290,109878,698,0,0
C035512,4906570,58878840,4517212,54206544,65807548,39214032,13780200,153907,765,2,0
C035513,2631590,31579080,1064830,12777960,135954411,33225102,18780717,208900,801,0,0
C035514,4159115,49909380,2647710,31772520,343194362,41290659,25788380,277559,793,0,0
C035515,2165650,25987800,1309899,15718788,203480227,27267151,21609835,294906,744,0,0
C035516,2477867,29734404,1897447,22769364,166012832,47070282,46369685,488814,806,0,0
C035517,6504569,78054828,3178516,38142192,480336830,33829178,21212867,130091,837,0,0
C035518,3631902,43582824,1842117,22105404,146331611,71338983,46372339,355942,765,0,0
C035519,2651184,31814208,1245172,14942064,105756751,91424522,89205965,478495,828,0,0
C035520,6807173,81686076,5805875,69670500,533584256,279070333,222820969,1416397,728,0,0
C035521,4232973,50795676,3005894,36070728,188599831,73996770,56730435,1042332,675,0,0
C035522,3403086,40837032,2345438,28145256,48858967,83991975,83991975,647093,722,0,0
C035523,3253245,39038940,1828259,21939108,89368870,69790236,39416129,497978,718,0,0
C035524,2269305,27231660,1807691,21692292,244525024,59698926,47465643,297400,736,1,0
C035525,5987481,71849772,3237697,38852364,367532700,38647770,27598238,239452,913,0,0
C035526,3788731,45464772,3020059,36240708,230402824,19205146,11498210,286089,791,0,0
C035527,4343319,52119828,2968874,35626488,61610351,20687078,20687078,412579,881,0,0
C035528,1870892,22450704,1560619,18727428,44085517,54462145,50003600,408088,710,0,1
C035529,5087559,61050708,3199924,38399088,271182540,103447235,75773657,704697,816,0,0
C035530,1806828,21681936,1028514,12342168,272777208,11119930,8549870,142061,717,0,0
C035531,5196763,62361156,3552180,42626160,238183702,86963904,75401977,744932,793,0,0
C035532,2341399,28096788,1300014,15600168,93054958,35325617,17026574,260650,872,0,0
C035533,3516024,42192288,1211278,14535336,86219340,44781728,26374971,120380,825,0,0
C035534,7648376,91780512,4762929,57155148,239003118,124840910,75266724,799221,724,0,0
C035535,1800000,21600000,1099690,13196280,168659509,30197729,20426070,276612,735,0,0
C035536,3294189,39530268,1755528,21066336,91171402,21588461,18542038,112252,679,0,0
C035537,5193988,62327856,2047790,24573480,214667007,89937015,89937015,762675,829,0,0
C035538,9329148,111949776,5746358,68956296,1172095059,150906771,131786766,562484,808,0,0
C035539,2097803,25173636,1787565,21450780,82165142,20268356,10563943,161750,704,1,0
C035540,8811610,105739320,5881887,70582644,82440981,144298797,102573461,1031341,733,0,0
C035541,4170551,50046612,2562997,30755964,176310439,35289220,35289220,160800,688,0,0
C035542,2793028,33516336,758680,9104160,112881340,21328655,19538872,261293,842,0,0
C035543,5269442,63233304,2424150,29089800,219901047,99038197,83222254,932757,827,0,0
C035544,4991577,59898924,3368604,40423248,181134315,86262149,67980470,725654,704,1,1
C035545,5419563,65034756,2194417,26333004,308807683,99679128,99679128,844478,790,0,0
C035546,2378502,28542024,1295768,15549216,399588336,22720249,22720249,248574,681,1,0
C035547,4431444,53177328,2039686,24476232,281510239,85914909,85914909,576220,807,0,0
C035548,5430291,65163492,2143330,25719960,128311942,148730758,136889159,750707,737,1,0
C035549,8363329,100359948,3751575,45018900,194731443,342538113,273366524,2403046,659,0,1
C035550,2347652,28171824,1025647,12307764,394405536,63588204,42658724,363471,826,0,0
C035551,3742400,44908800,2317722,27812664,163133099,56632611,25465410,190758,817,0,0
C035552,4523099,54277188,1650191,19802292,237014670,18323443,17351805,354957,853,0,0
C035553,4406688,52880256,2576345,30916140,177893253,56509739,31946282,384344,769,0,0
C035554,2094190,25130280,1149050,13788600,299521857,43092382,34513103,256459,762,0,1
C035555,4233992,50807904,2394381,28732572,309298933,78513740,47245986,683259,751,0,0
C035556,5637611,67651332,2572350,30868200,762730353,72765614,54964829,330443,759,0,0
C035557,3875561,46506732,1426057,17112684,86814684,26285709,26285709,307916,802,0,0
C035558,2992788,35913456,1458221,17498652,238023509,16382285,8705634,270898,739,1,0
C035559,2765071,33180852,1702335,20428020,46139991,26679305,15350956,110802,862,0,0
C035560,3779283,45351396,1962303,23547636,613646669,50089564,43431652,526588,704,0,0
C035561,4414995,52979940,2474380,29692560,234734795,36920779,36920779,471825,735,0,0
C035562,4468149,53617788,3142044,37704528,238282856,78403340,49739763,312382,773,0,0
C035563,5024689,60296268,4230624,50767488,101845251,53048910,36794402,562464,791,0,0
C035564,8731237,104774844,3633530,43602360,518611376,47058535,37564083,440435,772,0,0
C035565,3021826,36261912,1345309,16143708,266226922,35719944,26518411,218198,727,0,0
C035566,5196503,62358036,3054074,36648888,157986309,62921543,45588718,316885,798,2,0
C035567,2773786,33285432,1590556,19086672,56329983,71250737,53010575,547694,634,0,0
C035568,3480914,41770968,2742302,32907624,415241949,58190777,57123027,503555,729,1,0
C035569,2965958,35591496,1896485,22757820,42144882,35810040,20486824,296353,765,0,0
C035570,8297652,99571824,3539582,42474984,381945004,147529373,135036175,1018208,897,0,0
C035571,2210260,26523120,1335320,16023840,222551622,19764754,18889983,228016,889,0,0
C035572,3049178,36590136,1558903,18706836,76094833,40194089,30582449,199018,693,0,0
C035573,4041514,48498168,2358687,28304244,180660266,15321258,8070282,248746,763,1,0
C035574,8011360,96136320,4622940,55475280,638535063,190186496,183032741,1224724,700,0,0
C035575,11110880,133330560,7604793,91257516,359416261,202993069,164447212,902806,718,0,0
C035576,3104305,37251660,872408,10468896,257147182,8017803,8017803,357565,825,0,0
C035577,3619385,43432620,1844050,22128600,62160936,78950180,63673535,693314,760,0,1
C035578,3364689,40376268,1901871,22822452,186588008,128926078,110578946,711471,627,0,0
C035579,4440049,53280588,2207291,26487492,102186828,16698662,13511962,140469,864,0,0
C035580,2096301,25155612,900473,10805676,63822328,10819697,4235315,74236,728,0,0
C035581,4060060,48720720,2539599,30475188,220175933,33319818,25659223,225168,848,0,0
C035582,4760435,57125220,4231793,50781516,106813905,23658582,17232818,795658,697,1,0
C035583,5509425,66113100,3745740,44948880,209189268,56784293,42596757,582361,809,0,0
C035584,6420410,77044920,3691362,44296344,278663118,55307345,35571202,530473,753,0,0
C035585,5500101,66001212,2794043,33528516,60790339,48141609,48141609,153980,868,0,0
C035586,3800711,45608532,2794548,33534576,183795560,20397265,16839418,87355,835,0,0
C035587,3308936,39707232,1798050,21576600,148835639,34890841,15711386,66179,859,0,0
C035588,4173407,50080884,2668189,32018268,167659761,44518714,33568175,232747,698,0,0
C035589,5161960,61943520,3520472,42245664,142038610,51317876,51317876,515805,756,1,1
C035590,2871841,34462092,2599345,31192140,145440866,41310866,29086714,177739,754,0,0
C035591,3724237,44690844,2278129,27337548,71172988,91412606,91412606,453559,700,1,1
C035592,5008596,60103152,4440782,53289384,26800202,62731072,32180632,478775,757,2,0
C035593,2444486,29333832,997083,11964996,84901701,16490453,4583173,57565,828,0,0
C035594,2952072,35424864,1146106,13753272,201668459,22337244,17938889,300283,707,0,1
C035595,5159457,61913484,2174914,26098968,150055510,90417356,90417356,761388,806,0,0
C035596,3555326,42663912,1478140,17737680,220766752,27919975,19498736,71107,775,0,0
C035597,2738962,32867544,1720965,20651580,141523346,25866046,11283105,292227,688,0,0
C035598,11427326,137127912,2856832,34281984,282706765,185783135,138440019,1944571,797,0,0
C035599,10716678,128600136,6424213,77090556,368582633,147295950,109855434,396393,865,0,0
C035600,3599317,43191804,2062488,24749856,39365315,33196429,33196429,446912,758,0,0
C035601,4532342,54388104,2631064,31572768,57201660,101996573,78661996,616310,774,0,0
C035602,4883188,58598256,1972909,23674908,341095456,101733321,78229486,692421,871,0,0
C035603,11169874,134038488,9305643,111667716,224767548,136948478,107398520,864846,741,0,0
C035604,4478376,53740512,2345429,28145148,180530968,67295334,55174246,262126,802,0,0
C035605,3281987,39383844,1968140,23617680,174278662,44024424,23164247,345466,791,0,0
C035606,2491491,29897892,1354834,16258008,190162758,47139662,40167474,408950,718,0,0
C035607,1800000,21600000,1140615,13687380,166809881,12629688,12629688,151141,786,0,0
C035608,7761825,93141900,3646772,43761264,217482060,170743578,145376241,843814,765,0,0
C035609,1800000,21600000,1157405,13888860,81772988,99285444,89320045,532240,675,0,0
C035610,5624008,67488096,2773090,33277080,196089241,31173973,31173973,330368,864,0,0
C035611,6566914,78802968,5939835,71278020,183679055,64915655,64915655,933354,844,0,0
C035612,1996746,23960952,976604,11719248,21178676,11786569,10452694,50000,819,0,0
C035613,2500788,30009456,1492644,17911728,141614581,36241988,26112955,289480,806,0,0
C035614,4649862,55798344,2474295,29691540,253440971,29115730,23150809,180681,843,0,0
C035615,4519137,54229644,1917673,23012076,146407583,140807616,123646150,967374,742,0,0
C035616,3259613,39115356,1733774,20805288,190436201,31285490,31285490,280014,885,0,0
C035617,5459237,65510844,3500268,42003216,541952628,70257537,35540802,607369,738,0,0
C035618,5649327,67791924,4742013,56904156,220943098,83688284,80242843,1038981,716,0,0
C035619,3918205,47018460,2142312,25707744,253581179,89834383,77259261,589695,720,0,0
C035620,5885132,70621584,4063171,48758052,37011990,56312587,40520159,508492,762,0,0
C035621,7924967,95099604,2396920,28763040,58294005,132494560,92145671,904043,823,0,0
C035622,4107002,49284024,1921507,23058084,278360837,18632542,16739272,196441,775,0,0
C035623,5850781,70209372,3378023,40536276,103326914,85624022,73211577,793079,790,1,0
C035624,2374429,28493148,1752466,21029592,116089040,31951709,13373281,226511,790,0,0
C035625,2077781,24933372,1118622,13423464,105358343,9909060,6399559,164921,716,0,0
C035626,11404791,136857492,5583245,66998940,348657344,219665118,208343483,1824648,790,0,0
C035627,4436924,53243088,2061468,24737616,279775603,105381687,102746537,853533,823,0,0
C035628,3377539,40530468,1894315,22731780,126386489,19508817,19508817,216905,741,0,1
C035629,4148320,49779840,3149414,37792968,451261499,65210726,46362518,738383,783,0,0
C035630,2893696,34724352,1776396,21316752,126447267,51163039,32998215,415153,730,0,0
C035631,5743993,68927916,3491308,41895696,273113920,69611799,45528560,488543,835,0,0
C035632,3284954,39419448,1870487,22445844,88891799,36227969,32940886,192170,761,0,1
C035633,4432675,53192100,2901211,34814532,275946788,74264630,63753410,252013,811,0,0
C035634,3277772,39333264,1478145,17737740,148241439,22794482,22794482,146427,803,0,0
C035635,5997275,71967300,2856742,34280904,503155967,64410495,49468969,405699,796,0,0
C035636,7294232,87530784,3561899,42742788,607402590,87091218,35384549,401171,841,0,0
C035637,3014049,36168588,1977325,23727900,124394015,24626263,14892490,235356,711,0,0
C035638,2754482,33053784,2299642,27595704,31744068,36585033,23948981,305267,764,0,0
C035639,4166199,49994388,2110249,25322988,172052608,61917583,34915277,83324,833,0,0
C035640,2910580,34926960,2336438,28037256,149676409,93985680,88606140,831081,789,0,0
C035641,4596893,55162716,3456871,41482452,69536888,23011440,23011440,91938,843,0,0
C035642,4130642,49567704,2726197,32714364,145430701,65392188,59081352,546163,797,0,0
C035643,4955048,59460576,2656944,31883328,167831271,53046719,36943637,254319,793,0,0
C035644,2865208,34382496,1886098,22633176,69253301,33953825,17935234,57304,787,1,0
C035645,5390668,64688016,3006242,36074904,176278143,116306773,111950815,866931,761,0,0
C035646,12000000,144000000,7066013,84792156,408744419,90750998,82272077,838801,715,0,0
C035647,2063118,24757416,1224068,14688816,310628807,42837477,42837477,297647,689,0,0
C035648,3258195,39098340,1955275,23463300,223717437,27310151,19899145,359204,715,1,0
C035649,3042347,36508164,2136288,25635456,69318101,15854083,7555273,60847,773,0,0
C035650,1800000,21600000,924060,11088720,48720369,25122772,19188359,288306,802,0,0
C035651,2713188,32558256,1559384,18712608,227308208,52577127,37470257,240794,797,0,0
C035652,3015502,36186024,2100746,25208952,85642022,21109231,10419165,267915,696,0,0
C035653,3106215,37274580,1132814,13593768,207790331,34984379,28537690,250158,857,0,0
C035654,2304397,27652764,1748181,20978172,14922904,22449960,20104915,264723,768,0,0
C035655,3984904,47818848,2291183,27494196,317258768,44548627,27580952,569233,742,0,0
C035656,3576819,42921828,2494088,29929056,165553961,38549084,25476762,604898,735,0,0
C035657,2918134,35017608,1538073,18456876,97354871,30298819,22716957,189854,690,0,0
C035658,3084876,37018512,1720583,20646996,217180713,24320154,24320154,300094,788,0,0
C035659,3609881,43318572,2476531,29718372,40835640,47841987,38429385,378577,843,0,0
C035660,2948317,35379804,1923933,23087196,110747487,40174546,34665033,313549,736,0,0
C035661,2288233,27458796,1609875,19318500,104188289,27116700,17584701,268394,693,1,0
C035662,4233484,50801808,1630214,19562568,237625195,124073615,110190544,912840,764,0,0
C035663,4398948,52787376,3215424,38585088,166597245,8830313,8830313,455783,750,0,0
C035664,6109249,73310988,3604504,43254048,253457460,113560642,91413015,479417,702,0,0
C035665,3765925,45191100,1992249,23906988,174294726,91804498,84261779,778852,756,0,0
C035666,3049875,36598500,1777023,21324276,154211550,20523172,8181798,189954,798,0,0
C035667,3369711,40436532,2773512,33282144,225179638,36852558,27430936,97041,724,0,0
C035668,6917753,83013036,5423714,65084568,558759114,41890254,33184382,419273,705,0,0
C035669,2713410,32560920,2072456,24869472,62985450,32074114,18091830,180578,716,0,0
C035670,12000000,144000000,4801318,57615816,271037211,41527645,30811098,787098,803,0,0
C035671,7110122,85321464,3379037,40548444,298868404,109275218,69603863,1189617,754,0,1
C035672,4666899,56002788,3672514,44070168,269522576,35667862,35667862,285743,782,0,0
C035673,6806120,81673440,4673215,56078580,439557147,86491144,61251108,728808,743,1,0
C035674,4617174,55406088,2052982,24635784,310403926,117415699,92599122,935407,705,0,0
C035675,4145350,49744200,2417315,29007780,35191248,31796709,31796709,419580,764,0,0
C035676,3666118,43993416,2418786,29025432,204192132,66644436,49248364,643602,814,0,0
C035677,5468522,65622264,3039794,36477528,414299830,36736634,27050970,513988,770,0,0
C035678,3604692,43256304,1944452,23333424,83755081,100530491,100530491,927601,813,0,0
C035679,3259848,39118176,2663750,31965000,180569262,33976416,31157391,236415,755,0,0
C035680,3921648,47059776,1548164,18577968,179443216,27542794,15303035,148846,746,0,0
C035681,4952551,59430612,3609775,43317300,300275152,53211979,44817787,673334,688,0,0
C035682,3872371,46468452,2640651,31687812,70880223,12770189,12770189,408069,803,0,0
C035683,1800000,21600000,785867,9430404,135976979,11890756,11053714,117377,834,0,0
C035684,4077603,48931236,1830858,21970296,63553349,193107674,185351613,1128365,782,0,0
C035685,5770079,69240948,3567548,42810576,364951423,60875852,37714878,231202,816,0,0
C035686,4706499,56477988,2523516,30282192,237763821,63110601,45483195,622904,826,0,0
C035687,4709004,56508048,1918185,23018220,559254303,42968752,31694220,266763,756,0,0
C035688,5917410,71008920,2712923,32555076,409900934,117654962,67349647,420253,686,0,0
C035689,4343691,52124292,2777393,33328716,106405487,55355193,40222499,528194,759,0,0
C035690,2246583,26958996,1671318,20055816,252007257,14406280,10323029,239954,734,1,1
C035691,3378869,40546428,2172338,26068056,333975954,24363151,24363151,292574,859,0,0
C035692,7708665,92503980,3432037,41184444,273316469,128045231,121432278,1264316,780,0,0
C035693,7649435,91793220,4952117,59425404,439948577,291384082,288390031,2048153,765,0,0
C035694,6747366,80968392,5727031,68724372,159809665,176901284,176901284,1358592,775,0,0
C035695,2693153,32317836,1287576,15450912,452449704,7180468,3314217,53863,771,0,0
C035696,3337743,40052916,2323425,27881100,110563449,60105477,49589302,331563,777,0,0
C035697,9420436,113045232,5576638,66919656,80804484,121146197,86984720,1015583,771,0,0
C035698,3023147,36277764,1506920,18083040,40900871,36747343,27087556,372314,863,0,0
C035699,4954885,59458620,2730260,32763120,53994722,105967085,82999144,825242,713,0,0
C035700,2369814,28437768,1345965,16151580,67076173,24734010,17270868,190492,750,0,0
C035701,6036972,72443664,3556457,42677484,150424497,88187807,77577798,612852,763,0,0
C035702,4736703,56840436,3778952,45347424,294127115,51575467,29776770,548811,828,0,0
C035703,3315693,39788316,2029563,24354756,59996903,74108621,58983911,319889,825,0,0
C035704,4373777,52485324,2351544,28218528,184172775,51297623,28816644,241486,751,0,0
C035705,5297930,63575160,3089279,37071348,115984648,55168841,49975519,920176,778,0,0
C035706,3941910,47302920,2669344,32032128,80845980,66232878,45015776,486699,736,0,0
C035707,4616542,55398504,2230816,26769792,61473338,75559011,51970895,442882,832,0,1
C035708,6366408,76396896,3143414,37720968,216052615,34474868,29616764,678599,837,0,0
C035709,5234913,62818956,2530323,30363876,318174569,58612555,52765249,869857,822,0,0
C035710,4121854,49462248,2557093,30685116,116799855,78653280,75293801,476340,798,0,0
C035711,5168710,62024520,2722111,32665332,124248624,45458352,21939706,163734,798,0,0
C035712,3367264,40407168,2023503,24282036,158484832,35517597,35517597,349020,839,0,0
C035713,4533852,54406224,2182128,26185536,204460943,100868548,100868548,622578,810,0,0
C035714,4432114,53185368,2566393,30796716,126993643,46338640,40867201,407363,850,0,0
C035715,4499098,53989176,2910930,34931160,65095009,47066040,32352292,269037,796,0,0
C035716,3849427,46193124,2967609,35611308,157360633,18601296,8217262,246494,692,0,0
C035717,2080965,24971580,996123,11953476,214328795,10769831,4214609,176871,846,0,0
C035718,1800000,21600000,1031353,12376236,58031557,36150219,32614083,294922,853,0,0
C035719,4728575,56742900,3143176,37718112,129821913,34869977,31570356,120512,789,0,0
C035720,3921239,47054868,3020348,36244176,32636437,39522359,24364520,257280,691,0,0
C035721,5289793,63477516,2157412,25888944,91385053,63065320,49813166,570487,772,0,0
C035722,5264134,63169608,3095409,37144908,75056845,109123540,82488484,692258,668,0,0
C035723,3784779,45417348,2869330,34431960,144009954,48285772,47378668,529041,708,0,0
C035724,5641517,67698204,3594702,43136424,126062303,124171655,96041145,774178,743,1,0
C035725,3117882,37414584,1767305,21207660,65943709,60582606,26918296,382054,734,0,0
C035726,2799236,33590832,1669131,20029572,108035180,16397767,11726886,118016,850,0,0
C035727,2713926,32567112,1256196,15074352,455939568,16547375,13302736,211539,766,0,1
C035728,1800000,21600000,1447949,17375388,58524718,19715030,16113291,260407,734,1,0
C035729,8164081,97968972,5279032,63348384,371000123,120559637,81222774,842309,671,0,0
C035730,2890806,34689672,1768226,21218712,125456090,59651520,59651520,325819,809,0,0
C035731,4973773,59685276,1846935,22163220,374238201,41396852,35373513,476905,897,0,0
C035732,4895383,58744596,1714507,20574084,430305434,35335797,35335797,468457,850,0,0
C035733,4799604,57595248,3006901,36082812,92399636,83430681,63644102,599175,876,0,0
C035734,2344708,28136496,1374732,16496784,104460902,9056232,8093265,255155,887,0,0
C035735,4872281,58467372,3131793,37581516,148439974,101950807,101950807,661747,803,1,0
C035736,6347287,76167444,4352414,52228968,921197158,33265316,25973843,372010,776,0,0
C035737,3085884,37030608,1589738,19076856,29035835,21652179,12478757,122468,793,0,0
C035738,3659793,43917516,2024929,24299148,277938759,81211784,73477797,483507,775,0,0
C035739,3266526,39198312,816632,9799584,126994737,50487425,28980766,353086,852,0,0
C035740,3128845,37546140,1453576,17442912,358389341,46987942,46987942,399946,788,0,0
C035741,3590570,43086840,1993748,23924976,207758138,120450901,98693971,658312,757,0,0
C035742,5386657,64639884,3409942,40919304,19391965,44613174,44613174,418898,779,0,0
C035743,4277145,51325740,2885989,34631868,142808796,19914525,10226873,139771,729,0,1
C035744,5627422,67529064,3782852,45394224,115445987,31821734,30167336,607055,750,0,0
C035745,5249709,62996508,2251245,27014940,93265936,76355946,64808008,721643,777,0,0
C035746,4015072,48180864,3154725,37856700,156562620,70868871,58802253,331456,799,0,0
C035747,1840462,22085544,852907,10234884,64322061,18639579,11936419,73783,811,0,0
C035748,6056786,72681432,4427637,53131644,347013636,95293714,95293714,935696,787,0,0
C035749,5098213,61178556,3070839,36850068,236011989,98451622,76955447,714540,726,0,0
C035750,4848116,58177392,2740407,32884884,80659770,50700707,39372176,308297,796,0,0
C035751,4368063,52416756,2029057,24348684,94436306,56656605,31875492,169382,824,0,0
C035752,7555070,90660840,3497731,41972772,615661015,229057185,210218709,1418912,791,0,0
C035753,4418076,53016912,2643916,31726992,455717814,43540416,27867603,88362,810,0,0
C035754,3766186,45194232,3336303,40035636,184962297,34230109,20608745,75324,787,0,0
C035755,5077469,60929628,3537219,42446628,98603928,144909991,124638691,1091008,790,0,0
C035756,7284742,87416904,4055557,48666684,515719023,132212657,101552987,1322170,793,2,0
C035757,5713760,68565120,2840849,34090188,176138108,51482192,51482192,403433,878,0,0
C035758,2642443,31709316,2485700,29828400,88878155,58147798,45072911,438481,672,0,1
C035759,2774865,33298380,1006009,12072108,124948772,24881433,15842875,153156,773,0,1
C035760,4711694,56540328,2689818,32277816,176948773,38030312,21890317,409946,690,0,0
C035761,3921560,47058720,2832502,33990024,125854996,49460975,49460975,612451,726,1,0
C035762,2371395,28456740,1091914,13102968,69853574,15642651,9743543,143829,772,0,0
C035763,6070685,72848220,2869824,34437888,322512230,84073726,50289953,584596,821,0,0
C035764,6002694,72032328,2564159,30769908,553881081,53856041,53856041,946872,862,0,0
C035765,3045364,36544368,2129307,25551684,83264154,26639428,17354988,267418,817,0,0
C035766,2315375,27784500,829882,9958584,64068660,30636696,25779365,333539,740,0,0
C035767,4612815,55353780,2898734,34784808,187427390,59100585,55548751,300193,785,0,0
C035768,7464435,89573220,4788083,57456996,64998462,108910019,99566115,1421127,731,0,0
C035769,4567570,54810840,2643146,31717752,183988481,66235634,48586621,685983,712,1,0
C035770,3517921,42215052,1525554,18306648,83914300,16662160,8418791,183701,907,0,0
C035771,3986715,47840580,2802495,33629940,226538588,44849101,16805171,119275,843,0,0
C035772,10877909,130534908,9356039,112272468,84593559,193604084,161241660,2058322,720,0,0
C035773,5507492,66089904,2538803,30465636,530540695,92936292,87482450,1133342,933,0,0
C035774,6345730,76148760,2153017,25836204,283988420,37434476,34027448,203119,863,0,0
C035775,2706673,32480076,1430638,17167656,42386963,36112982,26944145,381305,838,1,0
C035776,6362846,76354152,3365499,40385988,547152594,74099373,40781712,389603,765,0,1
C035777,3845049,46140588,2278040,27336480,208795316,82248997,82248997,572885,767,0,0
C035778,5911296,70935552,3277506,39330072,243042671,79056599,46423052,882838,861,0,0
C035779,6892337,82708044,3165921,37991052,52999891,82772097,42401006,497656,791,2,0
C035780,5238848,62866176,2546895,30562740,194225441,64359352,64359352,609972,792,0,0
C035781,4341334,52096008,1651128,19813536,75815159,47383586,39690064,387479,780,0,0
C035782,5553718,66644616,2273641,27283692,136473400,58749994,33365203,752162,722,0,0
C035783,5277093,63325116,2078886,24946632,269456582,62380528,31265699,267796,768,0,0
C035784,4941191,59294292,2169073,26028876,461474877,60304825,43252259,592805,790,0,0
C035785,3205574,38466888,2434992,29219904,538536432,67539360,62397887,493549,767,0,0
C035786,6117707,73412484,4584941,55019292,985901872,130526398,130526398,813011,766,0,0
C035787,5939315,71271780,3906572,46878864,997804920,54665071,33868147,377063,875,0,0
C035788,3522954,42275448,1093708,13124496,165258411,31663237,27358370,410278,871,0,0
C035789,3801335,45616020,1409224,16910688,294255724,73232608,55076465,363743,768,0,0
C035790,2458454,29501448,1980401,23764812,65692706,18908438,13244958,137107,716,0,1
C035791,3155448,37865376,1992821,23913852,105415336,30848466,14465784,63109,864,0,0
C035792,4154113,49849356,1733500,20802000,89074462,37744472,22992486,419714,795,1,0
C035793,3287220,39446640,1614093,19369116,64509951,47527347,47527347,245713,859,0,0
C035794,5295334,63544008,4228450,50741400,360129903,63591570,44603821,116552,767,0,1
C035795,7546553,90558636,4320142,51841704,413832166,61353303,61353303,367641,811,1,0
C035796,2790856,33490272,1543035,18516420,81323825,44874927,41907205,314473,850,0,0
C035797,2563335,30760020,1940137,23281644,81190008,37163232,21057454,314386,700,0,0
C035798,5447635,65371620,3090798,37089576,485928914,56427045,16138041,171769,722,1,0
C035799,4423512,53082144,1648191,19778292,97738121,51947557,49380121,308277,779,0,0
C035800,6724279,80691348,2545915,30550980,317497308,63401658,37572543,168669,859,0,0
C035801,5219559,62634708,3037924,36455088,364690248,27851484,20577537,221708,834,0,0
C035802,3991743,47900916,2483322,29799864,567447098,72345932,72345932,464095,796,0,0
C035803,3236982,38843784,1412565,16950780,257692113,104122892,103202615,580932,700,0,0
C035804,3323299,39879588,2175732,26108784,81279656,99010994,86578485,697548,681,0,1
C035805,2982907,35794884,1452428,17429136,202686787,50702175,43572189,202702,844,0,0
C035806,2109005,25308060,1271950,15263400,160549887,28628432,19444989,83755,832,0,0
C035807,4603063,55236756,2901811,34821732,540469995,72699933,40339154,449575,778,0,0
C035808,3669131,44029572,1739501,20874012,138279253,26548028,15664750,73383,803,0,0
C035809,7804655,93655860,4909815,58917780,188495821,142342448,142342448,1007745,761,0,0
C035810,3253186,39038232,1668455,20021460,41701887,67125050,67125050,466149,814,0,0
C035811,4340678,52088136,2305392,27664704,190965448,76404293,36773763,772591,793,0,0
C035812,8452349,101428188,3911843,46942116,588372988,77420457,52472324,830336,798,0,0
C035813,1800000,21600000,1087364,13048368,184477677,34316961,29861280,272040,665,0,0
C035814,3399721,40796652,2255604,27067248,221710052,31086112,31086112,321009,726,0,0
C035815,2155053,25860636,1586740,19040880,113186550,32648325,24659738,198812,685,1,0
C035816,2813931,33767172,2252526,27030312,84631716,25850844,12073287,286713,727,0,0
C035817,6297263,75567156,4004750,48057000,203881431,60747162,56136702,646500,762,0,0
C035818,4781724,57380688,2623953,31487436,177330822,21604983,16340872,108937,857,0,0
C035819,1928126,23137512,1300201,15602412,126752693,17191637,14855630,124350,760,1,0
C035820,1800000,21600000,1077460,12929520,87570877,21958200,14254954,173705,773,0,0
C035821,7878018,94536216,6787510,81450120,501706066,68278884,31111559,202559,795,0,0
C035822,3452921,41435052,2147533,25770396,376016081,21707721,14604698,69058,812,0,0
C035823,4842932,58115184,3090390,37084680,163434992,77979774,66134547,651447,842,0,0
C035824,12000000,144000000,8624198,103490376,1026223375,50240829,49761423,478568,772,0,0
C035825,3309699,39716388,2086127,25033524,67049644,29228164,10604410,96323,804,0,0
C035826,1978152,23737824,865794,10389528,101091281,24884176,13349464,236518,845,0,0
C035827,4931829,59181948,2743458,32921496,185230824,69362126,47052654,445255,825,0,0
C035828,4683291,56199492,2711893,32542716,187842667,78443491,67345186,684166,748,0,0
C035829,2896847,34762164,1820764,21849168,257764877,34686140,23286231,318416,849,0,0
C035830,2376894,28522728,985925,11831100,96607600,78181449,72375608,501498,767,0,0
C035831,4170984,50051808,1989267,23871204,61590722,58419173,45019241,88898,773,0,0
C035832,3310185,39722220,1730562,20766744,157253123,37457878,17264571,153017,829,0,0
C035833,3810401,45724812,3024647,36295764,640147368,19009871,18109661,599069,692,0,0
C035834,3862624,46351488,3212782,38553384,181154970,57004647,37087067,555471,746,0,0
C035835,2613949,31367388,1586643,19039716,150319480,45091001,31993754,310307,774,0,0
C035836,2835239,34022868,1442766,17313192,83959122,70495102,46023047,466021,795,0,0
C035837,2454045,29448540,1454592,17455104,113248823,28954114,24785759,177716,784,0,0
C035838,1867368,22408416,1270282,15243384,33242498,7787632,7787632,60644,857,0,0
C035839,3401221,40814652,1279807,15357684,137355170,137432227,119064405,1003357,705,0,0
C035840,2352623,28231476,1785439,21425268,16263508,16975532,16975532,113699,855,0,0
C035841,4167380,50008560,2237886,26854632,133932666,62555392,46523468,320039,741,0,0
C035842,2543049,30516588,1460654,17527848,185995513,34248714,34248714,177756,723,0,0
C035843,3128819,37545828,1637922,19655064,385774722,39810870,32476344,310545,756,0,0
C035844,4745392,56944704,3450723,41408676,151650967,42097011,37402433,309209,645,1,0
C035845,2940757,35289084,1193512,14322144,51435247,20550880,14335581,136790,756,0,0
C035846,3574694,42896328,2569578,30834936,333783007,16706145,16706145,570667,824,0,0
C035847,3973025,47676300,1639187,19670244,299621881,36104561,13396552,79461,877,0,0
C035848,2372361,28468332,1319694,15836328,200125121,23201260,10984643,130096,801,0,0
C035849,2197422,26369064,1627173,19526076,249229101,23739913,23739913,297369,740,0,1
C035850,3685311,44223732,3330139,39961668,78274397,94274019,77689979,622058,710,1,1
C035851,4652547,55830564,2282538,27390456,47401333,64585344,64585344,492671,835,0,0
C035852,2625794,31509528,1909820,22917840,72454259,15015201,10753663,149902,840,0,0
C035853,4753475,57041700,3493073,41916876,145159108,111470701,94741439,930917,731,0,1
C035854,2659015,31908180,1989129,23869548,75015712,47849654,37029339,190355,800,0,0
C035855,3610689,43328268,2357966,28295592,165693804,19134650,17959006,291321,829,0,0
C035856,2228239,26738868,1320708,15848496,70283020,24085088,24085088,273318,744,0,0
C035857,5663524,67962288,3454643,41455716,202605182,71943713,39936675,384740,795,0,0
C035858,4032978,48395736,3030541,36366492,138041783,49973151,42127143,540925,689,0,0
C035859,4407247,52886964,2754604,33055248,500617198,36548001,21064071,619199,730,0,1
C035860,2545460,30545520,1999285,23991420,284982108,57385317,51090733,540427,646,0,0
C035861,4355138,52261656,1848326,22179912,56810001,48053074,41678097,393771,822,0,0
C035862,4525532,54306384,3012714,36152568,209987664,16175941,16175941,142035,801,0,0
C035863,3928385,47140620,2517115,30205380,303280167,56464486,31730615,405418,809,0,0
C035864,2483983,29807796,1564454,18773448,31177256,23806117,18228877,154404,811,0,0
C035865,6161468,73937616,3744711,44936532,346328733,202770147,147887730,1412880,698,0,0
C035866,7148938,85787256,3222792,38673504,486415325,40594239,39247523,324658,793,0,0
C035867,6957515,83490180,4680610,56167320,147000539,80713284,46028541,314055,785,0,0
C035868,3577609,42931308,1928277,23139324,68628196,14150333,12029811,306817,844,0,0
C035869,3351172,40214064,1568375,18820500,220078964,19569003,3217125,296766,749,3,0
C035870,7631318,91575816,6668572,80022864,235631646,86868531,57542823,996204,831,0,0
C035871,1961795,23541540,1053120,12637440,159261070,14904321,14409420,187977,752,0,0
C035872,6073579,72882948,3986868,47842416,720051003,58328958,58328958,540362,827,0,0
C035873,4799852,57598224,2786783,33441396,312617679,62918513,58800845,546870,856,0,0
C035874,1800000,21600000,1362257,16347084,14096018,42324308,27723379,246282,692,0,0
C035875,4776543,57318516,1785972,21431664,133470604,73275468,68966230,752692,726,0,0
C035876,4228542,50742504,3076908,36922896,264041164,79395421,60031749,279521,718,0,0
C035877,3826785,45921420,2538841,30466092,286693060,79305493,62682498,612785,714,1,0
C035878,7116953,85403436,3744556,44934672,251958877,61200093,61200093,777101,792,0,0
C035879,2569150,30829800,1597192,19166304,55617931,40667943,12049755,284043,792,0,0
C035880,5928653,71143836,4279563,51354756,53294454,64684521,38590541,545047,803,0,0
C035881,4379870,52558440,2353296,28239552,237505952,14105070,14105070,250949,787,0,0
C035882,5801197,69614364,2791385,33496620,216749617,57760184,37272376,616821,755,0,0
C035883,4961991,59543892,3428321,41139852,116057923,35478011,26053617,470836,678,1,0
C035884,5091086,61093032,4054655,48655860,122118214,57224728,18053573,239591,747,0,0
C035885,5295546,63546552,3432767,41193204,539474130,42176817,30187910,105911,744,0,0
C035886,4217596,50611152,2001300,24015600,580468081,138328664,116064201,990711,909,0,0
C035887,5940475,71285700,4521104,54253248,579397339,170991587,130691612,926157,756,0,0
C035888,4367234,52406808,2298931,27587172,70634846,49373346,49373346,433836,773,0,0
C035889,8844974,106139688,4654032,55848384,369443397,136714783,82537342,752710,788,0,1
C035890,3890559,46686708,1444188,17330256,87093397,35851018,16425630,260581,839,0,0
C035891,5063683,60764196,3215035,38580420,49622227,165986618,128698485,1025879,670,0,0
C035892,5107042,61284504,3878852,46546224,117765209,53324070,45500664,274714,799,0,0
C035893,4255169,51062028,2580584,30967008,140654211,46942994,35128371,352642,790,0,0
C035894,5178559,62142708,2275183,27302196,298125045,71023206,44893016,766186,806,1,0
C035895,2966734,35600808,987411,11848932,295575872,45967460,34256747,298340,784,0,0
C035896,4614199,55370388,3664314,43971768,166409429,51550612,26065802,748624,686,0,0
C035897,3085447,37025364,1507707,18092484,69578988,46728889,29290631,104974,700,0,0
C035898,3727272,44727264,2203521,26442252,197689915,51238438,27572782,277133,768,0,1
C035899,2207486,26489832,1902683,22832196,58116601,24499783,20479567,153998,778,0,1
C035900,2919570,35034840,1438507,17262084,29740967,33083355,28299384,101671,775,0,0
C035901,2208894,26506728,1075884,12910608,175888123,36226821,21336505,169125,808,0,0
C035902,4882052,58584624,2610254,31323048,208759346,31981924,18349293,299332,762,0,0
C035903,3860812,46329744,2755145,33061740,82010265,48198664,30878534,430431,648,1,0
C035904,2637483,31649796,1231673,14780076,92631354,17082600,8893938,127127,752,0,1
C035905,2904998,34859976,1038055,12456660,99005900,4485180,3830257,137332,743,0,0
C035906,3056401,36676812,1197101,14365212,137113659,27990908,11942298,128161,853,0,0
C035907,3661792,43941504,1559280,18711360,146933195,50295989,36536224,267982,795,0,0
C035908,4662976,55955712,3100068,37200816,161425950,47082299,41666508,433356,748,0,0
C035909,1800000,21600000,1112814,13353768,54777620,16995714,15514596,118269,719,1,0
C035910,1800000,21600000,1101250,13215000,128119913,25888166,13878482,238801,813,0,0
C035911,2658754,31905048,1188810,14265720,143397627,49184210,40721366,369476,789,0,0
C035912,5642737,67712844,3564115,42769380,415255748,51467104,51467104,862913,714,0,0
C035913,6239879,74878548,3090148,37081776,326842913,31111545,31111545,731990,731,0,0
C035914,2848660,34183920,1173619,14083428,216272224,30002247,22196274,157207,774,0,0
C035915,3052565,36630780,1870059,22440708,90220625,22429361,22429361,99774,874,0,0
C035916,6713044,80556528,5625663,67507956,304515413,125419900,61171984,570801,724,0,0
C035917,5685743,68228916,2743512,32922144,262124398,68034941,47224028,444964,802,0,0
C035918,5372973,64475676,2937595,35251140,135482912,92250975,92250975,620606,765,0,0
C035919,9957551,119490612,4592956,55115472,122330612,126305295,91388206,1188577,819,0,0
C035920,5394014,64728168,1870326,22443912,618161006,121304649,96843460,548467,669,0,0
C035921,5711829,68541948,2922411,35068932,503791360,50841680,50841680,528586,862,0,0
C035922,7031855,84382260,4791680,57500160,164345741,117283002,76789297,824775,779,1,0
C035923,4047179,48566148,2130275,25563300,139642382,29038244,21898518,453867,777,0,0
C035924,7227721,86732652,5499768,65997216,435791273,29854272,29854272,144554,840,0,0
C035925,3638996,43667952,2304072,27648864,271128862,38862407,9962873,91157,718,0,1
C035926,3180513,38166156,1807912,21694944,170660495,61312281,56581271,454394,769,0,0
C035927,4304686,51656232,1276638,15319656,73659306,60696632,40219862,599307,725,1,0
C035928,6010881,72130572,2624978,31499736,78804407,48487752,44065169,598672,828,0,0
C035929,8614088,103369056,5150134,61801608,220328168,98527493,54134129,1185522,746,0,0
C035930,6064849,72778188,4470761,53649132,216270606,222143434,197424827,1652606,681,0,0
C035931,3110641,37327692,2013109,24157308,114853730,17670504,17585633,214658,740,0,0
C035932,5984676,71816112,3309698,39716376,122548316,109750059,84988451,690491,795,0,0
C035933,7857575,94290900,5898978,70787736,547111566,158714521,148093795,1093927,749,0,0
C035934,4532197,54386364,1536557,18438684,386602273,68075304,46075210,666310,784,0,0
C035935,5919077,71028924,4102097,49225164,68188605,72603471,40431993,170295,680,0,0
C035936,3048409,36580908,2422429,29069148,64466736,54070814,43282927,371692,751,0,0
C035937,10549746,126596952,7064449,84773388,423132937,98382324,44523275,444105,839,0,0
C035938,3801815,45621780,1467977,17615724,249409624,10702177,10702177,132715,831,0,0
C035939,7042758,84513096,3023605,36283260,405528097,106126093,106126093,955841,758,0,0
C035940,9794230,117530760,6599849,79198188,142487647,202559792,183851094,1297750,808,0,0
C035941,2770205,33242460,1560164,18721968,136962501,51203909,38751297,408216,789,0,0
C035942,3448376,41380512,1532003,18384036,157172200,59323212,29168383,152406,887,0,0
C035943,1889394,22672728,930008,11160096,159384479,15788222,15788222,201209,799,0,0
C035944,2576048,30912576,2038034,24456408,142676865,28687505,23743929,244695,796,0,0
C035945,5367146,64405752,2453170,29438040,299046381,75010094,64560662,756947,795,1,0
C035946,3889598,46675176,2176986,26123832,260448264,35368163,25400257,200733,737,1,0
C035947,3501736,42020832,1490830,17889960,127642380,106251567,95154650,837360,686,0,0
C035948,3169714,38036568,2180575,26166900,69264295,24059347,12187655,280016,852,0,0
C035949,4413113,52957356,3049103,36589236,202831267,31071217,31071217,275617,819,0,0
C035950,3875169,46502028,2445917,29351004,57328569,54689996,45983106,574067,690,0,0
C035951,4236759,50841108,2814496,33773952,24439557,37635758,37635758,341660,746,0,0
C035952,7062758,84753096,4448507,53382084,360749676,25219549,18113948,250981,835,0,0
C035953,4619017,55428204,3318936,39827232,206132611,47926637,47926637,301797,784,0,0
C035954,7624683,91496196,3419673,41036076,506288697,245009541,245009541,1619686,662,0,0
C035955,4542954,54515448,2343524,28122288,626244688,78233212,32788538,242480,861,0,0
C035956,3597701,43172412,2450420,29405040,116795685,21346864,20012130,305132,821,0,0
C035957,5456092,65473104,3215539,38586468,267397882,18350682,14792325,154435,688,2,0
C035958,1906653,22879836,831861,9982332,156799421,21220305,17403263,194590,690,1,0
C035959,3721131,44653572,1492181,17906172,213884420,77421582,43503021,406453,760,0,0
C035960,7596875,91162500,3731859,44782308,254666576,87669202,58199887,1099486,711,0,0
C035961,3680090,44161080,1822975,21875700,206460374,22359779,22359779,526659,870,0,0
C035962,6777666,81331992,4610522,55326264,342089968,160717688,100806911,1385134,591,0,0
C035963,4854511,58254132,1354019,16248228,163327646,54311933,37332137,534878,851,0,0
C035964,5920059,71040708,4528753,54345036,160266436,92635215,68890062,804625,682,0,1
C035965,1865636,22387632,946310,11355720,175474064,26225268,21314161,319689,719,0,0
C035966,4602470,55229640,2308117,27697404,217074122,76103754,71308987,448835,784,1,1
C035967,6777925,81335100,3804019,45648228,374765916,160941503,138408301,1185821,736,0,0
C035968,3865224,46382688,2212079,26544948,167798734,55434691,39323830,327900,675,0,0
C035969,5569009,66828108,2716022,32592264,329522406,6785648,6785648,111380,859,0,0
C035970,2202750,26433000,1156636,13879632,286818240,11462312,4010712,160078,833,0,1
C035971,5454246,65450952,2139951,25679412,481157533,113292103,102587210,571497,741,0,0
C035972,1800000,21600000,1104859,13258308,164920891,16294390,8089872,132952,825,0,0
C035973,5616743,67400916,2703151,32437812,205585041,118363249,104950419,889614,691,1,0
C035974,4149137,49789644,3350559,40206708,138983467,48601272,34602749,354136,854,0,0
C035975,3802277,45627324,2263685,27164220,109362084,104317892,97894466,672853,799,1,0
C035976,4297376,51568512,2688679,32264148,438306633,81517429,67051660,711188,781,0,0
C035977,3134768,37617216,2119414,25432968,72644945,31250868,21312712,110435,803,0,0
C035978,3932041,47184492,2552474,30629688,462773755,79174577,57981967,586177,824,0,0
C035979,2920623,35047476,1733139,20797668,99754975,37310967,26763313,207677,778,0,0
C035980,5509317,66111804,2718888,32626656,182902832,40936291,32245140,522096,733,0,0
C035981,5288153,63457836,2826849,33922188,176300751,20570600,20570600,248498,755,0,0
C035982,7550107,90601284,3809494,45713928,1146072060,127723160,127723160,1163758,811,0,0
C035983,4276755,51321060,2181208,26174496,326646897,73204632,73204632,619316,800,0,0
C035984,5791521,69498252,2672863,32074356,906512211,96249845,96249845,529990,870,0,0
C035985,3559320,42711840,2355870,28270440,390520106,40065501,18258305,303483,899,0,0
C035986,3663135,43957620,1681506,20178072,350617195,32807516,20656922,232628,804,0,0
C035987,4911709,58940508,2165289,25983468,156754208,87472181,53631914,639023,766,0,0
C035988,2965808,35589696,1608736,19304832,262925855,45557036,31622669,313449,725,0,0
C035989,4302816,51633792,1944372,23332464,238764788,82602321,79757575,609967,793,0,0
C035990,4387448,52649376,2704551,32454612,157176496,77217651,62140482,356799,830,0,0
C035991,2028521,24342252,1015622,12187464,192784174,23728071,12529688,249341,800,1,0
C035992,4026554,48318648,2231079,26772948,145544668,90003614,72285953,542159,822,0,0
C035993,4467323,53607876,3172590,38071080,161855859,57450437,51946332,501949,794,0,0
C035994,4235665,50827980,3360057,40320684,265086295,39983485,32636518,335744,742,0,0
C035995,5600779,67209348,2689201,32270412,143780919,88558668,81825603,528404,769,0,1
C035996,4793153,57517836,3201890,38422680,156848221,47367280,21285454,533360,710,0,0
C035997,4385347,52624164,3569617,42835404,135862707,103495348,90415998,801472,747,0,0
C035998,5717490,68609880,3017668,36212016,208705246,97719277,90028141,910507,778,0,0
C035999,2745091,32941092,1911097,22933164,67435479,61954120,54348552,637971,757,0,1
C036000,7488496,89861952,4177022,50124264,734887342,237830947,210493814,1705853,721,1,0
C036001,3045109,36541308,2261985,27143820,40442699,22833403,20187057,326527,711,0,0
C036002,5370858,64450296,2774867,33298404,291022932,72817503,69314108,1021503,775,0,0
C036003,4436066,53232792,2082945,24995340,159285694,86504957,55527993,303750,730,0,0
C036004,6017772,72213264,2921298,35055576,411744557,187124107,151980504,1160479,644,1,1
C036005,2977848,35734176,1825372,21904464,112617887,58017515,42874677,292397,832,0,0
C036006,2332858,27994296,1633407,19600884,78831946,31555825,29557386,177574,763,0,0
C036007,5100016,61200192,4493294,53919528,164969902,138750426,122893134,1053235,714,0,1
C036008,3295852,39550224,1576984,18923808,79957918,56106068,29272347,349210,829,0,0
C036009,1800000,21600000,1178333,14139996,275704369,8636393,8636393,211539,724,2,1
C036010,3135730,37628760,1665394,19984728,279575852,45798448,26866542,62715,800,0,0
C036011,2077595,24931140,1067677,12812124,349035960,19958382,19958382,268341,707,0,0
C036012,3324308,39891696,1710206,20522472,558483744,30305003,30058706,481301,710,0,0
C036013,2136501,25638012,1096525,13158300,59407580,30048142,27393548,358157,866,0,0
C036014,4658048,55896576,2601228,31214736,246910198,70364673,57956163,718303,812,0,0
C036015,6207215,74486580,4587512,55050144,407916823,144681949,120971037,1019795,646,2,1
C036016,6784295,81411540,3434805,41217660,1139761560,68920392,62234916,470113,805,0,0
C036017,1800000,21600000,1250991,15011892,25481912,13124716,10946095,138866,771,0,0
C036018,4208280,50499360,3303539,39642468,377229414,67670979,39306881,473010,618,1,0
C036019,2238654,26863848,1614975,19379700,11675920,63660990,60003072,344554,727,0,0
C036020,2829309,33951708,1863574,22362888,475323912,27227960,20031576,268654,803,0,0
C036021,5328870,63946440,2161717,25940604,611770205,49415621,45326268,575824,871,0,0
C036022,5882558,70590696,3652236,43826832,423680621,139283074,113907903,1168585,711,0,0
C036023,12000000,144000000,8051207,96614484,605007337,111311911,74303080,1230661,815,0,0
C036024,3772249,45266988,1916518,22998216,85578820,138929831,135303152,940151,702,0,0
C036025,4692126,56305512,1529393,18352716,788277168,87267884,67532105,615553,855,0,0
C036026,4435172,53222064,2360204,28322448,316375034,32649190,20883257,439765,793,0,0
C036027,5032307,60387684,3185622,38227464,89620545,77656898,64690246,708368,764,0,0
C036028,5064475,60773700,2600151,31201812,211098352,31072523,21852514,211804,838,0,0
C036029,6230843,74770116,2381983,28583796,409380427,65036942,42537737,216348,822,0,0
C036030,6617296,79407552,3709492,44513904,206515428,204753042,194377930,1201811,732,0,0
C036031,4431794,53181528,2415787,28989444,272565139,33361451,16788677,194891,830,0,0
C036032,4254314,51051768,1812285,21747420,422754777,74433742,43459803,325464,757,0,0
C036033,4046810,48561720,2019895,24238740,104765350,11067380,11067380,263131,869,0,0
C036034,7903090,94837080,2884801,34617612,286299431,116824513,100857861,840639,778,0,0
C036035,3928801,47145612,982200,11786400,233896276,37792916,13934699,414941,838,0,0
C036036,2567735,30812820,1738685,20864220,151988760,40268392,23655772,181334,698,0,0
C036037,2739500,32874000,1360177,16322124,119826826,25037934,22090073,103153,796,0,0
C036038,5908335,70900020,3991361,47896332,131109276,56441099,30470872,860594,702,0,0
C036039,5856619,70279428,3964679,47576148,323613076,139226105,122072599,595768,697,1,0
C036040,1901099,22813188,754715,9056580,57740327,63423971,55908118,429969,761,0,0
C036041,4621487,55457844,1994672,23936064,95863302,28908485,19123335,371495,769,0,0
C036042,4053785,48645420,1343665,16123980,94051359,31429859,19066784,183591,776,0,0
C036043,2779258,33351096,2176319,26115828,108401991,13695738,10968950,272566,705,0,0
C036044,3770303,45243636,1874724,22496688,202528952,99228121,88543895,801694,691,0,0
C036045,6261860,75142320,5216828,62601936,180657710,144435455,126900936,440861,848,0,0
C036046,2863660,34363920,1567343,18808116,77048821,11386059,11386059,219921,820,1,0
C036047,3663073,43956876,1863333,22359996,331285943,21473307,8965734,140005,770,0,0
C036048,3331279,39975348,1891528,22698336,143106880,136504678,127498112,926164,730,0,0
C036049,2459670,29516040,1474353,17692236,182651495,48906163,40079396,276745,804,0,0
C036050,6543606,78523272,2827879,33934548,1099325808,146635390,111189292,1254332,772,1,0
C036051,3112846,37354152,1666723,20000676,90946919,26107180,23380148,306256,814,0,1
C036052,5240267,62883204,3188548,38262576,539409001,36283862,36283862,345168,850,0,0
C036053,2161876,25942512,1182543,14190516,310221655,26957232,22404070,78574,774,0,0
C036054,4480078,53760936,2274323,27291876,70532357,29096686,28113703,628462,847,0,0
C036055,2633815,31605780,1477989,17735868,383393791,21499045,18223079,148637,818,0,0
C036056,3909618,46915416,2102469,25229628,126058210,52977807,42465820,529537,865,0,0
C036057,4885210,58622520,2174521,26094252,481485989,52137250,52137250,273671,833,1,0
C036058,11045893,132550716,9341839,112102068,371378047,165252098,124355807,1498347,597,3,1
C036059,2039904,24478848,1064489,12773868,292634975,45914934,42559644,396365,688,0,0
C036060,2965221,35582652,1934120,23209440,119907532,27181373,27181373,165500,778,0,0
C036061,4740618,56887416,3206203,38474436,79053588,59074638,41635054,366210,793,0,0
C036062,2913137,34957644,1419457,17033484,222565104,28105203,13646105,324040,774,0,0
C036063,1800000,21600000,1419131,17029572,109745037,22515904,14217702,107476,831,0,0
C036064,2346462,28157544,1659179,19910148,65322562,28895289,17515083,138752,835,0,0
C036065,2421978,29063736,1388938,16667256,45014083,62222853,54333783,393104,795,0,0
C036066,5074258,60891096,3044870,36538440,109814269,17119437,17119437,625232,752,1,0
C036067,5346822,64161864,4322428,51869136,45656245,87366160,55472709,628933,776,0,0
C036068,4508281,54099372,3192025,38304300,234881477,55467386,51555304,270298,861,0,0
C036069,6979211,83750532,5139175,61670100,116348258,104822066,81469173,558323,811,0,0
C036070,3126229,37514748,1771714,21260568,119584440,38998453,24112026,358691,855,1,0
C036071,4980272,59763264,1908362,22900344,259656911,90071237,68518909,631443,769,1,0
C036072,3616863,43402356,2624988,31499856,122366468,63580775,42893273,424721,711,0,0
C036073,2956643,35479716,2523767,30285204,176516452,42676706,28712522,304540,800,0,0
C036074,2159663,25915956,995038,11940456,41371307,23371715,21570116,166290,879,0,0
C036075,1800000,21600000,771450,9257400,22338122,29409393,23773078,213715,860,0,0
C036076,5445132,65341584,4540381,54484572,315988792,78463302,33928286,244117,743,0,0
C036077,5441967,65303604,2947200,35366400,182228639,93486018,64496881,623582,853,0,0
C036078,3623567,43482804,1692722,20312664,608759256,10088893,10088893,240197,805,0,0
C036079,3905474,46865688,2905152,34861824,253139153,68902760,55356266,465332,909,0,0
C036080,6179466,74153592,4068524,48822288,316313275,96905491,84062600,864777,856,0,0
C036081,3942566,47310792,3058295,36699540,135888046,62302220,55399315,539581,876,0,0
C036082,4796064,57552768,2588883,31066596,88662850,17475789,17475789,397411,850,0,0
C036083,2600720,31208640,1240326,14883912,436920960,17147987,17147987,169512,742,0,0
C036084,4181769,50181228,4146563,49758756,104680318,115013689,91878205,913665,599,1,1
C036085,2933714,35204568,2354901,28258812,140027309,28250686,28220861,309265,759,0,0
C036086,3280344,39364128,1921107,23053284,185394898,88116608,88116608,789107,816,0,0
C036087,2888166,34657992,1126348,13516176,112801681,33295763,20542862,157460,837,1,0
C036088,3808255,45699060,2011018,24132216,639786840,12817758,11634734,99192,870,0,0
C036089,6757713,81092556,5902614,70831368,344195400,171282996,145391851,1542821,643,0,1
C036090,3365121,40381452,2056654,24679848,374625330,30736670,24663875,385469,875,0,0
C036091,3571864,42862368,1550838,18610056,143525350,13663014,13663014,80919,708,1,0
C036092,6910031,82920372,4667751,56013012,285746018,92788789,34042957,294305,740,0,1
C036093,6099927,73199124,2645438,31745256,269912579,100149835,94233039,580739,754,1,0
C036094,2778734,33344808,1405912,16870944,183506136,40052926,33222043,475769,759,0,0
C036095,2253102,27037224,1395736,16748832,133428964,53886450,44859389,416800,691,1,1
C036096,2866873,34402476,1680592,20167104,481634664,27994380,25102131,224859,727,0,0
C036097,3618578,43422936,2023538,24282456,503863692,31883738,15419729,435211,773,0,0
C036098,5930782,71169384,3329620,39955440,667308720,80895734,75977397,897266,893,0,0
C036099,5780311,69363732,3342435,40109220,490427990,75712689,65667902,694466,815,0,0
C036100,3269097,39229164,2041599,24499188,84833591,73224355,73224355,495340,806,0,0
C036101,5263124,63157488,2772092,33265104,177840071,67329864,21894893,264026,827,0,0
C036102,6893852,82726224,2597767,31173204,100571112,74881603,33897901,319715,706,1,0
C036103,5758515,69102180,3242123,38905476,277777844,37973189,24507978,782284,725,0,0
C036104,3088982,37067784,1804479,21653748,518948976,54645172,53123235,428982,859,0,0
C036105,2546021,30552252,1488917,17867004,127401066,46951720,33812803,374086,728,0,0
C036106,4824526,57894312,4019127,48229524,457770991,94806169,70712110,493332,735,0,0
C036107,3258428,39101136,2292850,27514200,107820702,50519002,43148038,373446,878,1,0
C036108,5524826,66297912,3582265,42987180,86228968,47789016,39222278,363291,772,1,0
C036109,4376516,52518192,1690304,20283648,179292464,86536411,66630321,367067,790,0,0
C036110,5652354,67828248,3349470,40193640,229215668,68121231,47859691,377814,764,0,0
C036111,4079269,48951228,2200855,26410260,55122532,74078355,50955525,538420,795,0,0
C036112,2400791,28809492,1386255,16635060,161659583,28217775,19836167,297823,709,0,0
C036113,5196519,62358228,2380193,28562316,250044713,62173758,40766131,268355,742,0,0
C036114,2027279,24327348,913340,10960080,105852110,27027129,24871872,148579,814,0,0
C036115,6087786,73053432,3684637,44215644,261529807,84739696,62738588,850357,821,0,0
C036116,4855255,58263060,2886893,34642716,134359696,134060615,120588230,1257060,692,0,0
C036117,3685534,44226408,1223478,14681736,142958686,100104556,94200136,782275,808,0,0
C036118,2265709,27188508,1736286,20835432,227961395,33427660,33427660,126525,825,0,0
C036119,6073150,72877800,4756223,57074676,93896824,61101318,48597940,444603,702,2,0
C036120,2557881,30694572,1027839,12334068,53763711,32241987,15550016,205595,734,1,0
C036121,10399050,124788600,7927935,95135220,944527423,204227861,141873642,1541994,715,0,0
C036122,2182746,26192952,1185866,14230392,35425257,18529151,8878037,61773,830,0,0
C036123,4275558,51306696,2547442,30569304,46217673,56361366,53338094,410561,817,0,0
C036124,2801104,33613248,1382387,16588644,157625631,29530650,28781787,230043,778,0,0
C036125,2519125,30229500,1348001,16176012,119339260,26317087,21055877,181507,789,0,0
C036126,8428261,101139132,3735286,44823432,791407371,77426120,72860360,890073,789,0,0
C036127,5451060,65412720,2431379,29176548,209304339,45029688,34890619,632655,759,0,0
C036128,4750168,57002016,3473513,41682156,505167242,115498113,115498113,776544,836,0,0
C036129,2096095,25153140,969518,11634216,35906694,19416073,19416073,180471,818,0,0
C036130,6259089,75109068,3261555,39138660,277632411,55522153,55522153,686370,776,0,0
C036131,2589591,31075092,1541621,18499452,56623153,59633225,46559265,279502,775,0,0
C036132,5632029,67584348,3039005,36468060,662766587,31545762,31545762,705901,746,0,0
C036133,1984902,23818824,1354269,16251228,264740225,18316393,10784723,252012,753,0,0
C036134,4970720,59648640,3506116,42073392,141005945,189894113,184061721,1355363,740,1,1
C036135,3344902,40138824,1942562,23310744,182762547,25236247,11436613,66898,827,1,0
C036136,5187582,62250984,2270148,27241776,165722778,58689293,49968807,564590,752,0,0
C036137,1803219,21638628,1183301,14199612,124158959,12443465,8077411,79677,789,0,0
C036138,2558246,30698952,1277485,15329820,53899934,78712823,68833648,509501,704,0,0
C036139,3091604,37099248,1803735,21644820,169823606,31748228,31748228,478773,699,0,1
C036140,2883894,34606728,1384848,16618176,235340138,30490956,20416495,210478,831,0,0
C036141,5285084,63421008,2344152,28129824,150424532,105106520,91028907,535809,803,0,0
C036142,5574961,66899532,1861825,22341900,170753299,77698151,68727819,399383,823,0,0
C036143,4398057,52776684,2383928,28607136,107577546,75753415,63912870,605715,820,0,0
C036144,5950216,71402592,3473949,41687388,78459807,24594587,24347530,208840,825,0,0
C036145,4512164,54145968,3041149,36493788,608427087,38175890,29697475,339785,748,0,0
C036146,4393175,52718100,1973192,23678304,717068280,75272921,75272921,635638,743,0,0
C036147,4063492,48761904,2984187,35810244,95147539,52493459,45977893,363697,857,0,0
C036148,3794646,45535752,2350720,28208640,343712256,12036233,12036233,80242,747,0,0
C036149,7681118,92173416,3966800,47601600,424965423,60590321,36142801,825593,707,0,0
C036150,5274906,63298872,2901713,34820556,180283820,77358932,41418990,697624,690,0,0
C036151,4291679,51500148,2546794,30561528,42209922,72712857,55500820,605862,691,0,0
C036152,3613123,43357476,2515799,30189588,320299621,53935710,25118152,439879,830,0,0
C036153,3672272,44067264,3408622,40903464,264264455,32056601,15735455,77005,787,0,0
C036154,3365415,40384980,1434886,17218632,129582282,35878991,12692422,116534,874,0,0
C036155,4647913,55774956,3650206,43802472,164059735,67572662,54208421,259448,725,1,0
C036156,3943762,47325144,2332316,27987792,209847413,47436346,37813532,350290,813,0,0
C036157,2218669,26624028,967637,11611644,57158375,21592266,19400603,183793,814,0,0
C036158,4215910,50590920,2598228,31178736,117352057,116446565,116446565,974844,751,0,0
C036159,3842524,46110288,1638733,19664796,105427161,64691610,44499668,519872,720,0,1
C036160,4509587,54115044,2309049,27708588,212562463,73497413,63255241,636639,798,0,0
C036161,2534576,30414912,1038071,12456852,236744764,11319934,5046136,246481,768,0,0
C036162,9199094,110389128,5465571,65586852,292817645,67427176,34494614,183982,898,0,0
C036163,4033047,48396564,3203659,38443908,66275471,56047896,27216968,564763,654,0,0
C036164,6540199,78482388,4357721,52292652,61288965,35534821,26681277,338114,799,0,0
C036165,2906346,34876152,1199100,14389200,107223474,34441910,15136347,330693,732,0,0
C036166,5618513,67422156,4100404,49204848,228547723,57479627,48775111,360092,805,0,0
C036167,3286324,39435888,2705196,32462352,147691788,71021632,46739098,302451,633,4,0
C036168,2203792,26445504,615194,7382328,52440369,10424767,6758622,231755,778,0,0
C036169,3969101,47629212,2781560,33378720,71550548,68128418,55418201,434794,746,0,0
C036170,2273749,27284988,1528816,18345792,244422385,76235453,62403380,542748,762,0,0
C036171,3019216,36230592,2188671,26264052,230364976,73077401,59025496,532264,665,1,0
C036172,4325693,51908316,3184783,38217396,154973990,40292091,18786227,196076,788,0,0
C036173,4149106,49789272,1185922,14231064,295775251,75131050,61053205,617753,761,0,0
C036174,5426799,65121588,2716863,32602356,166292668,75251618,43472057,412729,901,0,0
C036175,2300136,27601632,1294099,15529188,172626324,14402279,10459747,50000,772,0,0
C036176,3134475,37613700,1517691,18212292,104158580,39529689,35794831,352279,786,0,0
C036177,7696582,92358984,3501382,42016584,211219847,153001174,143963645,806348,744,0,0
C036178,1911612,22939344,1136972,13643664,100541387,52125551,47406917,474481,718,0,0
C036179,2165693,25988316,1443478,17321736,178062676,24422931,14472378,195118,813,0,0
C036180,6280842,75370104,4334030,52008360,249601645,200854831,173265837,1436169,763,0,0
C036181,1944182,23330184,765673,9188076,88984287,13102024,3468390,106201,741,0,0
C036182,3674615,44095380,2527225,30326700,120533687,35523506,35523506,362326,855,1,0
C036183,3108073,37296876,1323266,15879192,234599320,51561376,44902364,492323,778,0,0
C036184,3062724,36752688,1831397,21976764,56987462,10649810,10649810,136681,794,0,0
C036185,4503688,54044256,3065398,36784776,107085974,59617905,47423076,656848,814,1,0
C036186,4500901,54010812,2354762,28257144,636452698,62086729,34217994,190590,764,0,0
C036187,3737637,44851644,1996296,23955552,74109532,76765288,49824076,205114,834,1,0
C036188,5388534,64662408,2853561,34242732,75696472,73286780,31933271,462174,751,0,0
C036189,3570915,42850980,2522677,30272124,532203749,64017441,38130140,264280,877,0,0
C036190,3051986,36623832,1574153,18889836,104220493,29786818,22157966,278075,728,2,0
C036191,5382982,64595784,2220872,26650464,210674199,23764364,15060046,129446,834,0,0
C036192,2279509,27354108,1287879,15454548,133754377,59389702,53402224,428236,717,0,0
C036193,2699635,32395620,1383713,16604556,98307309,31135190,20686890,191680,694,0,0
C036194,3744824,44937888,1569002,18828024,546492757,92826927,59641364,510927,839,0,0
C036195,4609692,55316304,2913222,34958664,217320764,38460509,34717981,535443,708,0,0
C036196,5573412,66880944,3186033,38232396,523600332,78240038,75652741,702885,750,1,0
C036197,4730524,56766288,2827282,33927384,97364242,210434268,202103113,1610150,671,0,0
C036198,3135075,37620900,1894018,22728216,87812650,93224346,87400088,745495,766,0,0
C036199,3783675,45404100,2803084,33637008,116561452,53368485,34669406,355284,810,0,0
C036200,4644865,55738380,2459386,29512632,510388946,45112400,21349434,415930,699,0,0
C036201,5773862,69286344,3032713,36392556,58278817,40748990,40748990,130117,771,0,0
C036202,2893964,34727568,1140359,13684308,146204593,34935476,18475713,192991,851,0,0
C036203,2727569,32730828,1907653,22891836,81614791,27238466,18850476,248597,753,0,0
C036204,3818068,45816816,1875453,22505436,397093333,47890266,31941176,207341,826,0,0
C036205,4050662,48607944,2301587,27619044,324043370,35428699,30891815,338128,788,1,0
C036206,3043182,36518184,1249329,14991948,78393016,49343597,45601550,404033,794,0,0
C036207,5246280,62955360,2681382,32176584,124308211,64676521,54598787,696172,793,0,0
C036208,7303638,87643656,4246717,50960604,953776053,52218715,48221930,509851,760,0,0
C036209,6383520,76602240,1635300,19623600,644652832,60798132,43529522,638481,839,0,0
C036210,4836145,58033740,1781910,21382920,137513132,65510899,44291350,412471,843,0,0
C036211,3731754,44781048,2407005,28884060,60355319,37192181,22654254,311176,794,0,0
C036212,2123710,25484520,1021907,12262884,163033583,50988323,37067777,316647,871,0,0
C036213,2772822,33273864,2054275,24651300,166343175,23673307,14158688,228613,781,0,0
C036214,5022877,60274524,3835453,46025436,794012791,83900050,51000598,595511,709,0,0
C036215,2723853,32686236,1888505,22662060,187444585,9046955,9046955,160334,864,0,0
C036216,3592949,43115388,1515465,18185580,603615432,59596127,32977820,170199,667,0,0
C036217,2921823,35061876,1789204,21470448,122505757,36938559,36938559,396833,802,1,0
C036218,5648327,67779924,2707114,32485368,333093484,72065232,40696834,148973,713,0,0
C036219,7185688,86228256,4396274,52755288,312914179,200766272,200766272,1935506,691,0,0
C036220,5251462,63017544,3479610,41755320,882245616,57149656,48822468,756350,770,0,0
C036221,3511511,42138132,1566446,18797352,143054300,20220043,20220043,294154,748,0,0
C036222,5643028,67716336,2900492,34805904,313417465,123210409,123210409,1185598,727,0,1
C036223,2940518,35286216,1653950,19847400,145759215,34497914,34323464,383171,809,0,0
C036224,5077178,60926136,2931110,35173320,128797301,72332704,60472630,646186,858,0,0
C036225,3880439,46565268,2309327,27711924,573125765,15535984,14138570,77609,739,0,0
C036226,3981043,47772516,1181713,14180556,237298729,23686405,23686405,641967,801,0,0
C036227,8534828,102417936,5672460,68069520,508104212,78609993,31850677,765093,744,0,0
C036228,2180203,26162436,1242709,14912508,155919652,13386697,5589724,170216,799,0,0
C036229,3207164,38485968,2471060,29652720,71333433,86456905,86456905,612220,699,0,0
C036230,2704063,32448756,980010,11760120,93921852,15288243,7120887,165394,748,0,0
C036231,5617793,67413516,4301744,51620928,372863711,38376608,38376608,332055,745,0,0
C036232,3559953,42719436,2726724,32720688,422086995,27015834,27015834,101654,885,0,0
C036233,3458302,41499624,2155398,25864776,164478854,51574442,34696850,333956,836,0,0
C036234,2844503,34134036,1768408,21220896,139745845,38118931,21015934,410078,765,2,1
C036235,4656521,55878252,2952416,35428992,126765681,86820895,81399791,523694,700,1,0
C036236,5777992,69335904,3167753,38013036,137130746,34486175,18983602,639203,832,0,0
C036237,4828305,57939660,3958546,47502552,459822295,33317202,31704246,224009,717,0,0
C036238,4015367,48184404,2986250,35835000,149687060,119032073,102830917,430983,727,0,0
C036239,4342991,52115892,2456098,29473176,104454209,25053225,25053225,423463,776,0,0
C036240,2088270,25059240,956538,11478456,174871945,21142419,21142419,236809,785,0,0
C036241,3214696,38576352,1894343,22732116,487623938,50241910,37551019,400164,757,0,0
C036242,7669871,92038452,6250178,75002136,648799203,301669256,266823775,2278070,720,0,1
C036243,4022868,48274416,2998649,35983788,135174831,45306215,29047694,400114,603,1,0
C036244,2203973,26447676,871199,10454388,42966356,21735850,9927746,94857,824,0,0
C036245,2769049,33228588,1654382,19852584,166456032,32134055,21350511,189655,789,0,0
C036246,6543778,78525336,3855949,46271388,389487768,70029517,48347461,999868,876,0,0
C036247,5344253,64131036,3947786,47373432,140582472,83626901,70141253,713062,777,0,0
C036248,4745539,56946468,2313387,27760644,230586837,79462707,59662531,685525,681,1,1
C036249,3809154,45709848,2413460,28961520,337525293,92568718,63419768,495896,735,0,0
C036250,3894198,46730376,2288744,27464928,84845359,55238161,22976342,268029,766,0,0
C036251,5062482,60749784,3258525,39102300,485311875,50480695,43949715,270476,860,0,0
C036252,4029797,48357564,2843754,34125048,224469825,30318648,19253325,80596,867,0,0
C036253,2155879,25870548,1477379,17728548,71092937,10460637,7481040,50000,810,0,0
C036254,5924505,71094060,3529701,42356412,222377351,41781012,16783532,118490,818,0,0
C036255,4216801,50601612,2397781,28773372,381175389,49141355,29400762,468294,720,0,0
C036256,3392491,40709892,1971092,23653104,154796257,44005709,23949463,469234,803,0,0
C036257,4246383,50956596,2505537,30066444,152755152,39286123,30493962,351625,784,0,0
C036258,3028465,36341580,1042073,12504876,61885612,76174427,72419905,541416,878,0,0
C036259,1800000,21600000,863397,10360764,200585424,14025209,4672850,123461,800,0,0
C036260,4036829,48441948,2932564,35190768,336194285,46128366,29948860,204241,848,0,0
C036261,3038383,36460596,1283649,15403788,510448344,36688716,33078167,496058,811,0,0
C036262,2413380,28960560,1644301,19731612,58079676,29265011,20348708,287499,820,0,0
C036263,6961889,83542668,3723012,44676144,217581212,222894148,195610052,1151167,839,0,0
C036264,3489755,41877060,2063850,24766200,146479077,68250954,51023718,406067,692,1,0
C036265,2152387,25828644,1543798,18525576,118582051,82986574,77753929,437018,727,0,0
C036266,2530125,30361500,1153211,13838532,70663187,51623198,47664770,282084,728,0,0
C036267,5363007,64356084,4273919,51287028,268459416,62150648,60220422,707139,625,0,1
C036268,2481018,29772216,1636273,19635276,62659683,51210386,40669583,354906,810,0,0
C036269,4759608,57115296,2350952,28211424,198138332,40634668,34279804,282701,785,0,1
C036270,3374262,40491144,1740727,20888724,142383648,29927386,26982502,347474,791,0,0
C036271,3607398,43288776,2778200,33338400,359697387,71213361,62367870,631372,675,0,0
C036272,4813791,57765492,2846317,34155804,231680843,76824989,64663148,810915,799,0,0
C036273,3254303,39051636,1575285,18903420,262264589,18980164,8298514,65086,866,0,0
C036274,2795470,33545640,1320914,15850968,263141076,92097340,81802139,713985,677,0,0
C036275,4918207,59018484,3321248,39854976,29287590,63015207,63015207,518797,774,0,0
C036276,3214183,38570196,2941478,35297736,126680632,29887740,21646090,441869,652,0,0
C036277,2293546,27522552,1148877,13786524,56886485,11360585,4300217,177143,854,0,0
C036278,5229365,62752380,2799579,33594948,215383613,64843475,49780969,815289,814,0,0
C036279,4982846,59794152,2628566,31542792,482500286,21939072,12077101,332212,832,0,0
C036280,2568818,30825816,1146842,13762104,99818779,31528624,20532296,166986,755,0,0
C036281,2290905,27490860,1671813,20061756,61389620,16162416,12353024,188750,806,0,0
C036282,4078783,48945396,1692734,20312808,610569955,52160862,21996923,239503,848,0,0
C036283,6452340,77428080,3533128,42397536,247620570,100916954,72564670,585853,871,0,0
C036284,4170728,50048736,2762362,33148344,128334735,60246496,60246496,423199,683,0,0
C036285,11702171,140426052,5465471,65585652,1965964728,118860100,118860100,1185361,798,0,0
C036286,4397594,52771128,3637220,43646640,287493850,55428870,55428870,636238,841,0,0
C036287,3441812,41301744,1824428,21893136,89550261,31145592,12675793,255970,707,2,0
C036288,5240404,62884848,2075169,24902028,42537675,125197540,85035542,780789,789,0,0
C036289,4699875,56398500,2447629,29371548,162291576,211285099,207220870,1413173,647,0,0
C036290,3595223,43142676,2004443,24053316,215420465,126256352,118571864,953956,710,0,0
C036291,3795674,45548088,2362005,28344060,114516220,50047509,33855544,311740,833,0,0
C036292,2347467,28169604,1690784,20289408,122992947,40274546,30193201,275877,737,0,0
C036293,4119508,49434096,1959562,23514744,344212142,18983270,17611082,222992,807,0,0
C036294,2877740,34532880,1323446,15881352,139457751,21675899,9435660,192826,839,0,0
C036295,8141406,97696872,4381853,52582236,379230822,98885930,98885930,761171,808,0,0
C036296,3521187,42254244,1852369,22228428,194977311,28782162,24289055,137269,713,0,0
C036297,5945120,71341440,3701830,44421960,103967208,69342195,36342173,485163,794,0,0
C036298,2543964,30527568,1456459,17477508,157528469,71283881,58824607,505923,703,0,0
C036299,3265233,39182796,993308,11919696,172633365,20469935,6400515,137653,762,0,0
C036300,4726186,56714232,3909506,46914072,654122190,89052741,88471789,616583,795,0,0
C036301,5009287,60111444,2956176,35474112,383653757,104699457,56224929,642544,648,0,0
C036302,4464677,53576124,2814013,33768156,272569403,39147896,33645745,335830,804,0,0
C036303,3939586,47275032,2745134,32941608,211326589,102492203,93232294,1044245,638,1,1
C036304,4165959,49991508,1942169,23306028,161165075,14508003,14508003,83319,733,0,0
C036305,4356719,52280628,2441259,29295108,345637026,43024215,31394098,497899,767,0,0
C036306,4288041,51456492,1433066,17196792,185825868,64415265,49178262,393589,779,1,0
C036307,4228299,50739588,3443582,41322984,84450356,60087600,45674182,464404,751,0,0
C036308,5403362,64840344,3739228,44870736,907764816,94335390,94335390,1201689,700,0,0
C036309,5293340,63520080,2726060,32712720,293682761,109521005,109521005,896423,781,0,0
C036310,5497995,65975940,2872318,34467816,318651535,137975158,118441738,793437,865,0,0
C036311,2606518,31278216,1459443,17513316,296953251,26367834,15657877,251453,764,0,0
C036312,2834816,34017792,1195140,14341680,476249088,47242847,43831536,377378,743,0,0
C036313,4148991,49787892,2031649,24379788,118942428,30287941,20675455,189637,834,1,1
C036314,4465971,53591652,2862512,34350144,302873695,66863322,34928956,678709,822,0,0
C036315,7484041,89808492,4832499,57989988,429592560,157029346,111938584,1219815,752,0,0
C036316,2875325,34503900,1511921,18143052,113874831,27120103,20498300,277980,877,0,0
C036317,3836248,46034976,3150958,37811496,47049573,49825106,20092696,637960,703,0,0
C036318,3810195,45722340,2224351,26692212,293765984,27848523,12125276,445220,748,1,0
C036319,6061772,72741264,4298251,51579012,565460937,63012815,31736657,572076,742,0,0
C036320,6610898,79330776,4610259,55323108,245506757,101136022,56858834,472211,662,0,0
C036321,4827254,57927048,2181142,26173704,284909218,88018357,60153379,512829,801,1,0
C036322,4241939,50903268,2767335,33208020,101616921,40958008,30858246,295595,772,1,0
C036323,3248867,38986404,2145941,25751292,79956499,14484422,12925900,331927,883,0,0
C036324,4159126,49909512,2832450,33989400,101370900,179651636,148795679,1165751,632,1,1
C036325,4026804,48321648,3382708,40592496,113083681,63219451,37346993,552458,703,0,0
C036326,6423101,77077212,3927109,47125308,493412102,105313215,74274867,550789,813,0,0
C036327,2944772,35337264,1216919,14603028,105090069,30757487,20719455,58895,839,0,0
C036328,2909344,34912128,2085021,25020252,488769792,33459829,28869829,289933,780,2,0
C036329,2241546,26898552,1322705,15872460,247431551,35172039,23944036,264786,764,0,0
C036330,2727552,32730624,1322011,15864132,50752034,27824689,19200302,145435,862,0,0
C036331,2502599,30031188,1149777,13797324,82890748,24493695,11708900,50052,794,0,0
C036332,3887849,46654188,2123244,25478928,217203011,8512386,5730403,135953,714,0,0
C036333,3139267,37671204,2165751,25989012,187448551,28058868,26785479,475303,683,0,0
C036334,1800000,21600000,775126,9301512,81170175,44933256,38621514,288913,704,0,1
C036335,1800000,21600000,904606,10855272,115296409,69310308,66491532,280371,793,0,0
C036336,1841585,22099020,1130004,13560048,153679855,20532474,15742755,134306,790,0,0
C036337,3169115,38029380,1278541,15342492,262195698,33890210,33890210,251514,876,0,0
C036338,9278053,111336636,5679069,68148828,1558712904,139983269,130880245,1621678,808,0,0
C036339,2841916,34102992,1416935,17003220,130244671,39400017,29241025,132104,753,1,0
C036340,3659616,43915392,1758712,21104544,151940194,77582474,70623761,536888,782,0,0
C036341,3904610,46855320,2562963,30755556,65213559,61115256,61115256,488678,760,0,0
C036342,5198402,62380824,3332634,39991608,873331536,49674490,49674490,220197,755,0,0
C036343,7728667,92744004,5838118,70057416,309034661,200302209,181108106,1105882,736,0,0
C036344,6047921,72575052,2761945,33143340,73346679,32426462,30244603,634497,817,0,0
C036345,2248941,26987292,715144,8581728,30501664,17712925,11765786,149443,869,0,0
C036346,3403265,40839180,1884816,22617792,222137662,17139338,12167140,105089,772,0,0
C036347,5683414,68200968,3072570,36870840,432163612,50220991,49821331,599007,820,0,0
C036348,3588009,43056108,2513525,30162300,147154974,73715827,62303569,549515,763,0,0
C036349,2731291,32775492,1331657,15979884,52858823,26281409,11545991,352577,861,0,0
C036350,3746635,44959620,1247623,14971476,118369055,35218946,17581245,361630,796,0,0
C036351,5366518,64398216,3943980,47327760,408666655,72929909,57581837,477813,757,0,0
C036352,6432664,77191968,4446911,53362932,407999996,65083105,65083105,682974,805,0,0
C036353,3720803,44649636,2028823,24345876,104520584,33967376,16534628,203241,742,0,1
C036354,2522820,30273840,1363483,16361796,62779549,32348408,23218852,296961,815,0,0
C036355,4944848,59338176,3703936,44447232,121868482,78215658,65828952,535077,870,0,0
C036356,5015453,60185436,3615505,43386060,224967215,67232140,60630946,614672,820,0,0
C036357,2450117,29401404,1385289,16623468,113572593,67094756,54979256,333129,743,0,1
C036358,4656882,55882584,2561544,30738528,115044496,75971013,64508508,417936,768,0,0
C036359,3140982,37691784,1516230,18194760,87071931,51542671,42217530,356415,732,1,0
C036360,3814036,45768432,2323137,27877644,162508117,19970735,16366910,278674,816,0,0
C036361,12000000,144000000,6359565,76314780,603907904,235932127,163959590,1214018,769,0,0
C036362,3876598,46519176,3026992,36323904,188194521,49867829,49574805,696900,818,0,0
C036363,3831606,45979272,2532657,30391884,303480668,93060419,79932517,570185,821,0,0
C036364,3914584,46975008,2517778,30213336,250660770,38104962,21043150,326004,736,1,0
C036365,4435865,53230380,3367009,40404108,212537419,26746130,26746130,510861,750,0,0
C036366,5192152,62305824,2888544,34662528,457634459,81089869,62676238,511341,756,0,0
C036367,5902799,70833588,3916693,47000316,255486899,78328141,62677729,425175,705,0,0
C036368,3157141,37885692,2223389,26680668,167680006,40358411,22083386,152739,763,0,0
C036369,3960525,47526300,2357338,28288056,235194833,82146635,69778629,582480,765,1,0
C036370,3260128,39121536,2385679,28628148,143988935,46642515,30023833,546461,667,2,0
C036371,3497574,41970888,2264767,27177204,234226812,41828394,18815061,236078,796,0,0
C036372,3546315,42555780,1658365,19900380,127878547,63943850,61663970,552803,768,1,0
C036373,3661144,43933728,1881582,22578984,136721487,93194115,92003580,786751,758,0,0
C036374,8790073,105480876,5233181,62798172,464495961,97000035,97000035,610757,839,0,0
C036375,5744243,68930916,3662437,43949244,190945566,102139213,92541478,827802,733,0,0
C036376,1800000,21600000,851371,10216452,46615557,15332120,15332120,302410,892,0,0
C036377,12000000,144000000,9119654,109435848,498365861,25111426,25111426,1124066,838,0,0
C036378,2268513,27222156,967131,11605572,34063397,18793564,16373980,158983,767,0,0
C036379,3639212,43670544,1996205,23954460,278872952,28713503,26849202,176883,766,0,0
C036380,2857535,34290420,1967871,23614452,107644741,14497953,6108062,92418,819,0,0
C036381,6574706,78896472,4680740,56168880,819797652,34876401,34098115,275088,839,0,0
C036382,5112109,61345308,2432259,29187108,293112266,57059719,51896620,557987,869,0,0
C036383,7957229,95486748,4018313,48219756,173569379,78171212,33892985,528519,886,0,0
C036384,2431333,29175996,1395257,16743084,124903938,30144355,21113829,111962,775,0,1
C036385,4736584,56839008,3011656,36139872,87617925,29920465,28800183,94732,796,0,0
C036386,6324879,75898548,4207944,50495328,649655649,93770119,79686011,740174,776,0,0
C036387,7442218,89306616,6367955,76415460,455785224,157350112,135394570,1236118,710,0,1
C036388,7730216,92762592,4378184,52538208,117222204,61476296,61476296,573002,846,0,0
C036389,7707198,92486376,4707743,56492916,241191437,68812176,39190351,512810,778,0,0
C036390,4626489,55517868,2544714,30536568,265289740,24819351,24296041,322041,799,1,0
C036391,4375408,52504896,2088398,25060776,40059942,39444987,19143379,257353,816,0,0
C036392,4597214,55166568,2708175,32498100,477594611,178641038,178641038,1026717,695,0,0
C036393,3298762,39585144,1935030,23220360,71368096,25443764,25443764,190938,847,0,1
C036394,6476068,77712816,3943234,47318808,711492145,42193560,29833383,129521,808,0,0
C036395,4227720,50732640,2534110,30409320,63269929,61653714,47128371,703539,663,0,0
C036396,3797640,45571680,1610934,19331208,128421461,80154317,57831108,572282,721,0,0
C036397,3133755,37605060,2076923,24923076,149280143,40358373,28646574,300522,701,0,0
C036398,3980760,47769120,1503044,18036528,32054569,20314493,20314493,112639,787,0,0
C036399,2932086,35185032,1389619,16675428,188049469,47803355,26405747,168088,807,0,0
C036400,3589321,43071852,2747532,32970384,260957367,11722084,11722084,134135,765,1,0
C036401,4433031,53196372,2208349,26500188,331885570,92169205,74328736,542332,799,0,0
C036402,4828865,57946380,3322929,39875148,76858228,49959503,25916806,525842,813,1,0
C036403,1800000,21600000,1693988,20327856,47580425,18240941,14148499,258329,644,0,1
C036404,2812716,33752592,1416343,16996116,74161734,26823912,26823912,519783,743,0,0
C036405,3272024,39264288,1558468,18701616,126317135,45854733,45854733,200815,791,0,0
C036406,7698835,92386020,4498016,53976192,432352323,222415960,185996111,1440686,769,0,0
C036407,3314047,39768564,2447983,29375796,27890134,30490881,21462008,127365,739,0,0
C036408,2017282,24207384,1478106,17737272,180658713,30863949,16430958,174759,692,0,0
C036409,3204114,38449368,1549245,18590940,62758245,43317994,40917404,423758,791,0,0
C036410,3764646,45175752,3532925,42395100,84809669,43956354,22437842,529606,705,0,0
C036411,4489423,53873076,2588257,31059084,754223064,109351042,92421718,913603,780,1,0
C036412,2055560,24666720,1179096,14149152,62462487,52250260,42838766,408604,791,0,0
C036413,4659150,55909800,3430092,41161104,299774609,98341726,87664536,608143,649,0,0
C036414,1800000,21600000,1264718,15176616,93225061,19478902,12813341,82996,865,0,0
C036415,3093202,37118424,1618944,19427328,29539201,32052822,15119122,326768,763,0,0
C036416,2958236,35498832,2371980,28463760,155091730,20120973,19664625,180479,850,0,0
C036417,2474249,29690988,1242165,14905980,61196232,67645464,60739307,449250,710,0,0
C036418,5611716,67340592,3913480,46961760,122879382,108400336,65576607,791930,676,1,0
C036419,2647482,31769784,1854853,22258236,63604178,11881056,11881056,162590,734,0,0
C036420,2229092,26749104,1658120,19897440,24440601,24223429,18950377,199138,775,0,0
C036421,4815674,57788088,2531790,30381480,215311701,91641258,84198048,843715,827,0,0
C036422,6106533,73278396,2757214,33086568,380153583,85700236,84611968,972017,891,0,0
C036423,2514100,30169200,2529675,30356100,128424219,32986652,24337643,299198,742,0,0
C036424,5313409,63760908,3311312,39735744,892652712,129900870,126135245,1099358,772,0,0
C036425,3216835,38602020,2475754,29709048,77268993,170155761,159004249,1014905,665,0,1
C036426,3734422,44813064,2526530,30318360,28395779,20123940,17457298,74688,825,0,0
C036427,2932767,35193204,1479176,17750112,65196558,72464986,68086557,801896,657,0,0
C036428,3193266,38319192,2782542,33390504,340359521,32261155,24603913,311581,714,0,0
C036429,8057522,96690264,2721371,32656452,301287382,106722172,68468186,688470,894,0,0
C036430,5238878,62866536,2984639,35815668,118480795,48332316,48332316,722008,800,1,0
C036431,5169412,62032944,4243073,50916876,868461216,171149790,158533065,1017279,651,4,1
C036432,4381913,52582956,2145529,25746348,149413375,54935770,35341276,213972,862,0,0
C036433,4132187,49586244,1583469,19001628,210922103,33287522,21702720,82644,820,0,0
C036434,3346393,40156716,2460787,29529444,187726186,31004067,19468070,366484,768,0,0
C036435,2541326,30495912,1055741,12668892,62884794,25199025,25199025,378878,759,0,0
C036436,3889359,46672308,3257818,39093816,39923611,51600696,36068350,191561,814,0,0
C036437,4525575,54306900,3135882,37630584,88770486,51232737,51232737,520684,773,0,0
C036438,2404624,28855488,1422622,17071464,100225509,55322056,55322056,428061,752,0,0
C036439,2205649,26467788,1384073,16608876,88469591,21833270,15707652,175133,788,0,1
C036440,5102717,61232604,2861238,34334856,142963673,52986283,47506387,377007,813,0,0
C036441,3135520,37626240,1649763,19797156,89823197,18402582,18402582,234703,790,0,0
C036442,4172917,50075004,2470703,29648436,102625764,54494601,50045332,353030,862,0,0
C036443,3503004,42036048,2444364,29332368,94684910,28449859,28449859,330312,804,0,0
C036444,6004168,72050016,3642258,43707096,239192040,66483144,45506262,735386,724,0,0
C036445,1800000,21600000,1153221,13838652,86153338,16790847,13052143,165552,708,0,0
C036446,4099502,49194024,2474001,29688012,138236231,101615840,88461948,326339,806,0,0
C036447,3810606,45727272,2259487,27113844,266234136,23966078,19419216,141805,910,0,0
C036448,6456005,77472060,3813430,45761160,318297509,307839797,300727657,1807384,768,0,0
C036449,6478744,77744928,3126130,37513560,375458801,105648618,105648618,747155,801,0,0
C036450,6608868,79306416,4318853,51826236,902918446,58431672,27022756,416265,795,0,0
C036451,2099292,25191504,1689049,20268588,86331729,12867446,8800709,135518,655,0,0
C036452,3233156,38797872,2386143,28633716,66232505,47067216,44565721,487373,700,0,0
C036453,4083110,48997320,3645535,43746420,141479923,158430049,129255205,1005021,639,0,1
C036454,1800000,21600000,1028851,12346212,176243888,63023627,56565136,347578,811,0,0
C036455,2897216,34766592,1252384,15028608,113338737,18518683,13587851,225335,761,1,0
C036456,3679645,44155740,2490046,29880552,408875373,48591780,37344210,244697,761,0,1
C036457,4710357,56524284,3347807,40173684,423469488,25480895,16220370,430618,884,0,0
C036458,4426205,53114460,2022428,24269136,138450349,31284297,31284297,306666,811,0,0
C036459,4508665,54103980,2195480,26345760,319092682,115144827,98270397,445355,853,0,0
C036460,6354501,76254012,3963920,47567040,368837931,73722834,28183253,313304,831,0,0
C036461,2908394,34900728,1868915,22426980,114744058,33275387,33275387,354823,790,0,0
C036462,8926186,107114232,6337950,76055400,160812897,90757520,72011145,178524,763,1,0
C036463,2335935,28031220,1330787,15969444,204585368,46192328,30408612,319114,796,0,0
C036464,1800000,21600000,1072652,12871824,36571520,61942243,47483451,318306,653,0,0
C036465,4176862,50122344,2213817,26565804,71981027,81820289,58292747,611010,724,0,0
C036466,4887462,58649544,3378454,40541448,821093616,75932877,64664561,514442,779,0,0
C036467,3005308,36063696,2327950,27935400,142855411,34072112,24700938,163188,796,0,0
C036468,3536754,42441048,1518228,18218736,479293645,39697032,27368875,124230,870,0,0
C036469,2533418,30401016,1381786,16581432,202809000,24140633,19243550,158604,878,0,0
C036470,3175706,38108472,2768222,33218664,109271191,29417113,17769449,142252,746,0,0
C036471,2818456,33821472,1355695,16268340,170532332,19009822,11667069,160396,785,0,0
C036472,9307804,111693648,5885327,70623924,488983854,125728841,97967124,754720,874,1,0
C036473,6032334,72388008,3322247,39866964,759346772,98245743,66720451,1057000,824,0,0
C036474,1800000,21600000,1165995,13991940,114497451,26979059,19351347,208959,826,0,0
C036475,3072381,36868572,1955840,23470080,175591120,50614584,37098088,428983,786,0,0
C036476,2864596,34375152,1049128,12589536,200340839,48112710,48112710,360700,826,0,1
C036477,7521867,90262404,3657156,43885872,318020526,171034754,131460175,1070356,795,0,0
C036478,3809662,45715944,2410796,28929552,33950968,47195662,26276292,365738,737,0,0
C036479,3970487,47645844,2382967,28595604,76829309,66712871,43511081,518816,689,0,0
C036480,4737241,56846892,2044289,24531468,293640332,19537178,16888582,168344,852,0,0
C036481,4796701,57560412,3252186,39026232,331273797,47273071,36630985,566119,723,1,0
C036482,2665595,31987140,1930606,23167272,86990448,52957552,30680688,302467,738,0,0
C036483,4662167,55946004,2213452,26561424,76711665,55438346,48428666,550174,844,0,0
C036484,2559200,30710400,2101108,25213296,124538281,26542415,24900347,329897,655,0,0
C036485,5438771,65265252,3010695,36128340,64047780,91874452,81273987,265100,783,0,0
C036486,4442111,53305332,2135966,25631592,139990917,41902910,40234827,260103,662,1,0
C036487,2647689,31772268,1437640,17251680,49033426,43838072,43838072,294987,800,0,0
C036488,2239453,26873436,1274410,15292920,116232328,59897781,57478140,360524,728,1,0
C036489,4402667,52832004,3607182,43286184,246958035,38714384,38714384,704368,826,0,0
C036490,3480921,41771052,2162949,25955388,80534444,75894528,75894528,616453,703,0,0
C036491,3759839,45118068,2027865,24334380,217417921,54648867,25898241,447325,785,0,0
C036492,9351849,112222188,3621532,43458384,269807671,144485100,97180781,948138,794,0,0
C036493,6615060,79380720,4000691,48008292,246957964,126743395,90389367,618170,834,0,0
C036494,6650106,79801272,2269029,27228348,166367253,167079289,136518628,1574467,745,0,0
C036495,1904815,22857780,1158296,13899552,76026482,18318006,12672568,261832,838,0,0
C036496,2116553,25398636,1143131,13717572,97128440,19007425,19007425,204937,772,0,0
C036497,2663281,31959372,1211523,14538276,171363021,44790429,26806987,363527,734,1,0
C036498,2708686,32504232,2026588,24319056,21025763,22253238,22253238,257705,780,0,0
C036499,3023037,36276444,1083340,13000080,170123619,25084060,16908851,334440,784,0,0
C036500,5644565,67734780,1779041,21348492,91779796,49499973,45145556,220175,842,0,0
C036501,3766931,45203172,2518872,30226464,133142492,43175986,43175986,714007,745,0,0
C036502,3923046,47076552,1321567,15858804,524380103,84124234,47620543,627319,863,0,0
C036503,4348168,52178016,2581491,30977892,395828109,62538729,40473900,276079,813,0,0
C036504,2567960,30815520,1892947,22715364,235302176,141613337,138669840,1053879,733,0,0
C036505,7426914,89122968,4478016,53736192,381099220,122768985,93523409,744207,796,0,0
C036506,4643319,55719828,2573024,30876288,190344295,56173616,56173616,509611,760,0,0
C036507,4080271,48963252,2079117,24949404,85556962,42800605,33238240,225692,812,0,0
C036508,3213483,38561796,1793778,21525336,201529375,17737766,9627867,112394,849,1,0
C036509,6543022,78516264,4782371,57388452,173892335,68783586,48834056,172614,792,0,0
C036510,5084022,61008264,3006862,36082344,147086165,14095809,11245083,271344,813,0,0
C036511,5838756,70065072,3232895,38794740,334928567,53364095,47967675,862806,681,0,0
C036512,6444864,77338368,5608960,67307520,253358924,68860633,56061397,840776,691,1,0
C036513,4829753,57957036,2663638,31963656,811398504,14278454,14278454,432368,742,0,0
C036514,4695496,56345952,1959718,23516616,614062120,72090348,55567406,777272,754,1,0
C036515,2437629,29251548,1824997,21899964,99734460,12683614,12683614,85127,765,1,0
C036516,3359747,40316964,2212468,26549616,143577421,47660762,38688938,391483,854,0,0
C036517,4509967,54119604,3547664,42571968,206787301,29375325,28436045,114950,802,0,0
C036518,6517312,78207744,3558071,42696852,100734489,60373962,45515443,509782,763,0,0
C036519,1800000,21600000,1226030,14712360,57228981,6202593,6202593,204864,732,0,0
C036520,2519688,30236256,1173789,14085468,73927930,18144380,11705625,219269,878,0,0
C036521,2949502,35394024,1987859,23854308,63513591,29104838,12786318,139386,667,0,0
C036522,2697117,32365404,2133807,25605684,134955076,39953073,30540588,352278,781,1,0
C036523,5505759,66069108,3024195,36290340,139725373,212232278,194386907,1469663,753,0,1
C036524,3072466,36869592,1783335,21400020,184047009,16791905,14681143,102079,875,0,0
C036525,3063732,36764784,986124,11833488,186734740,51387388,47859940,345420,844,0,0
C036526,7693197,92318364,4052054,48624648,248560008,73918157,62318870,560632,808,0,0
C036527,3858373,46300476,1713288,20559456,296727056,40283499,28747369,192026,726,0,0
C036528,4038836,48466032,1976591,23719092,402882501,26109057,14703858,254625,827,0,0
C036529,3124786,37497432,2205753,26469036,46839352,51588648,38102897,449938,729,0,0
C036530,2161938,25943256,1551004,18612048,24622567,26450061,17154400,65842,791,0,0
C036531,3157403,37888836,1653256,19839072,270138800,49065973,28992078,260714,707,0,0
C036532,9290112,111481344,5783226,69398712,731064625,340966731,241572600,2129124,596,3,1
C036533,5190910,62290920,1841318,22095816,525322968,59891965,16651298,388036,794,0,0
C036534,3518835,42226020,1725282,20703384,94685255,15820428,14718797,303359,835,0,0
C036535,5168509,62022108,2477836,29734032,282024316,45476983,20795646,103370,787,1,0
C036536,2006533,24078396,1441107,17293284,257133991,24671544,15448985,139694,776,0,0
C036537,3698253,44379036,2470591,29647092,70860763,33670051,15782320,73965,707,1,0
C036538,5369645,64435740,2963231,35558772,147322598,90325229,71910333,586260,857,0,0
C036539,2670823,32049876,1317196,15806352,307110067,39877536,30923763,296648,845,0,0
C036540,7491323,89895876,2527955,30335460,523799111,70935217,52315267,543143,931,0,0
C036541,2314547,27774564,1737225,20846700,135403192,58098666,57648349,490209,668,1,1
C036542,3658675,43904100,2590606,31087272,191730962,51061717,42943091,264512,697,0,0
C036543,10496884,125962608,5329596,63955152,300211774,101775655,95082650,893493,772,0,0
C036544,3677384,44128608,2449170,29390040,186212655,42082638,42082638,473051,746,0,0
C036545,3127907,37534884,1509569,18114828,122362998,40722012,27053678,273001,822,0,0
C036546,7716175,92594100,6310515,75726180,116519530,120219095,103179663,814082,814,0,0
C036547,3234813,38817756,2024296,24291552,103399198,62053943,46258611,353375,737,0,0
C036548,6331399,75976788,3927677,47132124,212521294,106062005,106062005,901255,712,0,0
C036549,4056121,48673452,2394890,28738680,220458029,80012462,68884477,597679,824,0,0
C036550,3138997,37667964,2254948,27059376,98798922,28925241,18276304,297543,781,0,0
C036551,4573978,54887736,2997577,35970924,95861983,29986557,29986557,91480,789,0,0
C036552,3450627,41407524,1995874,23950488,311512147,91953175,78901741,623559,747,0,0
C036553,1974625,23695500,1443566,17322792,90018870,18335775,11031151,174878,744,0,0
C036554,6472726,77672712,4425756,53109072,478107185,216191852,195949530,1653372,614,0,1
C036555,3549379,42592548,1791373,21496476,169708551,46466066,40224483,304736,802,0,0
C036556,4529352,54352224,1430941,17171292,68341222,61090255,59164963,610171,794,0,0
C036557,4104441,49253292,3014570,36174840,376533554,53980516,53980516,586253,771,0,0
C036558,4994877,59938524,3884241,46610892,721693608,28063723,28063723,99898,867,0,0
C036559,3988396,47860752,3064833,36777996,60468892,24578568,22092886,290240,719,0,0
C036560,5595339,67144068,2107089,25285068,143772185,37620931,27247275,226078,825,0,0
C036561,2446129,29353548,1704622,20455464,63875223,34113048,22450960,328732,730,0,0
C036562,4518576,54222912,3345626,40147512,319642543,50555012,50555012,772084,773,0,0
C036563,4420457,53045484,3882434,46589208,95699950,63856036,42116583,589675,591,1,1
C036564,3281264,39375168,1753147,21037764,274145898,14439504,14439504,299487,757,0,0
C036565,2032243,24386916,983561,11802732,55756871,20630381,12356437,205406,744,0,0
C036566,3554173,42650076,2284154,27409848,99550643,53172743,47353337,71083,841,0,0
C036567,8276823,99321876,6300479,75605748,1390506264,124026633,82612924,601679,656,2,0
C036568,5550261,66603132,3383585,40603020,235109032,107253304,107253304,710793,733,0,0
C036569,3258798,39105576,2142289,25707468,130879989,66695969,59060783,372113,722,0,0
C036570,5178209,62138508,3973179,47678148,326095370,64379071,64379071,312855,765,0,0
C036571,3259902,39118824,3303388,39640656,333551036,120674928,93629805,928342,616,0,1
C036572,2570750,30849000,1689473,20273676,57359478,45259660,39518871,420020,715,0,0
C036573,2087536,25050432,1167010,14004120,47386761,40397583,31470887,293894,658,1,0
C036574,3199218,38390616,2155554,25866648,56697047,78596098,64037989,565784,760,0,0
C036575,2872683,34472196,1893530,22722360,126609439,74730224,58750031,486967,774,0,0
C036576,4479857,53758284,3265337,39184044,352487647,27692187,18543653,89597,798,0,0
C036577,6168262,74019144,4713048,56556576,128144579,186175390,126862924,1192795,616,1,0
C036578,6591253,79095036,5457024,65484288,728848719,199255567,171040872,1443737,769,0,0
C036579,1866666,22399992,837311,10047732,93979952,28104526,19440134,220854,870,0,0
C036580,7876748,94520976,5997817,71973804,1051720937,87303808,87303808,689716,734,0,0
C036581,3839228,46070736,2763635,33163620,176382896,37988384,21321213,509294,692,1,0
C036582,7956941,95483292,4240722,50888664,231740153,89310250,29012990,490587,694,2,0
C036583,3654154,43849848,2248189,26978268,255254195,36178901,14150619,266735,861,0,0
C036584,5097753,61173036,2422141,29065692,328432789,47864034,43620229,299439,854,1,0
C036585,4340969,52091628,1927519,23130228,51298193,70493906,62999049,626953,791,0,0
C036586,8401910,100822920,4878422,58541064,162128029,245295623,223935055,1841806,762,1,0
C036587,3191176,38294112,925980,11111760,169024305,56103419,56103419,441762,774,0,0
C036588,5840731,70088772,3827638,45931656,362051785,52254364,45638959,343549,803,0,0
C036589,8337129,100045548,6967617,83611404,267831779,129632858,108428598,848382,690,0,0
C036590,10113733,121364796,7219754,86637048,1699107144,120710620,113908075,712033,862,0,0
C036591,3347902,40174824,1726777,20721324,286118204,40249977,30406134,416207,751,0,0
C036592,4394948,52739376,2382546,28590552,214741400,34767575,22657695,435185,691,0,0
C036593,5579553,66954636,4001235,48014820,157067925,220323443,190117227,1444916,656,1,0
C036594,2505289,30063468,1514100,18169200,57728056,23890053,15786376,102459,818,0,0
C036595,3017898,36214776,1267144,15205728,152997643,31442576,31442576,194505,850,0,0
C036596,2821598,33859176,2055828,24669936,107459157,36498027,32643859,154357,827,0,0
C036597,3324252,39891024,1394942,16739304,204361725,45228352,40045662,525506,804,0,0
C036598,3923915,47086980,2398175,28778100,77618989,32636542,32636542,366038,868,0,0
C036599,2223598,26683176,1262684,15152208,66580810,25462107,13321374,249280,785,0,0
C036600,5223628,62683536,2353680,28244160,109578857,104989388,87809120,856476,813,0,0
C036601,4096205,49154460,2340896,28090752,67996480,29838403,14116715,619168,695,0,0
C036602,3164163,37969956,2240271,26883252,77327305,29181436,20969204,391846,746,0,0
C036603,3617039,43404468,2303759,27645108,68142089,28705256,19053951,221915,834,0,0
C036604,3639251,43671012,2572308,30867696,200824339,120374037,120374037,921794,694,0,1
C036605,3210865,38530380,2417914,29014968,204336596,49541551,36350279,485619,725,1,0
C036606,2483947,29807364,1532375,18388500,73546265,43650754,34101360,384926,791,0,0
C036607,3099076,37188912,2772854,33274248,54039755,35711890,13877042,215871,702,0,0
C036608,1838812,22065744,1144726,13736712,140187381,35199816,30816196,222911,783,0,0
C036609,5088680,61064160,3093983,37127796,92930405,112629877,89964780,815842,804,1,0
C036610,5473867,65686404,2649570,31794840,93842299,37050771,37050771,472943,821,0,0
C036611,4325299,51903588,2053372,24640464,168826979,50826782,23939769,259467,851,0,0
C036612,2660045,31920540,1538281,18459372,98089773,25077388,21001545,266785,794,0,0
C036613,4650968,55811616,2578945,30947340,43640700,25623829,22607860,186151,733,0,0
C036614,5345467,64145604,2213286,26559432,297835820,75298499,49944789,726891,765,0,0
C036615,2153669,25844028,1542444,18509328,77039495,20717980,13250391,241396,816,1,0
C036616,4204479,50453748,2793133,33517596,479768187,49678287,33857673,142475,775,0,0
C036617,4477257,53727084,3606736,43280832,227338028,61959514,45725855,577353,725,1,1
C036618,6024045,72288540,4395893,52750716,326103910,141747493,103532330,1149700,704,0,0
C036619,5230520,62766240,2928642,35143704,176344838,61292612,51447843,591259,703,0,0
C036620,1927492,23129904,1500340,18004080,79156751,29338833,19257070,246765,808,0,0
C036621,4929755,59157060,3463626,41563512,204322448,66650819,66650819,518802,815,0,0
C036622,3021586,36259032,1245715,14948580,236812470,30766317,26979346,228244,820,0,0
C036623,2485338,29824056,1615359,19384308,72025118,44456164,38926368,215124,797,0,0
C036624,3443597,41323164,2243712,26924544,65278004,75505113,55184565,505221,640,1,1
C036625,3942523,47310276,3026088,36313056,321721616,46475772,27330880,304373,847,0,0
C036626,1800000,21600000,744376,8932512,65408881,16657318,16657318,217535,846,0,0
C036627,3411932,40943184,1435164,17221968,110249560,57740136,33067508,354268,764,1,0
C036628,3235595,38827140,1911684,22940208,34388382,70018241,55429331,538235,790,0,0
C036629,2909736,34916832,1652509,19830108,72120697,28126053,18027141,169592,773,0,0
C036630,3014361,36172332,1153564,13842768,59928640,21228353,10663556,268600,789,0,0
C036631,4998083,59976996,2951549,35418588,152099363,31457769,31457769,206061,861,0,0
C036632,2835989,34031868,1603556,19242672,92919766,22758508,19572732,312531,727,0,0
C036633,2999350,35992200,2464357,29572284,96621369,40982278,22589809,362366,774,0,0
C036634,10786770,129441240,6748953,80987436,1462048061,62609848,62609848,788156,752,0,0
C036635,6862984,82355808,4641978,55703736,210568895,158273996,110745753,667345,741,1,0
C036636,2666570,31998840,1747856,20974272,63889650,21677968,21677968,124791,768,0,0
C036637,2668974,32027688,1566038,18792456,114639807,34573260,34573260,394788,837,0,0
C036638,2772455,33269460,1964195,23570340,138843489,17952416,11768763,117702,842,0,0
C036639,2286852,27442224,1251423,15017076,118665929,29172219,29172219,231407,784,0,0
C036640,2824530,33894360,1632914,19594968,78260842,19569915,15162310,227541,701,0,0
C036641,4521421,54257052,2617569,31410828,392333377,75799218,75799218,820470,794,0,0
C036642,8379764,100557168,5289803,63477636,277935761,73252651,51494755,419728,785,0,0
C036643,2150988,25811856,978530,11742360,16711121,24021743,21382088,397361,778,0,0
C036644,3112920,37355040,2185036,26220432,105812345,20487588,13487168,195643,835,0,0
C036645,2540371,30484452,1658150,19897800,55022327,33743868,33743868,405105,722,0,0
C036646,6209246,74510952,4399584,52795008,242028567,64330920,64330920,601613,834,0,0
C036647,2971394,35656728,2058169,24698028,162014672,29353659,29353659,59428,706,0,0
C036648,2685667,32228004,1720091,20641092,53126240,17704293,9738303,342985,725,0,0
C036649,6622121,79465452,4418105,53017260,440815678,41032177,37518858,624065,767,0,0
C036650,4893110,58717320,1802366,21628392,213034202,18554094,12921219,136622,759,0,0
C036651,2848054,34176648,853621,10243452,75644476,24567137,24567137,228967,844,0,0
C036652,3512829,42153948,2264263,27171156,167701103,43370351,43370351,202833,784,0,0
C036653,7601048,91212576,2572794,30873528,457608323,82623839,62243517,710222,743,0,0
C036654,4687654,56251848,2024306,24291672,89755832,95420760,81752406,484014,835,0,0
C036655,4990623,59887476,3239820,38877840,49805886,59648947,39950789,375899,792,0,0
C036656,3463455,41561460,1847185,22166220,321814592,59342366,51349216,321340,783,0,0
C036657,3263207,39158484,1549087,18589044,77534965,23428181,22180426,203407,809,0,0
C036658,5471724,65660688,3350806,40209672,302360918,113845614,76605688,502977,779,1,0
C036659,1992605,23911260,1192923,14315076,117941151,43740477,40009234,365693,759,0,0
C036660,7044652,84535824,2879460,34553520,386544689,170222902,137173867,1161547,773,0,0
C036661,1800000,21600000,1269969,15239628,63910079,25986421,25986421,216714,841,0,0
C036662,2543516,30522192,832512,9990144,88961180,10895189,10895189,266451,861,0,0
C036663,8731351,104776212,5807679,69692148,476407767,149442786,110887823,1299099,790,0,0
C036664,8145400,97744800,4149820,49797840,143063530,168093654,107172705,1109619,668,2,1
C036665,4885824,58629888,3379867,40558404,177321405,33966166,25712392,332842,800,0,0
C036666,3580300,42963600,1951460,23417520,179339899,48240829,26060601,240229,756,0,0
C036667,6996734,83960808,3937815,47253780,81624794,221179554,210446607,1168366,838,0,0
C036668,7440604,89287248,4647149,55765788,494383566,43732559,43732559,519772,778,0,0
C036669,8254441,99053292,5296934,63563208,711335194,110286030,95990311,1108503,704,0,0
C036670,6795990,81551880,5203226,62438712,102071877,76402024,76402024,659339,807,0,0
C036671,4612571,55350852,2431102,29173224,73312630,20396050,19314910,360907,814,1,0
C036672,3141021,37692252,1336247,16034964,122133480,46716607,38085956,401859,826,0,0
C036673,2907863,34894356,2701555,32418660,120320070,43390997,39661141,527751,683,2,1
C036674,3999852,47998224,2527227,30326724,205011959,56372419,40119535,677417,743,0,1
C036675,5215174,62582088,3151248,37814976,104597854,86653683,74585123,439498,800,0,0
C036676,4450000,53400000,2411165,28933980,144444353,46764577,46764577,226220,838,0,0
C036677,2990302,35883624,1791399,21496788,390207156,34640487,21577224,238487,780,0,0
C036678,3708928,44507136,2931674,35180088,323107279,76996851,53323801,588787,771,1,1
C036679,6426612,77119344,3984008,47808096,330536072,45608716,41493549,497296,782,1,0
C036680,8180971,98171652,6896700,82760400,472581802,115510074,105071542,1243464,761,0,1
C036681,4664106,55969272,2602581,31230972,79720197,74816519,61069228,428135,843,0,0
C036682,3276732,39320784,2536285,30435420,163304703,15417421,12287827,321053,806,0,0
C036683,8508581,102102972,3068371,36820452,225223242,45237456,37393531,334151,864,0,0
C036684,5134390,61612680,3300662,39607944,98958935,139182453,98608969,1063698,690,0,0
C036685,3420859,41050308,1618437,19421244,524078731,14772217,11666361,495787,859,0,0
C036686,3884909,46618908,3366762,40401144,86726287,42035173,28704921,344011,819,0,0
C036687,2184529,26214348,696186,8354232,74811818,13826754,7110273,153923,808,0,0
C036688,2476761,29721132,619190,7430280,56300491,61631348,61631348,519065,759,0,0
C036689,3775537,45306444,3078481,36941772,272222499,44657484,44657484,281171,764,0,1
C036690,1800000,21600000,1360242,16322904,34460966,43146681,41030270,319826,696,1,0
C036691,2996264,35955168,2121373,25456476,162341554,44638615,34691340,384140,680,2,0
C036692,5300258,63603096,3158607,37903284,413909055,43385046,29856302,764076,759,0,0
C036693,4042936,48515232,2532054,30384648,77648859,112781068,94886433,900426,707,1,0
C036694,3848649,46183788,2393485,28721820,193493273,18390394,16648323,266830,790,0,0
C036695,8633488,103601856,3576648,42919776,209288299,258805314,207810400,1497224,843,0,0
C036696,10699153,128389836,6628355,79540260,308162857,303091182,237589924,1688305,721,0,0
C036697,4103348,49240176,2976529,35718348,169069740,40529847,40529847,383022,705,0,0
C036698,4479459,53753508,2591842,31102104,220718640,30654718,12189762,305018,780,0,0
C036699,6503032,78036384,3059687,36716244,1092509376,68730371,47797426,720881,822,0,0
C036700,2390857,28690284,1071895,12862740,94376378,68551547,68551547,468097,808,0,0
C036701,4678013,56136156,3104575,37254900,268561885,122368152,122368152,892998,688,0,0
C036702,2312725,27752700,1112296,13347552,116338682,37454637,24450593,214028,783,0,1
C036703,5044934,60539208,1497849,17974188,153988892,59324938,47006224,664112,795,0,0
C036704,5733706,68804472,2510267,30123204,608510505,84922859,80106039,600818,838,0,0
C036705,4138671,49664052,2812374,33748488,130206271,57672489,34726326,517434,757,1,0
C036706,4821424,57857088,2576372,30916464,258632945,31614517,31614517,334758,732,0,0
C036707,5304940,63659280,2928453,35141436,276558146,152727823,149056155,1013779,818,0,0
C036708,3697608,44371296,2170162,26041944,83087826,73064681,65663508,611147,777,0,0
C036709,5261259,63135108,3025890,36310680,71885063,149287189,123419722,825845,783,0,0
C036710,2330351,27964212,1514858,18178296,94244624,13464511,13464511,209602,739,0,0
C036711,2035747,24428964,1009676,12116112,86860534,26945179,18037901,295146,731,0,0
C036712,2682142,32185704,1880360,22564320,356847769,53386291,45325644,384440,846,1,0
C036713,3419722,41036664,1475528,17706336,64168715,17708793,12098091,148724,817,0,0
C036714,7109352,85312224,3199174,38390088,559284842,119722376,95018967,989473,759,0,0
C036715,3658293,43899516,2637784,31653408,571953603,88835541,84894671,721950,702,0,0
C036716,6499331,77991972,3731305,44775660,156873926,76288755,70802288,904947,823,0,1
C036717,2859340,34312080,1690297,20283564,157106959,27781416,18897133,166881,831,0,0
C036718,8107257,97287084,5273498,63281976,363112691,129247002,63668162,1095215,755,0,0
C036719,8807340,105688080,5386708,64640496,525578582,40037158,37417868,1265996,813,0,0
C036720,9638609,115663308,7028103,84337236,472310431,72791803,20486662,213896,779,0,0
C036721,8749473,104993676,5190189,62282268,157533059,101069449,76167849,1250602,826,1,0
C036722,3751786,45021432,2581344,30976128,630300048,24958792,22632145,80785,718,0,0
C036723,1986147,23833764,1509729,18116748,333672696,39022940,22192942,216580,806,0,0
C036724,1979275,23751300,1040282,12483384,60996530,31549999,24918946,166218,808,0,0
C036725,3511136,42133632,2435689,29228268,86099701,70851597,60344939,500700,743,0,0
C036726,6510131,78121572,4791564,57498768,254200474,74437700,25861039,193684,775,0,0
C036727,3506125,42073500,2285273,27423276,208120343,120383831,120383831,810806,800,0,0
C036728,6840781,82089372,3274929,39299148,87422510,125995516,119698919,879815,800,0,0
C036729,5491979,65903748,2724127,32689524,119663063,52761639,52761639,517531,872,0,0
C036730,4101974,49223688,3911281,46935372,86074409,117289142,95434151,812741,720,0,1
C036731,4142830,49713960,3832582,45990984,43361392,89573787,77138919,900030,769,3,1
C036732,3832307,45987684,2149465,25793580,156286774,50390631,43759133,287040,755,0,0
C036733,2411118,28933416,1314595,15775140,405067824,45204747,37086155,339046,772,0,0
C036734,4474410,53692920,2857101,34285212,119740829,54765952,32277500,266257,819,0,0
C036735,4284300,51411600,2270715,27248580,126187288,79435096,59148289,369662,652,1,0
C036736,2719888,32638656,1699030,20388360,156204038,36667203,17131061,199329,792,0,0
C036737,3705600,44467200,2055876,24670512,94528917,28763252,17135984,155363,725,0,0
C036738,3628385,43540620,2071564,24858768,276939302,86910557,76065713,394338,718,0,0
C036739,5428890,65146680,2465470,29585640,220582725,149083060,149083060,909111,799,1,0
C036740,3645391,43744692,2035634,24427608,130651202,23697057,13677724,125514,801,0,0
C036741,2843902,34126824,1253053,15036636,158136362,37109750,31987892,214917,902,0,0
C036742,2928215,35138580,1576413,18916956,215736343,26168032,18905676,150256,737,0,0
C036743,4395395,52744740,2102015,25224180,259419993,165556627,152910703,969433,668,0,0
C036744,1800000,21600000,1345700,16148400,90721145,20041121,16119019,204095,762,1,0
C036745,3399284,40791408,1946991,23363892,63504996,12386568,8479243,211047,844,0,0
C036746,3375612,40507344,1858978,22307736,29656109,85696278,71819369,538361,738,0,0
C036747,2362274,28347288,1273465,15281580,78017008,4025698,4025698,264232,789,0,0
C036748,5417550,65010600,3645405,43744860,155804783,136639607,117525998,1025693,844,0,0
C036749,1816978,21803736,1457638,17491656,102891915,28348494,17502368,202214,745,0,0
C036750,4802048,57624576,1200512,14406144,83314199,51933770,38987910,559448,819,0,0
C036751,4311403,51736836,2204916,26458992,121995458,41950472,41610496,127935,789,0,0
C036752,3912042,46944504,2771821,33261852,486422457,130311180,124504299,1123741,730,1,0
C036753,2193660,26323920,921687,11060244,59804852,32823361,25429876,178903,847,0,0
C036754,3966758,47601096,1290983,15491796,28317075,34825082,34825082,573844,794,0,0
C036755,2579722,30956664,1858768,22305216,53890516,10020457,10020457,162058,851,0,0
C036756,2398659,28783908,934718,11216616,106743002,10041784,10041784,110062,769,0,0
C036757,2999421,35993052,1569261,18831132,35668798,48052805,42901142,358908,837,0,0
C036758,1800000,21600000,1257238,15086856,289228564,23588486,18196387,160638,748,0,0
C036759,5616265,67395180,2644435,31733220,133868992,94671587,78461108,321920,898,0,0
C036760,5045255,60543060,3385476,40625712,166230301,110460461,100964805,814043,744,0,0
C036761,7778663,93343956,6566217,78794604,371685444,86775393,77241917,323458,733,0,0
C036762,6361917,76343004,3009151,36109812,385370483,66185844,66185844,623509,834,0,0
C036763,6395175,76742100,4201878,50422536,304476428,114756965,88773850,931807,698,0,0
C036764,2274155,27289860,972816,11673792,38474486,28312477,25983783,178397,814,0,0
C036765,6339840,76078080,3757819,45093828,292597073,191434209,191434209,1284389,745,0,0
C036766,6648135,79777620,5120534,61446408,368645396,146991937,111773387,1365106,687,1,1
C036767,3707664,44491968,1791294,21495528,34045492,28205129,19781126,318016,747,0,0
C036768,3337276,40047312,1664453,19973436,238194289,187971532,180212904,1295566,696,0,1
C036769,3232078,38784936,1898812,22785744,313634630,47508379,28927879,64642,906,0,0
C036770,5817235,69806820,4650149,55801788,141646533,47992569,34243683,496117,719,0,0
C036771,5807450,69689400,4628958,55547496,477311374,106979922,94731976,1167425,707,0,0
C036772,1800000,21600000,783504,9402048,44032041,20196765,16664960,50000,877,0,0
C036773,2514546,30174552,1373422,16481064,371956310,21439171,14913064,197620,752,0,0
C036774,2295015,27540180,1821786,21861432,86223768,35646048,32004272,337318,740,0,0
C036775,5427684,65132208,2780403,33364836,303953609,120021691,98105063,817670,785,0,0
C036776,6124270,73491240,3273709,39284508,347372107,51875869,24930073,122485,759,0,0
C036777,10534766,126417192,5448925,65387100,198538218,141428677,104275751,1255209,632,0,1
C036778,5766000,69192000,3301740,39620880,421155430,57410284,41201368,546187,838,1,0
C036779,3799280,45591360,2061194,24734328,449440489,128192478,115151766,959682,677,1,0
C036780,1800000,21600000,1036921,12443052,168216011,37043659,29465418,254828,789,0,0
C036781,10038731,120464772,4416648,52999776,442673409,233355441,213673614,2009334,761,0,1
C036782,5609865,67318380,3773367,45280404,78246726,53522935,31343634,285151,740,0,0
C036783,4139119,49669428,1504625,18055500,218951402,69041412,69041412,751417,756,0,0
C036784,2378650,28543800,1825159,21901908,100910780,25448567,25448567,399858,679,0,0
C036785,6230655,74767860,4092324,49107888,336429856,88957376,86623347,775169,722,1,0
C036786,6207728,74492736,4256953,51083436,172855708,71287088,62528294,386855,821,0,0
C036787,4842059,58104708,1685143,20221716,813465912,70565304,56283327,435738,740,0,0
C036788,4862337,58348044,2611772,31341264,274755911,138300587,129766052,744805,809,0,0
C036789,3064196,36770352,1878489,22541868,85496516,38474980,20937437,61284,840,0,0
C036790,3538125,42457500,1998320,23979840,124447390,12279328,8418636,243114,793,0,0
C036791,5240704,62888448,2641559,31698708,200478457,287399681,282998016,1765073,863,0,0
C036792,4692994,56315928,3811043,45732516,129445233,50380995,32882955,494825,724,0,0
C036793,2704806,32457672,1322435,15869220,71233006,20740699,14747891,253967,796,0,0
C036794,3212990,38555880,2361809,28341708,151774490,89004012,71966298,577516,693,0,0
C036795,5713585,68563020,3418989,41027868,83190782,36520306,14709747,740602,632,0,0
C036796,3108422,37301064,1357336,16288032,259453649,48661513,35578587,430484,636,0,0
C036797,8258840,99106080,5388787,64665444,311256306,123396370,118807055,611492,750,0,0
C036798,4192164,50305968,1133486,13601832,115204001,54964351,54964351,478685,864,0,0
C036799,8425878,101110536,3395529,40746348,625393547,242213736,235388866,1821331,775,1,0
C036800,3428562,41142744,2110762,25329144,270514079,19556412,19556412,102053,836,1,0
C036801,3164474,37973688,1853740,22244880,62722263,30742535,13505351,204574,774,0,0
C036802,3760647,45127764,2227695,26732340,280714331,29094944,17867721,450032,808,0,0
C036803,3111439,37337268,2383607,28603284,208831796,24408649,11358095,174565,759,0,0
C036804,2027556,24330672,909001,10908012,40559522,72025436,60120303,381741,758,0,0
C036805,2197365,26368380,1251742,15020904,139374088,28890431,25919911,214836,841,0,0
C036806,6284839,75418068,2807744,33692928,160752406,30206388,30206388,441847,846,0,0
C036807,3371045,40452540,2230160,26761920,126867682,43709498,33694916,322989,749,0,0
C036808,3195113,38341356,1992094,23905128,241362298,75574288,74576927,587383,832,0,0
C036809,1966408,23596896,1133756,13605072,132936000,9691969,5476962,255206,879,0,0
C036810,4252501,51030012,3397785,40773420,116729607,62625935,48456877,602827,746,0,0
C036811,4309923,51719076,2899026,34788312,216355106,168171791,148793538,1101088,733,0,1
C036812,3986160,47833920,1980810,23769720,51579628,55502886,55502886,602983,805,0,0
C036813,3206875,38482500,1857197,22286364,211093206,15885182,15885182,164215,784,0,0
C036814,3647252,43767024,3065026,36780312,68609905,98826016,81845488,569144,798,0,0
C036815,3151951,37823412,1930123,23161476,47391146,52200005,37281703,411971,770,0,1
C036816,5886851,70642212,5030406,60364872,346440001,34706823,21213119,117737,741,0,0
C036817,2452288,29427456,1260073,15120876,83313157,23213681,14375795,93211,752,0,0
C036818,7039804,84477648,4789629,57475548,370506902,92902028,37494119,435050,763,0,0
C036819,5479773,65757276,2441250,29295000,95384467,38093738,28591384,357323,817,1,0
C036820,5198338,62380056,3409474,40913688,104854460,28470836,27315443,520671,675,0,0
C036821,2352758,28233096,856706,10280472,119859325,44659606,36884823,325047,787,0,0
C036822,2327159,27925908,1787714,21452568,83776893,43989350,34027139,383033,872,0,0
C036823,2805223,33662676,2435867,29230404,37617457,70551076,45317766,378405,623,0,1
C036824,8273888,99286656,6374524,76494288,427141013,70502730,39468596,428914,788,0,0
C036825,6467009,77604108,2043107,24517284,126193417,62553131,47402300,368915,750,0,0
C036826,2601548,31218576,1858076,22296912,149873471,15212553,12773569,191387,754,0,0
C036827,5520616,66247392,3928344,47140128,338408475,75079929,72089114,561910,818,0,0
C036828,2296935,27563220,1724151,20689812,82973278,27044297,19902580,273111,726,0,0
C036829,2843141,34117692,1984166,23809992,191439880,12620685,7900878,56863,728,0,0
C036830,3813439,45761268,2410717,28928604,341207982,32900839,18657308,390740,767,0,0
C036831,5533916,66406992,3127302,37527624,256562500,84855814,68225093,775168,739,0,0
C036832,4994670,59936040,2996333,35955996,250756581,91052811,91052811,845471,824,0,0
C036833,8539363,102472356,5120697,61448364,351885749,217422077,187530078,1571453,773,0,0
C036834,3375641,40507692,1437174,17246088,173943081,43633265,37912417,358258,866,0,0
C036835,6263783,75165396,3986869,47842428,265209126,236304117,236304117,1506910,729,0,0
C036836,4424907,53098884,3143668,37724016,127259518,30781661,28566793,378389,717,0,0
C036837,4137719,49652628,2418883,29026596,493695436,44313029,28572492,222644,874,0,0
C036838,3686954,44243448,2883088,34597056,92221229,108530779,104093164,794428,790,0,0
C036839,2823077,33876924,2418853,29026236,80756821,14404958,6130919,290250,877,0,0
C036840,4146871,49762452,2927831,35133972,470194382,70853579,60202743,301850,773,0,0
C036841,3055882,36670584,2197059,26364708,180584938,37170960,31812429,288158,772,0,0
C036842,2938830,35265960,1459808,17517696,369617341,145316696,132465192,946059,705,0,0
C036843,2997832,35973984,1696157,20353884,236972175,18907432,9884962,157541,785,0,0
C036844,7502632,90031584,4007372,48088464,776057318,87685712,53908696,597397,814,0,0
C036845,12000000,144000000,7457267,89487204,544048630,131571611,102317342,713051,784,0,0
C036846,4517914,54214968,1199591,14395092,430771764,53344684,45142268,470980,899,0,0
C036847,3231349,38776188,2105539,25266468,271625886,80178193,54657911,454648,788,0,0
C036848,4530580,54366960,2461958,29543496,72843042,55099259,51644607,284920,812,0,0
C036849,6439888,77278656,3898660,46783920,513841271,88723469,47263674,698419,720,0,0
C036850,5088552,61062624,4513184,54158208,100976693,138348761,100339962,900137,688,1,0
C036851,4603371,55240452,2113222,25358664,116896272,90985892,57192666,203937,823,0,0
C036852,3269949,39239388,2262093,27145116,83698380,138309389,115328074,910450,610,0,0
C036853,5033296,60399552,4169080,50028960,81634894,47935490,34185774,346112,745,0,0
C036854,4722585,56671020,2472262,29667144,125540168,63064933,50008126,515864,654,0,0
C036855,1914784,22977408,751564,9018768,133079028,19082080,7777692,64141,828,1,0
C036856,2918293,35019516,1987727,23852724,154240316,50006335,30224909,324577,704,0,0
C036857,5987026,71844312,3664405,43972860,207287107,137523894,63790427,450097,726,0,0
C036858,7227974,86735688,4497762,53973144,366338521,217347537,215336166,1772323,749,1,0
C036859,5704086,68449032,2493937,29927244,329370572,60555944,24194127,476541,855,0,0
C036860,3534156,42409872,2625478,31505736,347582850,205715660,177456276,1379939,683,0,0
C036861,2592897,31114764,1082237,12986844,135838837,33024285,16484025,128367,807,0,0
C036862,5825213,69902556,2180765,26169180,212397116,124076146,97970522,978574,856,0,0
C036863,4794678,57536136,3346400,40156800,156993968,59959507,44584987,443605,700,1,0
C036864,5989447,71873364,3787845,45454140,194098437,197597925,189442261,1387178,760,0,1
C036865,4064365,48772380,1357822,16293864,349302208,57690089,57690089,419674,738,0,0
C036866,5439904,65278848,3469130,41629560,444464562,63073832,56075178,323796,795,0,0
C036867,3183752,38205024,1415242,16982904,158584727,17727656,9970138,264542,834,0,0
C036868,3515118,42181416,2182567,26190804,46993223,91132810,82478345,500419,736,0,0
C036869,5718355,68620260,2822515,33870180,162233384,81505491,69580519,613646,704,0,1
C036870,4302189,51626268,1949322,23391864,722767752,40621230,40137087,294584,789,0,0
C036871,3894829,46737948,1656193,19874316,448386726,39603537,24042232,225765,781,0,0
C036872,5946699,71360388,3138434,37661208,317154206,108257931,100036745,861801,734,0,0
C036873,3274833,39297996,2059788,24717456,107882011,46562851,43472868,216174,789,0,0
C036874,2654448,31853376,1710857,20530284,251889683,58065447,49426751,274653,817,0,0
C036875,7067210,84806520,4021686,48260232,691101710,86052778,54629652,249475,766,0,0
C036876,3906858,46882296,2448165,29377980,153737154,29141195,29141195,78137,753,0,0
C036877,2784363,33412356,1252538,15030456,146326655,14606164,13616987,149873,772,0,0
C036878,6320677,75848124,3438807,41265684,535771258,42088195,30940225,417307,839,0,0
C036879,2737422,32849064,1144009,13728108,134432482,9946407,9946407,54748,844,0,0
C036880,2120047,25440564,1275308,15303696,86228226,31764365,29375067,227886,699,0,0
C036881,3211456,38537472,1132213,13586556,160195247,37663621,11554120,162163,809,0,0
C036882,6158277,73899324,5140781,61689372,80137020,180232757,135734701,1646854,724,0,0
C036883,2307929,27695148,1216549,14598588,118508612,34650256,34650256,390025,749,0,0
C036884,6434917,77219004,4007147,48085764,273605278,100743865,97872554,1227730,803,0,0
C036885,4131239,49574868,2565802,30789624,221632173,30400150,30306849,520991,828,0,0
C036886,1865922,22391064,1396479,16757748,116123100,45068377,38061782,300250,707,0,0
C036887,2946646,35359752,1818669,21824028,495036528,22229979,16356460,184911,797,0,0
C036888,2791597,33499164,1390317,16683804,67106258,55937615,55937615,262155,733,0,0
C036889,4484746,53816952,3753865,45046380,213178572,64626069,49086173,1085556,660,1,0
C036890,2799114,33589368,1647235,19766820,100940275,92338758,78637821,547585,695,2,0
C036891,5346596,64159152,2654034,31848408,323438525,44626898,42584129,329351,830,0,0
C036892,7785440,93425280,5733884,68806608,294460887,94033708,45016949,324300,833,0,0
C036893,5606585,67279020,4687501,56250012,126697381,252021563,222608974,1541166,708,0,0
C036894,3427774,41133288,1961615,23539380,182455211,55906765,49401249,367506,760,0,0
C036895,1948068,23376816,698773,8385276,76749924,28156759,21867308,146115,887,0,0
C036896,8492912,101914944,5685808,68229696,225572000,201026596,162800334,1045781,680,0,0
C036897,5852935,70235220,1969926,23639112,171356495,51625724,49695503,602929,833,0,0
C036898,3878928,46547136,2112272,25347264,85266108,78481837,71527865,792165,784,0,0
C036899,5565683,66788196,3904120,46849440,170528538,49163635,27805784,432239,726,0,0
C036900,2093359,25120308,1347455,16169460,27867914,19810719,12549062,271069,820,0,0
C036901,3889236,46670832,2292451,27509412,51492822,70458889,58079052,710843,814,0,0
C036902,2449667,29396004,1271430,15257160,66456674,36840319,26589930,161650,806,0,0
C036903,11647328,139767936,7000136,84001632,629553579,523541062,474106462,3044749,705,0,0
C036904,3552287,42627444,1863787,22365444,99969403,31072503,14782676,71046,826,0,0
C036905,1800000,21600000,1176181,14114172,23685497,19415490,13566779,184361,749,0,0
C036906,5099546,61194552,2984303,35811636,270575821,71572022,62091906,696075,783,1,1
C036907,4301612,51619344,2559626,30715512,113498283,65476642,43448270,505253,767,0,0
C036908,3860566,46326792,1757829,21093948,218331600,45611574,28720041,315026,811,0,0
C036909,3772011,45264132,2041695,24500340,57751358,35866635,33349932,509695,727,0,0
C036910,6163577,73962924,4457566,53490792,287532079,291939637,273898595,1937164,630,1,0
C036911,2553903,30646836,1571255,18855060,177119219,17988731,16604435,203972,721,1,0
C036912,2916207,34994484,2131212,25574544,75673457,19075263,11515143,380121,707,0,0
C036913,1931406,23176872,1275175,15302100,48937370,23451661,16317542,120686,733,0,0
C036914,3433514,41202168,1657674,19892088,118052320,29226291,18537675,167333,740,0,0
C036915,7137532,85650384,4262034,51144408,111153240,175103054,156023417,1200797,735,0,1
C036916,6498492,77981904,3628939,43547268,456793882,75292695,63280461,728802,835,0,0
C036917,5918812,71025744,2917781,35013372,252173091,58760538,49484293,588902,916,0,0
C036918,2828541,33942492,1690862,20290344,475194888,34631468,28875519,356753,779,0,0
C036919,4039241,48470892,2519608,30235296,85853934,25770472,25770472,305296,914,0,0
C036920,4736352,56836224,2929840,35158080,429360708,47193436,32314814,206765,777,0,0
C036921,3788291,45459492,1844137,22129644,197111563,29338556,25888443,75766,841,0,0
C036922,4447082,53364984,2093377,25120524,376702518,26925671,17335095,221080,804,0,0
C036923,5538630,66463560,3836253,46035036,95551883,83443708,71302521,608512,727,1,0
C036924,2399421,28793052,1038827,12465924,89001029,30209244,23336902,218533,767,0,0
C036925,4441737,53300844,2186045,26232540,184417003,30807582,15753346,401125,814,1,0
C036926,2383146,28597752,1863715,22364580,38027865,55708819,50818694,264796,844,0,0
C036927,2961724,35540688,1694121,20329452,144090550,15756796,15756796,324017,700,0,0
C036928,2769373,33232476,1660418,19925016,190100334,47107471,47107471,490897,772,0,0
C036929,3136430,37637160,799505,9594060,246037387,21217448,12390636,62729,776,0,0
C036930,5108509,61302108,2734593,32815116,143063345,43751870,12544640,403825,710,0,0
C036931,3971956,47663472,2264180,27170160,154017089,72042680,71917648,532050,646,0,0
C036932,7994773,95937276,5636400,67636800,168091643,138101349,89040057,1281694,749,0,0
C036933,4789039,57468468,2392924,28715088,97456327,41072132,25724054,247049,763,0,0
C036934,2775055,33300660,1956289,23475468,85751115,86934232,76238261,582891,736,0,0
C036935,5405199,64862388,3590925,43091100,302532725,97916841,87100434,1095314,735,0,0
C036936,7705498,92465976,3138557,37662684,83438302,102604196,88668044,1236650,758,0,1
C036937,4852807,58233684,3283742,39404904,146850314,49369039,32755012,612421,750,0,0
C036938,6599874,79198488,3707440,44489280,577959001,79857246,59235731,1069873,665,0,0
C036939,2935334,35224008,1740757,20889084,150314431,22673464,20094366,232112,758,0,1
C036940,5782375,69388500,3085034,37020408,102828653,24873394,24873394,425658,805,0,0
C036941,5288112,63457344,3322135,39865620,152715584,106508071,102971789,819048,795,0,1
C036942,4204053,50448636,3104343,37252116,85107562,127404624,108070952,828648,732,1,1
C036943,3403664,40843968,1839350,22072200,125519908,93722518,71828038,258375,765,0,0
C036944,8282614,99391368,3953277,47439324,716920440,167414248,138887507,722313,702,2,0
C036945,5552997,66635964,2358733,28304796,149884790,52955994,46133035,367654,804,0,0
C036946,3354571,40254852,2029838,24358056,83433450,49252203,35935367,372002,758,0,0
C036947,4566735,54800820,1141684,13700208,165039005,32745567,18405394,417633,775,0,0
C036948,2461041,29532492,985825,11829900,144345793,41251101,14691905,334069,695,0,0
C036949,6011129,72133548,1903163,22837956,251616621,125769211,99972426,934137,863,0,0
C036950,5659480,67913760,3440657,41287884,120864148,50883723,47944665,763637,736,0,0
C036951,3516707,42200484,1884290,22611480,124923882,6794518,6794518,70334,793,0,0
C036952,3029918,36359016,1666843,20002116,276567847,22622043,16871907,97188,786,0,0
C036953,4625797,55509564,2111653,25339836,254390723,120860640,108540518,975387,777,0,1
C036954,7179903,86158836,4521841,54262092,441681860,159710848,144544530,1719104,741,0,0
C036955,3924123,47089476,1999484,23993808,52270048,44345359,27070026,526336,738,0,0
C036956,5186530,62238360,3329885,39958620,357911316,52035885,52035885,378800,830,0,0
C036957,6494433,77933196,4576210,54914520,401125745,61175424,54075286,624379,821,0,0
C036958,2756151,33073812,1583624,19003488,86514200,56474947,42247561,286383,822,0,0
C036959,2797723,33572676,2093563,25122756,88932661,50937972,25839754,370082,647,0,1
C036960,4672700,56072400,3890209,46682508,364204247,30449425,30449425,261450,769,0,0
C036961,5443507,65322084,3170562,38046744,91441258,47807213,19788725,640530,769,0,0
C036962,3442385,41308620,1892177,22706124,66019914,24343074,24343074,232011,743,0,0
C036963,3977898,47734776,2783336,33400032,392699632,63448174,58902675,605062,641,0,0
C036964,1978611,23743332,1237165,14845980,61723252,25978223,24352223,203804,693,0,0
C036965,2686037,32232444,1669256,20031072,172709975,32126661,29835035,172402,841,0,0
C036966,4837564,58050768,3088687,37064244,113684455,84398271,63239748,734738,818,0,0
C036967,4038097,48457164,1955450,23465400,171400163,86777530,86777530,480032,854,0,0
C036968,3362350,40348200,1809183,21710196,184684780,25317717,10809501,88551,786,0,0
C036969,3320435,39845220,3123273,37479276,249480116,85298074,69162745,897532,632,2,1
C036970,5429512,65154144,3025409,36304908,210720883,93831097,65872302,801317,788,1,0
C036971,2712452,32549424,1187175,14246100,104555746,43799930,28728813,195642,864,0,0
C036972,3643469,43721628,1714689,20576268,177126131,14707421,5299383,129690,818,0,0
C036973,4003030,48036360,1777351,21328212,672509040,51187311,51187311,620450,773,0,0
C036974,4298127,51577524,2100374,25204488,111876059,52868242,52868242,650828,764,0,0
C036975,4601606,55219272,4257544,51090528,261068124,85724678,81919557,964517,688,0,0
C036976,3889991,46679892,3491160,41893920,105583126,40779026,29671966,451577,757,0,0
C036977,2505183,30062196,1137837,13654044,103173023,38497963,28218327,198835,789,0,0
C036978,3666918,44003016,2848706,34184472,49635759,48757183,38317545,550898,775,0,0
C036979,3355033,40260396,1954634,23455608,125127493,20962804,13928705,622557,762,1,0
C036980,2024473,24293676,1072467,12869604,96479355,58759267,58748938,401780,769,0,0
C036981,3896856,46762272,3313130,39757560,216838765,116251772,99862564,881080,596,1,1
C036982,3479068,41748816,2328208,27938496,50998831,36872329,26062694,385824,800,0,0
C036983,2900049,34800588,1632926,19595112,408977353,45806375,27724098,204467,796,0,0
C036984,7385552,88626624,4242533,50910396,204641941,76453199,39317175,1126704,781,0,0
C036985,4301763,51621156,2883853,34606236,226052519,32749609,14115785,106554,746,0,0
C036986,4726280,56715360,3244486,38933832,140994789,99028933,84264623,528842,795,0,0
C036987,2437695,29252340,1736206,20834472,145215997,30676044,23373912,364130,707,0,0
C036988,4719850,56638200,2787673,33452076,277682839,98057102,98057102,838370,682,0,0
C036989,8431961,101183532,5481339,65776068,551829018,82491181,65381701,897055,740,1,0
C036990,4007924,48095088,2006380,24076560,189311427,33644245,32736884,158715,846,0,0
C036991,3670397,44044764,1833492,22001904,156261645,20255489,15609722,73408,849,1,0
C036992,2301994,27623928,2312149,27745788,77048727,25368478,7442681,50000,598,3,1
C036993,2528856,30346272,1041854,12502248,56903172,14256096,13907545,198871,850,0,0
C036994,5390241,64682892,2278023,27336276,572514236,59776769,25553024,430128,828,0,0
C036995,4246710,50960520,2519760,30237120,110622555,29589190,29589190,352801,766,0,0
C036996,5538542,66462504,3163200,37958400,106572103,69875089,38412922,187172,805,0,0
C036997,3117779,37413348,1929860,23158320,75583634,15317128,12020423,289294,741,0,0
C036998,4220192,50642304,2097061,25164732,62431209,31202801,27428757,304921,786,0,0
C036999,4083081,48996972,2739668,32876016,103569938,49928149,40040923,403438,712,0,0
C037000,3415295,40983540,2344150,28129800,529935946,55606276,33944288,549127,762,0,0
C037001,4230959,50771508,2607040,31284480,164318940,35907232,30861788,129788,888,0,0
C037002,3507678,42092136,2061368,24736416,230716814,43023320,31093966,438881,736,0,0
C037003,3755035,45060420,2794918,33539016,230680929,29353006,22730688,208002,921,0,0
C037004,3341552,40098624,1321658,15859896,110952093,23961179,23961179,338358,824,0,0
C037005,3616656,43399872,1908076,22896912,94976817,53728199,32116912,310448,758,0,0
C037006,2805254,33663048,1723913,20686956,214237306,66793238,42987839,330334,768,0,0
C037007,5944954,71339448,4551596,54619152,327708407,49079638,21263285,506954,820,0,0
C037008,1800000,21600000,933759,11205108,302400000,10422984,9228107,143277,738,1,0
C037009,8067638,96811656,5663458,67961496,542170945,230830144,197793745,1595763,706,0,0
C037010,4302380,51628560,3307040,39684480,133831670,27192957,16696428,322001,671,0,0
C037011,6933945,83207340,4224316,50691792,217771088,43357881,41464930,745317,760,0,0
C037012,7785579,93426948,5806249,69674988,82133404,90936167,48582280,511111,798,1,0
C037013,3168765,38025180,2061574,24738888,163298978,34691078,31415280,306061,776,0,0
C037014,4147705,49772460,2131439,25577268,279293787,50176909,24690610,558845,867,0,0
C037015,2465324,29583888,1662933,19955196,59579051,34454465,21354371,251521,803,0,0
C037016,3540813,42489756,1891783,22701396,339083507,120061378,115704075,1091789,791,0,0
C037017,8081798,96981576,3191117,38293404,629858001,126538968,117671817,1362544,831,0,0
C037018,5803999,69647988,2330402,27964824,229598555,56635663,56635663,405288,845,0,0
C037019,3681803,44181636,2201533,26418396,174071219,29130449,18888131,208279,741,0,0
C037020,4164885,49978620,2933599,35203188,286086140,49966538,34374524,597719,707,0,0
C037021,4764663,57175956,1614692,19376304,162158089,38011751,30280028,95293,833,0,0
C037022,8127398,97528776,4393505,52722060,238073002,149366865,114344135,1000907,821,1,0
C037023,3056151,36673812,2619034,31428408,96786721,56724923,35005816,364352,732,0,0
C037024,1803848,21646176,1137210,13646520,303046464,7031493,6747063,50000,817,0,0
C037025,3999339,47992068,2203074,26436888,142806358,45592632,40147777,419469,752,0,0
C037026,2263373,27160476,1191611,14299332,114582034,12511526,12511526,50000,847,0,0
C037027,6002949,72035388,1511713,18140556,185993891,91584777,75385760,573368,842,0,0
C037028,4479320,53751840,3228050,38736600,107687301,59297180,37438992,255398,780,0,0
C037029,3263369,39160428,1763237,21158844,146391374,45389854,42717068,446283,850,0,0
C037030,4773059,57276708,2192839,26314068,397569410,73301292,49835417,676553,734,0,0
C037031,4585845,55030140,2542334,30508008,50165306,104421715,93029447,677316,820,0,0
C037032,1800000,21600000,858879,10306548,76822818,12791814,11510982,143675,725,0,1
C037033,5257802,63093624,2955319,35463828,883310736,161174222,134481602,1178362,682,0,0
C037034,2452148,29425776,1027428,12329136,134045202,30074794,24072939,294275,781,0,0
C037035,2513117,30157404,2325715,27908580,101099072,17204361,17204361,200065,751,0,1
C037036,2866566,34398792,1789201,21470412,161268065,53453561,41483897,321331,737,0,0
C037037,5254284,63051408,2690487,32285844,253215209,87494099,71050991,553647,743,0,0
C037038,5060699,60728388,3112329,37347948,477646344,65984187,39599398,408832,784,0,0
C037039,6767909,81214908,3697112,44365344,186341178,149593642,132846543,1035665,757,0,0
C037040,7774190,93290280,4261277,51135324,278456636,49018838,37363089,155484,798,0,1
C037041,4680520,56166240,2209626,26515512,54998545,44837558,44837558,387675,743,0,0
C037042,3387193,40646316,2451493,29417916,233992700,72352229,51807961,524194,695,1,1
C037043,2831324,33975888,1186103,14233236,26239577,30830484,26799923,157507,824,0,1
C037044,3649979,43799748,2081467,24977604,299645232,36852832,25334769,471368,702,0,0
C037045,3857645,46291740,2344001,28128012,173132754,106369201,94500941,566738,691,0,0
C037046,5261191,63134292,2523320,30279840,201742194,65484552,59147674,373840,758,0,0
C037047,3002152,36025824,1268131,15217572,55454412,18129962,18129962,338849,784,0,0
C037048,4265735,51188820,1842710,22112520,716643480,61671666,54711182,505732,662,1,0
C037049,3670755,44049060,1041933,12503196,367619395,32221280,23072611,277795,763,0,0
C037050,3435281,41223372,2530395,30364740,98998875,40153413,28144386,232061,751,0,0
C037051,3819545,45834540,2809966,33719592,93685725,55099624,42738596,315420,821,0,0
C037052,4618642,55423704,2635093,31621116,197177533,66961762,42002052,371962,772,1,0
C037053,3471552,41658624,2639543,31674516,104449773,66129823,58565614,599125,713,0,0
C037054,2974407,35692884,1929757,23157084,172056946,36690397,30159934,367224,861,0,0
C037055,1800000,21600000,1094932,13139184,22490663,21181190,14722886,241630,769,0,0
C037056,4285009,51420108,3029464,36353568,53923011,31885140,31885140,123253,752,0,1
C037057,4241243,50894916,2373372,28480464,170755301,34204559,25855276,162525,728,0,0
C037058,2306865,27682380,1529538,18354456,305094833,34747268,21470039,207267,734,0,0
C037059,2558318,30699816,857957,10295484,85906020,44666482,44666482,508276,865,0,0
C037060,9288265,111459180,6004939,72059268,1560428520,134231650,106823287,1262902,717,1,0
C037061,5160199,61922388,4129230,49550760,92657586,91288923,83549685,497698,822,0,0
C037062,5874104,70489248,3278978,39347736,124773239,60924932,56316561,858239,806,0,0
C037063,7602433,91229196,3947291,47367492,877510515,121306575,93553746,836346,748,0,0
C037064,5659748,67916976,3777415,45328980,95615014,26990319,19436748,301068,848,0,0
C037065,6966969,83603628,3011442,36137304,315183539,97306366,84575481,1044070,825,1,0
C037066,4935464,59225568,1554140,18649680,237721130,25847795,25847795,491611,793,1,0
C037067,3058264,36699168,1971450,23657400,121731115,37680347,37680347,237317,806,0,0
C037068,3657714,43892568,2220489,26645868,316684491,55005488,55005488,525182,853,0,0
C037069,2418273,29019276,1159682,13916184,24533785,40336075,33557266,240997,757,0,0
C037070,4832186,57986232,1516365,18196380,395589502,27482505,26318438,280167,799,0,0
C037071,3053090,36637080,1518566,18222792,60458783,78130236,42818036,478906,766,0,0
C037072,3752283,45027396,1074828,12897936,88516657,31153806,21732015,148919,836,0,0
C037073,1800000,21600000,893062,10716744,66034348,45467180,30322012,296584,797,0,0
C037074,3465151,41581812,2268098,27217176,161013561,94323571,81384761,556588,751,0,0
C037075,2634411,31612932,1084907,13018884,51789197,19988351,19988351,401646,762,0,0
C037076,1852736,22232832,1114407,13372884,26097329,11922980,10286037,75745,841,0,0
C037077,6204498,74453976,2192268,26307216,1042355664,170628554,114578087,858324,854,0,0
C037078,7446269,89355228,4352528,52230336,485693005,50986340,36030361,374703,838,0,0
C037079,4640242,55682904,2941330,35295960,128527522,150970615,148975265,1476620,678,0,0
C037080,1800000,21600000,1567287,18807444,302400000,14744540,7773307,142184,663,0,0
C037081,1907348,22888176,1325106,15901272,100922730,36657528,36657528,110263,766,0,0
C037082,2333760,28005120,1429242,17150904,89326361,46503951,46078617,333127,812,0,0
C037083,2679761,32157132,1255196,15062352,127207788,26952668,16992161,147217,754,0,0
C037084,2608475,31301700,2191007,26292084,145394985,23696213,16113936,229575,661,1,0
C037085,3228539,38742468,1664468,19973616,54717398,38841532,30896504,445601,753,0,0
C037086,5972689,71672268,1864262,22371144,169304034,159491550,159491550,1448420,734,0,0
C037087,3553337,42640044,1891256,22695072,67452989,18967504,7756852,132007,754,0,0
C037088,1800000,21600000,1043410,12520920,40988836,22814764,18290221,366295,696,2,1
C037089,1883790,22605480,1327343,15928116,219287468,40183702,38824214,188164,775,0,0
C037090,5632730,67592760,4267540,51210480,789323192,14810504,14810504,132818,733,1,0
C037091,5990990,71891880,2497886,29974632,197774279,101708224,70683196,621672,728,0,0
C037092,4948320,59379840,2140454,25685448,304852976,59949009,50242028,229783,844,0,0
C037093,4803943,57647316,2827576,33930912,170581320,54588106,54588106,510533,806,0,0
C037094,6561449,78737388,3774849,45298188,337633558,90708289,70846095,531141,889,0,0
C037095,5251120,63013440,3655209,43862508,572917447,127973316,108607342,1017308,665,0,0
C037096,3586748,43040976,2083036,24996432,56094803,108175428,105954170,826769,700,0,0
C037097,3945363,47344356,2011759,24141108,153896878,32592800,32592800,442638,935,0,0
C037098,3624527,43494324,2004081,24048972,82202970,33970034,26944757,192264,763,0,0
C037099,4166745,50000940,2628322,31539864,162704192,28157928,16631027,351146,904,0,0
C037100,9679234,116150808,7101242,85214904,1282966853,258661173,258661173,1978732,703,0,0
C037101,6302830,75633960,3765867,45190404,549582223,134144538,109759119,999978,701,0,0
C037102,5832008,69984096,3886219,46634628,143736108,48325553,45639180,192818,762,0,0
C037103,4025876,48310512,3049829,36597948,156343638,47186394,28253277,735061,643,1,0
C037104,2665199,31982388,1810066,21720792,60131496,37692554,27736685,260662,888,0,0
C037105,3813341,45760092,1312850,15754200,133176892,29187359,25253873,486384,834,0,0
C037106,3863945,46367340,2706814,32481768,233670294,62047053,38172197,483113,784,0,0
C037107,5584406,67012872,3438057,41256684,748809874,64535123,38116695,284197,757,0,0
C037108,5465819,65589828,4143173,49718076,185218211,122937406,103270559,720794,813,0,0
C037109,4435307,53223684,2241111,26893332,130661241,59184864,54363443,580415,735,0,0
C037110,3297864,39574368,2191029,26292348,175641874,34448152,27037786,248469,789,0,0
C037111,1800000,21600000,1154020,13848240,290811091,14254862,11156608,89602,810,0,0
C037112,11507214,138086568,6315069,75780828,742783002,404558597,367663172,2469732,685,0,1
C037113,6581638,78979656,4871644,58459728,354802808,88507288,88507288,621636,810,0,0
C037114,3671951,44063412,2048282,24579384,119066982,73565351,72689757,408060,844,0,0
C037115,3528390,42340680,1742463,20909556,160953020,50074951,50074951,824974,760,0,0
C037116,4332827,51993924,3153049,37836588,104267399,62435150,48962564,599649,816,0,0
C037117,8030573,96366876,5968591,71623092,519662815,102752801,99846903,433461,776,1,0
C037118,3316306,39795672,1432970,17195640,48240936,94549762,83274338,747625,733,0,0
C037119,2773814,33285768,1139063,13668756,314605730,72200374,61035320,525855,781,0,0
C037120,2801191,33614292,1519461,18233532,29851401,76255177,63244180,593790,675,1,0
C037121,4980213,59762556,1608377,19300524,232829528,20325136,20325136,334598,733,0,0
C037122,5363957,64367484,3127560,37530720,317250810,65594330,34611607,329487,760,0,0
C037123,6288171,75458052,2767046,33204552,109031137,103160172,56662594,413939,743,2,0
C037124,4076128,48913536,3387950,40655400,325104128,89636198,66958158,586181,736,0,0
C037125,3705190,44462280,2623270,31479240,359725817,87132529,87132529,377517,735,0,0
C037126,6884673,82616076,5150293,61803516,142162427,22662276,10469025,602148,840,0,0
C037127,2791841,33502092,1633748,19604976,87549567,37908590,21028886,152744,756,0,0
C037128,5828997,69947964,2161831,25941972,74850431,73691540,65026188,680229,757,1,0
C037129,3747723,44972676,1335117,16021404,322568982,45239998,24672440,242168,812,0,0
C037130,3264893,39178716,1887371,22648452,48099212,43531816,31355221,156872,849,0,0
C037131,5880210,70562520,3002516,36030192,450026364,53424790,46677989,594839,870,0,0
C037132,5660658,67927896,4004148,48049776,465498735,97620637,97620637,748350,785,0,0
C037133,4373292,52479504,3567435,42809220,85712174,23274912,23274912,799087,658,0,0
C037134,4248386,50980632,2395348,28744176,139591613,95214192,88820201,513607,917,0,0
C037135,3070731,36848772,1486503,17838036,198259283,118080354,108686805,782606,645,0,1
C037136,1800000,21600000,898361,10780332,70444117,32778417,28292888,181537,814,0,0
C037137,4693528,56322336,3045115,36541380,363706626,38538682,17068583,318912,832,0,0
C037138,3999077,47988924,1742552,20910624,310242251,80134253,80134253,487251,767,1,0
C037139,2437474,29249688,1417890,17014680,131441550,29024603,29024603,343648,817,0,0
C037140,6647463,79769556,6504821,78057852,228961163,30018799,11755612,680339,627,0,0
C037141,3651026,43812312,912757,10953084,103282954,35386940,27184250,405535,761,0,0
C037142,3482844,41794128,1311140,15733680,124729134,25261418,20539234,161151,846,0,0
C037143,3914640,46975680,1319858,15838296,185399434,64644304,36436211,500489,728,0,0
C037144,4742838,56914056,2472716,29672592,214196028,112326285,90326935,797629,774,0,0
C037145,2399744,28796928,1289038,15468456,74187121,49155661,42123122,306155,696,0,1
C037146,2801198,33614376,1121915,13462980,247008877,91079165,78449006,562192,752,0,0
C037147,6654450,79853400,3617404,43408848,142697117,74729960,55672299,584094,780,0,0
C037148,5407169,64886028,4462810,53553720,86022603,75652784,69592919,993207,737,0,0
C037149,6591382,79096584,3551547,42618564,212621870,137320952,114302049,894045,813,0,0
C037150,4239519,50874228,1907376,22888512,82333782,45543923,30869161,417706,836,0,0
C037151,3217870,38614440,1943120,23317440,337218762,22162529,13898963,207530,726,0,0
C037152,2392372,28708464,1363258,16359096,119389207,28527980,27489675,223052,771,0,0
C037153,2235389,26824668,1601884,19222608,109625969,28017876,23118867,156848,793,1,0
C037154,6028108,72337296,4271856,51262272,145520895,109379785,84222507,579029,709,0,0
C037155,5222841,62674092,3230069,38760828,183428311,35164154,33403845,1055589,708,0,0
C037156,6353830,76245960,4133249,49598988,240940287,64804071,29228638,451937,845,0,0
C037157,3641351,43696212,2287401,27448812,93264317,71496275,54066928,280994,798,0,1
C037158,8964278,107571336,4984864,59818368,1505998704,108606930,89074525,680604,774,0,0
C037159,4510746,54128952,3063801,36765612,232634749,100720505,91130614,757704,646,0,0
C037160,3656153,43873836,1316469,15797628,208280418,28225324,27795548,495607,811,0,0
C037161,3063066,36756792,1916943,23003316,175025756,28520103,12561275,269373,781,1,0
C037162,6877584,82531008,3396592,40759104,642371448,180675673,161670601,1380389,627,1,0
C037163,5182655,62191860,2633944,31607328,204707901,63575010,63575010,767714,893,0,0
C037164,6883593,82603116,4128578,49542936,417346995,41188835,34313991,655154,854,0,0
C037165,3972836,47674032,1682836,20194032,375355861,55660354,55660354,250636,849,0,0
C037166,3960427,47525124,2416751,29001012,300729342,28456604,28456604,149563,844,0,0
C037167,3064701,36776412,2354913,28258956,58001574,25299920,17876407,226599,826,0,0
C037168,1800000,21600000,1079126,12949512,46016998,16780203,6913302,50000,831,0,0
C037169,4952402,59428824,2574356,30892272,96535895,83274183,74333903,645668,769,0,0
C037170,4777725,57332700,2710905,32530860,148531713,86093013,75382179,716843,807,0,0
C037171,6874110,82489320,2575565,30906780,486980417,137296623,117523234,1491717,752,0,1
C037172,2343984,28127808,1874268,22491216,183020906,45506332,32973891,412573,749,0,0
C037173,7407471,88889652,4145640,49747680,275550591,167370909,113326177,1034824,752,0,0
C037174,3224341,38692092,2156917,25883004,52188269,29150686,15480447,221173,812,0,0
C037175,1910126,22921512,735003,8820036,178369986,17792381,10407582,50000,731,0,0
C037176,7116153,85393836,1779038,21348456,432425480,79658517,46162025,190571,906,0,0
C037177,5860968,70331616,3158282,37899384,984642624,75224706,43866516,117219,849,0,0
C037178,4780288,57363456,3682388,44188656,303087746,97310516,75997154,1102531,708,0,0
C037179,2500478,30005736,967426,11609112,341486462,15608810,15608810,254307,814,0,0
C037180,3404984,40859808,1677480,20129760,206328910,22395361,20179549,68100,822,0,0
C037181,8372672,100472064,5360239,64322868,485809346,185487892,185487892,1728827,768,0,0
C037182,2365635,28387620,1322591,15871092,166639532,30527216,27850864,282478,844,0,0
C037183,3010842,36130104,1557209,18686508,41806181,35986533,15989559,60217,791,0,0
C037184,3606223,43274676,2046659,24559908,113264750,19887839,19746520,289220,668,0,0
C037185,2028317,24339804,1395692,16748304,30754062,13870657,11636579,327923,835,0,0
C037186,5288426,63461112,4653503,55842036,506786268,58590095,58590095,411067,755,0,0
C037187,2941506,35298072,1440034,17280408,171768556,38119464,26552423,459590,840,0,0
C037188,7302938,87635256,3168803,38025636,1109902093,83791114,63238867,696781,888,0,0
C037189,2027401,24328812,1263664,15163968,150819474,33713858,29923584,301691,730,2,0
C037190,5525605,66307260,3866938,46403256,416536838,118920400,78576989,1050237,772,0,0
C037191,4623099,55477188,3031685,36380220,385600496,43058840,14061600,296316,711,0,0
C037192,2352923,28235076,1509049,18108588,127647980,34118770,30238567,401061,729,1,1
C037193,3084770,37017240,1380297,16563564,140045971,30495081,26725359,150588,914,0,0
C037194,2665791,31989492,1726462,20717544,172375131,44123265,28387064,270205,622,0,1
C037195,3604214,43250568,2046005,24552060,100004413,33054246,33054246,257295,902,0,0
C037196,2917468,35009616,1413130,16957560,51647894,21735309,20851640,300252,806,0,0
C037197,1800000,21600000,1072757,12873084,40486509,22004470,8718792,123676,751,0,0
C037198,1800000,21600000,761879,9142548,59000343,21790163,11161185,125902,891,0,0
C037199,2370454,28445448,1620665,19447980,64144570,33398277,24070075,158002,732,0,0
C037200,2085986,25031832,757237,9086844,128299003,24404907,14358402,236487,787,0,0
C037201,10498851,125986212,4505074,54060888,260148094,121937772,110322635,1092961,766,0,0
C037202,8809702,105716424,7043981,84527772,604963968,54678582,50239853,431751,913,0,0
C037203,1800000,21600000,1047135,12565620,35212372,24945406,24945406,245921,752,1,1
C037204,2789164,33469968,1168001,14016012,91690788,35085883,35085883,246495,803,0,0
C037205,5707854,68494248,4901532,58818384,372531821,163982650,133823495,1077894,655,1,1
C037206,3548296,42579552,1551718,18620616,339445090,58982531,44274719,344871,778,0,0
C037207,4699944,56399328,3869850,46438200,250754979,60742049,36569351,455028,774,0,0
C037208,3432662,41191944,1576519,18918228,139929624,52747791,35541265,488885,756,0,0
C037209,3216785,38601420,2103929,25247148,168511761,39170682,22537365,173855,859,0,0
C037210,4225247,50702964,2429468,29153616,168728848,34368672,34368672,442996,767,0,0
C037211,3328096,39937152,2011301,24135612,105280567,19511507,17041561,484368,832,0,0
C037212,4551424,54617088,3052106,36625272,81327691,31317007,14788963,430458,841,0,0
C037213,3441272,41295264,2038333,24459996,42445038,29802325,22264414,68825,780,1,0
C037214,1907219,22886628,1250778,15009336,68467520,27090959,24169650,306749,755,0,0
C037215,2588493,31061916,1482815,17793780,81825613,56568582,50295399,206449,831,0,0
C037216,4484391,53812692,1338855,16066260,168443546,32066101,32066101,297911,741,0,0
C037217,3157463,37889556,2011145,24133740,89436708,47043978,32928094,266672,737,0,0
C037218,2550228,30602736,1540323,18483876,83944306,22929268,19176769,344580,765,0,0
C037219,4054968,48659616,3533135,42397620,161317136,37209730,31782238,379814,883,0,0
C037220,3938462,47261544,2458225,29498700,49066800,62881629,41690478,78769,791,0,0
C037221,4013564,48162768,3364195,40370340,52737701,27357256,13064877,162158,815,0,0
C037222,2709560,32514720,1400370,16804440,91106735,36997910,26629614,296256,827,0,0
C037223,5088004,61056048,2899801,34797612,92193311,69630089,69630089,846520,759,0,0
C037224,5055448,60665376,1263862,15166344,264016582,41847009,26756101,463739,894,0,0
C037225,3250566,39006792,1500314,18003768,456875292,94470752,71482088,468816,744,0,0
C037226,3060691,36728292,1726940,20723280,215639664,25614453,10802253,61214,714,0,0
C037227,5631724,67580688,4419187,53030244,594850288,97363766,76050267,586480,793,0,0
C037228,4642071,55704852,2362694,28352328,123840425,31477747,29612854,398175,761,0,0
C037229,2523718,30284616,1526752,18321024,106210458,31952746,26578287,253078,821,0,0
C037230,2505566,30066792,1438534,17262408,79509745,26541244,18532498,234784,747,0,0
C037231,12000000,144000000,9375781,112509372,572656610,165841286,107444375,1606606,604,1,1
C037232,5298606,63583272,3231909,38782908,385312566,37774556,27942555,282068,821,1,0
C037233,3702718,44432616,2776109,33313308,201152934,41298528,32585947,477382,757,0,0
C037234,5930153,71161836,3270864,39250368,439700709,123516509,99898421,880005,791,0,0
C037235,3945081,47340972,3054265,36651180,101950696,51241908,51045750,548231,718,0,0
C037236,6676189,80114268,3746297,44955564,366198172,180783272,180783272,908205,845,0,0
C037237,4574180,54890160,1704821,20457852,349425061,40270642,40270642,242417,855,0,0
C037238,3317873,39814476,1646913,19762956,189900455,14842861,14842861,380849,751,0,0
C037239,2533812,30405744,1253951,15047412,58888934,93954962,93954962,729602,798,0,0
C037240,3716319,44595828,2566103,30793236,52894712,44889651,37626943,443412,712,0,0
C037241,6023668,72284016,3941490,47297880,148742722,60207754,36488237,570933,798,0,0
C037242,5089868,61078416,2625688,31508256,614291094,83043013,34862300,496329,725,1,0
C037243,4524636,54295632,3547380,42568560,219682554,39795898,29577628,296061,709,0,0
C037244,4822838,57874056,3390640,40687680,67079189,54996685,33057788,581687,712,0,0
C037245,2646491,31757892,1311995,15743940,56590949,14500273,11569604,174537,758,0,0
C037246,5823690,69884280,2707247,32486964,141933247,25280004,25280004,419597,849,1,0
C037247,6761176,81134112,4700423,56405076,357913315,176392772,145855850,1087205,771,0,0
C037248,2564460,30773520,993168,11918016,120411024,19429134,19429134,51289,875,1,0
C037249,3365604,40387248,2088078,25056936,306583783,76087117,64182620,721827,674,1,0
C037250,3136079,37632948,784020,9408240,103600711,24326748,17892865,307236,823,0,1
C037251,7832542,93990504,3985251,47823012,581601036,67519382,67519382,526767,846,0,0
C037252,10423168,125078016,6317473,75809676,753392229,68868026,63146094,628169,786,0,0
C037253,3792720,45512640,1590421,19085052,336225041,65097755,50360029,478548,839,0,0
C037254,2458263,29499156,1827273,21927276,114845443,21171899,10226299,218816,764,0,0
C037255,6610785,79329420,3188278,38259336,584189303,198034569,167649219,1039267,810,0,0
C037256,3272480,39269760,1654664,19855968,358614253,61252567,48540084,481424,758,0,0
C037257,1800000,21600000,880551,10566612,63012259,43378149,36933039,283154,714,0,0
C037258,3184328,38211936,1749123,20989476,147596335,57136631,44058461,127481,809,0,0
C037259,7448944,89387328,4600001,55200012,378594612,216468054,175601365,1434226,679,1,0
C037260,6069855,72838260,3501921,42023052,188095348,68964101,68964101,405909,801,1,0
C037261,3718420,44621040,2660218,31922616,164429230,56054480,52765532,590377,830,0,0
C037262,5098561,61182732,3396132,40753584,278595066,126862313,117056111,1049019,767,0,0
C037263,4750778,57009336,2006443,24077316,327085930,62967917,62967917,502038,772,0,0
C037264,3927791,47133492,1176254,14115048,232903028,27906562,23891884,169022,800,0,0
C037265,6513792,78165504,3279895,39358740,996143806,196895644,166630956,1506304,658,1,0
C037266,5954885,71458620,4438443,53261316,379757702,60294833,31359588,671724,711,1,0
C037267,3981991,47783892,2523292,30279504,172981942,41579713,22245064,275183,757,0,0
C037268,5725344,68704128,3560468,42725616,108721112,46602796,46602796,569431,819,0,0
C037269,4915746,58988952,2722670,32672040,297973059,117097147,104553091,737831,760,0,0
C037270,2470707,29648484,1064248,12770976,76154829,5691681,5691681,60630,791,0,0
C037271,3563495,42761940,2197839,26374068,48936748,54137766,53204864,606312,693,1,0
C037272,3535615,42427380,1255446,15065352,149076931,43894189,36286044,376480,869,0,0
C037273,4747025,56964300,3419380,41032560,361220019,44518937,26557805,134709,821,0,0
C037274,3930516,47166192,1550105,18601260,205610213,58042042,58042042,412644,880,0,0
C037275,7458598,89503176,3220380,38644560,373792195,102196462,79981221,592926,805,0,0
C037276,4726762,56721144,2147446,25769352,123569345,62815539,31297925,583545,701,0,0
C037277,2815577,33786924,1484732,17816784,138195005,20651053,15407395,111118,806,1,0
C037278,2780641,33367692,1971219,23654628,36309964,6309568,6309568,55613,853,0,0
C037279,5040836,60490032,3265285,39183420,194507499,45038778,20895969,209260,813,0,0
C037280,4318184,51818208,3227658,38731896,569754900,68408025,41027692,891020,663,3,1
C037281,4679747,56156964,2451699,29420388,266481138,9692821,9692821,390944,843,0,0
C037282,4894793,58737516,3770710,45248520,586205806,62778608,40498794,562155,716,1,1
C037283,3263293,39159516,2024155,24289860,68408198,65895408,50931319,481537,695,0,1
C037284,4424699,53096388,2759097,33109164,224551881,93473683,85864515,741096,691,0,0
C037285,5834644,70015728,3701833,44421996,346815749,58261418,56798811,490421,849,0,0
C037286,4371248,52454976,3082251,36987012,60130564,134364984,104563493,936026,681,0,0
C037287,4124691,49496292,1139139,13669668,182026237,22542434,19921984,281370,802,0,0
C037288,2325471,27905652,1066435,12797220,74069296,28529270,24177012,54702,857,0,0
C037289,3448852,41386224,2496063,29952756,76376628,22191967,19775451,323030,778,0,0
C037290,3308118,39697416,1135910,13630920,127945550,25151416,25151416,189642,751,0,0
C037291,4239844,50878128,2682151,32185812,107672941,30996227,30059169,255693,820,0,0
C037292,4632834,55594008,2517119,30205428,398188612,76133356,38323863,468513,656,1,1
C037293,3297814,39573768,2069811,24837732,193134006,53395037,53395037,434706,697,0,0
C037294,2759264,33111168,1393885,16726620,84444686,48921726,33878843,354797,640,1,0
C037295,7184663,86215956,4052759,48633108,309428982,172266400,149377384,1213809,795,0,1
C037296,4375371,52504452,2285639,27427668,255080484,54414055,25290263,593785,697,0,0
C037297,8321089,99853068,2963065,35556780,743701947,155165691,127563968,541987,860,0,0
C037298,3739990,44879880,2484662,29815944,117794031,81700677,70163470,410805,797,0,0
C037299,3379143,40549716,2563902,30766824,157521503,25903656,8153570,225822,737,0,0
C037300,2222091,26665092,1138471,13661652,19752514,41233006,35464501,211414,833,0,0
C037301,2540044,30480528,1316579,15798948,102204533,63585530,50061942,402311,762,0,0
C037302,2168864,26026368,1358594,16303128,98422668,10296560,6788211,82695,843,1,0
C037303,8072417,96869004,3245541,38946492,194264654,159934180,137140911,890289,796,0,0
C037304,6012891,72154692,3985751,47829012,288029466,107818637,88322546,497658,816,0,0
C037305,2436481,29237772,1298566,15582792,103256537,27727375,15636701,293863,683,1,0
C037306,3038626,36463512,2096753,25161036,213391759,65795362,58229858,617345,673,0,0
C037307,4473097,53677164,1938934,23267208,57427958,112620467,97574897,921466,736,0,0
C037308,5104147,61249764,1957345,23488140,84359731,32582940,32582940,495390,792,0,0
C037309,3584343,43012116,2748469,32981628,224961868,19930919,9277768,194177,804,1,0
C037310,3707421,44489052,2176633,26119596,115085137,119791713,117200092,743629,713,0,0
C037311,4141289,49695468,2879251,34551012,384643051,59924182,45829900,503175,749,0,0
C037312,7766696,93200352,4958569,59502828,216000363,249013091,223832510,1990188,782,0,0
C037313,2203792,26445504,1494813,17937756,38076904,35256844,25712955,273724,666,0,0
C037314,2156576,25878912,1432231,17186772,21591816,52009212,50011778,312700,827,0,0
C037315,5543625,66523500,3548032,42576384,262415807,30322469,12388358,391672,818,0,0
C037316,4312122,51745464,3055815,36669780,121743182,74456396,72175483,554709,781,0,0
C037317,7934474,95213688,4693447,56321364,522364581,177906615,138384201,998430,779,1,0
C037318,6580230,78962760,3011473,36137676,344468696,76210917,60624838,558904,848,0,0
C037319,8190695,98288340,4730877,56770524,1118447721,49230273,38021647,653205,854,0,0
C037320,2383724,28604688,941405,11296860,159966634,17381395,17381395,299918,792,0,0
C037321,7883556,94602672,3781564,45378768,118432189,167035215,130752980,1471080,749,1,1
C037322,5502076,66024912,2794852,33538224,207359200,38821799,38821799,509027,791,0,0
C037323,3110026,37320312,2258678,27104136,32876898,20519568,17422125,440177,729,1,0
C037324,2691180,32294160,1821683,21860196,162294481,30971416,25425797,348719,799,0,0
C037325,3790774,45489288,1872212,22466544,109021420,39692773,33919731,264660,818,0,0
C037326,5913325,70959900,4820760,57849120,129673324,70787647,35567350,627714,817,0,0
C037327,3896341,46756092,2571296,30855552,105018831,67041961,58583177,756206,765,1,1
C037328,2605848,31270176,1500248,18002976,213891679,46616449,39918499,461994,696,0,0
C037329,6715116,80581392,1678779,20145348,209352103,65453695,56777523,744503,803,0,0
C037330,5586788,67041456,3120805,37449660,137060025,62784776,53247945,623821,698,1,0
C037331,3449878,41398536,1842372,22108464,234879175,135901889,124005779,822796,771,0,0
C037332,4212518,50550216,2022157,24265884,570103991,139923888,116361945,836750,706,0,0
C037333,1916562,22998744,888241,10658892,30025253,34320063,34320063,241155,703,0,0
C037334,2893324,34719888,1076892,12922704,71947314,72802119,70250303,435923,748,0,0
C037335,3794816,45537792,1798580,21582960,271663293,45420399,44063238,164779,885,0,0
C037336,2944918,35339016,2058507,24702084,61164607,22299914,14302118,72741,865,0,0
C037337,4920433,59045196,2135415,25624980,154959183,34610122,23915566,267743,790,0,0
C037338,3959920,47519040,1548615,18583380,126535785,108385568,106822119,744906,754,0,0
C037339,3311936,39743232,1545234,18542808,141682374,32623201,24105384,247402,950,0,0
C037340,3024326,36291912,1339820,16077840,83381040,15158376,9987298,60487,898,0,0
C037341,3246126,38953512,3348483,40181796,86722049,116774935,105607316,762123,696,0,0
C037342,3994905,47938860,2068590,24823080,204895308,15874853,11395383,79898,836,0,0
C037343,3982886,47794632,1380774,16569288,202299527,17056980,17056980,79658,693,0,0
C037344,2711891,32542692,1580911,18970932,100583886,38471235,33779871,483988,716,1,0
C037345,2683044,32196528,1237807,14853684,93802660,42096445,25848998,140720,753,0,0
C037346,12000000,144000000,7697635,92371620,596749316,258282396,218586713,2090008,763,0,0
C037347,5816231,69794772,2713413,32560956,85610294,55914794,34163693,518126,761,0,0
C037348,2312422,27749064,1374390,16492680,158673606,32599780,27254807,50000,771,0,0
C037349,5395237,64742844,3440401,41284812,106953513,100150284,100150284,771878,715,0,1
C037350,2689197,32270364,1564014,18768168,130397989,24328782,16483520,53784,816,1,0
C037351,3963769,47565228,1309528,15714336,110153063,94924114,68179949,565390,787,0,0
C037352,2332684,27992208,1633919,19607028,58480147,26127700,21720117,158550,727,0,0
C037353,1974449,23693388,1062843,12754116,180759729,57287248,46005800,405332,716,0,0
C037354,3164955,37979460,1274708,15296496,55435233,68963468,59079909,694994,795,0,0
C037355,2806558,33678696,1443423,17321076,79905029,33088180,33088180,317131,756,0,0
C037356,7254648,87055776,2961545,35538540,528160042,65458997,65458997,810223,813,0,0
C037357,4394810,52737720,3072749,36872988,400621682,47927450,30112226,377846,810,0,0
C037358,6444563,77334756,3161225,37934700,678433559,31316000,25799719,763153,807,0,0
C037359,5097122,61165464,3193360,38320320,324900302,72219138,54881973,455501,773,0,1
C037360,2188307,26259684,1375803,16509636,75047179,20156895,13827133,119031,806,0,0
C037361,3296014,39552168,2020052,24240624,253080543,24138763,8961093,136672,727,1,0
C037362,1896346,22756152,1049141,12589692,42841019,39783655,24313461,402752,673,2,0
C037363,3303424,39641088,1493222,17918664,66942684,42621777,25141804,532418,708,0,0
C037364,1992940,23915280,1412509,16950108,62982748,32375747,18737770,147804,614,2,1
C037365,5680244,68162928,3774749,45296988,150158146,76206519,42584681,582464,765,0,0
C037366,5847947,70175364,2625715,31508580,403928331,116383136,116383136,915754,784,0,0
C037367,2236645,26839740,996188,11954256,118870590,36675802,33984092,225405,784,0,0
C037368,2788370,33460440,1258948,15107376,94677068,40590751,35560306,266418,774,0,0
C037369,1915134,22981608,1313931,15767172,48157331,49998196,45122314,313807,732,0,0
C037370,9223484,110681808,4164847,49978164,415594219,107182333,107182333,789658,837,0,0
C037371,3627904,43534848,3185664,38227968,253540585,86616126,79412599,488641,726,0,1
C037372,2716361,32596332,1433594,17203128,105789121,18851770,18851770,104603,816,0,0
C037373,5975584,71707008,2518492,30221904,335823322,90640523,71331320,669983,780,0,0
C037374,5046216,60554592,3882775,46593300,475880766,95125070,89965264,550727,854,0,0
C037375,4606422,55277064,3388164,40657968,30719546,51532409,48092410,542002,719,0,0
C037376,1914928,22979136,1415650,16987800,152966636,18009413,11678620,110605,746,0,1
C037377,5112492,61349904,2113180,25358160,68570056,82019798,82019798,500369,857,0,0
C037378,1909670,22916040,508147,6097764,54523954,17434767,17434767,160626,752,0,1
C037379,3993987,47927844,1749521,20994252,102566420,65189786,65189786,456060,681,0,0
C037380,2231533,26778396,1366472,16397664,203951127,24098459,16836284,173458,802,0,0
C037381,12000000,144000000,4172465,50069580,390751462,206641423,167948258,1312793,688,0,1
C037382,3586513,43038156,1986467,23837604,170111350,60597879,43167222,276392,764,0,0
C037383,5139672,61676064,2680264,32163168,408896135,34365568,18935877,117858,753,1,0
C037384,4840153,58081836,2869948,34439376,73839791,97632226,97632226,734836,786,0,0
C037385,4978593,59743116,2885854,34630248,194867261,56776624,37530788,490960,734,0,0
C037386,3378907,40546884,1908279,22899348,80458735,44670527,44670527,539306,683,1,0
C037387,3888998,46667976,2001676,24020112,135742543,91590705,60913886,467005,842,0,0
C037388,3056503,36678036,1209061,14508732,207523028,33444253,20539389,271040,863,0,0
C037389,4203437,50441244,3379217,40550604,176525883,49876743,26246370,299346,680,0,0
C037390,4706343,56476116,2802863,33634356,221011151,60138122,34444025,245995,825,0,0
C037391,4585868,55030416,2475807,29709684,118387938,44068563,44068563,488908,790,0,0
C037392,4860384,58324608,3217121,38605452,159441538,84583458,50249403,738241,779,0,0
C037393,1926784,23121408,1225671,14708052,141113205,46048539,46048539,434364,866,0,0
C037394,1800000,21600000,949177,11390124,38104191,20952902,8125361,231249,748,0,0
C037395,2192452,26309424,1612206,19346472,90731768,29212849,26796452,270041,761,0,0
C037396,1800000,21600000,1276592,15319104,67764423,24434251,11691877,180386,742,0,1
C037397,2746474,32957688,1253162,15037944,213932371,40034351,40034351,441922,890,0,0
C037398,3874011,46488132,2028446,24341352,58646032,67626428,57263061,599063,721,0,0
C037399,5997555,71970660,2254257,27051084,91126919,63185099,38920064,628919,811,0,0
C037400,2174660,26095920,1495963,17951556,42933092,43270649,38505264,362263,772,0,0
C037401,7466400,89596800,5680595,68167140,289074390,76930918,51870223,935221,794,0,0
C037402,4863724,58364688,2593704,31124448,95810444,86335038,77920743,718117,670,0,0
C037403,6741748,80900976,3910114,46921368,165635163,53098861,43553493,398543,762,0,0
C037404,3224741,38696892,1560854,18730248,195007310,93407884,70988022,606270,704,0,0
C037405,3299772,39597264,1765088,21181056,189276108,16326436,16326436,122953,864,0,0
C037406,2136491,25637892,1200301,14403612,80605060,23687098,11926277,91284,762,0,0
C037407,1800000,21600000,970068,11640816,105676258,22152609,17656787,252009,697,0,1
C037408,3056993,36683916,2823741,33884892,232389747,18888888,10521357,236024,791,0,0
C037409,5581696,66980352,5105071,61260852,290232871,70788278,24591157,682503,675,0,1
C037410,8138993,97667916,4185341,50224092,333971821,89342797,73513025,1009726,851,1,0
C037411,3834068,46008816,1875136,22501632,61957053,126774339,113792930,799002,763,0,0
C037412,10706669,128480028,6881963,82583556,738713831,325128919,315658646,2367473,745,0,0
C037413,2257842,27094104,1033743,12404916,97930560,38181341,24000024,86668,803,0,0
C037414,4437283,53247396,2890983,34691796,246215143,88903845,81466886,253806,778,1,0
C037415,4186668,50240016,2447928,29375136,188129011,54101196,38515072,557818,810,1,0
C037416,3442520,41310240,2263209,27158508,69718731,32892237,22247900,371561,812,0,0
C037417,3691551,44298612,1444436,17333232,258974644,49163342,30785551,235909,822,1,0
C037418,4640757,55689084,2398285,28779420,88282003,24927635,22695101,360857,809,1,0
C037419,2485274,29823288,2172811,26073732,189911675,32235461,27620203,253515,795,0,0
C037420,4027688,48332256,2628823,31545876,28749124,22059539,15071717,331129,845,0,0
C037421,2223888,26686656,1293504,15522048,113482833,33428142,17443742,128645,760,1,0
C037422,7939369,95272428,4348946,52187352,174956579,136378052,135910016,1367530,788,0,0
C037423,2473254,29679048,1634501,19614012,97792800,62823356,54717928,350804,793,0,0
C037424,1800000,21600000,1049011,12588132,116397905,32571542,26422787,175042,746,0,0
C037425,3086847,37042164,1602167,19226004,36152295,54428265,43734577,563940,638,1,0
C037426,3311465,39737580,1975033,23700396,439477153,78348835,66136836,595185,728,0,0
C037427,4814329,57771948,3475190,41702280,296553372,58573727,22551105,515339,736,0,0
C037428,2042672,24512064,1298463,15581556,154387035,47539342,33187928,153144,737,0,0
C037429,3722233,44666796,2284478,27413736,26442440,39627016,28563708,375501,747,0,0
C037430,2688619,32263428,1452166,17425992,280234144,23382599,14838348,290282,688,0,0
C037431,4385966,52631592,3411010,40932120,149249784,43898128,19036986,162967,787,0,0
C037432,1800000,21600000,676387,8116644,71651059,60893284,59154470,540883,790,0,0
C037433,3176354,38116248,1624285,19491420,109551690,26404549,21418871,301365,790,0,0
C037434,3951130,47413560,2492844,29914128,311553751,76474347,68438193,554648,755,0,0
C037435,1800000,21600000,1162875,13954500,69433646,29141966,29141966,226820,686,1,0
C037436,8004622,96055464,5519286,66231432,248275472,64833063,37722060,862247,750,0,0
C037437,2147943,25775316,1243252,14919024,94773067,57129819,44940698,354146,605,0,1
C037438,6265368,75184416,4195189,50342268,289167839,293173175,271385721,1766773,662,2,0
C037439,3458300,41499600,1316602,15799224,238030076,56444746,36540106,209833,841,0,0
C037440,3804854,45658248,2718682,32624184,639215472,56176822,53499418,359107,707,0,1
C037441,3946471,47357652,2393145,28717740,187163223,36355052,36355052,355356,781,0,0
C037442,4613185,55358220,2412024,28944288,211990548,63000285,40298469,278432,870,1,0
C037443,7030469,84365628,7101223,85214676,233156059,147801022,71558132,948976,563,3,1
C037444,2118529,25422348,1767500,21210000,229132194,18895568,18895568,177799,722,0,0
C037445,7887482,94649784,6401979,76823748,330789963,58741542,21186890,574018,772,0,0
C037446,5338199,64058388,4036680,48440160,420872352,38698377,26086746,298211,705,0,0
C037447,3122416,37468992,1942046,23304552,190161120,35969532,35969532,451544,771,0,0
C037448,3298523,39582276,2053504,24642048,108595707,18848456,10828420,65970,850,1,0
C037449,5331166,63973992,2513937,30167244,583692971,47264855,25735473,582305,763,1,0
C037450,2534505,30414060,1193509,14322108,163094341,5887368,5887368,146575,843,0,0
C037451,5158715,61904580,3112070,37344840,233631715,94827226,42684520,714388,629,3,0
C037452,3456503,41478036,1500627,18007524,250964145,32427323,17892301,379039,867,0,0
C037453,2594252,31131024,1195565,14346780,168723537,111944720,98713939,741744,731,0,0
C037454,4795367,57544404,2887767,34653204,129272949,37943872,28509491,345620,725,1,0
C037455,2520663,30247956,1348768,16185216,144622735,33853525,16373638,110734,785,0,0
C037456,8091391,97096692,2467791,29613492,340928968,296053154,244825943,1640242,796,0,0
C037457,3685013,44220156,1654776,19857312,579394332,42576575,23506016,215824,825,0,0
C037458,3421760,41061120,2120745,25448940,73638344,83725413,73794800,731067,746,0,0
C037459,8480635,101767620,5002693,60032316,858922408,58885837,58885837,852363,877,0,0
C037460,2601110,31213320,1492301,17907612,170809858,60843276,47995457,449163,694,0,0
C037461,8024058,96288696,3811273,45735276,278666365,166021257,132814546,917977,775,0,0
C037462,4016714,48200568,2173333,26079996,152683828,122659932,112578924,940650,725,0,1
C037463,3946887,47362644,2546395,30556740,187397407,50138781,30570445,560569,694,0,1
C037464,4425956,53111472,3963825,47565900,330896278,79236817,58826547,634020,764,0,0
C037465,4816507,57798084,3086832,37041984,52053943,42647322,22950477,321495,711,1,0
C037466,6035264,72423168,3867932,46415184,571241283,35853761,17835941,525970,763,0,0
C037467,2750811,33009732,1564406,18772872,60997975,10386609,10004969,377275,745,2,0
C037468,3632747,43592964,2426708,29120496,365038243,27892771,22990190,372751,738,0,0
C037469,4360565,52326780,2949682,35396184,346869478,112538767,98653088,720571,729,0,0
C037470,3562614,42751368,1851123,22213476,598519152,28902732,13431253,83637,772,0,1
C037471,2466078,29592936,1913116,22957392,76825450,88456137,81566471,856027,625,1,1
C037472,4400930,52811160,1921259,23055108,205480446,45616696,30098793,549846,810,0,0
C037473,8899518,106794216,2224880,26698560,967340974,134654170,92860495,899999,772,0,0
C037474,4144693,49736316,1925609,23107308,89615527,215460110,197999014,1550389,694,0,0
C037475,3370860,40450320,1930857,23170284,228974755,47108149,21840701,307638,755,0,0
C037476,3327355,39928260,2029193,24350316,72212395,9168692,9168692,336571,683,0,0
C037477,1807869,21694428,1277681,15332172,65197294,20116786,13701913,205794,814,0,0
C037478,4381326,52575912,3468505,41622060,431416971,31229342,13636201,87627,790,0,0
C037479,1800000,21600000,1000186,12002232,121458893,17324414,15048044,69665,657,0,0
C037480,2311370,27736440,1312262,15747144,271111905,29793400,25453737,154847,907,0,0
C037481,4730310,56763720,2920299,35043588,345120500,17513175,17177291,328757,782,0,0
C037482,2412902,28954824,1066416,12796992,139522185,13426679,11428798,118168,810,0,0
C037483,5686521,68238252,3939487,47273844,276744469,100997596,73806510,1174212,730,1,0
C037484,2693889,32326668,1892480,22709760,145181014,11746693,4944584,136378,789,0,0
C037485,4802069,57624828,3693105,44317260,189070992,57969925,29812050,96041,685,0,0
C037486,7520727,90248724,3767960,45215520,620911771,146238040,120346342,1006057,762,0,0
C037487,4830624,57967488,2710083,32520996,235748829,44881774,25143950,377631,784,0,0
C037488,5756379,69076548,3709410,44512920,335357076,60574410,41654505,162248,839,0,0
C037489,5534833,66417996,3858554,46302648,168146969,38506464,38506464,471283,755,0,0
C037490,2535527,30426324,1397029,16764348,97753130,61465265,53136820,370317,808,0,0
C037491,3435240,41222880,2420613,29047356,131803225,24835719,9273623,304454,755,0,0
C037492,4402389,52828668,2411556,28938672,534839826,52035010,52035010,472908,782,0,0
C037493,1800000,21600000,1016312,12195744,194106397,19095011,17564394,161317,858,0,0
C037494,3829649,45955788,1776723,21320676,107645335,61164736,46083792,326470,757,0,0
C037495,5040429,60485148,2306863,27682356,103468496,68181114,68181114,534558,897,1,0
C037496,3432124,41185488,2150791,25809492,132828997,54905721,31942153,234886,699,0,0
C037497,4012668,48152016,2779111,33349332,231886007,76556858,57756543,596056,862,0,0
C037498,2174149,26089788,1006656,12079872,60934219,5932265,5932265,50000,812,0,0
C037499,1800000,21600000,931312,11175744,56352589,56461506,49060797,298315,788,0,0
C037500,6920959,83051508,4259753,51117036,155939558,172847286,165256791,442551,724,0,0
C037501,2941901,35302812,1601513,19218156,42714360,29860309,19263551,235651,876,0,0
C037502,3427296,41127552,2296644,27559728,191837101,78200815,62749444,498342,712,0,0
C037503,6210903,74530836,3585804,43029648,266655675,25187590,20140764,424592,848,0,0
C037504,8535500,102426000,6637203,79646436,559592204,64762502,40282484,170710,857,0,0
C037505,2901560,34818720,1820698,21848376,216012619,20843745,18269017,170893,725,0,0
C037506,3988429,47861148,2023024,24276288,47800708,33741156,17835394,364889,804,0,0
C037507,8484075,101808900,4533473,54401676,246414862,74986471,67469524,843699,918,0,0
C037508,3111741,37340892,2423486,29081832,106087333,18867030,12308283,424951,739,0,0
C037509,4923602,59083224,2852151,34225812,173113351,112661777,100176207,1025891,790,0,0
C037510,4148513,49782156,1637451,19649412,120179985,83825409,53738699,362763,859,0,0
C037511,9500584,114007008,5211421,62537052,1596098112,138585570,77124021,747915,787,0,0
C037512,5023657,60283884,2929068,35148816,114147311,168086003,168086003,1301321,720,0,0
C037513,2157838,25894056,910637,10927644,109295716,58587297,58587297,392465,713,0,0
C037514,4130904,49570848,2991225,35894700,249906012,230154994,223068816,1606729,678,1,1
C037515,6365627,76387524,3581428,42977136,63256940,45128416,22378589,500655,725,0,0
C037516,4987187,59846244,3942047,47304564,837847416,49303317,42846262,547675,758,0,0
C037517,4384469,52613628,1446515,17358180,223568995,40147365,34319932,647901,763,0,0
C037518,5797184,69566208,3399359,40792308,277173294,88142039,68802403,394740,834,0,0
C037519,7497557,89970684,4049422,48593064,215752427,98643078,86629587,602461,792,0,0
C037520,3370084,40441008,1189794,14277528,104269507,41437165,22606209,279796,724,1,0
C037521,2909668,34916016,2343467,28121604,246864918,27323579,23798083,98980,718,0,0
C037522,5057460,60689520,2228672,26744064,849653280,69197840,42092673,663741,703,0,0
C037523,5901178,70814136,4903345,58840140,306701590,72428202,44777230,675577,677,0,0
C037524,4940553,59286636,2865895,34390740,398570997,127312949,110589802,609503,764,0,0
C037525,4390988,52691856,2885957,34631484,84654040,58121596,34535532,360070,709,0,0
C037526,5948293,71379516,4250494,51005928,549617654,86420364,67477163,976379,732,1,0
C037527,4997591,59971092,3017488,36209856,167609475,41761061,25833938,494538,759,0,0
C037528,7807644,93691728,4368583,52422996,368493500,286416060,243198979,1809042,731,0,0
C037529,2805277,33663324,1617035,19404420,51606100,14978832,12916588,56106,943,0,0
C037530,8239166,98869992,5412468,64949616,152919414,245869244,219223770,1574476,732,0,0
C037531,5556838,66682056,2984499,35813988,473416185,58103596,58103596,306701,799,0,0
C037532,7516815,90201780,5650478,67805736,1178106786,301983327,285358647,2088681,659,2,0
C037533,2435267,29223204,1885829,22629948,31873500,66100767,45475258,336330,668,0,0
C037534,3078905,36946860,2158741,25904892,454393621,46739306,36486099,264585,659,0,0
C037535,2312219,27746628,1329465,15953580,79784950,28530352,17944217,67183,950,0,0
C037536,2904540,34854480,1126579,13518948,298291165,22640530,11998428,204356,736,0,1
C037537,3290079,39480948,2325900,27910800,171086297,39481597,33364614,463377,789,0,0
C037538,6798303,81579636,4864873,58378476,152533812,172402571,145256000,890870,735,0,0
C037539,2464825,29577900,1490287,17883444,180610502,59734943,58311721,470619,784,0,0
C037540,3460636,41527632,2281953,27383436,129679320,34055252,25576001,454723,813,0,0
C037541,3191586,38299032,2111258,25335096,256013408,86282823,67795795,474318,730,0,0
C037542,2343894,28126728,1714007,20568084,103775923,25561827,11332690,179764,762,0,0
C037543,3764006,45168072,2115062,25380744,632353008,47291560,47018797,215350,802,0,0
C037544,10965444,131585328,6709476,80513712,313799343,82146585,47718976,1049830,792,0,0
C037545,3317512,39810144,2297576,27570912,557342016,30182387,23194521,261492,771,0,0
C037546,3311067,39732804,984546,11814552,79509607,56057708,42843007,457580,801,0,0
C037547,6291823,75501876,4073692,48884304,1057026264,47130185,47130185,439692,736,0,0
C037548,2516351,30196212,1343772,16125264,66998335,66784241,66784241,522822,792,0,0
C037549,3457812,41493744,2866430,34397160,163179685,57204507,36815094,644514,698,0,1
C037550,3562805,42753660,2325326,27903912,200181258,15241455,8516412,81415,854,1,0
C037551,4485486,53825832,3261169,39134028,77711344,70570287,39390105,650182,727,0,0
C037552,5783224,69398688,2998840,35986080,108456421,46579177,36603374,287309,670,1,0
C037553,5048633,60583596,3451408,41416896,848170344,66598836,40659588,372667,777,1,0
C037554,4632922,55595064,2089860,25078320,136204054,76738425,68723342,311535,824,0,0
C037555,4643832,55725984,3279974,39359688,254788728,40138769,27315099,96763,700,0,0
C037556,5150097,61801164,2506089,30073068,68365230,60210616,56484820,494169,774,0,0
C037557,2936488,35237856,1821751,21861012,25217475,53447198,32915928,155674,692,0,0
C037558,5458075,65496900,3150579,37806948,201395676,105261505,105261505,726828,700,1,0
C037559,4717828,56613936,3988435,47861220,792595104,87186178,87186178,741219,701,0,1
C037560,1800000,21600000,994778,11937336,91040911,23750654,18179678,131835,835,0,0
C037561,2467344,29608128,1721628,20659536,130008107,21823960,16357837,87975,770,0,0
C037562,2116195,25394340,863795,10365540,45344314,25690514,25690514,226388,799,0,0
C037563,2572734,30872808,1508514,18102168,57416299,34052643,15879458,385894,767,1,0
C037564,3618488,43421856,2394050,28728600,43527910,27496731,21762852,182970,719,0,0
C037565,3221720,38660640,1809677,21716124,60614321,23010183,15483426,126057,670,0,0
C037566,3067877,36814524,2069860,24838320,88056977,36907425,33680708,286901,809,0,0
C037567,3740042,44880504,1894173,22730076,70032015,65369734,41492623,249154,801,0,0
C037568,5790845,69490140,3885093,46621116,213788458,30382158,30382158,302123,880,0,0
C037569,5983598,71803176,1814609,21775308,607113085,345333888,323114292,2479885,665,0,1
C037570,7397790,88773480,4732628,56791536,892761687,72417302,66977778,706192,764,0,0
C037571,6939392,83272704,5345016,64140192,704861309,131082534,131082534,974597,749,0,0
C037572,9025593,108307116,4901151,58813812,262254875,219180083,138692294,1021124,733,0,0
C037573,1800000,21600000,1299687,15596244,114707127,17820562,10857240,125200,840,0,0
C037574,2338501,28062012,1204491,14453892,80625219,44279380,20970421,57403,856,0,0
C037575,2010537,24126444,1621875,19462500,79013938,8836713,7935304,100246,788,0,0
C037576,2144386,25732632,1359401,16312812,75369498,40870534,36183789,313789,772,0,0
C037577,1891577,22698924,1156150,13873800,28690215,25128243,12531997,168647,806,0,0
C037578,3247806,38973672,2236054,26832648,235685919,47836634,41348510,331547,752,0,0
C037579,6072179,72866148,2575038,30900456,166402556,47167812,23934742,435453,702,0,0
C037580,2235083,26820996,1453477,17441724,258033548,35351038,34607210,396335,670,0,0
C037581,2161685,25940220,1326501,15918012,95326484,18785009,17007106,194213,747,0,0
C037582,3152408,37828896,1368725,16424700,47533599,61575980,58218578,538978,751,0,0
C037583,2649293,31791516,1033803,12405636,130083453,32324692,17638119,293628,777,0,0
C037584,1800000,21600000,957682,11492184,103412711,13733036,13514440,94202,723,0,0
C037585,4322714,51872568,2511712,30140544,264551525,15670872,13019657,86454,788,0,0
C037586,1873062,22476744,1187629,14251548,156449770,19574354,18091546,50000,817,0,0
C037587,3124468,37493616,1732709,20792508,153974795,44307186,44307186,484255,734,0,0
C037588,4739374,56872488,1815489,21785868,126615424,30188796,15690025,318993,802,0,0
C037589,4251127,51013524,2357400,28288800,199195265,78394500,75699621,539291,659,0,0
C037590,5069736,60836832,3966415,47596980,556635067,131824755,115190939,1041880,764,0,1
C037591,2193739,26324868,646310,7755720,45799460,31086743,16611451,120127,829,0,0
C037592,10145057,121740684,5776125,69313500,819037288,90653000,87557901,475931,802,1,0
C037593,3823900,45886800,2285725,27428700,81612088,44119479,33774680,107967,854,0,0
C037594,5155567,61866804,2368431,28421172,98351685,126891326,112968101,604631,746,0,0
C037595,2503546,30042552,1215167,14582004,154507661,31245948,23138447,331539,819,0,0
C037596,3061484,36737808,1563939,18767268,241983690,23448471,16801357,333582,843,0,0
C037597,3454706,41456472,1809402,21712824,104678260,5615713,5615713,377854,786,0,0
C037598,2166367,25996404,1410436,16925232,167655870,26474644,17324460,148992,835,0,0
C037599,3854082,46248984,2830488,33965856,81071688,54988884,53640059,318020,833,0,0
C037600,2469821,29637852,1399178,16790136,219944030,34316263,22261701,144207,825,0,0
C037601,3767710,45212520,1459098,17509176,130528303,56972106,35367140,403767,867,0,0
C037602,5391086,64693032,2764267,33171204,791399076,54145495,31105507,107822,792,0,0
C037603,5506290,66075480,3803657,45643884,209583125,50701145,50701145,395036,818,0,0
C037604,5912062,70944744,2879054,34548648,219825027,44327605,34274509,723427,805,0,0
C037605,5159411,61912932,3012828,36153936,120236571,24031367,20547853,535701,833,0,0
C037606,5526381,66316572,3365029,40380348,157422880,70104449,47937504,760327,752,0,0
C037607,4626381,55516572,1593066,19116792,272079385,44281694,26548635,489422,801,0,0
C037608,6540546,78486552,3048320,36579840,244626904,60207097,60207097,705818,831,0,0
C037609,4029842,48358104,2062654,24751848,182064909,54350782,37394374,638173,785,0,0
C037610,3655492,43865904,2460264,29523168,257737301,81682481,81682481,499487,740,0,0
C037611,3736240,44834880,1927887,23134644,308836496,14437411,14437411,439941,754,0,0
C037612,3072265,36867180,1570095,18841140,48997241,35054888,27486483,198378,874,0,0
C037613,5559068,66708816,2893244,34718928,186874608,16545005,16545005,293214,748,0,0
C037614,2019275,24231300,1416806,17001672,106382617,20878168,13252131,99425,847,0,0
C037615,4891049,58692588,3226802,38721624,290985805,135024697,128288093,1043415,705,0,0
C037616,3458298,41499576,2032653,24391836,71788508,21751333,13220444,69166,921,0,0
C037617,2099168,25190016,1636563,19638756,124658992,10136891,10136891,104497,791,0,0
C037618,2291681,27500172,1452149,17425788,117361621,41432744,28182628,381970,725,2,1
C037619,5490223,65882676,3651010,43812120,306864796,34081707,17411071,296785,672,0,0
C037620,10751871,129022452,6515054,78180648,1161804168,144515438,110368781,1355555,768,0,0
C037621,3403349,40840188,2513493,30161916,455918182,45780745,39552279,198037,657,1,0
C037622,4093293,49119516,3213344,38560128,360544388,55901631,38895752,304952,676,0,0
C037623,2740860,32890320,1488863,17866356,59699936,30416312,26737920,488344,670,0,0
C037624,3419300,41031600,2005992,24071904,47037191,57405506,35295948,423636,775,0,0
C037625,4134791,49617492,3010647,36127764,349250022,35707167,31622563,518707,752,0,0
C037626,4801620,57619440,2747897,32974764,292642751,98642821,95691107,517902,771,0,0
C037627,1800000,21600000,706458,8477496,302400000,35920999,29038201,245234,769,0,0
C037628,4667969,56015628,2149426,25793112,25734155,19889818,19889818,364839,862,0,0
C037629,2824879,33898548,2012536,24150432,119598402,47521082,30625764,451166,712,0,1
C037630,1800000,21600000,803101,9637212,65221765,21685649,12394582,158684,902,1,0
C037631,7599445,91193340,5563994,66767928,1149682910,255735569,211672974,1655384,677,0,0
C037632,4104942,49259304,1508575,18102900,394616791,52844027,45181782,371410,851,0,0
C037633,3992857,47914284,2737681,32852172,159433569,133206601,111290446,884846,705,0,0
C037634,7345030,88140360,3641295,43695540,443029172,297176062,269630197,2154941,700,0,0
C037635,3696336,44356032,1578817,18945804,328856570,77562836,73898537,570346,744,0,0
C037636,6116415,73396980,3350357,40204284,97615740,48772471,26324647,333081,876,0,0
C037637,3801355,45616260,2479572,29754864,96636937,41380678,25770521,257009,765,0,0
C037638,4687111,56245332,2643047,31716564,158938545,48122487,44689924,505357,787,0,0
C037639,2845821,34149852,1219240,14630880,85917395,9625024,9625024,98859,827,0,0
C037640,4508502,54102024,2838716,34064592,92756518,95036970,95036970,852911,798,1,0
C037641,6003588,72043056,4195145,50341740,162891484,118000038,75559617,874095,656,1,0
C037642,2605067,31260804,1248556,14982672,232085534,32272222,20163032,120350,856,0,0
C037643,5036501,60438012,2757507,33090084,120878393,57126149,29853046,591377,726,0,1
C037644,3614956,43379472,3795704,45548448,291591243,64641930,49175704,199317,724,0,1
C037645,3153845,37846140,2653039,31836468,52519435,82514227,65173342,418226,764,0,0
C037646,5424845,65098140,3112327,37347924,264722563,48756724,39177454,356370,860,0,0
C037647,3974415,47692980,2433527,29202324,316744867,29325956,23804848,308082,770,0,0
C037648,4409348,52912176,2681561,32178732,270885637,39425865,39425865,634085,733,0,0
C037649,8358314,100299768,5400204,64802448,261884376,95379733,67602760,537098,806,0,0
C037650,5709991,68519892,4171060,50052720,676694004,76323411,76323411,867662,848,0,0
C037651,5427562,65130744,4403428,52841136,265144292,68858881,15196002,636861,739,1,0
C037652,6719700,80636400,5165787,61989444,329125875,144667477,125493265,1368703,683,0,0
C037653,2337695,28052340,1445119,17341428,115551438,33483122,30474503,366196,840,0,0
C037654,2420795,29049540,1192812,14313744,73116420,36326212,31372591,328950,803,0,0
C037655,5775619,69307428,1997811,23973732,257062557,120767049,109519100,944031,745,0,0
C037656,4209043,50508516,1396932,16763184,159792423,51764796,25667553,737509,768,0,0
C037657,4022478,48269736,1717629,20611548,269617323,68447258,39742853,278638,837,0,0
C037658,7440250,89283000,3896744,46760928,338013326,110836659,104585700,780423,763,0,0
C037659,2943251,35319012,2158019,25896228,256519036,33187492,16061443,243411,735,0,0
C037660,5380195,64562340,2839567,34074804,245471216,76467995,73874949,340603,783,1,0
C037661,4683472,56201664,1834363,22012356,488475665,32248897,21335763,272442,783,0,0
C037662,5101804,61221648,3066564,36798768,231141862,79621030,48344569,715959,706,0,1
C037663,3599350,43192200,2174286,26091432,514010371,57673147,47307772,519539,842,0,0
C037664,3858890,46306680,2222800,26673600,136284732,104071521,76675311,756837,856,0,0
C037665,2121061,25452732,1171248,14054976,119468483,9236087,9236087,157039,779,0,0
C037666,6264219,75170628,5070813,60849756,249670566,85340502,27475387,636541,733,0,0
C037667,3059672,36716064,1550175,18602100,164365529,68292155,51692700,509879,732,0,0
C037668,6349542,76194504,3382856,40594272,262956915,85175253,68571994,782628,763,0,0
C037669,2786647,33439764,2213136,26557632,182640109,38493324,30081410,122397,743,0,0
C037670,3918406,47020872,2784811,33417732,246488263,30179589,17580411,129426,851,0,0
C037671,2856515,34278180,1362929,16355148,97000081,49293085,38325819,318308,755,0,1
C037672,4201720,50420640,2531907,30382884,97874952,71400419,52527409,711313,817,0,0
C037673,2614464,31373568,2380160,28561920,70737927,22228597,12301121,148094,676,0,0
C037674,3485963,41831556,945229,11342748,107156843,22597941,13285940,69719,810,0,0
C037675,3399641,40795692,2605893,31270716,67249030,42494821,24424935,205233,701,0,0
C037676,4285074,51420888,2151469,25817628,163247425,85589699,51367169,541146,741,0,0
C037677,3219104,38629248,1203669,14444028,83516197,83640612,75550941,755086,755,0,1
C037678,4094504,49134048,2721395,32656740,327444838,43766788,28981232,256634,783,0,0
C037679,3399111,40789332,2155313,25863756,224205579,9138828,9138828,361715,833,0,0
C037680,2742689,32912268,1835211,22022532,145377766,32926163,22612090,136158,748,0,0
C037681,5647865,67774380,3126044,37512528,103655757,57981474,36777960,345581,799,0,0
C037682,3934305,47211660,2713423,32561076,284504546,209231589,204216617,1320373,738,0,0
C037683,4173732,50084784,3415345,40984140,97986128,47777381,44479853,241096,793,0,0
C037684,3217200,38606400,2778955,33347460,159333183,18323850,8349712,374242,736,0,0
C037685,3979557,47754684,2128490,25541880,89561796,18519157,18519157,327579,733,0,0
C037686,5449127,65389524,3967337,47608044,384410059,31545492,21403328,318439,754,0,0
C037687,3019854,36238248,1840442,22085304,83149646,37549577,32075324,316086,743,0,0
C037688,3524921,42299052,2150297,25803564,100995523,67540755,67540755,558289,775,0,0
C037689,3549561,42594732,2241393,26896716,80042924,27193376,22343934,193690,716,0,1
C037690,2060437,24725244,709773,8517276,57392384,25201569,16130251,97591,763,0,0
C037691,3620658,43447896,1996007,23952084,49434484,34895904,26236262,441562,889,0,0
C037692,4632329,55587948,1698754,20385048,442401636,41855323,30635175,309838,761,0,0
C037693,1800000,21600000,1151644,13819728,114049148,16768489,16768489,268222,802,0,0
C037694,3075664,36907968,1503559,18042708,111776709,18644738,14840027,226607,868,0,0
C037695,4829262,57951144,2770246,33242952,124373620,43516518,26887949,454078,807,0,0
C037696,3695164,44341968,2419113,29029356,124172995,25972157,14875095,73903,797,0,0
C037697,4304360,51652320,2052609,24631308,138907004,87282160,75456536,357239,773,0,0
C037698,2632089,31585068,2359896,28318752,124965390,37958324,27714970,294793,753,0,0
C037699,2693371,32320452,1078475,12941700,91255279,49805514,28769612,188952,804,0,0
C037700,3229507,38754084,1877808,22533696,93869857,69283895,46641450,481661,671,2,1
C037701,4441781,53301372,2663662,31963944,170029986,113931126,87552550,382405,742,0,0
C037702,3972673,47672076,2599860,31198320,127621997,72864317,69946871,665970,768,0,0
C037703,2064875,24778500,1017413,12208956,119010827,21636831,14935742,239734,793,1,0
C037704,3472605,41671260,1728852,20746224,71295503,19738797,15705388,312180,755,0,0
C037705,1800000,21600000,1342505,16110060,106793341,33572820,30763696,156926,748,0,0
C037706,3127507,37530084,2863132,34357584,214677803,53151196,46510011,625702,669,0,0
C037707,3430358,41164296,1934215,23210580,162967380,27734312,13793088,131220,827,0,0
C037708,1817465,21809580,1125452,13505424,43635565,26222775,15901753,176718,791,0,0
C037709,2339167,28070004,1240426,14885112,99187644,31212720,19761648,171852,788,0,0
C037710,5754969,69059628,3580053,42960636,171172263,25016176,14549785,173753,699,0,0
C037711,3523797,42285564,1840181,22082172,138823080,54356207,27102160,303665,803,0,0
C037712,3034452,36413424,1794209,21530508,133955590,57464885,57464885,591962,770,0,0
C037713,4453331,53439972,3213884,38566608,103628947,25906579,5971156,493122,680,0,0
C037714,4144558,49734696,3018791,36225492,49421534,5725979,5725979,146115,731,1,0
C037715,8455850,101470200,5043900,60526800,630321242,95310216,62798396,1238024,673,0,0
C037716,4623524,55482288,2268733,27224796,262711871,35895568,35895568,188153,822,0,0
C037717,5963212,71558544,3447118,41365416,796432704,46606547,31901643,426659,754,0,0
C037718,6200261,74403132,3393870,40726440,110372396,40707249,26455107,530424,795,0,0
C037719,3167623,38011476,2068818,24825816,118011906,73359284,54236434,734878,671,0,0
C037720,2710696,32528352,1733212,20798544,202257753,11531348,8270356,105413,751,1,0
C037721,3404151,40849812,1912974,22955688,74710875,61172250,49782266,484480,782,0,0
C037722,7715635,92587620,5541164,66493968,689539686,94839224,59743171,956927,757,0,1
C037723,4776454,57317448,3820911,45850932,91566207,73210288,70530967,530654,729,0,0
C037724,5459266,65511192,2162685,25952220,420631939,45149952,41582791,810325,809,0,0
C037725,4855427,58265124,2203134,26437608,183571434,37629821,22781100,206626,812,0,0
C037726,5739540,68874480,3480021,41760252,115739191,88323971,64635469,539284,751,0,0
C037727,3709393,44512716,2448015,29376180,184710417,72229563,68849046,725979,788,0,0
C037728,2315216,27782592,2096332,25155984,87577997,31737734,28725402,258584,744,0,0
C037729,5150424,61805088,3193473,38321676,226944156,51686398,20981782,346049,792,0,0
C037730,4956235,59474820,3497541,41970492,77492833,113542765,78319838,340699,787,0,0
C037731,2600448,31205376,1544971,18539652,133813690,87658933,73942695,577109,805,0,0
C037732,7766425,93197100,3879986,46559832,962534685,48123923,29040393,155329,914,0,0
C037733,4168798,50025576,3568010,42816120,443849455,7870053,7870053,392790,695,0,0
C037734,1976937,23723244,1233015,14796180,10795532,29380755,14684878,344711,812,0,0
C037735,2332148,27985776,1303012,15636144,244963042,37996708,33753321,304165,784,0,0
C037736,3178451,38141412,1695567,20346804,31035045,26823191,25952446,341707,772,0,0
C037737,8768292,105219504,5123516,61482192,391794845,248167882,209293085,1230243,866,1,0
C037738,6210159,74521908,3578184,42938208,221623248,141561682,95609405,753427,773,0,0
C037739,8145254,97743048,5523723,66284676,1368402672,118033633,73670394,1269505,950,0,0
C037740,5327527,63930324,3279302,39351624,168114097,30435669,14784333,155166,821,0,0
C037741,7545803,90549636,5732732,68792784,174427931,99750674,99750674,1091834,709,0,0
C037742,7159316,85911792,5582293,66987516,113428777,62998829,42144176,718368,743,0,1
C037743,2766348,33196176,1841794,22101528,103626000,25499959,21325937,259637,796,0,0
C037744,1814773,21777276,957922,11495064,271725447,33044223,30116528,399134,795,0,0
C037745,5292151,63505812,3202618,38431416,380055480,72885360,60941668,395000,831,0,0
C037746,3394005,40728060,2288486,27461832,159213897,24302678,18025127,311506,750,0,0
C037747,2367160,28405920,1162453,13949436,269865699,48089826,45645368,283661,695,0,0
C037748,1897957,22775484,894746,10736952,62920164,20196370,19711519,50000,759,0,0
C037749,3501386,42016632,2539963,30479556,81783070,37285995,32384913,518849,731,0,0
C037750,2570799,30849588,1571896,18862752,100725071,88807756,79278710,544508,689,0,0
C037751,5249334,62992008,2596554,31158648,41203430,43038763,29763388,607908,833,0,0
C037752,5142884,61714608,3303414,39640968,864004512,22987711,10351281,166439,797,0,0
C037753,3153817,37845804,1925579,23106948,171196003,116768619,97823911,738147,687,0,1
C037754,8387808,100653696,4806799,57681588,160171572,168110337,112672845,1064678,775,0,0
C037755,4985607,59827284,3748918,44987016,129180206,57006095,44930717,832011,728,1,0
C037756,11291297,135495564,7834376,94012512,142682552,190782196,162314421,1060064,732,0,0
C037757,1969207,23630484,867057,10404684,69481490,12042680,9850941,180328,922,0,0
C037758,2149238,25790856,1047514,12570168,35399126,38553680,32692202,151527,893,0,0
C037759,12000000,144000000,7332948,87995376,361887122,48192816,48192816,710203,730,0,0
C037760,2795921,33551052,2220237,26642844,308569467,76249793,73360065,674613,778,0,0
C037761,3865174,46382088,2018871,24226452,213531129,149995973,133965179,1275881,802,0,0
C037762,2297517,27570204,1085286,13023432,89493895,22180567,13954153,262170,752,0,0
C037763,2803216,33638592,1266482,15197784,50367560,46725488,46725488,165732,804,0,0
C037764,5596309,67155708,3836582,46038984,389236446,105083263,79608484,856714,742,0,0
C037765,4111915,49342980,2562264,30747168,363297506,51770160,27396820,488459,779,0,0
C037766,2726723,32720676,1293015,15516180,100021451,44286439,26365765,212381,874,0,0
C037767,1800000,21600000,1378497,16541964,92866906,76024685,67864445,594448,610,1,1
C037768,4130411,49564932,2414526,28974312,314843772,29070648,7138322,286321,815,0,0
C037769,5275391,63304692,2863238,34358856,313355757,75996706,43579923,595941,688,0,0
C037770,3704391,44452692,2099224,25190688,73555033,11657025,11657025,84964,862,0,0
C037771,4242685,50912220,2684593,32215116,257017256,28486409,17804644,456213,780,0,0
C037772,6179628,74155536,3912576,46950912,277391333,85989011,74836770,948777,776,0,0
C037773,3588540,43062480,2612355,31348260,229173957,24845291,20647678,283037,789,0,0
C037774,6653556,79842672,4889936,58679232,362199373,64548915,34723936,261494,800,0,0
C037775,4285556,51426672,1622155,19465860,201912663,93583141,67625735,517202,743,2,0
C037776,6028123,72337476,1940397,23284764,753055115,36032314,24717531,398459,824,0,0
C037777,2308805,27705660,1533179,18398148,217814828,33768439,28885728,232030,728,0,0
C037778,4532413,54388956,2795331,33543972,387234915,41200207,28193853,461080,776,0,0
C037779,2919889,35038668,2026174,24314088,362935238,44952497,30529634,220745,831,0,0
C037780,6581943,78983316,5139507,61674084,272732408,64597315,57412732,654121,788,0,0
C037781,7902085,94825020,4839425,58073100,360058534,38447527,36338064,226004,768,0,0
C037782,2465647,29587764,1135512,13626144,414228696,38895155,32534063,300190,666,1,1
C037783,3818546,45822552,2597063,31164756,186937976,69258645,69258645,541473,755,0,0
C037784,3956217,47474604,2387252,28647024,280589132,76027184,61570250,285139,792,0,0
C037785,3697749,44372988,1900536,22806432,118869758,35726501,18331989,88462,800,0,0
C037786,1800000,21600000,1038978,12467736,32950370,20494631,14068326,163928,824,0,0
C037787,3663554,43962648,2677509,32130108,86690982,38234061,35141658,429599,703,0,0
C037788,3489155,41869860,2334074,28008888,353759139,54750478,38982612,401024,786,0,0
C037789,5492927,65915124,4328562,51942744,75578988,46096506,34087483,570327,838,0,0
C037790,2971980,35663760,1583569,19002828,74584992,19253337,14374708,95742,768,0,0
C037791,4888455,58661460,3202960,38435520,743557578,90817130,55922863,566425,735,0,0
C037792,6367274,76407288,4060742,48728904,475821671,125441634,125441634,1059402,723,0,0
C037793,3363964,40367568,1953615,23443380,85591724,51547866,35994133,242821,858,0,0
C037794,3184989,38219868,889387,10672644,144990046,34197366,33022603,236335,703,1,0
C037795,3276492,39317904,1383038,16596456,423082373,27739089,23464057,279228,818,0,0
C037796,3612769,43353228,1639902,19678824,46675438,28510353,11495198,72255,826,0,1
C037797,1831943,21983316,840984,10091808,136554037,13356567,13356567,150889,821,0,0
C037798,5310053,63720636,3358868,40306416,208143616,102471991,79948124,745780,722,0,0
C037799,6340515,76086180,5198995,62387940,663228023,141741389,107540448,1245203,744,0,1
C037800,4046756,48561072,2035086,24421032,307720713,80397188,63958391,477853,811,0,0
C037801,3806850,45682200,2889284,34671408,188209730,81201467,62821936,265712,713,0,1
C037802,2402906,28834872,1004050,12048600,81506374,66662970,62110844,273067,750,0,0
C037803,6187532,74250384,3560746,42728952,757821087,58519535,55313167,773398,882,0,0
C037804,2634066,31608792,1226182,14714184,90163613,30035627,23741655,66553,800,0,0
C037805,2271083,27252996,1558976,18707712,49237048,26633929,15525199,115777,755,0,0
C037806,5054580,60654960,2144039,25728468,118521423,163442641,145633714,1002163,813,0,0
C037807,5559768,66717216,4087899,49054788,151868859,107209844,78519919,401067,647,1,0
C037808,2500797,30009564,1439618,17275416,90839762,21950007,17984333,114881,779,0,0
C037809,2174072,26088864,1605228,19262736,161840993,40701162,28139239,185217,752,0,0
C037810,3887096,46645152,2141890,25702680,104003034,32587456,25429386,474289,841,0,0
C037811,6886224,82634688,3707255,44487060,259157000,84949808,63858418,758171,854,0,0
C037812,4341604,52099248,2994522,35934264,729389472,57993289,40133061,485186,665,0,0
C037813,3481680,41780160,1340154,16081848,147108636,20470469,20470469,138016,729,0,0
C037814,7149786,85797432,3985705,47828460,253233622,123014142,109606272,1083724,733,0,0
C037815,4527476,54329712,2215753,26589036,64445959,103077276,71670093,648793,763,0,0
C037816,2120239,25442868,1332437,15989244,34349545,79402044,74638921,569780,708,0,1
C037817,6114141,73369692,2615900,31390800,751711730,73267030,73267030,552480,778,0,0
C037818,2990952,35891424,1781247,21374964,127417986,56929486,38513994,148204,759,0,0
C037819,3697772,44373264,2703589,32443068,406187075,74854399,63007233,610442,690,0,0
C037820,5494252,65931024,3152554,37830648,295977910,61440052,44039073,872279,785,0,1
C037821,5064324,60771888,2876925,34523100,70695588,121405758,112190043,1180970,733,0,0
C037822,3961282,47535384,1401068,16812816,210272972,37328369,34825274,409376,814,0,0
C037823,7665052,91980624,3782776,45393312,372334636,75751626,53892584,739191,694,0,0
C037824,5618014,67416168,3281539,39378468,411366753,103069834,103069834,935886,812,0,1
C037825,3514643,42175716,2258143,27097716,44743571,20952499,20952499,544704,812,0,0
C037826,4165562,49986744,2024607,24295284,207095293,115692231,95257694,725170,786,0,0
C037827,2794545,33534540,1879095,22549140,469483560,24013613,15443502,107788,828,0,0
C037828,3090882,37090584,2002412,24028944,207518915,30409281,30409281,146325,796,0,0
C037829,3496381,41956572,2491806,29901672,114793677,90118559,69735728,400179,745,0,0
C037830,3664956,43979472,2045476,24545712,194230618,75499159,56500180,358721,753,0,0
C037831,3906287,46875444,1889910,22678920,140533972,109601284,79849251,377931,732,0,0
C037832,2710301,32523612,1641626,19699512,89301651,34410401,20898572,246382,718,0,0
C037833,7128736,85544832,4710049,56520588,229950701,126564318,115571317,793516,741,0,0
C037834,2895928,34751136,1466058,17592696,139811234,24091745,15358343,317782,687,0,0
C037835,2382439,28589268,1355482,16265784,160033656,17060757,14077346,368803,710,0,0
C037836,2969671,35636052,1487630,17851560,40892616,12287660,12287660,187311,848,0,0
C037837,6427561,77130732,3850606,46207272,202326496,99936143,81824691,280537,828,0,1
C037838,3815511,45786132,3289270,39471240,317542214,113588203,98698368,573918,803,0,0
C037839,3646667,43760004,2578476,30941712,329255434,42390923,42390923,543888,812,0,0
C037840,4249708,50996496,1828772,21945264,217751998,57776912,44988306,365395,900,0,0
C037841,2541192,30494304,1027717,12332604,237033763,23443098,11364118,130887,786,1,0
C037842,2480254,29763048,1230240,14762880,110293102,28593251,27893025,256939,853,0,0
C037843,3376518,40518216,1843097,22117164,195951071,30369393,30369393,236705,767,0,0
C037844,8166059,97992708,6519357,78232284,352639934,273534846,226069115,1208073,657,0,0
C037845,3990839,47890068,3000390,36004680,149831227,37457447,29774954,294803,715,0,0
C037846,9001537,108018444,5118716,61424592,752275492,222886655,183791332,1284683,826,0,0
C037847,6568567,78822804,3691097,44293164,310893146,81591900,63877751,830999,827,2,0
C037848,4671194,56054328,3308133,39697596,213677329,98608637,62685306,794086,683,0,0
C037849,2197298,26367576,851908,10222896,332139415,20249139,18652614,304777,753,0,0
C037850,6043237,72518844,2353297,28239564,355789447,43586822,28573043,335090,760,0,0
C037851,3105244,37262928,1965169,23582028,79174493,16576674,11919180,165213,705,0,0
C037852,3665338,43984056,2212750,26553000,293691446,93979563,89139126,476566,738,0,0
C037853,8574869,102898428,5481432,65777184,216523635,89572906,45327854,872532,783,0,0
C037854,5826918,69923016,3378062,40536744,186024093,39220209,21326355,810816,706,0,0
C037855,4314318,51771816,2976874,35722488,60391346,48828918,30255771,669169,843,0,0
C037856,3000405,36004860,1629862,19558344,81028458,21708360,21708360,295809,791,0,0
C037857,5650716,67808592,3010130,36121560,347525604,59131382,38070703,434147,753,0,0
C037858,2195236,26342832,1409114,16909368,78816244,39680981,28951425,352247,714,0,0
C037859,8785923,105431076,4113490,49361880,465136699,48064883,35581962,663242,895,0,0
C037860,5057574,60690888,3967163,47605956,71873584,43699752,30483113,558848,740,0,0
C037861,3451493,41417916,1810609,21727308,147266597,45924365,24564440,474352,798,0,0
C037862,6731319,80775828,4188040,50256480,486428596,85840718,68827780,788112,749,0,0
C037863,6014899,72178788,2850647,34207764,738587129,111157718,102248792,786390,788,0,0
C037864,3130867,37570404,2190578,26286936,90336233,34198296,34198296,335132,748,0,0
C037865,5648609,67783308,4564704,54776448,184258521,20135090,20135090,112972,758,0,0
C037866,2118911,25426932,1227659,14731908,257236672,51005512,49643579,390232,857,1,0
C037867,4563196,54758352,3940865,47290380,224015484,187552782,173412731,1546581,611,1,1
C037868,4673482,56081784,2522669,30272028,340639780,147950184,139663750,1042669,801,0,0
C037869,2485974,29831688,2075366,24904392,59050372,24732102,19813768,136636,743,0,0
C037870,4954276,59451312,2501348,30016176,124687353,54719937,44797773,449687,744,0,0
C037871,4458496,53501952,2319614,27835368,93083950,89268059,89268059,809259,793,0,0
C037872,1800000,21600000,1140000,13680000,35216914,13948263,13948263,113530,807,0,0
C037873,3609372,43312464,1963722,23564664,314450194,22669545,9995367,179401,747,0,0
C037874,5138593,61663116,1895533,22746396,93700321,111524787,96776591,888491,805,0,0
C037875,2263140,27157680,1220713,14648556,75071741,30011822,30011822,359538,727,0,0
C037876,3520659,42247908,1928772,23145264,105273381,19363730,15394832,207120,748,0,0
C037877,2454238,29450856,1109485,13313820,141913152,65228587,39825827,319340,640,1,1
C037878,7944209,95330508,5730115,68761380,426814329,42933818,30386114,158884,846,0,0
C037879,2348093,28177116,845282,10143384,136671577,35077159,32716348,247924,731,1,1
C037880,5098381,61180572,3453404,41440848,84877224,44730531,33526743,612075,812,0,0
C037881,5935397,71224764,4807620,57691440,421201846,59411191,59411191,621235,723,0,0
C037882,5845443,70145316,3934330,47211960,122822750,214428156,176440087,1519246,755,0,0
C037883,3870909,46450908,1981226,23774712,304724281,58089444,48339244,474073,839,0,0
C037884,5330032,63960384,2910888,34930656,219700437,136888430,110728595,1011699,866,0,0
C037885,3772279,45267348,1996964,23963568,363101776,52284057,43876089,591124,760,0,0
C037886,4919874,59038488,2143896,25726752,165641350,33961949,21833299,318626,667,0,0
C037887,5370224,64442688,2381060,28572720,318726577,142440322,130852617,851050,782,0,0
C037888,2483545,29802540,1632719,19592628,165856863,29426791,16173467,253416,800,0,0
C037889,6309900,75718800,3057740,36692880,889811954,81433769,74115808,536431,749,1,0
C037890,5377594,64531128,2200938,26411256,69184361,167412448,167412448,1075242,727,1,0
C037891,4371995,52463940,1469299,17631588,208708480,52360714,52360714,474152,785,0,0
C037892,6583642,79003704,3475902,41710824,97024696,62592570,62592570,131673,793,0,0
C037893,3383812,40605744,1536089,18433068,216656830,48642901,47591757,479655,745,0,0
C037894,3877635,46531620,2896891,34762692,204901091,92576587,78344125,609545,747,0,0
C037895,3018739,36224868,2507040,30084480,90076505,27429489,22903896,293005,777,0,0
C037896,1800000,21600000,731478,8777736,74631142,28907048,22520236,319731,810,0,0
C037897,1800000,21600000,986515,11838180,24965883,26805209,18933988,141063,770,0,0
C037898,6916879,83002548,5141359,61696308,176591041,375231730,324627298,2010306,612,2,1
C037899,4603708,55244496,2230815,26769780,67750023,37128374,24607530,392601,899,0,0
C037900,3242386,38908632,1915118,22981416,257593209,59901375,39526913,460585,729,1,0
C037901,2496214,29954568,1785305,21423660,22507665,45555122,33926121,294185,755,0,1
C037902,5919932,71039184,2289314,27471768,110361608,107531411,107277539,760574,857,0,0
C037903,3574594,42895128,2476979,29723748,189927980,40821638,31822293,379473,801,0,0
C037904,4639534,55674408,3855053,46260636,141446543,85087343,68520329,662093,758,0,0
C037905,6085283,73023396,1937815,23253780,261051118,61709640,32056947,462062,728,0,1
C037906,9027927,108335124,5111847,61342164,446844254,79315018,78641006,975604,819,0,0
C037907,3528321,42339852,1831561,21978732,128258587,45516716,35443129,237150,777,0,0
C037908,3159168,37910016,1045723,12548676,149270346,64675950,64675950,456274,891,1,0
C037909,4305396,51664752,2521273,30255276,134911307,52022754,36275204,427678,858,0,0
C037910,2860660,34327920,1383405,16600860,174774971,25710054,8528805,345547,708,0,0
C037911,3304266,39651192,1172916,14074992,331877130,31694723,30824106,260662,895,0,0
C037912,4815539,57786468,2509539,30114468,441570714,31431632,31168769,373132,811,0,0
C037913,4945547,59346564,3731233,44774796,204471505,20140108,18528150,98911,784,0,0
C037914,7175597,86107164,3233663,38803956,187815155,170294011,128465739,967211,832,0,0
C037915,3496422,41957064,2307659,27691908,102710044,30823770,12952374,315772,761,0,0
C037916,2329060,27948720,955913,11470956,46278959,52758561,47219979,336911,809,0,0
C037917,4462522,53550264,1545846,18550152,100597785,87544262,69568597,1046271,763,0,0
C037918,4298888,51586656,2557234,30686808,203263910,52314805,30752026,311210,704,0,0
C037919,6611365,79336380,3364605,40375260,339912669,65955359,44254929,397580,707,0,0
C037920,2680013,32160156,1975704,23708448,35582196,96073223,87403138,794707,652,1,1
C037921,4310420,51725040,1771743,21260916,264217263,106046321,95244756,691069,819,1,0
C037922,1800000,21600000,752492,9029904,37898794,15933138,12277437,127679,791,0,0
C037923,7283727,87404724,3839665,46075980,194413539,78953575,50710421,1010490,886,0,0
C037924,3102677,37232124,2003718,24044616,106115869,51118316,51118316,512587,737,0,0
C037925,3878513,46542156,2887599,34651188,212120171,27529443,22849354,174117,757,0,0
C037926,2718772,32625264,1690368,20284416,97810068,40725786,25943569,302084,772,0,0
C037927,2596927,31163124,1492161,17905932,92762748,34412021,27906444,265027,942,0,0
C037928,2755348,33064176,1017508,12210096,93449367,47404785,38127261,244978,783,0,0
C037929,4545957,54551484,2811349,33736188,253184016,24890059,19275986,427393,824,0,0
C037930,2592221,31106652,1738378,20860536,223350730,26936440,26936440,304020,770,0,0
C037931,2910125,34921500,2266429,27197148,488901000,37990026,24764004,336829,800,0,0
C037932,2297841,27574092,1431157,17173884,38572150,39712315,38214187,257676,789,0,0
C037933,3608031,43296372,2075177,24902124,128768045,31723468,16902292,422468,811,0,0
C037934,3832872,45994464,3110787,37329444,221810553,25216438,25216438,276414,822,0,0
C037935,2683060,32196720,1291511,15498132,314112237,25044464,9067199,149597,736,0,1
C037936,3429413,41152956,1615195,19382340,104685594,34746203,27123279,238979,826,0,0
C037937,6353859,76246308,2603445,31241340,1067448312,43556965,43556965,424262,863,0,0
C037938,8602838,103234056,3865740,46388880,446493106,174905452,171524254,1621028,841,0,0
C037939,4434209,53210508,3940096,47281152,551925093,74913052,63928107,790165,632,2,1
C037940,4804218,57650616,2997949,35975388,807108624,53312509,53312509,597804,752,0,0
C037941,4295112,51541344,2886648,34639776,446544988,22868561,22868561,100040,803,0,0
C037942,2657430,31889160,1709511,20514132,102678679,42629633,40382887,205119,867,0,0
C037943,2671625,32059500,1716296,20595552,80858776,32518347,19003225,202386,765,0,0
C037944,9308723,111704676,3689336,44272032,1021747409,32658878,32658878,705498,844,0,0
C037945,1949185,23390220,771793,9261516,104808531,41727006,35365081,354494,861,0,0
C037946,5093873,61126476,3068307,36819684,228424918,80309906,74682814,414049,872,0,0
C037947,7122442,85469304,3538920,42467040,256921334,74759307,62374431,308636,834,0,0
C037948,5575871,66910452,4013275,48159300,382823297,60825251,18757540,406301,822,0,0
C037949,7216402,86596824,4045519,48546228,174499412,32737138,17499396,282060,823,0,0
C037950,2576788,30921456,1351049,16212588,127224296,19967382,13820852,183200,771,0,0
C037951,2987211,35846532,1860349,22324188,240086214,31061575,29193990,237611,728,0,0
C037952,2861058,34332696,1893431,22721172,460280676,38213226,32348462,236491,690,0,0
C037953,5429997,65159964,3138408,37660896,158662201,39882980,13134911,115822,786,0,0
C037954,5892880,70714560,2554005,30648060,990003840,43219128,22453762,430632,773,0,0
C037955,5246021,62952252,3401403,40816836,209402425,97122331,97122331,887908,832,0,0
C037956,4610291,55323492,2550847,30610164,120655509,266111993,248955714,1826866,719,0,0
C037957,8156015,97872180,6227634,74731608,607702597,302212378,302212378,2321705,709,0,1
C037958,4942887,59314644,2653507,31842084,577876360,34360142,23199853,131556,800,0,0
C037959,2920810,35049720,1760492,21125904,357801008,21301833,9642033,235910,719,0,0
C037960,4041982,48503784,1708584,20503008,632830260,84675657,73030221,706773,735,0,0
C037961,4426785,53121420,2510538,30126456,500079526,56326886,56326886,380712,815,0,0
C037962,3773240,45278880,2122827,25473924,115214943,62243172,30786008,582012,821,0,0
C037963,3093654,37123848,1147268,13767216,195871285,39899759,24183498,308403,714,0,0
C037964,4000210,48002520,2293003,27516036,275129108,63278683,52630827,501427,713,0,0
C037965,3426353,41116236,2078888,24946656,109167125,30848078,18549915,381327,787,0,0
C037966,12000000,144000000,4265011,51180132,204446085,262446214,186668732,1748673,649,0,0
C037967,6887710,82652520,5146499,61757988,360478265,59519296,56332943,324206,736,1,0
C037968,5456183,65474196,3262455,39149460,280289719,94775458,73144717,967460,885,0,0
C037969,2578402,30940824,1989485,23873820,135002021,77491541,77491541,443878,740,0,0
C037970,1800000,21600000,567879,6814548,90806331,12503732,9811367,162951,763,2,0
C037971,5935955,71231460,3258692,39104304,161891787,47648483,25598983,381097,933,0,0
C037972,3007969,36095628,1781953,21383436,73772479,26267165,16000962,229035,898,0,0
C037973,4882621,58591452,2992626,35911512,509825361,69282218,52142880,343414,675,0,1
C037974,3916119,46993428,2399028,28788336,115554578,59410610,59410610,684336,867,0,0
C037975,2605602,31267224,1479397,17752764,243465962,16284629,14860119,410737,803,0,0
C037976,3772091,45265092,2320272,27843264,87241560,54004367,53242589,523971,720,0,0
C037977,2592773,31113276,892049,10704588,349649335,23255333,21202812,157627,854,0,0
C037978,3995576,47946912,2949215,35390580,132675974,71765568,61580676,483157,705,0,0
C037979,2246416,26956992,1561271,18735252,157438372,41939700,30659137,436809,710,2,0
C037980,4101988,49223856,2631316,31575792,142808876,63643218,63643218,560365,749,0,0
C037981,5697806,68373672,2808314,33699768,182199292,30590098,30590098,501539,934,0,0
C037982,2207520,26490240,1214074,14568888,69813810,27633634,18894322,224838,724,0,0
C037983,4016541,48198492,2451568,29418816,195352828,12751808,12751808,184579,807,0,0
C037984,2179128,26149536,857019,10284228,257256544,7747860,6040555,117137,838,1,0
C037985,3209099,38509188,2047228,24566736,146378967,24804468,24580518,377918,820,0,0
C037986,3479865,41758380,1738843,20866116,160239378,31229799,28326713,312517,845,0,0
C037987,1960980,23531760,1037180,12446160,137959982,35403329,24411330,243780,737,0,0
C037988,6623910,79486920,3623678,43484136,70360433,243526655,221668398,1819555,696,0,0
C037989,3906615,46879380,1871027,22452324,108206346,27619694,25104508,270854,794,0,0
C037990,1974098,23689176,1123332,13479984,94910582,47064586,37426776,298134,781,0,0
C037991,6450835,77410020,3362065,40344780,1083740280,62545969,38767698,162284,870,0,0
C037992,4388248,52658976,2684760,32217120,269048452,26838562,14126113,290008,860,0,0
C037993,2391021,28692252,1533709,18404508,107224511,54007982,40862713,327322,726,0,0
C037994,2843993,34127916,1864371,22372452,25165765,38896004,28530652,298526,826,0,0
C037995,6617237,79406844,4044139,48529668,236076988,41183160,40181001,487414,769,0,0
C037996,5351640,64219680,3283498,39401976,207791312,173572213,162883994,1304854,741,0,0
C037997,3159710,37916520,1349189,16190268,149121988,43927536,38418156,291146,822,1,0
C037998,2025599,24307188,1120493,13445916,136637288,22270781,18835997,212634,769,0,0
C037999,4500791,54009492,2186787,26241444,72197519,49702754,41447040,607474,824,0,0
C038000,5298609,63583308,2435698,29228376,456682186,25317090,11932247,242807,854,0,0
C038001,4063704,48764448,1934935,23219220,244412188,33877159,22812210,283600,781,1,0
C038002,4749816,56997792,2588717,31064604,65230894,53871261,47634144,724402,854,0,0
C038003,6459755,77517060,2477614,29731368,200129311,166378701,129035960,800293,826,0,0
C038004,5952284,71427408,2176510,26118120,440648203,46182058,36909402,245914,755,0,0
C038005,6301051,75612612,4277530,51330360,205727592,82753783,41638615,879261,723,0,0
C038006,1844880,22138560,885015,10620180,86230377,27799685,23516664,226067,734,0,0
C038007,3659026,43908312,3181009,38172108,97246423,56078941,38607170,391856,743,0,0
C038008,4284866,51418392,3321712,39860544,28582751,125860128,125860128,1024977,646,1,1
C038009,4004113,48049356,2819635,33835620,87099774,71019670,53612767,475731,702,0,0
C038010,5849475,70193700,2916377,34996524,166251401,147714248,125921466,876075,720,0,0
C038011,2552660,30631920,773894,9286728,427190868,19663333,9154196,142065,835,0,0
C038012,2659857,31918284,1135320,13623840,340744028,26857783,21123548,143071,830,0,0
C038013,3727956,44735472,1590359,19084308,35808434,42789527,36829385,369775,825,0,0
C038014,5132286,61587432,3503593,42043116,735940114,37217718,26184086,443586,858,0,0
C038015,7001680,84020160,5652024,67824288,185645607,89309691,63277260,435277,783,0,0
C038016,3830436,45965232,2586851,31042212,40006100,66483251,29312492,650961,620,1,1
C038017,3403513,40842156,1760446,21125352,364092211,19727181,12856084,374912,686,0,0
C038018,3221125,38653500,2214808,26577696,404141485,41175454,28815876,141933,691,0,1
C038019,3420426,41045112,2376106,28513272,149310746,17355112,17355112,160700,823,0,0
C038020,2897108,34765296,1534801,18417612,55717152,21720709,21720709,204429,884,0,0
C038021,5454182,65450184,2327931,27935172,57815143,51463700,26646937,460631,775,0,0
C038022,4347432,52169184,1672359,20068308,97659864,71331027,30342471,422515,837,0,0
C038023,1800000,21600000,665531,7986372,73582063,17317372,13176632,207762,838,0,0
C038024,6847900,82174800,3804395,45652740,105171577,57252227,48101215,287546,804,0,0
C038025,3080580,36966960,1169885,14038620,136205355,50659407,35190153,161802,854,1,0
C038026,4188404,50260848,3316227,39794724,703651872,121991343,120839203,1018460,790,0,0
C038027,4060200,48722400,1825652,21907824,97136805,21234580,18220655,81204,802,0,0
C038028,5970320,71643840,3337233,40046796,172953119,67216628,60202909,611217,787,0,0
C038029,2749978,32999736,2448095,29377140,45694299,18904309,14377616,105804,780,0,0
C038030,4997427,59969124,2164431,25973172,141076650,31062284,23230057,457815,771,0,0
C038031,2120985,25451820,1603763,19245156,54562083,19318310,16096548,68633,864,0,0
C038032,5879308,70551696,3375344,40504128,429274666,76968859,55773484,720304,765,0,0
C038033,7256140,87073680,2864423,34373076,240895985,227553908,221588305,1352594,826,0,0
C038034,4983825,59805900,2511449,30137388,241804196,31962375,17497376,535251,865,0,0
C038035,3670413,44044956,2426626,29119512,66062913,92528997,88534306,883996,677,2,0
C038036,3312415,39748980,1413610,16963320,142162724,79002023,70443851,588938,704,1,1
C038037,3287311,39447732,1644336,19732032,152847987,69787370,48556377,419484,854,0,0
C038038,6816404,81796848,3275944,39311328,386431891,153993128,101346207,625993,702,0,0
C038039,2358822,28305864,1441717,17300604,257293797,14479144,8046973,85816,782,0,0
C038040,1800000,21600000,1668587,20023044,30289590,30904965,30904965,142446,767,0,0
C038041,4412249,52946988,2531789,30381468,112248155,12891634,12891634,285195,777,0,0
C038042,2937162,35245944,2508361,30100332,493443216,53120474,37688075,316888,746,0,0
C038043,4663332,55959984,2809064,33708768,307999733,59009490,40535480,244557,791,0,0
C038044,2617381,31408572,1473323,17679876,226074176,34951608,27755949,184666,880,0,0
C038045,2028902,24346824,1399571,16794852,133044172,9592934,9592934,99632,845,0,0
C038046,7535179,90422148,4298890,51586680,310616376,59853601,59853601,422306,799,0,0
C038047,5939619,71275428,2892222,34706664,84416802,45112411,23077060,118792,804,0,0
C038048,3197399,38368788,1392794,16713528,78474920,32728274,27876881,377983,872,0,0
C038049,6884686,82616232,3604307,43251684,1156627248,58446440,53484649,480376,787,1,0
C038050,1949163,23389956,1402650,16831800,176923447,17751137,17751137,143241,819,0,0
C038051,5477508,65730096,2988875,35866500,468054801,73900911,60179620,353073,749,0,0
C038052,4675421,56105052,2549743,30596916,270259141,14957293,12267119,545204,904,0,0
C038053,3466505,41598060,2758539,33102468,123848058,68480966,41165663,283266,810,0,0
C038054,4913324,58959888,3447794,41373528,125427066,150940117,134162949,809848,706,0,0
C038055,2303752,27645024,915999,10991988,163296136,21402770,11049073,190199,837,0,0
C038056,4718715,56624580,2721731,32660772,157628224,37004446,10953588,195904,830,0,0
C038057,5366665,64399980,4109292,49311504,264116814,104467368,104467368,763585,785,0,0
C038058,4847695,58172340,3167828,38013936,87310688,26821469,18753375,347819,743,0,0
C038059,3336873,40042476,1899021,22788252,81953186,19324014,14720573,126025,864,0,0
C038060,5360764,64329168,3526779,42321348,410718490,70635317,67653087,567998,798,0,0
C038061,2802191,33626292,772844,9274128,142076803,34157991,32849359,347922,849,0,0
C038062,2563946,30767352,1696671,20360052,137600288,35982148,20548218,140411,766,0,0
C038063,5885899,70630788,3487345,41848140,182022987,50106342,50106342,519399,815,0,0
C038064,5009478,60113736,3662684,43952208,164355857,161515469,131920185,963533,740,0,0
C038065,6559062,78708744,3699443,44393316,268067160,72505570,30371165,422155,862,0,0
C038066,3656324,43875888,1505663,18067956,80496247,51581326,30480290,134852,810,0,0
C038067,3981555,47778660,2224991,26699892,668901240,25748336,25748336,312861,783,1,0
C038068,2750772,33009264,1301229,15614748,108842162,65541465,50499217,449093,788,0,0
C038069,5445792,65349504,4246340,50956080,258505295,102577305,66259182,955091,722,0,0
C038070,5996605,71959260,2780381,33364572,184963180,10718516,10718516,579384,801,0,0
C038071,5629101,67549212,3085524,37026288,435055834,58530377,20106895,276775,769,0,0
C038072,4703347,56440164,3187195,38246340,326116464,64599746,31195553,287653,693,0,0
C038073,3978752,47745024,2098025,25176300,425326632,44155131,29000561,280617,817,0,0
C038074,3629013,43548156,1180751,14169012,301818494,42070685,42070685,561263,837,0,0
C038075,5123860,61486320,3115822,37389864,645981078,92722834,68336188,532599,838,0,0
C038076,7123222,85478664,2388204,28658448,268181213,103387716,103387716,864907,745,0,0
C038077,1800000,21600000,1597047,19164564,70962412,21492683,12752264,256052,665,0,0
C038078,3059770,36717240,1441060,17292720,186374346,24888209,17591278,211066,791,0,0
C038079,11085453,133025436,6163281,73959372,262721742,84443670,77138183,1096805,685,1,0
C038080,2983810,35805720,1032876,12394512,189516303,18634724,16525775,180281,881,0,0
C038081,3177627,38131524,2353041,28236492,154577349,22458574,22458574,338317,691,0,1
C038082,5817781,69813372,3278876,39346512,178149815,108296614,67949973,305945,824,0,0
C038083,1800000,21600000,877091,10525092,106006067,24795898,21534795,254545,779,0,0
C038084,2754794,33057528,1435813,17229756,78541101,15376241,9954347,60931,792,0,0
C038085,4555770,54669240,3101805,37221660,350192803,19313447,13956440,178482,819,0,0
C038086,3461444,41537328,2390250,28683000,59618706,32782538,32782538,422397,794,0,0
C038087,3430234,41162808,2125846,25510152,122440699,28370271,28370271,244315,741,0,0
C038088,2825296,33903552,1770425,21245100,271830968,30849275,14081140,125891,758,1,0
C038089,3213838,38566056,1677880,20134560,87183734,116877211,103228302,794091,716,0,0
C038090,8078056,96936672,4545044,54540528,319240818,49485014,27164892,550146,737,0,0
C038091,1800000,21600000,1429396,17152752,118107426,15130739,15130739,152552,788,1,0
C038092,4423434,53081208,2134611,25615332,190248677,49221176,20949261,251004,757,0,0
C038093,1873872,22486464,939465,11273580,190131187,35775100,35762851,374953,706,1,0
C038094,4864019,58368228,2908476,34901712,298051622,47196204,32801558,175245,842,0,0
C038095,5622645,67471740,4282759,51393108,219528666,131793095,127213756,895442,834,0,0
C038096,2919559,35034708,2334579,28014948,320267180,52785812,37965182,367569,700,1,0
C038097,2508208,30098496,1708696,20504352,212093623,30884509,24595537,184600,786,0,0
C038098,3570082,42840984,1562503,18750036,306844065,39596053,31652897,395016,783,0,0
C038099,5873540,70482480,2565961,30791532,148002758,59449411,31638268,477201,890,0,0
C038100,2676230,32114760,1814679,21776148,357125166,24972179,20514497,329344,826,0,0
C038101,9061724,108740688,4368714,52424568,625742625,212192246,162189179,1738669,753,0,0
C038102,3524546,42294552,1710188,20522256,50729351,12959934,10095603,204427,802,0,0
C038103,3010595,36127140,1614835,19378020,371045447,26815207,21017060,289249,787,0,0
C038104,4111956,49343472,3918181,47018172,174360056,54949777,49146844,696817,667,1,0
C038105,3920848,47050176,2189217,26270604,87364080,34191422,34191422,461034,764,0,0
C038106,3376218,40514616,1872984,22475808,112086428,95229338,95229338,566196,770,0,0
C038107,3691145,44293740,2071067,24852804,209905104,30520585,30520585,417007,745,1,0
C038108,3015199,36182388,1368535,16422420,211037645,79121476,51419529,174074,869,0,0
C038109,3059551,36714612,1902503,22830036,174089433,18542400,18542400,240663,771,0,0
C038110,8713718,104564616,5041100,60493200,156416566,24481882,24481882,660802,677,1,1
C038111,2997213,35966556,1211158,14533896,201772145,23413214,18584555,436153,878,0,0
C038112,1878395,22540740,1289903,15478836,38331341,38255489,31929438,197681,700,0,0
C038113,3821505,45858060,2192474,26309688,71287244,77539649,69712994,787997,706,1,0
C038114,5451778,65421336,2932992,35195904,265227051,77617717,49296953,605672,845,0,0
C038115,8865128,106381536,3361164,40333968,367459772,85238047,79203465,620695,833,0,0
C038116,1800000,21600000,812690,9752280,97600028,31159056,28838813,141548,755,0,0
C038117,4454093,53449116,2576361,30916332,475220972,66137359,40316421,492598,796,0,1
C038118,1899388,22792656,1062153,12745836,140352005,19598916,16801285,214212,680,1,0
C038119,4014792,48177504,1744592,20935104,436465311,59302646,55702579,440686,757,0,0
C038120,2995952,35951424,1859421,22313052,126063847,29506777,15761878,175068,738,1,0
C038121,5333248,63998976,4437850,53254200,416766939,92917486,92917486,903130,816,0,0
C038122,2949722,35396664,1543883,18526596,437016896,18909110,15370048,229857,779,0,0
C038123,5994827,71937924,4221005,50652060,321550276,116884390,83155965,631123,877,0,0
C038124,5649297,67791564,3430556,41166672,160985066,106725013,85645642,803752,665,1,0
C038125,5344451,64133412,3890024,46680288,32792476,62780657,41731667,296189,750,0,0
C038126,3821659,45859908,1777321,21327852,125216245,37325543,22059784,278214,705,0,0
C038127,2521476,30257712,2036331,24435972,58797743,27759541,27759541,128066,759,0,0
C038128,9205117,110461404,4249788,50997456,1546459656,126941487,116862629,846936,783,0,0
C038129,7671021,92052252,4830901,57970812,185582160,88858917,70164585,833802,804,0,0
C038130,3820805,45849660,2421697,29060364,370665561,51505201,30869278,444798,735,0,0
C038131,3134983,37619796,1792268,21507216,116732127,24337727,14796133,120228,823,1,0
C038132,5036436,60437232,3728353,44740236,377758493,127014143,104759978,647859,737,0,0
C038133,1919114,23029368,1251781,15021372,114605752,20116566,17760523,106075,841,0,0
C038134,5195890,62350680,2089526,25074312,864119566,46432703,32239147,504092,846,0,0
C038135,3764402,45172824,2487372,29848464,243283685,86309540,63347958,730478,701,0,0
C038136,8753454,105041448,5003425,60041100,880270216,138861465,86829358,974409,774,0,0
C038137,9675824,116109888,5914148,70969776,921864730,193859445,147868325,1144423,681,0,0
C038138,2894668,34736016,1408947,16907364,142787827,46060050,43034400,412753,744,0,0
C038139,2760643,33127716,1880474,22565688,174388616,73529750,58058977,489500,693,0,0
C038140,5084845,61018140,2770966,33251592,47937932,120811721,96123396,961832,731,0,0
C038141,5216010,62592120,3182755,38193060,777280715,59580775,23233584,310459,872,0,0
C038142,4843218,58118616,2965562,35586744,185510960,130247587,93288956,640111,811,0,0
C038143,7124933,85499196,2608223,31298676,1196988744,110680429,95293285,865050,863,0,0
C038144,2844420,34133040,1250125,15001500,111210582,15465231,9140751,70178,805,0,0
C038145,3557801,42693612,1874197,22490364,145499202,128250666,127165772,775218,625,0,0
C038146,2110862,25330344,1590354,19084248,125127537,23097323,20667202,215484,667,0,0
C038147,2111593,25339116,861735,10340820,158228633,30534628,23707529,195830,772,0,0
C038148,3575780,42909360,2515594,30187128,224999118,33468523,24009831,263433,845,0,0
C038149,3626944,43523328,1790405,21484860,260476631,12899711,12899711,344027,806,0,0
C038150,3686661,44239932,2502451,30029412,201560357,65929366,48440409,493135,809,0,1
C038151,2069659,24835908,1136515,13638180,41474403,30440613,30440613,209830,808,0,0
C038152,3559642,42715704,1029519,12354228,123541436,79940493,70649446,624403,812,0,0
C038153,2497310,29967720,1413620,16963440,56002686,21312874,21312874,401791,781,0,0
C038154,3707758,44493096,2548793,30585516,46106923,56319281,40578794,409208,720,0,0
C038155,4133785,49605420,2076782,24921384,191715539,36910135,31802274,299491,771,0,0
C038156,4339042,52068504,2868419,34421028,179066567,54922200,41006754,698745,702,0,0
C038157,4711712,56540544,2584589,31015068,188785193,44298373,44298373,358275,745,0,0
C038158,3729920,44759040,2019210,24230520,171751242,47470812,35228663,390254,805,0,0
C038159,7453027,89436324,6204355,74452260,459144713,59135851,53130302,376126,738,0,0
C038160,6368218,76418616,3762902,45154824,368586706,104632067,65951052,341842,828,0,0
C038161,2246911,26962932,1348071,16176852,21938465,14978631,6070273,50000,858,0,0
C038162,3542588,42511056,2539617,30475404,94582161,24146776,6672835,70852,685,0,0
C038163,4082521,48990252,1665817,19989804,144970586,110021191,97569470,785738,760,1,0
C038164,6021030,72252360,5617887,67414644,185534732,59741759,59741759,630791,744,1,1
C038165,3555992,42671904,2190935,26291220,247687586,25383711,21053636,268126,902,0,0
C038166,2855725,34268700,1649173,19790076,163708646,26612737,26612737,140963,802,0,0
C038167,5279194,63350328,4094032,49128384,505277386,41910375,26057573,534752,790,0,0
C038168,1800000,21600000,926404,11116848,126461632,13480816,12683666,202097,905,0,0
C038169,4358793,52305516,1638019,19656228,247476429,198721397,173565952,1357773,698,0,0
C038170,5843256,70119072,1460814,17529768,171044227,26495786,15188427,648890,740,0,0
C038171,2568656,30823872,2010045,24120540,313250291,25140300,17117392,298624,680,1,0
C038172,4048693,48584316,2568913,30826956,680180424,44687640,44687640,312161,763,0,0
C038173,3455307,41463684,2177695,26132340,112705025,30319803,22670306,69106,824,1,0
C038174,2737074,32844888,1262381,15148572,334755871,84782283,81026571,625597,791,0,0
C038175,3147620,37771440,1769762,21237144,45381493,16442816,16442816,211729,902,0,0
C038176,2405264,28863168,1158550,13902600,22166634,62808859,54999850,489748,742,1,0
C038177,2985355,35824260,1588397,19060764,470798900,85199979,78961085,743956,867,0,0
C038178,3707473,44489676,1254686,15056232,145864977,59645006,48220341,575239,851,0,0
C038179,3202116,38425392,2220921,26651052,106005281,78395507,74624451,820497,705,1,1
C038180,2419850,29038200,1186116,14233392,104978963,21199294,21199294,259434,739,1,0
C038181,2935761,35229132,1381663,16579956,72267875,67816068,50049154,260084,695,0,0
C038182,5497144,65965728,3461067,41532804,52462943,45131028,21249785,369164,794,0,0
C038183,4499611,53995332,2490065,29880780,166051062,86554006,69998931,786566,859,0,0
C038184,3356403,40276836,2495123,29941476,78502550,21299596,10423616,331626,738,0,0
C038185,12000000,144000000,7284193,87410316,489976886,137476970,91404282,1069413,802,1,0
C038186,3193149,38317788,1919210,23030520,85381086,28145965,28145965,291081,771,0,0
C038187,3585809,43029708,1773471,21281652,149561907,53063290,50651374,596197,708,0,0
C038188,3829403,45952836,2024130,24289560,61532517,41406386,31500925,200981,911,0,0
C038189,1800000,21600000,836671,10040052,39257200,21968652,16531562,143693,849,0,0
C038190,3569067,42828804,2359403,28312836,95746674,42486460,16832504,194669,830,0,0
C038191,3957255,47487060,2088536,25062432,143215654,58253099,33872751,546704,725,0,0
C038192,3293319,39519828,1592383,19108596,191810551,6709839,6709839,364927,718,0,0
C038193,4296722,51560664,4511558,54138696,232150593,47836330,25117024,248375,671,0,0
C038194,2257007,27084084,864440,10373280,123469696,26104907,16934913,83535,736,0,0
C038195,3499487,41993844,1792860,21514320,133453827,55495714,47279766,370874,851,0,0
C038196,3913155,46957860,2130402,25564824,52887703,47349379,38404220,500259,786,0,0
C038197,4099794,49197528,2241463,26897556,106356190,61346991,31634189,364834,726,0,0
C038198,3935129,47221548,3022913,36274956,161276086,54943922,31985874,563597,680,0,0
C038199,5749778,68997336,3632132,43585584,196653199,46087803,23737911,443194,740,0,0
C038200,3460060,41520720,1505129,18061548,148967539,55274790,47655996,330413,770,0,1
C038201,4084942,49019304,2907171,34886052,48245484,28066502,24833824,339231,817,0,0
C038202,2881355,34576260,1149227,13790724,253107744,40821049,23340357,243354,812,0,0
C038203,3006937,36083244,1384796,16617552,93094749,22876316,22306634,250812,773,0,0
C038204,3556615,42679380,2015735,24188820,87207120,26812569,20164218,71132,833,0,0
C038205,5324236,63890832,3381338,40576056,228332794,81143005,72613325,722628,755,0,0
C038206,6029812,72357744,4023579,48282948,347317560,41780616,25781674,544521,805,0,0
C038207,5399741,64796892,4766073,57192876,143998092,68563361,56201967,731428,707,0,0
C038208,2775084,33301008,1636172,19634064,238830448,18123082,6456618,216691,865,0,0
C038209,2700315,32403780,1613479,19361748,304977080,48600183,36075359,308274,711,0,0
C038210,4845661,58147932,2482305,29787660,147174757,97078704,63336187,535863,766,0,0
C038211,3414097,40969164,2636410,31636920,64786429,55817298,54640504,461595,726,0,0
C038212,3509317,42111804,1907752,22893024,555865200,31723686,17441520,126018,802,0,0
C038213,3179173,38150076,1245011,14940132,190563265,30225571,25726777,198564,796,0,0
C038214,3540573,42486876,1963047,23556564,314312289,36857902,27453216,407948,735,1,0
C038215,3333889,40006668,2180845,26170140,242701947,28333214,25898625,354851,887,1,0
C038216,2391551,28698612,1879594,22555128,43134448,9413567,4503045,50000,766,0,0
C038217,3719874,44638488,1940723,23288676,172384086,189050043,189050043,1240503,788,0,0
C038218,2634484,31613808,1660767,19929204,81234223,7323715,7323715,155230,815,0,0
C038219,4326822,51921864,3183875,38206500,336844078,45320525,30849287,489646,692,0,0
C038220,10000337,120004044,5750059,69000708,603274304,97026421,70667463,1185293,715,0,0
C038221,7726433,92717196,3905222,46862664,592602236,98277801,82088616,1060097,822,0,0
C038222,3708773,44505276,1954635,23455620,79699047,29940700,29940700,353108,814,0,0
C038223,4396880,52762560,1510316,18123792,74985845,25359128,25359128,533632,740,0,0
C038224,4375415,52504980,2129290,25551480,26387210,17407883,9437898,87508,864,0,0
C038225,5009286,60111432,2408006,28896072,377305041,28893874,28893874,306294,851,0,0
C038226,2395024,28740288,1119327,13431924,251655323,22388189,19090832,120099,760,1,1
C038227,5289542,63474504,4091478,49097736,241553472,66602974,49500917,307539,746,0,0
C038228,2010052,24120624,1128114,13537368,15685671,24866562,24819173,128213,811,0,0
C038229,2325237,27902844,1265691,15188292,56252244,38094505,35336991,338955,805,0,0
C038230,4657310,55887720,2769935,33239220,154673985,27928184,27928184,649102,827,0,0
C038231,4218565,50622780,2548204,30578448,195131004,78952584,68204956,337973,685,0,0
C038232,4259399,51112788,2737016,32844192,614124877,70306088,70306088,769692,782,0,0
C038233,3245764,38949168,2024587,24295044,113987311,20549190,20077605,272219,777,0,0
C038234,4983468,59801616,2734467,32813604,574547191,112306981,98240248,841484,909,0,0
C038235,3497138,41965656,2454281,29451372,202514290,13794096,13794096,262521,807,0,0
C038236,3100221,37202652,1572693,18872316,134380468,47414605,41272513,208634,756,0,0
C038237,2290734,27488808,1242319,14907828,184031299,15757480,15757480,86629,857,0,0
C038238,2915649,34987788,1590986,19091832,101431318,17230062,17230062,58313,853,0,0
C038239,3302563,39630756,1666255,19995060,177222856,51801707,37183514,476468,761,1,0
C038240,3472140,41665680,2075231,24902772,95304795,55746948,36737155,354926,836,0,0
C038241,7420422,89045064,2285800,27429600,450599803,64973395,42624927,445396,782,0,1
C038242,2823525,33882300,1777045,21324540,254208809,76620029,60791217,475566,792,1,0
C038243,2239340,26872080,1320130,15841560,40567402,27828913,25564428,161339,786,1,0
C038244,3531783,42381396,2326613,27919356,181773293,24976728,16795695,218167,849,0,0
C038245,5287725,63452700,3822037,45864444,98454526,142666379,135558914,1135007,717,0,1
C038246,5021611,60259332,2219447,26633364,43696433,25643774,20322299,158416,760,0,0
C038247,4081537,48978444,2352587,28231044,224273491,52618012,32191027,209615,778,0,0
C038248,6814845,81778140,4206741,50480892,326499196,108201599,91639360,441682,749,0,0
C038249,6120839,73450068,2911425,34937100,677097818,161893360,150605673,1101906,759,0,0
C038250,5224944,62699328,2023525,24282300,97138170,81924483,56543415,498081,852,0,0
C038251,4220141,50641692,2340299,28083588,244412099,31902990,31902990,341652,818,0,0
C038252,2541441,30497292,1781247,21374964,98550839,29848470,17283269,341705,819,0,0
C038253,3880257,46563084,2190826,26289912,136749719,41247127,41247127,264742,736,0,0
C038254,7535171,90422052,2856112,34273344,992405870,55970698,44187930,696637,877,0,0
C038255,3837676,46052112,3254670,39056040,41533386,43304853,26058068,246058,698,1,0
C038256,2245934,26951208,1511152,18133824,84937192,61906301,49756534,507986,636,0,0
C038257,5654372,67852464,2516617,30199404,107134841,39484583,39484583,583336,909,0,0
C038258,3809701,45716412,2714558,32574696,57584859,66235788,30826681,299525,613,0,0
C038259,5848605,70183260,4367624,52411488,324390027,49404349,36837734,583866,726,0,0
C038260,3470281,41643372,1539928,18479136,180079583,68288049,56710262,307227,701,0,0
C038261,3658531,43902372,2573186,30878232,337577308,105403131,94984621,676024,806,0,0
C038262,1800000,21600000,1027130,12325560,62779812,66597230,55245257,427514,781,0,0
C038263,2656014,31872168,1224739,14696868,159250974,48923345,48316971,292199,792,0,0
C038264,4340558,52086696,2606317,31275804,498768939,18927593,11174646,215116,807,0,0
C038265,3419835,41038020,1880625,22567500,88824578,70361980,38447467,476850,740,0,0
C038266,4645905,55750860,2692882,32314584,247718528,79261718,39692659,399989,675,0,0
C038267,5781017,69372204,2146085,25753020,133657856,171838895,142694956,1057913,699,0,0
C038268,2864767,34377204,1902279,22827348,182005344,32460092,32460092,407444,717,0,0
C038269,4002484,48029808,3124670,37496040,391991564,32417506,25761108,364584,722,0,0
C038270,7774431,93293172,4305206,51662472,237266267,52799826,52799826,594631,758,0,0
C038271,3769390,45232680,2078202,24938424,274905007,26894980,19063110,189682,812,0,0
C038272,3287692,39452304,2613571,31362852,393108860,124771130,103969938,931133,687,0,1
C038273,2888400,34660800,1991545,23898540,70299232,74181338,67108267,466201,804,0,0
C038274,3557357,42688284,2310487,27725844,72923351,45192767,25902074,466206,747,0,1
C038275,2937334,35248008,1688993,20267916,83966148,33548663,15161029,258403,743,0,0
C038276,3678182,44138184,2283181,27398172,221140191,32526525,24753857,145903,736,0,0
C038277,2031135,24373620,1390015,16680180,77685878,29029788,17417197,192282,756,0,0
C038278,5295909,63550908,3843124,46117488,430623870,42201562,19623692,271380,902,0,0
C038279,4921322,59055864,2551800,30621600,213379277,83300933,56379082,254320,730,0,0
C038280,2904401,34852812,2100324,25203888,81186907,43777155,33632775,441340,796,0,0
C038281,7250943,87011316,3417297,41007564,612869043,86184544,67049104,753299,784,0,0
C038282,4825639,57907668,3163052,37956624,115799953,89222504,60326260,458138,712,0,0
C038283,1931388,23176656,1375196,16502352,115827464,23366714,14538582,175803,848,0,0
C038284,8107535,97290420,3577671,42932052,415283032,137503515,137503515,956846,770,0,0
C038285,12000000,144000000,7852345,94228140,796827971,166897311,166897311,838652,786,0,0
C038286,4265237,51182844,2103219,25238628,179126798,45775797,45630507,194808,782,0,0
C038287,5332114,63985368,2769257,33231084,238058408,91704040,91080214,750550,774,0,0
C038288,4943219,59318628,2031505,24378060,830460792,139710453,101016545,945743,786,0,0
C038289,5494330,65931960,3594888,43138656,539935949,21281792,18228364,262806,931,0,0
C038290,6065916,72790992,3916353,46996236,599230532,53843271,26652970,240396,834,0,0
C038291,2073090,24877080,883288,10599456,165485183,15202590,9676653,50000,785,0,0
C038292,4505938,54071256,2365464,28385568,282869304,43728777,43728777,205030,828,0,0
C038293,4064312,48771744,1883719,22604628,151193681,71796602,36867824,525090,777,0,0
C038294,6546204,78554448,3572463,42869556,188632902,29727262,23862326,595322,847,0,0
C038295,5708984,68507808,4374649,52495788,330876867,141104064,134130402,1346534,662,0,0
C038296,3711055,44532660,1759507,21114084,420050872,34366840,14003238,261360,767,0,0
C038297,12000000,144000000,7756898,93082776,465354682,155472928,115467277,2048973,877,0,0
C038298,12000000,144000000,6923955,83087460,474430764,448338406,403953821,3404323,758,0,0
C038299,2858691,34304292,1034689,12416268,98562979,20295466,14587285,190722,803,0,0
C038300,2730083,32760996,1579516,18954192,439408907,13906752,13906752,150476,755,0,0
C038301,6038379,72460548,3668426,44021112,143103548,16886460,16886460,754386,719,0,1
C038302,4149294,49791528,2191464,26297568,266949882,47144208,46415386,283595,705,0,0
C038303,5453614,65443368,3230835,38770020,342666909,65865617,65844936,727624,775,0,0
C038304,5238676,62864112,3687901,44254812,113334167,53094098,37404088,528601,793,0,0
C038305,3502056,42024672,1895255,22743060,237511644,37709688,37709688,286609,735,0,0
C038306,3633820,43605840,1676245,20114940,134428822,34965345,34965345,445788,763,0,0
C038307,7113416,85360992,5384203,64610436,1195053888,123187301,85540194,868456,756,0,0
C038308,2978334,35740008,2076547,24918564,169995220,25344886,17374231,63972,792,0,0
C038309,3300320,39603840,1651156,19813872,64701925,39896604,39896604,664946,900,0,0
C038310,3323871,39886452,2076367,24916404,363999366,34515346,28457316,381169,856,0,0
C038311,5320554,63846648,2876478,34517736,97966822,50707085,48260723,261563,793,0,0
C038312,5864619,70375428,3087361,37048332,157790914,56684880,53327915,504801,853,0,0
C038313,4774184,57290208,2178444,26141328,191288500,63613326,50030557,456907,838,0,0
C038314,3959876,47518512,1744444,20933328,100999014,59702615,46610391,446492,801,0,0
C038315,3030645,36367740,2064350,24772200,252594960,28653260,23071397,209993,782,0,0
C038316,3624629,43495548,2163098,25957176,184527489,36469716,36469716,466382,714,0,0
C038317,3261435,39137220,1707752,20493024,77153874,39371200,27405276,304214,804,0,0
C038318,2555962,30671544,1943007,23316084,35323870,16299653,15411258,133236,784,0,0
C038319,3279221,39350652,1586445,19037340,49545357,28833752,16883286,218974,802,0,0
C038320,4257425,51089100,2590883,31090596,207229419,34997325,17721888,366726,668,2,0
C038321,4911446,58937352,2299357,27592284,71296699,148434831,137215895,1009108,724,0,0
C038322,7810665,93727980,4059917,48719004,1028066502,238542862,222680193,1589950,610,2,0
C038323,1800000,21600000,995078,11940936,27460787,13845806,10762005,176562,856,0,0
C038324,1990094,23881128,1508565,18102780,51371913,32565348,30756280,381796,732,0,0
C038325,5687803,68253636,3474002,41688024,156768386,112613511,97882252,850874,808,1,0
C038326,3411256,40935072,3006088,36073056,88668665,28141396,15971964,389206,662,0,0
C038327,2339582,28074984,1841875,22102500,73985214,39782059,26064228,179338,716,1,0
C038328,6118925,73427100,4215213,50582556,119561515,31923963,31923963,663097,809,0,0
C038329,4910649,58927788,2343864,28126368,174770271,183264411,181735404,1069921,733,0,0
C038330,2262469,27149628,1208634,14503608,147484643,71028822,61716982,388700,736,0,1
C038331,2597168,31166016,1760798,21129576,95815060,31762622,28839865,414306,809,0,0
C038332,3740773,44889276,1933441,23201292,151415943,202053239,181264815,1232138,777,0,0
C038333,5070799,60849588,2213713,26564556,114633006,54477126,21221519,302357,795,0,1
C038334,3591890,43102680,1439258,17271096,115349239,23972888,23972888,398825,847,0,0
C038335,3139444,37673328,1870274,22443288,333513340,18631832,15705995,402336,848,1,0
C038336,3646104,43753248,1723467,20681604,52282344,56728025,42196617,543269,781,0,0
C038337,11484598,137815176,5042788,60513456,403598722,108476467,33761080,1071005,826,0,0
C038338,5102645,61231740,2978488,35741856,315951179,42295689,21198507,359540,790,0,0
C038339,4366475,52397700,2305569,27666828,145515983,31829591,13654335,259484,829,0,0
C038340,8258118,99097416,4475855,53710260,708328915,68633346,43661613,359381,744,0,0
C038341,2779306,33351672,2273240,27278880,53649321,20229704,20229704,300729,696,0,0
C038342,3097170,37166040,1715057,20580684,60516497,27607942,27607942,429055,770,0,0
C038343,2295233,27542796,1199677,14396124,151523762,42377346,35593869,342111,772,0,0
C038344,2744775,32937300,2051587,24619044,252357042,16052360,11985062,95571,869,0,0
C038345,8434434,101213208,5524731,66296772,387267391,109024444,60981219,817972,802,0,0
C038346,7209425,86513100,4572165,54865980,1211183400,39571840,39571840,610749,859,0,0
C038347,2477950,29735400,1994467,23933604,106333636,60632787,52806581,255389,787,0,0
C038348,3504024,42048288,1746914,20962968,57671269,36985036,21621146,215067,893,0,0
C038349,4862577,58350924,2604888,31258656,93780217,78813561,64398321,482432,864,0,0
C038350,1890484,22685808,1207543,14490516,142172378,31163028,16791770,164868,808,0,0
C038351,4004879,48058548,2341866,28102392,388364457,46716901,46716901,550803,688,0,0
C038352,7249223,86990676,4850113,58201356,194216300,166630132,104739739,801364,735,0,0
C038353,3818257,45819084,1979996,23759952,235364274,45344944,37181493,385054,746,0,0
C038354,3746651,44959812,1835410,22024920,234089399,37280618,28001635,433877,850,0,0
C038355,2971617,35659404,1356438,16277256,134958921,51470174,46244783,389893,719,0,1
C038356,5073690,60884280,3124286,37491432,112285723,36025188,19253677,101474,794,0,0
C038357,2419163,29029956,1074520,12894240,50153905,67157568,53459685,427977,739,0,0
C038358,2910538,34926456,2102200,25226400,76835243,84088476,69449466,466775,648,0,0
C038359,3340151,40081812,1419374,17032488,120421278,29874722,17088432,196913,797,0,0
C038360,12000000,144000000,7054220,84650640,483067253,148319329,89977572,1398052,733,0,0
C038361,5774954,69299448,3389691,40676292,318329498,25056582,15773623,339086,742,0,0
C038362,9505908,114070896,6093881,73126572,314178100,73232338,66020048,1193672,695,0,0
C038363,3995622,47947464,1932422,23189064,332682036,14876610,14876610,436092,886,0,0
C038364,4550269,54603228,3007373,36088476,50807405,70987441,43047758,694277,659,0,1
C038365,3377656,40531872,2497017,29964204,190081990,62430469,56653821,320916,815,0,0
C038366,3539929,42479148,2197581,26370972,42766985,63909328,42102170,434051,719,0,0
C038367,1897661,22771932,853667,10244004,79255952,21579756,15632323,150378,789,0,0
C038368,1800000,21600000,622758,7473096,93044464,32385297,27375548,222663,857,0,0
C038369,3565628,42787536,1628084,19537008,63032321,161960773,153536002,815479,761,1,0
C038370,9044451,108533412,7422570,89070840,410732134,36895624,29414048,418013,639,0,0
C038371,2378010,28536120,1295523,15546276,57255799,17495540,9846540,136093,749,0,0
C038372,6979078,83748936,2548673,30584076,442661608,63649345,25669384,849559,843,0,0
C038373,5081180,60974160,2813230,33758760,90622428,38413854,33577568,202493,791,1,0
C038374,2065908,24790896,1315188,15782256,34104157,32096756,27180552,287447,749,0,0
C038375,4831893,57982716,2138780,25665360,494934793,36326024,36326024,268851,760,0,0
C038376,3036546,36438552,1776220,21314640,198337656,88243301,88243301,747580,911,0,0
C038377,7547731,90572772,4597457,55169484,144300318,93162591,68615247,1306262,839,0,0
C038378,3130042,37560504,1776144,21313728,99726025,28603726,27244746,201534,695,0,1
C038379,3775217,45302604,2101735,25220820,274539933,66721388,41049458,403386,743,0,0
C038380,4038005,48456060,1875177,22502124,271868090,36000979,20257237,168688,779,0,0
C038381,2347598,28171176,1403577,16842924,182864512,61738709,46304305,281787,736,0,0
C038382,8090310,97083720,4500367,54004404,171950242,442913177,436876740,2636545,753,0,0
C038383,3383351,40600212,2501193,30014316,128685028,49581831,25651429,536623,653,1,1
C038384,6364333,76371996,4125877,49510524,632759188,50532307,21797918,291191,850,0,0
C038385,6691839,80302068,3657101,43885212,83730504,81385148,68472912,867177,831,0,0
C038386,6253392,75040704,4421203,53054436,503780917,197895244,177694459,1273214,677,0,1
C038387,5363163,64357956,2188366,26260392,268601911,24177344,17229412,107263,763,0,0
C038388,4879164,58549968,2750625,33007500,115169068,71819184,48269116,589087,648,1,0
C038389,4359350,52312200,2451816,29421792,107612524,31012667,14714298,152793,863,0,0
C038390,1800000,21600000,697566,8370792,71216340,17110156,11219308,163181,794,0,0
C038391,4784838,57418056,2162815,25953780,235335674,91564920,81453603,522093,806,0,0
C038392,4138600,49663200,3279983,39359796,303365759,27008330,17384794,373449,751,0,0
C038393,4373216,52478592,2400638,28807656,112902465,15707135,15022555,413611,794,0,0
C038394,2689480,32273760,1830044,21960528,126779292,29408092,16191258,185508,725,0,0
C038395,4782271,57387252,3261735,39140820,181321314,185048114,185048114,1133641,680,1,1
C038396,9416511,112998132,4707441,56489292,157894914,164736467,155554905,2091268,628,0,0
C038397,2934227,35210724,2193804,26325648,171841048,66174010,58613000,365870,717,0,0
C038398,4607255,55287060,3476499,41717988,118784395,35074079,15294211,247422,749,0,0
C038399,4945238,59342856,3624652,43495824,34786663,82338740,40709576,319609,735,0,0
C038400,2302185,27626220,1533430,18401160,66749335,121391370,115333595,842304,659,0,1
C038401,5907506,70890072,2801644,33619728,254804926,61942529,61942529,483206,813,0,0
C038402,6991405,83896860,2986323,35835876,1174556040,54116026,27220141,192431,758,0,0
C038403,3155587,37867044,1855408,22264896,206451347,68188932,51366688,776209,687,1,1
C038404,3477063,41724756,2211565,26538780,66206631,63947135,48317619,679956,837,0,1
C038405,3977509,47730108,2290503,27486036,449881264,18431199,13341024,420904,826,1,0
C038406,6256080,75072960,3261830,39141960,262625167,103380681,99123514,1033932,713,0,0
C038407,1801848,21622176,1053672,12644064,27843903,17497506,15594392,229951,777,1,0
C038408,5436512,65238144,2231680,26780160,204431749,74417167,74417167,623410,875,0,0
C038409,4042027,48504324,1847821,22173852,205072697,75361425,75361425,491935,818,0,0
C038410,8255411,99064932,3036901,36442812,232954888,111618866,68883308,837162,781,0,0
C038411,6370657,76447884,3789961,45479532,266352239,45674577,45674577,424312,833,0,0
C038412,6285754,75429048,3926695,47120340,590014383,83561960,56568376,217897,826,0,0
C038413,3904523,46854276,2500480,30005760,221794278,37208983,26100489,398281,822,0,0
C038414,4643111,55717332,2000089,24001068,294998675,65895521,37018784,207231,825,0,0
C038415,3261044,39132528,1266230,15194760,547855392,28061509,17591995,303290,740,1,0
C038416,1902539,22830468,1199905,14398860,69844791,25525007,25525007,156825,875,0,0
C038417,2885044,34620528,1543655,18523860,122955014,34639076,23661657,312878,758,0,0
C038418,3965024,47580288,2052350,24628200,96774719,82543580,67226046,438770,685,0,0
C038419,3216911,38602932,1877509,22530108,240376119,44834458,33796357,268363,756,0,0
C038420,5713192,68558304,4277871,51334452,183551753,174683584,157851911,1324780,736,0,0
C038421,4605566,55266792,2548352,30580224,306407440,27606467,25456092,396803,753,0,0
C038422,5871877,70462524,4412781,52953372,521579060,56831841,31934303,665377,865,0,0
C038423,4971643,59659716,1845199,22142388,95352842,27397671,5801683,303841,839,0,0
C038424,6258330,75099960,3370665,40447980,615743672,65485974,27812895,359986,788,0,0
C038425,3494617,41935404,2116636,25399632,79984326,26891192,22851773,309734,897,0,0
C038426,4730681,56768172,3372758,40473096,83629988,58031476,40308190,129444,797,1,0
C038427,5806593,69679116,2857445,34289340,341095175,133514596,126454904,1012071,694,0,0
C038428,2417401,29008812,1694158,20329896,154977105,74514337,63416980,491491,796,0,0
C038429,4516339,54196068,2491873,29902476,76679392,28206085,20219344,297699,784,0,0
C038430,3642408,43708896,3041188,36494256,133596103,56288023,45220266,556471,713,0,0
C038431,6206862,74482344,3395339,40744068,155206218,269776557,233635206,1353942,795,0,0
C038432,2845712,34148544,1111575,13338900,384834962,51496580,40285507,348532,824,0,0
C038433,2364259,28371108,905250,10863000,125847699,37519365,22616011,189541,945,0,0
C038434,6420587,77047044,2817294,33807528,508867120,152309845,152309845,1280880,864,0,1
C038435,3806276,45675312,2469202,29630424,639454368,81427092,67750268,273986,883,0,0
C038436,8786333,105435996,5553055,66636660,453890829,30424504,30424504,686415,754,0,0
C038437,4755329,57063948,2827041,33924492,166427535,78462052,73544842,883117,833,0,0
C038438,4582480,54989760,3086130,37033560,172955661,57219278,43554432,292339,757,0,0
C038439,5083331,60999972,2284533,27414396,114491741,94636493,80781701,779571,759,1,0
C038440,2028871,24346452,1390343,16684116,340850328,25329677,18278062,256395,756,0,0
C038441,6845265,82143180,2964287,35571444,295208097,43286238,31040633,679740,800,0,0
C038442,7199616,86395392,3920386,47044632,100117510,123126534,112974380,1031138,819,0,0
C038443,12000000,144000000,8666117,103993404,500577566,88117795,88117795,1599616,769,0,0
C038444,3671861,44062332,2348286,28179432,546369186,158493884,141716207,957256,825,0,0
C038445,5191121,62293452,2224584,26695008,239507054,16653715,16653715,502977,782,0,0
C038446,5004393,60052716,1565350,18784200,263861250,112170674,106474083,1148682,867,0,0
C038447,3909181,46910172,2607182,31286184,135998654,45495533,45446583,242662,879,0,0
C038448,4903786,58845432,3205585,38467020,648091186,117583389,117583389,1242587,745,0,0
C038449,3617316,43407792,1663217,19958604,222915218,57692761,48722140,697396,745,0,0
C038450,3747719,44972628,2416686,29000232,206825470,37389103,37389103,334019,844,0,1
C038451,7474344,89692128,3780190,45362280,274446855,111908667,71153944,378906,897,0,0
C038452,5698352,68380224,2753678,33044136,133390709,97720933,74979474,706678,764,0,0
C038453,1845954,22151448,739873,8878476,35383426,17828236,10291818,178071,832,0,0
C038454,2617048,31404576,1133488,13601856,43711783,10148836,8689021,217773,819,0,0
C038455,5007559,60090708,1773145,21277740,153596155,76385250,72706387,403598,801,0,0
C038456,2508178,30098136,1520533,18246396,43069695,97611510,89076584,497052,745,0,0
C038457,2771955,33263460,1146356,13756272,54039267,25900144,13871124,162967,797,0,0
C038458,3415899,40990788,1073892,12886704,202522762,48678260,40332157,417645,807,0,0
C038459,2182088,26185056,1042423,12509076,58115136,21767637,21767637,283354,821,0,0
C038460,3916212,46994544,1516817,18201804,107096760,32854475,13385824,168573,908,0,0
C038461,2851089,34213068,1629910,19558920,187619350,40156353,27324784,212619,785,0,0
C038462,1937354,23248248,1347175,16166100,32721571,31069087,29156024,268474,847,0,0
C038463,5270746,63248952,3800674,45608088,107155948,57582979,32609716,513028,738,0,0
C038464,8007339,96088068,5202448,62429376,509352272,91955980,70610494,984671,835,0,0
C038465,4074651,48895812,2707129,32485548,158094184,71739313,60969430,705176,674,0,0
C038466,4532488,54389856,2195434,26345208,76180932,39951558,28600947,419986,740,0,0
C038467,7323029,87876348,5926395,71116740,559867342,207622394,196493498,1625786,751,0,0
C038468,3136485,37637820,2018130,24217560,83824069,19482344,7123220,145579,735,0,0
C038469,4013410,48160920,2301364,27616368,127876333,56058862,34381655,132591,783,0,0
C038470,1808200,21698400,932938,11195256,159697226,11543579,11543579,134837,755,0,0
C038471,5966789,71601468,2460713,29528556,217685701,44365531,44365531,283463,776,0,0
C038472,3476346,41716152,1979956,23759472,47117421,24181720,24181720,380947,749,0,0
C038473,1800000,21600000,1213859,14566308,132030138,28058180,15393134,300235,641,1,0
C038474,6744187,80930244,3860240,46322880,112304122,70249427,70249427,720830,743,0,0
C038475,2096824,25161888,1268558,15222696,127078289,25364652,21609479,163052,852,0,0
C038476,5256414,63076968,3197735,38372820,307423889,63938576,32012041,425308,827,0,0
C038477,7995235,95942820,4441009,53292108,386047123,112002071,94533866,1087742,839,0,0
C038478,2333068,27996816,907728,10892736,196156312,18194736,18194736,170860,839,0,0
C038479,3192025,38304300,1934791,23217492,282357728,30977872,30538768,226309,807,0,0
C038480,2466271,29595252,1510912,18130944,42331705,134127044,133178634,994821,639,0,0
C038481,2441591,29299092,795364,9544368,157180078,10534140,8609692,197549,770,0,0
C038482,5405491,64865892,3938493,47261916,83827084,10173317,6940804,562858,785,0,0
C038483,6864041,82368492,4749816,56997792,193630298,83131747,37276093,670306,838,0,0
C038484,3145465,37745580,934782,11217384,78227479,19255447,19255447,207838,800,0,1
C038485,3932931,47195172,2141517,25698204,541981671,48092917,19065827,260033,769,0,0
C038486,3005907,36070884,2137949,25655388,111215088,49439463,45940262,544139,714,0,0
C038487,3930266,47163192,2624657,31495884,76791267,48174400,24906009,343946,727,0,0
C038488,2417541,29010492,1443463,17321556,250514666,6643539,6643539,216174,764,0,0
C038489,6263759,75165108,5398260,64779120,191013015,41385482,28462241,823550,701,0,0
C038490,3196445,38357340,1404441,16853292,80467353,31692687,10553157,208571,885,0,0
C038491,5883952,70607424,3997126,47965512,83824186,130637737,130637737,1140921,755,0,1
C038492,1889500,22674000,1232283,14787396,58890748,9736309,9736309,130072,762,0,0
C038493,5672707,68072484,3720858,44650296,109479574,35342060,35342060,261192,778,0,0
C038494,4634901,55618812,2956528,35478336,341924886,28067960,11459204,496172,719,1,0
C038495,4388951,52667412,2222577,26670924,109530711,35698745,20417131,401034,867,0,0
C038496,4428447,53141364,2088213,25058556,378395351,106075110,99540966,808894,713,1,0
C038497,2950010,35400120,2066486,24797832,221721539,62991412,47087332,594519,636,0,0
C038498,6294088,75529056,5141694,61700328,156325253,118056577,112200582,1054676,756,0,0
C038499,3914693,46976316,2512738,30152856,175083684,43516599,42721280,662600,747,0,0
C038500,2845384,34144608,2128988,25547856,88243604,93079251,81138842,766245,667,1,1
C038501,5387812,64653744,2354805,28257660,149590351,47355006,47355006,602062,831,0,0
C038502,2403486,28841832,1738749,20864988,66961411,71598989,69004145,432481,830,1,0
C038503,8716925,104603100,4283814,51405768,429773894,84801999,84801999,1121078,804,0,0
C038504,3414821,40977852,3232682,38792184,130513065,51750937,27674998,304710,588,1,1
C038505,3837923,46055076,2086332,25035984,132993115,52907513,35788004,471265,750,0,0
C038506,8078464,96941568,3617333,43407996,223463742,120700761,67810231,586195,675,0,0
C038507,7881184,94574208,6367116,76405392,576798915,41271030,41271030,563775,744,0,0
C038508,6456262,77475144,5947971,71375652,382903226,39762362,37524031,639162,708,1,1
C038509,2227660,26731920,1823364,21880368,71864116,21080804,17043706,212162,813,0,0
C038510,2035215,24422580,1079962,12959544,150000436,34110551,22914135,201326,832,0,0
C038511,4950544,59406528,3227742,38732904,137589433,31174929,22318082,137009,794,0,0
C038512,4824603,57895236,2951437,35417244,140590702,47817925,22226590,216416,831,1,0
C038513,3142811,37713732,2430438,29165256,134026614,45543368,39408207,267204,713,0,0
C038514,3237212,38846544,1913965,22967580,262270453,29955052,29874152,261957,733,0,0
C038515,2776534,33318408,2413763,28965156,94877168,73015686,53202115,371070,629,0,0
C038516,7113127,85357524,5541224,66494688,89519718,44728137,44280367,623920,777,0,0
C038517,5368245,64418940,2495861,29950332,176413653,68839691,60016049,630204,847,0,0
C038518,6599065,79188780,4437797,53253564,139174121,143370227,105734740,988680,740,0,0
C038519,2398219,28778628,1631713,19580556,159234850,36475766,35758588,441372,756,0,0
C038520,4878923,58547076,3668516,44022192,369211010,27795803,9481760,416158,726,0,0
C038521,4227247,50726964,2756134,33073608,209537368,24034069,24034069,357009,868,0,0
C038522,3840229,46082748,2575105,30901260,645158472,65732920,56523453,436375,773,0,0
C038523,4459533,53514396,3446098,41353176,90536494,53932470,41296979,555704,691,0,0
C038524,3293774,39525288,2002494,24029928,448536867,63827061,49420466,356055,772,0,0
C038525,4421287,53055444,1638039,19656468,470627629,121337072,99724093,695049,715,0,0
C038526,6487227,77846724,3734726,44816712,64886007,131670543,107673215,528466,810,0,0
C038527,2516652,30199824,1583882,19006584,27811610,6112759,6112759,222709,738,1,1
C038528,3820020,45840240,2844537,34134444,152061308,50298497,30316252,432768,744,0,0
C038529,8233144,98797728,4940553,59286636,133672472,172715235,161683221,250863,773,0,0
C038530,4837066,58044792,3531711,42380532,182416695,112036167,94263963,506904,732,0,0
C038531,3620048,43440576,2425382,29104584,182709827,32658389,27192153,313106,771,0,0
C038532,3691576,44298912,2234867,26818404,297206667,34539165,34539165,565590,836,0,0
C038533,4458952,53507424,2582004,30984048,148239839,62595686,57167961,628275,894,0,0
C038534,3942433,47309196,2511882,30142584,188728265,32892275,15570192,375337,856,1,0
C038535,8972750,107673000,5387107,64645284,284745710,98213089,83595887,1189697,843,1,0
C038536,4037474,48449688,2462108,29545296,187303106,54430574,40959312,380888,755,0,0
C038537,2434590,29215080,982095,11785140,112925723,42634081,36300168,326020,733,1,0
C038538,4660461,55925532,2179708,26156496,102358812,67170465,66738562,544570,735,0,0
C038539,3088745,37064940,1655477,19865724,202967465,35227018,24023816,378821,714,0,0
C038540,3967452,47609424,1477117,17725404,96099269,29731849,13506453,189910,912,0,0
C038541,5257486,63089832,4981117,59773404,92523988,105824917,77245905,983785,702,0,1
C038542,4580581,54966972,3297124,39565488,146766325,35129508,18776167,278986,812,0,0
C038543,3657642,43891704,2121129,25453548,387387409,70010615,61257000,549780,732,0,0
C038544,4180788,50169456,2228706,26744472,495752035,51676155,45160189,322922,755,0,0
C038545,5636920,67643040,1859951,22319412,947002560,194084246,180238238,1273877,769,0,0
C038546,4401674,52820088,2486172,29834064,51941952,77412497,69723742,512495,823,0,0
C038547,1843546,22122552,1404961,16859532,31976391,67687792,55333647,430683,701,0,1
C038548,5672927,68075124,2953991,35447892,556170068,82182297,71887216,488830,767,0,0
C038549,6715757,80589084,5288295,63459540,234660636,167275254,130290377,1214821,651,0,1
C038550,3215773,38589276,1421445,17057340,138903165,19397701,16693631,120882,876,0,0
C038551,3328528,39942336,1997977,23975724,53389524,60995989,36924444,351133,914,0,0
C038552,2103696,25244352,846037,10152444,109397313,19972784,19972784,133099,749,0,0
C038553,6028787,72345444,3301983,39623796,641066218,125370299,117705783,520903,780,0,0
C038554,4530165,54361980,2114221,25370652,117058587,41885428,41885428,471980,806,0,0
C038555,4699569,56394828,2332775,27993300,125038273,88915016,55595520,654388,737,0,0
C038556,1800000,21600000,803805,9645660,97865378,21692285,15156786,220111,809,0,0
C038557,5668667,68024004,3650404,43804848,145243167,98211267,68936653,654720,765,0,0
C038558,2924573,35094876,1403286,16839432,75165055,32395384,31929757,455347,746,0,0
C038559,5672061,68064732,3190345,38284140,576331323,22602928,12821585,288146,764,0,0
C038560,1945081,23340972,1091205,13094460,93228236,33677803,29990225,272640,826,0,0
C038561,4643083,55716996,3868147,46417764,260640579,119511741,107314442,592503,795,0,0
C038562,4038383,48460596,1942358,23308296,75685925,127686235,109514646,960067,682,0,1
C038563,3540591,42487092,2104039,25248468,94073295,106808277,82986711,560667,770,0,0
C038564,3896566,46758792,1961532,23538384,43613004,17682662,17682662,77931,770,1,0
C038565,2618250,31419000,2095744,25148928,210612659,40310596,40310596,434828,849,0,0
C038566,8261014,99132168,6076772,72921264,79941769,102253951,87243651,762132,864,0,0
C038567,2299591,27595092,1031982,12383784,31554512,38997238,31925318,268193,777,0,0
C038568,5159969,61919628,3832651,45991812,43643787,30735545,30735545,343698,775,0,0
C038569,4546294,54555528,3417982,41015784,279245424,76002377,47502251,568401,728,0,1
C038570,2900829,34809948,2238526,26862312,22006348,34326058,12313801,240419,744,1,0
C038571,4668287,56019444,2763898,33166776,560926179,73221295,56113747,384401,771,0,0
C038572,4204830,50457960,2192642,26311704,343142127,59386438,28016379,473172,785,0,0
C038573,6548190,78578280,5239655,62875860,198434788,96354408,59183172,744313,646,0,0
C038574,2538636,30463632,1164441,13973292,60366982,36955525,28348405,184465,843,0,0
C038575,8616962,103403544,4964286,59571432,421928588,103384086,92412844,513034,801,0,0
C038576,2002818,24033816,1179020,14148240,57202810,21956503,12529796,57888,767,0,0
C038577,8376554,100518648,4409309,52911708,131561966,109155018,97807857,762522,698,1,0
C038578,2435348,29224176,1137752,13653024,94453543,12399903,11561629,50000,844,0,0
C038579,2735030,32820360,1386299,16635588,127419937,36095455,21848593,400094,721,0,0
C038580,2732307,32787684,1783021,21396252,118624533,25280810,25280810,148839,743,1,0
C038581,3096350,37156200,1666367,19996404,131191565,23656910,12208974,140700,733,0,0
C038582,3909000,46908000,3083426,37001112,50694547,219950998,197035001,1430864,678,0,0
C038583,3850436,46205232,2185110,26221320,177255587,46115344,20130563,460959,862,0,0
C038584,1922260,23067120,1557876,18694512,309894846,21209790,16995895,219371,761,1,0
C038585,1800000,21600000,572459,6869508,110891116,22535206,22048301,116272,805,0,0
C038586,3006223,36074676,1258942,15107304,203687738,15563769,15563769,81673,837,0,0
C038587,2938707,35264484,1901476,22817712,222825370,35982644,30072721,185316,769,0,0
C038588,5888593,70663116,2061058,24732696,295770868,81165135,60466761,733537,838,0,0
C038589,7338584,88063008,2808702,33704424,554310657,110643743,99356393,816842,716,0,0
C038590,5193081,62316972,3431234,41174808,372024376,72187991,72187991,347989,807,0,0
C038591,5720913,68650956,5287305,63447660,252798325,83971598,72597564,321897,708,0,0
C038592,4179722,50156664,2570441,30845292,176261160,48774262,27997355,347459,860,0,0
C038593,3038551,36462612,1860737,22328844,30962925,86360838,77519486,588807,719,0,0
C038594,4661791,55941492,3427749,41132988,330929404,88827503,68341336,718525,741,0,0
C038595,1845200,22142400,1132050,13584600,169169208,25660960,22424419,179359,816,0,0
C038596,3643134,43717608,2424783,29097396,257042136,46654626,25630799,273550,800,0,0
C038597,2946096,35353152,1402757,16833084,181572825,37808385,24036738,336683,773,0,0
C038598,2437417,29249004,1613084,19357008,183666432,14874610,7767903,64601,797,0,0
C038599,4509172,54110064,2828283,33939396,306704297,8077805,8077805,263484,707,0,0
C038600,5086978,61043736,2048265,24579180,563803682,101149634,87137298,541433,746,0,0
C038601,5569184,66830208,4161578,49938936,203959981,54450956,18596044,550624,869,0,0
C038602,2285001,27420012,1446612,17359344,54822061,51565022,44635914,211650,777,0,0
C038603,3489718,41876616,1755205,21062460,144404729,24322254,15601606,69794,773,0,0
C038604,6790535,81486420,3832351,45988212,187543465,94657704,84717519,660509,815,0,0
C038605,2696046,32352552,1009164,12109968,73336050,31720330,27368126,323477,817,0,0
C038606,2880247,34562964,1569361,18832332,103724094,36161211,36161211,126177,769,0,0
C038607,9161600,109939200,5730826,68769912,612057208,157005097,106355455,754357,842,0,0
C038608,4294309,51531708,3714835,44578020,83047504,48432830,31083536,173110,847,0,1
C038609,4941459,59297508,2811926,33743112,80672284,20738955,20175766,408442,848,1,0
C038610,2254364,27052368,2106640,25279680,100819333,12592586,12592586,252643,733,0,0
C038611,7285376,87424512,5073527,60882324,279489047,41481506,41481506,294960,756,0,0
C038612,3170841,38050092,1585941,19031292,50634816,20756748,13676425,411805,741,0,0
C038613,2728067,32736804,1970267,23643204,246961265,19740808,16510585,203787,869,0,0
C038614,5652880,67834560,2985540,35826480,283459520,195966869,154858196,1185594,704,1,0
C038615,2868129,34417548,1595325,19143900,295502580,34692527,34692527,374662,809,0,0
C038616,5220202,62642424,2488447,29861364,291716093,55669581,45277207,104404,785,0,0
C038617,6546860,78562320,3201012,38412144,638537161,53458905,29775999,456423,827,0,0
C038618,1872281,22467372,1128962,13547544,109950592,19845587,15403948,141771,772,0,0
C038619,3427232,41126784,2296220,27554640,339736456,82667209,67585743,458045,758,0,0
C038620,3124957,37499484,1477677,17732124,253884885,76893379,57209552,373824,853,0,0
C038621,2725045,32700540,1922409,23068908,151716738,40466019,30375834,416669,757,0,0
C038622,1800000,21600000,632818,7593816,26710344,14745581,14102397,111753,808,0,0
C038623,4492678,53912136,2827620,33931440,233978261,47519541,18276386,396710,716,0,0
C038624,2752360,33028320,1791586,21499032,51597558,17464130,15342872,320651,779,0,0
C038625,3345591,40147092,1511810,18141720,186228999,32305893,31327508,66912,777,0,0
C038626,3218393,38620716,1984318,23811816,199642623,33189406,27774241,415074,750,0,0
C038627,5225988,62711856,1333489,16001868,103938776,20901677,20901677,352298,820,0,0
C038628,1859963,22319556,1311448,15737376,35298445,27792307,15685002,245077,727,0,0
C038629,3228376,38740512,1774721,21296652,49530580,65665490,59692208,401935,647,0,0
C038630,1800000,21600000,767732,9212784,74311142,24467820,24467820,305730,657,0,0
C038631,3723061,44676732,2107984,25295808,161948070,55572623,34643036,409406,698,0,0
C038632,2913843,34966116,1881611,22579332,111858528,26908992,25838694,216955,759,0,0
C038633,4099241,49190892,2712133,32545596,611889981,103803250,85489235,769724,688,0,1
C038634,5211978,62543736,3067316,36807792,161823155,100711444,65118963,659378,849,0,0
C038635,3775654,45307848,1829462,21953544,313729318,100698659,83294913,549920,777,0,0
C038636,2279022,27348264,1484957,17819484,28913786,25937130,25937130,303427,785,0,0
C038637,4375619,52507428,3190370,38284440,63678676,34494999,22997986,413298,687,2,0
C038638,3466481,41597772,1872856,22474272,59177125,18453908,9546387,187312,857,0,0
C038639,2919955,35039460,1850767,22209204,275887351,50576162,36426986,300109,826,0,0
C038640,3467390,41608680,2468079,29616948,545129122,40679350,17508177,354554,693,0,0
C038641,1832568,21990816,1061402,12736824,113919321,64066628,54548405,578474,613,2,1
C038642,2876928,34523136,1510220,18122640,211993939,32987498,32987498,147772,853,0,0
C038643,4352485,52229820,2203428,26441136,381098630,39131001,22722748,425130,834,0,0
C038644,4405704,52868448,3006558,36078696,208081847,18539063,9755221,360583,801,0,0
C038645,7872028,94464336,3815338,45784056,201748537,212899059,171880430,1193101,811,0,0
C038646,4338886,52066632,1567611,18811332,295687937,116897244,100089525,722841,722,1,0
C038647,7443879,89326548,4293331,51519972,199353251,122303476,122303476,620233,851,0,0
C038648,7420915,89050980,3861346,46336152,395867379,71687677,29891795,498486,774,0,0
C038649,6705265,80463180,4984237,59810844,714596704,279365971,251131154,1974962,659,1,0
C038650,5235368,62824416,3102333,37227996,197877852,71480674,39574615,837610,663,0,0
C038651,4251293,51015516,1807029,21684348,714217224,35722951,21630282,295516,876,0,0
C038652,4254101,51049212,2423677,29084124,245684761,23773266,22042278,290761,710,0,0
C038653,3661254,43935048,1947222,23366664,149559565,62957542,53255095,330403,888,0,0
C038654,4595699,55148388,2150731,25808772,77856322,131799693,125996015,987852,731,0,0
C038655,6846519,82158228,2959805,35517660,285090797,138163544,87344065,958804,817,1,0
C038656,2047710,24572520,1292721,15512652,114771258,20681054,15838419,119896,829,0,0
C038657,3300672,39608064,2196720,26360640,78582458,159505911,159505911,801429,749,0,0
C038658,3042390,36508680,2725336,32704032,192120945,51206648,51206648,513808,742,0,1
C038659,7863730,94364760,4564418,54773016,440079218,200890003,167612944,818227,763,0,0
C038660,3056619,36679428,1804663,21655956,284634490,41924320,41800937,324473,763,0,0
C038661,2888061,34656732,1362876,16354512,124157051,50822222,43266631,353563,819,0,0
C038662,3037544,36450528,1979618,23755416,37634957,12200229,12200229,154677,758,0,0
C038663,4572939,54875268,2958697,35504364,151512506,73390384,39745899,331147,638,1,0
C038664,4081968,48983616,2245798,26949576,212367388,17821863,13190577,156960,788,0,0
C038665,7569056,90828672,3179667,38156004,82484114,103979852,103979852,1020503,843,0,0
C038666,4025544,48306528,2251268,27015216,270887794,45065578,38719927,656476,712,0,0
C038667,1985442,23825304,1443220,17318640,52705172,19585410,9028227,135333,738,0,0
C038668,2157749,25892988,829155,9949860,240940166,30773647,18566339,211545,794,1,0
C038669,4259310,51111720,1769876,21238512,66309983,50964011,35330796,166081,833,0,0
C038670,4418087,53017044,1104522,13254264,511571887,51571011,47982121,322097,869,0,0
C038671,6512678,78152136,2596691,31160292,173952882,54572181,43273533,888210,766,0,0
C038672,5444206,65330472,4728858,56746296,272283757,95839960,58748734,353787,828,0,0
C038673,4132724,49592688,1505441,18065292,182994565,80037062,61249822,575025,663,0,0
C038674,4827978,57935736,2524125,30289500,106240683,28449063,19902237,116091,732,0,0
C038675,2448881,29386572,1282908,15394896,36733311,11167543,11167543,231586,844,0,0
C038676,2028647,24343764,1681147,20173764,65341395,37218940,27644319,405820,612,3,1
C038677,4685185,56222220,3025071,36300852,238879541,54479826,39265716,411745,811,1,0
C038678,3164590,37975080,1419140,17029680,68691739,100937417,91176588,610676,763,0,0
C038679,3263371,39160452,1007304,12087648,43693836,50821244,28975429,227480,808,0,0
C038680,4094204,49130448,2509957,30119484,234992860,150310888,134319043,834185,670,1,0
C038681,3224195,38690340,1859628,22315536,60106227,16418497,11548867,223859,823,0,0
C038682,2368721,28424652,1860420,22325040,86593118,29946019,28192658,258508,855,0,0
C038683,1800000,21600000,709114,8509368,38865202,17986612,7344459,104751,921,0,0
C038684,4507534,54090408,3162051,37944612,182976252,39338755,15050321,253888,825,1,0
C038685,2441668,29300016,1845675,22148100,133897282,32551110,32551110,227451,823,0,0
C038686,2855097,34261164,2171040,26052480,79312507,47336130,36380961,397497,740,0,0
C038687,2685624,32227488,1779313,21351756,127617075,95204846,95204846,672017,757,0,0
C038688,4581192,54974304,2995483,35945796,48583653,103564338,88705069,604156,722,2,0
C038689,2280200,27362400,942152,11305824,70487477,51358413,43010273,378041,714,0,1
C038690,2221444,26657328,1410255,16923060,84687400,12365670,11437190,96017,825,0,1
C038691,2416279,28995348,1190051,14280612,78313726,26164013,21784002,240393,787,0,0
C038692,5664336,67972032,3800808,45609696,239582078,145678948,137712987,795275,782,0,0
C038693,5267923,63215076,3297706,39572472,363640914,15919977,15919977,105358,841,0,0
C038694,3383762,40605144,1813828,21765936,151077247,30621554,24038089,75894,766,0,0
C038695,1924927,23099124,1183734,14204808,126741684,21686745,9341258,50000,750,0,0
C038696,1800000,21600000,1280871,15370452,62441735,11391290,9237372,215259,739,0,0
C038697,4086165,49033980,2321434,27857208,161689592,71723162,52595762,619563,789,0,0
C038698,4516332,54195984,2947887,35374644,395845264,62808133,41041428,594718,661,0,0
C038699,2644784,31737408,1486105,17833260,138689595,46386106,39298420,257622,776,0,0
C038700,7943988,95327856,5345483,64145796,991718161,75818123,75818123,856304,733,0,0
C038701,5902326,70827912,2979479,35753748,426041790,192131398,176040931,1162279,753,0,0
C038702,4080234,48962808,1664250,19971000,399709933,47541665,43841627,303168,739,0,0
C038703,2790838,33490056,1178476,14141712,130534550,41905530,29663728,304387,777,0,0
C038704,5009447,60113364,2474407,29692884,99763977,72228680,56189776,372348,824,0,0
C038705,3138674,37664088,1487375,17848500,148793709,69446878,56481075,486443,820,0,0
C038706,2147038,25764456,1573453,18881436,56960692,12186701,12186701,186900,816,0,0
C038707,4381121,52573452,3118346,37420152,304819891,25383796,21799920,410700,750,0,0
C038708,3033342,36400104,1914404,22972848,226853523,34925617,19170612,302015,805,1,0
C038709,2940898,35290776,1508175,18098100,173316372,138812995,123491985,746703,803,0,0
C038710,3703280,44439360,2217405,26608860,119819334,48198311,22283925,303217,758,0,0
C038711,3891314,46695768,3027879,36334548,95135464,48588956,44460908,467428,798,0,0
C038712,6952410,83428920,5736630,68839560,276210825,53000457,29175034,467973,793,0,0
C038713,5753781,69045372,2899584,34795008,183191653,79956058,67379969,1055457,685,2,1
C038714,7066939,84803268,3218073,38616876,157308523,96949329,90715210,314395,805,0,1
C038715,2498980,29987760,2305519,27666228,419828640,30521478,21215079,395043,678,1,0
C038716,6356207,76274484,2551461,30617532,123140047,73019132,51279100,597690,726,0,0
C038717,4302159,51625908,1979317,23751804,660882818,31433125,21839980,268923,763,0,0
C038718,4242063,50904756,2170339,26044068,58635109,26518949,26518949,512456,785,1,0
C038719,3968087,47617044,2696301,32355612,118587312,35148294,16532598,124031,715,0,0
C038720,4647154,55765848,2963941,35567292,92042259,86089317,77776501,559314,713,0,0
C038721,4891677,58700124,2690670,32288040,155778268,25659343,25659343,391907,792,0,0
C038722,9202720,110432640,6910553,82926636,305553478,79971810,79971810,707824,750,0,0
C038723,6446889,77362668,3523424,42281088,215328194,99126230,76899813,866106,721,0,1
C038724,3710092,44521104,1853081,22236972,253260370,68332473,63680783,591555,793,0,0
C038725,2372446,28469352,1041947,12503364,55445970,65076492,59131492,346544,825,0,0
C038726,3228250,38739000,2241962,26903544,537471313,27571662,25732594,240374,752,0,0
C038727,6493994,77927928,4577625,54931500,338411689,89676900,57726652,605528,768,0,0
C038728,6649611,79795332,4461580,53538960,213734299,132744812,90768467,1003209,662,0,1
C038729,1800000,21600000,1117211,13406532,37108239,15407279,3807374,56653,807,0,0
C038730,4223023,50676276,2408148,28897776,67639146,59712451,22128519,375891,744,2,0
C038731,3787644,45451728,2230625,26767500,171562541,95253359,55988716,263563,718,0,0
C038732,5599160,67189920,2395265,28743180,808364611,108592843,94765668,376472,796,0,0
C038733,2510216,30122592,1986646,23839752,78526972,20110850,5798582,204345,677,1,0
C038734,3015200,36182400,1078284,12939408,223708314,65534770,65534770,656609,800,0,0
C038735,2541806,30501672,1334999,16019988,198805307,37197616,37197616,303529,814,0,0
C038736,5019207,60230484,2953483,35441796,106850801,39055674,25089465,595726,942,0,0
C038737,3245958,38951496,1798255,21579060,68924748,20480357,13077669,208267,856,0,0
C038738,3736137,44833644,2829045,33948540,627671016,62333610,42209805,220254,749,0,0
C038739,4874533,58494396,2682024,32184288,316080856,105806353,100643169,791930,748,1,0
C038740,7336765,88041180,2468295,29619540,108203151,327742137,294549769,1815259,873,0,0
C038741,2922367,35068404,1797097,21565164,318011644,83452298,62822402,449072,699,0,0
C038742,4087134,49045608,2508797,30105564,128093130,20629744,15694779,701666,699,1,0
C038743,3104759,37257108,2089352,25072224,208420007,177595215,167656986,1298723,580,0,1
C038744,7098326,85179912,3872840,46474080,176513628,163361707,132285134,1081439,680,1,0
C038745,2345757,28149084,1642947,19715364,53415628,31473125,21148103,202508,858,1,0
C038746,1800000,21600000,1189804,14277648,38514847,31604159,25631960,276082,836,0,0
C038747,6968027,83616324,2122571,25470852,193239128,119954686,107688357,493777,772,0,0
C038748,8612809,103353708,3803796,45645552,421003197,87385894,76289120,1421374,815,0,0
C038749,4103178,49238136,2424834,29098008,225097670,25379437,16658542,155674,876,0,0
C038750,5827204,69926448,2033371,24400452,143755950,58351188,15095841,215491,806,0,0
C038751,7645076,91740912,5256997,63083964,134397935,40256476,40256476,805551,688,0,0
C038752,3313200,39758400,1895035,22740420,374111079,42326711,42326711,464195,746,0,0
C038753,2706825,32481900,1485979,17831748,451210648,42261345,39838514,394141,745,0,0
C038754,5701111,68413332,3592425,43109100,285431107,52828565,37220487,169928,781,0,0
C038755,5538501,66462012,3035549,36426588,275156574,80999818,70577494,618507,765,0,0
C038756,5438575,65262900,3518604,42223248,316841803,25406789,10544062,114445,698,0,0
C038757,5350524,64206288,3102320,37227840,214975065,67105728,43712399,508661,777,0,0
C038758,5401213,64814556,2855400,34264800,88296242,56119328,27705094,295034,859,0,0
C038759,6530993,78371916,3870558,46446696,532041241,143639609,123103505,1619496,611,2,0
C038760,2998607,35983284,2200487,26405844,93784932,29667194,16037729,226324,753,0,0
C038761,3768372,45220464,1939261,23271132,128945130,62895371,57749687,439085,732,0,0
C038762,4330066,51960792,1698521,20382252,237861782,52155864,38398104,250780,779,0,0
C038763,1800000,21600000,1265834,15190008,130447616,39568440,29925768,194333,862,0,0
C038764,2417725,29012700,1062190,12746280,46786045,53867319,40810531,368141,793,0,0
C038765,2960566,35526792,1707442,20489304,44923867,35112067,31204991,417049,752,0,0
C038766,9239518,110874216,3455808,41469696,288638492,108978083,103138158,1050210,793,0,0
C038767,8285048,99420576,3606134,43273608,356612824,90638184,64121165,414777,778,0,0
C038768,1974663,23695956,730826,8769912,66332675,25752609,25752609,220667,794,0,0
C038769,4418850,53026200,2911627,34939524,94346917,100089879,97119490,794766,705,1,0
C038770,2860028,34320336,1494964,17939568,476419897,90883841,90241287,563052,681,0,0
C038771,4660608,55927296,3363855,40366260,152094644,72513873,54906734,820972,748,0,0
C038772,3571717,42860604,2611440,31337280,324395237,101525946,90764591,540419,771,0,0
C038773,1800000,21600000,1107031,13284372,236721866,5420882,4387892,50000,792,0,0
C038774,5589661,67075932,2853722,34244664,406627666,70255199,54594682,812542,750,0,0
C038775,4771071,57252852,3696403,44356836,264335909,41864717,24726303,198272,733,0,0
C038776,3766388,45196656,1602579,19230948,330370064,33383868,12364363,341185,752,0,0
C038777,5303200,63638400,1849105,22189260,298934330,68777826,57526458,557545,786,0,0
C038778,3286762,39441144,2255606,27067272,160757897,33784505,15185234,321465,793,0,0
C038779,5000940,60011280,2647672,31772064,193045670,24904418,18878405,373851,855,0,0
C038780,2122060,25464720,530515,6366180,94927643,49962211,43611488,364245,769,0,0
C038781,6448986,77387832,3802454,45629448,213277380,74385590,60583981,702502,772,0,0
C038782,1931740,23180880,1111562,13338744,46283919,28925727,14305360,184290,677,0,1
C038783,4454327,53451924,2756180,33074160,77790147,27288081,14802512,290995,767,0,0
C038784,2043597,24523164,1102193,13226316,43251087,40200673,32220941,285790,743,0,0
C038785,3405514,40866168,2068291,24819492,83885190,47913250,33731105,400425,768,1,0
C038786,3396820,40761840,2242249,26906988,147845782,197656437,183428280,1307883,645,2,1
C038787,6563736,78764832,3496603,41959236,311998451,24172686,19094024,725145,742,0,0
C038788,5046895,60562740,3196674,38360088,199895138,30941566,17235638,365323,721,0,0
C038789,3738522,44862264,993392,11920704,69879911,33935990,29290893,203098,801,0,0
C038790,4883608,58603296,3415803,40989636,148656478,82540086,72940403,316250,730,0,1
C038791,5013657,60163884,3839641,46075692,86795394,50200786,50200786,554032,828,0,0
C038792,2641437,31697244,2019971,24239652,301852934,33921543,25758493,275680,717,1,0
C038793,6175216,74102592,3070995,36851940,313958315,127294694,123722507,883614,950,0,0
C038794,4691202,56294424,2595657,31147884,236563131,135413506,97824575,784572,704,1,0
C038795,4361880,52342560,3889473,46673676,205097669,53282379,31733129,424537,722,0,0
C038796,3030336,36364032,1914951,22979412,208486849,29407404,23468506,209271,757,0,0
C038797,2963656,35563872,2156825,25881900,82228542,23473212,12634595,117270,771,1,0
C038798,4099319,49191828,2876089,34513068,29873149,37492947,37492947,523676,813,0,0
C038799,2313298,27759576,1464351,17572212,37986065,23014883,15539822,73356,772,0,0
C038800,3869604,46435248,2265126,27181512,82163695,56901118,43694296,478095,734,0,1
C038801,2821243,33854916,1100170,13202040,87562225,29141683,8247578,183941,731,0,0
C038802,3854201,46250412,2272005,27264060,137120931,38535141,36540160,176831,806,0,0
C038803,4795438,57545256,2509339,30112068,137667698,75543490,33967779,638613,733,0,0
C038804,4034319,48411828,2261812,27141744,174303400,43449133,43449133,320540,809,0,0
C038805,2697282,32367384,1440307,17283684,445515667,11991803,9108901,338845,798,0,0
C038806,4366002,52392024,2315193,27782316,257866686,29048086,19513149,327070,822,0,0
C038807,7523791,90285492,4292868,51514416,301399999,65533358,42144564,341466,820,0,0
C038808,4119280,49431360,2275936,27311232,304429606,87341641,84040968,486666,857,0,0
C038809,3831489,45977868,1478040,17736480,433202180,31754258,31754258,275498,721,0,0
C038810,4245397,50944764,2003208,24038496,119557278,8928007,8928007,113968,779,0,0
C038811,1982839,23794068,1255592,15067104,97258461,21660810,11036196,132641,782,0,0
C038812,4452613,53431356,3626315,43515780,576584905,24237777,17271190,556813,786,0,0
C038813,3406014,40872168,2208013,26496156,265673306,33195029,28173843,346190,801,0,0
C038814,2949493,35393916,1307704,15692448,230018111,25073671,17825977,412328,866,0,0
C038815,4635861,55630332,2748176,32978112,177869034,38606270,38606270,477399,746,0,0
C038816,2882116,34585392,1967724,23612688,175907513,62486486,44658881,386874,745,0,0
C038817,2853969,34247628,1675849,20110188,97631635,26263272,23921682,134915,785,0,0
C038818,4770546,57246552,1907822,22893864,218020713,29942272,24051887,427468,759,1,0
C038819,5712229,68546748,2623354,31480248,659600183,66789411,54891829,373319,755,0,0
C038820,3444557,41334684,2154221,25850652,201784787,34274216,26425010,131939,815,0,0
C038821,6723325,80679900,3617491,43409892,70864513,46295573,23671345,298413,847,0,0
C038822,3647087,43765044,2016963,24203556,263884339,52973732,42370502,549740,786,0,0
C038823,4990116,59881392,2998782,35985384,284389877,92337875,84955857,307590,935,0,0
C038824,2179585,26155020,974643,11695716,46361562,26317717,16981360,369016,797,0,0
C038825,1800000,21600000,1069615,12835380,31451775,29528605,19870508,184665,794,0,0
C038826,5778606,69343272,3105382,37264584,467793407,119697833,119697833,650670,752,0,0
C038827,4111414,49336968,2771895,33262740,117370114,41448748,22387508,451680,733,0,0
C038828,2789741,33476892,1230775,14769300,151250222,67717637,58860913,474240,804,0,0
C038829,2584819,31017828,1275065,15300780,126759084,72585335,69570537,537212,787,1,0
C038830,3495270,41943240,1953692,23444304,168408347,30341084,30341084,126403,807,0,0
C038831,3842446,46109352,2220394,26644728,70762340,33989346,21826858,603359,774,0,0
C038832,2393762,28725144,1905503,22866036,61363775,14279004,14279004,261404,678,1,0
C038833,5054320,60651840,3264045,39168540,97335331,150474494,150474494,1011220,794,0,0
C038834,7208147,86497764,4465885,53590620,237517174,94790184,59631515,516233,770,0,0
C038835,3788305,45459660,1669124,20029488,525202426,51028076,51028076,273764,827,0,0
C038836,9925053,119100636,6352778,76233336,362149129,287277517,287277517,2341455,778,0,0
C038837,4680308,56163696,2837389,34048668,411692826,51008254,51008254,341915,919,0,0
C038838,2581805,30981660,904519,10854228,69755768,22760561,14674040,137399,802,1,0
C038839,6592171,79106052,3901454,46817448,1062095283,75295760,55819741,797729,836,0,0
C038840,3762508,45150096,1818155,21817860,109418596,71430292,58617952,668340,706,0,0
C038841,2316882,27802584,1044355,12532260,46726057,26129691,16852915,271406,779,0,0
C038842,2696582,32358984,1672935,20075220,131829344,20927846,17985286,297585,776,0,0
C038843,2824065,33888780,2223591,26683092,31441942,35671200,29749490,408692,693,1,0
C038844,4261668,51140016,3095393,37144716,63597576,26021788,21818049,89340,843,0,0
C038845,3869085,46429020,2013564,24162768,191259384,27524823,17465284,77382,788,0,0
C038846,6894717,82736604,4107835,49294020,308681957,372314718,372314718,2595109,630,2,0
C038847,4556816,54681792,3044694,36536328,160698643,96171756,92089723,773342,778,0,0
C038848,4827918,57935016,2869635,34435620,35531391,81816460,40826565,667091,576,0,0
C038849,2377980,28535760,1425249,17102988,101384763,64860903,52219161,355871,731,0,0
C038850,4407380,52888560,3267891,39214692,180980032,48034576,22500766,224119,850,0,0
C038851,4843599,58123188,2616441,31397292,546732133,98804207,85959920,636252,835,0,0
C038852,7975200,95702400,4190042,50280504,106378473,66432058,43810295,341408,728,0,0
C038853,4849040,58188480,3142359,37708308,260224385,49096268,49096268,687838,800,0,0
C038854,3277651,39331812,1908981,22907772,184416232,44476777,44476777,316056,812,0,0
C038855,3912770,46953240,2631865,31582380,241887616,110202115,98100672,674407,670,0,0
C038856,1984080,23808960,1304973,15659676,295237557,35919701,26370705,346990,751,0,0
C038857,3673220,44078640,1928750,23145000,139580742,89301265,84061679,670973,755,0,0
C038858,4556884,54682608,3466594,41599128,67518380,26384360,22017067,164798,825,0,0
C038859,4356696,52280352,2749751,32997012,53737796,78659077,70300504,654131,821,0,0
C038860,12000000,144000000,10371918,124463016,807498805,235974231,224201221,1829939,833,0,0
C038861,2419941,29039292,1446331,17355972,102908037,51093772,30373257,395069,687,1,1
C038862,3934512,47214144,1689790,20277480,63165935,138129668,134061245,837548,757,0,0
C038863,3147813,37773756,1770193,21242316,528832584,46175259,37162934,194499,826,0,0
C038864,2078795,24945540,1486503,17838036,24896093,59257103,51054453,294294,791,0,0
C038865,4815565,57786780,3054965,36659580,404600035,85080006,85080006,677612,929,0,0
C038866,11451848,137422176,8784157,105409884,1311008472,63678416,47104055,1760249,668,1,0
C038867,3540442,42485304,1885296,22623552,290587386,67059741,55354394,423351,839,0,0
C038868,3589508,43074096,2296314,27555768,77358315,50530448,37227222,254907,801,0,0
C038869,4059917,48719004,2390856,28690272,212086172,52965380,37979435,281307,821,1,0
C038870,2684636,32215632,1958335,23500020,133850548,29645155,17828957,117609,780,0,0
C038871,7869482,94433784,4176445,50117340,395326137,120866777,89968237,1344371,686,0,0
C038872,12000000,144000000,6532716,78392592,1050456591,174310556,108563656,606249,882,0,0
C038873,2265344,27184128,1130526,13566312,55856867,26748290,26748290,321432,747,0,0
C038874,1800000,21600000,1085584,13027008,302400000,32714536,27437060,220595,757,0,0
C038875,3195705,38348460,1357682,16292184,158800609,25934857,17390693,88195,877,0,0
C038876,4200014,50400168,2785950,33431400,350693405,27882638,20150712,168661,753,1,0
C038877,4135679,49628148,2118037,25416444,170912570,48147905,28037370,260530,817,0,0
C038878,5653755,67845060,1528733,18344796,71556484,88318031,88318031,906750,863,0,0
C038879,2087676,25052112,1173518,14082216,144869459,12591202,11278936,262229,894,0,0
C038880,3687762,44253144,1981518,23778216,115594178,43105715,27222568,271987,857,0,0
C038881,6502337,78028044,3133254,37599048,232369064,84052161,77985835,1095951,786,0,0
C038882,4779428,57353136,2797250,33567000,191323835,90206320,83956588,761201,828,0,0
C038883,5195514,62346168,3250714,39008568,419406705,28181283,9497865,103910,759,0,0
C038884,3902210,46826520,2417452,29009424,109521003,12143244,7076119,266324,759,0,0
C038885,3371424,40457088,2091737,25100844,467142929,45865412,35897194,535028,763,0,0
C038886,5231813,62781756,3573291,42879492,344535289,48781178,41405898,480399,811,1,0
C038887,4804041,57648492,3649682,43796184,179115646,28443159,20049913,253360,763,0,0
C038888,9208467,110501604,4435764,53229168,1384840576,136382785,70818866,1209100,795,0,0
C038889,12000000,144000000,6186425,74237100,1023570233,110725367,93688745,1160846,861,0,0
C038890,2307630,27691560,1409326,16911912,161126832,32286805,18784854,133089,755,0,0
C038891,6188181,74258172,3862788,46353456,187510876,153368014,107905063,822433,839,0,0
C038892,3787619,45451428,2290887,27490644,139435813,33837140,33837140,214065,826,0,0
C038893,2961557,35538684,1494989,17939868,59821884,40290114,34691826,385357,741,0,0
C038894,3668733,44024796,2021094,24253128,198490897,47327410,33692745,299476,741,0,0
C038895,2964439,35573268,1133583,13602996,268243911,22429372,20867033,222418,763,1,0
C038896,10448730,125384760,3792405,45508860,506670295,145707661,67395632,978742,787,0,0
C038897,3161699,37940388,1561516,18738192,115608278,34859704,16242901,331658,894,0,0
C038898,2499849,29998188,1436149,17233788,251379037,37125965,22825532,335737,817,0,1
C038899,5011248,60134976,3943690,47324280,59463009,59407165,46358931,559520,855,0,0
C038900,2173955,26087460,1345225,16142700,207015572,15454714,14229431,206684,804,0,0
C038901,4690963,56291556,2956443,35477316,70229444,132838520,131252633,820493,788,0,1
C038902,2295530,27546360,1350042,16200504,63107263,33336569,29534836,297376,754,0,0
C038903,3076085,36913020,1839696,22076352,294995458,21061380,6251424,219355,748,0,0
C038904,3076489,36917868,1569655,18835860,256758135,6711308,6711308,375791,809,0,0
C038905,3456814,41481768,3049067,36588804,138764713,64787854,46748372,627579,638,1,1
C038906,2106983,25283796,1306225,15674700,196598063,10343642,10343642,73704,886,0,0
C038907,2421934,29063208,789423,9473076,152138349,24736877,17407482,157533,838,0,0
C038908,6032549,72390588,2893814,34725768,149188771,100252028,79285276,622891,743,0,0
C038909,2558224,30698688,1487341,17848092,56955692,52112831,37716451,318352,828,0,0
C038910,1882078,22584936,1685653,20227836,116485353,93487540,84931733,808799,562,2,1
C038911,2654036,31848432,2546403,30556836,229239575,47589348,34127186,464356,501,9,1
C038912,10643303,127719636,6386855,76642260,912972123,95605938,63379138,212866,779,1,0
C038913,1800000,21600000,1574468,18893616,69242632,20986982,19470175,100792,731,0,0
C038914,3823204,45878448,2956515,35478180,28145807,51066575,39213262,254653,748,1,0
C038915,6554974,78659688,3828693,45944316,567654810,51925344,38376787,131099,855,0,0
C038916,4035312,48423744,1769419,21233028,171504136,50194980,26020745,455407,836,0,0
C038917,3229545,38754540,1371580,16458960,166363334,74845041,49334423,471381,879,0,0
C038918,3838320,46059840,1663871,19966452,98126214,14812162,14812162,163200,899,0,0
C038919,8623262,103479144,5603902,67246824,637769077,77523614,46214198,1049014,781,0,0
C038920,9499010,113988120,5887544,70650528,373510942,227318759,167206010,1587116,754,0,0
C038921,3385977,40631724,2439563,29274756,149019280,53492728,45004029,466682,730,0,0
C038922,2644288,31731456,1330265,15963180,99780746,50197904,35264799,381944,713,0,0
C038923,1805526,21666312,893774,10725288,77759727,7648630,2931443,180346,722,0,1
C038924,7692118,92305416,5219876,62638512,243409529,32773706,32773706,153842,911,0,0
C038925,2687974,32255688,1078116,12937392,266856527,68884104,63995897,531855,906,0,0
C038926,1800000,21600000,525467,6305604,62208583,23970561,23970561,202892,835,0,0
C038927,5635265,67623180,3774232,45290784,412938293,79856886,69285640,595082,883,0,0
C038928,4051597,48619164,2035569,24426828,124222805,29519919,18214235,81032,754,0,0
C038929,3302984,39635808,1688533,20262396,185927584,50431003,49185558,453135,847,0,0
C038930,5452069,65424828,2462829,29553948,153733582,46121860,34171868,152854,926,0,0
C038931,2786296,33435552,2077670,24932040,87794425,60373511,51434418,495218,726,0,0
C038932,3003282,36039384,1559761,18717132,134764113,85160774,75050736,538734,732,0,0
C038933,3352904,40234848,2401700,28820400,45386411,60985381,50176184,655095,702,0,0
C038934,3430133,41161596,2542870,30514440,298405884,47716469,28946487,246935,816,1,0
C038935,7935510,95226120,4935092,59221104,517802185,112404454,76864991,797246,724,0,0
C038936,7569986,90839832,3302752,39633024,1271757648,170162467,141488253,900854,882,0,0
C038937,2859252,34311024,2157132,25885584,75212296,36676866,28215952,106380,717,0,0
C038938,4831907,57982884,2875793,34509516,399656144,71629134,59609705,586324,692,0,0
C038939,6854657,82255884,3170281,38043372,648535119,26661676,14682164,371563,861,0,0
C038940,2286455,27437460,1162793,13953516,46075882,63939749,56395230,397537,847,0,0
C038941,4552371,54628452,3052783,36633396,257402431,64611859,44138465,418119,857,0,0
C038942,3672750,44073000,2458518,29502216,277089337,108368146,94781129,699354,758,0,0
C038943,2662859,31954308,1780541,21366492,201844914,15317596,7569289,173573,732,0,0
C038944,3188023,38256276,1975411,23704932,83806261,89209362,64133535,474871,813,0,0
C038945,3360143,40321716,2159239,25910868,190789908,54490467,51388332,299424,790,0,0
C038946,5798925,69587100,3755738,45068856,111285960,66602593,41486970,751467,696,0,0
C038947,5722131,68665572,3212900,38554800,590980277,45804394,31702597,275745,829,0,0
C038948,1800000,21600000,886133,10633596,174144551,73237884,64982822,433782,748,0,0
C038949,4651092,55813104,1985982,23831784,259183904,31222844,23620336,528963,745,0,0
C038950,4559471,54713652,3373644,40483728,209973842,46297052,39907068,420185,811,0,0
C038951,8334941,100019292,6994798,83937576,332446227,66325273,62887716,805551,769,0,0
C038952,2804198,33650376,1589513,19074156,134173978,33906852,11398468,181094,821,0,0
C038953,3722725,44672700,1958338,23500056,110607474,77822968,63522265,343715,744,0,0
C038954,3756087,45073044,2320755,27849060,523108494,31553377,15480842,343186,727,1,0
C038955,4108996,49307952,2522013,30264156,81321340,55664493,43575734,591986,833,0,0
C038956,2267746,27212952,1280666,15367992,24307781,24658949,17056418,114878,762,0,1
C038957,5064464,60773568,3515415,42184980,63223224,75259104,73697343,508493,829,0,0
C038958,6846612,82159344,4538640,54463680,441835921,170549487,151543024,1224768,763,0,0
C038959,3555198,42662376,1361982,16343784,108809674,86061140,73807201,603792,723,0,0
C038960,2706791,32481492,908966,10907592,145138610,61360942,51480926,492086,899,0,0
C038961,4637773,55653276,2502047,30024564,308924978,29721702,9603429,125801,834,1,0
C038962,3522922,42275064,1151538,13818456,150671522,33640046,32929688,139448,783,0,0
C038963,7570913,90850956,5036505,60438060,252197039,121259768,89797628,790171,914,0,0
C038964,2303114,27637368,692152,8305824,114319160,21304046,11382072,50000,734,0,0
C038965,2774247,33290964,1277016,15324192,361695144,32473195,32473195,301635,775,0,0
C038966,3881228,46574736,2912376,34948512,120333054,41556754,33966147,146250,727,1,0
C038967,2937252,35247024,1379384,16552608,42002439,87508350,76863142,681278,832,0,1
C038968,1800000,21600000,1015353,12184236,110421669,6143277,3445897,132732,750,0,0
C038969,3696233,44354796,924058,11088696,88474697,129863110,118445546,782711,826,0,1
C038970,4429266,53151192,2176454,26117448,185311780,30269497,30269497,88585,746,0,0
C038971,8313863,99766356,2672757,32073084,794306572,75477094,54095759,887260,787,0,0
C038972,2865188,34382256,1582457,18989484,187985431,24707694,18540551,278766,922,0,0
C038973,2889417,34673004,2118381,25420572,139295182,31849209,23288337,222956,746,0,0
C038974,4895512,58746144,2932788,35193456,215379148,26593569,26593569,471110,809,0,0
C038975,5639138,67669656,3753778,45045336,114888828,29384038,29384038,315931,793,0,0
C038976,6082913,72994956,3416696,41000352,318313484,27218764,17584369,351414,829,0,0
C038977,3104925,37259100,2180528,26166336,52989271,43802918,43802918,473781,802,0,0
C038978,2685435,32225220,1537882,18454584,310650751,28880196,8950785,53709,705,0,0
C038979,4044354,48532248,2006174,24074088,206195567,56577754,39060748,291740,859,0,0
C038980,3532989,42395868,2175446,26105352,113806827,17843308,17843308,137218,808,0,0
C038981,5891122,70693464,3944370,47332440,692763643,68150518,45131986,439497,842,0,1
C038982,4957579,59490948,3550962,42611544,505556055,40964891,36735249,320114,821,0,0
C038983,5352607,64231284,2943896,35326752,899237976,18330405,18330405,107052,828,0,0
C038984,1997559,23970708,1346043,16152516,291722846,36535122,33273912,290110,771,0,0
C038985,4756041,57072492,2402711,28832532,248484045,130833973,111951755,734203,707,0,1
C038986,5945875,71350500,3852240,46226880,340636389,120974523,87752100,844267,666,0,0
C038987,2605985,31271820,1140012,13680144,51481291,79091736,72836895,557154,707,0,0
C038988,3198958,38387496,1290149,15481788,65901985,27728795,7076563,249461,760,0,0
C038989,3923474,47081688,2931176,35174112,192062598,48023846,34630799,336679,740,1,0
C038990,2541700,30500400,1924150,23089800,76195405,52387086,43326493,506091,744,0,1
C038991,3423471,41081652,2915040,34980480,277204306,42945550,42945550,323491,682,0,0
C038992,6353675,76244100,3188390,38260680,427619702,153753378,130615778,1219780,734,0,0
C038993,3159433,37913196,1509212,18110544,231319664,20347653,17877771,269340,834,0,0
C038994,5918140,71017680,1549512,18594144,337961298,43422650,43422650,977946,773,0,0
C038995,4514664,54175968,2976706,35720472,149886828,129536611,114122620,890800,713,0,0
C038996,1800000,21600000,1204373,14452476,50086817,13121910,11110244,185405,839,0,0
C038997,12000000,144000000,6206801,74481612,814151612,138020153,61777219,659673,842,0,0
C038998,4053951,48647412,2089633,25075596,210717203,44769809,35259028,514538,714,0,0
C038999,2066255,24795060,1334527,16014324,70606009,25134782,18347957,181089,839,0,0
C039000,6188234,74258808,4784225,57410700,323086886,32004188,32004188,726680,770,0,0
C039001,4381375,52576500,2095827,25149924,77476741,51757257,39450071,310595,795,0,0
C039002,3778960,45347520,2647637,31771644,288442217,29975996,28381510,338794,776,0,0
C039003,4838901,58066812,4328616,51943392,812935368,46393061,20752941,262624,709,0,1
C039004,4263200,51158400,3223304,38679648,583119260,85950031,70854222,682416,660,1,0
C039005,3982461,47789532,3016007,36192084,239066550,36373972,24458566,319156,763,1,0
C039006,4688958,56267496,2169508,26034096,155476224,48280018,27473265,93779,805,0,0
C039007,4197308,50367696,1343014,16116168,238499217,47009435,33042365,586332,837,0,0
C039008,2599076,31188912,1549499,18593988,38759973,68473761,57892884,362906,791,0,1
C039009,2954245,35450940,1736367,20836404,145579998,66667438,56075455,432345,764,1,0
C039010,3237662,38851944,1784914,21418968,178133410,37505414,37364079,214130,790,0,0
C039011,2392197,28706364,1190671,14288052,142039178,34538360,23388998,258980,834,0,0
C039012,4939660,59275920,3054525,36654300,101140739,120327319,120033488,1260807,617,1,1
C039013,1800000,21600000,1008552,12102624,47818622,61619259,52972682,420531,810,0,0
C039014,3508359,42100308,1565669,18788028,166571558,20698190,12506550,236094,733,0,0
C039015,4338506,52062072,2467212,29606544,259322586,13486201,13486201,497479,812,0,0
C039016,3833917,46007004,2876469,34517628,270184753,79701444,72040873,705887,819,0,0
C039017,5071754,60861048,2566188,30794256,198776134,50187082,18059071,457089,856,0,0
C039018,6443325,77319900,3073606,36883272,897486435,67830588,58877562,904156,807,0,0
C039019,7312595,87751140,3238982,38867784,216958727,53260960,35622251,256976,750,0,0
C039020,9636848,115642176,7742493,92909916,376217982,248649598,248649598,1988017,732,0,0
C039021,3754480,45053760,1632805,19593660,172493419,24808196,24808196,142692,748,0,0
C039022,3473221,41678652,1821737,21860844,555479564,33880331,31468837,286288,761,0,0
C039023,3891415,46696980,2402769,28833228,122546090,23437444,15316767,170910,753,0,0
C039024,1800000,21600000,1150654,13807848,38524652,29751118,27712051,221098,850,0,0
C039025,4241288,50895456,1675515,20106180,418596027,41130772,32649817,521237,840,0,0
C039026,2008006,24096072,1171907,14062884,163756070,34137898,31029356,358251,622,1,1
C039027,3640706,43688472,2621536,31458432,94292221,45965553,28114991,378714,815,0,0
C039028,5574440,66893280,3658367,43900404,165764108,139829507,90376432,840694,693,0,0
C039029,4401532,52818384,2122760,25473120,162617291,107360249,71983535,687544,708,0,0
C039030,6686163,80233956,4309160,51709920,282699014,259280155,240729763,1669383,662,0,0
C039031,3981587,47779044,2608249,31298988,64317131,58010160,42676756,250209,699,1,1
C039032,4489274,53871288,2906252,34875024,754198032,43452188,28647017,278998,768,0,0
C039033,2901923,34823076,1851493,22217916,207212908,31691176,14544269,136209,732,0,0
C039034,2217264,26607168,1234391,14812692,210212855,56185198,56185198,397071,743,0,0
C039035,3545996,42551952,1770568,21246816,35526161,84964261,74803976,662969,887,0,0
C039036,6156858,73882296,4102297,49227564,151099076,138739275,138739275,724984,845,0,1
C039037,4238020,50856240,2800023,33600276,40243487,99271762,70687947,626121,669,2,0
C039038,2894738,34736856,1658581,19902972,113660883,48438014,40285108,462981,766,0,0
C039039,2796503,33558036,1704985,20459820,52734681,23450270,17705740,214038,763,0,0
C039040,1845980,22151760,850678,10208136,36264810,9007634,9007634,150641,846,0,0
C039041,1800000,21600000,1202503,14430036,64026714,38348708,37661789,283326,839,0,0
C039042,7301002,87612024,4799571,57594852,293284219,198153640,176095784,1716922,678,0,0
C039043,2842414,34108968,1855640,22267680,185863698,28695495,15810505,274982,812,0,0
C039044,8201347,98416164,4158708,49904496,289065254,39285804,29584812,164027,791,0,0
C039045,2648731,31784772,2119129,25429548,194469307,30197262,17905927,170671,725,0,0
C039046,5693139,68317668,3284962,39419544,260689526,76832517,76832517,433480,861,0,0
C039047,3204280,38451360,1817210,21806520,359402337,34369855,23133849,229825,793,0,0
C039048,2870167,34442004,1394679,16736148,27901988,11539105,10407939,273792,789,0,0
C039049,3515579,42186948,2555336,30664032,135063127,25253190,4054724,176455,789,0,0
C039050,2906177,34874124,1976107,23713284,261770327,24617528,24617528,317426,810,0,0
C039051,2928221,35138652,1596423,19157076,115054447,46518823,36685324,435726,723,0,0
C039052,4116769,49401228,3231939,38783268,71973407,62350179,43006977,296081,698,0,0
C039053,4981515,59778180,3922876,47074512,239539473,97599154,70954567,659212,753,0,0
C039054,5845293,70143516,3174830,38097960,424930436,88762636,74221357,662498,833,0,0
C039055,4863657,58363884,1740889,20890668,46888956,40053325,40053325,151180,844,0,0
C039056,6604415,79252980,3097621,37171452,228007028,34676911,20019420,684113,759,0,0
C039057,5475984,65711808,2856838,34282056,122209787,39071028,39071028,168229,763,0,0
C039058,4759193,57110316,2874892,34498704,145145202,71224940,71224940,566337,684,2,1
C039059,3630897,43570764,2002779,24033348,224778527,31793238,12108913,292374,767,0,1
C039060,3615424,43385088,1553713,18644556,204847968,20961957,13915957,159410,731,0,0
C039061,2323807,27885684,1142840,13714080,26852798,27951465,27174421,255082,810,0,0
C039062,5864775,70377300,2832671,33992052,147300868,34606289,33532373,850532,784,0,0
C039063,4422832,53073984,1882411,22588932,92253410,21293336,19004017,106386,814,0,0
C039064,6049672,72596064,3830176,45962112,183723234,108910705,77700159,832086,703,1,1
C039065,4614480,55373760,1998342,23980104,473876287,95369121,67282454,341253,789,0,0
C039066,3330392,39964704,2283927,27407124,178940083,22713090,17673531,105458,708,0,0
C039067,6415008,76980096,3312296,39747552,389929100,135000633,103612854,1468506,690,1,0
C039068,3100255,37203060,2609351,31312212,110580824,64032747,35042878,562808,689,0,0
C039069,4047088,48565056,2247607,26971284,543094972,26848785,11801313,80942,821,0,0
C039070,4525664,54307968,1946567,23358804,156046484,38983123,22682445,90513,816,0,0
C039071,2813478,33761736,1991731,23900772,221423497,50718701,32486134,205582,714,1,0
C039072,7364422,88373064,4869421,58433052,850684400,65810546,46365622,577902,739,0,0
C039073,3013012,36156144,1743236,20918832,117901861,48108083,36913071,209045,704,0,1
C039074,2833035,33996420,2035235,24422820,129668516,63362187,62339171,521877,733,0,0
C039075,2876064,34512768,764580,9174960,117729986,113158942,103569837,775572,824,0,0
C039076,2423452,29081424,1456565,17478780,145082103,16327737,14857049,324493,745,1,0
C039077,4974982,59699784,4102243,49226916,377761561,30422011,30422011,189288,869,0,0
C039078,3520228,42242736,2870485,34445820,217068598,61379057,60417784,471735,796,0,0
C039079,3371202,40454424,1391082,16692984,178741331,70134959,51254791,411523,706,0,1
C039080,2977242,35726904,2117949,25415388,132526023,64684683,53216609,673878,675,0,0
C039081,5431278,65175336,2732312,32787744,912454704,165385272,134117376,605515,808,0,0
C039082,3002725,36032700,2174124,26089488,68737783,33147654,26123927,179506,863,0,0
C039083,9068525,108822300,5008321,60099852,113987054,160965881,114044472,1385612,702,0,1
C039084,2283207,27398484,1797809,21573708,255873157,32725782,24912966,304874,711,0,0
C039085,2899033,34788396,1796888,21562656,155694523,19655187,19655187,225623,754,0,0
C039086,6234491,74813892,3665298,43983576,81167988,18085130,18085130,298646,756,0,0
C039087,2674121,32089452,1627867,19534404,49713272,69060998,40659530,401109,705,0,0
C039088,3158954,37907448,1480302,17763624,104675163,36255780,29508958,367751,803,0,0
C039089,3634060,43608720,1733818,20805816,107965530,82809034,66744363,527564,794,0,0
C039090,5220707,62648484,3218864,38626368,135173598,40721868,11304410,104414,833,0,0
C039091,3453339,41440068,1727088,20725056,102479804,47581081,36109853,280815,761,0,0
C039092,4422979,53075748,3138380,37660560,160535861,24324972,18907396,379033,704,1,0
C039093,7278999,87347988,3705415,44464980,119533239,72268001,38620756,723371,793,0,0
C039094,5134741,61616892,3974525,47694300,73063832,113162719,99721909,647417,704,0,0
C039095,3822480,45869760,2081012,24972144,126044186,48473584,20673112,307770,743,0,0
C039096,3489944,41879328,1783013,21396156,56496816,31553587,25506762,292756,864,0,0
C039097,4638005,55656060,3035491,36425892,110626791,19810592,19810592,515849,811,0,1
C039098,6087395,73048740,4458664,53503968,733319649,38452353,19517267,121748,799,0,0
C039099,1800000,21600000,673687,8084244,302400000,17275167,12074686,136192,918,0,0
C039100,3198216,38378592,2600101,31201212,90278184,9258325,9258325,362621,817,0,0
C039101,3170190,38042280,2224145,26689740,344418434,17847148,7701943,253420,792,0,0
C039102,5020595,60247140,2691460,32297520,298087656,132646728,93549339,313629,663,0,0
C039103,3480899,41770788,1533233,18398796,94204650,41789703,20743148,311282,807,0,0
C039104,3171254,38055048,1473402,17680824,79043202,24820000,12231814,63425,835,0,0
C039105,7178350,86140200,5114519,61374228,240923760,142031308,112681972,1677411,728,0,0
C039106,4185177,50222124,2235615,26827380,26837716,76447834,76447834,628580,709,0,0
C039107,4328555,51942660,2263104,27157248,360584957,62074445,55905840,991389,751,0,0
C039108,4102183,49226196,2186450,26237400,138266641,37154900,28615035,468639,755,0,0
C039109,5934328,71211936,3492078,41904936,138764864,77810419,27365808,236595,817,0,0
C039110,1871393,22456716,636224,7634688,30037478,32320279,23421161,157842,816,0,0
C039111,6479540,77754480,3465200,41582400,563857421,103296297,50075316,771943,782,0,0
C039112,4493947,53927364,2627647,31531764,134817368,34706688,31840013,667609,831,0,0
C039113,3746889,44962668,3334481,40013772,581180292,111038278,98492758,804864,676,2,0
C039114,2267924,27215088,1742262,20907144,23110501,32061304,18590883,284106,756,1,0
C039115,7872353,94468236,3589474,43073688,580520062,52173042,40472420,244574,831,0,0
C039116,5129425,61553100,3982975,47795700,382357700,71918225,52601246,403072,754,0,0
C039117,2396594,28759128,1035826,12429912,154351954,39257896,29005361,282447,712,0,1
C039118,5660413,67924956,2661054,31932648,144605813,51128498,27597107,481927,804,0,0
C039119,6422476,77069712,3643733,43724796,350826714,100897274,84117448,818917,754,0,0
C039120,4214235,50570820,2639313,31671756,212699909,66039517,44355957,438275,841,0,0
C039121,2161637,25939644,979394,11752728,363155016,33814091,33814091,320061,866,1,0
C039122,8240545,98886540,3453430,41441160,379691175,59162614,59162614,959163,858,0,0
C039123,3653862,43846344,1888275,22659300,75977194,16216340,10522979,73077,825,0,0
C039124,6993007,83916084,3607404,43288848,185394157,46339158,46339158,859902,847,0,0
C039125,4606373,55276476,2400319,28803828,123566479,40704563,40704563,612869,857,0,0
C039126,2936916,35242992,1876209,22514508,470203121,32177145,26689177,309178,787,0,0
C039127,2293843,27526116,2259014,27108168,131431096,26099492,12213104,221465,640,1,1
C039128,4360257,52323084,3592680,43112160,158441903,53289591,53289591,674651,705,1,0
C039129,4840748,58088976,3372314,40467768,280237120,79870177,52819483,459178,771,1,0
C039130,2890343,34684116,1701952,20423424,72860473,10478181,8842208,57807,807,0,1
C039131,2397317,28767804,1293202,15518424,319669633,24655531,24655531,253984,706,0,0
C039132,4931893,59182716,2725881,32710572,249448563,37717403,12232928,233051,822,0,0
C039133,3533228,42398736,2247365,26968380,593582304,50679364,37787413,527596,777,0,0
C039134,2112452,25349424,1707836,20494032,85765637,27660309,15922095,306933,758,1,1
C039135,2523524,30282288,1559414,18712968,54735403,36218515,31319986,436373,784,0,0
C039136,2490468,29885616,2039173,24470076,133320064,25631247,22128774,262132,778,0,0
C039137,3004142,36049704,2178691,26144292,27703576,42672339,16979894,60083,653,0,0
C039138,2437157,29245884,1311739,15740868,56965961,35312407,31650528,215356,806,0,0
C039139,4762303,57147636,2196126,26353512,198309246,74792209,44279121,518635,763,0,0
C039140,2329179,27950148,1328243,15938916,102967910,10855938,7389472,79331,850,0,0
C039141,8097287,97167444,5481469,65777628,1108093270,72725238,60174577,736286,752,0,0
C039142,4162305,49947660,2163667,25964004,193392046,72339578,47351466,381480,844,0,0
C039143,8685613,104227356,2696356,32356272,668568088,131691138,131691138,1957651,779,0,0
C039144,2602380,31228560,1483501,17802012,60777836,76515373,75695129,566693,832,0,0
C039145,6529692,78356304,5712183,68546196,97873299,29864002,29498893,375292,731,0,0
C039146,7799543,93594516,4381443,52577316,411644872,106375960,87960768,1071013,891,0,0
C039147,2245043,26940516,1434502,17214024,106732507,20764816,8142773,232231,761,0,0
C039148,6864831,82377972,5298978,63587736,261781517,50443248,28382332,309269,786,0,0
C039149,5467497,65609964,3234898,38818776,510723539,123597191,103187732,791081,736,0,0
C039150,2759151,33109812,705348,8464176,72235285,24137269,24137269,110000,796,0,0
C039151,4903753,58845036,3167474,38009688,153253331,57021836,40580151,331572,834,0,0
C039152,3379176,40550112,1143396,13720752,53391792,26727309,14823672,181658,839,0,0
C039153,2871786,34461432,1122820,13473840,156660131,32014240,28872892,182880,935,0,0
C039154,4739585,56875020,2438615,29263380,37389402,128289677,122592145,701224,756,0,0
C039155,4394195,52730340,3215207,38582484,718168661,50878117,34576841,843774,649,0,0
C039156,1896580,22758960,1129812,13557744,37030069,29177301,16110671,79695,789,0,0
C039157,4930777,59169324,2549015,30588180,807080885,52252431,40872539,98616,802,0,0
C039158,9951037,119412444,6913558,82962696,392132417,180324954,80021260,1223136,666,0,0
C039159,4991110,59893320,2050527,24606324,70454117,27788574,27642908,421352,793,0,0
C039160,9582692,114992304,2822797,33873564,352129593,79717929,60844683,757028,898,0,0
C039161,3623606,43483272,2287397,27448764,224486442,50564510,38411699,449503,769,0,0
C039162,6981867,83782404,3591696,43100352,164914135,91204793,87785304,698869,843,0,0
C039163,3108409,37300908,2548035,30576420,150397451,47105764,42120822,493308,684,0,1
C039164,2278894,27346728,1275656,15307872,182461583,23506028,8277349,132317,734,0,0
C039165,3799249,45590988,2334556,28014672,92738816,20423616,20423616,338446,793,0,0
C039166,4807838,57694056,2037816,24453792,249369480,41293006,37072537,548985,811,0,0
C039167,3644654,43735848,2019336,24232032,208436789,26622579,19155520,309252,848,0,0
C039168,3211859,38542308,1566837,18802044,64875534,57277256,53961851,621400,770,0,1
C039169,4051807,48621684,2456642,29479704,362719675,102804965,76509818,579748,726,1,0
C039170,6838823,82065876,3388505,40662060,434533537,61207080,12399215,253282,682,0,0
C039171,1800000,21600000,737440,8849280,24377197,6484757,6484757,114165,773,0,0
C039172,4027861,48334332,3107245,37286940,333025433,52381809,32848865,373563,713,0,0
C039173,4708782,56505384,2939913,35278956,165180244,84027848,84027848,858121,740,0,0
C039174,2759581,33114972,1370870,16450440,52894324,100831447,93738616,433595,736,1,1
C039175,6376808,76521696,3828429,45941148,1071303744,155021363,98837385,879662,754,0,0
C039176,9194967,110339604,6949879,83398548,495828198,124148824,124148824,960468,665,2,0
C039177,2444171,29330052,1135131,13621572,410620728,25790940,15840168,266139,744,0,0
C039178,4791180,57494160,2123500,25482000,133137020,109784876,102564178,1074583,748,0,1
C039179,5100726,61208712,2611244,31334928,192241544,25439110,23062670,102015,791,0,0
C039180,4865698,58388376,1216425,14597100,153144234,61048281,52123300,118906,830,0,0
C039181,2554479,30653748,1659121,19909452,228529002,85920063,79613883,686411,682,2,0
C039182,2951710,35420520,1404086,16849032,130815377,48669433,35957034,453561,700,2,0
C039183,3526959,42323508,2092294,25107528,223627204,87745083,77011625,535479,754,0,0
C039184,3166364,37996368,1357457,16289484,115325325,65193999,55104818,464303,770,0,0
C039185,4164863,49978356,2487277,29847324,202981973,26677723,26140060,500232,861,0,0
C039186,3740305,44883660,2138212,25658544,49066894,63159924,52931788,470825,806,0,0
C039187,5111049,61332588,3296040,39552480,858656232,47915831,35458427,129968,824,0,0
C039188,3264188,39170256,1882049,22584588,51473622,26655320,16242340,157971,777,0,0
C039189,2248080,26976960,928865,11146380,165922455,15995246,15995246,62703,793,0,0
C039190,3581657,42979884,2121548,25458576,601718376,68328966,56255218,560634,778,0,0
C039191,1800000,21600000,619892,7438704,302400000,49766119,49766119,438209,815,0,0
C039192,2411792,28941504,925221,11102652,72649045,30689450,15306323,333928,663,0,1
C039193,3534696,42416352,1889618,22675416,54091941,99545374,76005698,575513,696,0,0
C039194,3780082,45360984,1973589,23683068,635053776,30491408,20184272,272286,841,0,0
C039195,9058785,108705420,8241166,98893992,67861060,53847246,53847246,293693,726,0,0
C039196,4272711,51272532,2642539,31710468,213836590,58745861,25595910,480184,733,0,0
C039197,4922274,59067288,3137764,37653168,309481469,84744121,48883911,319153,735,0,0
C039198,5146272,61755264,2291746,27500952,671737262,103588166,103588166,1000891,835,0,0
C039199,3127079,37524948,1818516,21822192,36465091,20482832,20482832,287580,808,0,0
C039200,8730282,104763384,5216687,62600244,214379070,163981033,159249951,1708922,803,0,0
C039201,9387928,112655136,6169973,74039676,501987653,75938305,73169829,1128138,703,0,0
C039202,6833089,81997068,3845157,46141884,523279226,80351392,41079619,877715,871,0,0
C039203,5357708,64292496,4013263,48159156,202328362,86429632,39477691,180879,813,0,0
C039204,1800000,21600000,1448636,17383632,41936458,25528383,18626693,164921,714,0,0
C039205,2496872,29962464,1640853,19690236,51118932,31737441,25227955,202950,779,0,0
C039206,5394042,64728504,3574798,42897576,55511844,81359409,56893374,574188,727,0,0
C039207,5225682,62708184,3864352,46372224,569535810,59180099,34962986,405924,752,1,0
C039208,4113810,49365720,3279401,39352812,288484560,41153544,22261990,305114,634,3,1
C039209,5621211,67454532,3952393,47428716,170711297,251432093,222995117,1679402,668,2,1
C039210,4759961,57119532,3011469,36137628,70704102,53942845,21722053,122765,807,0,0
C039211,5781675,69380100,2832393,33988716,187843748,49589723,37897743,663201,720,1,0
C039212,2448781,29385372,1639715,19676580,182081615,24475624,24475624,309724,787,0,0
C039213,2444266,29331192,1610204,19322448,132438766,30645688,30166556,296937,753,0,0
C039214,2640446,31685352,1565945,18791340,49729742,57066873,48689054,465984,838,0,0
C039215,2838902,34066824,912014,10944168,131748570,11952208,11952208,211644,825,0,0
C039216,2107818,25293816,1094260,13131120,56347256,21061699,9644503,139662,746,0,0
C039217,7023515,84282180,2819238,33830856,531389656,58219564,58219564,834619,780,0,0
C039218,5282561,63390732,2884219,34610628,61803275,63511419,61831875,520461,782,0,0
C039219,3109933,37319196,2402968,28835616,109881961,23677095,21329150,437922,748,1,1
C039220,2864794,34377528,1696226,20354712,98064589,17725312,9812791,257331,806,0,0
C039221,2612347,31348164,1822858,21874296,61418975,23338858,11450588,176279,789,0,0
C039222,3773105,45277260,1858180,22298160,80900099,146808974,146808974,1096774,773,0,1
C039223,7120768,85449216,4862004,58344048,594148346,39610510,39610510,237190,827,0,0
C039224,8070565,96846780,4715992,56591904,312286928,57848752,57848752,653339,804,0,0
C039225,1904893,22858716,1513147,18157764,109829067,37494182,35927138,381770,836,0,0
C039226,3513772,42165264,1322110,15865320,116802624,71502553,51201065,390187,744,1,0
C039227,3049443,36593316,1868708,22424496,83566394,39637581,28561113,442688,653,0,1
C039228,3465720,41588640,1801322,21615864,263257665,51385698,51385698,386492,790,0,0
C039229,5142684,61712208,2963368,35560416,101652208,29327635,21664323,102854,889,0,0
C039230,2917271,35007252,1905576,22866912,106521324,42113247,42113247,269007,761,0,0
C039231,6404113,76849356,3443364,41320368,435474423,83202929,69185867,520820,841,0,0
C039232,5284342,63412104,4290451,51485412,133119925,61994230,49634195,122123,794,0,0
C039233,3162284,37947408,1365924,16391088,288889497,34443947,34443947,260613,798,0,1
C039234,3741941,44903292,1902654,22831848,104764744,70496034,39461016,193244,895,0,0
C039235,1800000,21600000,781038,9372456,219734016,11841830,8241041,119536,861,0,0
C039236,6395955,76751460,3304977,39659724,133879560,130221747,117105699,1200264,777,0,0
C039237,2115016,25380192,1341910,16102920,63822558,20000822,13362929,273419,820,0,0
C039238,3349550,40194600,2133686,25604232,315154769,58684884,40266350,401972,741,0,0
C039239,12000000,144000000,7335421,88025052,1591154595,199675959,161109952,924980,660,0,0
C039240,4484087,53809044,1818793,21825516,162519811,39153434,22709505,89682,814,0,0
C039241,3413493,40961916,2146653,25759836,314941901,87568575,75305791,724892,677,0,0
C039242,6859681,82316172,3672185,44066220,209047253,31289870,31289870,333647,820,0,0
C039243,2251458,27017496,1327265,15927180,30240750,52058768,37631192,332533,818,0,0
C039244,3219002,38628024,2271139,27253668,540792336,43874512,23809112,216829,696,0,0
C039245,3866462,46397544,2441835,29302020,121119458,20435750,20435750,279587,756,0,0
C039246,5296930,63563160,2680819,32169828,154534037,66382298,66382298,412722,862,0,0
C039247,3723601,44683212,3222910,38674920,401215677,67994728,36641256,258267,765,0,0
C039248,4457470,53489640,2589978,31079736,208206122,75584009,75584009,640574,844,0,0
C039249,6093648,73123776,3502201,42026412,206232287,121982577,94580129,827449,783,0,0
C039250,3491166,41893992,2039714,24476568,47380937,50857235,50857235,303532,718,0,1
C039251,6216327,74595924,2542246,30506952,288031345,30848194,17345164,449726,922,0,0
C039252,5581633,66979596,4963521,59562252,168794599,254825868,231933592,1466586,788,0,0
C039253,6188376,74260512,5038655,60463860,74946557,30344941,30344941,258535,710,0,1
C039254,2221785,26661420,1345301,16143612,54367486,9683412,8925817,108628,725,0,0
C039255,5673125,68077500,3132317,37587804,74828145,38405572,38405572,192993,721,0,0
C039256,2975608,35707296,2363404,28360848,215953340,34327356,26514139,332344,635,0,1
C039257,4724355,56692260,3563830,42765960,284611130,63347262,63347262,912946,621,0,0
C039258,3137184,37646208,1792368,21508416,81036844,23045141,20028822,314377,827,0,0
C039259,4221295,50655540,2026612,24319344,506924241,44235462,24709978,106819,910,0,1
C039260,4027782,48333384,1859564,22314768,171754416,29806656,27626407,269898,840,0,0
C039261,5483246,65798952,3174491,38093892,354369858,60323038,60323038,716045,767,0,0
C039262,1946909,23362908,751420,9017040,26543271,23549300,23449143,213061,788,0,0
C039263,2951461,35417532,1657442,19889304,100777681,54575049,28592297,339085,800,0,0
C039264,3176647,38119764,2094251,25131012,187346021,25390146,15834904,273059,728,1,0
C039265,5725596,68707152,4194773,50337276,262469170,34331127,34331127,355118,842,0,0
C039266,3621907,43462884,2024836,24298032,120910409,101757475,89088080,737017,775,0,0
C039267,3696412,44356944,2329981,27959772,67165199,26792914,25640351,456455,856,0,0
C039268,3036599,36439188,1058165,12697980,156400334,28175285,28085115,297434,823,0,0
C039269,6215725,74588700,1865783,22389396,183598918,120201805,83340831,743340,806,0,0
C039270,4659085,55909020,3327796,39933552,267991810,106590290,82232321,515975,832,0,0
C039271,3458163,41497956,2423853,29086236,100507859,81018778,77071044,588133,736,1,0
C039272,7746581,92958972,4338510,52062120,130575623,173536049,167680555,1467973,824,0,0
C039273,3644028,43728336,1530613,18367356,211768691,58700573,52066740,463942,755,0,0
C039274,6291395,75496740,3704554,44454648,314746153,228181455,202089718,1208258,764,1,0
C039275,2278346,27340152,1186638,14239656,67042865,50354699,46095250,338995,761,0,0
C039276,4485048,53820576,2717478,32609736,150347051,54117341,23750113,276517,929,0,0
C039277,2467057,29604684,1240541,14886492,85445724,28744839,16478904,59067,831,0,0
C039278,7485418,89825016,5732072,68784864,710419974,243171602,198465721,1866739,638,1,1
C039279,4096007,49152084,2376276,28515312,365678140,43640806,19189341,457384,758,0,0
C039280,7238767,86865204,3322835,39874020,91184099,118576510,118576510,1300478,719,0,0
C039281,4005655,48067860,1393646,16723752,71601696,83465382,63937724,381265,772,0,0
C039282,3983946,47807352,2300210,27602520,154683842,88436490,81634663,631686,845,0,0
C039283,3983546,47802552,2725071,32700852,353249556,43665848,37075540,381500,651,0,0
C039284,5800215,69602580,3541468,42497616,302759639,75727194,44161573,601716,853,0,0
C039285,5992819,71913828,4739148,56869776,387469744,342169102,323612226,2079082,653,0,1
C039286,3446668,41360016,2061295,24735540,193998695,48081487,40194536,426390,757,1,0
C039287,2809339,33712068,2094028,25128336,62731038,31610601,25522068,267431,761,1,0
C039288,2155376,25864512,1257424,15089088,140375119,32579413,22017944,122967,810,0,0
C039289,6836364,82036368,4095317,49143804,398940277,64222983,64222983,184959,791,0,0
C039290,3389667,40676004,1252536,15030432,50443328,42697014,14401341,499987,790,0,0
C039291,2372933,28475196,964495,11573940,16031367,11242185,8746131,115667,778,0,0
C039292,2515097,30181164,1485286,17823432,82943042,30428919,30428919,311980,721,0,0
C039293,4396643,52759716,3790581,45486972,137931975,59403340,55730087,475209,777,0,0
C039294,4853394,58240728,3482319,41787828,83504051,21344271,21344271,532948,737,0,0
C039295,3696399,44356788,1843821,22125852,141808763,58910138,44069833,579408,798,0,0
C039296,3685552,44226624,1961235,23534820,147600621,60139123,29509406,424846,744,0,0
C039297,5150690,61808280,2710008,32520096,217175761,125119378,81253615,875446,744,0,0
C039298,3840391,46084692,1885747,22628964,56583581,29414213,29414213,386272,759,0,0
C039299,5444596,65335152,4334871,52018452,247523115,34900055,34900055,792430,638,0,0
C039300,5392140,64705680,4124886,49498632,212908641,56552587,46967961,759295,628,0,0
C039301,3013746,36164952,1346488,16157856,83858094,49455795,35556137,167263,763,0,0
C039302,7775538,93306456,4740574,56886888,249441794,197326836,164349875,1177375,701,0,0
C039303,3476479,41717748,1829623,21955476,176839336,32470910,19628103,69530,846,0,0
C039304,6192292,74307504,3437204,41246448,147226046,198883039,167298985,1300750,736,0,1
C039305,5337882,64054584,2517883,30214596,217360403,41292294,28985385,365418,677,0,0
C039306,3700313,44403756,1846977,22163724,95115182,50631035,32905438,154332,857,0,0
C039307,4204971,50459652,1051243,12614916,219893128,28307133,18268095,104261,829,0,0
C039308,7277568,87330816,4567982,54815784,716723713,42343907,25645429,171240,788,0,0
C039309,3677533,44130396,2746954,32963448,248391687,58638134,36234944,422165,637,2,0
C039310,4439190,53270280,1844405,22132860,532969561,108443354,107712596,836182,676,1,0
C039311,2928453,35141436,2083813,25005756,75847186,41078244,23737755,356348,688,0,0
C039312,3370103,40441236,2125444,25505328,161720292,92789373,87549519,681902,774,1,0
C039313,2709414,32512968,1808918,21707016,74960096,54496708,50777444,480729,932,0,0
C039314,5469264,65631168,3589065,43068780,144996818,60403647,43621820,425474,851,0,0
C039315,3241517,38898204,1912368,22948416,35028201,18402844,5689549,114675,749,1,0
C039316,5702523,68430276,4655715,55868580,247322948,66598409,27650656,120999,866,0,0
C039317,2848898,34186776,1930902,23170824,182528644,37995857,29556561,264481,751,0,1
C039318,2517748,30212976,1185722,14228664,31184657,16562782,15699678,277041,806,0,0
C039319,2758430,33101160,2075753,24909036,160681206,31456567,24332143,85389,875,0,0
C039320,4141631,49699572,2406661,28879932,247993875,107720770,92221576,450765,781,0,0
C039321,1800000,21600000,1133854,13606248,92357190,25433171,16091045,143912,797,0,0
C039322,4729110,56749320,2379136,28549632,58593092,36564533,22368631,551784,724,1,0
C039323,4031951,48383412,2689212,32270544,147773431,156668215,147657755,1154542,616,1,0
C039324,3881645,46579740,2055819,24669828,343011106,47860920,37375951,397573,802,0,0
C039325,9184425,110213100,6718178,80618136,129418460,72337860,48321157,1104238,721,0,0
C039326,2750386,33004632,1931120,23173440,75876943,29014525,17150633,155531,815,0,0
C039327,8366419,100397028,4493389,53920668,685914326,59827987,49279244,307418,813,0,0
C039328,2763322,33159864,1886812,22641744,68403379,29422370,20535344,264794,760,1,0
C039329,5213110,62557320,2776404,33316848,234802282,60897969,46860197,648986,790,0,0
C039330,3504528,42054336,2020049,24240588,132355580,77351315,64654158,579046,693,1,0
C039331,5773768,69285216,3878734,46544808,206171382,57276180,42250634,755895,856,1,0
C039332,5415663,64987956,3193198,38318376,409847823,51995160,51995160,601618,719,0,0
C039333,4007517,48090204,2704157,32449884,356733043,75013144,71858665,544994,825,0,0
C039334,4237114,50845368,3255049,39060588,307819150,36472834,36472834,278465,787,1,0
C039335,5124415,61492980,4458500,53502000,277693025,33210446,24166899,626020,763,0,0
C039336,6887709,82652508,3564054,42768648,133655207,63967932,63967932,630307,766,0,0
C039337,6979880,83758560,3999120,47989440,432806446,71403274,55894410,746728,804,0,0
C039338,3325052,39900624,3182497,38189964,89355308,35709718,21774844,340329,723,0,0
C039339,3750136,45001632,2652756,31833072,358984998,36262642,26869958,280501,797,0,0
C039340,2858340,34300080,1168363,14020356,59257622,82317925,61971410,470599,700,0,0
C039341,2062012,24744144,1151993,13823916,104299908,26678105,19175029,174882,823,0,0
C039342,5917289,71007468,2563014,30756168,157717076,119453791,82781565,810960,749,0,0
C039343,4736092,56833104,3436533,41238396,177449085,116584343,108546868,991532,756,0,0
C039344,4220963,50651556,2786929,33443148,394011917,59711967,33042755,212223,797,0,0
C039345,3991848,47902176,2729901,32758812,196338520,31839578,31839578,288654,819,0,0
C039346,3059279,36711348,1333527,16002324,106135530,47828636,40657403,428020,719,0,0
C039347,5555336,66664032,2751816,33021792,303576843,86988284,67057510,294100,752,0,0
C039348,3424406,41092872,2055035,24660420,215453057,23666370,10586334,118835,822,0,0
C039349,9573469,114881628,5817946,69815352,378805768,59700668,17119918,191469,796,0,0
C039350,4139526,49674312,2402812,28833744,112633859,59931840,32249043,336297,781,0,0
C039351,3833410,46000920,2431120,29173440,189230171,69368218,65985139,549742,810,0,0
C039352,5590801,67089612,2982349,35788188,363938746,20464028,20464028,126535,823,0,0
C039353,4073197,48878364,1963902,23566824,128704728,64654135,55417442,643777,661,0,0
C039354,3078600,36943200,1628348,19540176,286548467,23480647,9862801,197462,751,0,0
C039355,6373645,76483740,3779886,45358632,508501345,78584194,78584194,699261,739,0,0
C039356,6147717,73772604,6138015,73656180,120926288,99307736,93935860,1117099,705,0,1
C039357,6251182,75014184,4294028,51528336,195486270,169496528,158301267,1577559,815,0,0
C039358,3573855,42886260,1233307,14799684,107648034,28652007,20241865,184117,835,0,0
C039359,2195767,26349204,1023833,12285996,221252043,12178924,6081624,50000,844,0,0
C039360,3501959,42023508,2076731,24920772,46653853,41571040,34957953,581780,722,0,0
C039361,2240562,26886744,1206142,14473704,325830295,35116275,16335877,312015,825,0,0
C039362,6801918,81623016,5292131,63505572,156689176,115771035,54845640,501432,765,0,1
C039363,3155652,37867824,1949401,23392812,143487060,27659167,21583190,110329,761,0,0
C039364,9571560,114858720,3602669,43232028,143474872,58245326,57117604,850006,738,0,0
C039365,4001116,48013392,2347846,28174152,312206912,45156100,24535083,602473,779,0,0
C039366,4346893,52162716,2553534,30642408,193689581,50979961,25468469,658356,776,0,0
C039367,4196401,50356812,1964588,23575056,235148164,208704666,196055356,1647046,680,0,0
C039368,4879734,58556808,3590653,43087836,150759121,56540100,52569289,789690,691,0,0
C039369,5503061,66036732,2366490,28397880,107713396,55455154,23792415,495048,823,0,0
C039370,2836363,34036356,2015018,24180216,207340293,19701552,11224649,225916,733,0,0
C039371,3892573,46710876,1604041,19248492,160635981,56837232,56837232,431157,866,0,0
C039372,3024109,36289308,1790028,21480336,116994100,33214300,25396780,280338,798,0,1
C039373,4410501,52926012,2277832,27333984,489345770,53132938,44562454,232608,760,0,0
C039374,4925907,59110884,1231477,14777724,827552376,111829536,100042080,753237,723,0,0
C039375,1983951,23807412,1222298,14667576,56550445,39507190,39507190,340956,818,0,0
C039376,3936407,47236884,2268903,27226836,246705970,73097499,73097499,501284,816,0,0
C039377,1863796,22365552,1157093,13885116,18585113,25332173,16696500,215591,674,0,0
C039378,7182951,86195412,3300321,39603852,507971103,145985104,105719614,794506,830,0,0
C039379,4804582,57654984,2409165,28909980,239008848,81904886,74791435,575037,882,0,0
C039380,7140223,85682676,3933003,47196036,772959874,142476176,114650825,979510,748,0,0
C039381,4007532,48090384,3105632,37267584,318001459,45804210,34000800,471446,716,0,0
C039382,4649671,55796052,3365049,40380588,457977480,91872348,78750678,569856,860,0,0
C039383,6759089,81109068,2982410,35788920,254276970,31728196,25807741,223549,803,0,0
C039384,4298209,51578508,3055767,36669204,180698607,31057579,29181084,422556,747,0,0
C039385,7772086,93265032,3364397,40372764,527572424,89480175,47244643,155442,886,0,0
C039386,4981271,59775252,4095762,49149144,198295134,168093158,141309531,1395217,618,0,1
C039387,4717485,56609820,2221008,26652096,167343888,54164667,53297921,401918,817,0,0
C039388,5564341,66772092,4096200,49154400,92495064,74311885,55741636,557201,805,0,0
C039389,2195266,26343192,1585228,19022736,101901303,21868490,15032499,249085,730,1,1
C039390,4571027,54852324,2541226,30494712,521930156,54586408,37114359,560995,821,0,0
C039391,4857011,58284132,2981302,35775624,262942458,80271018,60672576,450886,759,0,0
C039392,3163257,37959084,2183959,26207508,109340092,50931772,25822027,148194,709,0,1
C039393,5763549,69162588,3436618,41239416,222322700,86521196,73415294,714708,769,0,0
C039394,7590664,91087968,4691013,56292156,448834299,137395466,133531236,1137500,851,0,0
C039395,5248765,62985180,2005060,24060720,76395686,19447176,19447176,366962,871,0,0
C039396,4736566,56838792,2638506,31662072,165871101,53506252,29570842,264426,950,0,0
C039397,4441428,53297136,2027762,24333144,112129022,85011619,85011619,576551,772,0,0
C039398,2511115,30133380,1422215,17066580,141723360,17455674,15937722,93697,740,0,0
C039399,8292826,99513912,4737193,56846316,592178864,110095685,85803494,857945,927,0,0
C039400,3963982,47567784,2615281,31383372,369089898,131223257,116072131,946688,769,0,0
C039401,5322700,63872400,2867780,34413360,142806819,20569615,20569615,106454,800,0,0
C039402,2154661,25855932,1260220,15122640,245402681,20315457,20315457,50000,848,0,0
C039403,2893805,34725660,1934221,23210652,188295954,76638509,67157790,519865,679,0,0
C039404,7641588,91699056,4487843,53854116,508280476,106868652,63625877,736061,698,0,0
C039405,3334128,40009536,1294531,15534372,32603642,41243143,32816260,606943,722,0,0
C039406,3877870,46534440,1769175,21230100,142998674,78978096,71656904,626499,806,0,0
C039407,4129542,49554504,3253822,39045864,174448350,96488431,74132421,602311,860,0,0
C039408,2338181,28058172,1186789,14241468,49639534,29260437,19528630,316307,818,0,0
C039409,6011297,72135564,3275884,39310608,53631081,138983992,122960691,773874,839,0,0
C039410,4956238,59474856,2127590,25531080,284689728,30213916,21661622,257409,875,0,0
C039411,9957903,119494836,4569173,54830076,159658451,41975809,41975809,456646,838,0,0
C039412,4581073,54972876,2210370,26524440,103998753,31996240,29622623,274256,785,0,0
C039413,3759554,45114648,2419400,29032800,307792806,49797580,30153362,128731,811,0,0
C039414,3898549,46782588,2479384,29752608,156379394,18452661,18452661,282138,743,0,0
C039415,3191352,38296224,1467332,17607984,51638158,44144140,35640029,464848,763,0,0
C039416,4925785,59109420,2146652,25759824,464589426,62139142,58315748,674663,841,0,0
C039417,6414406,76972872,3253797,39045564,292316853,112308140,104756424,1041305,889,0,0
C039418,6391928,76703136,5177869,62134428,553808540,78031499,58573991,753759,709,0,0
C039419,7115544,85386528,4177107,50125284,515342498,89688625,59436361,433510,800,0,0
C039420,2687707,32252484,1670049,20040588,97482596,7816866,7816866,175308,800,1,0
C039421,1800000,21600000,797186,9566232,95767771,78862258,77539068,617399,745,0,0
C039422,3060294,36723528,1949756,23397072,25139080,62995738,45502919,493368,777,0,0
C039423,4146211,49754532,3201791,38421492,438395243,44896336,35738009,233738,784,0,0
C039424,5851811,70221732,2850175,34202100,242858632,45337552,13767585,315053,805,0,0
C039425,4380376,52564512,2578885,30946620,209733626,97011318,78976299,710808,755,0,1
C039426,6562172,78746064,3658550,43902600,522675864,91189163,69624313,1037227,717,0,0
C039427,3006220,36074640,2283235,27398820,49259958,33580481,32361951,369068,853,0,0
C039428,3109724,37316688,1894558,22734696,47580411,4879736,4879736,62194,763,0,0
C039429,2062705,24752460,1427864,17134368,111534317,59857310,41939979,430606,733,2,0
C039430,6475610,77707320,3725256,44703072,299449677,243451376,220415229,1925821,732,0,0
C039431,3577205,42926460,2210462,26525544,143268716,75383243,53550516,372106,707,0,0
C039432,3944768,47337216,1592389,19108668,203004874,63052085,47860925,432779,748,0,0
C039433,4738478,56861736,2796614,33559368,121449771,73684994,57217074,712125,805,0,0
C039434,3592996,43115952,1936682,23240184,188063215,26841705,25817060,202882,789,0,1
C039435,2836770,34041240,1105043,13260516,207803701,41674756,30093469,211937,811,0,0
C039436,5314384,63772608,3908388,46900656,337309313,58669170,25377286,367297,748,0,0
C039437,4591780,55101360,2575557,30906684,583651080,31483793,29675439,286705,758,1,1
C039438,2152324,25827888,1200839,14410068,60074058,23773244,23773244,227202,781,0,0
C039439,6087027,73044324,3521790,42261480,451851383,61213425,29001909,484180,859,0,0
C039440,4338089,52057068,2219709,26636508,115158295,60693645,60693645,716418,778,0,0
C039441,5432701,65192412,3534511,42414132,257372745,45900042,24785865,463528,739,0,1
C039442,3948630,47383560,2039996,24479952,212869275,27938447,27938447,424199,874,0,0
C039443,2841983,34103796,2048729,24584748,46646088,30487511,28449217,346207,728,0,0
C039444,3007540,36090480,1837306,22047672,127861591,35875788,35875788,455593,856,0,0
C039445,4135618,49627416,2040997,24491964,238582326,23524844,10909543,82712,735,0,0
C039446,1916953,23003436,1206902,14482824,143269724,10426379,5975735,179299,813,0,0
C039447,9013712,108164544,5575940,66911280,539987033,89277562,47280722,339598,782,0,0
C039448,4479526,53754312,1722098,20665176,324359133,35736872,28000048,281742,824,0,0
C039449,3326775,39921300,2123347,25480164,62223223,35530998,14644926,66536,730,0,0
C039450,4602517,55230204,3352439,40229268,285083361,37596275,13531371,114029,780,0,0
C039451,4376504,52518048,2092989,25115868,331388967,57573901,49119831,228024,802,0,0
C039452,3545152,42541824,1678866,20146392,445265267,69966628,44261414,315546,794,0,0
C039453,8183597,98203164,3208888,38506656,371549212,47504424,47504424,644796,787,0,0
C039454,2671679,32060148,1865483,22385796,110005761,41583891,12961812,279794,673,0,0
C039455,4193107,50317284,2239330,26871960,90326100,35869307,25176962,370252,885,0,0
C039456,5095081,61140972,2496544,29958528,202365353,113524806,102058410,969541,781,0,0
C039457,2415044,28980528,1540977,18491724,186148250,41981687,28910893,227292,686,1,0
C039458,4091424,49097088,3030956,36371472,169165026,74676254,66264520,670356,624,3,1
C039459,3785054,45420648,1245706,14948472,90490091,31704873,12078064,439833,769,0,0
C039460,3298930,39587160,1513928,18167136,76021283,86224250,71475079,432032,697,0,0
C039461,6083795,73005540,3929200,47150400,216470237,103391931,86164952,682897,742,1,1
C039462,3563555,42762660,1508821,18105852,128544693,27824221,27510532,194914,754,0,0
C039463,4498259,53979108,2006141,24073692,169420000,42989767,32055467,271208,795,0,0
C039464,5801822,69621864,4004975,48059700,338287317,86289703,57752577,928276,789,0,0
C039465,4034517,48414204,2613438,31361256,267244156,37900368,30923664,247921,825,0,0
C039466,11862439,142349268,7685405,92224860,480355067,91001654,83768195,770595,774,1,0
C039467,2226444,26717328,1735535,20826420,97985741,24942835,18488464,174163,755,1,0
C039468,2079611,24955332,1582942,18995304,90431288,25998362,17208202,167384,788,0,0
C039469,5086969,61043628,3275414,39304968,356810666,84864194,71839367,664372,830,0,0
C039470,3581084,42973008,1897134,22765608,595878832,19938576,13505376,247214,872,0,0
C039471,7216725,86600700,2854442,34253304,179789338,15244730,15244730,160854,840,0,0
C039472,3204990,38459880,2523469,30281628,64217983,25568305,18054128,343042,851,0,0
C039473,4092601,49111212,3311917,39743004,307663441,58765870,36987722,464982,723,0,1
C039474,6468752,77625024,4566299,54795588,36252290,39493748,31088644,392769,775,0,0
C039475,3980868,47770416,2844016,34128192,104094383,36348540,12010374,344184,731,0,0
C039476,8426491,101117892,5673764,68085168,803230670,66206261,46847533,619527,797,0,0
C039477,8098979,97187748,3616272,43395264,1098919558,38186182,20392284,657340,824,0,0
C039478,5664419,67973028,2225072,26700864,98531529,44840102,31956119,404406,797,0,0
C039479,3000648,36007776,1529130,18349560,61401146,38140833,35607278,368080,742,0,0
C039480,3187051,38244612,2084569,25014828,109200169,39027005,33848623,362247,837,0,0
C039481,4905002,58860024,2927141,35125692,214862183,73362291,36956178,215410,785,0,0
C039482,3069594,36835128,1938729,23264748,175521470,57479612,40540656,423160,726,0,0
C039483,3036760,36441120,2703278,32439336,179280990,48065508,29033561,266916,750,0,0
C039484,5503690,66044280,4275403,51304836,91004295,32924987,24015460,393127,712,0,0
C039485,5428040,65136480,3156282,37875384,134452050,89856038,74553968,625567,752,0,0
C039486,2295193,27542316,1247013,14964156,273528911,29482574,23659536,218032,701,0,0
C039487,4359471,52313652,2060356,24724272,170037214,66487113,53334327,621712,737,0,0
C039488,7642961,91715532,5019258,60231096,622588915,133933061,84318527,596374,708,0,0
C039489,3140942,37691304,1808580,21702960,151680521,47155962,43444277,579333,713,0,0
C039490,4550339,54604068,3033022,36396264,231633077,65344274,63852895,716477,788,1,0
C039491,4910332,58923984,2309062,27708744,174831366,178896224,149017927,1085202,681,0,0
C039492,3345106,40141272,2230858,26770296,128049226,49035533,41373623,439792,643,1,1
C039493,4507935,54095220,3015291,36183492,138640615,105434025,82136919,896414,738,0,1
C039494,2773004,33276048,2413209,28958508,126831965,28647383,24045161,267007,723,0,0
C039495,5250816,63009792,3529260,42351120,415667739,30837011,30837011,133108,778,0,0
C039496,2994438,35933256,1812982,21755784,192548354,26594785,26263999,401525,754,0,0
C039497,9446996,113363952,7293537,87522444,275154112,103033252,71655778,613449,767,0,0
C039498,3782816,45393792,2467811,29613732,149297000,88281328,85586155,668531,820,0,0
C039499,2649867,31798404,1362496,16349952,265614185,93724904,83740725,681432,738,0,0
C039500,4859068,58308816,3595553,43146636,816323424,106964058,96650427,986459,771,0,0
C039501,7155330,85863960,3266208,39194496,821035238,194028749,188546707,1288924,735,0,0
C039502,4372045,52464540,2647897,31774764,85749440,39186354,39186354,161407,771,0,0
C039503,6275960,75311520,1568990,18827880,83541075,60905036,35828405,283359,831,0,0
C039504,1800000,21600000,1302965,15635580,49449663,20640717,14021670,120585,855,0,0
C039505,5997615,71971380,1730556,20766672,35346585,86315572,76451048,731476,835,0,0
C039506,3170289,38043468,1377190,16526280,137833192,33619744,18321544,179845,752,1,0
C039507,2074629,24895548,1125918,13511016,308409223,80048525,78731339,511183,732,0,1
C039508,6853776,82245312,4105362,49264344,234146002,81870761,54019379,557019,820,0,0
C039509,1800000,21600000,674693,8096316,74048155,23485610,17474457,155242,851,1,0
C039510,2780510,33366120,992602,11911224,73447462,46569466,33395180,381027,727,0,0
C039511,2669440,32033280,1887206,22646472,130482563,18017356,15261999,314505,701,0,0
C039512,5025293,60303516,3031411,36376932,167234848,71599629,32258065,297103,719,0,0
C039513,4903019,58836228,2008430,24101160,282082150,98410605,84462778,464961,771,0,0
C039514,7027081,84324972,3356175,40274100,267547473,225532785,198250891,2109546,731,0,0
C039515,2781682,33380184,1783930,21407160,112135833,65178223,65178223,302211,746,0,0
C039516,4699569,56394828,3695364,44344368,90791194,102311348,75976335,422666,707,0,0
C039517,5219303,62631636,2758108,33097296,195276066,89027167,57804032,544105,766,0,1
C039518,3429308,41151696,2365907,28390884,73487467,62120585,37426227,162640,778,0,0
C039519,5305940,63671280,3804112,45649344,147856447,86064027,63380970,580225,812,0,0
C039520,3842988,46115856,1595954,19151448,315681658,92733366,68816669,299387,737,0,0
C039521,5904042,70848504,2658497,31901964,348020020,172019743,140871405,1065530,752,0,0
C039522,3272722,39272664,1622390,19468680,103286021,17630877,16220182,240670,827,1,0
C039523,8687869,104254428,5441228,65294736,64891501,120138299,94719000,698190,816,0,0
C039524,3206461,38477532,1524374,18292488,192865317,43065199,28388707,302005,834,0,1
C039525,5618194,67418328,3075850,36910200,179545373,142951074,142390619,854582,714,0,0
C039526,5921609,71059308,5137479,61649748,545371387,117348578,94950218,992617,675,0,0
C039527,4440967,53291604,2454423,29453076,60836120,46653406,27644995,382073,819,0,0
C039528,3882626,46591512,1951319,23415828,112204681,70901749,53166349,369650,807,1,0
C039529,7713487,92561844,4882382,58588584,191979644,69511394,54702307,1213227,836,0,0
C039530,5652591,67831092,4890237,58682844,356890210,87469784,51607058,697629,783,0,0
C039531,7315032,87780384,5070594,60847128,219633684,171937403,135463584,1724218,702,2,0
C039532,3749981,44999772,1806349,21676188,41692682,160266266,149207359,886146,768,0,0
C039533,2575455,30905460,2238721,26864652,55181286,31031932,23055193,203025,648,1,0
C039534,5170081,62040972,3104644,37255728,868573608,198945002,188961624,1426413,697,0,0
C039535,5000627,60007524,2193321,26319852,102419367,64197214,53010612,623781,860,0,0
C039536,3627610,43531320,1993286,23919432,524560174,29460041,22604220,259401,680,0,0
C039537,4911708,58940496,3901140,46813680,301185379,39398451,37389952,375090,775,0,0
C039538,7062967,84755604,3367437,40409244,247745226,138501215,119123450,713490,833,0,0
C039539,1800000,21600000,999792,11997504,28857987,22113032,14816137,143172,773,0,1
C039540,2271123,27253476,1187229,14246748,381548664,31085834,26451491,348857,723,0,0
C039541,3965078,47580936,1572685,18872220,666133104,42489658,16231049,141809,814,0,0
C039542,3374806,40497672,1443091,17317092,119528875,78102197,74503503,656165,712,0,0
C039543,5791662,69499944,3716733,44600796,301904173,51179160,40012537,459181,832,0,0
C039544,2172316,26067792,1190023,14280276,61876866,8756234,7799980,154178,820,0,0
C039545,2006805,24081660,1209517,14514204,316465606,31256923,31256923,287869,772,0,0
C039546,4717523,56610276,3061251,36735012,193326121,48729521,24797786,359507,796,1,0
C039547,7651714,91820568,3333892,40006704,461401658,138484118,108895587,787098,815,0,0
C039548,3395511,40746132,2052045,24624540,90176175,51994713,46620726,596834,731,0,0
C039549,8663388,103960656,4338876,52066512,318547655,350187937,327142748,1932219,703,0,0
C039550,3071931,36863172,1202702,14432424,94865487,45518185,45518185,352343,850,0,0
C039551,3044895,36538740,1966585,23599020,295156738,30092685,19870526,273163,834,0,0
C039552,12000000,144000000,8645805,103749660,292596384,112854909,74224351,1301649,771,0,0
C039553,3675870,44110440,1996139,23953668,232463923,57518300,35112735,213768,848,0,0
C039554,3304311,39651732,2221723,26660676,79722223,17986371,15540044,127428,827,0,0
C039555,4106906,49282872,3151039,37812468,689960208,119969883,80518292,880282,732,0,1
C039556,4605344,55264128,2034990,24419880,228614030,47147678,33007034,92107,801,0,0
C039557,6837380,82048560,4069533,48834396,247892527,191893787,179976051,1411346,770,0,0
C039558,4032170,48386040,3200937,38411244,418869464,38091628,20020964,559646,701,0,0
C039559,1832296,21987552,737900,8854800,90436585,27180130,23501093,168314,794,0,0
C039560,3584336,43012032,2070112,24841344,122571170,43208696,38870879,260269,812,0,0
C039561,4297376,51568512,1379445,16553340,72238407,97073357,84169671,897483,881,0,0
C039562,1800000,21600000,568471,6821652,39988995,11722655,11722655,111406,806,0,0
C039563,3723759,44685108,1769159,21229908,204323573,41252957,41252957,560748,788,0,0
C039564,3278654,39343848,1882618,22591416,148669956,25023499,9339405,195678,746,0,0
C039565,3276953,39323436,1877424,22529088,198842287,41345883,33086951,285175,913,0,0
C039566,4093667,49124004,3199424,38393088,285337408,151742071,130075016,1203501,762,1,1
C039567,3166763,38001156,1715115,20581380,185600222,29720336,29720336,417118,732,0,0
C039568,4756118,57073416,3423090,41077080,203105408,109206210,106428820,1007110,779,0,0
C039569,2972621,35671452,1200481,14405772,440012648,52218487,51945316,498013,745,0,0
C039570,5347654,64171848,3138557,37662684,284863475,114726422,100780795,586646,786,0,0
C039571,3212673,38552076,1843229,22118748,74140474,35472771,20931328,70155,723,0,0
C039572,4457202,53486424,2614964,31379568,488944465,32896233,8725328,254883,907,0,0
C039573,4573986,54887832,2368017,28416204,116320852,40478118,22288727,385768,782,0,0
C039574,5190509,62286108,2673407,32080884,63118447,53327010,52119247,340158,848,0,0
C039575,3706817,44481804,2341551,28098612,221491307,87826463,64038001,311842,701,1,0
C039576,2439130,29269560,1552010,18624120,151249202,20057475,18469626,237790,762,0,0
C039577,3194319,38331828,2166296,25995552,358017705,32314636,32314636,291272,818,0,0
C039578,6949131,83389572,2962500,35550000,261992230,197571286,197571286,1000859,760,0,0
C039579,3218597,38623164,2529884,30358608,199451790,53626613,49295772,572017,824,1,0
C039580,5541125,66493500,1986313,23835756,360395802,37609400,37609400,541408,892,0,0
C039581,3479927,41759124,1557457,18689484,98398565,34024026,28527657,294158,785,0,0
C039582,3457764,41493168,1991004,23892048,139603926,38139620,38139620,265624,652,1,0
C039583,2815467,33785604,1662292,19947504,111466061,39335269,38520718,411474,749,0,0
C039584,3173708,38084496,2364147,28369764,63580733,65505220,48027629,473285,755,0,0
C039585,5639064,67668768,3706297,44475564,161237194,78929192,36009596,534701,752,0,0
C039586,3757799,45093588,1912550,22950600,44506569,107384588,93917413,784656,751,0,0
C039587,7731070,92772840,4714488,56573856,93364884,110219760,85464851,893491,755,2,0
C039588,3376458,40517496,1225598,14707176,211940058,34045125,31420530,238785,816,0,0
C039589,2857413,34288956,1902311,22827732,274882302,29510456,27142419,258512,853,0,0
C039590,2552392,30628704,2321753,27861036,119738637,30041309,26635933,348204,736,0,0
C039591,4007130,48085560,1773176,21278112,85955116,145903059,135917351,851489,755,0,0
C039592,4175039,50100468,3255888,39070656,82018998,118856070,101213475,816424,745,0,0
C039593,3852579,46230948,1473704,17684448,279577293,107775698,85342293,733518,765,0,0
C039594,2858609,34303308,1265241,15182892,139212709,18850937,18850937,63102,817,0,0
C039595,2822437,33869244,1671105,20053260,163423002,45297391,35457779,492786,766,0,0
C039596,4151201,49814412,2780231,33362772,279642183,23164530,23164530,482693,877,0,0
C039597,1800000,21600000,1205114,14461368,66751312,32982984,30336614,285044,759,0,0
C039598,3084788,37017456,1568826,18825912,56528124,33019823,23659149,380088,861,0,1
C039599,1800000,21600000,1182820,14193840,63609988,17219063,6650550,50000,843,0,0
C039600,6348387,76180644,2956182,35474184,587381949,43213075,32326157,429573,852,0,0
C039601,2551287,30615444,1162272,13947264,55509321,61798896,54129853,604700,855,0,0
C039602,5800156,69601872,3210738,38528856,114583318,39148639,39148639,249557,844,0,0
C039603,3129817,37557804,1786734,21440808,179143251,34929568,28462420,288423,754,0,0
C039604,3709360,44512320,2486601,29839212,381840664,60923457,47520095,458725,771,0,0
C039605,4188594,50263128,2397260,28767120,228466307,89506969,71918137,478076,760,0,0
C039606,3781706,45380472,2838391,34060692,163297388,34168649,34168649,572554,732,0,0
C039607,4548206,54578472,1783011,21396132,451519730,40836408,39438290,536013,745,0,0
C039608,4387123,52645476,2200313,26403756,402990177,76590674,53976761,467115,713,0,0
C039609,6168460,74021520,2780624,33367488,394791867,188115791,149419224,1294005,718,2,0
C039610,3305872,39670464,2488105,29857260,163656749,42117381,29663718,422823,766,0,1
C039611,2297603,27571236,1353650,16243800,54662712,21864696,13153358,147518,861,0,0
C039612,2347129,28165548,1403514,16842168,134773154,40552938,22404197,144212,739,0,0
C039613,3087466,37049592,2263698,27164376,94374790,75144900,46733882,405566,763,0,0
C039614,4515498,54185976,2155671,25868052,87078405,43312044,37570654,320189,824,0,0
C039615,5156560,61878720,3342810,40113720,866302080,17185111,17185111,103131,795,1,0
C039616,6386484,76637808,4058932,48707184,240110746,43265750,35576499,282664,658,0,0
C039617,4606563,55278756,1779918,21359016,423849678,45988681,35779250,209762,820,0,0
C039618,3570140,42841680,1929040,23148480,63513618,30543080,6556415,255509,735,0,0
C039619,3884419,46613028,1844365,22132380,30361380,21539290,21539290,390181,731,0,0
C039620,4739381,56872572,1684948,20219376,176240055,95245205,60078741,651635,687,1,0
C039621,7934195,95210340,4947269,59367228,266235119,106611226,91448203,864214,869,0,0
C039622,2742623,32911476,1185936,14231232,41416431,38273961,28253930,272510,761,0,0
C039623,3855339,46264068,2124084,25489008,202893264,22447925,22447925,195817,817,0,0
C039624,3879132,46549584,1750986,21011832,385535540,28618893,23872588,385700,753,0,0
C039625,3654259,43851108,1620989,19451868,56748060,52645831,29929002,299233,812,1,0
C039626,2628506,31542072,1451025,17412300,137940269,29540218,11780431,264453,728,0,0
C039627,4633046,55596552,1944665,23335980,170823489,84794166,69454720,682237,726,0,0
C039628,4354435,52253220,3291793,39501516,58950333,21719564,21719564,352918,776,0,0
C039629,3108724,37304688,1964820,23577840,102712417,38829641,15056824,148511,677,0,0
C039630,6474696,77696352,4898878,58786536,476511716,64424909,47593571,675216,788,0,0
C039631,6696969,80363628,2874835,34498020,1028078436,86249143,55588979,312500,755,0,0
C039632,2095931,25151172,1091950,13103400,183138198,60165078,50081248,258992,803,0,0
C039633,3647518,43770216,1678918,20147016,562605557,67780490,42937979,406159,725,0,0
C039634,5083270,60999240,3010034,36120408,341052700,31382747,29379511,101665,780,0,1
C039635,7852196,94226352,3837168,46046016,548365293,53917341,47595613,485921,743,0,0
C039636,2307317,27687804,1634273,19611276,294186032,36971265,26988178,203519,634,0,0
C039637,3372018,40464216,2085837,25030044,115298114,39657005,19889851,310181,799,0,0
C039638,5362279,64347348,3042116,36505392,233844293,48682479,23336189,355909,830,0,0
C039639,6276322,75315864,4403304,52839648,233209396,114788936,90586836,916986,676,0,0
C039640,9253514,111042168,4573700,54884400,594258812,174158353,133722123,703937,762,0,0
C039641,6677853,80134236,3140218,37682616,448716183,171849451,155421518,1248576,872,0,0
C039642,5974719,71696628,4472988,53675856,686582428,60318342,36620382,597458,760,0,0
C039643,2901115,34813380,2385359,28624308,236728319,40808230,40808230,243929,814,0,0
C039644,3107009,37284108,1678687,20144244,88052032,46192485,27335907,148228,723,0,0
C039645,2262750,27153000,1475928,17711136,86294855,35824830,17946764,89230,754,1,0
C039646,1936618,23239416,884776,10617312,39488010,35716704,26420040,143990,784,0,0
C039647,4549767,54597204,3036150,36433800,226020523,41359777,37360329,499603,875,0,0
C039648,3375622,40507464,2316268,27795216,44335262,55366494,36067107,581025,764,0,0
C039649,3944243,47330916,1917571,23010852,363919515,79069732,68341085,525641,831,1,0
C039650,2474242,29690904,758981,9107772,205662844,22511180,22511180,264615,815,0,0
C039651,4898199,58778388,3559736,42716832,146779368,78856990,68975596,595116,722,0,0
C039652,4845054,58140648,2574050,30888600,113225063,274008530,261632916,1990051,648,0,1
C039653,3400541,40806492,1414162,16969944,419094028,67338665,57270125,689210,738,0,0
C039654,6176537,74118444,3904097,46849164,203327817,231566025,197697502,1355107,723,0,1
C039655,3451630,41419560,2088101,25057212,150900796,47312912,47312912,248127,797,0,0
C039656,4069417,48833004,2817507,33810084,489888641,39290920,33544520,144921,810,0,0
C039657,4843260,58119120,3089210,37070520,407181722,70334612,70334612,551425,832,0,0
C039658,5374802,64497624,2851035,34212420,340765122,43351957,19105696,373117,836,0,0
C039659,2247992,26975904,1696895,20362740,46667808,11355027,11355027,234334,874,0,0
C039660,3326557,39918684,2267336,27208032,146924477,62440902,62440902,481613,836,0,0
C039661,4646531,55758372,2324178,27890136,209454108,39025642,34008302,402914,789,0,0
C039662,6035008,72420096,3979751,47757012,158197936,295467502,278254912,1820722,604,1,1
C039663,4109076,49308912,2883044,34596528,110072780,73561360,67773505,598070,786,0,0
C039664,2067701,24812412,1107292,13287504,23962071,40811591,29794505,208384,768,1,0
C039665,2336556,28038672,2251583,27018996,49711528,133014122,126174024,786377,542,2,1
C039666,1884966,22619592,940725,11288700,116324979,14659873,10743123,187284,787,0,0
C039667,5231240,62774880,2861584,34339008,107577522,34315129,34315129,404490,780,0,0
C039668,1800000,21600000,1161688,13940256,40388544,23211530,18795534,242193,798,0,0
C039669,1885833,22629996,970410,11644920,37934757,13758906,8551735,74679,734,0,0
C039670,2067177,24806124,1440261,17283132,92484084,19657686,19657686,127065,864,0,0
C039671,1800000,21600000,822686,9872232,44512924,16268956,7346909,178820,884,0,0
C039672,9868038,118416456,6865769,82389228,1531790024,329266483,329266483,3013770,733,1,0
C039673,3444957,41339484,1830781,21969372,273539886,43552569,26430929,409750,768,0,0
C039674,9046671,108560052,4574394,54892728,146203447,244590446,210278882,1605223,760,1,0
C039675,6059941,72719292,3927311,47127732,284090668,91733218,89568319,848177,740,0,0
C039676,3114108,37369296,1469671,17636052,47346980,29302367,19124237,203831,787,0,0
C039677,3429217,41150604,1044621,12535452,181820527,16326060,16326060,420412,811,0,0
C039678,3364544,40374528,1437721,17252652,108315873,106743066,100819735,698178,774,0,0
C039679,2378231,28538772,971830,11661960,309391198,21669308,8529394,213391,737,0,0
C039680,6063991,72767892,1836652,22039824,285507198,66029741,66029741,528367,763,0,0
C039681,6147973,73775676,2771997,33263964,377012651,91820002,61630211,553023,792,0,0
C039682,6081202,72974424,3042453,36509436,281263481,47229897,37739726,378779,780,0,0
C039683,4013865,48166380,2685934,32231208,197992465,62602239,62602239,765856,811,0,0
C039684,3424312,41091744,1919931,23039172,143454607,62480456,52348726,499882,748,0,0
C039685,5697436,68369232,3088158,37057896,261125690,145251366,121195893,1179205,798,0,0
C039686,2269496,27233952,1191985,14303820,38709926,37006798,28724182,248008,798,0,0
C039687,3268781,39225372,1874126,22489512,94980794,82245850,73692515,801736,739,0,0
C039688,2235673,26828076,1372634,16471608,28083501,23496428,20087687,252324,926,0,0
C039689,4681635,56179620,2589665,31075980,156375165,97103893,97103893,1027579,664,1,0
C039690,1800000,21600000,1404157,16849884,70166116,35965001,33520004,239587,807,0,0
C039691,6170030,74040360,4340054,52080648,295231459,60072359,39840078,442077,729,0,0
C039692,4307699,51692388,2373291,28479492,82012158,22661070,22661070,371356,876,0,0
C039693,1800000,21600000,986663,11839956,269296654,14233581,6058685,115725,642,0,0
C039694,6832217,81986604,5910836,70930032,267873367,73902483,73902483,1196189,746,0,0
C039695,1800000,21600000,1493628,17923536,168418307,78353858,69158808,344422,767,0,0
C039696,2296618,27559416,1817947,21815364,146040012,59736313,54106804,428432,803,0,0
C039697,2617236,31406832,1444917,17339004,196810421,151393909,141330744,1081644,701,0,0
C039698,4777932,57335184,2676629,32119548,51545359,66915598,45409411,436617,754,0,0
C039699,4759936,57119232,2822650,33871800,789009238,36169206,31467142,660662,887,1,0
C039700,3704736,44456832,1318123,15817476,181249951,59719402,40173062,184918,791,0,1
C039701,5691114,68293368,3961944,47543328,45716596,59376444,32850204,475078,767,0,0
C039702,2840788,34089456,1659980,19919760,158279183,46305123,46222592,289151,836,0,0
C039703,4100247,49202964,3134212,37610544,458169012,72515751,66848459,500423,769,0,0
C039704,6574513,78894156,3270738,39248856,458823600,130493570,112204494,1187116,771,0,0
C039705,4487423,53849076,1531883,18382596,231648935,87264637,54474765,633929,760,0,0
C039706,4660460,55925520,2306260,27675120,277673467,63542650,59497373,312144,782,0,0
C039707,5060254,60723048,2827035,33924420,343937853,54950895,45187360,486402,714,0,0
C039708,4142478,49709736,3576980,42923760,102910985,83722122,48317880,440269,726,0,0
C039709,1800000,21600000,1068534,12822408,143249997,50770436,48750307,284349,680,0,0
C039710,3387951,40655412,1652896,19834752,43162771,11356744,3618631,167694,819,0,0
C039711,5956408,71476896,1930568,23166816,487284555,107620977,75183822,692279,776,0,0
C039712,3025833,36309996,1128020,13536240,119811450,24320006,15403861,159037,889,0,0
C039713,4222931,50675172,2875932,34511184,307150278,71581230,55174608,484941,714,0,0
C039714,11591853,139102236,7898697,94784364,588685324,135722745,118715584,1337737,775,0,0
C039715,4978461,59741532,2698944,32387328,128628350,43673515,30385510,421951,852,0,0
C039716,1988612,23863344,1016020,12192240,66548155,19727244,18707476,134597,811,0,0
C039717,3076119,36913428,1730806,20769672,83043347,19234838,12891550,251455,769,0,0
C039718,3331681,39980172,1375271,16503252,148509967,25292648,12563864,260470,854,0,0
C039719,2625823,31509876,1235300,14823600,356878525,59857442,46629217,482165,763,0,0
C039720,6852012,82224144,3827272,45927264,385397642,212818135,163804708,1023523,769,0,0
C039721,5031958,60383496,2218355,26620260,845368944,28133758,18228232,272776,815,0,0
C039722,7507691,90092292,4553617,54643404,1014139079,120767751,104503649,895923,801,0,0
C039723,6257637,75091644,1921136,23053632,526909253,109186374,100418608,636928,821,0,0
C039724,4628070,55536840,2529050,30348600,505118731,28467256,28215986,494613,862,0,0
C039725,6420412,77044944,3693691,44324292,167771851,92899563,62094131,487046,837,0,0
C039726,5034822,60417864,2473852,29686224,211365415,48273784,36503860,262092,831,0,0
C039727,3915170,46982040,1801024,21612288,287762751,28978221,27947379,78303,772,0,0
C039728,2620867,31450404,1550511,18606132,45083688,19993684,19449029,389410,764,0,0
C039729,2741485,32897820,1971226,23654712,20606951,47030914,30678352,227058,646,0,0
C039730,2120265,25443180,1153603,13843236,99920058,38872283,22177927,215740,913,0,0
C039731,2753712,33044544,1547218,18566616,122439500,25069201,21051318,66791,795,1,0
C039732,4038381,48460572,1241507,14898084,186282597,24878301,19669040,154943,755,0,0
C039733,4388257,52659084,1548937,18587244,432951907,71615909,71566439,698053,847,0,0
C039734,5055792,60669504,2148554,25782648,167134020,51699485,28383148,516981,839,0,0
C039735,5383415,64600980,2915991,34991892,142794734,79896250,72168455,655737,743,0,0
C039736,6486957,77843484,2728676,32744112,100693110,122283667,109751878,1219286,800,0,0
C039737,4233161,50797932,2852363,34228356,45324616,45794705,28152958,628426,688,0,0
C039738,4695656,56347872,2771048,33252576,170836182,21788781,21788781,568457,780,0,0
C039739,1800000,21600000,852696,10232352,157712775,23124117,14108098,296337,813,1,1
C039740,2849783,34197396,1652580,19830960,108954300,13938374,6552800,121857,769,0,0
C039741,4379514,52554168,3141173,37694076,234725435,22532583,15145796,87590,763,1,0
C039742,4210150,50521800,2264763,27177156,72117682,80320887,63092208,635376,869,0,0
C039743,3195887,38350644,3006873,36082476,61306720,83549262,73045518,620298,698,0,1
C039744,3410176,40922112,1798369,21580428,163436254,25578016,25578016,272540,796,0,0
C039745,3637280,43647360,2347634,28171608,178463660,67318503,44792670,492236,826,0,0
C039746,3092766,37113192,2517885,30214620,156824478,82901000,52465215,513924,734,0,0
C039747,4033054,48396648,2868902,34426824,121391982,29196786,21289188,546284,629,1,1
C039748,2399161,28789932,1850851,22210212,139886773,43476874,22086352,358895,696,0,0
C039749,3487695,41852340,2084190,25010280,149372883,25482004,25482004,283463,748,0,0
C039750,2222733,26672796,1442942,17315304,59805281,32446698,32446698,484398,762,0,0
C039751,4655630,55867560,2754651,33055812,131899774,30456747,19570651,348925,795,0,0
C039752,4562752,54753024,2981017,35772204,386485830,125739401,121044522,813145,760,0,0
C039753,2221876,26662512,1396702,16760424,82631574,39792075,38725579,427205,691,0,0
C039754,3127167,37526004,1767048,21204576,254647710,31487005,29379607,354698,804,0,0
C039755,4145487,49745844,1358822,16305864,374746219,41468885,39362208,406116,869,1,0
C039756,8170213,98042556,4025481,48305772,413619058,37112644,37112644,987317,691,0,0
C039757,5348281,64179372,4530663,54367956,156690062,94519652,48945692,246329,820,0,0
C039758,2960163,35521956,1209203,14510436,497307384,65916586,65916586,535779,796,0,0
C039759,1800000,21600000,817199,9806388,207158275,40410869,36141112,338182,907,0,0
C039760,3461165,41533980,2335533,28026396,164315923,64827310,55219161,575189,749,1,1
C039761,5964013,71568156,2651265,31815180,241678720,31451615,31451615,911604,728,0,1
C039762,5767986,69215832,3638620,43663440,969021648,68647199,68647199,730150,797,0,0
C039763,3583006,42996072,895752,10749024,53575126,30568595,30568595,325928,774,0,0
C039764,4222540,50670480,2093834,25126008,96167133,38306775,34134550,476143,717,1,0
C039765,5011270,60135240,3166720,38000640,421822194,68423180,57144763,310711,671,0,0
C039766,4304657,51655884,1572264,18867168,411931796,87700094,87700094,885928,712,0,0
C039767,4045753,48549036,3344937,40139244,531270593,34121121,25293366,369470,756,0,0
C039768,3244655,38935860,2315849,27790188,59307397,29559383,28453255,306005,756,0,0
C039769,2296964,27563568,1216971,14603652,150798071,23589606,14314223,272161,746,0,0
C039770,4157991,49895892,2109788,25317456,76727583,47945173,47945173,524797,772,0,0
C039771,6857540,82290480,3368603,40423236,604911549,248442853,243924541,1760983,733,0,0
C039772,7471165,89653980,5704953,68459436,171230152,109013049,85064384,415224,802,0,0
C039773,2497964,29975568,1677170,20126040,74766193,89089121,88471611,556488,762,0,0
C039774,2628056,31536672,1199579,14394948,173556663,35039187,28958482,172147,736,0,0
C039775,7138352,85660224,3019188,36230256,218649311,40914664,31884605,508822,710,0,0
C039776,4211437,50537244,3069248,36830976,206264047,55405573,48965139,699832,680,0,1
C039777,5938485,71261820,3740588,44887056,496501250,60554593,60554593,509871,916,0,0
C039778,3794057,45528684,1362847,16354164,536503528,35140307,20003354,590307,737,0,0
C039779,4020053,48240636,2632560,31590720,91543788,52729386,32169257,551909,785,0,0
C039780,3644697,43736364,3054888,36658656,69231939,70078264,44244182,513883,608,3,1
C039781,5694686,68336232,3156739,37880868,56996193,48839187,31984545,113894,848,0,0
C039782,3752072,45024864,1825127,21901524,231098940,35625124,20322639,327675,808,0,0
C039783,5622587,67471044,3474826,41697912,68629438,81705920,74273320,756151,800,0,0
C039784,3156663,37879956,1780878,21370536,79395959,20227752,11950011,492947,815,0,0
C039785,2191454,26297448,1031841,12382092,138116636,17643971,8028482,52026,793,0,0
C039786,3810747,45728964,2113712,25364544,188742803,36016254,36016254,423059,818,0,0
C039787,4796134,57553608,2351196,28214352,578057840,37380637,26907960,177152,806,0,0
C039788,3031924,36383088,1711310,20535720,183743087,74943181,59284295,546927,797,1,0
C039789,2906487,34877844,1576805,18921660,71225287,21494226,21494226,215740,826,0,0
C039790,5119875,61438500,3115113,37381356,214537449,103745865,77404375,699079,795,0,0
C039791,3758750,45105000,1519640,18235680,360954332,69777677,60083655,448351,781,0,0
C039792,5917837,71014044,3673455,44081460,269945074,178069065,148660613,997633,771,0,0
C039793,4859611,58315332,3212472,38549664,232800254,47238666,28014936,285864,694,0,0
C039794,6258226,75098712,4705212,56462544,878204201,113624944,113012076,1023807,623,0,0
C039795,3787920,45455040,1005769,12069228,221020054,25704175,20185033,486303,811,0,0
C039796,4610943,55331316,2969951,35639412,123905318,167696566,153434103,891529,737,0,0
C039797,6392245,76706940,4392328,52707936,241530527,43923590,19500027,333074,761,0,0
C039798,3761529,45138348,2473081,29676972,396317187,9910333,9910333,148624,755,0,0
C039799,1919216,23030592,1268328,15219936,31895052,28290557,21634385,103319,887,0,0
C039800,6091737,73100844,3938365,47260380,60850398,105242117,66479070,599310,771,0,0
C039801,5132894,61594728,2729058,32748696,403699541,71934641,45512869,744709,765,0,0
C039802,6481552,77778624,3884620,46615440,554145196,79568541,57539878,457572,830,0,0
C039803,2392826,28713912,960648,11527776,175122083,15184319,15050854,207678,789,0,0
C039804,5245821,62949852,3917077,47004924,500193869,75619287,65032584,549282,785,0,0
C039805,2087032,25044384,801683,9620196,81732222,33053022,27804752,255796,886,0,0
C039806,1800000,21600000,1098670,13184040,74750272,53471677,50388753,307588,679,0,1
C039807,7480557,89766684,3830777,45969324,651294416,34503569,25009891,149611,794,0,0
C039808,6477101,77725212,2970621,35647452,174465456,31443381,15834546,346965,705,1,0
C039809,3254356,39052272,2078849,24946188,202934699,34100654,22991499,280063,751,0,0
C039810,2298307,27579684,1442680,17312160,77070325,26569154,26079424,136728,730,0,0
C039811,2959761,35517132,1599358,19192296,34025174,50492056,36239535,90327,738,0,0
C039812,5029154,60349848,2458044,29496528,311137475,142751290,123065668,1202095,580,0,1
C039813,5382310,64587720,2674661,32095932,247259375,79034575,77136663,709054,766,0,0
C039814,5585823,67029876,4221299,50655588,103621380,119131890,90836216,635535,766,0,0
C039815,4461485,53537820,1473728,17684736,165234659,68815559,61179091,462182,718,1,0
C039816,3321950,39863400,1445742,17348904,558087600,29497173,11459488,311665,716,0,0
C039817,3953515,47442180,2138806,25665672,233600374,92255057,86175428,720147,785,0,0
C039818,2630635,31567620,1743209,20918508,211717569,48246844,30894569,200780,797,0,0
C039819,1934439,23213268,1379907,16558884,13397890,27468468,15358574,164086,745,0,0
C039820,3023251,36279012,1598762,19185144,41692633,27470093,16275365,280872,950,0,0
C039821,4606165,55273980,2314236,27770832,216659103,70808049,65917992,642049,813,0,0
C039822,4029238,48350856,2115044,25380528,325067963,50794726,36418119,80585,840,0,0
C039823,5725904,68710848,3529582,42354984,58040439,74375751,55066586,836499,741,0,0
C039824,5787124,69445488,1902599,22831188,232454536,78491341,63381961,571790,872,0,0
C039825,8718012,104616144,5272471,63269652,726097131,72887104,50479902,521131,797,0,0
C039826,3279853,39358236,2187887,26254644,111515041,33183468,31529765,389776,814,0,0
C039827,5140360,61684320,3229795,38757540,154568866,58380354,58380354,624372,728,0,0
C039828,3810152,45721824,2091165,25093980,493379832,48048311,31127239,393470,879,0,0
C039829,12000000,144000000,5821345,69856140,152435761,110192983,52459922,924328,829,0,0
C039830,5548501,66582012,2773869,33286428,260197688,22031223,22031223,363865,864,0,0
C039831,8296465,99557580,5125993,61511916,362320843,90582398,74396749,1061566,781,0,0
C039832,2225568,26706816,1385168,16622016,16355187,66648463,58922135,404710,670,1,1
C039833,3387187,40646244,1205605,14467260,334438480,77588619,69034149,394049,725,0,0
C039834,5169620,62035440,2650656,31807872,80154815,27635715,27635715,484090,767,0,0
C039835,3755587,45067044,1815074,21780888,134657602,10073379,6407987,135624,799,0,0
C039836,2197265,26367180,1393043,16716516,86334149,11192829,9586054,50000,848,0,0
C039837,6470044,77640528,3449660,41395920,155141794,88280174,78487678,677622,877,0,0
C039838,11284531,135414372,9631894,115582728,1895801208,186790095,128740523,1394196,701,0,0
C039839,1874793,22497516,1144998,13739976,118838604,8717516,7139171,139980,737,0,0
C039840,1800000,21600000,977593,11731116,62247708,24050483,17895409,100569,824,0,0
C039841,2873233,34478796,1606191,19274292,129000753,16977226,8922212,57465,778,0,0
C039842,7645471,91745652,4259805,51117660,243502150,146527236,142364959,1314331,739,0,0
C039843,7918429,95021148,5270617,63247404,356846952,51416830,9507102,447152,792,1,0
C039844,2581384,30976608,1244235,14930820,95487757,18068953,6469712,71724,842,0,0
C039845,3556185,42674220,2045989,24551868,132940234,42007997,26588111,215916,822,0,0
C039846,3439497,41273964,2089937,25079244,57239805,81608839,67454091,633954,759,0,0
C039847,2196203,26354436,1341066,16092792,253928683,16908374,11602706,50000,711,0,0
C039848,5389097,64669164,3454463,41453556,342277562,40651379,40651379,634327,872,0,0
C039849,3366980,40403760,2206110,26473320,212611464,35494205,24799684,238356,876,0,0
C039850,3542148,42505776,2801962,33623544,262784353,48400553,34335325,435034,695,2,1
C039851,3960434,47525208,3271783,39261396,199534942,45249443,32883967,397383,689,0,0
C039852,5744610,68935320,2815056,33780672,349755541,48417415,39915062,528311,813,0,0
C039853,4157143,49885716,2295928,27551136,193269261,63986210,44067578,446743,709,0,0
C039854,4039954,48479448,2161187,25934244,84698483,47185952,47185952,197555,789,0,0
C039855,7804904,93658848,4411951,52943412,385490051,46734774,26137644,227695,783,0,0
C039856,2830217,33962604,1797172,21566064,190553387,41450813,37411758,327927,793,0,0
C039857,4828422,57941064,2839617,34075404,150877969,56513370,38160610,437418,790,0,0
C039858,3283191,39398292,1927601,23131212,176760476,23324076,10915615,114802,790,0,0
C039859,2741321,32895852,1892841,22714092,43443860,23121754,14740489,283854,702,0,0
C039860,6664708,79976496,3004945,36059340,460797442,78415134,76807852,732342,815,0,0
C039861,6113893,73366716,4810703,57728436,341634032,104565391,97699201,857624,712,0,1
C039862,3814409,45772908,1403810,16845720,110324683,14891585,10301373,78248,804,0,1
C039863,2577336,30928032,846919,10163028,105181676,16376397,16376397,283568,836,0,0
C039864,5400000,64800000,3766565,45198780,243388301,51905410,51905410,556081,872,0,0
C039865,6248492,74981904,3668482,44021784,294749386,106270038,73515085,605695,780,0,0
C039866,3863467,46361604,2617627,31411524,142639521,22186163,11722291,200817,725,0,0
C039867,4872267,58467204,3098508,37182096,54558395,94799889,80745610,538778,741,0,0
C039868,3995823,47949876,2421446,29057352,95197697,49506945,42342168,594715,692,0,0
C039869,5436742,65240904,2923029,35076348,115446756,37799547,31367168,664359,773,0,0
C039870,4793055,57516660,3545732,42548784,211173268,82241287,64429800,563142,762,0,0
C039871,6084546,73014552,5423202,65078424,280592440,31731224,28204413,128400,852,0,0
C039872,4045919,48551028,1751486,21017832,89730757,25232072,14465532,240942,772,0,0
C039873,3282330,39387960,1497762,17973144,59700249,70961496,50800561,544290,782,0,0
C039874,2438924,29267088,1599035,19188420,160198135,65162606,62561095,347878,739,0,0
C039875,2598793,31185516,1545986,18551832,82701686,23474739,21965378,358529,747,0,0
C039876,2751143,33013716,1187617,14251404,92763658,34494825,31365074,196731,820,0,0
C039877,1800000,21600000,1572189,18866268,191551553,31294102,30913871,301751,741,0,0
C039878,2416504,28998048,1334618,16015416,106182171,22214089,16537376,50000,847,0,0
C039879,4302212,51626544,2831440,33977280,345096349,34950367,34950367,244317,747,0,0
C039880,5279988,63359856,4318166,51817992,452296655,35331257,34843925,752491,773,0,0
C039881,2888883,34666596,722221,8666652,47094819,24849938,20589577,358173,760,0,0
C039882,6535862,78430344,4019247,48230964,124628507,90347103,90347103,606390,705,0,0
C039883,8044289,96531468,5330173,63962076,304225978,59176454,53900715,1029508,785,0,0
C039884,12000000,144000000,5213187,62558244,246838884,71703907,26909644,1405057,693,0,0
C039885,4658246,55898952,2925384,35104608,113128298,137924391,137924391,866398,791,0,0
C039886,6799122,81589464,4037257,48447084,90261464,269765940,259173885,1956719,718,0,0
C039887,7837144,94045728,2700314,32403768,230562666,136446164,86027131,675043,724,1,0
C039888,6206088,74473056,2963121,35557452,167738301,81531678,47389174,578745,830,0,0
C039889,3253770,39045240,1782072,21384864,79109224,70964944,66490789,686619,717,1,0
C039890,1998572,23982864,944704,11336448,199943623,19525748,11040725,85085,796,0,0
C039891,2715745,32588940,1194234,14330808,57540010,51603693,38488455,252477,728,1,0
C039892,5874109,70489308,3150617,37807404,284214212,52252889,52252889,445937,781,0,1
C039893,3624246,43490952,1673876,20086512,170778305,19986525,15748998,355590,712,1,0
C039894,5650290,67803480,3215792,38589504,581926978,141918478,105864041,1262159,717,1,0
C039895,4114302,49371624,2288619,27463428,177821744,41110932,24852194,399610,665,1,1
C039896,3279766,39357192,1701168,20414016,83348052,26637584,24001984,330220,725,0,0
C039897,2739575,32874900,1971348,23656176,61829772,17206166,17206166,126342,754,0,0
C039898,3338488,40061856,2547931,30575172,50764350,19533896,17127532,390375,721,0,0
C039899,3115912,37390944,1829536,21954432,57333320,18629865,18629865,104820,773,0,0
C039900,9169707,110036484,6393844,76726128,381659715,80278829,62441584,674913,819,0,0
C039901,2456503,29478036,1564936,18779232,122994247,36950416,32346103,293431,819,0,0
C039902,3741685,44900220,2759531,33114372,73774018,61860729,49719976,486592,732,0,0
C039903,4724139,56689668,2205818,26469816,234076097,129403193,101979034,848369,795,0,0
C039904,2740715,32888580,1301765,15621180,271165941,43083794,39809245,268890,771,0,1
C039905,2913242,34958904,1664656,19975872,155626202,14821196,12052079,141932,813,0,0
C039906,2433322,29199864,1026859,12322308,170110473,20986588,20986588,185705,828,0,0
C039907,4214054,50568648,2525169,30302028,235633253,43837126,36339851,453405,792,0,0
C039908,2112260,25347120,1309313,15711756,34566075,43147791,40672254,174303,752,0,0
C039909,7351038,88212456,4296100,51553200,83680183,54198357,42908199,722202,757,0,1
C039910,4409548,52914576,2233292,26799504,196487594,67571326,64899068,504812,871,0,0
C039911,2530952,30371424,1419345,17032140,166386650,51883597,43002368,149765,725,0,0
C039912,4812495,57749940,2186916,26242992,199526246,45225735,31197987,96250,780,0,0
C039913,4201079,50412948,1742818,20913816,636112468,52670213,32638037,429919,851,0,0
C039914,4021652,48259824,2253236,27038832,320866068,53397452,44908352,275093,819,0,0
C039915,4665025,55980300,3567003,42804036,139971460,117982360,107222392,648720,700,0,0
C039916,2639669,31676028,976738,11720856,52297664,32789162,24410616,365693,748,0,0
C039917,4287456,51449472,2342074,28104888,141739132,58147796,56801484,430376,757,0,0
C039918,5362569,64350828,3427412,41128944,182939186,89453651,81316841,645503,804,0,0
C039919,1800000,21600000,1113239,13358868,302400000,7077201,5658194,200231,783,0,0
C039920,2160407,25924884,942595,11311140,46307759,24356680,11110924,128854,770,0,1
C039921,4644137,55729644,2335688,28028256,250404893,29154978,26189516,507673,819,0,0
C039922,2874683,34496196,1277525,15330300,63250397,78017259,61780133,492510,740,0,0
C039923,4747683,56972196,3537544,42450528,151692893,30471524,28198006,264215,754,0,0
C039924,6459426,77513112,4470574,53646888,351287276,57575013,34747978,258858,786,0,0
C039925,4397206,52766472,2901726,34820712,101307691,143996691,128310665,972515,775,0,0
C039926,6636862,79642344,4108632,49303584,654643312,100778999,77635959,851791,712,0,0
C039927,3863651,46363812,2331763,27981156,105635407,128120294,112905068,849517,782,0,0
C039928,7067930,84815160,2686883,32242596,225405897,124555076,95611770,913303,794,0,0
C039929,4666305,55995660,2170857,26050284,636168741,28678905,28678905,461253,807,0,0
C039930,5663165,67957980,3021660,36259920,167266836,87282997,63266872,904931,791,0,0
C039931,3310026,39720312,2192707,26312484,69818891,51554489,37779203,516171,825,0,0
C039932,5824249,69890988,2816565,33798780,181720343,274691432,274691432,1873226,842,0,0
C039933,5258221,63098652,3529984,42359808,632729542,36633260,23068454,252332,739,0,1
C039934,4782019,57384228,2759279,33111348,105075528,52320165,46134188,551637,755,0,0
C039935,3472784,41673408,1667961,20015532,308668287,42470703,42470703,283929,779,0,0
C039936,3559887,42718644,1590509,19086108,112658274,7836332,3492534,428637,867,0,0
C039937,3237827,38853924,2156074,25872888,198820931,12685016,9690298,414774,849,0,0
C039938,4752768,57033216,2871989,34463868,265688418,85891996,52701088,619914,725,0,0
C039939,2175810,26109720,1649359,19792308,211343359,38095697,29723743,268357,803,0,0
C039940,5679931,68159172,3237411,38848932,118258894,134802019,92714092,917637,637,2,0
C039941,4201427,50417124,2993479,35921748,69085094,31281482,21682065,84029,735,0,0
C039942,3228755,38745060,2080742,24968904,80171097,51307852,45570144,308683,792,0,0
C039943,6219048,74628576,4301525,51618300,217609519,112341192,91376155,1303455,809,1,0
C039944,8204716,98456592,5930442,71165304,201626834,258973958,225728572,2055127,814,0,0
C039945,3719886,44638632,2380712,28568544,73503225,43688594,39159353,387629,891,0,0
C039946,5524658,66295896,3992378,47908536,367964525,162129371,142018917,1371677,854,0,0
C039947,2946837,35362044,1801817,21621804,114877152,16898912,13947969,58937,884,0,0
C039948,2740632,32887584,1839159,22069908,71145221,46273126,46273126,575392,794,0,0
C039949,5340277,64083324,2447263,29367156,127851015,68169544,47323545,517519,773,0,0
C039950,2868620,34423440,1375697,16508364,450450823,13901269,8755043,250048,799,0,0
C039951,2133541,25602492,1040814,12489768,170080005,29313844,25003862,340459,750,0,0
C039952,2592076,31104912,1042390,12508680,70437326,20700404,20700404,190595,857,0,0
C039953,1870530,22446360,1697975,20375700,55398478,14539157,14539157,56841,744,0,0
C039954,5085630,61027560,3137051,37644612,250660453,60691422,32063059,101713,820,0,0
C039955,5098561,61182732,2322338,27868056,79273938,41589296,27006333,359386,806,0,0
C039956,2164660,25975920,1103732,13244784,65786727,18507397,11170364,173815,882,0,0
C039957,3271257,39255084,2372759,28473108,306701770,103074189,100840561,718484,761,0,0
C039958,7937617,95251404,5538519,66462228,234273578,120724580,100097749,964342,704,0,0
C039959,7395052,88740624,5386915,64642980,274907628,51264246,28089343,490794,747,0,0
C039960,8411264,100935168,4229486,50753832,846775454,148872524,133372923,1175444,746,0,0
C039961,2744604,32935248,1194680,14336160,151916261,37613894,28633124,370195,778,0,0
C039962,4353885,52246620,3576778,42921336,115702864,55041298,41523228,735869,682,0,0
C039963,6953219,83438628,3641455,43697460,223507392,135260181,113126789,982192,793,0,0
C039964,4959465,59513580,3029721,36356652,70068845,80223638,75408782,615840,724,1,0
C039965,1800000,21600000,763187,9158244,24224854,29432348,26503742,304217,826,0,0
C039966,4230462,50765544,2514947,30179364,117458359,124107527,82811390,561063,714,1,0
C039967,3687822,44253864,2558958,30707496,147942523,40195926,33804017,384687,853,0,0
C039968,2612281,31347372,1379190,16550280,38711963,26598359,19505945,265837,790,0,0
C039969,3840716,46088592,2432235,29186820,305345051,45947581,34107292,314985,773,0,0
C039970,2493421,29921052,2061633,24739596,50984473,90260864,72975625,491865,692,0,1
C039971,5140119,61681428,3298425,39581100,289838506,84778842,59200421,687137,697,0,0
C039972,4520347,54244164,2526677,30320124,129272964,114860291,95430727,707856,814,0,0
C039973,3988196,47858352,3053709,36644508,163465135,68024196,30838598,435753,639,2,0
C039974,3510823,42129876,2474207,29690484,141761991,20477537,14668480,70216,776,1,1
C039975,2011055,24132660,942435,11309220,239447831,38497683,34327855,313716,826,0,0
C039976,3644937,43739244,2043913,24526956,115674848,48644865,43530780,573098,806,0,0
C039977,7032206,84386472,4212850,50554200,61572446,51445268,19697366,260914,737,0,0
C039978,9554288,114651456,5756236,69074832,268040217,227496574,142829145,1522231,723,0,0
C039979,4517359,54208308,2477041,29724492,221010119,50310835,21988210,533239,772,0,0
C039980,2350965,28211580,1138122,13657464,108694488,33090698,13956939,186773,702,0,0
C039981,5022225,60266700,2968162,35617944,214060438,29122858,21222350,603499,817,0,1
C039982,1883129,22597548,572012,6864144,88828892,32122589,25342821,224368,757,0,0
C039983,2386288,28635456,1846242,22154904,154821861,27542082,20781874,57555,709,0,0
C039984,6471990,77663880,3377164,40525968,583249262,84690133,61737385,804608,738,0,0
C039985,5186641,62239692,2900851,34810212,250135547,89537139,81369822,535938,805,0,0
C039986,4832351,57988212,1738755,20865060,233237259,37161193,27969386,298200,789,0,0
C039987,5815057,69780684,2754873,33058476,206298288,80282499,46289303,590171,733,3,0
C039988,4887080,58644960,2693451,32321412,387158359,48485089,33513302,149545,759,0,0
C039989,7871898,94462776,3906953,46883436,110263857,107170624,73487797,934972,706,0,0
C039990,2367524,28410288,1616223,19394676,82778939,26090826,22639083,273709,759,0,0
C039991,2419741,29036892,1710358,20524296,92044714,30548851,20113396,244011,776,1,0
C039992,4594117,55129404,2887644,34651728,171311546,59223026,33088427,448504,867,0,0
C039993,4618428,55421136,3596678,43160136,362170094,60911343,45266922,472874,702,0,0
C039994,4629626,55555512,2447433,29369196,110418589,68387911,30284971,313802,762,0,0
C039995,3279475,39353700,1977318,23727816,550951800,33441636,26566833,345854,795,0,0
C039996,2768004,33216048,2138908,25666896,39161899,26031316,15425249,64302,747,0,0
C039997,4612391,55348692,4067033,48804396,287181498,25842668,25842668,92248,757,0,0
C039998,3671184,44054208,1582457,18989484,139666023,32714006,20852447,331329,900,0,0
C039999,2802605,33631260,1066296,12795552,33774424,43460988,32471606,96769,852,0,0
C040000,3257673,39092076,2489273,29871276,78257443,90681651,90681651,714189,828,0,0
