customer_id,monthly_income,annual_income,monthly_expense,annual_expense,total_assets,total_debt,loan_balance,monthly_loan_payment,credit_score,past_overdue_count,target
C020001,4533712,54404544,2982858,35794296,155281757,54843824,37825747,556073,775,0,0
C020002,2572281,30867372,1818678,21824136,83741529,42360477,42360477,329597,733,0,0
C020003,4719334,56632008,3432031,41184372,194444157,54062160,23983237,425018,806,0,0
C020004,3846887,46162644,3134798,37617576,96667541,67240089,48320880,357728,736,1,0
C020005,4535304,54423648,2414704,28976448,252908797,49012117,25899668,146128,908,0,0
C020006,4032040,48384480,3521890,42262680,51495086,83699175,53927119,429615,734,0,0
C020007,1800000,21600000,786735,9440820,102045097,22999198,9379805,145181,795,0,0
C020008,6631759,79581108,3007002,36084024,617768428,296774647,255153854,1767362,623,0,0
C020009,6424286,77091432,3044770,36537240,579595685,151903716,149427614,787763,843,0,0
C020010,8488782,101865384,4191283,50295396,396760740,113354615,112740410,1295825,754,0,0
C020011,5147927,61775124,1868128,22417536,76924667,83886156,40753841,453653,889,0,0
C020012,3860741,46328892,2937584,35251008,138401374,77392164,77392164,780874,769,0,0
C020013,5220604,62647248,3827662,45931944,145159104,169567712,169567712,1434649,741,0,0
C020014,5803659,69643908,1661055,19932660,182440523,110629732,87400975,486133,732,0,0
C020015,2271971,27263652,2027480,24329760,99643937,44112420,29016183,362745,775,0,0
C020016,4221881,50662572,2489043,29868516,53164397,64882680,64882680,673581,902,0,0
C020017,2977405,35728860,931946,11183352,204802462,22539167,12652525,241923,741,0,0
C020018,2168373,26020476,1526973,18323676,51011513,61143082,51825670,458977,624,0,0
C020019,1800000,21600000,966875,11602500,89159203,25100653,19819745,153892,805,0,0
C020020,3174368,38092416,1279974,15359688,209308587,44831695,27720659,339685,866,0,0
C020021,6743931,80927172,5781643,69379716,767348031,189547533,143835950,1264160,623,2,1
C020022,2631631,31579572,1110680,13328160,46178391,29207060,19464160,277520,832,0,0
C020023,3416432,40997184,2728875,32746500,100931821,48827126,33198333,126439,786,0,0
C020024,5630480,67565760,3177460,38129520,393622167,54598104,52817306,775391,829,0,0
C020025,3427265,41127180,2771740,33260880,48800314,36167884,22250463,249180,826,0,0
C020026,7907371,94888452,3859366,46312392,290305545,59258005,25989374,534090,785,0,0
C020027,1888486,22661832,1132095,13585140,202944969,14421305,7512057,63370,801,0,0
C020028,3494274,41931288,2119494,25433928,46604623,58281819,51714356,568459,741,0,0
C020029,3561124,42733488,1932474,23189688,133289716,34471172,17266979,337454,738,0,0
C020030,4287075,51444900,2177374,26128488,100426497,34006692,25787723,278440,785,0,0
C020031,4065966,48791592,3011558,36138696,322183339,21846399,21846399,336295,767,1,0
C020032,2910209,34922508,1894712,22736544,225842964,53360421,44893240,455553,783,0,0
C020033,6923553,83082636,3032393,36388716,368890669,58985016,58934935,902833,768,0,0
C020034,4351873,52222476,2562724,30752688,165864590,20786950,20786950,147817,842,0,0
C020035,6657027,79884324,2729759,32757108,162179722,56288589,43066567,331096,816,0,0
C020036,2274831,27297972,1464166,17569992,43686223,48778869,30819788,288740,750,0,0
C020037,2456125,29473500,822681,9872172,114724309,15533445,14403067,128239,811,0,0
C020038,3398684,40784208,1662985,19955820,119040563,20511777,20511777,142498,821,0,0
C020039,2699388,32392656,2301253,27615036,404148617,61161208,57109508,400480,795,0,0
C020040,3414525,40974300,2222941,26675292,146064094,52891983,38004531,316695,767,0,0
C020041,3484479,41813748,1855240,22262880,87926023,20606370,20606370,155305,695,1,0
C020042,4441981,53303772,2160356,25924272,82415863,52864446,50154270,499389,791,0,0
C020043,4426929,53123148,2620963,31451556,671880412,50463605,26071816,384786,701,0,0
C020044,3944980,47339760,2598591,31183092,33412251,32047135,20326646,481145,781,0,0
C020045,4780770,57369240,3007364,36088368,101432708,65482639,54615100,555407,711,0,0
C020046,2519434,30233208,1653721,19844652,99911626,66290180,56401577,365357,738,0,1
C020047,10014283,120171396,5004121,60049452,289638236,119537169,119537169,1287128,847,0,0
C020048,4263471,51161652,2539085,30469020,359512907,112744411,93006555,700801,656,0,0
C020049,10961942,131543304,6563911,78766932,300898909,158601525,158601525,914604,844,0,0
C020050,4265083,51180996,2464219,29570628,253778868,40670743,37916636,520555,851,0,0
C020051,5395848,64750176,4166448,49997376,300005837,57940859,40845842,293303,761,0,0
C020052,2774924,33299088,1796456,21557472,95208506,50320957,49453522,385406,672,0,0
C020053,4427705,53132460,2645752,31749024,118077862,59973057,59973057,722501,780,0,0
C020054,2527558,30330696,1261264,15135168,81681722,8576441,5940441,129905,811,0,0
C020055,6253902,75046824,4115821,49389852,784460662,103869429,65506720,850285,804,0,0
C020056,3669780,44037360,1631180,19574160,616523040,36694212,36587880,243649,752,0,1
C020057,12000000,144000000,8481773,101781276,296082469,130868633,118130392,892590,787,0,0
C020058,3418003,41016036,1838457,22061484,126433293,20009783,16295415,299722,862,0,0
C020059,4184123,50209476,3231820,38781840,191246170,85986697,59845199,612624,844,0,0
C020060,2804618,33655416,1800167,21602004,63501499,36192553,24291961,509137,886,0,0
C020061,2150578,25806936,835188,10022256,342983110,34148733,12554335,302123,713,1,0
C020062,4890244,58682928,2346173,28154076,351440348,30753902,16487185,418465,766,0,0
C020063,2828774,33945288,2021276,24255312,126275632,10950596,10950596,208097,754,0,0
C020064,4030513,48366156,3125737,37508844,67667124,178539970,154843308,1240599,561,2,1
C020065,2767923,33215076,1827114,21925368,143615350,23664447,23473795,222006,812,0,0
C020066,3030876,36370512,2135508,25626096,128671896,56388471,54058202,368838,806,0,0
C020067,5000063,60000756,3827272,45927264,50877553,60695249,37155284,337421,812,1,0
C020068,7630130,91561560,5828821,69945852,452127679,233599988,183280650,1338860,778,0,0
C020069,4171408,50056896,1841394,22096728,700796544,105866489,87170823,470254,750,0,0
C020070,6362208,76346496,4494212,53930544,128842941,31027400,15936372,127244,651,1,0
C020071,10785589,129427068,8992744,107912928,367642712,256496273,250552806,1819866,682,0,0
C020072,3286275,39435300,1909663,22915956,124871923,39033742,15748916,160331,779,0,0
C020073,3981126,47773512,2288853,27466236,191347766,79619812,54540290,503582,760,0,0
C020074,5446806,65361672,4568406,54820872,83722232,299464172,288277347,1986042,674,0,0
C020075,2413344,28960128,1659212,19910544,121699851,43691748,38554949,408004,676,0,0
C020076,1800000,21600000,831355,9976260,42277663,26076662,14438027,103048,751,0,0
C020077,5478008,65736096,2760420,33125040,162577826,72499546,52833718,859698,751,0,0
C020078,6728643,80743716,2332805,27993660,542275036,238813683,235429266,1253137,792,0,0
C020079,3821072,45852864,2798627,33583524,170095054,38454804,27944376,517208,751,0,0
C020080,5619013,67428156,2493786,29925432,943994184,76186493,62421304,472733,856,0,0
C020081,5421458,65057496,3892150,46705800,170447145,143334840,127674549,1274621,667,0,0
C020082,4445758,53349096,2152807,25833684,319582126,127044417,109470285,681154,770,0,0
C020083,4871986,58463832,1450501,17406012,162125882,60344059,41132986,501476,862,0,0
C020084,2286026,27432312,571507,6858084,89471255,22490305,14432310,72753,772,0,1
C020085,3837456,46049472,2641015,31692180,222715998,39663131,39663131,514460,785,0,1
C020086,3228036,38736432,2189600,26275200,505847476,52772053,39675179,414615,688,0,0
C020087,1924864,23098368,1330449,15965388,114928321,51184239,39832970,356726,659,1,0
C020088,4271379,51256548,2735931,32831172,131309875,118975667,100305229,761767,812,0,0
C020089,2506918,30083016,1645869,19750428,28297992,53024958,42459935,412814,670,0,0
C020090,4282353,51388236,1756172,21074064,181201795,33293886,33293886,375294,813,0,0
C020091,4172574,50070888,2048032,24576384,427176708,43342371,23404563,365679,791,0,0
C020092,1800000,21600000,993568,11922816,82509740,14826211,10281894,109940,889,0,0
C020093,6387314,76647768,3695953,44351436,178150168,94529721,54635570,1147236,788,0,0
C020094,6501473,78017676,4706862,56482344,357897644,67069406,67069406,578567,731,0,0
C020095,9370309,112443708,5272659,63271908,331226908,279132612,266201912,1630750,729,0,0
C020096,4020204,48242448,2305541,27666492,341074556,25289954,20482566,400267,745,1,0
C020097,6265660,75187920,3065787,36789444,748411056,57231708,40907513,662562,751,0,0
C020098,3157779,37893348,2332283,27987396,334946133,33783570,30418978,193917,853,0,0
C020099,3225320,38703840,1549089,18589068,126623155,16852655,16852655,371141,818,0,0
C020100,8727203,104726436,2433090,29197080,961502821,98841169,90004137,1120067,759,0,0
C020101,4222576,50670912,3004004,36048048,319676873,57965822,36304200,308835,747,0,0
C020102,3654854,43858248,2442065,29304780,267309256,27629749,20358694,73097,862,0,0
C020103,2898903,34786836,1482631,17791572,46395991,24419927,17288469,57978,797,0,0
C020104,4873016,58476192,2789316,33471792,183121850,34294900,34294900,266999,892,0,0
C020105,4323630,51883560,1470711,17648532,726369840,74996277,49067989,443700,782,0,0
C020106,3641898,43702776,1979811,23757732,184203167,69620026,55068267,419397,784,0,0
C020107,3392249,40706988,2168239,26018868,255468425,115909412,115909412,1088171,788,0,0
C020108,5307073,63684876,4571219,54854628,109675916,156413827,144854994,1561296,604,0,0
C020109,3004924,36059088,1267872,15214464,102453646,19121629,15960518,189428,888,0,0
C020110,4992841,59914092,3417400,41008800,187135220,86637221,75711362,530854,691,0,0
C020111,2858689,34304268,2423408,29080896,214974431,41419465,31782805,276191,715,0,0
C020112,4927881,59134572,3621378,43456536,424644380,74445587,59816522,528313,812,0,1
C020113,2903310,34839720,1732352,20788224,98601546,48162217,30664914,392590,734,0,0
C020114,2487862,29854344,1516947,18203364,198845147,25541427,22862623,319581,747,0,0
C020115,4645329,55743948,3721962,44663544,176712519,31728929,17026712,400549,818,0,0
C020116,3175240,38102880,2130530,25566360,446161925,189013984,171462960,1135827,826,0,0
C020117,6631361,79576332,1765821,21189852,84439243,51697523,27559288,677133,793,0,0
C020118,2940846,35290152,1706632,20479584,43255257,79672219,64744052,375438,731,0,0
C020119,3313453,39761436,1901446,22817352,556660104,76221641,58915586,313833,783,0,0
C020120,5311108,63733296,2382024,28584288,67554034,23432556,23432556,826544,771,0,0
C020121,7813940,93767280,6514070,78168840,221867537,102151440,34679659,156279,808,0,0
C020122,4061642,48739704,2405401,28864812,122876300,24856251,24856251,204343,763,0,0
C020123,5375727,64508724,2740123,32881476,341852835,85575536,70718903,974500,833,0,0
C020124,7206523,86478276,3167673,38012076,502169576,115806505,97709708,888564,755,0,0
C020125,5956301,71475612,3934082,47208984,323350547,64298802,50959530,788532,773,0,0
C020126,4063310,48759720,2087380,25048560,40382694,49079669,42016639,477431,865,0,0
C020127,3285814,39429768,1864342,22372104,39774495,72609361,72609361,641603,851,0,0
C020128,5254674,63056088,3060062,36720744,161054753,38900722,22385296,225278,802,0,0
C020129,3716641,44599692,2349381,28192572,92457888,44526929,44526929,352048,836,1,0
C020130,2596191,31154292,1238496,14861952,141393570,31299882,21497065,236645,845,0,0
C020131,6525561,78306732,3075486,36905832,255837813,73697256,66469754,745126,712,3,0
C020132,6894610,82735320,3882512,46590144,370411916,100600420,74405673,669010,924,0,0
C020133,2830807,33969684,2166623,25999476,88568616,113552396,106279991,685779,612,0,1
C020134,1916961,23003532,1462061,17544732,84565065,81191322,78467000,554369,708,0,1
C020135,6289808,75477696,5115845,61390140,162959332,142022062,111155536,1312448,541,3,1
C020136,2487882,29854584,1239976,14879712,73335482,30476237,20132800,207321,768,0,0
C020137,9844113,118129356,6390881,76690572,554948843,132759809,79721922,975725,704,0,0
C020138,2366814,28401768,750081,9000972,29762214,15201359,10688260,57659,788,0,0
C020139,5911939,70943268,4129901,49558812,144308292,65794066,37742156,588889,841,0,0
C020140,4632212,55586544,2418903,29026836,366944471,141493339,114139956,826809,823,0,0
C020141,5649493,67793916,2668568,32022816,234934305,270140571,262418052,1764240,703,0,0
C020142,10056354,120676248,5138988,61667856,419184451,94253107,59694676,1088035,820,0,0
C020143,7424514,89094168,2539854,30478248,644290821,71159999,57097800,394594,904,0,0
C020144,4755840,57070080,2435084,29221008,286161299,96725974,87776490,597804,739,0,0
C020145,5051770,60621240,2409855,28918260,403735586,25626456,25626456,212404,810,0,0
C020146,8709045,104508540,5852064,70224768,339069672,155093720,139876429,883306,799,0,0
C020147,2400030,28800360,984780,11817360,302831442,31093288,31093288,261234,690,0,0
C020148,3427268,41127216,2063942,24767304,133463887,52210626,49723749,448148,812,0,0
C020149,5414874,64978488,2684452,32213424,44589301,104153477,55767954,609218,771,0,0
C020150,3163668,37964016,1326451,15917412,271040706,183456323,170838072,1157559,727,0,0
C020151,3947351,47368212,1601323,19215876,55435921,106537004,95323839,657770,768,0,0
C020152,2289694,27476328,1738173,20858076,204019590,27985435,21173179,245883,784,0,0
C020153,4015214,48182568,3553586,42643032,407131375,27767144,27767144,237773,668,0,0
C020154,2606945,31283340,1871894,22462728,409838366,42616390,25461881,220850,787,0,0
C020155,3825042,45900504,2708803,32505636,70485208,70141096,46345152,583984,846,0,0
C020156,6486084,77833008,3968915,47626980,278380941,268722215,268722215,1836717,693,0,0
C020157,2522398,30268776,1325953,15911436,91958988,9723963,9723963,146706,818,0,0
C020158,8358347,100300164,3391037,40692444,1028733214,45690855,45690855,609822,824,0,0
C020159,3400886,40810632,1974778,23697336,72606260,20158273,20158273,148029,712,0,0
C020160,3932903,47194836,1847417,22169004,557652515,85152214,48753050,535655,837,0,0
C020161,5558013,66696156,3388631,40663572,204212039,203883952,176777731,1134411,629,0,1
C020162,3562982,42755784,2417426,29009112,126150309,62991994,46745957,560103,798,0,0
C020163,6178459,74141508,3692352,44308224,927934320,79788944,65710497,794844,742,0,0
C020164,3049704,36596448,1580021,18960252,144806551,29784990,19059557,122910,775,0,0
C020165,5271851,63262212,3650043,43800516,195635215,82297014,58927229,423413,813,0,0
C020166,3950105,47401260,2051073,24612876,129707240,118106592,104869346,930343,725,0,1
C020167,5161521,61938252,1411534,16938408,472922244,92194947,61878693,758687,850,0,0
C020168,4270460,51245520,3771049,45252588,278910445,132295060,110726522,723308,764,0,0
C020169,8026873,96322476,4605794,55269528,565819866,55271668,41526030,394798,724,0,0
C020170,2710924,32531088,1370696,16448352,430210594,33998083,14883169,201950,818,0,0
C020171,12000000,144000000,4540797,54489564,580739651,118579912,118579912,903331,817,0,0
C020172,3883272,46599264,2259063,27108756,226962183,69195773,61588323,602653,746,0,0
C020173,4966063,59592756,1702628,20431536,128558290,60010078,53397576,481357,794,0,0
C020174,3405994,40871928,2350646,28207752,73223242,25664484,16162717,264072,794,0,0
C020175,2644377,31732524,946679,11360148,78439488,37467894,37467894,156049,873,0,0
C020176,4889072,58668864,2284649,27415788,821364096,59008116,40317789,454976,819,0,0
C020177,4233929,50807148,3290303,39483636,76346350,33998578,30741655,142152,824,0,0
C020178,4349568,52194816,2378710,28544520,103865481,96500735,65275336,755099,717,0,0
C020179,2738252,32859024,1370291,16443492,197575926,14879152,14879152,147590,797,0,0
C020180,3124089,37489068,1489681,17876172,82673050,33126265,17887368,443176,733,0,0
C020181,2791488,33497856,1800126,21601512,76422297,28553997,9064951,166786,711,0,0
C020182,5623872,67486464,3534867,42418404,146154059,94940486,84385968,612198,800,1,0
C020183,4383587,52603044,2393140,28717680,235836311,42363549,27569221,445077,725,0,1
C020184,5888768,70665216,2375810,28509720,185986911,26348908,26348908,153198,773,0,0
C020185,4027964,48335568,1759023,21108276,676697952,44080509,34499137,513203,806,0,0
C020186,3546196,42554352,1661331,19935972,46442326,30233204,20887170,277752,774,0,0
C020187,4306024,51672288,2559909,30718908,180420735,26254850,24788990,385697,829,0,0
C020188,2975253,35703036,1566872,18802464,214714595,20591129,10479961,244996,920,0,0
C020189,6421881,77062572,2954334,35452008,263917686,46520560,34613114,612065,805,0,0
C020190,2894455,34733460,1696525,20358300,156461279,32251478,20963792,361771,722,0,0
C020191,3537861,42454332,1668825,20025900,177382244,23629583,11092345,90921,738,0,0
C020192,6138619,73663428,4038493,48461916,157163139,52708517,22940856,404360,838,0,0
C020193,4443157,53317884,2954616,35455392,140993400,45581407,44034066,467191,740,0,0
C020194,4534701,54416412,2816361,33796332,139654064,27077241,23558420,90694,888,0,0
C020195,2383979,28607748,1383780,16605360,71115254,35644001,35644001,259618,755,1,0
C020196,3658587,43903044,2559738,30716856,92950463,70910225,50868851,784200,742,1,0
C020197,5437344,65248128,3278356,39340272,114792102,107960295,105266832,420823,746,0,0
C020198,1940768,23289216,1332232,15986784,34637404,49846595,43454574,270886,683,0,0
C020199,6443384,77320608,3985088,47821056,769541550,82493431,64747976,1021715,674,1,0
C020200,1800000,21600000,819275,9831300,73366625,20358453,19195523,150251,840,0,0
C020201,2415974,28991688,1484118,17809416,113490276,8990806,8307346,50000,722,0,0
C020202,5190344,62284128,2902769,34833228,226388907,59309533,59309533,322469,804,0,0
C020203,6662604,79951248,3868144,46417728,75475450,115817638,98024397,930480,779,0,0
C020204,2702717,32432604,1811831,21741972,74388799,34866322,25873070,119249,745,0,0
C020205,4339606,52075272,2289720,27476640,210514411,17385958,10458074,86792,850,0,0
C020206,3460011,41520132,2120060,25440720,126894318,56393935,41398259,204993,764,1,0
C020207,4239200,50870400,2832892,33994704,231775921,30542453,20318694,301143,758,0,0
C020208,5988415,71860980,2934692,35216304,576376298,92353819,54880464,706624,758,0,0
C020209,2877834,34534008,1491407,17896884,483476112,76753570,69087574,349652,841,0,0
C020210,7673111,92077332,5229737,62756844,1289082648,97712081,46398782,418038,880,0,0
C020211,3407061,40884732,1723557,20682684,78786012,89133922,87496156,655678,749,0,0
C020212,3182192,38186304,1631811,19581732,81768127,46287240,30239307,461834,701,1,0
C020213,3507914,42094968,2355762,28269144,90370557,38860853,19581855,314593,756,0,0
C020214,2911840,34942080,1610399,19324788,268148732,44942937,36944309,404000,843,1,0
C020215,6028029,72336348,3758516,45102192,136348669,26708883,18381333,135081,791,0,0
C020216,1800000,21600000,1030084,12361008,30064704,31008194,24980042,227529,765,0,0
C020217,3098823,37185876,1947864,23374368,234926802,24654935,19340375,475489,764,0,0
C020218,3256804,39081648,1680549,20166588,183164921,40486419,23275518,402644,786,0,0
C020219,5542890,66514680,3206307,38475684,49913321,58485195,58485195,402690,815,0,0
C020220,6927423,83129076,4403404,52840848,274545085,159884263,129239819,696713,814,0,0
C020221,3916347,46996164,2189735,26276820,507263202,137832793,121373895,603910,779,0,0
C020222,9597092,115165104,4581520,54978240,108575348,138575888,135374366,1290380,789,0,0
C020223,6848365,82180380,3651643,43819716,277727193,88158954,67943497,524146,747,0,0
C020224,5985727,71828724,2676536,32118432,166004507,148709939,142278475,1091756,800,0,0
C020225,3643603,43723236,2016272,24195264,61979303,61118513,59402079,249824,786,1,0
C020226,3017607,36211284,1899712,22796544,169387055,25295014,25295014,187169,729,0,0
C020227,8893246,106718952,6103943,73247316,143949596,86120664,66655420,963237,806,0,0
C020228,5666200,67994400,2954832,35457984,369111407,54388825,48565239,1132939,776,0,0
C020229,6873050,82476600,4491906,53902872,190192888,141091065,138974619,1180420,768,0,0
C020230,1907679,22892148,1124157,13489884,198780574,16804888,6918034,223346,792,0,0
C020231,3416569,40998828,2242425,26909100,102697654,38573099,34111242,249875,818,0,0
C020232,9744203,116930436,7051704,84620448,1071910967,138128812,102552030,1202717,731,0,0
C020233,7775689,93308268,4968536,59622432,169448769,141816095,129790488,1661795,692,0,1
C020234,4564254,54771048,1773815,21285780,434913104,64611516,47779805,556890,761,0,0
C020235,2770913,33250956,1843484,22121808,73930681,13477580,7884871,93865,717,1,0
C020236,2524351,30292212,1527149,18325788,82361441,35450368,30352817,355493,773,0,0
C020237,5350538,64206456,3052863,36634356,475489609,78548291,78548291,547837,778,0,0
C020238,3402129,40825548,1674882,20098584,163985376,54194240,42669124,460278,809,0,0
C020239,4162279,49947348,2615828,31389936,44912748,47435118,24115756,352609,642,0,1
C020240,4310236,51722832,2989753,35877036,203532492,18571030,18571030,434061,861,1,0
C020241,2772842,33274104,1637771,19653252,137272915,32072968,14911686,222427,858,0,0
C020242,3293762,39525144,1723587,20683044,184577545,18348369,18348369,197582,757,0,0
C020243,5329945,63959340,1863932,22367184,159954442,98310259,80393165,692370,789,0,0
C020244,2881069,34572828,1455647,17467764,106717525,20413901,15783354,218465,776,0,0
C020245,2809580,33714960,1381700,16580400,36768392,33990309,24446269,152916,728,0,0
C020246,2692724,32312688,1432266,17187192,72177345,24656915,7062106,209445,821,0,0
C020247,2519814,30237768,1176642,14119704,151810079,29040548,21673067,224894,734,0,0
C020248,3352541,40230492,2332232,27986784,87485359,80401025,65685174,669951,713,0,0
C020249,7377038,88524456,3604124,43249488,129414229,78061356,41275505,848946,869,0,0
C020250,4155157,49861884,2422169,29066028,228538380,71706781,51723829,361855,766,0,0
C020251,3372462,40469544,2272712,27272544,111288720,43311333,43311333,566629,802,0,0
C020252,2067474,24809688,1234144,14809728,19017735,36577242,36577242,227332,875,0,0
C020253,2924363,35092356,2451637,29419644,131643128,67188606,61412953,562127,651,2,1
C020254,4444492,53333904,4091934,49103208,159441452,49375131,23255365,765915,675,0,1
C020255,4852818,58233816,2286035,27432420,464225965,57510891,48644316,777644,721,0,0
C020256,2644581,31734972,1399547,16794564,94738459,45810133,32713280,181371,728,1,0
C020257,2298729,27584748,1585178,19022136,36621831,39060070,32961218,253617,786,0,0
C020258,7512612,90151344,4890694,58688328,168457210,74345725,43364078,671623,864,0,0
C020259,2501738,30020856,1679738,20156856,123312785,28107178,22173630,160601,759,0,0
C020260,1800000,21600000,1192813,14313756,35821698,22802389,11739812,228646,757,0,0
C020261,6544286,78531432,5114953,61379436,156821322,76917969,56832495,600227,755,0,0
C020262,2784204,33410448,1412791,16953492,72880564,29036587,12907034,250851,759,0,0
C020263,3912452,46949424,2309240,27710880,169894900,36636018,26646989,424544,859,0,0
C020264,4357496,52289952,2198645,26383740,106029283,70672653,70672653,703875,753,0,0
C020265,5402353,64828236,2547718,30572616,619063001,185344376,147341219,1065417,757,0,0
C020266,5857661,70291932,4899649,58795788,252339464,49319754,24379963,433056,637,2,0
C020267,4730696,56768352,2155569,25866828,136900560,108105990,99968892,531295,770,0,0
C020268,5465235,65582820,3355865,40270380,239587405,50222739,45151855,1016537,687,0,0
C020269,5581991,66983892,4257366,51088392,90616781,64140218,48256397,640457,802,0,0
C020270,2140180,25682160,1321402,15856824,91075783,9066476,9066476,50000,740,0,0
C020271,1800000,21600000,1268941,15227292,70492830,19476009,11147495,81955,812,0,0
C020272,3055628,36667536,1596030,19152360,218014989,18100958,15044926,198102,831,0,0
C020273,4547612,54571344,2434285,29211420,550550244,29035864,18485042,288533,767,0,0
C020274,7786303,93435636,3683858,44206296,333844059,98099317,84259377,960373,762,0,0
C020275,4522303,54267636,2488888,29866656,139568161,35750168,34939896,90446,873,0,0
C020276,7305013,87660156,3990269,47883228,98304971,111413318,93102628,1181535,757,0,0
C020277,3842986,46115832,3103119,37237428,80584736,27615748,24835376,367286,793,0,0
C020278,4060679,48728148,2603522,31242264,246096612,60891568,46888399,567951,714,0,0
C020279,4951736,59420832,2256212,27074544,138275092,288945330,267393744,1689234,577,3,1
C020280,6166978,74003736,4828244,57938928,116777518,85701400,43663111,398394,790,0,0
C020281,4252181,51026172,2114121,25369452,336342996,64801814,39779080,167593,774,0,0
C020282,3100929,37211148,1760210,21122520,297129721,46936107,45113453,551110,711,0,0
C020283,2341068,28092816,1369592,16435104,169615600,28780950,16383017,168004,768,0,0
C020284,4496216,53954592,3056394,36676728,77707796,70874034,54806373,560746,804,1,0
C020285,3946700,47360400,1964223,23570676,297601506,89177432,55515113,723756,804,1,0
C020286,5251120,63013440,3132173,37586076,585949931,36433743,27462500,223376,854,0,0
C020287,2664022,31968264,1802618,21631416,159952013,12832371,12832371,267702,807,0,0
C020288,8287857,99454284,4422722,53072664,233045773,226660439,179249286,993645,700,1,0
C020289,2713476,32561712,1429146,17149752,106944869,70634465,67887822,354458,719,0,0
C020290,2230579,26766948,1341940,16103280,44229085,13623267,6621047,250118,908,0,0
C020291,5137438,61649256,4088772,49065264,220106727,115382522,88829311,640547,700,0,0
C020292,3530871,42370452,1833083,21996996,49371936,45473601,36225569,382656,749,0,0
C020293,3531393,42376716,1954381,23452572,222808889,29492787,21931596,363346,904,0,0
C020294,3506150,42073800,1846948,22163376,75106420,25594411,24145400,228840,813,0,0
C020295,6006037,72072444,5075276,60903312,246948089,21443528,21443528,375097,760,0,0
C020296,6777392,81328704,2657197,31886364,225306833,54384848,28228437,212297,919,0,0
C020297,5686974,68243688,4527858,54334296,157629785,69425108,56394779,843166,852,0,0
C020298,6564123,78769476,3537217,42446604,424327078,309772385,265148235,1690297,755,0,0
C020299,2982973,35795676,2162610,25951320,31637741,103085218,89516052,902756,692,1,0
C020300,7873503,94482036,3337172,40046064,525950783,109046175,107651258,491843,730,0,0
C020301,3711395,44536740,2529352,30352224,125550547,21839046,21839046,317670,823,0,0
C020302,5262489,63149868,3013805,36165660,55674591,77397748,77397748,719455,708,0,0
C020303,4041388,48496656,2032799,24393588,236125353,50071776,38527231,205834,744,0,0
C020304,4541499,54497988,2861400,34336800,545390339,52612556,52612556,306757,811,0,0
C020305,4998451,59981412,3696196,44354352,157808800,62993186,53414721,805496,684,0,0
C020306,3473933,41687196,2993053,35916636,56484876,83771073,66006544,630419,734,0,1
C020307,4439897,53278764,3489172,41870064,271988116,29520337,29520337,338893,735,0,0
C020308,3343570,40122840,1785602,21427224,268896024,38930040,25702481,341276,811,0,0
C020309,6205850,74470200,4886528,58638336,594003252,103079976,93882971,455487,782,0,0
C020310,3409852,40918224,1818138,21817656,271114567,21196258,20980847,353272,797,0,0
C020311,2564209,30770508,1335077,16020924,392318064,40892476,33717857,214762,733,0,0
C020312,1841945,22103340,1159432,13913184,82930366,24530048,24514115,175521,784,0,0
C020313,4251425,51017100,3038847,36466164,63519897,60344491,44181687,452989,747,0,0
C020314,3196443,38357316,1699187,20390244,270212772,28555078,20450924,163093,899,0,0
C020315,4265592,51187104,2234808,26817696,61540764,33235222,33235222,564215,736,1,0
C020316,1858093,22297116,1175148,14101776,71607101,12952182,9077888,96488,838,0,0
C020317,6103714,73244568,4593203,55118436,267072611,53971807,45090354,230079,921,0,0
C020318,3041303,36495636,878270,10539240,222489391,28257276,28257276,252536,811,0,0
C020319,4541609,54499308,1135402,13624824,469438390,59202284,43776593,496294,824,0,0
C020320,3548153,42577836,2180374,26164488,125533898,53122631,37237034,279337,805,0,0
C020321,5087288,61047456,2633289,31599468,162726577,247224668,247224668,1703923,638,0,0
C020322,2381873,28582476,1643597,19723164,70993805,27032139,17822184,273472,746,0,0
C020323,5945567,71346804,3514029,42168348,509961268,84699544,84699544,946016,853,0,0
C020324,5426942,65123304,4123638,49483656,188634417,77511052,60246750,866162,704,0,0
C020325,2686915,32242980,1382086,16585032,102606280,22290116,11218801,53738,832,0,0
C020326,3290285,39483420,1865692,22388304,246126600,60979569,54017775,425599,693,0,0
C020327,5229961,62759532,3428922,41147064,758725657,89987375,54710938,454890,745,0,0
C020328,3768897,45226764,3098996,37187952,489064961,127609913,108183809,838816,737,0,1
C020329,5758457,69101484,4441634,53299608,231581137,68601700,54582766,650484,804,0,0
C020330,2117841,25414092,1078952,12947424,106770966,46501289,38319067,410783,773,0,0
C020331,1800000,21600000,1339728,16076736,56383274,22044576,21100559,234183,702,0,0
C020332,3261427,39137124,1836850,22042200,34193340,28309127,27405603,267929,787,0,0
C020333,4232316,50787792,3661680,43940160,269284977,86676103,69854078,494121,668,0,0
C020334,7463088,89557056,3375985,40511820,695323129,60698646,50241254,459726,835,0,0
C020335,3218094,38617128,1794691,21536292,165178838,38498008,23278044,476105,794,0,0
C020336,2441775,29301300,1383859,16606308,156724801,26164830,14511462,50000,854,0,1
C020337,3457918,41495016,2104291,25251492,376597675,26909540,19641557,305280,713,1,0
C020338,5125390,61504680,3771592,45259104,861065520,113808507,81934413,811736,758,0,0
C020339,3776605,45319260,1062135,12745620,451887215,60382216,54819694,422833,811,0,0
C020340,3791147,45493764,1618590,19423080,120425715,49097085,45780980,309645,763,0,0
C020341,3335482,40025784,1903210,22838520,560360976,19999875,9803471,215955,766,0,0
C020342,4722594,56671128,2229733,26756796,233213632,26366592,26366592,517633,817,0,0
C020343,2914359,34972308,1406627,16879524,273731828,28692288,28692288,276976,839,0,0
C020344,6680289,80163468,4837172,58046064,344971967,223532798,191187801,1516828,725,0,0
C020345,3763880,45166560,1436572,17238864,243465516,53203179,43037312,396536,744,0,0
C020346,5240335,62884020,3316155,39793860,93269219,47834872,27975228,104807,822,0,0
C020347,9074789,108897468,7396667,88760004,569456323,210468866,175610429,1871954,638,0,1
C020348,2866687,34400244,1638570,19662840,130273061,24317069,16300993,81368,746,0,0
C020349,3331351,39976212,2161088,25933056,136882876,95428635,75257922,813054,659,0,0
C020350,6532885,78394620,2863357,34360284,172284642,74888119,50778512,622350,761,0,0
C020351,2437416,29248992,1342832,16113984,235897948,8489704,8489704,104683,857,0,0
C020352,3254360,39052320,1807702,21692424,292837430,66491707,50957790,282190,821,0,0
C020353,4434943,53219316,2995395,35944740,349725506,67533392,45726301,477052,842,0,0
C020354,5922255,71067060,4171116,50053392,38931101,73832817,46660353,762214,784,0,0
C020355,5077848,60934176,2354294,28251528,113327813,43175634,19072635,113907,819,0,0
C020356,3635249,43622988,1740794,20889528,214979012,17686425,11883281,274585,757,0,0
C020357,2417431,29009172,1439177,17270124,117355226,18881033,5960241,194415,784,0,0
C020358,4120062,49440744,2243793,26925516,66805677,39052482,39052482,82401,778,0,0
C020359,4199177,50390124,1886399,22636788,139317827,115207528,101273290,737846,790,0,0
C020360,1800000,21600000,904885,10858620,49482143,31557802,31557802,315098,766,0,0
C020361,4884615,58615380,3212043,38544516,95136354,22640883,22640883,136002,772,0,0
C020362,3110395,37324740,994903,11938836,106982918,134694362,120655680,678590,778,0,1
C020363,5348954,64187448,3454329,41451948,281302680,118716800,99462212,599841,798,0,0
C020364,4940182,59282184,3610593,43327116,73392792,59003477,26193207,121742,815,0,0
C020365,3023185,36278220,1333167,15998004,212548821,38687840,31661738,339133,821,0,0
C020366,3879417,46553004,2777105,33325260,93970106,43797058,22675328,354824,773,0,0
C020367,7696983,92363796,4671840,56062080,179806800,99525232,58386820,696451,682,0,1
C020368,4098783,49185396,2516285,30195420,80959955,60064490,50252010,330736,837,0,0
C020369,4601923,55223076,3612154,43345848,303989250,24336018,15623632,294118,791,0,0
C020370,3343685,40124220,2971315,35655780,115034967,33905763,19664703,178942,746,1,0
C020371,4098454,49181448,2500515,30006180,563650542,36897160,11546379,233197,772,0,0
C020372,3224206,38690472,1453362,17440344,102267531,47748452,47748452,361653,814,0,0
C020373,4103683,49244196,2553444,30641328,222172043,47534080,17335616,507208,696,0,0
C020374,5535551,66426612,2638592,31663104,362939484,85000994,51757795,545543,817,0,0
C020375,2039253,24471036,897781,10773372,193882938,22981447,14716118,253922,853,0,0
C020376,4382304,52587648,2792232,33506784,405165403,84738985,76514540,851375,802,0,0
C020377,8518744,102224928,4239307,50871684,385451895,93747796,54555053,936491,720,1,0
C020378,3719236,44630832,2582677,30992124,40150070,11120220,7148658,252489,870,0,0
C020379,3185203,38222436,1644174,19730088,216701127,28138529,16144003,256372,826,0,0
C020380,3504999,42059988,876250,10515000,131292845,93067367,80228946,386336,748,0,0
C020381,2939598,35275176,2275807,27309684,93429498,50702291,35098805,332608,777,0,0
C020382,2733483,32801796,1223069,14676828,277718782,49730841,39727550,220875,780,0,0
C020383,4412425,52949100,2043922,24527064,276862461,31768331,22325358,157221,791,0,0
C020384,4197786,50373432,2860816,34329792,142784648,30588294,22436256,418871,775,0,0
C020385,1800000,21600000,1587727,19052724,31514553,18055023,8064230,64845,768,0,0
C020386,2995446,35945352,1803064,21636768,65217830,19625702,12219682,189479,718,0,0
C020387,6936718,83240616,2799135,33589620,286833261,110149161,110149161,989578,780,0,0
C020388,4430975,53171700,2906266,34875192,156620023,41673839,38038655,574215,865,0,0
C020389,2255329,27063948,1257611,15091332,169782096,28477688,23508933,318721,790,0,0
C020390,5155917,61871004,3416837,41002044,413451430,78935402,59695969,843654,775,0,0
C020391,3918473,47021676,1918127,23017524,512161684,46016796,26370898,78683,865,0,0
C020392,5463105,65557260,4037943,48455316,77094600,62058463,42336599,541522,734,0,1
C020393,7197323,86367876,3755389,45064668,320831381,32924680,17482876,342244,738,0,0
C020394,3583479,43001748,2101814,25221768,213161969,9623668,9623668,234929,839,0,0
C020395,2696356,32356272,1722692,20672304,126245203,21105418,14761266,105703,706,0,0
C020396,8973228,107678736,5356860,64282320,154325789,62552316,38992740,838120,807,0,0
C020397,4049512,48594144,2561190,30734280,114948878,65152038,50573995,368495,718,0,0
C020398,4631666,55579992,4147835,49774020,261783191,48756669,43784105,376383,825,0,0
C020399,5791819,69501828,4444705,53336460,416368398,81357754,52769993,272339,769,0,0
C020400,3955649,47467788,1556771,18681252,102087952,62624464,62624464,433242,747,0,0
C020401,3391545,40698540,1649903,19798836,155010193,81594324,70438071,652688,737,0,0
C020402,4607154,55285848,2693443,32321316,72401750,42126517,42126517,622259,829,0,0
C020403,1800000,21600000,761100,9133200,69604614,16333207,12151300,156071,859,0,0
C020404,4665181,55982172,2427855,29134260,323132924,44386053,21871999,93304,755,0,0
C020405,5904433,70853196,2341113,28093356,300228952,126335598,97648060,716986,700,0,0
C020406,4848270,58179240,3319100,39829200,712702618,79701028,52672876,577151,811,0,0
C020407,2430171,29162052,1755794,21069528,267211555,16803635,12451798,103328,879,0,0
C020408,6062547,72750564,3317940,39815280,325646196,99117768,75123960,432416,832,0,0
C020409,6449281,77391372,2610093,31321116,1083479208,73437865,60266204,645287,896,0,0
C020410,4671683,56060196,2772237,33266844,105911788,53195208,24510992,512684,804,0,0
C020411,11720206,140642472,7002902,84034824,652525363,71465689,45426466,320687,748,0,0
C020412,4520495,54245940,2790037,33480444,599315511,4385080,4385080,90410,890,0,0
C020413,2795342,33544104,1458045,17496540,46231454,13479040,9171795,195734,846,0,0
C020414,3367625,40411500,2385571,28626852,61042235,15951346,15951346,94207,699,0,0
C020415,6376972,76523664,3465578,41586936,216470331,81206436,71732880,575732,787,0,0
C020416,3065106,36781272,1957347,23488164,122883552,64483631,53237653,498696,729,0,1
C020417,3906393,46876716,2316313,27795756,255519503,77274622,77274622,778973,846,0,0
C020418,2933631,35203572,2156604,25879248,41054204,30629304,16560216,264258,743,0,0
C020419,2430061,29160732,1371145,16453740,61857023,45985205,37894053,241964,779,0,0
C020420,2868012,34416144,1439023,17268276,168778364,9614826,9614826,57360,884,0,0
C020421,6330839,75970068,2780817,33369804,134803986,102767489,89361570,446206,820,0,0
C020422,4153267,49839204,1851020,22212240,111363849,37147441,22037031,373696,819,0,0
C020423,2197633,26371596,1248592,14983104,69373706,26349403,14492198,154035,718,1,0
C020424,3949462,47393544,3052221,36626652,467535071,18228314,18055292,379760,741,0,0
C020425,4843889,58126668,2113424,25361088,83565689,44238431,33112692,490804,797,0,0
C020426,7490319,89883828,6018898,72226776,189060600,125641887,81143735,935645,763,0,0
C020427,4196168,50354016,2389647,28675764,187254860,83850768,61191254,636546,723,0,0
C020428,3416818,41001816,2244440,26933280,96548240,69194324,56627397,494078,663,0,0
C020429,2518726,30224712,1038264,12459168,74354786,43060029,43060029,443929,701,0,0
C020430,2669286,32031432,1295531,15546372,106181036,25632921,25632921,325716,796,0,0
C020431,5953446,71441352,3882118,46585416,907617612,115524055,115524055,746873,753,0,0
C020432,5170436,62045232,4244094,50929128,79698398,106107090,64941331,711871,720,0,1
C020433,2410331,28923972,1594605,19135260,192784813,12741949,12741949,99745,795,0,0
C020434,3196581,38358972,1404259,16851108,111796714,12605728,12605728,293258,745,0,0
C020435,3372919,40475028,1674853,20098236,166316657,48752130,43715124,305135,758,0,1
C020436,1926275,23115300,1070280,12843360,186266039,48483826,40484539,214204,745,0,0
C020437,4515547,54186564,2410987,28931844,191496689,51103823,40710136,403021,770,0,0
C020438,3055668,36668016,1202559,14430708,146547847,26769790,25220620,193996,898,0,0
C020439,2980934,35771208,1834806,22017672,252975978,31908057,31484121,168534,816,0,0
C020440,1800000,21600000,598814,7185768,48951197,22057637,11973694,204371,815,0,0
C020441,8542376,102508512,5561823,66741876,364976111,113404186,93760728,987993,710,0,0
C020442,2126520,25518240,940232,11282784,61476159,15924338,15924338,225755,758,0,0
C020443,4509034,54108408,1949490,23393880,91937311,53700859,41907497,177943,771,0,0
C020444,2587159,31045908,1305644,15667728,117890058,23620338,17976971,141208,836,0,0
C020445,4603079,55236948,1799232,21590784,91070314,80629773,46979919,271580,721,0,0
C020446,3569128,42829536,2662878,31954536,33632344,25820466,22957325,203823,740,0,0
C020447,5048556,60582672,1924130,23089560,590602551,10498401,10498401,100971,839,0,0
C020448,2445836,29350032,1565895,18790740,179602318,89957360,78426782,636885,719,0,0
C020449,2087185,25046220,1145203,13742436,207174327,21897635,18273603,96575,782,0,0
C020450,1800000,21600000,1528393,18340716,30615240,6887244,3206555,94168,712,0,0
C020451,6313610,75763320,4195821,50349852,521798772,61962865,61962865,618732,834,0,0
C020452,5027010,60324120,2822452,33869424,45602261,73047090,49457387,519027,824,0,0
C020453,3926093,47113116,1229391,14752692,240200908,76944893,47948163,593442,766,0,0
C020454,6002795,72033540,3326278,39915336,540726133,64187765,64187765,834915,750,0,0
C020455,3948812,47385744,2516065,30192780,147067090,20083599,17068897,325094,752,0,0
C020456,6845363,82144356,3936289,47235468,277252594,65360726,50073260,263746,808,0,0
C020457,7178285,86139420,3117448,37409376,483101470,86306241,47766850,309809,853,0,0
C020458,4226903,50722836,2906918,34883016,174340936,39767182,32974091,383455,722,0,0
C020459,5498124,65977488,4077465,48929580,247968658,71920817,55004923,405492,755,0,0
C020460,3176131,38113572,1845652,22147824,135933145,43741110,27669369,209471,805,0,0
C020461,5372980,64475760,3540214,42482568,92813043,32054991,22700068,288063,804,0,0
C020462,5692136,68305632,3725814,44709768,207169207,101804670,101804670,1033693,782,0,0
C020463,4390463,52685556,2176515,26118180,132229849,80700411,56294445,575768,750,0,0
C020464,1800000,21600000,1311536,15738432,28031787,9544165,9544165,210096,738,0,0
C020465,3144180,37730160,1470833,17649996,68760783,41434505,22545735,298083,793,0,0
C020466,5429664,65155968,2983677,35804124,331851456,51683369,45637387,516668,797,0,0
C020467,4536238,54434856,2788090,33457080,146792072,56393470,48454237,810802,708,1,0
C020468,2789244,33470928,1598072,19176864,127138865,44029646,33011224,220414,775,0,0
C020469,7266886,87202632,4723451,56681412,245146387,99302256,44904096,647664,763,0,0
C020470,7534857,90418284,5952187,71426244,294631232,97144694,96887604,902171,737,0,0
C020471,2901482,34817784,1918563,23022756,124087917,21345347,14088355,131982,833,0,0
C020472,6462971,77555652,2454505,29454060,398047632,35766555,12286664,129259,862,1,0
C020473,3651290,43815480,2162877,25954524,130882519,91039044,81666816,592005,935,0,0
C020474,4162610,49951320,1732797,20793564,84643749,54729172,46358513,524151,740,0,0
C020475,4061584,48739008,1478294,17739528,642281499,35744356,21719286,120239,834,0,0
C020476,5972765,71673180,4530586,54367032,229291478,121317910,91451127,609426,702,0,0
C020477,2717273,32607276,1898921,22787052,37436386,55058411,46501911,305128,690,0,0
C020478,3780242,45362904,2505218,30062616,258097351,41927581,36180269,367938,782,0,0
C020479,12000000,144000000,4330709,51968508,253105662,74647821,68006611,673521,862,0,0
C020480,2988890,35866680,1463650,17563800,107976918,67413930,46083208,324479,799,1,0
C020481,4095109,49141308,1762025,21144300,103275572,9276031,9276031,150244,741,0,0
C020482,6653746,79844952,4522114,54265368,277514129,97038724,76972377,814576,811,0,0
C020483,2895226,34742712,1426355,17116260,137215865,20734596,19031678,87263,897,0,0
C020484,5961692,71540304,4156630,49879560,91027675,101583637,68057709,615277,784,0,0
C020485,5619833,67437996,2773932,33287184,97904436,49363077,32151362,377328,759,1,0
C020486,2503200,30038400,1700255,20403060,150549032,150124341,126032817,882884,584,2,1
C020487,7230629,86767548,3502779,42033348,196027939,78162618,65482855,758697,760,0,0
C020488,5085809,61029708,1936663,23239956,68068886,171091914,150200690,1443350,791,0,1
C020489,1800000,21600000,1097442,13169304,131524739,41497376,34142369,224955,716,0,1
C020490,6845623,82147476,5254352,63052224,783216470,25797681,25797681,188047,779,0,0
C020491,3437788,41253456,1946337,23356044,245680174,111877168,111877168,808365,810,0,0
C020492,2295154,27541848,1709098,20509176,128252797,38916568,33685410,233894,714,0,1
C020493,4079049,48948588,2101974,25223688,70248012,55358102,50111038,761864,827,0,0
C020494,3236403,38836836,2266871,27202452,247254348,73000306,62564225,465279,736,0,0
C020495,2147789,25773468,1296769,15561228,63185110,13446167,13446167,245448,777,0,0
C020496,11201585,134419020,9037580,108450960,1134590116,131414185,103296283,1579895,793,0,0
C020497,6981357,83776284,4263817,51165804,339742927,100089746,67347816,725855,778,0,0
C020498,6641305,79695660,4309144,51709728,227433715,63437732,42427004,693254,706,0,0
C020499,3187472,38249664,1469882,17638584,252529805,69725704,63845727,695979,646,1,0
C020500,5066543,60798516,1483331,17799972,220089225,25137637,25137637,101331,755,0,1
C020501,5212240,62546880,3411701,40940412,875656320,62687022,42148503,506493,787,0,0
C020502,3383587,40603044,2370579,28446948,73890214,45029214,36286323,436424,800,0,0
C020503,2760237,33122844,1253550,15042600,211837675,60452521,51671018,564720,705,0,0
C020504,6893906,82726872,5369146,64429752,202938385,70067899,55034486,630068,629,0,0
C020505,1800000,21600000,760500,9126000,99520743,33573843,30448693,195890,696,0,0
C020506,5771662,69259944,2688540,32262480,382448417,65765264,56703291,443773,765,0,0
C020507,5128961,61547532,3085579,37026948,166685650,45445426,24634242,170638,816,1,0
C020508,3287520,39450240,1461905,17542860,129659207,29906623,22320211,198950,833,0,0
C020509,2058715,24704580,1244129,14929548,75655810,37169623,25382927,252701,829,0,0
C020510,2576919,30923028,1303872,15646464,110402656,18528435,9519250,51538,812,0,0
C020511,2386614,28639368,1066558,12798696,57183300,33626104,26882750,260443,823,0,0
C020512,6124283,73491396,3865286,46383432,279229714,132326725,103486001,1151826,726,0,0
C020513,6622325,79467900,3501268,42015216,93839012,77270925,68857390,1204467,690,0,0
C020514,2578876,30946512,1317505,15810060,213629488,39091118,36503126,334203,786,1,0
C020515,3278078,39336936,1583760,19005120,114530637,22496327,15052591,65562,832,0,0
C020516,2352668,28232016,1422344,17068128,192897421,24195693,11503707,125773,810,0,0
C020517,4945764,59349168,2549105,30589260,317218994,215023108,204879514,1531671,648,0,1
C020518,7930540,95166480,3652581,43830972,225925023,78474983,78474983,740358,800,0,0
C020519,3577144,42925728,1795051,21540612,298769009,95749022,84273205,645404,760,0,0
C020520,3362083,40344996,1916843,23002116,360800269,48881922,35457996,599745,711,0,0
C020521,5751658,69019896,3384960,40619520,461307976,101542771,84954389,719713,731,2,1
C020522,2819528,33834336,1108424,13301088,150234719,29013452,11071740,231223,743,0,0
C020523,6385701,76628412,3783235,45398820,523713043,69777188,53750574,172448,772,0,0
C020524,2121963,25463556,1583689,19004268,272561916,37820354,28339873,412058,695,0,0
C020525,3853630,46243560,2299629,27595548,647409840,84305119,73559783,507135,803,0,0
C020526,5468921,65627052,4181055,50172660,245956476,132244228,97787394,491882,654,1,1
C020527,2447502,29370024,1121566,13458792,169712741,18884295,17892206,162886,715,0,0
C020528,7042388,84508656,4276468,51317616,845719712,97675367,67080488,388524,803,1,0
C020529,5129236,61550832,3937560,47250720,292614166,16698848,16698848,489992,751,0,1
C020530,2360551,28326612,931248,11174976,54556690,26274272,14092301,264714,851,0,0
C020531,2061799,24741588,1269571,15234852,33997002,22527286,21783262,222011,865,1,0
C020532,3204466,38453592,2048322,24579864,177704039,30660556,26570260,400249,759,0,0
C020533,4573822,54885864,2417170,29006040,151453831,57850833,37318300,168121,883,0,0
C020534,4057770,48693240,1974479,23693748,112275673,64564351,45312475,246629,845,0,0
C020535,7394578,88734936,5110957,61331484,86555880,143640363,114268754,643722,707,0,0
C020536,3442268,41307216,1682773,20193276,174912975,31862029,25643933,329839,805,0,0
C020537,3643639,43723668,3411381,40936572,88376772,58932826,48634331,677224,703,0,0
C020538,4197035,50364420,2497894,29974728,705101880,102635528,74776859,443835,650,0,0
C020539,4785251,57423012,2672480,32069760,202024891,71179803,64989047,612178,794,0,0
C020540,3321619,39859428,1763395,21160740,152698241,34763798,18838614,232086,857,0,0
C020541,2370276,28443312,1418166,17017992,53576233,24223594,18137382,74028,884,0,0
C020542,5696222,68354664,3934652,47215824,395584346,26241617,20296030,574778,660,3,0
C020543,3106138,37273656,1658853,19906236,185744122,38787028,34325698,328250,793,0,0
C020544,5590355,67084260,2421162,29053944,302785290,287062951,270265588,1762976,746,1,0
C020545,3736018,44832216,1695097,20341164,147632687,56114119,46812504,345569,749,0,0
C020546,1837782,22053384,1000201,12002412,187102372,29058805,18892997,199591,809,0,0
C020547,3772403,45268836,1672682,20072184,127175442,72253640,50108445,386329,805,0,0
C020548,6899725,82796700,4124087,49489044,108701317,94626051,88980286,941137,762,0,0
C020549,5469031,65628372,1882978,22595736,478363264,31656364,26268241,214133,781,0,0
C020550,3944430,47333160,1894292,22731504,191265300,62566763,54043453,249228,834,0,0
C020551,5619430,67433160,1934507,23214084,186057315,141645747,119466415,875215,740,0,0
C020552,3005820,36069840,1010585,12127020,189026099,36101861,23918738,129903,883,0,0
C020553,6687945,80255340,4533351,54400212,252985204,52758683,48759334,890495,785,0,0
C020554,5918999,71027988,3572835,42874020,113521833,155542467,130331152,851480,696,1,0
C020555,5277031,63324372,3196229,38354748,103778329,16814546,16814546,179999,844,0,0
C020556,3999185,47990220,2363602,28363224,365978411,50750463,28778627,79984,847,0,0
C020557,8601574,103218888,4180173,50162076,825871047,91250425,91250425,576756,767,0,0
C020558,1800000,21600000,935014,11220168,16838761,9500236,9500236,172804,767,2,0
C020559,2001515,24018180,965320,11583840,55557269,19153053,11840903,135179,822,0,0
C020560,3131378,37576536,1489835,17878020,79351721,19848214,9468455,96274,868,0,0
C020561,8722602,104671224,3621651,43459812,206388538,65229823,31999085,174452,780,0,0
C020562,3878409,46540908,3630104,43561248,152910609,28211268,26523716,559066,662,2,1
C020563,1800000,21600000,997579,11970948,107458664,15862453,15862453,137112,756,0,0
C020564,2240884,26890608,1493522,17922264,144094214,43967064,34280714,257575,739,0,0
C020565,3555863,42670356,1326288,15915456,175152304,16185389,9455583,330710,815,0,0
C020566,4483956,53807472,2541143,30493716,175646994,61018448,39514715,205699,839,0,0
C020567,5932196,71186352,3573538,42882456,736775017,78693519,49285662,352899,751,0,0
C020568,4790691,57488292,1955595,23467140,232914257,56260243,34916966,95814,726,0,0
C020569,4087594,49051128,2414344,28972128,173570557,35921117,21637832,324075,733,0,0
C020570,5326635,63919620,2252051,27024612,471060665,86762754,86762754,266275,835,0,0
C020571,4554573,54654876,2975272,35703264,365023315,39557102,24505253,216244,754,0,0
C020572,2362651,28351812,1491637,17899644,54861044,63829718,45296604,273363,674,0,0
C020573,2022069,24264828,954416,11452992,69718192,30640964,28900913,345088,753,0,0
C020574,3188846,38266152,1804685,21656220,170972122,8901504,8901504,63777,741,0,0
C020575,4536862,54442344,2702093,32425116,96238257,146810142,139949577,931598,711,0,0
C020576,3890873,46690476,3107483,37289796,169198400,43289437,17304766,400013,766,0,0
C020577,4300074,51600888,2785355,33424260,182519503,40275827,23042818,362746,748,1,0
C020578,4775482,57305784,3118375,37420500,293254827,69615313,41453474,610678,747,0,0
C020579,2370884,28450608,1043018,12516216,96683107,13708561,13708561,207458,752,1,0
C020580,4849978,58199736,2904645,34855740,63279785,147946520,117931186,892639,713,0,0
C020581,7991489,95897868,4656006,55872072,450471557,91928274,78005998,1301730,764,0,0
C020582,3118138,37417656,1436274,17235288,58654453,71914630,65368516,503938,783,0,0
C020583,2242472,26909664,1149211,13790532,136127679,46275059,39565846,225577,752,0,1
C020584,2429285,29151420,1598182,19178184,201530349,13659397,13659397,281634,869,0,0
C020585,5769708,69236496,2801429,33617148,163478314,90501216,83957710,881327,813,0,0
C020586,3563758,42765096,1660676,19928112,71455051,57539547,44399131,365359,759,0,0
C020587,8705223,104462676,4527029,54324348,249144914,208609589,178839896,1035115,765,0,0
C020588,4533017,54396204,3210310,38523720,111208701,106823411,101391028,841351,728,0,0
C020589,2642013,31704156,686956,8243472,230529281,10471918,5903229,133030,838,0,0
C020590,3945385,47344620,2656174,31874088,291882944,32059319,16318109,199037,807,0,0
C020591,6132633,73591596,5577397,66928764,709698634,29882172,20417850,195602,708,2,0
C020592,4796426,57557112,2633873,31606476,242316444,78202068,73484658,735046,720,0,0
C020593,4514657,54175884,2727758,32733096,320984257,40723648,24700842,329185,755,0,0
C020594,4179161,50149932,2313329,27759948,50757400,62505933,41934392,406761,834,0,0
C020595,1800000,21600000,1007569,12090828,90696368,16615775,9284497,73184,769,0,1
C020596,2808960,33707520,1464641,17575692,59995307,33072673,19341972,298025,851,0,0
C020597,3696035,44352420,2509288,30111456,241987551,44871139,28880461,379446,787,0,0
C020598,2125619,25507428,1195040,14340480,156108722,19558339,11187912,74002,727,0,0
C020599,7619807,91437684,4990753,59889036,220930190,67417637,48929968,244723,746,0,0
C020600,8063725,96764700,3874512,46494144,464711510,98153901,55566594,1143608,844,0,0
C020601,5310695,63728340,2780172,33362064,54031910,120767766,73683856,1177506,703,0,0
C020602,4923807,59085684,2225416,26704992,787848649,72808740,62679347,415366,786,0,0
C020603,2935483,35225796,2154316,25851792,220303587,21907565,21907565,288523,649,0,0
C020604,5218879,62626548,2097852,25174224,91067166,100142377,67065842,703669,899,0,0
C020605,3322659,39871908,1497242,17966904,139422814,81681303,64860810,596691,741,0,0
C020606,4179056,50148672,3906996,46883952,100735731,47302614,29857969,512308,744,0,0
C020607,5546552,66558624,2711000,32532000,212468998,30196444,23006338,283686,826,0,0
C020608,3823576,45882912,2503528,30042336,167199317,33295073,22440100,588216,674,2,1
C020609,3933183,47198196,2584127,31009524,215644028,45199113,25914124,440696,760,0,0
C020610,3309436,39713232,1400673,16808076,143959472,53447156,49195076,484924,846,0,0
C020611,6486669,77840028,4923852,59086224,248540214,122011090,98112978,975949,867,0,0
C020612,6110231,73322772,2676225,32114700,224626558,70963189,32083939,190032,862,0,0
C020613,5980977,71771724,4673678,56084136,161094401,112902749,97940719,748110,727,0,0
C020614,1980898,23770776,783405,9400860,41490340,12064097,12064097,81700,754,0,1
C020615,4134091,49609092,2478336,29740032,235492015,47344460,42738875,457219,811,0,0
C020616,3979497,47753964,2015429,24185148,440812697,51762899,44243467,381801,855,0,0
C020617,1851892,22222704,962215,11546580,110309386,28522608,26230976,268624,838,0,0
C020618,2211596,26539152,1280630,15367560,149801352,66705799,62450097,413287,732,0,0
C020619,8456424,101477088,4404239,52850868,295072066,36671858,26666920,1044811,773,0,0
C020620,3233015,38796180,1605665,19267980,58155640,34442134,31096078,230975,722,1,1
C020621,3281254,39375048,2644128,31729536,74937562,7119288,7119288,129754,858,0,0
C020622,3856768,46281216,2881268,34575216,227982363,74206036,56228298,427882,771,0,0
C020623,1800000,21600000,819210,9830520,53938150,19078351,19078351,197508,791,0,0
C020624,3125231,37502772,2631821,31581852,150948101,32948702,27273291,466762,681,1,0
C020625,4203322,50439864,1997455,23969460,142312610,136813634,119312912,811327,800,0,0
C020626,4704086,56449032,1859585,22315020,260649693,98909731,88797873,444205,882,0,0
C020627,2734100,32809200,2394479,28733748,162910862,57914531,47475888,558169,605,0,1
C020628,2060283,24723396,1839823,22077876,35184534,41863987,35442079,304629,597,3,1
C020629,2330693,27968316,1374110,16489320,70473241,40581863,28217578,287871,725,1,0
C020630,2974017,35688204,2474261,29691132,196318161,33455363,18242831,147378,773,0,0
C020631,2285629,27427548,1237415,14848980,107653202,20160579,13314912,233610,722,0,1
C020632,3098495,37181940,1865888,22390656,114592559,16593715,7361971,419065,780,0,0
C020633,2895326,34743912,2479309,29751708,261827827,150113216,137930091,1005367,657,0,0
C020634,5843439,70121268,4938387,59260644,176719655,88321679,54363107,688765,660,0,0
C020635,2599627,31195524,1759021,21108252,287310927,31407028,22242756,318616,794,0,0
C020636,6868377,82420524,3246044,38952528,307362739,232468491,232468491,1602384,800,0,0
C020637,3710369,44524428,2017894,24214728,231853134,89688125,68489092,534308,786,0,0
C020638,5802227,69626724,2860302,34323624,504459117,101285015,77088105,582002,804,0,0
C020639,2719754,32637048,1414100,16969200,49002902,54654193,44582515,195878,767,0,0
C020640,3792013,45504156,2675965,32111580,114446022,44389526,27365879,451597,723,1,1
C020641,1800000,21600000,913682,10964184,59304984,24737585,21918737,133419,865,0,0
C020642,11795731,141548772,8450013,101400156,702492937,164064122,116298462,971305,706,0,0
C020643,9689923,116279076,7552166,90625992,150829194,109526078,68157882,1299264,767,0,0
C020644,3183149,38197788,1919607,23035284,52764773,16943777,16943777,500171,839,0,0
C020645,5337800,64053600,3848804,46185648,104522321,200464473,162879133,1250462,650,0,1
C020646,4968358,59620296,2430885,29170620,403555795,46909284,31616013,99367,830,0,0
C020647,3158024,37896288,2475097,29701164,388765596,62000741,51358185,596359,702,0,0
C020648,2770390,33244680,1172038,14064456,84270701,33768222,33768222,219613,839,0,0
C020649,2957616,35491392,1654993,19859916,59401724,35767556,23345312,430702,666,0,1
C020650,2818850,33826200,1701470,20417640,83115495,30698895,11515718,191322,683,0,0
C020651,2940943,35291316,1659815,19917780,108286707,35904232,35904232,182072,815,0,0
C020652,12000000,144000000,7507922,90095064,250117050,261106786,175338366,1176798,757,0,1
C020653,3229570,38754840,1583219,18998628,115392186,62007470,47208645,392964,711,0,0
C020654,4685720,56228640,2236512,26838144,336328436,90104454,70447071,463778,752,0,0
C020655,6707265,80487180,4351779,52221348,431792160,56588397,25634364,502923,801,0,0
C020656,3781227,45374724,2075262,24903144,58419797,89912076,89912076,651687,753,1,0
C020657,7577503,90930036,3105852,37270224,670344915,98523630,90043658,686917,802,0,0
C020658,5820623,69847476,2558712,30704544,977864664,10200945,8874844,647548,853,0,0
C020659,2921939,35063268,1769715,21236580,178870367,18272105,18272105,58717,830,0,0
C020660,3457253,41487036,2160104,25921248,340656890,35116953,28417367,408526,706,1,0
C020661,4961381,59536572,2908656,34903872,346702679,32362702,32362702,250123,817,0,0
C020662,5657363,67888356,3169176,38030112,181860226,28518393,28518393,418247,791,0,0
C020663,3496265,41955180,2138387,25660644,129391635,42933634,41975524,186654,714,1,0
C020664,3790556,45486672,2402769,28833228,515986048,45813631,26650797,309454,727,0,0
C020665,2430221,29162652,1443951,17327412,18245299,35717464,27794988,342478,709,0,0
C020666,7647590,91771080,3942265,47307180,534288147,43206092,25106643,454900,864,1,0
C020667,4241165,50893980,3184771,38217252,56009586,141553574,139468199,1027165,726,0,0
C020668,4129190,49550280,2203548,26442576,229580697,73458219,38970152,147016,700,1,0
C020669,5395659,64747908,3593362,43120344,400938406,46911972,46911972,107913,752,0,0
C020670,3648877,43786524,2785805,33429660,87353198,26725614,26725614,321022,798,0,0
C020671,4553112,54637344,2414544,28974528,164196307,88694789,60203233,721143,765,0,0
C020672,6500376,78004512,4362424,52349088,136497588,48435577,36987403,486393,779,0,0
C020673,2221682,26660184,1785786,21429432,321945144,9081358,7753452,108168,787,0,0
C020674,2632345,31588140,1744279,20931348,126342794,34702744,24295070,224418,750,0,0
C020675,4669483,56033796,2347878,28174536,79765414,125422025,125422025,589300,827,0,0
C020676,2602196,31226352,1470308,17643696,36367213,16301277,16301277,212040,817,0,1
C020677,6155961,73871532,3196640,38359680,244386166,128924400,128924400,953997,770,0,0
C020678,4849942,58199304,2806678,33680136,378755777,51231789,51231789,575135,923,0,0
C020679,12000000,144000000,7895783,94749396,252689046,205236856,157518298,1171364,755,0,0
C020680,3306401,39676812,2340997,28091964,369166193,29760985,19961933,284606,744,0,0
C020681,4369830,52437960,2513193,30158316,110342550,68077208,62683746,540200,783,0,0
C020682,3746393,44956716,1863560,22362720,287131131,49422597,48858646,95197,732,0,0
C020683,2326445,27917340,1596939,19163268,63004760,16634046,6774901,82746,822,0,0
C020684,2894034,34728408,1759022,21108264,169980372,32938049,17387361,257822,763,0,0
C020685,6895292,82743504,3810443,45725316,101865887,151489827,105787149,1053452,731,0,0
C020686,3280564,39366768,2224022,26688264,144763184,19954269,19954269,66742,811,0,0
C020687,2835917,34031004,1611715,19340580,50060481,63635209,51874857,565666,716,0,0
C020688,4629124,55549488,3422578,41070936,221710588,60248014,45000386,598424,749,0,0
C020689,1979690,23756280,1133166,13597992,59674314,16999521,4889835,50000,807,0,0
C020690,1800000,21600000,962240,11546880,106333074,16039641,8484157,111269,791,0,0
C020691,4180462,50165544,2156605,25879260,259936180,55983319,47018164,401272,909,0,0
C020692,2731575,32778900,1519189,18230268,142486724,43532050,40308963,284412,857,0,0
C020693,2017372,24208464,1601356,19216272,90400227,15225192,15225192,181685,829,0,0
C020694,5664013,67968156,3439230,41270760,247691291,75785614,75648977,1265951,750,0,0
C020695,3232308,38787696,1834360,22012320,83617799,73864429,55930270,307471,802,0,0
C020696,5526710,66320520,3896769,46761228,299347668,31408797,24904294,529933,734,0,0
C020697,3360250,40323000,2814722,33776664,323918433,48907087,48822518,240439,724,1,1
C020698,4203763,50445156,1612244,19346928,228818183,56162204,54648550,704356,820,0,0
C020699,3174805,38097660,1784853,21418236,21199205,28278903,16645603,226140,811,0,0
C020700,6034664,72415968,5616534,67398408,274493568,133805511,74332098,1226872,690,1,0
C020701,5392421,64709052,4165945,49991340,737300757,40441017,18881833,496387,739,0,0
C020702,5498468,65981616,3389388,40672656,382190734,47526791,24976580,562056,771,1,1
C020703,5597742,67172904,2725012,32700144,107607870,141436663,100365379,743330,715,0,0
C020704,4821224,57854688,1868044,22416528,384556197,29049916,29049916,96424,755,0,0
C020705,4848759,58185108,3805139,45661668,461191742,74260005,54598913,772297,785,0,0
C020706,3304917,39659004,1793390,21520680,196477124,31251240,22089580,481105,804,0,0
C020707,6499860,77998320,4468767,53625204,256156684,129120599,129120599,742356,775,0,1
C020708,3029892,36358704,1547973,18575676,76930628,54606958,43053508,231732,779,0,0
C020709,1800000,21600000,904558,10854696,75248606,22906879,19083093,204855,730,0,0
C020710,1800000,21600000,1184777,14217324,90381797,37524298,30868524,199818,811,1,0
C020711,6171142,74053704,2708612,32503344,180013989,93272164,85922099,976926,679,0,0
C020712,2039988,24479856,1142226,13706712,59280392,18251513,4570592,96525,784,0,0
C020713,4290538,51486456,2402268,28827216,86057433,29609938,20775884,630645,640,0,0
C020714,7694701,92336412,4200353,50404236,269853980,16469776,16469776,501433,780,0,0
C020715,3927051,47124612,2072070,24864840,270922380,54932610,49274277,459142,858,0,0
C020716,4594144,55129728,2835108,34021296,119133941,47395733,36889017,407682,807,0,0
C020717,4220047,50640564,3404138,40849656,463033700,66087418,50610342,521709,687,1,0
C020718,10065993,120791916,4554617,54655404,240638400,140727424,88100057,381438,875,0,0
C020719,4221756,50661072,1055439,12665268,153402419,30341815,30341815,152951,830,0,0
C020720,6414634,76975608,2940519,35286228,170638759,121921420,71777251,134298,777,0,0
C020721,4895971,58751652,2433196,29198352,35140665,34393210,26414001,309496,797,0,0
C020722,3545801,42549612,2331604,27979248,243914839,41394889,35236754,303155,824,0,0
C020723,2891819,34701828,1497075,17964900,111550527,14469400,10627689,224129,781,1,0
C020724,5233441,62801292,3285132,39421584,426916242,95397278,92622522,321131,779,0,0
C020725,6124155,73489860,3083060,36996720,182170474,73064658,52877006,544311,793,0,0
C020726,7552576,90630912,5835718,70028616,385314884,73973495,62188139,1378485,698,0,0
C020727,2354221,28250652,1072748,12872976,126929731,34935976,29167581,50000,841,0,0
C020728,1863972,22367664,976148,11713776,69100246,37996959,14648563,172906,798,0,0
C020729,8496331,101955972,5243916,62926992,328488695,222657828,207286441,1925889,806,0,0
C020730,5338996,64067952,3155135,37861620,89672908,37607119,20871229,106780,815,0,0
C020731,3345310,40143720,2020010,24240120,116020646,30832484,24296599,177975,694,0,0
C020732,3006953,36083436,2557615,30691380,179931948,65955155,65955155,554196,630,1,1
C020733,3475803,41709636,1387434,16649208,313932240,42992812,35141663,236191,763,0,0
C020734,5134698,61616376,2864928,34379136,149781296,50289055,24791383,364790,792,0,0
C020735,5660988,67931856,4824375,57892500,887699893,115538414,99415565,768627,854,0,0
C020736,2976562,35718744,1849046,22188552,195252126,19128248,10173719,202835,950,0,0
C020737,7048316,84579792,3847634,46171608,189627225,142036624,131291304,1414840,731,0,0
C020738,3599820,43197840,1663899,19966788,59204714,27387411,20506953,71996,868,0,0
C020739,3731302,44775624,2450816,29409792,474469448,176367049,155372401,1213525,659,0,0
C020740,4873348,58480176,3211058,38532696,328187478,119242994,109335545,918748,878,0,0
C020741,2984891,35818692,1426199,17114388,164362430,16865077,13605553,250513,790,0,0
C020742,2097970,25175640,943148,11317776,218567163,37761372,37761372,292187,781,0,0
C020743,3976661,47719932,2869576,34434912,153073751,21941201,10781847,429791,814,0,0
C020744,2866624,34399488,1617737,19412844,90045785,14635107,9957489,299084,840,0,0
C020745,3040416,36484992,1695721,20348652,229836234,42827480,42827480,410992,753,0,0
C020746,3507624,42091488,2372683,28472196,277746675,51663665,29506832,111660,729,0,0
C020747,4521247,54254964,2965395,35584740,94985972,22445748,4857916,374974,815,0,0
C020748,7840807,94089684,4782993,57395916,1317255576,95255646,93408567,630969,859,0,0
C020749,3634273,43611276,2183682,26204184,117761673,37358858,23656461,294629,727,1,0
C020750,5171542,62058504,4021189,48254268,497166053,48729022,34021494,103431,847,0,0
C020751,3021491,36257892,1604525,19254300,78733721,72677952,69868456,583174,783,0,0
C020752,5909129,70909548,3638122,43657464,128586770,40681636,36530796,417355,828,0,0
C020753,2326756,27921072,1059074,12708888,237624976,18166534,11747769,189191,826,0,0
C020754,2519602,30235224,1409466,16913592,102347128,31576295,31388165,329412,779,0,0
C020755,5095140,61141680,1273785,15285420,241744750,61951791,31028902,101903,795,0,0
C020756,5570595,66847140,3161677,37940124,225063709,89339899,76913046,660688,729,0,0
C020757,1800000,21600000,735780,8829360,24813809,19013853,16499113,174826,813,0,0
C020758,3076926,36923112,2284165,27409980,40876791,26362866,12003410,184765,806,1,0
C020759,3852014,46224168,2351036,28212432,501419305,64532431,43792827,469841,680,0,0
C020760,5504258,66051096,2859148,34309776,131502944,28127269,28127269,155661,804,0,0
C020761,8321452,99857424,7537895,90454740,1398003936,188991906,173079716,1625957,583,1,1
C020762,2528619,30343428,1814232,21770784,17513370,28109024,16303493,209364,757,0,0
C020763,2641938,31703256,1066216,12794592,101077030,35049349,23029946,166300,784,0,0
C020764,3504475,42053700,1525595,18307140,144062538,71240161,63869009,370293,743,0,0
C020765,5289948,63479376,4028057,48336684,242992680,100274122,82026998,571647,736,0,0
C020766,5536518,66438216,2533777,30405324,179499191,114492013,109480432,777421,817,0,0
C020767,2800114,33601368,1975511,23706132,69216321,60230329,55695089,546095,805,0,0
C020768,6627690,79532280,3278403,39340836,394966530,91565665,42805713,611529,799,0,0
C020769,6610654,79327848,3340751,40089012,458879144,74672681,65970440,289737,831,0,0
C020770,4317270,51807240,1694813,20337756,104605319,29244056,11765277,108999,785,1,0
C020771,2432767,29193204,1501161,18013932,78975858,41072381,34628354,440860,783,0,0
C020772,3082118,36985416,1730947,20771364,112585703,57287285,57287285,337980,772,0,0
C020773,1800000,21600000,1006135,12073620,27427477,26168095,13695508,236074,867,0,0
C020774,6898284,82779408,2327185,27926220,1069670837,55784057,44729183,557863,863,0,0
C020775,4248420,50981040,3719614,44635368,217228467,89746919,70060405,533460,762,0,0
C020776,3023099,36277188,1135504,13626048,507880632,42294226,36693405,350079,768,0,0
C020777,4422778,53073336,1944297,23331564,398584161,51179296,28553164,206881,783,0,0
C020778,5203234,62438808,4330097,51961164,157607387,90131418,68492585,659855,667,0,0
C020779,7263913,87166956,5269322,63231864,154235807,113206441,98315648,986766,743,0,0
C020780,7875098,94501176,3373487,40481844,297310185,148091538,98764990,591802,848,0,0
C020781,2890930,34691160,1781348,21376176,92003323,36064418,36064418,403352,676,1,0
C020782,5919629,71035548,3616068,43392816,290364149,136286100,82540286,660689,707,0,0
C020783,4204124,50449488,1687669,20252028,399110676,34549794,19433191,521829,836,2,0
C020784,1800000,21600000,858639,10303668,264639433,17142261,9828319,114519,752,0,0
C020785,12000000,144000000,10396222,124754664,519503801,97768965,84527123,1263776,677,0,1
C020786,3552742,42632904,2298750,27585000,168645504,44963515,38633845,482120,858,0,0
C020787,3240965,38891580,2592442,31109304,197122116,35395675,33005910,270262,828,0,0
C020788,3886682,46640184,2196299,26355588,164569042,56947465,56947465,448949,730,0,0
C020789,3146286,37755432,1845844,22150128,170598803,98147605,91171936,667089,717,0,0
C020790,2993218,35918616,1295297,15543564,118927362,63573661,36564710,170685,694,0,0
C020791,1895963,22751556,1070635,12847620,79903588,15528465,15085920,234841,743,0,0
C020792,6641845,79702140,4695055,56340660,235175072,59572038,59572038,858628,834,0,0
C020793,2469435,29633220,1535693,18428316,153665029,60359038,48018840,403652,759,0,1
C020794,2813559,33762708,1125847,13510164,78304270,17301380,9311930,249853,797,0,0
C020795,6729379,80752548,3107327,37287924,238244126,122963981,122963981,986704,835,0,0
C020796,5195955,62351460,3390384,40684608,106292337,20460607,10648185,168242,802,0,0
C020797,2929251,35151012,1580965,18971580,159002697,23968413,19950115,295530,747,0,0
C020798,1800000,21600000,1208909,14506908,96061749,7540260,5966592,148482,808,0,0
C020799,5191553,62298636,2227104,26725248,81893677,53327223,53327223,1055423,705,0,0
C020800,6787711,81452532,4713218,56558616,193560947,62877938,53170743,616577,767,0,0
C020801,5841700,70100400,2941876,35302512,239698829,75009028,50817405,453006,756,0,0
C020802,3452032,41424384,1771889,21262668,26637477,64488769,49860146,574041,734,1,0
C020803,8646752,103761024,5362150,64345800,165774339,136665818,106637997,1070393,742,1,0
C020804,2047682,24572184,880799,10569588,230782583,19609696,17728718,248354,811,0,0
C020805,4138680,49664160,2270734,27248808,103594152,128246600,107609109,832951,687,0,0
C020806,5005439,60065268,2461516,29538192,194808885,133462966,104208717,1304341,694,0,0
C020807,3541033,42492396,1908924,22907088,128092538,27236031,27236031,537874,784,0,0
C020808,6119053,73428636,4231755,50781060,248692788,95019873,80010166,547863,883,0,0
C020809,1939674,23276088,1231574,14778888,27076851,15858867,15858867,205328,754,0,0
C020810,2741095,32893140,2111492,25337904,102973538,52970975,43194080,339742,749,0,0
C020811,4435751,53229012,2323296,27879552,162678291,32500509,32500509,88715,803,0,0
C020812,2195589,26347068,1626873,19522476,235169599,18475232,12720332,115611,788,0,0
C020813,6148525,73782300,4257851,51094212,155221178,137336811,121701499,1392085,687,2,1
C020814,5076505,60918060,3209228,38510736,284805373,44168339,32478209,364683,774,0,0
C020815,2420888,29050656,1746024,20952288,94084623,58276909,51290932,472429,699,0,0
C020816,2356481,28277772,1926617,23119404,86288502,44827522,30004478,303535,756,0,0
C020817,5085835,61030020,2897357,34768284,208875003,72079980,72079980,778303,759,0,0
C020818,1973379,23680548,1171612,14059344,88437735,26141568,23229517,256506,876,0,0
C020819,3509083,42108996,1637330,19647960,273234770,59940218,41939988,453121,753,0,0
C020820,4399573,52794876,1937854,23254248,739128264,37212887,31170951,681587,822,0,0
C020821,4526025,54312300,3288317,39459804,220283221,63021373,58469655,645389,701,0,0
C020822,5253627,63043524,3078743,36944916,120415443,74255751,62309532,1034284,886,0,0
C020823,4438973,53267676,2042088,24505056,127295659,90710772,90710772,448426,865,0,0
C020824,3347772,40173264,2230413,26764956,363313156,43148429,28956088,474765,732,1,0
C020825,5394224,64730688,3721182,44654184,447905145,92161799,54369889,973452,645,1,0
C020826,4700023,56400276,2944024,35328288,30912946,192103196,192103196,1451110,674,0,0
C020827,4183027,50196324,2384884,28618608,234181034,65555646,33214625,463852,688,0,0
C020828,4404896,52858752,2362661,28351932,112044351,53094977,52902580,310380,812,0,0
C020829,3624305,43491660,2419917,29039004,278610955,45926577,35662776,530560,656,3,0
C020830,5917023,71004276,2863254,34359048,139157325,57005007,57005007,123997,764,0,0
C020831,3416762,41001144,1528397,18340764,163674172,36562873,36562873,214301,852,1,0
C020832,5229921,62759052,2997275,35967300,198923312,59158531,47793083,792390,742,0,0
C020833,4939135,59269620,3365703,40388436,829774680,48242163,24268732,390424,807,0,0
C020834,4649244,55790928,4166392,49996704,45170781,26200064,24499677,246795,752,0,0
C020835,3457131,41485572,1359775,16317300,253065393,16349117,16349117,313677,794,0,0
C020836,5525928,66311136,3186888,38242656,197406191,15105442,8524851,222074,832,0,0
C020837,6455013,77460156,3655740,43868880,246612670,73834979,73834979,728435,896,0,0
C020838,2300234,27602808,1468080,17616960,28357391,36216395,36216395,342521,730,0,0
C020839,3783681,45404172,1854143,22249716,98790010,151705177,132633923,629530,808,0,0
C020840,3422557,41070684,1296501,15558012,56880646,31998503,11211528,150609,834,0,0
C020841,2464290,29571480,1888273,22659276,61243716,115845376,111462142,753855,689,0,1
C020842,5056703,60680436,3862046,46344552,266402842,80937062,61893714,226947,842,0,0
C020843,3909199,46910388,2581542,30978504,76586166,30504450,24061451,135107,784,1,0
C020844,1800000,21600000,1234924,14819088,38580792,17251902,8261118,182610,809,0,0
C020845,4934237,59210844,2141099,25693188,739114347,50311888,41648117,311419,742,0,0
C020846,7095260,85143120,3696006,44352072,230222209,113992479,111413454,1286000,691,0,0
C020847,2236850,26842200,796198,9554376,59331385,51734278,32393112,275930,682,0,0
C020848,6000699,72008388,3273679,39284148,353224649,147758863,126483322,1365788,799,0,0
C020849,1800000,21600000,681362,8176344,162118842,9997937,9736415,137495,803,0,0
C020850,3644798,43737576,2186776,26241312,235055185,42300693,27196734,235001,768,0,0
C020851,1800000,21600000,849072,10188864,71277072,41506032,30914895,220646,720,0,0
C020852,4491975,53903700,3198013,38376156,86915277,112713215,93614473,791740,667,0,1
C020853,2636525,31638300,1812928,21755136,123778125,19238814,19238814,269129,758,0,0
C020854,4917313,59007756,2772863,33274356,339645176,67410218,38199458,610335,694,0,0
C020855,3265569,39186828,2229161,26749932,268584505,31684722,31684722,141992,760,0,0
C020856,4526806,54321672,3029089,36349068,145875988,140470166,110303811,1197603,681,0,0
C020857,4539562,54474744,2853704,34244448,105277656,64836066,48460351,477956,734,0,0
C020858,3437155,41245860,1350018,16200216,505581762,58181124,48661635,564081,772,0,0
C020859,3103295,37239540,2001166,24013992,272582525,38475950,33743169,247952,774,1,0
C020860,2249690,26996280,1873813,22485756,77996498,25347075,23126994,50000,862,0,0
C020861,7768587,93223044,5729395,68752740,408118296,97615891,47113732,334986,851,0,0
C020862,5190776,62289312,3088274,37059288,295045592,60467121,24257456,333911,752,0,0
C020863,4159322,49911864,3181527,38178324,183575490,38938256,24482275,311998,804,0,1
C020864,5436114,65233368,3461455,41537460,93342766,117481893,93262114,889785,725,0,0
C020865,4537603,54451236,2115820,25389840,246042220,84891101,52264618,492013,705,0,0
C020866,5167906,62014872,3747052,44964624,115764585,89248380,80116175,1167578,659,2,0
C020867,4020272,48243264,1912915,22954980,286819812,37057604,25418075,462016,820,0,0
C020868,7088306,85059672,3481781,41781372,690357294,63377316,52859497,255054,854,0,0
C020869,7181692,86180304,4919023,59028276,84390566,143156251,143156251,1399186,788,0,0
C020870,2441636,29299632,1588793,19065516,79744748,41453779,28848608,239552,803,0,0
C020871,4451355,53416260,3004190,36050280,530089194,144476008,130832970,935206,721,0,1
C020872,4143937,49727244,2244846,26938152,215159081,53887548,43713745,284965,808,0,0
C020873,4217494,50609928,2149131,25789572,106186685,83921684,58057624,783217,755,1,0
C020874,2731728,32780736,1504654,18055848,106268656,24718823,24718823,342799,763,0,0
C020875,2849254,34191048,2037762,24453144,84664323,20534085,9490252,56985,830,1,0
C020876,2329757,27957084,1004396,12052752,124290914,16985137,15863688,136573,763,0,0
C020877,2281927,27383124,1456689,17480268,71408590,24070793,13342736,50000,780,0,0
C020878,5438950,65267400,3591712,43100544,21422598,166953578,158664744,1423479,630,0,0
C020879,8305137,99661644,3426777,41121324,109535879,115970579,99188170,622868,865,0,0
C020880,11491010,137892120,5228117,62737404,443867063,123211711,77109883,907018,841,0,0
C020881,2489682,29876184,1806947,21683364,239424792,37579745,18031195,283848,636,1,1
C020882,8141531,97698372,3448625,41383500,723217608,59414867,52622005,764392,791,0,0
C020883,3457601,41491212,1731699,20780388,64516024,40659434,36422621,109919,868,0,0
C020884,3882995,46595940,2781722,33380664,608875117,43752557,16253522,251555,788,0,0
C020885,3287986,39455832,1609053,19308636,261419874,14116486,14116486,229780,785,0,0
C020886,2919553,35034636,1164514,13974168,279454347,70706459,57266203,434143,803,0,0
C020887,7033882,84406584,5056976,60683712,245268000,75482901,44481076,371947,902,0,0
C020888,6422268,77067216,6020137,72241644,174826846,87862759,85095090,692696,808,0,0
C020889,4880120,58561440,2855491,34265892,238918912,37620344,22621136,346387,763,0,0
C020890,3041112,36493344,1929143,23149716,198301303,42771420,39969991,275611,736,0,0
C020891,3791175,45494100,2413260,28959120,192676178,32995395,32995395,75824,884,0,0
C020892,10393550,124722600,6742342,80908104,443717849,109023200,98019524,1219495,776,0,0
C020893,4661605,55939260,2400487,28805844,50857927,56353960,32914712,553636,797,0,0
C020894,2884208,34610496,1972386,23668632,121507103,67333304,49150717,497071,701,0,0
C020895,3186219,38234628,1615602,19387224,175969749,48240743,48240743,271911,764,0,0
C020896,2561316,30735792,1629405,19552860,224512247,24591059,24591059,339764,737,0,0
C020897,3916501,46998012,2470020,29640240,208789914,61086515,43790292,774221,759,1,0
C020898,5415071,64980852,4636660,55639920,100046655,20808547,20808547,367433,814,0,0
C020899,4250974,51011688,2997304,35967648,61728659,34802210,34802210,227206,805,0,0
C020900,2467492,29609904,1880255,22563060,62967257,39439105,28902412,291825,722,0,0
C020901,3671019,44052228,2081671,24980052,100775060,35295628,21882258,323335,803,0,0
C020902,6159293,73911516,2952860,35434320,71804473,72585789,37763725,643806,787,0,0
C020903,6219434,74633208,2871922,34463064,185363353,126724911,121041549,1107951,852,0,0
C020904,4047704,48572448,2125585,25507020,134755677,85629195,79327428,680569,784,0,0
C020905,3191681,38300172,1664687,19976244,323875154,36360087,27250638,243096,776,0,0
C020906,3257142,39085704,2643633,31723596,49752147,31790958,15926617,287931,703,0,0
C020907,3283059,39396708,1697528,20370336,255380624,63156182,58336705,368007,819,0,0
C020908,6430771,77169252,5028615,60343380,262630316,143275570,134355298,1218758,762,0,0
C020909,2141763,25701156,1130637,13567644,69787376,19325706,14978256,189671,817,0,0
C020910,3911876,46942512,1715528,20586336,48958049,94085088,82415429,707582,807,0,0
C020911,3160576,37926912,2654621,31855452,101177560,117912390,112302353,850907,659,0,1
C020912,5136518,61638216,2901048,34812576,285229847,66275301,45752236,721096,822,0,0
C020913,3795255,45543060,1222146,14665752,198992317,52267025,37249989,510440,752,0,0
C020914,1800000,21600000,1446517,17358204,80003889,39278751,25291652,240660,755,0,0
C020915,5054016,60648192,2079958,24959496,849074688,60900910,52613814,328508,870,0,0
C020916,3190562,38286744,1906403,22876836,75419835,68366135,58540453,540869,810,0,0
C020917,4412930,52955160,1609700,19316400,187775495,6028797,5564526,285080,917,0,0
C020918,5581966,66983592,3428961,41147532,352672039,101788864,89386665,1007337,780,0,0
C020919,5558492,66701904,2760779,33129348,147110359,40479857,31449259,292907,821,0,0
C020920,3289608,39475296,932528,11190336,109141013,65711054,65711054,486319,778,0,0
C020921,5027121,60325452,1493115,17917380,233430023,33480272,33480272,333411,702,0,0
C020922,9562547,114750564,6588707,79064484,248127869,114894613,75011865,731727,766,0,0
C020923,3065342,36784104,1796216,21554592,367490316,53401679,53401679,633087,751,0,0
C020924,4922278,59067336,4239957,50879484,286251234,220243210,200406362,1337515,638,1,1
C020925,5259403,63112836,2313895,27766740,247531994,37081240,23819881,105188,819,0,0
C020926,3308880,39706560,2360337,28324044,34459713,40828206,30836965,462326,773,0,0
C020927,3398421,40781052,2664010,31968120,72764672,44166025,32498131,397913,668,0,0
C020928,2522695,30272340,1393880,16726560,423812760,41145649,33805957,417617,693,1,0
C020929,3405365,40864380,1787274,21447288,137984007,43575272,38730566,299147,756,0,0
C020930,2452562,29430744,1370562,16446744,80196263,46972625,41757921,411343,797,0,0
C020931,3875901,46510812,2939213,35270556,404317821,61059470,54284277,379991,836,0,0
C020932,4203281,50439372,1632745,19592940,385921694,75137226,62871489,448510,815,0,0
C020933,2722003,32664036,1950627,23407524,331207163,38383458,23943883,497684,768,0,0
C020934,6345790,76149480,4101610,49219320,1066092720,72644325,41388500,770961,623,1,1
C020935,4421710,53060520,3258497,39101964,214626741,78123469,69489414,538587,807,0,0
C020936,2544113,30529356,1368931,16427172,58513241,34452564,20851934,255823,808,0,0
C020937,3289863,39478356,1985697,23828364,177638045,24977478,24419082,264637,924,0,0
C020938,2424877,29098524,1665856,19990272,46587031,47104391,33433697,424180,739,0,0
C020939,2177877,26134524,1217774,14613288,148060842,20393998,12185753,184928,910,0,0
C020940,3385009,40620108,2717351,32608212,121109909,33296344,11327637,180185,869,0,0
C020941,5837216,70046592,3295880,39550560,103513948,55938241,32062618,116744,872,0,0
C020942,3153948,37847376,2202857,26434284,18371138,13107775,13107775,223119,776,0,0
C020943,3560514,42726168,1933328,23199936,35474560,50052865,35643670,124070,791,0,0
C020944,5122809,61473708,3849214,46190568,157253025,130981103,77611716,504625,693,0,1
C020945,4201539,50418468,1746307,20955684,71850580,30271431,18636349,247769,708,0,0
C020946,2893141,34717692,2196394,26356728,295558421,20293937,13824512,200022,797,0,0
C020947,2845691,34148292,1580717,18968604,41888709,30134851,22313357,280975,760,0,0
C020948,2600628,31207536,1357684,16292208,71521018,39888057,24081025,285748,810,0,0
C020949,5269208,63230496,2468749,29624988,312157747,7135076,7135076,312055,723,0,0
C020950,3769626,45235512,1918428,23021136,357264679,36695106,18671908,251624,759,1,0
C020951,5701163,68413956,2383993,28607916,234994023,57713253,30173115,882005,715,0,0
C020952,3275556,39306672,1625437,19505244,130309539,35286089,32913672,251612,826,0,0
C020953,3579472,42953664,1730306,20763672,347235648,54975888,43540341,410690,829,0,0
C020954,4575359,54904308,2391771,28701252,87794807,21562311,20351331,365720,758,0,0
C020955,3844571,46134852,1612276,19347312,60013211,66869096,53409578,606413,774,0,1
C020956,5363667,64364004,2641912,31702944,136700141,59953403,59953403,647815,724,0,0
C020957,3157826,37893912,1584628,19015536,282171890,43322565,27232613,212684,723,0,0
C020958,5240334,62884008,3258362,39100344,283762928,49164843,22948514,104807,817,0,0
C020959,6687224,80246688,4494408,53932896,851338524,143061207,124635551,842420,722,0,0
C020960,3272589,39271068,1807377,21688524,204916166,49724904,32751924,390162,810,1,0
C020961,5225353,62704236,1926719,23120628,161791529,52694984,39835913,378007,830,0,0
C020962,5669736,68036832,4903229,58838748,188026307,79097257,47374480,627384,722,0,0
C020963,2473201,29678412,1368085,16417020,250353999,46844927,31775404,226890,792,0,0
C020964,5448617,65383404,2561527,30738324,296515183,53121490,44510323,280301,823,0,0
C020965,3676347,44116164,1814360,21772320,237994789,21984865,21984865,315239,765,0,0
C020966,3712993,44555916,1548518,18582216,344407035,34508820,16826436,218505,840,0,0
C020967,3150249,37802988,1290824,15489888,529241832,18382896,9166751,316285,790,0,0
C020968,3181697,38180364,1460513,17526156,200675719,11620622,11620622,195832,791,0,0
C020969,4577422,54929064,3562405,42748860,67144201,57311042,40216148,548640,708,1,0
C020970,3758324,45099888,2448541,29382492,178477954,88569319,68344160,744357,651,0,0
C020971,5309484,63713808,3385388,40624656,224030340,63380722,63380722,721956,704,1,0
C020972,6834151,82009812,4495920,53951040,784349881,230549207,201504309,1391823,605,1,1
C020973,3177647,38131764,1758787,21105444,93444600,31322830,19134870,225418,815,0,1
C020974,4425310,53103720,3396271,40755252,236486151,21241289,8158952,257188,755,0,1
C020975,3076903,36922836,1863294,22359528,103634701,36325860,19843075,216381,708,0,0
C020976,4298440,51581280,3109351,37312212,138318941,33966227,33346098,442795,796,0,0
C020977,5260308,63123696,2669677,32036124,183604935,45588784,45588784,414685,869,0,0
C020978,7840805,94089660,4694978,56339736,239668505,36952583,36952583,156816,810,0,0
C020979,3222838,38674056,2455188,29462256,115046640,32887962,11625125,360861,789,0,0
C020980,2408004,28896048,1157263,13887156,110989526,26452433,15332753,169576,827,1,0
C020981,6126471,73517652,2287046,27444552,645112123,31139778,18521004,575288,795,0,0
C020982,6433753,77205036,3087688,37052256,238267212,68299106,28321649,620517,725,0,0
C020983,1913336,22960032,1327170,15926040,42127008,48741871,42093462,386813,736,0,0
C020984,5075611,60907332,2815083,33780996,210784702,26745795,26745795,107110,815,0,0
C020985,4029243,48350916,2261990,27143880,128731278,70799156,50514031,366148,797,0,0
C020986,4023173,48278076,1688567,20262804,136901129,53688285,35357707,178349,759,0,1
C020987,4269007,51228084,2245502,26946024,717193176,27402513,27402513,410646,761,0,0
C020988,2422506,29070072,1188913,14266956,110329827,46323296,40117898,278366,826,0,0
C020989,2493143,29917716,1285393,15424716,42068758,16261894,14811664,130443,775,0,0
C020990,3061043,36732516,1484324,17811888,268268994,38660053,30482755,265763,849,0,0
C020991,8986766,107841192,2795284,33543408,269040005,132050412,64736516,1015641,751,1,0
C020992,3574885,42898620,1346949,16163388,310539488,24202224,18274191,71498,816,0,0
C020993,3358690,40304280,2296816,27561792,172801010,49733637,34646324,419366,735,0,0
C020994,3404462,40853544,1691942,20303304,165019714,67736160,67736160,570435,729,0,0
C020995,5092404,61108848,3360323,40323876,463072755,88380703,88380703,478312,738,0,0
C020996,7400442,88805304,3536873,42442476,220155778,118308296,118308296,1195933,950,0,0
C020997,2797306,33567672,1344948,16139376,69294218,28547774,20075609,243509,775,0,0
C020998,3270959,39251508,1209276,14511312,18946222,39504767,39504767,413423,835,0,0
C020999,5228439,62741268,2832452,33989424,400368698,28504255,21751537,365461,839,0,0
C021000,4122772,49473264,1716823,20601876,318264915,72667303,72667303,706316,718,0,0
C021001,9408800,112905600,4025559,48306708,225014995,85302191,45108925,614712,847,1,0
C021002,4517140,54205680,2716319,32595828,126174992,71713231,45007947,527110,795,0,0
C021003,2608698,31304376,2264254,27171048,207699981,34647059,22217067,459128,750,0,0
C021004,4927567,59130804,3730280,44763360,150603940,47324142,17988548,516633,778,0,0
C021005,4789019,57468228,3385518,40626216,142469666,35889750,35889750,339287,850,0,0
C021006,3501259,42015108,1663419,19961028,204903039,53275347,36959845,315673,836,0,0
C021007,4632644,55591728,2466191,29594292,160483996,81474183,66333593,574104,779,0,0
C021008,5017898,60214776,3930422,47165064,93267839,61162342,61162342,556002,809,1,0
C021009,2791076,33492912,1284567,15414804,87182915,34317598,34317598,378263,850,0,0
C021010,3876242,46514904,1882906,22594872,190383614,65903008,35346452,367004,774,0,0
C021011,2607098,31285176,955433,11465196,79584098,50884264,31898855,261376,905,0,0
C021012,6198842,74386104,5106849,61282188,408682469,40132275,23444966,302108,745,0,0
C021013,4952204,59426448,3583592,43003104,179507465,66164354,44055987,871223,777,0,0
C021014,6643959,79727508,1938076,23256912,377117738,177760249,177760249,1744815,828,0,0
C021015,3185359,38224308,1107861,13294332,121711506,23389996,17832835,167968,789,0,0
C021016,4343354,52120248,2890845,34690140,78654778,50384119,40420709,516756,765,0,0
C021017,4474252,53691024,2959547,35514564,139469191,38224825,31011964,362716,834,0,0
C021018,1900427,22805124,1075525,12906300,142452498,27786240,18777134,241040,903,1,0
C021019,5488215,65858580,2651450,31817400,213018982,170058508,158847898,1314021,686,0,0
C021020,2128951,25547412,1339826,16077912,116307454,24054716,19262306,241089,830,0,0
C021021,5488706,65864472,3054038,36648456,206589494,83743659,83743659,672457,835,0,0
C021022,3224970,38699640,2566185,30794220,136696254,26281195,9501717,173841,882,1,0
C021023,4121878,49462536,3105379,37264548,94174850,50167985,28724141,512145,795,0,0
C021024,4930430,59165160,2121859,25462308,828312240,56257001,27204932,402084,717,0,0
C021025,1800000,21600000,512321,6147852,164823507,19373804,16894194,120162,778,0,0
C021026,3501574,42018888,1951066,23412792,116062892,68450856,40301828,300478,747,0,0
C021027,5057708,60692496,2141024,25692288,292855411,275989854,273116232,2119144,599,1,1
C021028,2390912,28690944,1419837,17038044,49118590,25571159,12475784,145438,829,0,0
C021029,3228406,38740872,2758838,33106056,98877786,71270031,59208545,697174,688,0,1
C021030,12000000,144000000,4588869,55066428,245754616,121633035,96415982,1016984,775,0,0
C021031,3827039,45924468,2715584,32587008,66108481,164910148,152659460,1245239,713,0,1
C021032,9286387,111436644,6302860,75634320,372688258,160887313,82740035,806266,758,1,0
C021033,4726080,56712960,1241073,14892876,429879706,104270400,84806438,1224255,715,0,1
C021034,5778721,69344652,3063965,36767580,284011587,139962108,118051680,1075940,870,0,0
C021035,2658908,31906896,1617466,19409592,129329527,31259657,31259657,318701,780,0,0
C021036,3044288,36531456,1881591,22579092,87921736,40002788,27400060,106937,740,0,0
C021037,6619743,79436916,1723873,20686476,215813386,162092483,158582192,1058433,847,0,0
C021038,2197027,26364324,1658891,19906692,120497553,37249299,32725154,247984,784,0,0
C021039,6172506,74070072,2960747,35528964,1036981008,130007211,111642739,1148622,813,0,0
C021040,3876143,46513716,3011521,36138252,126583024,14304332,14304332,94190,838,0,0
C021041,4422150,53065800,2249818,26997816,344666047,54252831,51617293,700813,803,0,0
C021042,6148767,73785204,4131503,49578036,1032992856,40317183,29502651,490933,837,0,0
C021043,4688708,56264496,3281933,39383196,564719098,34141582,27218772,93774,839,0,0
C021044,4765330,57183960,4270534,51246408,99865110,54705707,13978743,568005,604,2,0
C021045,8611124,103333488,5151869,61822428,91204541,86247596,50488627,721665,797,0,0
C021046,2627271,31527252,1218193,14618316,89976514,19575213,18689938,549414,879,0,0
C021047,9700477,116405724,6286186,75434232,506921564,178877099,158110557,1502634,839,0,0
C021048,7266473,87197676,4084945,49019340,258591710,40580819,18414193,594363,727,0,0
C021049,11504716,138056592,4178750,50145000,297067350,145053996,100316075,859143,860,0,0
C021050,6281979,75383748,2601364,31216368,283809270,41832279,38456525,568195,903,0,0
C021051,2964392,35572704,1853906,22246872,165987504,70962743,66045587,524297,759,0,0
C021052,4960695,59528340,1576229,18914748,145993595,56184055,56184055,820759,759,0,0
C021053,2866971,34403652,1245695,14948340,114818634,22018468,18744571,105958,796,0,0
C021054,2519196,30230352,918585,11023020,207834957,71112815,56335498,401179,740,0,0
C021055,5521262,66255144,2676012,32112144,74760514,76613336,76613336,348112,788,0,0
C021056,2951959,35423508,1457212,17486544,182091278,16732453,16732453,81736,805,0,0
C021057,2609144,31309728,959705,11516460,49714401,33798382,23779012,224766,912,0,0
C021058,3373607,40483284,1829486,21953832,104600965,28009059,23124101,212495,776,0,0
C021059,3801336,45616032,2156682,25880184,141046625,69278363,69278363,655182,827,0,0
C021060,4430765,53169180,1107691,13292292,579806033,99564404,98460110,438205,767,0,0
C021061,1800000,21600000,935086,11221032,77394241,13862447,13299448,231939,729,1,0
C021062,5190535,62286420,3000144,36001728,81907487,56004423,49757637,445140,792,0,0
C021063,3462642,41551704,1977779,23733348,260621065,17830065,13193174,162054,858,0,0
C021064,3346239,40154868,1130889,13570668,107809729,19550905,10187300,170683,722,0,0
C021065,7061554,84738648,3982304,47787648,317372109,139078499,94750297,1120733,813,0,0
C021066,4021012,48252144,2063556,24762672,325334980,186899557,169442626,1114579,725,0,1
C021067,4513856,54166272,2029921,24359052,224543192,147530577,136123677,1028840,696,0,1
C021068,9812671,117752052,4792882,57514584,211370006,157125125,103467251,971096,821,0,0
C021069,3302383,39628596,1835598,22027176,189796069,56651552,38003625,395816,760,0,0
C021070,3202546,38430552,800637,9607644,49298870,27733507,19380255,177501,852,0,0
C021071,11161015,133932180,6257868,75094416,257013154,235197959,182021957,1443719,740,0,0
C021072,3169803,38037636,1570943,18851316,96442471,21450547,16074592,197041,667,0,0
C021073,4185711,50228532,2990552,35886624,136523429,83820954,81437583,539286,822,0,1
C021074,1800000,21600000,1421864,17062368,131600526,37543736,24314803,303784,779,0,1
C021075,3263047,39156564,1894834,22738008,134879453,36100350,20951841,213173,787,0,0
C021076,3509596,42115152,2496804,29961648,173444052,33591819,17255320,153715,730,0,0
C021077,3686066,44232792,2529708,30356496,250459956,29304876,25753695,647891,848,0,0
C021078,3053915,36646980,1716736,20600832,289322540,15830092,14671258,256752,714,0,0
C021079,4700414,56404968,3162975,37955700,105019037,39414788,19046965,530903,839,0,0
C021080,3768201,45218412,1689806,20277672,269885369,29625434,15907574,80815,787,0,0
C021081,3302244,39626928,1193967,14327604,72498569,25603159,7860144,76475,757,0,0
C021082,4222415,50668980,2137770,25653240,65613533,38370472,33139530,481053,769,0,0
C021083,4441550,53298600,2203902,26446824,116519104,97463462,61581961,681554,763,0,0
C021084,5754353,69052236,3365789,40389468,200335453,84465304,65575998,480920,642,1,1
C021085,5465373,65584476,4796738,57560856,84562917,109388129,108946922,742268,727,0,1
C021086,2744083,32928996,1876000,22512000,139113461,22870116,20071031,166188,851,0,0
C021087,2550967,30611604,1084593,13015116,233086017,35991253,31612449,111105,792,0,0
C021088,6587787,79053444,5080769,60969228,166216083,117362693,97530234,795866,779,0,0
C021089,4877250,58527000,2457932,29495184,311300377,98568353,79909753,1121234,758,0,0
C021090,2305444,27665328,1447530,17370360,193091250,35703288,27872668,278623,821,0,0
C021091,5523666,66283992,3589902,43078824,247435882,32940220,21229720,543306,727,0,0
C021092,7606525,91278300,2822133,33865596,213309314,49333373,42468585,313552,773,0,0
C021093,2546790,30561480,1258779,15105348,141300844,79772388,64514063,595028,798,0,0
C021094,4708089,56497068,3540631,42487572,195849635,69654396,57039813,435465,728,0,0
C021095,2111776,25341312,1495920,17951040,82993781,14772202,14772202,124404,668,0,0
C021096,4074401,48892812,2644966,31739592,142894816,31244349,29341103,455516,781,0,0
C021097,4525360,54304320,3089786,37077432,260362612,64939634,59741098,570799,752,0,0
C021098,3032594,36391128,2144032,25728384,266400460,33700180,20178215,222733,753,0,0
C021099,2251181,27014172,1350030,16200360,59631251,21017452,14455980,216631,768,0,0
C021100,4490108,53881296,2103377,25240524,522194811,50297187,44669814,149384,857,0,0
C021101,2058789,24705468,930121,11161452,197533018,47352475,38284834,367692,849,0,0
C021102,4348551,52182612,1553795,18645540,118002469,74728873,51487791,401630,850,0,0
C021103,4811778,57741336,2431702,29180424,187740329,37914408,37914408,488276,831,0,0
C021104,5682368,68188416,4676719,56120628,63243415,47198818,47198818,541369,912,0,0
C021105,2480456,29765472,1197017,14364204,68323416,46517041,37982769,350784,866,0,0
C021106,2906543,34878516,1728352,20740224,412103806,27262228,10193669,184083,851,0,0
C021107,2386664,28639968,1572595,18871140,80804904,134156924,125725988,846205,764,0,0
C021108,2610736,31328832,1570491,18845892,92846296,103527916,89191824,518711,650,0,0
C021109,10692075,128304900,7967009,95604108,453510441,165728840,123083794,1758288,699,0,0
C021110,5618972,67427664,3417550,41010600,579579815,80522471,65870849,563153,874,0,0
C021111,5973894,71686728,2565932,30791184,783337830,88803008,66429867,628632,791,0,0
C021112,4483715,53804580,3044387,36532644,398825193,63554906,37910511,515910,871,0,0
C021113,4666995,56003940,3108884,37306608,150409268,101604305,85121644,956602,805,0,0
C021114,3810251,45723012,2643321,31719852,143499276,32822311,32822311,359750,726,0,0
C021115,2706234,32474808,1413935,16967220,131796576,104827322,97560882,773664,681,1,0
C021116,4397564,52770768,1390306,16683672,674818730,45343252,28451230,420696,728,0,0
C021117,5845765,70149180,3462473,41549676,297759240,71319748,63209839,724112,769,0,1
C021118,2694405,32332860,1406977,16883724,113114535,17502207,13000276,189730,794,0,0
C021119,2664554,31974648,1922552,23070624,447645072,45002728,35862627,355457,791,0,0
C021120,1800000,21600000,620893,7450716,145414946,25839437,24237829,218042,865,0,0
C021121,3417774,41013288,1519923,18239076,225235555,111375385,100083085,717935,779,0,0
C021122,11996735,143960820,4001074,48012888,622393930,452241222,409918024,3070606,820,0,0
C021123,5033931,60407172,2657240,31886880,262736791,30704174,30704174,421841,765,0,0
C021124,5304281,63651372,3097619,37171428,231506225,100750201,95283540,787335,735,0,0
C021125,2487701,29852412,946177,11354124,387242964,35644858,19986328,348499,702,1,0
C021126,2786706,33440472,2093762,25125144,288960326,40919643,34019552,358038,824,1,0
C021127,6050764,72609168,5127562,61530744,322290292,132097154,107909953,1038479,693,1,0
C021128,3491234,41894808,2229900,26758800,177604641,73720878,71838937,575864,814,0,0
C021129,2185653,26227836,1389173,16670076,152878172,65875001,65875001,416151,745,0,0
C021130,3583621,43003452,2558673,30704076,256121903,38028927,38028927,81190,796,0,0
C021131,4944248,59330976,2469354,29632248,309930272,58677801,27973895,302061,716,1,1
C021132,7885049,94620588,3910888,46930656,279046173,72213843,65027382,879509,807,0,0
C021133,2923265,35079180,2433760,29205120,149974866,82370410,74579258,745680,697,0,0
C021134,1902191,22826292,1045869,12550428,192148976,20132698,16199447,160410,845,0,0
C021135,2712177,32546124,2180547,26166564,416668707,21714236,16965320,245191,741,1,0
C021136,3169833,38037996,2017501,24210012,282695665,27478208,20347133,141677,761,1,0
C021137,4008953,48107436,1904312,22851744,361764623,39707173,25416948,288931,769,0,0
C021138,4044540,48534480,2310167,27722004,397036417,82773308,57228526,642188,780,0,0
C021139,3392035,40704420,1838471,22061652,92619465,42597316,42597316,235637,773,0,0
C021140,4520628,54247536,2325097,27901164,127339273,121816310,114961561,913383,775,0,0
C021141,5951669,71420028,4532915,54394980,76687445,99592322,55402475,541451,758,0,0
C021142,6612094,79345128,3336714,40040568,139971325,210887435,184287608,1402830,767,0,0
C021143,6305566,75666792,3906534,46878408,746121726,114639349,71635282,1000887,839,0,0
C021144,5165057,61980684,3326416,39916992,215664868,71499646,71499646,344512,713,0,0
C021145,4940231,59282772,2985773,35829276,175917013,70844919,33301947,260210,823,0,0
C021146,1800000,21600000,458868,5506416,153647062,8203624,4107797,127298,780,0,0
C021147,5046676,60560112,1952440,23429280,198519281,56924027,55363204,619906,769,0,0
C021148,3877266,46527192,1823091,21877092,171167694,47118806,25333234,233154,839,0,0
C021149,2766938,33203256,1267646,15211752,133432533,29719484,24078428,341469,758,0,1
C021150,6301418,75617016,4087540,49050480,173771484,162210118,162210118,1477696,709,0,1
C021151,4732146,56785752,1365632,16387584,61200237,35341059,25573213,222188,816,0,0
C021152,2129137,25549644,1708756,20505072,53428230,64795433,59771444,592749,620,0,0
C021153,4091773,49101276,3486468,41837616,297298931,60449739,60449739,335459,719,0,0
C021154,5730850,68770200,3727544,44730528,189523228,133629401,111245915,1023370,904,0,0
C021155,4028808,48345696,2796739,33560868,315861798,89471723,77343310,902228,788,0,0
C021156,2253972,27047664,1362707,16352484,28339861,39656834,34188753,282266,734,0,0
C021157,2802282,33627384,1591636,19099632,175933329,32257478,26040255,105550,816,0,0
C021158,3815264,45783168,2997536,35970432,120978078,19540811,19540811,76305,836,0,1
C021159,4865900,58390800,1239415,14872980,817471200,28624041,28624041,648249,704,0,0
C021160,4368658,52423896,1370057,16440684,263676733,88459555,68507096,862644,748,0,0
C021161,4799227,57590724,3715049,44580588,269731769,22998384,22998384,361581,793,0,0
C021162,2494895,29938740,1042432,12509184,58907188,31946668,31946668,136878,844,1,0
C021163,4187508,50250096,1921282,23055384,434790944,72776470,48243837,488044,700,0,1
C021164,4706412,56476944,2998995,35987940,481271485,69168399,48420870,259362,807,0,0
C021165,9070726,108848712,5466226,65594712,179405891,131294063,63201277,1003220,748,0,0
C021166,2374715,28496580,1016517,12198204,92191168,19096361,3791125,159505,853,0,0
C021167,3717710,44612520,1414866,16978392,154149923,31384319,31384319,173440,824,0,0
C021168,5192977,62315724,4152833,49833996,345656248,46320470,46320470,584164,740,0,0
C021169,3251618,39019416,2011700,24140400,252110199,84560598,63236822,537872,699,0,0
C021170,2438138,29257656,929504,11154048,180732347,42084757,40595219,158240,723,1,0
C021171,1800000,21600000,768341,9220092,95247276,22534415,17078062,51947,781,0,0
C021172,3739609,44875308,1925889,23110668,571740331,49945793,42497809,443291,840,0,0
C021173,2604765,31257180,1563181,18758172,74928328,14845153,14845153,52095,864,0,0
C021174,5125022,61500264,3411907,40942884,127892557,55455745,37238336,760222,749,1,0
C021175,2819978,33839736,1831155,21973860,158544451,28797569,17690635,264812,742,0,0
C021176,2630179,31562148,1364926,16379112,115041459,36825197,29391638,139311,796,0,0
C021177,3671852,44062224,2256034,27072408,62235813,29168451,26595525,486512,844,0,0
C021178,3676971,44123652,2396288,28755456,617731128,72904558,51151180,327046,772,0,0
C021179,6255942,75071304,3725062,44700744,438081103,102618731,98238628,888840,861,0,0
C021180,2402517,28830204,629608,7555296,105825087,26961534,14477168,111951,756,1,0
C021181,7107947,85295364,3210251,38523012,321837893,158083438,156420192,1163253,794,0,0
C021182,5423292,65079504,3180972,38171664,467097028,60505754,46249627,524341,843,0,0
C021183,7018958,84227496,4595752,55149024,552922963,88800405,88800405,937920,756,0,0
C021184,12000000,144000000,11595779,139149348,1541057604,95418734,95418734,785154,828,0,0
C021185,2621785,31461420,1750628,21007536,97032573,28518457,21740498,139387,863,0,0
C021186,2861035,34332420,1043065,12516780,72137742,14816737,14816737,171610,731,0,0
C021187,4729145,56749740,2334459,28013508,342663104,226753405,208164229,1361618,742,0,0
C021188,3294179,39530148,2834611,34015332,437228470,56868735,29453152,239490,678,0,0
C021189,7174974,86099688,2677734,32132808,372257030,103972261,92047394,1049084,828,0,0
C021190,6786456,81437472,3378545,40542540,356535130,106168761,63283407,439872,854,1,0
C021191,8893966,106727592,4935155,59221860,467495733,97254195,59787366,1124794,827,0,0
C021192,4446296,53355552,3056702,36680424,97520279,140239120,118351746,1074616,683,0,0
C021193,2665101,31981212,1434354,17212248,110002741,51320470,28363261,181458,828,0,0
C021194,3471201,41654412,2651960,31823520,34561427,56789562,56789562,394590,855,0,0
C021195,5202901,62434812,3488150,41857800,655151902,149562057,135422197,1275199,678,0,0
C021196,5293569,63522828,2630194,31562328,41413024,34176935,34176935,541401,832,1,0
C021197,2923737,35084844,1359886,16318632,263139860,20352583,20352583,58475,854,0,0
C021198,5638271,67659252,3175435,38105220,304805107,93500948,85423514,1099923,741,0,0
C021199,2974983,35699796,2018732,24224784,219168177,37483097,28200860,209567,726,0,0
C021200,4030819,48369828,2506052,30072624,42795977,40725558,40725558,297013,738,0,0
C021201,3216384,38596608,1523963,18287556,146159391,33964936,24142317,464639,773,2,0
C021202,4151206,49814472,1602810,19233720,287181259,71965845,64482517,564132,766,0,0
C021203,5251426,63017112,1510262,18123144,40168105,86365178,81158478,543607,784,0,0
C021204,5966179,71594148,3776741,45320892,290935425,176063967,168050135,1520368,737,1,0
C021205,2298814,27585768,1769280,21231360,103343062,6050277,6050277,125967,778,0,0
C021206,2305195,27662340,1294056,15528672,128432349,14370005,10464593,220419,815,0,0
C021207,6610515,79326180,4308005,51696060,1110566520,67621540,56523053,537471,694,1,0
C021208,7432260,89187120,3744464,44933568,545247750,56220391,42263066,601360,833,0,0
C021209,3322520,39870240,2129957,25559484,121738134,104325883,93629786,662522,783,0,0
C021210,5470128,65641536,2127352,25528224,491829749,49936806,21462661,746686,847,0,0
C021211,3201268,38415216,2225446,26705352,244021066,53647032,37924502,427991,771,0,0
C021212,2121176,25454112,989861,11878332,356357568,12523786,10611748,67178,755,0,0
C021213,5172649,62071788,1957893,23494716,131992421,103913260,76656478,656798,756,0,0
C021214,4461693,53540316,2724908,32698896,44195658,38058501,21064450,358445,780,0,0
C021215,2215882,26590584,829608,9955296,239556496,18214597,10249407,116716,839,0,1
C021216,7552140,90625680,2639946,31679352,115998022,114691284,114691284,1559921,833,0,0
C021217,3213797,38565564,1730800,20769600,176383911,45839537,37239676,251232,786,0,0
C021218,4539834,54478008,2617882,31414584,87953056,39124518,8742174,132241,891,0,0
C021219,3410241,40922892,2458266,29499192,37968874,33968637,33968637,163263,909,0,0
C021220,2216064,26592768,1760560,21126720,102104961,34553800,34553800,264329,683,0,0
C021221,1800000,21600000,1273941,15287292,199181286,29278288,17822288,188962,777,0,0
C021222,2542713,30512556,1246837,14962044,79394351,26629144,22504993,210661,798,0,0
C021223,6069792,72837504,2658480,31901760,118049866,128407039,102202209,873633,711,0,0
C021224,2745854,32950248,1646857,19762284,100369286,12449474,12449474,252868,820,0,0
C021225,7087941,85055292,2818225,33818700,259751018,49624125,49624125,656378,822,0,0
C021226,4834729,58016748,2464019,29568228,102515190,103132364,94987952,549654,753,0,0
C021227,3261467,39137604,1422571,17070852,82345752,72467004,67153776,492165,649,0,0
C021228,5161335,61936020,4065715,48788580,114567248,40813076,31831099,631291,751,0,0
C021229,3228686,38744232,1640891,19690692,117295317,57566311,49580282,679868,742,0,0
C021230,3997839,47974068,2375788,28509456,154321995,27088225,27088225,150426,778,0,0
C021231,7701193,92414316,4453630,53443560,499103235,97202259,74569081,882003,771,1,0
C021232,5078792,60945504,3318264,39819168,193961043,23005104,23005104,183222,860,0,0
C021233,3085430,37025160,2120167,25442004,518352240,56940061,45466711,270974,758,1,0
C021234,6176454,74117448,1544114,18529368,235828525,99568116,99568116,866581,805,0,0
C021235,4916246,58994952,2476537,29718444,266558507,104303036,84702836,362051,740,0,1
C021236,2530662,30367944,1732010,20784120,425151216,20358840,13097679,258825,647,0,0
C021237,5171413,62056956,3085334,37024008,208745834,65963414,51992551,818453,774,0,0
C021238,2245078,26940936,1331103,15973236,96936096,39389619,24647543,318632,724,0,0
C021239,6547883,78574596,4372894,52474728,309400717,14690708,14690708,130958,829,1,0
C021240,4300279,51603348,1813528,21762336,643649919,63910438,50372323,241075,782,0,0
C021241,9288907,111466884,4917761,59013132,382919623,189606037,148667394,1279360,790,1,0
C021242,3640925,43691100,2810018,33720216,88269522,18671436,18671436,371954,842,0,0
C021243,3885983,46631796,2299365,27592380,380383813,37756413,37756413,451257,712,0,0
C021244,2615048,31380576,1564732,18776784,78863842,39172162,33926824,304933,751,0,0
C021245,10888100,130657200,6715271,80583252,362538171,210566108,128959331,1222813,681,1,0
C021246,4644621,55735452,3240009,38880108,374963482,64002994,51804504,615239,843,0,0
C021247,6775886,81310632,3194468,38333616,308381963,112191271,84339812,714213,786,0,0
C021248,4243473,50921676,1978499,23741988,193858051,50404543,41565138,478358,813,0,1
C021249,5394297,64731564,2582564,30990768,104361794,58611013,54831175,499363,855,0,0
C021250,4628979,55547748,3202623,38431476,229890593,59889942,42417182,308403,885,0,0
C021251,6703353,80440236,2390389,28684668,177043120,59340996,13732847,279935,788,0,0
C021252,4170625,50047500,1042656,12511872,674135965,82545890,64861099,506687,874,0,0
C021253,4306085,51673020,2311512,27738144,567049783,54812661,54812661,587918,808,0,0
C021254,2658942,31907304,1492689,17912268,446702256,18829267,16331391,63085,739,0,0
C021255,9027982,108335784,4968720,59624640,520798137,42958030,42958030,409104,701,1,0
C021256,3143229,37718748,1183375,14200500,72600123,38836089,25498098,149947,816,1,0
C021257,9356088,112273056,6180063,74160756,660128917,104866196,101027806,1045920,790,0,0
C021258,2477035,29724420,979605,11755260,120116463,17219910,13772128,324958,822,0,0
C021259,3549250,42591000,2087620,25051440,204057367,25331175,20741392,439030,772,0,0
C021260,5507953,66095436,4058775,48705300,127546937,118821818,106674171,567508,777,0,0
C021261,6881826,82581912,3472967,41675604,372980846,50473839,18204090,657464,744,1,0
C021262,5434536,65214432,4334713,52016556,323189165,29154426,29154426,401883,744,0,0
C021263,9563644,114763728,5276732,63320784,110427622,75370442,46032750,386200,793,0,0
C021264,8717182,104606184,3768935,45227220,526837111,63166754,26288252,174344,796,0,0
C021265,5208430,62501160,2829724,33956688,143996334,195871331,180746347,1242834,730,0,1
C021266,3335787,40029444,1905781,22869372,121980273,73082289,72448027,561696,822,1,0
C021267,3659646,43915752,2450865,29410380,160701352,41524123,37737883,429830,893,0,0
C021268,6390589,76687068,2379277,28551324,1037960189,56016305,42343185,416914,751,0,0
C021269,3165838,37990056,2313963,27767556,42328300,55968795,36613201,495841,826,0,0
C021270,7444724,89336688,6332367,75988404,252703287,40321430,37655431,592088,681,0,0
C021271,4565876,54790512,3132324,37587888,435408880,46036745,38866811,754843,760,0,1
C021272,2720479,32645748,1762999,21155988,110475424,29322368,23806342,424991,754,0,0
C021273,8640008,103680096,7057791,84693492,685024525,51867315,51867315,1157443,794,0,0
C021274,3426111,41113332,1577790,18933480,121840236,21165341,18206901,68522,752,0,0
C021275,3472553,41670636,2848132,34177584,131686362,91346611,83312043,548569,835,0,0
C021276,4180916,50170992,1669171,20030052,179525603,159281641,145731799,1000677,713,0,0
C021277,4358199,52298388,2446194,29354328,128141304,45614497,27530247,708998,748,0,0
C021278,4824931,57899172,2729286,32751432,512519584,72336468,47721985,501593,753,0,0
C021279,1800000,21600000,939881,11278572,86383812,9065954,7197554,224841,800,0,0
C021280,8077821,96933852,5362334,64348008,1357073928,83020320,55825033,785985,693,0,0
C021281,5544552,66534624,3338891,40066692,221615247,41236204,34095014,660884,784,0,0
C021282,5183339,62200068,2924747,35096964,172397789,50459461,38565241,146144,790,0,0
C021283,6167355,74008260,2336834,28042008,449624997,44173035,35339129,600328,806,0,0
C021284,4862679,58352148,2580127,30961524,112501652,59351328,59351328,284891,790,0,0
C021285,4029406,48352872,3542862,42514344,177639553,69113906,60680188,512407,692,0,1
C021286,2433091,29197092,1717960,20615520,72232257,37095776,36885574,130067,763,0,0
C021287,4016601,48199212,2687006,32244072,83295474,19904658,14866775,223741,793,0,0
C021288,4201168,50414016,2934365,35212380,426993047,55878176,37561392,542117,705,0,0
C021289,3093897,37126764,2125895,25510740,77620495,27738891,27738891,375183,663,0,0
C021290,3443370,41320440,1503637,18043644,578486160,24782093,24782093,340827,854,0,0
C021291,3889985,46679820,2874191,34490292,193750100,26234231,26234231,77800,760,1,0
C021292,4992149,59905788,3289727,39476724,91890747,39081539,33569766,595920,761,0,0
C021293,4517496,54209952,2047814,24573768,247604440,79554762,49687450,314583,743,0,0
C021294,3204686,38456232,2004361,24052332,49862115,72591507,65548132,470982,695,0,0
C021295,3215275,38583300,1812192,21746304,171802668,11363542,11363542,95082,851,0,0
C021296,6411188,76934256,2568565,30822780,163754646,129014539,129014539,1153957,907,0,0
C021297,3154115,37849380,1233482,14801784,125171377,60675091,48843468,513185,779,0,0
C021298,3010496,36125952,1493621,17923452,254336650,38594454,38358050,419684,833,0,0
C021299,4488822,53865864,3558645,42703740,210820216,51064512,48571324,400314,835,0,0
C021300,5322407,63868884,3493395,41920740,315355417,68518756,60325913,511365,671,0,0
C021301,2983393,35800716,1313694,15764328,350535350,49592554,30122753,104241,814,0,0
C021302,3351235,40214820,1032130,12385560,116867950,28272455,24139945,154793,718,0,0
C021303,2802761,33633132,2202535,26430420,43654360,29462723,16937065,316484,731,0,0
C021304,4031217,48374604,2842842,34114104,129436375,35274509,23520729,330676,864,0,0
C021305,3504071,42048852,1977493,23729916,215554873,33860017,16201610,167583,762,0,0
C021306,3477079,41724948,1754842,21058104,118925024,61719440,39342633,438498,799,0,0
C021307,3949814,47397768,1345311,16143732,249300829,54124340,37567956,299649,834,0,0
C021308,7369186,88430232,4113066,49356792,233844577,72495704,50917143,668439,786,0,0
C021309,5756117,69073404,3522482,42269784,123895342,53849834,53849834,408195,802,1,0
C021310,3926427,47117124,981607,11779284,176451416,69395074,52433925,385324,804,0,0
C021311,4019990,48239880,3025585,36307020,82813522,34235230,34235230,636631,774,0,0
C021312,2011771,24141252,1294734,15536808,92692475,20236967,15622942,133812,722,0,0
C021313,5799126,69589512,3185101,38221212,153347973,76562806,51762167,346843,867,0,0
C021314,8199529,98394348,6510894,78130728,256261125,78245043,58408620,554146,649,0,0
C021315,2576558,30918696,1725147,20701764,51555095,19538382,10331336,51531,704,0,0
C021316,2474280,29691360,1195407,14344884,101927989,13866990,11357875,62869,935,0,0
C021317,7600541,91206492,4829206,57950472,114501885,90603288,82314885,956123,755,0,0
C021318,5295059,63540708,1851539,22218468,666661338,70824237,55222699,382965,725,0,0
C021319,5483286,65799432,3211558,38538696,124285341,39319397,39319397,163533,700,0,0
C021320,4685626,56227512,2912329,34947948,476467792,43406358,37782262,295724,808,0,0
C021321,3784120,45409440,1898908,22786896,91592143,17643917,13453907,120423,814,0,0
C021322,2233064,26796768,746227,8954724,58314091,18164073,17931233,160824,845,0,0
C021323,3004899,36058788,1758431,21101172,163272534,57401572,42521073,295024,874,0,0
C021324,9574726,114896712,4868902,58426824,632529872,280234555,243824775,1794324,677,1,0
C021325,6614273,79371276,4192056,50304672,84970846,111335218,96955458,1000381,677,0,0
C021326,7945919,95351028,3033013,36396156,530997343,151068804,108132144,883111,788,0,0
C021327,3036525,36438300,1665587,19987044,484766243,37434824,18659408,140455,720,0,0
C021328,2954959,35459508,2200843,26410116,323255881,59000920,45100989,515419,648,0,0
C021329,2480864,29770368,1767586,21211032,45902548,47849497,41954135,363980,679,0,0
C021330,6715978,80591736,3958948,47507376,405000358,30413033,30413033,396195,701,1,0
C021331,8212628,98551536,6065814,72789768,1005537472,214145651,214145651,1960024,815,1,0
C021332,6881093,82573116,3499699,41996388,367593776,70285068,27812736,159907,872,0,0
C021333,2095821,25149852,812003,9744036,78826121,35669669,32808078,281753,733,0,0
C021334,3643241,43718892,2072477,24869724,270857313,13677092,13677092,72865,840,0,0
C021335,2267676,27212112,1796444,21557328,81089598,25037224,16189001,321989,724,0,0
C021336,2978674,35744088,1554245,18650940,63731470,30376583,19904299,156803,804,0,0
C021337,3344996,40139952,2234855,26818260,26775413,15017424,11550535,143437,785,0,0
C021338,3735586,44827032,2459072,29508864,299435452,96940745,91209151,522571,705,0,0
C021339,7794185,93530220,3748865,44986380,171935838,275022895,275022895,2408985,749,0,0
C021340,2174280,26091360,1578420,18941040,109337167,21011401,9445882,223721,785,0,0
C021341,2563157,30757884,1132358,13588296,149550954,32249417,32249417,282814,847,0,0
C021342,4236663,50839956,2717412,32608944,127329189,31639679,22070854,304007,851,0,0
C021343,2000840,24010080,768072,9216864,144199336,39679471,32694291,389580,656,0,0
C021344,5496510,65958120,2672322,32067864,300539893,48009710,47687715,514765,765,1,0
C021345,6954950,83459400,4149020,49788240,340010929,27932524,27886879,927383,872,0,0
C021346,3501184,42014208,2418067,29016804,40933877,41868966,38436541,312069,726,0,0
C021347,8491715,101900580,6191998,74303976,140561277,101214790,83401613,1087159,702,0,0
C021348,4227677,50732124,2188173,26258076,75466255,105828497,99085843,1014302,663,0,1
C021349,2030200,24362400,1534240,18410880,286959352,108975865,105511284,857807,659,0,1
C021350,4483546,53802552,2197482,26369784,442467707,70582831,68214549,321077,858,0,0
C021351,1800000,21600000,1386833,16641996,216676347,73576511,68650847,469580,747,0,1
C021352,3539149,42469788,1850506,22206072,237306800,27873499,27873499,234366,894,0,0
C021353,3313107,39757284,1553716,18644592,180540119,36062456,28409570,286960,935,0,0
C021354,4977812,59733744,3033788,36405456,734212563,69389444,69389444,737943,831,0,0
C021355,2523141,30277692,1290023,15480276,63863420,12282771,7693185,50463,794,0,0
C021356,3916703,47000436,2606613,31279356,332731228,31319576,19887429,78334,868,0,0
C021357,5524590,66295080,3889325,46671900,301673201,34975974,24488452,110492,771,0,0
C021358,2529669,30356028,1380048,16560576,122017813,103672097,88362247,563487,685,0,1
C021359,3052400,36628800,2369776,28437312,449979572,39265943,26380088,244919,840,0,0
C021360,4672013,56064156,2690935,32291220,275322611,115931486,97097597,808146,775,0,0
C021361,3489462,41873544,2419072,29028864,94856663,49356979,49252876,606882,719,1,1
C021362,4929064,59148768,3430250,41163000,141382527,34947068,34947068,542941,764,0,0
C021363,3094296,37131552,1947410,23368920,139858172,48960366,29805731,392526,713,1,0
C021364,3204105,38449260,1856376,22276512,209969493,54521062,40327763,572168,766,0,0
C021365,5852643,70231716,2899250,34791000,339758256,197939242,197939242,1329055,731,0,0
C021366,4413419,52961028,3103939,37247268,149459158,32094122,32094122,402740,787,0,0
C021367,3725910,44710920,2832152,33985824,294645735,49267801,23528067,146333,746,0,0
C021368,2433608,29203296,1878359,22540308,145124439,38486941,24895121,314749,692,1,0
C021369,2477919,29735028,1363987,16367844,153839547,25285166,10971109,157670,737,0,0
C021370,4009649,48115788,1696732,20360784,293402684,42634475,38314864,255275,918,0,0
C021371,3234372,38812464,1437145,17245740,71202109,24765479,16033191,396609,855,0,0
C021372,5208736,62504832,3994014,47928168,154779658,41213505,18953814,104175,760,0,0
C021373,5345326,64143912,3707180,44486160,68440767,72739556,58644836,659654,689,0,0
C021374,4056789,48681468,3582255,42987060,63276011,28385377,28385377,216172,896,0,0
C021375,4413733,52964796,2374964,28499568,277503137,19965779,14889327,279495,765,0,0
C021376,5808887,69706644,2938487,35261844,346428304,34260414,28054097,248086,907,0,0
C021377,5571653,66859836,2924619,35095428,22951592,53568588,41782900,527351,824,0,0
C021378,6182579,74190948,5461307,65535684,429706070,129165659,95866276,985953,717,1,1
C021379,3658306,43899672,2133867,25606404,177403283,57982654,45938978,523130,717,0,0
C021380,4623126,55477512,2581219,30974628,219502093,154933655,146506144,1192641,732,1,0
C021381,3357457,40289484,1422565,17070780,52912235,40056007,40056007,190145,800,0,0
C021382,3605598,43267176,2074836,24898032,130401972,79805570,64451040,654692,725,0,0
C021383,4605467,55265604,2950008,35400096,265867934,143821953,99978434,748674,779,0,0
C021384,3084376,37012512,1973428,23681136,239069023,35032651,22237120,190653,887,0,0
C021385,4802412,57628944,2894659,34735908,150076050,54758666,54758666,541393,791,0,0
C021386,5931335,71176020,3335897,40030764,278566695,86262814,86262814,1025899,777,0,1
C021387,5283308,63399696,2651680,31820160,107207263,61436071,51481348,328521,735,0,0
C021388,5019231,60230772,2286256,27435072,371508003,44889580,41980041,475069,774,0,0
C021389,4538152,54457824,4308740,51704880,214742601,47158207,16629995,325369,747,0,0
C021390,6453348,77440176,3161051,37932612,298177638,63974886,46012771,375504,906,0,0
C021391,3575310,42903720,2581217,30974604,504092135,40721137,30121512,469837,735,0,0
C021392,3308307,39699684,2020768,24249216,264182180,34547800,34547800,366044,808,0,0
C021393,2229183,26750196,1228363,14740356,18962196,22973485,14940524,173864,846,0,0
C021394,4201064,50412768,3130884,37570608,345163908,72994723,72994723,490114,750,0,0
C021395,6325227,75902724,2496278,29955336,70075906,218853637,181102850,997597,717,0,0
C021396,3452869,41434428,2219866,26638392,44535603,40596923,40596923,237796,826,0,0
C021397,8652448,103829376,4165693,49988316,660526310,162610837,134600934,1386242,770,0,0
C021398,5302148,63625776,2074383,24892596,108018784,118094325,104891110,1263003,786,0,0
C021399,6037014,72444168,3077557,36930684,53178035,65377434,63022000,378232,865,1,0
C021400,6103306,73239672,3810985,45731820,209618616,49536975,29852703,606098,776,1,0
C021401,5513716,66164592,3911099,46933188,295096911,59375600,35688585,431501,815,0,0
C021402,7482809,89793708,4607397,55288764,705282125,63173110,37451910,175841,852,0,0
C021403,2601229,31214748,1778885,21346620,19057944,42228213,37967284,454128,746,0,0
C021404,4260492,51125904,1340337,16084044,339061052,63348433,53926834,696380,808,0,0
C021405,3664642,43975704,3002686,36032232,107385927,63665634,31032178,165674,691,0,1
C021406,2966767,35601204,1667107,20005284,98684063,9942666,9942666,137960,817,1,0
C021407,3070879,36850548,834523,10014276,81116391,41762768,24848452,310905,822,0,0
C021408,2885271,34623252,1526733,18320796,136850870,26436618,6268491,245055,751,1,0
C021409,5177721,62132652,2783862,33406344,283854046,94295621,75273373,983856,781,0,0
C021410,3260933,39131196,3057132,36685584,200399069,16859600,16859600,303419,704,0,1
C021411,6693847,80326164,3926838,47122056,259598650,60926953,44231799,660945,774,0,0
C021412,7414191,88970292,4267645,51211740,292272913,99306006,99306006,1413913,912,0,0
C021413,5648023,67776276,2839483,34073796,148228037,127051947,99475768,804041,723,0,1
C021414,3245842,38950104,1363592,16363104,248689628,21434121,15084050,242231,907,0,0
C021415,10051303,120615636,7656254,91875048,949355868,159471343,93264332,1086138,781,1,0
C021416,4082477,48989724,1759676,21116112,112326988,41714357,31803731,230327,856,0,0
C021417,5409968,64919616,3072282,36867384,185670792,47034353,14024642,157682,875,0,0
C021418,6018874,72226488,3380499,40565988,1011170832,111489708,94366532,736159,773,1,0
C021419,2593646,31123752,2113173,25358076,91051479,22625229,13465047,134992,748,0,0
C021420,4828423,57941076,2593527,31122324,70558636,17706313,17706313,264404,841,1,0
C021421,5019563,60234756,3137218,37646616,326998528,99696867,88171231,658458,852,1,0
C021422,3379701,40556412,2697728,32372736,304687712,112534421,111332356,1041010,779,0,1
C021423,5427432,65129184,2467322,29607864,144683820,133292493,120464531,945097,836,0,0
C021424,11369840,136438080,5909393,70912716,498850311,102076111,79335751,271223,757,0,0
C021425,2480031,29760372,1847015,22164180,90407236,133921674,133921674,776493,698,0,1
C021426,3920122,47041464,2208035,26496420,110518375,21479868,21399256,78402,823,0,0
C021427,5770734,69248808,3594211,43130532,351131225,19168689,19168689,152653,764,0,0
C021428,3422987,41075844,1834732,22016784,76878530,56427383,35817336,498891,835,0,0
C021429,4913658,58963896,1772073,21264876,303272392,286464615,253928337,1558237,727,0,0
C021430,3790322,45483864,1666158,19993896,79645721,21265461,13735459,514669,828,0,0
C021431,2364889,28378668,1071607,12859284,143225223,15091045,10804506,115122,847,0,0
C021432,3108974,37307688,1496862,17962344,257144451,9528153,9527090,167107,916,0,0
C021433,7955697,95468364,6579922,78959064,107795799,140219122,89227594,1361577,701,0,0
C021434,2901097,34813164,1582886,18994632,41573438,32436998,32436998,281049,803,0,0
C021435,4441314,53295768,2893272,34719264,390022738,40316096,29421267,203500,793,0,0
C021436,3435672,41228064,1948242,23378904,67498157,30169001,30169001,435704,765,0,0
C021437,2487601,29851212,1211185,14534220,176551871,14266641,13800464,50069,815,2,0
C021438,5892555,70710660,4378279,52539348,752974412,36839101,36839101,136158,821,0,0
C021439,3623821,43485852,2088919,25067028,77183040,22380508,22380508,341013,892,0,0
C021440,3491312,41895744,2865623,34387476,374344346,50814581,23285608,336685,786,0,0
C021441,4606303,55275636,3408379,40900548,122450829,42456359,23724182,513733,781,0,0
C021442,3644236,43730832,2059407,24712884,63486307,33653219,21684595,461474,740,0,0
C021443,2812414,33748968,1961255,23535060,359327401,48843601,27329534,247964,727,0,0
C021444,5572248,66866976,3577440,42929280,105685586,41722145,25361324,810442,744,0,0
C021445,4611254,55335048,2646452,31757424,24131135,43687260,29965139,92225,807,0,0
C021446,7071873,84862476,6096823,73161876,116707270,58621829,32776094,745224,772,0,0
C021447,7498018,89976216,4584862,55018344,103684140,81167068,41594811,673941,792,0,0
C021448,4412642,52951704,1934633,23215596,80440656,31371636,18416600,361116,792,0,0
C021449,3849995,46199940,1415764,16989168,259647992,10615314,8718934,77000,797,0,0
C021450,3187606,38251272,1592619,19111428,320500218,33551207,12129930,295231,737,1,0
C021451,2851337,34216044,1837411,22048932,195332766,43124493,37849463,366485,823,0,0
C021452,5271709,63260508,2791817,33501804,278279397,34049815,25190929,516398,822,0,0
C021453,3417667,41012004,2216046,26592552,177210911,40006800,39961373,332122,837,1,0
C021454,2627678,31532136,1357226,16286712,194977201,50845478,34141888,348722,674,1,0
C021455,2191300,26295600,1416365,16996380,181984666,26840276,17900055,160099,729,0,0
C021456,3290284,39483408,1783763,21405156,45945684,45294039,31544815,99772,779,0,0
C021457,2128387,25540644,938195,11258340,86442674,44571133,36535249,254622,730,0,0
C021458,7107682,85292184,4016804,48201648,938088329,61754256,47667926,351806,881,0,0
C021459,3804661,45655932,2037531,24450372,493101875,36309918,22181017,104427,804,0,0
C021460,6530817,78369804,4936310,59235720,204187482,31809329,31809329,423989,760,0,0
C021461,4255155,51061860,2634323,31611876,203722853,7856060,7856060,246415,844,0,0
C021462,4402650,52831800,2494625,29935500,251145852,52871989,50584196,351625,794,0,0
C021463,3985787,47829444,2629768,31557216,153770944,34936416,27653694,282168,677,1,0
C021464,2927140,35125680,1811414,21736968,439914917,29997392,24204897,192119,838,0,0
C021465,2497309,29967708,1289838,15478056,103073744,17455856,17455856,251600,760,0,0
C021466,5173947,62087364,3428106,41137272,324592825,177453794,166434055,1251622,768,1,0
C021467,3820654,45847848,3641167,43694004,235689419,40769446,29873382,363764,794,0,0
C021468,9290830,111489960,7397590,88771080,308145932,116966338,66892719,785426,692,0,0
C021469,2210817,26529804,862682,10352184,122685244,22735876,14512642,139759,758,0,0
C021470,8688307,104259684,5744721,68936652,349975514,167278064,151875877,1403206,750,0,0
C021471,6661509,79938108,2152873,25834476,65482658,78092496,72882274,589212,838,0,0
C021472,3770365,45244380,2807203,33686436,209163339,45604950,27538622,75407,809,0,0
C021473,4073378,48880536,3069109,36829308,114846126,97641556,81076029,538791,711,0,0
C021474,5647939,67775268,3154485,37853820,948853752,106357022,70564965,800136,724,0,0
C021475,1971787,23661444,1267178,15206136,128208918,13775988,8029954,140778,763,0,0
C021476,5453552,65442624,3930320,47163840,152019008,82291304,48815602,675277,870,1,0
C021477,2953114,35437368,2301312,27615744,75170966,38606354,29161338,409536,751,0,1
C021478,6062404,72748848,3205360,38464320,241573054,194686336,172275189,1202222,707,0,0
C021479,3737174,44846088,2035417,24425004,107096805,25277644,18602231,344364,780,0,0
C021480,8709192,104510304,7072190,84866280,786968001,193549072,158016265,1473020,781,0,0
C021481,6403795,76845540,3347355,40168260,354457259,91427733,91427733,673711,796,0,0
C021482,4179331,50151972,2820938,33851256,358309522,60918321,45560822,602565,694,0,1
C021483,3969463,47633556,2306249,27674988,167298467,53899552,37606526,373581,734,0,1
C021484,3538604,42463248,2358085,28297020,130743082,43939479,42006440,345614,915,0,0
C021485,4304199,51650388,2819735,33836820,115250872,93932555,91259140,619719,735,0,0
C021486,4429821,53157852,2579184,30950208,321855633,68278521,63444654,430359,767,0,0
C021487,2870718,34448616,1878972,22547664,482280624,58576917,38862601,368768,776,0,0
C021488,2856484,34277808,2159935,25919220,111482719,57699345,38318097,158739,804,0,0
C021489,4869145,58429740,2879184,34550208,372345154,70412592,60712316,468129,877,0,0
C021490,1984300,23811600,1370306,16443672,52260470,77233803,70838757,507489,741,0,1
C021491,3931646,47179752,2217667,26612004,90645315,73335742,47531527,501944,737,0,1
C021492,5933222,71198664,3164851,37978212,141784342,37918944,21139032,389643,836,0,0
C021493,2346723,28160676,1489743,17876916,43628348,109090746,102761361,783929,754,0,0
C021494,3860664,46327968,1890875,22690500,201679570,26421580,20260959,83838,813,0,0
C021495,3380293,40563516,2783001,33396012,36566203,32136667,32136667,360440,709,0,0
C021496,6551803,78621636,3012798,36153576,199873880,250647400,219998589,1390208,694,0,0
C021497,4879474,58553688,2533879,30406548,76755252,91685356,67991472,742084,755,0,0
C021498,3842611,46111332,2576239,30914868,216522129,99740150,83078639,751824,709,0,1
C021499,4440010,53280120,3379028,40548336,55473791,30422737,30422737,333382,917,0,0
C021500,2847136,34165632,2470616,29647392,112450604,32860837,17208544,279025,777,0,0
C021501,4831076,57972912,2757684,33092208,121690873,62286928,40780488,696635,800,2,0
C021502,4762996,57155952,2244286,26931432,237662082,180439864,148443159,886965,800,0,0
C021503,4496683,53960196,3092866,37114392,73567212,101288338,96482658,770294,804,0,0
C021504,4014002,48168024,2632792,31593504,267920775,43366128,43366128,557443,870,0,0
C021505,5279107,63349284,3442069,41304828,223365804,67864527,34033664,165018,710,0,0
C021506,4540256,54483072,3125231,37502772,143900851,85583772,68408709,767388,679,0,1
C021507,6444994,77339928,2835260,34023120,349069733,69989406,69989406,569704,756,0,0
C021508,3095546,37146552,1938741,23264892,200658741,29223089,22340449,61911,863,0,0
C021509,4898812,58785744,2587765,31053180,56280997,51741501,35714220,544763,874,1,0
C021510,2470599,29647188,1875820,22509840,101411085,14365462,14365462,123399,828,0,0
C021511,4436407,53236884,2115512,25386144,139565357,80798862,56283741,655906,752,0,0
C021512,6041879,72502548,3989240,47870880,423205559,55631282,27020014,120838,772,0,0
C021513,1843447,22121364,1339517,16074204,156790177,12147252,5059180,76922,810,0,0
C021514,2889181,34670172,1552529,18630348,409962267,36622576,20880379,426996,718,1,0
C021515,3641886,43702632,1157007,13884084,237748023,34473087,27820703,191212,801,0,0
C021516,5470940,65651280,4103241,49238892,207588097,95753216,71940089,670889,771,0,1
C021517,2714270,32571240,1535338,18424056,37326297,57527199,54515404,451324,742,1,0
C021518,2215306,26583672,831390,9976680,50073931,23205440,11190506,163610,731,0,0
C021519,6546996,78563952,3960053,47520636,277533143,91606322,58365344,542558,709,2,0
C021520,4880999,58571988,1790721,21488652,77189597,136166071,106959799,854111,661,1,0
C021521,2688747,32264964,1075694,12908328,64374962,46492862,39935358,379788,751,0,0
C021522,2950825,35409900,1881831,22581972,79453650,35737725,18176903,193368,760,0,0
C021523,6095458,73145496,3869530,46434360,622523258,187639661,167367496,1048591,673,0,0
C021524,4832573,57990876,2111918,25343016,123317224,87289540,78677594,777119,788,0,0
C021525,3716183,44594196,2335713,28028556,443903656,37692231,21377212,284103,809,1,0
C021526,10031336,120376032,7250204,87002448,299858372,54257478,30048792,258555,744,0,0
C021527,5267525,63210300,2840854,34090248,130976110,56459409,53613309,105351,757,0,0
C021528,3148403,37780836,2223729,26684748,444433273,35178529,20322744,103084,910,0,0
C021529,3654721,43856652,2162471,25949652,287280448,32259825,28107750,221720,764,0,0
C021530,2446773,29361276,1639356,19672272,34552022,40267369,40267369,384281,846,0,0
C021531,4807185,57686220,3101880,37222560,333088507,60725904,36210044,593823,779,0,0
C021532,3743801,44925612,2685427,32225124,225691259,27957292,15303051,357927,782,1,0
C021533,5250574,63006888,2664900,31978800,369628251,67391039,43100173,114611,818,0,0
C021534,3594749,43136988,3435535,41226420,81249762,70187603,65724275,739174,787,0,0
C021535,6234696,74816352,4546957,54563484,682787104,41722123,39139735,532201,732,1,0
C021536,4454403,53452836,2114654,25375848,203826743,185719726,185719726,1435485,728,0,0
C021537,3342060,40104720,1933330,23199960,167861805,69930422,53397420,672077,767,0,0
C021538,9406446,112877352,4503108,54037296,289331925,107002926,70327775,1313487,786,0,0
C021539,2602188,31226256,1491142,17893704,100752961,50898263,45941137,274080,824,1,0
C021540,3270331,39243972,1674624,20095488,179514558,168767002,168767002,1046826,781,0,0
C021541,3364416,40372992,1706925,20483100,98566140,40758623,36477341,171206,776,0,0
C021542,4060134,48721608,2040606,24487272,111831072,76553165,62828985,575696,705,0,0
C021543,3550749,42608988,2447005,29364060,246982196,34634354,28678725,325607,727,0,0
C021544,4517011,54204132,2147658,25771896,253116152,140169789,117114266,701790,773,0,1
C021545,3972912,47674944,2145678,25748136,148914321,24176004,17277494,447425,902,0,0
C021546,3698982,44387784,2321641,27859692,158429886,40302988,36619743,250141,802,0,0
C021547,8981510,107778120,5530885,66370620,1290805870,104991142,83302986,1090057,854,0,0
C021548,3263777,39165324,1265623,15187476,226507698,40548467,27531925,406759,816,0,0
C021549,3141380,37696560,2195980,26351760,106116364,106773400,76506967,434082,752,0,0
C021550,5524292,66291504,2334825,28017900,656561552,33221448,33221448,466671,757,0,0
C021551,1960968,23531616,873172,10478064,49548027,29850312,29850312,301047,809,0,0
C021552,4084643,49015716,2684995,32219940,146917408,29722695,13835895,362754,763,0,0
C021553,2063646,24763752,1384598,16615176,62278254,20749061,17556324,211246,775,0,0
C021554,2509817,30117804,952159,11425908,66831057,25927598,11461095,86161,878,0,0
C021555,3655371,43864452,1801594,21619128,55146543,49376304,26172226,159907,781,1,0
C021556,5315775,63789300,2773493,33281916,893050200,88744520,39744143,587735,767,0,0
C021557,3128998,37547976,1520230,18242760,22623732,48214291,30599948,172616,784,0,0
C021558,3859479,46313748,2670734,32048808,61406843,44767291,33899688,307093,870,0,0
C021559,2445244,29342928,1095292,13143504,117768670,42938990,34938717,286758,840,0,0
C021560,5256134,63073608,3391850,40702200,73398343,60835821,42118466,290784,843,0,0
C021561,3345918,40151016,2483451,29801412,562114224,80296364,73529243,613728,815,0,0
C021562,4829642,57955704,3582221,42986652,290820675,39972502,21785902,307121,795,0,0
C021563,4917661,59011932,1459297,17511564,106190730,21752824,21752824,373116,861,0,0
C021564,3906293,46875516,2856505,34278060,132851453,237270770,210939822,1397821,590,0,1
C021565,6534269,78411228,3527557,42330684,223271757,69652091,66276225,543858,870,0,0
C021566,2602550,31230600,1205826,14469912,192856506,11068112,11068112,52051,927,0,0
C021567,4038946,48467352,2740643,32887716,281551214,58167571,53485373,464041,884,0,0
C021568,3056183,36674196,1735412,20824944,370276008,24056895,16869933,286715,843,0,0
C021569,3472275,41667300,1856736,22280832,72659351,36204350,28873654,422244,792,0,0
C021570,4446149,53353788,2586474,31037688,34381172,41642224,32767409,774483,737,0,0
C021571,5140743,61688916,2911210,34934520,637775113,96382676,88958225,921024,685,0,0
C021572,5509817,66117804,2677597,32131164,836720153,90081588,71517743,600824,664,0,0
C021573,4603131,55237572,2998244,35978928,318393053,135435468,134219715,1045891,804,0,0
C021574,2896792,34761504,1172493,14069916,270299283,27171351,14070721,285378,811,0,0
C021575,2822595,33871140,1559913,18718956,244431095,14542524,10510241,313437,768,0,0
C021576,2221525,26658300,1254155,15049860,144171287,22551003,20286897,111572,802,0,1
C021577,1803737,21644844,850567,10206804,227336615,27297600,22376361,135469,752,0,0
C021578,3364312,40371744,1714827,20577924,159272929,27460381,20427162,191315,841,0,0
C021579,6647450,79769400,3019211,36230532,195054204,202805988,181123721,1378720,789,0,0
C021580,4244817,50937804,2481435,29777220,139342877,98657584,91656723,646670,780,0,0
C021581,4237510,50850120,2893875,34726500,96840777,46097667,28013311,360668,786,0,0
C021582,5166775,62001300,2775843,33310116,393048836,70912931,63936996,765935,742,0,0
C021583,3276219,39314628,2191261,26295132,30425162,16666594,9673584,398891,784,0,0
C021584,3325818,39909816,2019369,24232428,132898425,30787296,30787296,521348,795,1,0
C021585,4847975,58175700,3950187,47402244,99878765,60251327,50451508,635358,713,0,0
C021586,4008191,48098292,2524352,30292224,156520506,26651989,16635355,365562,656,0,1
C021587,4511374,54136488,1973915,23686980,410161269,39836413,39836413,347472,861,0,0
C021588,6549492,78593904,4097740,49172880,538321618,90042858,75848418,400847,773,0,0
C021589,9872765,118473180,6721352,80656224,195591737,218340732,218340732,1410048,764,0,0
C021590,6824715,81896580,4451754,53421048,511542928,63893530,63893530,708721,830,0,0
C021591,4644755,55737060,3471036,41652432,87694394,98328895,78709696,451526,718,0,0
C021592,7844383,94132596,4768461,57221532,353358253,137741267,65098363,460471,813,0,0
C021593,4598236,55178832,2849388,34192656,137082769,45999170,42797299,322705,695,0,0
C021594,2939112,35269344,1874660,22495920,163965300,27679829,19646107,258561,842,0,0
C021595,5472330,65667960,2773311,33279732,98952663,98313423,87462352,860462,823,0,0
C021596,3160062,37920744,1742347,20908164,186700839,63419328,44524887,459441,767,0,0
C021597,4154714,49856568,2097466,25169592,419409925,47185091,29266523,464674,943,0,0
C021598,4905385,58864620,3068407,36820884,67276737,51494538,39934038,618004,781,0,0
C021599,3438144,41257728,2412145,28945740,271068910,20806688,20806688,310878,743,1,0
C021600,1965231,23582772,591704,7100448,8873129,20330173,20330173,230688,847,0,0
C021601,5620867,67450404,3156936,37883232,149318973,108310411,92030541,735363,870,0,0
C021602,6350358,76204296,2671153,32053836,337247285,98251505,57086095,834430,735,1,0
C021603,3179468,38153616,1938760,23265120,88128006,33153422,15615707,118916,758,0,0
C021604,4589940,55079280,1958958,23507496,147401552,26156941,21884901,381482,901,0,0
C021605,6065983,72791796,3370133,40441596,474270005,87258834,67685208,686637,709,2,1
C021606,5914533,70974396,3952017,47424204,196535262,69670848,52769311,797878,684,1,0
C021607,3918104,47017248,2151328,25815936,240867360,56067459,56067459,337781,804,0,0
C021608,2815943,33791316,1797644,21571728,89815066,29798195,19501132,516164,786,0,0
C021609,5844845,70138140,3324437,39893244,734148557,33927235,33927235,759349,736,0,0
C021610,4733031,56796372,3234675,38816100,234667298,38897133,28142919,353529,777,0,0
C021611,1901838,22822056,907420,10889040,117804839,25499283,20554310,192220,794,0,0
C021612,6634216,79610592,3444678,41336136,954663759,37140511,19974458,132684,763,0,0
C021613,3392788,40713456,2423215,29078580,68754055,51995762,39129271,234496,760,0,0
C021614,5854311,70251732,4313240,51758880,169790529,65563762,58517265,773561,788,0,0
C021615,2146328,25755936,1374780,16497360,86333329,10332042,7544053,332050,746,0,0
C021616,3073147,36877764,1306707,15680484,124540925,32132557,13628660,159171,760,0,0
C021617,4954909,59458908,2785599,33427188,117107339,53728861,23345872,583384,729,0,0
C021618,2825713,33908556,1709873,20518476,108982005,29715494,26472644,139381,828,0,0
C021619,4356334,52276008,2121946,25463352,167002720,85972507,64954045,560842,758,0,0
C021620,4161649,49939788,2150055,25800660,582855869,21099720,12680214,315677,825,0,0
C021621,3153626,37843512,1750950,21011400,93713684,43079821,40060321,383713,796,0,0
C021622,3468910,41626920,2410519,28926228,154081872,107778335,102138137,655458,782,0,0
C021623,3061039,36732468,2300723,27608676,184160729,34192583,29049598,172529,796,1,0
C021624,3049208,36590496,1794272,21531264,104381745,25133322,8622828,275938,849,0,0
C021625,2091758,25101096,1229568,14754816,55576826,31896931,21567404,307612,820,0,0
C021626,3337295,40047540,2648835,31786020,152431178,37568212,24793198,106862,760,0,0
C021627,7308997,87707964,3055933,36671196,262573297,183553748,115564330,944467,799,0,0
C021628,2926500,35118000,1846159,22153908,69637778,62107142,42467731,302162,790,0,0
C021629,5966953,71603436,4043411,48520932,110762516,60911234,60911234,906368,883,0,0
C021630,3334723,40016676,2744953,32939436,131114740,44585770,41946493,449669,699,0,0
C021631,6055987,72671844,3209692,38516304,425885633,282823749,252365602,1752592,782,0,1
C021632,3722212,44666544,2274146,27289752,215615419,24973503,12166947,192145,832,0,0
C021633,5517126,66205512,4094048,49128576,622220261,45143275,45143275,510543,793,0,0
C021634,5476556,65718672,2832208,33986496,143220953,170179706,145796231,890913,779,0,0
C021635,3253135,39037620,2317218,27806616,294691070,29311879,25810063,158811,747,0,0
C021636,4918814,59025768,1710252,20523024,232999083,117936432,91203591,882712,797,0,1
C021637,6638484,79661808,4751857,57022284,132125019,51913545,50371205,322262,752,1,0
C021638,4097297,49167564,2823981,33887772,334693352,38277490,15693509,81946,793,0,0
C021639,2315309,27783708,1533995,18407940,50150546,29970361,17197559,199680,723,0,0
C021640,2831283,33975396,1666316,19995792,92178226,68594131,45887908,366823,752,0,0
C021641,4085415,49024980,2676226,32114712,219913103,52376211,28501600,206017,719,0,1
C021642,2517988,30215856,1258033,15096396,347009068,41852344,41852344,484646,768,1,0
C021643,5265922,63191064,2855969,34271628,215334994,250112842,220129542,1780095,806,0,0
C021644,2981029,35772348,2385656,28627872,59241342,35603175,25692399,118268,769,0,0
C021645,8210862,98530344,5593343,67120116,197503174,82414985,65480691,179499,829,0,0
C021646,3604479,43253748,901120,10813440,450733357,19369127,18023839,139745,864,0,0
C021647,3111725,37340700,2433294,29199528,80815363,36666536,14491499,409469,721,0,0
C021648,2557599,30691188,1303523,15642276,338998997,46415718,41526211,191351,750,0,0
C021649,2944726,35336712,1181484,14177808,137322582,90681059,73179796,542314,859,0,0
C021650,1800000,21600000,698005,8376060,126465743,10729825,9323785,50000,855,0,0
C021651,7468119,89617428,4630060,55560720,176500752,94786153,51371239,699946,828,0,0
C021652,2677371,32128452,2204126,26449512,77865940,26729510,18016333,241147,696,1,0
C021653,5164457,61973484,2926408,35116896,210814544,61617600,61617600,467807,807,0,0
C021654,2046310,24555720,1188919,14267028,119189987,36997982,32802997,247157,798,0,0
C021655,3075856,36910272,1419390,17032680,187876767,25872283,10391372,406774,897,0,0
C021656,8712247,104546964,5945633,71347596,597303044,162103394,141215911,1602048,901,0,0
C021657,5138537,61662444,3352686,40232232,223157019,50633998,21523151,102771,811,0,0
C021658,3434922,41219064,900251,10803012,175422396,71077747,54806964,314532,771,0,0
C021659,5613529,67362348,4474543,53694516,50210265,46781064,26288943,402943,675,0,0
C021660,4358558,52302696,4249300,50991600,158367356,37260373,25999341,516651,675,0,1
C021661,6118811,73425732,2044920,24539040,334563748,56326435,21992840,196847,827,0,0
C021662,4253143,51037716,3117984,37415808,284460161,97678777,75511420,751705,726,0,0
C021663,4095072,49140864,3166775,38001300,605655184,44134657,40630737,534785,759,0,0
C021664,3433179,41198148,2775582,33306984,150227110,74218676,54740716,670264,639,0,1
C021665,5816328,69795936,3778083,45336996,595421254,43928832,18474828,116327,767,0,0
C021666,3669755,44037060,1738145,20857740,205068939,48445662,35374097,265695,844,0,0
C021667,7059568,84714816,3024885,36298620,647099870,123850883,95010476,970973,793,0,0
C021668,3791481,45497772,3138531,37662372,286589279,21957202,21957202,191841,809,0,0
C021669,2164890,25978680,1281701,15380412,172696497,18122663,9107900,240086,689,2,0
C021670,5492926,65915112,1992503,23910036,213572938,75192520,75192520,496546,802,0,0
C021671,2480201,29762412,1297848,15574176,62576065,48202144,36644102,239464,761,0,0
C021672,5109202,61310424,2719187,32630244,440408096,79492286,46268958,356766,718,0,1
C021673,4041239,48494868,3733531,44802372,347423973,56446041,20370894,184532,660,0,0
C021674,3561695,42740340,2184489,26213868,290192619,20737985,19456237,267687,793,0,0
C021675,7559723,90716676,3527768,42333216,455070741,37138735,37138735,596773,825,0,0
C021676,3087950,37055400,1862191,22346292,127355045,71453649,67710331,458816,725,0,0
C021677,6128674,73544088,4294499,51533988,112565249,75069863,47331930,487995,828,0,0
C021678,5523520,66282240,4084776,49017312,132913263,12221601,12221601,370334,841,0,0
C021679,5626865,67522380,1877404,22528848,306976744,56867206,36790747,542580,786,0,0
C021680,3397822,40773864,1628901,19546812,114624900,68700637,42995521,545215,675,0,0
C021681,2415368,28984416,1134379,13612548,68899412,31311730,23512273,225708,832,0,0
C021682,5094267,61131204,1273567,15282804,462914644,217465051,214218310,1341561,755,0,0
C021683,3929424,47153088,2763909,33166908,67259543,54678954,50103787,641593,753,0,0
C021684,2181408,26176896,1233542,14802504,366476544,39081659,39081659,307751,732,0,0
C021685,5476339,65716068,2477374,29728488,559491998,32665275,32665275,405772,910,0,0
C021686,2608891,31306692,1329427,15953124,438293688,28613803,28613803,140966,853,0,0
C021687,5046423,60557076,2963267,35559204,847799064,40121828,40121828,166896,749,0,0
C021688,5566090,66793080,2568604,30823248,801546404,64609932,64609932,474729,800,0,0
C021689,5305575,63666900,2064597,24775164,298293113,56132154,39106505,222478,763,0,0
C021690,4141367,49696404,2773616,33283392,208902553,49445776,28320507,363948,728,0,0
C021691,6456694,77480328,4037684,48452208,444953178,80930555,69169885,698875,802,0,1
C021692,3815732,45788784,2429308,29151696,194846877,37458141,36306840,515388,816,0,0
C021693,1800000,21600000,1257168,15086016,302400000,5938305,5938305,205209,728,0,0
C021694,2814353,33772236,1935614,23227368,75894712,46344865,34543651,290726,777,0,0
C021695,7860653,94327836,4981785,59781420,774994208,123567142,109314562,560493,723,0,0
C021696,8922819,107073828,3885712,46628544,238400596,177628630,148913807,1000540,862,0,0
C021697,3797183,45566196,2088482,25061784,172754268,53597722,38522342,265478,769,0,0
C021698,4730566,56766792,2215409,26584908,149128584,66439243,53516378,682924,787,0,0
C021699,9030967,108371604,5535949,66431388,130164521,61705450,50474839,572174,839,0,0
C021700,1800000,21600000,636654,7639848,35039294,31330703,31330703,212767,774,0,0
C021701,2591076,31092912,1709222,20510664,181197501,18433980,18433980,250805,745,0,0
C021702,3558525,42702300,1812741,21752892,83211293,46488089,25727874,444010,662,0,0
C021703,4692817,56313804,2290837,27490044,170072361,25263346,16685753,288409,728,0,0
C021704,1800000,21600000,983031,11796372,155570396,24256293,19056466,187814,697,0,0
C021705,5558852,66706224,3502405,42028860,248910800,55972320,45233695,155587,757,0,0
C021706,2773268,33279216,1848881,22186572,130985927,24808363,15073806,55465,745,0,0
C021707,3227386,38728632,2065001,24780012,231821876,62480065,39538296,526011,812,0,0
C021708,4450376,53404512,2839375,34072500,126712911,44033662,26727534,417966,701,1,1
C021709,4625415,55504980,2662965,31955580,777069720,34926095,26585704,194403,817,0,0
C021710,2713112,32557344,1688858,20266296,69975568,24278292,13308784,54262,783,0,0
C021711,11286905,135442860,3717919,44615028,206754952,78371144,78371144,1504244,893,0,0
C021712,3834902,46018824,2048550,24582600,119809456,43849781,35761960,407259,788,1,0
C021713,4736204,56834448,3003409,36040908,95203865,106720475,84803515,716780,826,0,0
C021714,4358723,52304676,2850906,34210872,136678921,35209093,20032114,629451,820,0,0
C021715,4638329,55659948,2844140,34129680,108366374,64712093,61240836,1005434,743,0,0
C021716,2042035,24504420,609057,7308684,158025702,33890823,29125669,160149,743,1,1
C021717,3361036,40332432,2976835,35722020,60018809,90577356,66167315,552649,615,2,1
C021718,5568358,66820296,2666230,31994760,154661620,48068886,32418610,229940,750,0,0
C021719,4761113,57133356,1959013,23508156,539508145,42832300,34282934,543596,913,0,1
C021720,3121977,37463724,1934204,23210448,128293694,42785685,33795888,536230,602,1,1
C021721,3590472,43085664,1779555,21354660,269650128,19915225,19915225,307614,820,0,0
C021722,5053710,60644520,2765400,33184800,500043517,37034061,30502320,414653,882,0,0
C021723,4534711,54416532,1543625,18523500,36114839,28466172,28466172,428004,783,0,0
C021724,2383056,28596672,1421461,17057532,400353408,14209373,8670817,76125,756,0,1
C021725,7454963,89459556,1863741,22364892,570368260,235290200,225101700,1273078,792,0,0
C021726,4054929,48659148,2229887,26758644,91037459,27859453,8550082,81099,752,0,0
C021727,3290311,39483732,1977013,23724156,237814636,37073650,27076590,286230,784,0,0
C021728,6943943,83327316,4116527,49398324,242447152,97737273,91561893,835334,852,0,0
C021729,1800000,21600000,954634,11455608,87578114,50670666,49662307,307176,871,0,0
C021730,7722013,92664156,5007863,60094356,1297298184,88293135,74609926,636991,716,1,0
C021731,2151027,25812324,1489821,17877852,126997490,58779608,42085498,243094,709,0,0
C021732,2455255,29463060,1943742,23324904,155920053,46185599,29920092,438902,800,0,0
C021733,5938841,71266092,3554474,42653688,152633670,65967426,56606930,530270,937,0,0
C021734,3794509,45534108,1657437,19889244,257565979,110874019,104056790,646745,783,0,0
C021735,3841612,46099344,1910064,22920768,158630277,82027859,82027859,692470,831,0,0
C021736,4153342,49840104,3211430,38537160,103517848,79507304,77534100,426052,703,0,1
C021737,2371588,28459056,1502693,18032316,150563265,19825014,19825014,270047,752,0,0
C021738,6789482,81473784,2486703,29840436,208485818,53098978,53098978,496587,740,0,0
C021739,2871809,34461708,1715159,20581908,104663761,44085979,31851800,341575,774,0,0
C021740,3914157,46969884,2724042,32688504,138052513,49565720,49565720,391085,871,0,0
C021741,3950962,47411544,2531761,30381132,68606782,38118937,26007158,239724,818,0,0
C021742,3286938,39443256,1843682,22124184,263161537,82581501,75488853,422743,841,0,0
C021743,4235996,50831952,1959324,23511888,175986629,44713709,29931281,344428,758,0,0
C021744,4061347,48736164,2982489,35789868,46248518,17352888,17352888,81227,866,0,0
C021745,2872232,34466784,1159466,13913592,77016912,83597577,74448464,608203,724,0,0
C021746,3572271,42867252,1619624,19435488,124395953,56816266,42439956,388520,798,1,0
C021747,5185336,62224032,2247682,26972184,318873800,55545834,55545834,496916,811,0,0
C021748,7896606,94759272,4125449,49505388,1033940169,215435828,170243757,1966085,722,0,0
C021749,2865364,34384368,1729634,20755608,82486525,27818015,16382980,214776,797,0,0
C021750,7712031,92544372,3937089,47245068,513018016,106359317,102591819,760556,837,0,0
C021751,3587772,43053264,1985061,23820732,83814351,100158190,90339304,510779,799,0,0
C021752,6083627,73003524,3356438,40277256,44557869,82978254,72512772,600647,811,0,0
C021753,4784117,57409404,3094719,37136628,86221055,113320545,113320545,1135476,834,0,0
C021754,3498082,41976984,1732757,20793084,260324378,29331473,29331473,153290,804,0,0
C021755,4378580,52542960,1223767,14685204,157810189,63049510,63049510,516856,822,0,0
C021756,2792172,33506064,1534962,18419544,196980468,41998097,31162631,188097,823,0,0
C021757,2505555,30066660,1520007,18240084,46564629,36475321,31661309,212769,818,0,0
C021758,4892902,58714824,2965759,35589108,163189789,112497548,103617809,868636,715,0,0
C021759,8599978,103199736,5595632,67147584,401493004,63431411,41386196,337901,916,0,0
C021760,3327215,39926580,1448762,17385144,62875839,35585436,25689953,355824,856,0,0
C021761,3313026,39756312,1803642,21643704,66235814,31363973,14127346,230618,791,0,0
C021762,5408606,64903272,2463544,29562528,205199363,73188527,44928155,744648,866,0,0
C021763,6154674,73856088,4293133,51517596,90952554,82363102,42305013,689591,682,1,1
C021764,2994666,35935992,1596768,19161216,105829414,30810748,26757601,393952,798,0,0
C021765,4711691,56540292,2590213,31082556,213890384,34166223,13896873,94234,751,0,0
C021766,5534885,66418620,3392388,40708656,222544566,82811572,55238499,586472,831,0,0
C021767,2482996,29795952,1874696,22496352,115285345,94564201,75518709,495232,783,0,0
C021768,1800000,21600000,1276224,15314688,31589370,57446821,46757302,289376,736,0,0
C021769,1800000,21600000,1165916,13990992,47308516,22817412,11536573,63901,787,0,0
C021770,6375464,76505568,4559870,54718440,626968680,351683269,344275056,2374655,753,0,0
C021771,11639813,139677756,7770224,93242688,953026686,101734709,63549152,725665,806,0,0
C021772,4357208,52286496,3141470,37697640,179227509,178235438,178235438,1316591,672,0,1
C021773,6909874,82918488,3411835,40942020,507661955,52234544,38728066,975794,733,0,0
C021774,2786400,33436800,1793295,21519540,468115200,37387065,24626782,55728,779,0,0
C021775,3312791,39753492,2068632,24823584,170358828,52990006,34855877,385014,828,0,0
C021776,3565452,42785424,1563131,18757572,98361184,29271311,29215836,371789,767,0,0
C021777,4100263,49203156,1708272,20499264,133839656,29297401,29297401,448139,843,0,0
C021778,1800000,21600000,807132,9685584,127718839,38974060,37986985,281564,818,0,0
C021779,5573039,66876468,2799092,33589104,86527164,44321477,27464698,593224,815,0,0
C021780,2962245,35546940,2282818,27393816,140283538,56542463,53315853,529275,778,0,0
C021781,9464952,113579424,3670356,44044272,409602945,68312460,47970645,353063,827,0,0
C021782,2478626,29743512,1474581,17694972,78870800,42682718,29285734,233598,758,0,0
C021783,2865693,34388316,1529496,18353952,71318141,28247092,17408707,156397,778,0,0
C021784,3625289,43503468,2040180,24482160,408119586,22690959,14476053,179701,797,0,0
C021785,4394294,52731528,2402377,28828524,334156275,32038190,32038190,443314,801,0,0
C021786,2942027,35304324,2267822,27213864,138769429,17845360,12767233,296739,643,1,0
C021787,2300680,27608160,1382462,16589544,49926385,9099230,9099230,235772,775,0,0
C021788,5004517,60054204,2856909,34282908,175160985,92957719,65083463,636402,799,0,0
C021789,4023462,48281544,2098119,25177428,188844278,28054017,28054017,337845,822,0,0
C021790,3268746,39224952,2111901,25342812,205280739,12906880,5320272,76093,769,0,0
C021791,2632788,31593456,1108073,13296876,193077539,20761340,19444439,224295,817,0,0
C021792,3429185,41150220,2368987,28427844,30895591,59235965,41492488,505933,757,3,1
C021793,3212968,38555616,1504073,18048876,113108789,38072480,13998114,192139,806,0,0
C021794,5551460,66617520,3953527,47442324,308573914,36684332,33699789,296256,747,0,0
C021795,7050885,84610620,3209381,38512572,723176408,63861439,42234646,381594,827,0,0
C021796,2941749,35300988,1468712,17624544,167660548,17627348,17627348,325249,860,0,0
C021797,7253921,87047052,4109934,49319208,159072090,114520342,99321300,658348,795,0,0
C021798,5250032,63000384,4608125,55297500,276960392,53450606,52025071,480841,752,0,0
C021799,3909433,46913196,2578277,30939324,272995597,163966087,150156942,1056413,663,0,1
C021800,3722554,44670648,2280448,27365376,381442399,105927984,100725710,885874,747,0,0
C021801,2729115,32749380,2013742,24164904,271961763,19282468,13914610,93732,797,0,0
C021802,2997816,35973792,2195011,26340132,229376040,24430233,13685734,147475,817,0,0
C021803,2900854,34810248,1513229,18158748,174860094,40831351,37344298,330191,791,0,0
C021804,5209304,62511648,2353647,28243764,134081770,33545456,26162681,534816,798,0,0
C021805,4025670,48308040,2586883,31042596,57376858,34136644,31767190,362438,881,0,0
C021806,5156848,61882176,3398305,40779660,571103934,129556397,101896950,547514,865,0,0
C021807,6853380,82240560,5626304,67515648,309441439,93394331,80370471,1318894,744,0,1
C021808,3041218,36494616,2167328,26007936,223638791,26043657,9571649,366738,690,0,0
C021809,5558838,66706056,2489328,29871936,264947243,140438872,124651405,1020747,796,0,0
C021810,2808010,33696120,2196180,26354160,193907579,75411834,73767925,484467,781,1,1
C021811,2131875,25582500,1106830,13281960,21518795,18035888,18035888,198027,856,0,0
C021812,2739932,32879184,1497961,17975532,173038834,16630836,14638490,78393,852,0,0
C021813,5737166,68845992,2861167,34334004,190567879,49418783,27659953,585232,868,0,0
C021814,2885197,34622364,2034943,24419316,260156946,55045468,52753004,383902,795,1,0
C021815,8652862,103834344,5487781,65853372,173109430,102362070,88720095,567475,742,0,0
C021816,3695529,44346348,3535526,42426312,134301960,42296150,38355902,328058,717,0,0
C021817,2670835,32050020,1456596,17479152,261765812,32866105,20415642,305070,874,0,0
C021818,2677455,32129460,1243182,14918184,119577337,15597439,12948612,177706,834,0,0
C021819,7467853,89614236,4696175,56354100,434083923,146231125,133712735,1133195,800,0,0
C021820,3778574,45342888,1775566,21306792,84083285,31186116,24717652,471040,719,0,0
C021821,6644926,79739112,3695467,44345604,140798691,132809477,132809477,1085563,777,0,0
C021822,6600397,79204764,4428508,53142096,133040355,66900033,42994653,358980,767,0,0
C021823,2495605,29947260,1648221,19778652,46831079,47650722,39564045,240346,803,0,0
C021824,3953419,47441028,1514916,18178992,133830493,48011468,34970985,332662,847,0,0
C021825,5731095,68773140,3596723,43160676,105199497,92777878,63851569,946631,774,1,0
C021826,3937628,47251536,1722769,20673228,117041970,49001732,35224981,421079,754,0,0
C021827,2785152,33421824,1738540,20862480,112821708,23535037,15029125,55703,804,0,0
C021828,12000000,144000000,5949768,71397216,306975941,175971312,125896334,551845,726,0,0
C021829,2752007,33024084,1518906,18226872,101083631,157024092,148608378,851282,676,0,0
C021830,4872823,58473876,3479161,41749932,540636614,105371595,83699083,660906,761,0,0
C021831,2415627,28987524,1692745,20312940,43533689,30840362,20062521,228844,760,0,0
C021832,5142533,61710396,2925358,35104296,44424451,106078778,90809885,603666,812,0,0
C021833,2922674,35072088,2055049,24660588,252605494,25642015,16969576,162866,738,0,0
C021834,10919576,131034912,6361361,76336332,435968521,88427527,88427527,1250726,794,0,0
C021835,2811386,33736632,2065222,24782664,46825110,29651094,19346994,156223,830,0,0
C021836,7995425,95945100,4976711,59720532,139096567,74652263,74652263,1360869,728,0,0
C021837,1800000,21600000,835645,10027740,30124051,23586029,22999412,179513,886,0,0
C021838,6441090,77293080,3841834,46102008,428268354,127825364,105221292,715319,800,0,0
C021839,4817897,57814764,3186472,38237664,290176261,97524938,76522765,876804,722,0,0
C021840,4961821,59541852,3327853,39934236,227108881,274851289,235843883,1675764,639,0,1
C021841,3223757,38685084,1442539,17310468,541591176,110071032,100674656,812804,722,2,1
C021842,6426136,77113632,3163240,37958880,519389945,127929367,118860356,559571,687,0,0
C021843,2898828,34785936,1790676,21488112,110909800,23180683,14457681,244083,770,0,0
C021844,3606218,43274616,2347338,28168056,144505901,92383971,70713992,521226,753,0,0
C021845,2933322,35199864,1393423,16721076,127798745,76275369,76178230,506589,817,1,0
C021846,8067854,96814248,4356008,52272096,185103973,145221469,123200875,1217421,779,0,0
C021847,8511345,102136140,3876863,46522356,772582878,92074571,56219464,348233,784,0,0
C021848,3577441,42929292,1595687,19148244,120516897,42366237,35987632,492063,849,0,0
C021849,3025082,36300984,2090439,25085268,75988370,29448526,16520350,148361,828,0,0
C021850,2148120,25777440,846785,10161420,49931735,15796292,15796292,106543,810,0,0
C021851,1945277,23343324,1066158,12793896,161137515,20537836,17743689,281592,763,0,0
C021852,4174729,50096748,2811600,33739200,701354472,24919235,15879979,266968,784,0,0
C021853,3406168,40874016,1416838,17002056,225215319,25331232,25331232,351165,842,0,0
C021854,3861551,46338612,1919627,23035524,255721206,16654344,13518829,300122,716,0,0
C021855,6697044,80364528,5323932,63887184,123181508,68492080,35948049,530920,745,0,1
C021856,3565684,42788208,2147737,25772844,114151262,29275133,21955534,532936,818,0,0
C021857,6430331,77163972,3536027,42432324,301052981,50101876,13288213,387191,868,1,0
C021858,4324277,51891324,2666196,31994352,82990496,44334992,17220346,321559,812,1,0
C021859,7033629,84403548,2812111,33745332,135059466,105631313,61211146,614003,755,0,0
C021860,3254513,39054156,1455851,17470212,317813664,32500659,28395973,400900,770,0,0
C021861,2990471,35885652,1387726,16652712,283405726,140287197,119713299,1104928,756,0,0
C021862,3254383,39052596,1993846,23926152,56974131,39829116,35971293,539354,802,0,0
C021863,4824798,57897576,3555408,42664896,67356418,129575613,107892830,1013652,781,0,0
C021864,1881534,22578408,925898,11110776,215636037,21529594,18812347,90807,847,0,0
C021865,7147297,85767564,3890181,46682172,386028397,43645075,24950156,412045,718,1,0
C021866,3034704,36416448,2611051,31332612,138789342,52110196,41864513,495122,717,0,0
C021867,5055753,60669036,2101367,25216404,398155315,103919975,94472138,444025,807,0,0
C021868,3703977,44447724,1325750,15909000,239640412,51269382,43500573,511570,756,0,0
C021869,5695272,68343264,2825602,33907224,311024807,61468958,60668978,934997,780,0,0
C021870,5896172,70754064,3188890,38266680,141192856,105975236,105975236,744145,764,0,0
C021871,3899253,46791036,2032518,24390216,189353739,35059540,26145537,363445,775,0,0
C021872,6425373,77104476,4949513,59394156,676621196,40118487,29277270,404012,698,0,0
C021873,4488089,53857068,2982787,35793444,159280688,31350802,19403797,311876,807,0,0
C021874,5196989,62363868,2771362,33256344,60693957,111622797,84418213,423581,762,1,0
C021875,4400100,52801200,3440128,41281536,188831819,36714355,19876518,630206,719,0,0
C021876,2672197,32066364,1005015,12060180,128800037,41743380,32366652,236291,782,0,0
C021877,4283646,51403752,2153540,25842480,250518258,122287377,83145890,571385,716,0,0
C021878,2877935,34535220,1213116,14557392,203365841,57538239,44635424,361678,723,0,1
C021879,2285348,27424176,928701,11144412,198470509,30028711,28027141,174088,785,0,0
C021880,6511149,78133788,4153510,49842120,277334235,106744381,89243195,811121,761,0,0
C021881,5348663,64183956,3789518,45474216,121589480,82527050,72368598,826362,879,0,0
C021882,3031450,36377400,2385818,28629816,105193208,63898595,50189825,362814,858,0,0
C021883,8421986,101063832,4580797,54969564,1254851996,128094944,101659283,949631,813,0,0
C021884,5898981,70787772,3749266,44991192,220771462,94309495,64670324,505648,760,1,0
C021885,3532074,42384888,2327387,27928644,320124524,45633889,34817353,503079,753,0,0
C021886,3086447,37037364,1958190,23498280,44045010,19681581,19681581,61729,796,0,0
C021887,3682969,44195628,2041548,24498576,32122506,38927520,35841570,272207,876,0,0
C021888,1811748,21740976,1006255,12075060,210604253,35326473,35326473,347425,808,0,0
C021889,3372146,40465752,2387478,28649736,243882221,72745490,61009160,595143,683,1,0
C021890,3368834,40426008,2361527,28338324,154002585,77038863,77038863,528196,753,0,0
C021891,6424043,77088516,2703874,32446488,69064892,52859678,33095281,449041,803,0,0
C021892,2725308,32703696,1103583,13242996,82042496,45318258,44508265,320785,881,0,0
C021893,3777711,45332532,2451180,29414160,88514550,41085060,27482163,220215,745,0,0
C021894,7250164,87001968,4390044,52680528,54601971,295321701,271078171,2140677,633,1,1
C021895,2906965,34883580,1187044,14244528,121601985,27424992,18592839,86738,870,0,0
C021896,2555411,30664932,1426632,17119584,120628662,88749301,81414242,806791,688,0,0
C021897,2527584,30331008,1531425,18377100,130586895,29786500,15947513,287623,789,0,0
C021898,4759495,57113940,2525431,30305172,420255204,21308222,11444412,529160,798,0,0
C021899,3898739,46784868,1809867,21718404,164446623,42257735,41285646,155842,817,0,0
C021900,2532311,30387732,1720692,20648304,79648423,33353613,33353613,234426,912,0,0
C021901,3816927,45803124,1215544,14586528,43518179,53423775,25428459,102696,866,0,0
C021902,2483157,29797884,2090586,25087032,57920186,15500070,15349967,313444,686,0,1
C021903,2145323,25743876,1534041,18408492,53424712,19953416,19078655,160274,685,0,0
C021904,4749898,56998776,2956602,35479224,94464831,59617740,40472638,813312,670,0,0
C021905,2759973,33119676,1238670,14864040,47471012,39055971,29888486,100485,757,0,0
C021906,5330617,63967404,2630298,31563576,167779342,115961938,86819724,641926,708,0,1
C021907,3230885,38770620,1926267,23115204,252100243,65680463,30104318,568870,664,0,0
C021908,4467343,53608116,2694985,32339820,215167221,107540871,70620877,292829,817,0,0
C021909,3106471,37277652,1316371,15796452,145402278,33175980,33175980,407330,756,0,0
C021910,3531163,42373956,2469513,29634156,123772916,114083191,105024280,869724,653,0,0
C021911,2183090,26197080,1993781,23925372,96550328,43529998,34630473,429583,796,0,0
C021912,10159194,121910328,4819251,57831012,636585115,90268153,90268153,1189824,835,0,0
C021913,3419694,41036328,2369765,28437180,574508592,100880595,89809141,738720,731,1,0
C021914,3726016,44712192,1768125,21217500,132966042,73763551,61907059,723661,702,0,0
C021915,2990831,35889972,1390189,16682268,176635622,37934114,24742623,268150,784,0,0
C021916,4228186,50738232,1076252,12915024,315658966,16677442,9312241,264298,891,0,0
C021917,3581462,42977544,1505381,18064572,601685616,109817216,107152442,818484,750,0,0
C021918,4038970,48467640,1860097,22321164,194501949,43071229,24353713,452658,810,0,0
C021919,5683265,68199180,2843629,34123548,156940088,58313274,43720622,437624,807,0,0
C021920,6244602,74935224,2986350,35836200,344201125,36355538,36355538,650671,767,0,0
C021921,7739469,92873628,5755632,69067584,1199047334,59688783,59688783,825754,785,0,0
C021922,3459417,41513004,2095332,25143984,178309255,37679176,37679176,230086,848,0,0
C021923,4148345,49780140,3124550,37494600,222026877,65427461,62398858,437052,717,1,0
C021924,2566594,30799128,1918352,23020224,94107852,18822326,14525851,313352,760,0,0
C021925,3778936,45347232,3143209,37718508,58013215,70431928,51830033,397747,810,0,0
C021926,4143928,49727136,3451488,41417856,127893848,33823166,14717999,487332,704,0,0
C021927,2948317,35379804,1653142,19837704,125821527,17986124,17986124,114127,890,0,0
C021928,1826541,21918492,1302555,15630660,92729674,31078778,24204907,135933,794,0,0
C021929,3823920,45887040,1701721,20420652,141677538,69626477,56077231,447316,822,0,0
C021930,4094274,49131288,1998007,23976084,65209057,49640937,31724813,445313,719,0,0
C021931,8728876,104746512,4020071,48240852,89195020,69432464,45053263,538251,697,1,1
C021932,2813683,33764196,1905706,22868472,472698744,51235104,38092044,457116,610,2,1
C021933,2941808,35301696,1554245,18650940,78850363,18208657,7427953,273709,783,0,0
C021934,2431549,29178588,1514677,18176124,347105900,9839192,8206046,116172,768,0,0
C021935,5385321,64623852,3302615,39631380,214893978,119181368,77407979,885034,748,0,0
C021936,3322390,39868680,1685510,20226120,431185320,38216781,26102766,558918,807,0,0
C021937,4542401,54508812,2112098,25345176,178656981,105642892,105642892,642370,724,0,0
C021938,2157141,25885692,1429874,17158488,38320772,13820454,8241225,50000,811,0,0
C021939,3609309,43311708,1648750,19785000,174442160,66779189,60341956,615044,589,1,1
C021940,5289101,63469212,2151489,25817868,575476792,60114731,57263746,559761,837,0,0
C021941,2980943,35771316,2034361,24412332,33774217,27599068,12141474,404711,859,0,0
C021942,2073421,24881052,1003743,12044916,58443521,24432157,24432157,202028,746,0,0
C021943,2812688,33752256,1415317,16983804,95942558,38327315,36820515,297833,799,0,0
C021944,2923923,35087076,1404728,16856736,144796699,93290500,78372116,472885,812,0,0
C021945,5747263,68967156,3752356,45028272,87077932,121517800,103389444,729368,815,0,0
C021946,5117996,61415952,2888184,34658208,859823328,80430993,69914258,413425,844,0,0
C021947,6864316,82371792,5185789,62229468,92912473,101587095,83047088,1102982,676,0,0
C021948,9365081,112380972,4989095,59869140,239745291,69511257,53957954,342006,764,1,0
C021949,3606422,43277064,2362638,28351656,99486964,29432252,17042927,408536,772,1,0
C021950,1800000,21600000,712457,8549484,42614180,60300736,60300736,463724,660,1,0
C021951,5613808,67365696,2147059,25764708,106583695,95371129,78964750,657618,874,0,0
C021952,5318546,63822552,3504995,42059940,594655806,69183459,44086372,605054,879,0,0
C021953,2247669,26972028,1108830,13305960,70660196,33594324,31771053,287970,813,0,0
C021954,7020656,84247872,4399607,52795284,280744217,50478111,49332544,738412,821,1,0
C021955,3191999,38303988,2065357,24784284,167124540,17031554,11419053,241013,865,0,0
C021956,2078820,24945840,900705,10808460,61496459,56225878,51331319,553389,806,0,0
C021957,3135515,37626180,1752930,21035160,526766520,43419101,40992343,358112,764,0,0
C021958,8555426,102665112,4284477,51413724,180700432,111174388,66978946,1350697,870,0,0
C021959,5380072,64560864,3119174,37430088,70123038,108397814,71931762,994119,746,0,0
C021960,5587530,67050360,2693636,32323632,136884247,61311767,43191531,406938,793,0,0
C021961,2448086,29377032,1856939,22283268,48950218,39189185,28435682,157414,711,1,1
C021962,5891430,70697160,4201112,50413344,329593366,160083439,118051307,1188677,654,1,1
C021963,1977955,23735460,1264867,15178404,176094544,28569407,17460242,196684,761,0,0
C021964,2814063,33768756,1908366,22900392,84942350,6642111,6642111,211474,801,0,0
C021965,3553475,42641700,3284290,39411480,596983800,70596950,32557317,399088,658,1,1
C021966,2976372,35716464,1681645,20179740,92226430,42815812,35909339,337870,762,1,0
C021967,4848844,58186128,2127647,25531764,206181987,48945244,35349591,459554,791,0,0
C021968,1928618,23143416,945944,11351328,90095670,21929326,7548669,50000,809,0,0
C021969,5394821,64737852,2585335,31024020,761335015,43296197,21521721,371547,832,0,0
C021970,5474057,65688684,3557653,42691836,195061201,68150305,56384479,285401,794,0,0
C021971,4588374,55060488,1538972,18467664,128476693,40933588,37119568,616006,822,0,0
C021972,6993976,83927712,3208857,38506284,187685564,43742362,22973389,656879,883,0,0
C021973,4059443,48713316,2233423,26801076,121526871,23803233,22141370,453007,840,0,0
C021974,3500078,42000936,1768709,21224508,185507182,26928040,24045200,99766,796,0,0
C021975,6068595,72823140,1910424,22925088,231213799,75710660,42105484,214306,847,0,0
C021976,4342191,52106292,1085548,13026576,71308198,37563599,27448114,106561,796,0,0
C021977,2775656,33307872,1447592,17371104,253851124,20512368,18990545,258844,782,0,0
C021978,7362483,88349796,4245847,50950164,1236897144,138912216,133811723,923500,818,0,0
C021979,3487172,41846064,2421472,29057664,209033294,33885044,23088259,311624,744,0,0
C021980,7364034,88368408,4746205,56954460,328285014,105071344,92359442,926223,699,0,1
C021981,7296762,87561144,5837015,70044180,671902528,137294297,137294297,1063624,768,0,0
C021982,8663315,103959780,4640575,55686900,246815525,87880162,70297770,402686,709,0,0
C021983,2485790,29829480,1538584,18463008,156523767,38048621,29494997,276472,894,0,0
C021984,2509949,30119388,1354088,16249056,59757677,15447020,15447020,254050,858,0,0
C021985,2542831,30513972,1666500,19998000,163362201,26766151,24076197,200137,775,0,0
C021986,4064090,48769080,3149033,37788396,30171651,95982342,76861420,718938,689,0,0
C021987,3370007,40440084,1645483,19745796,86136167,62464613,41505602,206361,795,0,0
C021988,1800000,21600000,1099632,13195584,25764945,40504944,29165627,320544,690,0,0
C021989,1913360,22960320,1196968,14363616,159088667,11803704,11803704,231711,810,0,0
C021990,5175921,62111052,2310688,27728256,169280609,88620593,66694114,689780,887,0,0
C021991,4211224,50534688,1460113,17521356,104413352,66788579,55283642,604722,718,0,0
C021992,5136290,61635480,2177056,26124672,91122798,65867920,65867920,538554,855,0,0
C021993,4425162,53101944,2757581,33090972,349951158,50940003,31518173,559455,761,0,0
C021994,7386146,88633752,5435104,65221248,596313646,109557513,69362502,147723,784,0,0
C021995,5101630,61219560,2579121,30949452,146201848,56006130,44847036,373954,836,0,0
C021996,3215071,38580852,1648699,19784388,160103986,76374731,63511575,552241,718,0,0
C021997,2684120,32209440,1218045,14616540,263428597,16890451,7003228,53682,791,1,0
C021998,4354288,52251456,2965963,35591556,151997177,66946898,50759591,864974,656,0,1
C021999,5286845,63442140,3148485,37781820,105377404,35424102,35424102,458774,793,0,0
C022000,3198693,38384316,2671384,32056608,105959340,100619154,78608933,755692,663,2,0
C022001,5107418,61289016,2486002,29832024,85895853,140612876,127645029,1012524,743,1,1
C022002,2514752,30177024,1654925,19859100,225373020,36531735,19075679,300138,668,0,0
C022003,2183339,26200068,1201929,14423148,177394659,33473376,26430881,256891,902,0,0
C022004,4808123,57697476,3125053,37500636,260958277,200325019,200325019,1238614,800,0,1
C022005,6830881,81970572,3044572,36534864,207621844,60489936,51035910,806071,795,0,0
C022006,5251910,63022920,3062082,36744984,390801413,21422394,21422394,600015,832,0,0
C022007,3845524,46146288,2140348,25684176,143258411,68954711,51863685,595324,737,0,0
C022008,4632089,55585068,3379003,40548036,133130665,34081739,30496388,518707,837,1,0
C022009,3915524,46986288,1981839,23782068,132097156,44722758,33825060,554233,816,0,0
C022010,1882105,22585260,867505,10410060,31994696,10897268,9282502,83789,818,0,0
C022011,7734300,92811600,5337132,64045584,189101520,150501954,118144336,949450,765,0,0
C022012,4716111,56593332,2694585,32335020,68491678,16331030,16331030,279114,879,0,0
C022013,5113284,61359408,2937454,35249448,315972001,119460343,88250624,660104,850,0,0
C022014,4475554,53706648,3545326,42543912,675955246,49474757,44679895,906704,776,0,0
C022015,2690836,32290032,1776025,21312300,57745977,56842729,44902991,510615,734,0,0
C022016,4058220,48698640,2609968,31319616,113272735,40771209,20689115,148062,738,0,0
C022017,2884640,34615680,1740797,20889564,184636700,25480028,20070846,99386,814,0,0
C022018,3761804,45141648,2732945,32795340,176460990,46406454,40720552,511742,824,0,0
C022019,4636094,55633128,2975822,35709864,144553440,66771126,46276702,623836,730,2,0
C022020,5542455,66509460,3812819,45753828,164175414,120788280,120788280,1230093,763,0,0
C022021,5303579,63642948,3212435,38549220,184285298,111442322,97723929,790237,800,0,0
C022022,6765375,81184500,3831238,45974856,92159505,174263364,169560000,1321818,729,1,1
C022023,2444367,29332404,1601123,19213476,68752836,55904116,32675225,212100,721,0,1
C022024,4034638,48415656,2321119,27853428,330767493,20874243,20874243,231126,806,0,0
C022025,3993923,47927076,3366705,40400460,285101441,21573409,15431800,520644,738,0,1
C022026,11065042,132780504,8068437,96821244,420479887,218742996,173018679,1081334,788,0,0
C022027,4543514,54522168,2286025,27432300,447169261,123436164,107086762,1083240,854,0,0
C022028,4865867,58390404,3319300,39831600,63248021,27410296,25405786,97317,757,0,0
C022029,6283012,75396144,2501717,30020604,677979871,336264790,299246930,2411549,682,0,0
C022030,6216012,74592144,4064071,48768852,383738071,58445202,30486209,387653,694,1,0
C022031,11714104,140569248,7793711,93524532,384946291,98774645,91252479,1150906,792,0,0
C022032,3220178,38642136,1480795,17769540,74315944,42865819,32914282,488608,771,0,0
C022033,3185263,38223156,991342,11896104,535124184,41226335,18652400,160746,824,0,0
C022034,2748003,32976036,2251678,27020136,119859595,22531569,18145130,202245,783,0,0
C022035,4573277,54879324,3251162,39013944,316980083,62194080,59796409,657106,774,0,0
C022036,11298041,135576492,6868027,82416324,849168013,183960608,166703369,1343522,854,0,0
C022037,3510566,42126792,2325438,27905256,216208281,43613752,43613752,315356,843,0,0
C022038,5624996,67499952,2527158,30325896,359317417,36956355,35027640,112500,853,0,0
C022039,2757161,33085932,1416519,16998228,52258054,33612927,17009758,117012,784,0,0
C022040,7462151,89545812,4881656,58579872,210161103,57369594,57369594,585721,808,0,0
C022041,2288291,27459492,1390626,16687512,384432888,82995208,70541577,512433,705,0,0
C022042,2562747,30752964,1697910,20374920,186193070,41291131,32075326,374581,701,0,0
C022043,4723632,56683584,2948557,35382684,85563606,167833171,162689021,1237322,668,0,1
C022044,2213749,26564988,1500388,18004656,371909832,20562352,6901399,206076,779,0,0
C022045,5168869,62026428,3515278,42183336,375382354,141459770,141459770,918371,793,0,0
C022046,10545322,126543864,6215762,74589144,558979407,150135959,101372872,1153432,754,0,0
C022047,9428107,113137284,6009161,72109932,561316587,236904372,225728206,1848978,758,0,0
C022048,2765203,33182436,1552357,18628284,78223675,17350537,16445912,236764,796,0,0
C022049,5933952,71207424,2518778,30225336,540495252,86831213,64925793,459748,760,0,0
C022050,2507265,30087180,1288988,15467856,152115839,34107653,22537032,220452,766,0,0
C022051,3284917,39419004,1983617,23803404,82563361,29775879,16404295,231458,728,0,0
C022052,2027886,24334632,754719,9056628,91347583,33239183,32887124,274831,731,0,0
C022053,2017710,24212520,1310684,15728208,203095357,29153974,17860707,116330,694,0,0
C022054,5063607,60763284,2934431,35213172,60125505,62810537,55013304,714233,683,0,0
C022055,4266908,51202896,1693462,20321544,44256452,36521070,20485218,456438,772,0,0
C022056,8558695,102704340,4099072,49188864,824862141,84878487,76027287,617250,841,0,0
C022057,6132193,73586316,4569411,54832932,643581564,34466776,24987306,155944,760,0,0
C022058,4019450,48233400,1911770,22941240,581298779,49054035,49054035,713345,721,0,0
C022059,5638426,67661112,5005531,60066372,246769892,60246107,57834950,731633,757,0,0
C022060,4007673,48092076,3006755,36081060,453722243,56631653,21679196,309188,766,0,0
C022061,1883592,22603104,999946,11999352,63602925,35539122,23346704,109585,846,0,0
C022062,3074354,36892248,1530142,18361704,67982925,35017783,35017783,521308,808,0,0
C022063,4713371,56560452,2426296,29115552,231465894,39343381,38491139,512927,776,0,0
C022064,2768651,33223812,1315678,15788136,49086511,45717071,32367274,295756,818,1,0
C022065,3557867,42694404,2381288,28575456,111985444,66880831,49859448,400799,837,0,0
C022066,8953752,107445024,4295220,51542640,567159273,87658977,87658977,1031107,889,0,0
C022067,3878523,46542276,3363256,40359072,110407468,36695379,27636861,181204,818,0,0
C022068,3900652,46807824,1903178,22838136,54947452,14389272,14389272,325147,880,0,0
C022069,5911594,70939128,5374652,64495824,121789130,68513063,41364998,616719,677,0,0
C022070,3809680,45716160,1474611,17695332,486597448,39917021,24932342,399545,735,0,0
C022071,6971379,83656548,3526109,42313308,228898609,38305259,27675997,314375,851,0,0
C022072,2699374,32392488,1820961,21851532,146871220,34327261,17377070,314553,713,0,0
C022073,2899838,34798056,1650835,19810020,254513776,36653773,25975143,241209,821,0,0
C022074,1850170,22202040,1156601,13879212,196149553,25294255,13326971,98882,698,0,0
C022075,3851020,46212240,2222028,26664336,184020462,158373570,135495789,956173,798,0,0
C022076,4936664,59239968,3808806,45705672,192314224,48389825,20781055,365948,784,0,0
C022077,2836099,34033188,1018541,12222492,113054485,156556100,153149346,991020,749,0,0
C022078,3397477,40769724,2238886,26866632,143911947,34616450,21673005,280418,807,0,0
C022079,4791427,57497124,3065489,36785868,228405582,42387934,20949286,578686,741,0,0
C022080,4517952,54215424,2575886,30910632,359729358,57940050,24494232,451118,735,0,0
C022081,2665269,31983228,2067569,24810828,234890250,19680206,19680206,53305,804,0,0
C022082,2378069,28536828,1423373,17080476,88008999,17284380,7808877,187726,728,0,0
C022083,4694424,56333088,2861946,34343352,68426859,50462702,48163823,524345,793,1,0
C022084,4237836,50854032,1328297,15939564,102781971,73770131,69020965,583230,764,0,0
C022085,2922848,35074176,2189323,26271876,223328627,29029139,23156543,295570,724,0,0
C022086,4059889,48718668,1298125,15577500,215574283,110940038,90154743,702741,814,0,0
C022087,2773096,33277152,1967223,23606676,48822129,20679249,16835179,91590,793,0,0
C022088,3617958,43415496,2874309,34491708,258817640,31811802,23764335,293775,837,0,0
C022089,3712324,44547888,2878144,34537728,623670432,20191419,11751141,255904,735,0,0
C022090,3815298,45783576,2358882,28306584,78332764,19323778,19323778,415759,748,0,0
C022091,2890689,34688268,1307677,15692124,137733585,20382858,12495485,137810,839,0,0
C022092,4726784,56721408,2038261,24459132,391102840,69519240,69519240,303079,903,0,0
C022093,3019101,36229212,1637769,19653228,68481896,43499921,37486941,348013,891,0,0
C022094,2500819,30009828,1534444,18413328,107853838,12160991,12160991,211467,817,0,0
C022095,3477498,41729976,2018373,24220476,139398326,63821978,58564172,648066,737,0,0
C022096,3530659,42367908,2396822,28761864,241525822,54876637,49296780,294157,754,0,0
C022097,3814922,45779064,2425808,29109696,53532285,55346922,49695268,468117,754,1,0
C022098,7539210,90470520,4106863,49282356,337903357,44371973,35896340,348210,755,1,0
C022099,5495918,65951016,2704261,32451132,473665899,53249828,44854285,681358,787,0,0
C022100,2672145,32065740,1841288,22095456,59774571,39168380,31315643,334621,860,0,0
C022101,2757360,33088320,1653771,19845252,155264557,19570020,10351389,175520,761,0,0
C022102,3856704,46280448,1902408,22828896,592158001,190280086,170805916,1109143,803,0,0
C022103,3602621,43231452,2625079,31500948,99254543,17627113,15307065,359698,720,0,0
C022104,2919397,35032764,1970438,23645256,53778197,39482042,38390924,352945,779,1,0
C022105,5284947,63419364,2838390,34060680,276396091,69722575,56885667,361245,763,1,0
C022106,5735081,68820972,2694977,32339724,168265480,65972427,52587863,258728,813,0,0
C022107,2748982,32987784,1398870,16786440,233639070,52300007,52300007,413483,812,0,0
C022108,3103100,37237200,2208707,26504484,188574906,76893045,61717056,524276,818,0,0
C022109,2933524,35202288,1884320,22611840,318980065,72346992,61209482,593834,660,0,0
C022110,2262044,27144528,1358005,16296060,83218948,19379440,7357240,311707,779,0,0
C022111,4001263,48015156,2238226,26858712,186069403,24537090,18340502,487198,857,0,0
C022112,12000000,144000000,7799721,93596652,304031490,105570438,105570438,561412,732,0,0
C022113,3548136,42577632,1686197,20234364,100369733,27160708,19850870,267964,829,0,0
C022114,3237752,38853024,2360458,28325496,301484859,30808704,14145594,149304,700,0,0
C022115,6419280,77031360,4144310,49731720,221347818,86296986,72128537,792104,855,0,0
C022116,4968076,59616912,2013162,24157944,435432262,36220393,17648984,351705,940,0,0
C022117,2767915,33214980,1705215,20462580,118178771,28106270,21557309,287810,766,0,0
C022118,4442734,53312808,1954609,23455308,134878936,50103427,39064959,422057,808,0,0
C022119,5413182,64958184,3458376,41500512,639348648,66718351,57498555,284102,738,0,0
C022120,2111106,25333272,1314972,15779664,94174995,66353010,59760838,329690,827,0,0
C022121,6033295,72399540,3050879,36610548,159537283,75624693,54939974,555564,814,0,0
C022122,4675404,56104848,1208088,14497056,785467872,63825415,23051206,409989,723,0,0
C022123,4587255,55047060,2369390,28432680,68409039,63743458,58141077,387429,738,0,0
C022124,6294047,75528564,3782076,45384912,231135683,48931599,23736684,666264,725,0,0
C022125,6523816,78285792,3471483,41657796,77480299,59302684,43323330,912847,826,0,0
C022126,2383611,28603332,1784720,21416640,30994836,16959917,16708267,200774,771,0,0
C022127,4891229,58694748,2681163,32173956,254763590,189173289,179690766,1262690,768,0,0
C022128,9857900,118294800,5427113,65125356,514272164,67772713,67683994,197158,790,0,0
C022129,6217790,74613480,3236405,38836860,167191108,188991182,121078249,1157901,693,0,0
C022130,3572785,42873420,1871741,22460892,217328726,17869544,7396078,71456,812,0,0
C022131,5734423,68813076,2639961,31679532,58651848,55985917,55985917,379836,904,0,0
C022132,3498781,41985372,1456169,17474028,229352134,35379597,33472702,266032,785,0,0
C022133,2216722,26600664,978006,11736072,115769239,26081777,19596349,257491,783,0,0
C022134,4604750,55257000,2802433,33629196,165413354,53787085,44034733,687151,801,0,0
C022135,2600286,31203432,714481,8573772,117891376,24958128,6507879,92749,772,0,0
C022136,6390734,76688808,2897012,34764144,334281304,76798232,71802483,621322,734,0,0
C022137,3352082,40224984,1513233,18158796,89682290,28471780,28471780,161548,783,0,0
C022138,4312774,51753288,1816709,21800508,203871291,64694980,59535771,386918,835,0,0
C022139,3841226,46094712,2663823,31965876,58610835,54341369,54341369,574259,717,0,0
C022140,4461095,53533140,1825981,21911772,268280082,30248074,15663098,270319,878,0,0
C022141,3762224,45146688,3630943,43571316,155910504,65720750,36179059,564287,631,0,1
C022142,3969156,47629872,2444097,29329164,188093654,92065719,86430758,849805,685,1,1
C022143,2028872,24346464,908231,10898772,134427803,42625839,38838888,366275,780,0,0
C022144,4192124,50305488,2334628,28015536,156267243,73656677,44542612,367490,836,0,0
C022145,4898637,58783644,3170544,38046528,176951041,79813883,63690300,875567,795,0,0
C022146,4405242,52862904,2668276,32019312,538158646,29212127,27994611,223335,807,0,0
C022147,4628111,55537332,2176476,26117712,53290374,27274792,27274792,529830,778,0,0
C022148,4871278,58455336,3135572,37626864,214408940,54006238,49893305,477240,740,1,0
C022149,4801885,57622620,2485940,29831280,359959229,32071797,32071797,367273,655,0,0
C022150,2893255,34719060,1404564,16854768,204084588,78342104,68275410,473665,753,0,0
C022151,3854683,46256196,2171977,26063724,140971252,41635641,35023822,551772,879,0,0
C022152,5775201,69302412,1455808,17469696,347227872,48186168,33061570,279118,759,1,0
C022153,4760198,57122376,2272488,27269856,799713264,65841945,55130434,356131,807,0,0
C022154,5204394,62452728,1821809,21861708,247284605,102629867,92085696,851815,858,0,0
C022155,5768964,69227568,3072134,36865608,340576770,50878838,50878838,498493,829,0,0
C022156,4835358,58024296,2343787,28125444,105006023,63419108,48767905,676304,733,0,0
C022157,3341607,40099284,1374855,16498260,175953339,37533106,37533106,290470,802,1,0
C022158,5713994,68567928,3133401,37600812,178973564,66694538,39461372,400860,706,0,0
C022159,3204670,38456040,1523162,18277944,400061572,34314007,34314007,274601,794,0,0
C022160,1957066,23484792,1491787,17901444,218222325,14697513,11452772,127114,781,0,0
C022161,2208360,26500320,1368470,16421640,103585841,65984482,57726983,241974,740,0,0
C022162,5683214,68198568,4064034,48768408,187505641,71521702,41696759,621146,759,0,0
C022163,2766833,33201996,1950790,23409480,56451591,67011259,47158887,518250,642,0,1
C022164,3265451,39185412,1651651,19819812,66566883,28408450,24951726,154788,880,0,0
C022165,4692695,56312340,2173328,26079936,413852934,51355167,42441340,292842,728,1,0
C022166,2620299,31443588,1763350,21160200,121811592,68997562,68997562,509552,779,0,0
C022167,4957448,59489376,3360754,40329048,316289111,34130464,34130464,418656,788,0,0
C022168,5228294,62739528,1755283,21063396,28057965,56533037,53791578,269583,874,0,0
C022169,5999677,71996124,3025497,36305964,351594150,55612587,55612587,875921,802,0,0
C022170,2046726,24560712,1251890,15022680,131673976,23168297,23168297,223704,882,0,0
C022171,2265494,27185928,916199,10994388,37358170,45824100,36400738,343816,833,0,0
C022172,8300372,99604464,3658941,43907292,197971088,47090809,47090809,166007,846,0,0
C022173,7062894,84754728,4022363,48268356,412908993,64645089,49466167,747988,819,0,0
C022174,5632570,67590840,3228535,38742420,142524636,136432301,122937756,1006115,783,0,0
C022175,3887917,46655004,2270944,27251328,96579766,35175314,19062725,173425,718,0,0
C022176,2638199,31658388,1868546,22422552,29178592,20137723,10369145,170858,752,0,0
C022177,1873206,22478472,818100,9817200,63377910,15005260,15005260,282457,776,0,0
C022178,6270830,75249960,3900991,46811892,552732663,129547877,91901819,910076,703,0,0
C022179,6714828,80577936,3537541,42450492,294542263,44004243,39697289,639628,828,0,0
C022180,6879878,82558536,3758183,45098196,93080263,97389347,88530282,607852,888,0,0
C022181,4486185,53834220,2810161,33721932,124646490,40994838,17924177,536077,759,0,0
C022182,5538830,66465960,2733849,32806188,191013122,39879529,18255434,110777,816,0,0
C022183,6431093,77173116,4014398,48172776,409330777,57871091,27008562,448817,790,0,0
C022184,4866239,58394868,1793872,21526464,313982546,21773212,21773212,421817,853,0,0
C022185,3622344,43468128,2009798,24117576,356249712,51150819,46671494,587539,750,0,0
C022186,6503734,78044808,3963616,47563392,999384779,251525831,251525831,1543678,673,1,1
C022187,7052482,84629784,5364081,64368972,1184816976,87402931,82137556,568739,840,0,0
C022188,5385871,64630452,3024841,36298092,249284016,23958645,18381826,236090,834,0,0
C022189,2683674,32204088,1360077,16320924,155801326,18446671,6394756,53673,803,0,0
C022190,2827932,33935184,1252910,15034920,62779201,41243023,30695485,349962,707,1,0
C022191,5402750,64833000,2829486,33953832,172804962,110905775,88536247,580656,744,0,0
C022192,5595408,67144896,4087085,49045020,127668457,99828896,90604460,920107,759,0,0
C022193,2897708,34772496,2094446,25133352,237857300,46070676,42532195,519865,714,0,0
C022194,6625819,79509828,2750818,33009816,510581079,80254669,57067244,758296,773,0,0
C022195,3060008,36720096,2243351,26920212,83647855,48392500,30547034,394214,690,0,0
C022196,3696978,44363736,1669980,20039760,381839944,23027540,20447449,73940,705,0,0
C022197,4506930,54083160,1645666,19747992,198078533,134217766,130995769,743969,787,0,0
C022198,3842516,46110192,1599505,19194060,166111984,141849319,119311977,597765,835,0,0
C022199,3277851,39334212,2101349,25216188,94162386,40298670,40298670,356881,802,0,0
C022200,5957318,71487816,4079402,48952824,269889885,376795860,321695172,2341060,628,0,1
C022201,4399584,52795008,2872319,34467828,160364574,130824922,128779539,1060078,677,1,1
C022202,2905549,34866588,1993639,23923668,45580597,12032019,5921810,138575,776,0,0
C022203,3001604,36019248,2831616,33979392,26096386,26902358,20423593,598771,614,2,1
C022204,4320158,51841896,2220582,26646984,199191756,40021977,40021977,254137,785,0,0
C022205,5857026,70284312,3516015,42192180,414517523,19313700,15109394,117141,783,0,0
C022206,2233209,26798508,1209393,14512716,30473710,24475072,23569383,293785,781,0,0
C022207,7296746,87560952,4278943,51347316,113481810,155133670,134164397,1399765,784,0,0
C022208,6191863,74302356,3601308,43215696,111104829,61629124,44603499,487986,769,0,0
C022209,12000000,144000000,5190333,62283996,285750150,207025847,139419938,674566,764,0,0
C022210,3305700,39668400,1978317,23739804,89615503,61075997,50118102,615793,785,0,0
C022211,2114046,25368552,1736666,20839992,109042953,48547275,27930286,402606,667,0,1
C022212,4324957,51899484,1793838,21526056,206788480,100521176,90438004,575075,741,0,0
C022213,5577269,66927228,3413733,40964796,395090020,318985629,301172526,2125270,733,0,1
C022214,2924769,35097228,1410459,16925508,49974182,37436562,26160859,387187,837,0,0
C022215,3985862,47830344,2077562,24930744,80276729,19923207,15603861,442987,762,0,0
C022216,12000000,144000000,7152540,85830480,238703817,43212064,43212064,646362,812,0,0
C022217,2655403,31864836,1026325,12315900,33768588,19588887,17966761,305907,788,0,0
C022218,7885963,94631556,2890990,34691880,730315640,77378541,77378541,781473,760,0,0
C022219,3044288,36531456,1240389,14884668,457856384,147326294,135955563,721628,744,0,0
C022220,3258718,39104616,1707392,20488704,140487543,42513735,42513735,427690,821,0,0
C022221,4115210,49382520,3316505,39798060,238877168,34621852,16629268,423554,720,0,1
C022222,5483374,65800488,2858155,34297860,262219922,113966870,107313390,874995,770,1,0
C022223,3126398,37516776,2293467,27521604,53452785,20043347,12105453,211091,819,0,0
C022224,4422550,53070600,1949983,23399796,201188878,65639725,51718923,645637,852,0,0
C022225,4848765,58185180,3361420,40337040,400609582,74204366,65982722,454947,738,0,0
C022226,3545921,42551052,1620154,19441848,84700174,55647864,43774733,341894,807,0,0
C022227,4382381,52588572,3219994,38639928,289049665,202574688,178655938,1225994,761,0,1
C022228,1872371,22468452,1194164,14329968,95962402,27518695,21034058,260563,660,1,0
C022229,5071993,60863916,2100020,25200240,86557096,161761486,161761486,1231915,787,0,0
C022230,4201119,50413428,2155873,25870476,76536222,12173989,12173989,84022,894,0,0
C022231,1800000,21600000,1230403,14764836,104430534,10424374,9999169,78593,841,0,0
C022232,3613541,43362492,2627480,31529760,510931417,38471490,19926541,451310,645,0,0
C022233,3798562,45582744,2259505,27114060,229575048,81977361,65639456,556071,942,0,0
C022234,8957461,107489532,6358156,76297872,353185192,99887600,70797720,1134579,785,0,0
C022235,5291162,63493944,2501405,30016860,353160342,73903131,60975183,756528,812,0,0
C022236,4964613,59575356,1586352,19036224,76397800,94268304,94268304,578680,836,0,0
C022237,3824423,45893076,2317269,27807228,131755292,37444111,21468940,309366,780,0,0
C022238,2735263,32823156,1444077,17328924,156740524,46335548,37797579,253213,694,0,0
C022239,5573008,66876096,3843964,46127568,233863237,67221436,46119149,816344,737,0,1
C022240,7815867,93790404,5260022,63120264,267658819,62362021,29537297,631679,810,0,0
C022241,4317343,51808116,3248600,38983200,563288122,48927645,31679326,293115,919,0,0
C022242,5165004,61980048,2869444,34433328,198673103,92512147,92512147,648144,793,0,0
C022243,4065452,48785424,2544966,30539592,312661917,70068774,58849565,487329,659,1,0
C022244,2749451,32993412,1494771,17937252,374143234,67508788,60719838,378308,778,0,0
C022245,4204322,50451864,3102993,37235916,92890725,49121658,26415166,264397,776,0,0
C022246,10183716,122204592,6104095,73249140,270345561,274521230,249047781,1547676,841,0,0
C022247,4116546,49398552,2365174,28382088,123212882,34950405,18993604,82331,758,0,0
C022248,2949921,35399052,1614155,19369860,140874161,11302213,5026892,63773,747,0,0
C022249,3632708,43592496,2264333,27171996,111735336,22075474,20187467,400545,729,0,0
C022250,4165041,49980492,2736930,32843160,300941881,56288063,34264639,271741,795,0,0
C022251,6206394,74476728,4250144,51001728,1042674192,52433862,33394438,797606,734,0,0
C022252,4796225,57554700,2790365,33484380,193492482,65305894,45299822,540790,760,0,0
C022253,7717756,92613072,4069990,48839880,696070551,232604853,232604853,1975882,772,0,1
C022254,1838560,22062720,1091122,13093464,119328340,42159269,39112956,221516,775,0,0
C022255,3644929,43739148,2517998,30215976,101979214,107842568,90434556,662994,767,0,0
C022256,2302472,27629664,1170934,14051208,122271276,15718814,14342836,248978,871,0,0
C022257,5757458,69089496,3647702,43772424,80557305,135890213,102136497,651429,732,0,0
C022258,2891587,34699044,1604727,19256724,485786616,18638488,12115717,188368,812,0,0
C022259,2022127,24265524,1663741,19964892,163450667,21741180,15828285,191148,698,0,0
C022260,9338402,112060824,4496562,53958744,1568851536,108075706,108075706,384760,891,0,0
C022261,2781119,33373428,980262,11763144,251331953,45508400,25878850,274256,816,0,0
C022262,3073063,36876756,1522800,18273600,88613623,45535586,44854077,474420,702,2,1
C022263,7015484,84185808,5100439,61205268,209410206,105412023,98190845,874342,687,0,0
C022264,7760507,93126084,5932782,71193384,610640766,42962674,42962674,755447,754,0,0
C022265,2858282,34299384,1545052,18540624,56575325,23272218,23272218,311253,786,0,0
C022266,3976160,47713920,2895024,34740288,162177146,48432414,41987885,377809,746,0,0
C022267,3858948,46307376,2436101,29233212,86590855,59365089,22960855,362924,735,0,0
C022268,6070146,72841752,3893592,46723104,201816517,96281734,78349284,981157,744,0,0
C022269,4540238,54482856,2655036,31860432,117521036,30254869,25317602,502870,780,1,1
C022270,4154606,49855272,2621891,31462692,317341148,68227833,46625364,320144,731,0,0
C022271,6771138,81253656,3929852,47158224,258119204,116769897,78584121,322195,808,0,0
C022272,3366210,40394520,1659299,19911588,110520171,56858283,40470912,324271,727,0,0
C022273,2800891,33610692,2147668,25772016,298376594,82748040,79178471,739819,720,0,0
C022274,4563167,54758004,1731004,20772048,280480762,49420821,41087560,202105,738,0,0
C022275,4413065,52956780,3056448,36677376,423261504,57047966,44107593,441220,882,0,0
C022276,3043434,36521208,1906361,22876332,111841653,28979927,17642225,294967,740,0,0
C022277,3662928,43955136,2468796,29625552,361300244,57280670,53087004,546163,785,0,0
C022278,8223440,98681280,4264639,51175668,285407828,68274226,60827380,1059189,782,0,0
C022279,5624552,67494624,4348792,52185504,67670524,234298814,205980318,1623322,735,0,0
C022280,3801728,45620736,1836480,22037760,255568695,47302509,27968927,169114,808,0,0
C022281,3271396,39256752,1973787,23685444,43666060,30578071,18990857,155572,832,0,0
C022282,3226081,38712972,1389691,16676292,52476188,69196393,42719848,332599,783,0,0
C022283,1800000,21600000,1159914,13918968,81726467,21052025,21052025,118592,754,1,0
C022284,7468750,89625000,3685170,44222040,111083427,103155878,87798812,886316,714,0,0
C022285,6987104,83845248,4867207,58406484,241025557,161473301,148215807,1384022,826,0,0
C022286,3171348,38056176,2107754,25293048,170248085,22587331,17429417,178555,870,0,0
C022287,4781814,57381768,3279954,39359448,112233091,99878010,99878010,988283,716,0,0
C022288,3666660,43999920,1655432,19865184,68510930,85009887,82233294,763583,803,0,0
C022289,8580237,102962844,3872828,46473936,407985599,54870973,32892210,422069,930,0,0
C022290,2120562,25446744,1075325,12903900,73578131,54426526,40266227,377707,713,0,1
C022291,3001529,36018348,1841329,22095948,159364731,35492733,19661683,363529,770,0,0
C022292,3671924,44063088,2383447,28601364,58632465,19681827,16457292,145884,801,0,0
C022293,5112073,61344876,4383684,52604208,104951373,63468714,27114035,297383,831,0,0
C022294,9661765,115941180,7626736,91520832,221496792,251008807,211186067,1363728,680,1,0
C022295,5067955,60815460,2372491,28469892,262351352,41800832,20140660,366544,806,0,0
C022296,3140196,37682352,1300684,15608208,198703354,132849619,131229350,801031,783,0,0
C022297,6912843,82954116,4006627,48079524,317343877,185522593,163395782,1182570,824,0,0
C022298,8361399,100336788,5979724,71756688,123994928,186758016,180137849,1115628,698,0,1
C022299,2769734,33236808,1524280,18291360,67945894,75355987,75338547,693138,772,0,0
C022300,5228116,62737392,2193822,26325864,262415063,73357295,51294961,542830,855,1,0
C022301,12000000,144000000,7894948,94739376,551420927,139259223,120432510,1291210,831,0,0
C022302,3527365,42328380,2160325,25923900,232960814,25565948,21329226,99786,729,0,0
C022303,4156619,49879428,1850574,22206888,190527852,56819809,18281852,83132,735,0,0
C022304,3296098,39553176,2693728,32324736,220550403,71659930,56424796,470682,819,0,0
C022305,5638629,67663548,1573437,18881244,947289672,43400569,39195523,350714,735,0,0
C022306,6466432,77597184,3340340,40084080,82274598,43813271,20507025,465075,819,0,0
C022307,6509674,78116088,3828945,45947340,656277775,21421427,21421427,554422,844,0,0
C022308,3797618,45571416,2377904,28534848,217530884,26361282,10979070,478100,774,0,0
C022309,7024843,84298116,5038015,60456180,427051555,78666800,47178037,1291665,790,1,0
C022310,3299342,39592104,1497090,17965080,66628736,19858681,13682054,274386,817,0,0
C022311,3637235,43646820,1781318,21375816,165375771,29800968,23705172,294032,922,0,0
C022312,3076169,36914028,1367953,16415436,122620153,14103213,13245174,335254,736,0,0
C022313,3021287,36255444,1751041,21012492,270983297,48288610,27574874,210909,852,0,0
C022314,2512823,30153876,1169865,14038380,102304763,29787232,19264462,182927,950,0,0
C022315,3214085,38569020,2149294,25791528,219441514,27223094,16768081,402378,746,0,0
C022316,4539721,54476652,2803895,33646740,209061833,50307934,35521452,417148,773,0,0
C022317,5704595,68455140,4065247,48782964,142144891,178281004,178281004,1367063,734,0,0
C022318,6407658,76891896,5645258,67743096,183759552,177915818,150805561,1138437,710,1,0
C022319,1955721,23468652,1095984,13151808,73327756,32610351,32610351,260043,739,0,0
C022320,4638578,55662936,3500312,42003744,253164937,72318571,66964945,517038,773,0,0
C022321,2504196,30050352,1260150,15121800,45152061,30320095,21082473,187275,866,0,0
C022322,3236335,38836020,1601407,19216884,39606362,45944580,37497568,278721,757,0,0
C022323,1800000,21600000,1294285,15531420,119271297,15222464,5494937,184785,686,0,0
C022324,9820617,117847404,6135202,73622424,298277049,124342600,79262681,992173,759,0,0
C022325,2517613,30211356,1399531,16794372,185586894,40804876,36760889,249465,717,0,0
C022326,2679994,32159928,1407722,16892664,119486204,27091739,14016111,53600,781,0,0
C022327,2069716,24836592,1319984,15839808,44721524,24202269,7351378,125124,756,1,0
C022328,1817334,21808008,1799243,21590916,33947424,48028650,40419467,386769,688,0,1
C022329,6438267,77259204,3515472,42185664,430092787,236327388,206205234,1323520,770,0,1
C022330,3330393,39964716,2593112,31117344,99076722,66806434,66806434,553852,643,1,1
C022331,2960177,35522124,1652339,19828068,182845797,161735100,153784214,941869,722,0,1
C022332,2103290,25239480,1033084,12397008,235021546,27550272,18770616,50000,898,0,0
C022333,6829107,81949284,2880444,34565328,103636683,142640192,117760238,1138782,753,0,0
C022334,3132903,37594836,1521791,18261492,26473901,29617760,25110957,342436,793,0,0
C022335,2618166,31417992,1208748,14504976,393428481,31284846,21428711,348735,849,0,0
C022336,3129680,37556160,1993663,23923956,253780497,64812363,51040895,457043,746,0,0
C022337,7842879,94114548,4117990,49415880,42107124,74863235,29660746,500974,832,0,0
C022338,7305615,87667380,5858566,70302792,1019336427,84673974,84673974,1023467,772,0,0
C022339,4105603,49267236,2011096,24133152,304739850,72963087,49803530,677674,721,1,0
C022340,6630602,79567224,3327169,39926028,85975846,106098168,72066692,616386,717,0,0
C022341,5388346,64660152,3264167,39170004,319891214,36188244,36188244,408816,749,0,0
C022342,3525708,42308496,1602022,19224264,232433065,27539219,26520210,284845,800,0,0
C022343,3550244,42602928,1158493,13901916,198184843,37232101,26710769,301506,741,0,0
C022344,2668124,32017488,1272105,15265260,71986523,17493534,17493534,208825,896,0,0
C022345,3749819,44997828,2338055,28056660,260628752,91450818,84229269,554078,700,1,0
C022346,3535746,42428952,1925938,23111256,182856114,37816064,28174005,253804,703,0,0
C022347,2965207,35582484,1712477,20549724,118752007,80447960,80447960,836199,814,0,0
C022348,2252017,27024204,1271126,15253512,84760086,14461469,14461469,462968,705,0,0
C022349,3303456,39641472,1566247,18794964,119626690,35580315,15219392,174081,793,0,0
C022350,3698812,44385744,2244787,26937444,69362646,66358420,52979725,657458,742,0,0
C022351,5169895,62038740,3757840,45094080,236856903,146858025,146858025,1118239,674,0,1
C022352,3112521,37350252,2804035,33648420,82319096,62071273,52586255,348729,733,0,0
C022353,2924168,35090016,2489224,29870688,214963037,66972301,51432071,503493,714,0,0
C022354,2968312,35619744,1705444,20465328,92610155,158015524,151505076,897812,724,0,0
C022355,3324849,39898188,1621524,19458288,59497870,31537992,17901028,274332,772,0,0
C022356,2387285,28647420,1209325,14511900,35928570,58605018,44429797,482489,755,0,0
C022357,5635468,67625616,2592033,31104396,300006984,65995382,24825319,550591,747,0,0
C022358,5739220,68870640,4081792,48981504,208674002,82378961,81249752,821457,661,1,0
C022359,2554651,30655812,1720243,20642916,31458280,21728076,21728076,226264,788,0,0
C022360,7218069,86616828,4155778,49869336,137976376,108451659,67125721,301107,845,0,0
C022361,6234563,74814756,4056239,48674868,104498280,107006588,99204365,422732,773,0,0
C022362,4335109,52021308,2063246,24758952,69637051,42600408,42600408,580029,705,1,0
C022363,4196276,50355312,3517991,42215892,178550981,50223362,39638551,544498,709,0,0
C022364,5202152,62425824,2111517,25338204,159279469,57126553,57126553,820566,767,0,0
C022365,3004364,36052368,1881275,22575300,70074996,25761292,13251276,60360,851,0,0
C022366,5630746,67568952,2940815,35289780,578250931,80050726,46064600,376993,824,0,0
C022367,2631764,31581168,1647644,19771728,273263733,27817833,17197556,202124,648,1,0
C022368,8619328,103431936,2556472,30677664,129411170,100519945,59125203,1307280,791,0,0
C022369,6280940,75371280,3573391,42880692,668130976,20252957,20252957,284876,796,1,0
C022370,7088594,85063128,3785404,45424848,359377603,157070328,157070328,995688,748,0,1
C022371,5030979,60371748,3056399,36676788,251853805,48478321,41794293,675201,746,0,0
C022372,3744992,44939904,2135530,25626360,194584427,41057869,39209003,641017,783,0,0
C022373,4736506,56838072,2681802,32181624,399622320,25031261,22756092,527156,820,0,0
C022374,3217372,38608464,2091843,25102116,62897723,23349381,23349381,437234,853,0,0
C022375,2709224,32510688,1536546,18438552,64883245,27312001,18820255,206756,775,1,0
C022376,2339520,28074240,1512530,18150360,149155504,29445428,22338493,160549,844,0,0
C022377,2466323,29595876,1628518,19542216,60678679,35775684,22887157,384676,796,0,0
C022378,1800000,21600000,1220301,14643612,42855239,22278035,15739452,64222,892,0,0
C022379,2840553,34086636,1032059,12384708,67955946,54192252,35874451,274933,705,1,0
C022380,3976818,47721816,3286660,39439920,371350424,104310450,82140993,770788,837,1,0
C022381,3032638,36391656,927176,11126112,62998176,38816518,22067710,347372,764,0,0
C022382,2185985,26231820,1453267,17439204,59294889,13370086,13370086,237197,768,0,0
C022383,5782657,69391884,3627015,43524180,218125545,56475411,41739685,180404,749,0,0
C022384,4962067,59544804,4134854,49618248,310660943,59849994,59849994,230262,759,0,0
C022385,4198097,50377164,2386523,28638276,705280296,57051622,49807218,424886,742,0,0
C022386,9307831,111693972,5842103,70105236,362018140,120477127,114830300,874541,750,0,1
C022387,4324492,51893904,2805035,33660420,78822215,52917446,47311164,636957,815,0,0
C022388,1811905,21742860,1340658,16087896,105550467,25699551,21064040,217661,754,0,0
C022389,4969594,59635128,2503041,30036492,266108877,36592629,36592629,488863,860,0,0
C022390,2990309,35883708,1852230,22226760,240685717,43658298,29541781,239602,798,0,0
C022391,4580712,54968544,1145178,13742136,234969670,30867890,20094448,91614,832,0,0
C022392,2404714,28856568,1286054,15432648,122161424,23476931,16036142,261029,739,0,0
C022393,3020111,36241332,1615484,19385808,259208175,27882341,19068054,323748,801,0,0
C022394,3800065,45600780,2653203,31838436,137950276,25377758,18623866,240323,836,0,0
C022395,3887778,46653336,2654585,31855020,256948697,76180964,55348146,356081,733,0,0
C022396,3789367,45472404,1217574,14610888,237492728,59378026,54253607,503996,828,0,0
C022397,4926721,59120652,2226072,26712864,150239633,20238629,13213387,487906,808,0,0
C022398,2174861,26098332,1218291,14619492,271232381,24183201,15556731,213095,820,0,0
C022399,3972141,47665692,1435072,17220864,241487449,127673796,114201457,713655,747,0,0
C022400,6839679,82076148,4355017,52260204,1012347460,50999719,42905921,573426,826,0,0
C022401,6687163,80245956,4939038,59268456,209611061,98456065,59898680,660557,706,0,0
C022402,2941559,35298708,1383290,16599480,103389290,48569396,33192526,362835,789,0,0
C022403,1800000,21600000,932940,11195280,28698922,20410830,12525631,50000,827,0,0
C022404,1800000,21600000,1124464,13493568,127117181,45464444,35319123,317661,687,0,1
C022405,4632554,55590648,3202607,38431284,248565001,37052304,34968893,206564,791,0,0
C022406,4466207,53594484,3153557,37842684,285828452,33108698,27381224,400942,731,0,0
C022407,6904115,82849380,6424709,77096508,240799388,63969236,44841442,632740,671,1,0
C022408,5778690,69344280,3595116,43141392,312918139,83445031,55737278,352225,810,0,0
C022409,6661133,79933596,3961924,47543088,636065730,100929256,70002368,499154,757,0,0
C022410,3075647,36907764,1745734,20948808,93675354,40855955,40855955,393385,845,0,0
C022411,6076607,72919284,4353562,52242744,863173067,40811132,33637133,608469,760,0,0
C022412,2347906,28174872,1213383,14560596,142877100,31531136,25052698,121296,777,1,0
C022413,6168130,74017560,3495103,41941236,127395477,20687503,17151725,589900,830,0,0
C022414,2606966,31283592,1555374,18664488,51731552,27953706,20032727,285248,737,0,0
C022415,4109650,49315800,1848137,22177644,214830004,52125983,31205936,488806,784,0,0
C022416,8288416,99460992,4379873,52558476,463238546,151661686,110553289,548189,770,0,0
C022417,4585531,55026372,2819113,33829356,92133349,45658863,31318862,661171,762,0,0
C022418,4838540,58062480,2701776,32421312,585271553,70765937,70765937,358530,864,0,0
C022419,4974589,59695068,4287031,51444372,267925907,208246202,192282455,1325283,651,0,1
C022420,5482064,65784768,3770939,45251268,500480344,183453410,151761421,1004514,697,0,0
C022421,2519983,30239796,1404734,16856808,63785878,48331268,25820723,191410,828,1,0
C022422,3945744,47348928,2118734,25424808,120547213,48582197,24462808,200414,797,0,0
C022423,3276947,39323364,2389067,28668804,115958542,32386784,32386784,408220,743,0,0
C022424,6537096,78445152,4811148,57733776,295664877,108403899,78541203,364830,861,0,0
C022425,3716414,44596968,1625448,19505376,624357552,43212311,41779400,373678,808,0,0
C022426,2294884,27538608,1093533,13122396,112814360,20565469,20565469,297718,757,0,0
C022427,3677732,44132784,2860582,34326984,112033497,39353503,25018804,366400,634,0,0
C022428,6534294,78411528,4286416,51436992,202039882,45336026,45336026,520685,741,1,0
C022429,3189793,38277516,1043837,12526044,203788195,48543304,37962177,331894,877,0,0
C022430,2619696,31436352,1521644,18259728,83181218,49988797,30161345,310848,843,0,0
C022431,3653971,43847652,2821643,33859716,102253573,65732227,63003192,563278,707,0,0
C022432,1800000,21600000,874375,10492500,65822537,9568258,4321700,106381,687,0,0
C022433,2432430,29189160,1668159,20017908,51970454,36903100,28794366,319462,770,0,0
C022434,3565302,42783624,2151782,25821384,267990372,40158073,24463471,192773,834,0,0
C022435,7932430,95189160,6973128,83677536,370210838,145272394,135719233,1020050,747,0,0
C022436,4049508,48594096,2482563,29790756,191967592,59448272,50679408,286231,856,1,0
C022437,2388463,28661556,1032070,12384840,28337849,17349117,17349117,210841,714,0,0
C022438,3245583,38946996,2415641,28987692,274177120,54351946,22200395,313758,726,0,0
C022439,3378226,40538712,2457237,29486844,142216873,58472309,57639954,741248,686,0,0
C022440,5693009,68316108,2970416,35644992,273091879,53543725,32468931,329671,847,0,0
C022441,3256872,39082464,1795937,21551244,196079014,34117863,29170650,304945,783,0,0
C022442,3380391,40564692,2498557,29982684,79996031,45321539,22651399,257567,816,0,0
C022443,6068110,72817320,2725766,32709192,790907205,183688934,145804833,1481997,666,1,1
C022444,3512711,42152532,1848620,22183440,494434387,66596584,32476461,671851,769,0,0
C022445,4539734,54476808,3334235,40010820,145478473,54505563,44431791,617803,726,0,0
C022446,3691690,44300280,2158849,25906188,78005640,31447940,17170326,77400,827,0,0
C022447,2998425,35981100,1735427,20825124,377129624,28032778,27467877,222853,714,0,0
C022448,1800000,21600000,1165061,13980732,235792539,19267942,14951346,106754,873,0,0
C022449,5736334,68836008,4093785,49125420,283889754,33075700,33075700,624890,797,0,0
C022450,5613987,67367844,3541662,42499944,67388589,50670763,17465219,417922,702,0,0
C022451,4650218,55802616,2621711,31460532,358266883,80054814,73383066,754940,692,0,0
C022452,3897013,46764156,3264018,39168216,38326209,53028046,27489916,758872,629,2,1
C022453,5725482,68705784,5227455,62729460,125696671,100581698,61603698,1132353,664,2,1
C022454,3516074,42192888,2245192,26942304,77081956,55792214,47031044,439545,671,0,0
C022455,5821289,69855468,4367594,52411128,349649249,69801780,39224452,211744,845,0,0
C022456,1800000,21600000,958206,11498472,37272517,31526146,22793474,115490,856,0,0
C022457,2352330,28227960,1362088,16345056,75837482,18114596,8363332,222163,724,0,0
C022458,1800000,21600000,500571,6006852,59737581,30179002,25908313,268442,860,0,0
C022459,3527330,42327960,1452455,17429460,133085180,77083565,77083565,660524,816,0,0
C022460,4680994,56171928,3381488,40577856,589292481,87280250,74242158,846768,612,1,0
C022461,9396351,112756212,5797637,69571644,367271510,82876798,43745153,413768,778,0,0
C022462,6928200,83138400,5324570,63894840,155943899,126800450,103345445,1332840,674,1,1
C022463,3926852,47122224,3306282,39675384,100775363,70776025,46695852,529272,678,0,1
C022464,3664219,43970628,2233281,26799372,303616090,80452442,67920197,598305,837,0,0
C022465,2570036,30840432,1272074,15264888,76407743,28068736,26695682,357248,792,0,0
C022466,5813998,69767976,3310790,39729480,332074879,81278113,77382163,953283,895,0,0
C022467,6413526,76962312,2767419,33209028,468022110,33306456,16017695,1119708,876,0,0
C022468,3961445,47537340,2032675,24392100,109565158,79999386,73016908,570368,850,0,0
C022469,6364019,76368228,3349627,40195524,445625896,321504284,292555451,2162340,707,0,0
C022470,3364452,40373424,2222301,26667612,227573207,47642605,27846124,318105,896,0,0
C022471,3257425,39089100,1382633,16591596,138291335,53223559,52051241,332024,857,0,0
C022472,3328721,39944652,2581103,30973236,72932530,34120927,32289863,300430,869,0,0
C022473,4585367,55024404,2980105,35761260,96628340,89057149,61224189,727629,753,1,1
C022474,3953460,47441520,2699505,32394060,91920467,34220263,21851021,375143,771,0,0
C022475,2453048,29436576,1757440,21089280,294896021,28409583,23508848,208053,816,0,0
C022476,2247367,26968404,1287354,15448248,27478884,9724136,9724136,53576,846,0,0
C022477,3273679,39284148,3406357,40876284,287427964,83264757,65377810,807849,647,1,0
C022478,3889613,46675356,2159412,25912944,165241895,56862548,25488297,605028,727,0,0
C022479,2061250,24735000,1178446,14141352,53613781,20218053,18133994,262754,797,0,0
C022480,2874616,34495392,1859672,22316064,143202776,10923790,10923790,325443,780,0,0
C022481,4599949,55199388,3346666,40159992,83789267,72570277,39199117,505346,639,0,1
C022482,2019801,24237612,1185975,14231700,70293234,26331823,15727464,327639,735,1,0
C022483,5931502,71178024,3865522,46386264,98016956,74175661,54829758,804608,746,0,0
C022484,6048933,72587196,3975857,47710284,344463150,41437878,9885380,425225,808,0,0
C022485,6030470,72365640,2968286,35619432,272594858,61155903,57767011,575095,803,0,0
C022486,5708260,68499120,4023607,48283284,128498243,139537859,100150737,982294,641,1,0
C022487,7861809,94341708,3335573,40026876,391251859,79019421,56564534,561089,809,0,0
C022488,1800000,21600000,1061219,12734628,114028458,31751905,27649895,255687,825,0,0
C022489,7093629,85123548,5958648,71503776,232030448,176379787,152225852,1305688,712,0,1
C022490,2365871,28390452,1599220,19190640,67862930,41071744,35346979,317214,791,0,0
C022491,4770921,57251052,2321463,27857556,652959306,49612129,19093452,260238,857,0,0
C022492,1852901,22234812,645197,7742364,113420279,18525173,5953395,50000,841,0,0
C022493,2473530,29682360,1070114,12841368,59013602,12971328,12971328,50000,816,0,0
C022494,3353850,40246200,1470690,17648280,97339152,24554422,20012793,413349,928,0,0
C022495,5826528,69918336,3605672,43268064,219423952,132067038,98125049,967117,684,0,0
C022496,3785950,45431400,1689615,20275380,86172205,36991052,18417411,541004,745,0,0
C022497,2866874,34402488,1684142,20209704,342134495,60682775,45573577,351611,830,0,0
C022498,4453337,53440044,1132564,13590768,169435449,70981946,54821825,371123,751,0,0
C022499,3791671,45500052,1475708,17708496,214942842,49253975,42857046,432840,782,0,0
C022500,3539045,42468540,1759199,21110388,216112690,75167753,75167753,767559,698,0,0
C022501,8006524,96078288,4102704,49232448,765386142,116880088,71593743,699180,842,0,0
C022502,6429650,77155800,3551500,42618000,632272668,21789203,13723385,128593,867,0,0
C022503,2568218,30818616,1990261,23883132,100156875,24185915,24185915,261449,815,0,0
C022504,2645379,31744548,910059,10920708,76754321,25860102,10207056,154960,863,0,0
C022505,3068296,36819552,1766334,21196008,193388404,37654389,28617083,296382,821,0,0
C022506,2242305,26907660,2000596,24007152,60861453,78747730,70807523,583681,630,0,1
C022507,1800000,21600000,1403429,16841148,25173196,18248967,9280932,115293,831,0,0
C022508,7672874,92074488,4121743,49460916,415630656,137237510,93118690,1065977,781,0,0
C022509,5018299,60219588,3033761,36405132,280238933,52748806,52748806,427422,843,0,0
C022510,3506954,42083448,1071468,12857616,58543579,21149455,12853618,88196,773,0,0
C022511,7339373,88072476,3821306,45855672,216871758,43443364,28929781,601364,814,0,0
C022512,4767031,57204372,2295163,27541956,615629635,37308511,37308511,240321,834,0,0
C022513,4155205,49862460,2908384,34900608,147724739,49204272,49204272,531195,841,0,0
C022514,5576187,66914244,2943973,35327676,210003849,59293800,46807030,536342,856,0,0
C022515,2809635,33715620,1733872,20806464,67924908,31429616,30378691,141016,774,0,0
C022516,5563549,66762588,2272392,27268704,215884647,78305133,57720358,697874,714,0,0
C022517,2038415,24460980,585225,7022700,152584606,35086046,34336219,191410,711,0,0
C022518,9530502,114366024,5545431,66545172,176785875,140465014,115541344,1123224,804,0,0
C022519,3100100,37201200,1381968,16583616,46358848,18694499,18694499,352336,930,0,0
C022520,3891268,46695216,2449631,29395572,100046995,85666429,76309758,482036,777,0,0
C022521,3461869,41542428,2301326,27615912,233897283,67087091,51117959,409189,793,0,1
C022522,3887857,46654284,1483510,17802120,122496595,42169937,25640433,338141,844,0,0
C022523,4726153,56713836,1564854,18778248,476507800,57571966,44852633,552106,786,0,0
C022524,3759759,45117108,1727771,20733252,197251673,35484217,35484217,430357,776,0,0
C022525,5283823,63405876,4051297,48615564,397520974,41143335,27299698,105676,811,0,0
C022526,2839445,34073340,1734597,20815164,273088648,50085696,34768692,400456,855,0,0
C022527,4263108,51157296,2336298,28035576,295801757,97781657,84545909,793197,746,0,0
C022528,6465181,77582172,4031998,48383976,301427382,47236610,42117755,786662,839,0,0
C022529,1940211,23282532,1162771,13953252,28901526,26897949,24867901,58454,774,0,0
C022530,3779532,45354384,1982070,23784840,149479009,26089449,22463674,331212,776,0,0
C022531,5339067,64068804,4167460,50009520,799880576,46669019,32636499,447119,733,0,0
C022532,5596410,67156920,3811196,45734352,128783708,68895596,54787006,529268,789,0,0
C022533,4742744,56912928,3580574,42966888,385425270,45040802,21671526,572364,818,0,0
C022534,2056291,24675492,1232419,14789028,65744946,29308204,21295214,302531,741,0,0
C022535,4236480,50837760,1867496,22409952,143227754,41170338,41170338,440195,732,1,0
C022536,3455179,41462148,1724404,20692848,137469774,79672015,66863554,813882,676,1,0
C022537,4495802,53949624,3127007,37524084,366047234,38173181,33766414,130374,691,0,1
C022538,2166820,26001840,1022857,12274284,57104723,29651651,13326552,252045,751,0,0
C022539,8224617,98695404,4842321,58107852,474521588,90960264,68609015,800811,810,0,0
C022540,3575262,42903144,2163519,25962228,132422704,42375168,31428249,445351,734,0,0
C022541,3608873,43306476,2012227,24146724,47091958,37621585,20796187,195645,818,0,0
C022542,1899032,22788384,965026,11580312,111419845,23945769,20853019,149088,808,0,0
C022543,4403918,52847016,3919161,47029932,190291120,40856411,24053932,609468,738,0,0
C022544,4412277,52947324,2300324,27603888,741262536,21887260,21887260,104249,779,0,0
C022545,2295240,27542880,1390162,16681944,95237185,12553066,6983972,103966,782,0,0
C022546,3548182,42578184,2081385,24976620,83139583,47990469,42539241,437751,781,0,0
C022547,6568380,78820560,3318562,39822744,111748852,205210226,178881046,1337118,754,0,0
C022548,12000000,144000000,6406918,76883016,1106780928,87327505,67510039,814241,769,0,0
C022549,6546115,78553380,2252167,27026004,287230578,49329068,49329068,344353,770,0,0
C022550,3485031,41820372,2945230,35342760,299780035,46909880,37736280,549903,686,0,0
C022551,2270471,27245652,1318113,15817356,81480407,29434560,16512163,335818,821,0,0
C022552,5884034,70608408,3929914,47158968,474692239,164562108,126841353,1715878,620,0,0
C022553,4478943,53747316,2358311,28299732,66687768,33271844,19742927,422548,704,1,0
C022554,3069055,36828660,1492967,17915604,89416754,20097975,13995941,241138,868,1,0
C022555,4202637,50431644,2426645,29119740,273437673,69048490,69048490,615084,810,0,0
C022556,5722903,68674836,2062575,24750900,328313881,109476685,84761128,671111,836,0,0
C022557,2357752,28293024,788270,9459240,24608018,37687931,31163388,305825,815,0,0
C022558,1940580,23286960,877958,10535496,114651242,34410892,22619647,227323,741,1,0
C022559,1800000,21600000,1074838,12898056,66871315,21642047,13928464,116879,790,0,0
C022560,5391010,64692120,4049994,48599928,171087488,56283827,36493097,804682,729,0,0
C022561,3173269,38079228,2632811,31593732,105107184,59018187,59018187,480559,847,0,0
C022562,3838011,46056132,2931601,35179212,255840561,30331443,15543637,385096,751,1,0
C022563,3735090,44821080,1795931,21551172,198882345,38288690,38288690,535359,867,0,0
C022564,4721346,56656152,3649599,43795188,538646592,49285325,39894955,472472,720,0,0
C022565,2371175,28454100,1622252,19467024,172215119,29465898,29465898,296851,826,0,0
C022566,6105896,73270752,4402979,52835748,336677249,46010990,41164971,709915,719,1,0
C022567,1800000,21600000,796449,9557388,95431624,31167389,26589963,221302,767,0,0
C022568,4374851,52498212,2623122,31477464,219820274,107398153,83264615,661476,796,0,0
C022569,2293568,27522816,1619589,19435068,385319424,24874310,11620225,358106,781,0,0
C022570,3327324,39927888,2241429,26897148,239014231,19021473,13937684,118550,891,0,0
C022571,4780000,57360000,2252097,27025164,219548474,66387459,50022026,403586,743,0,0
C022572,3474251,41691012,1488234,17858808,370553690,14646162,10033128,125562,887,0,0
C022573,7778417,93341004,4211146,50533752,176421760,190184286,161527206,1279928,766,0,0
C022574,1951564,23418768,1053674,12644088,327862752,65316513,57442543,339792,798,0,0
C022575,2579702,30956424,1406577,16878924,51973707,71729487,56451091,561206,705,0,0
C022576,3695795,44349540,1394264,16731168,33675012,58401266,43306336,293974,854,0,0
C022577,4184030,50208360,1375323,16503876,60712753,33526846,22648758,83681,757,0,0
C022578,4125151,49501812,1793180,21518160,141508206,54034374,50442723,476045,823,0,0
C022579,4852532,58230384,3583019,42996228,237385990,67608089,48237849,130733,753,0,0
C022580,2781159,33373908,2127107,25525284,113438708,51982892,39928708,559857,738,0,0
C022581,4434390,53212680,2602179,31226148,344564594,51853454,51853454,424374,787,0,0
C022582,6843143,82117716,3880952,46571424,407720536,86858735,86858735,707110,831,0,0
C022583,3179670,38156040,2734639,32815668,37014556,63808627,47105052,712594,676,0,1
C022584,2027163,24325956,1646189,19754268,84737776,29446486,22591474,339368,819,0,0
C022585,9115986,109391832,5808553,69702636,315754386,56587213,48043886,562361,856,0,0
C022586,2641477,31697724,2053747,24644964,82608855,9952131,7808044,52830,785,0,0
C022587,4157254,49887048,1236285,14835420,91918025,29433725,23377228,83145,763,0,0
C022588,5644671,67736052,3936293,47235516,316645874,44660333,20613788,335729,719,0,0
C022589,1800000,21600000,767141,9205692,124230204,15670892,12283559,228950,753,0,0
C022590,8714435,104573220,6510613,78127356,362044475,128708368,103677977,1476035,799,0,0
C022591,4578597,54943164,1144649,13735788,662702528,49573562,22957538,246334,798,0,0
C022592,3040376,36484512,760094,9121128,455124451,22693701,19452714,417001,824,0,0
C022593,11003135,132037620,6733566,80802792,421673744,158274898,158274898,1127146,815,0,0
C022594,2693494,32321928,1692292,20307504,65530725,40175922,33792268,238045,833,0,0
C022595,4250491,51005892,2900179,34802148,185588906,99522242,78114910,479986,849,0,0
C022596,10456081,125472972,7262499,87149988,96380138,296100218,214323746,1214139,885,0,0
C022597,3832722,45992664,2737051,32844612,120291082,22866946,22866946,338030,746,0,0
C022598,4013930,48167160,2008540,24102480,269866524,75220610,57668421,591668,756,1,1
C022599,4276924,51323088,2604688,31256256,177573684,58562422,31997556,468532,691,0,0
C022600,7786146,93433752,4467200,53606400,402688589,84286167,53390968,872993,779,0,0
C022601,2562478,30749736,1848646,22183752,109712164,69055064,52120942,469718,633,3,1
C022602,3090597,37087164,1880674,22568088,288330705,75743998,67436213,788201,733,0,0
C022603,2614075,31368900,1668756,20025072,94012239,22948429,19493752,267366,914,0,0
C022604,7299187,87590244,3991878,47902536,558967724,49650305,40584281,811410,890,0,0
C022605,1800000,21600000,1186527,14238324,302400000,11413969,10972631,50000,801,0,0
C022606,6993049,83916588,4419696,53036352,501801045,98857710,98857710,686764,670,0,0
C022607,8709512,104514144,3493231,41918772,606598329,51653220,51401956,501403,852,0,0
C022608,2663510,31962120,1367421,16409052,122784991,6519108,6519108,179903,834,0,0
C022609,3406125,40873500,1903167,22838004,156937201,19378335,12873332,216685,838,0,0
C022610,5192049,62304588,3753140,45037680,427576444,46594689,23776293,270868,846,0,0
C022611,4037089,48445068,2116266,25395192,112875454,66204308,49593027,691230,751,0,0
C022612,4296612,51559344,2783517,33402204,156231525,25615297,11683308,229288,757,0,0
C022613,3863372,46360464,2107614,25291368,79638520,67739811,53981221,396229,745,0,0
C022614,3151958,37823496,1822893,21874716,103321991,79220503,64678796,309982,737,0,0
C022615,4261750,51141000,2707046,32484552,181618786,43097375,26970209,397378,769,0,0
C022616,1831156,21973872,1276029,15312348,34933398,10062673,3674646,164996,752,0,0
C022617,2761789,33141468,2292088,27505056,99059387,33493679,17558489,55236,721,1,0
C022618,1800000,21600000,1250775,15009300,88265150,31819979,26341048,308603,806,0,0
C022619,4823945,57887340,2457113,29485356,147736835,90416046,63157660,726239,814,0,0
C022620,3498556,41982672,2584931,31019172,253949575,61753250,38861556,376566,778,0,0
C022621,3751341,45016092,1795397,21544764,54626933,26516134,26516134,223328,772,0,0
C022622,2458071,29496852,1746694,20960328,184333627,32533026,23846358,168581,783,0,0
C022623,10571236,126854832,6593395,79120740,165998886,242054819,172062634,1615415,678,2,1
C022624,4104915,49258980,2474924,29699088,654886697,72785452,55044136,315394,774,0,0
C022625,3393878,40726536,1091208,13094496,229875990,41949431,18399065,229716,750,0,0
C022626,1800000,21600000,1109002,13308024,66754610,21774124,16111181,198043,763,1,0
C022627,5840516,70086192,4764820,57177840,99888528,38574760,25772699,265180,734,0,0
C022628,3250123,39001476,2002864,24034368,103106307,26764098,17956991,208165,950,0,0
C022629,3621768,43461216,2595604,31147248,164997085,65317605,52871850,373136,800,0,0
C022630,4162313,49947756,3162453,37949436,244529775,38577552,33281544,641317,777,0,0
C022631,8348221,100178652,4278107,51337284,259749071,76390532,48582360,458123,835,0,0
C022632,3017009,36204108,1912881,22954572,211190774,36666997,29756419,324146,813,0,0
C022633,3416246,40994952,2680433,32165196,26178131,44706805,32175545,614801,699,0,0
C022634,2148732,25784784,1395718,16748616,73006798,7799208,2563056,133038,759,0,0
C022635,7404303,88851636,3681466,44177592,111325337,60641569,18385121,639549,904,0,0
C022636,2587347,31048164,1054038,12648456,44827276,54101135,31443909,521033,745,0,0
C022637,2545969,30551628,1849677,22196124,67132111,35911151,28285631,178279,725,0,0
C022638,4212968,50555616,2262309,27147708,214683249,48398792,35309645,268204,695,0,0
C022639,1908384,22900608,1176302,14115624,228886478,61039149,61039149,390105,788,0,0
C022640,3875757,46509084,1857849,22294188,158158077,147482188,134860199,1096757,729,0,1
C022641,2877996,34535952,1898310,22779720,66700700,104323701,103753305,790090,726,0,0
C022642,4358999,52307988,2970074,35640888,47387242,77747737,54705240,393800,704,1,0
C022643,2095392,25144704,1214303,14571636,180626924,19351226,19351226,282903,834,0,0
C022644,4902584,58831008,3494444,41933328,153250011,70445036,28246231,218948,796,0,0
C022645,3761877,45142524,2165827,25989924,174244044,47475758,24716123,497424,769,0,0
C022646,2830359,33964308,1579496,18953952,301493768,9520358,9520358,98938,756,0,0
C022647,3090576,37086912,1983079,23796948,58983523,83878052,80518929,381837,766,0,0
C022648,6800387,81604644,4351968,52223616,211084882,112077540,78760342,1050840,703,0,0
C022649,9982000,119784000,7195596,86347152,988090111,118509812,80392767,1059471,732,0,0
C022650,5647732,67772784,3490049,41880588,308715259,52676461,29126011,477115,823,1,0
C022651,2200119,26401428,1348688,16184256,112807770,33897386,25293613,327210,615,1,1
C022652,6603538,79242456,4503525,54042300,343419880,63499412,55826493,882564,836,0,0
C022653,5781211,69374532,4454245,53450940,447355218,90342292,76810777,670078,777,1,0
C022654,7757427,93089124,3255875,39070500,523894549,141727737,111244788,642005,841,0,0
C022655,5656163,67873956,2215427,26585124,282290767,46375481,46375481,299237,787,0,0
C022656,3938915,47266980,2201296,26415552,229805604,57156479,31166888,286901,735,0,0
C022657,2599235,31190820,1554115,18649380,87723112,19437794,15644681,140674,845,0,0
C022658,3672941,44075292,2627133,31525596,415947595,53281530,44059348,320671,760,0,0
C022659,2096883,25162596,524221,6290652,107071086,32174449,26826588,266981,808,0,0
C022660,2860525,34326300,2063965,24767580,142736351,16775206,13256384,283729,768,0,0
C022661,4708418,56501016,3449761,41397132,70279112,55848777,31808803,327173,784,0,0
C022662,3896218,46754616,2013576,24162912,332688308,80844235,59469783,628770,760,0,0
C022663,3520000,42240000,2933741,35204892,354578662,43193547,35977828,110449,712,1,0
C022664,3980329,47763948,2820166,33841992,82316685,63732163,59307201,480699,735,0,0
C022665,7807839,93694068,6420703,77048436,199786701,57209475,41002360,828998,747,1,0
C022666,6280526,75366312,3071903,36862836,312703175,46475524,29997459,702265,723,1,0
C022667,3012118,36145416,1389809,16677708,360356736,8851974,8851974,110845,846,0,0
C022668,4854190,58250280,3165450,37985400,222091049,44420979,44420979,239957,773,1,0
C022669,6001634,72019608,2703904,32446848,404230110,154672889,151431261,1056369,785,0,0
C022670,2975641,35707692,1230424,14765088,140746706,32902929,32902929,149583,780,1,0
C022671,4186252,50235024,2269838,27238056,295471126,35096517,35096517,351026,743,0,0
C022672,6416001,76992012,4633260,55599120,78592359,43360884,43360884,628078,815,0,0
C022673,10953530,131442360,5913216,70958592,574616037,106811730,41072964,1016059,731,0,0
C022674,4156291,49875492,2827836,33934032,358772988,30613184,28222136,342136,834,0,0
C022675,8209515,98514180,6211566,74538792,1379198520,73183971,42879007,740085,760,0,0
C022676,5690270,68283240,2817396,33808752,179995117,93181763,69202361,871791,799,0,0
C022677,7084495,85013940,2258489,27101868,118652074,95339584,72406139,903276,681,1,0
C022678,8871109,106453308,6261170,75134040,652749592,53387954,42467106,913974,808,0,0
C022679,9961828,119541936,7061821,84741852,153681824,459248505,391030486,2942148,766,0,0
C022680,2226037,26712444,1612860,19354320,123663699,85127338,79248808,449345,780,0,0
C022681,3634395,43612740,1558088,18697056,145934758,70484482,60455005,464659,765,0,0
C022682,4043856,48526272,2792321,33507852,77952134,82344529,76558405,605163,728,0,0
C022683,1800000,21600000,800821,9609852,302400000,35335903,29225707,366534,642,0,1
C022684,3191572,38298864,2226226,26714712,138457887,27965977,17580880,171838,767,0,0
C022685,2500142,30001704,1206897,14482764,345667838,23099915,22852574,100076,797,0,0
C022686,4672227,56066724,2978402,35740824,75434582,43791269,29303527,546485,778,0,0
C022687,5284599,63415188,2273683,27284196,90217894,18856692,18856692,437904,795,0,0
C022688,4591105,55093260,3577061,42924732,771305640,24280693,24280693,322293,821,0,0
C022689,4287583,51450996,1803256,21639072,149876092,45046467,25632417,208805,845,0,0
C022690,3484578,41814936,2620201,31442412,123767842,16158442,16079228,216536,673,1,1
C022691,2852175,34226100,1571419,18857028,38005308,15639348,15639348,130840,804,0,0
C022692,7539598,90475176,4020852,48250224,288291096,205876699,205876699,1527433,741,0,0
C022693,3210851,38530212,1445249,17342988,82250320,30177173,30177173,586015,689,0,0
C022694,4382818,52593816,2589424,31073088,199960237,48325640,38512416,279073,760,1,0
C022695,4416080,52992960,1873498,22481976,38392195,57668977,39868629,261882,733,1,1
C022696,3783370,45400440,1969912,23638944,190942522,29156438,29156438,318925,774,1,0
C022697,5583803,67005636,3385781,40629372,132489354,49948761,24691911,466124,748,0,0
C022698,4803825,57645900,4032057,48384684,781256857,157236261,148318132,811790,707,0,0
C022699,4012018,48144216,2555365,30664380,403418014,58233773,52034705,437679,869,0,0
C022700,6139307,73671684,3401034,40812408,433035731,49561931,26977619,336790,770,0,0
C022701,3509038,42108456,1751930,21023160,319809373,32339036,14562556,267455,881,0,0
C022702,3657500,43890000,1725450,20705400,102369511,23502668,21267812,275955,809,0,0
C022703,2949242,35390904,1358857,16306284,151618633,50177921,26885211,567307,740,0,0
C022704,4370382,52444584,3556179,42674148,246820487,165787885,133803645,733177,656,0,0
C022705,4696919,56363028,2921221,35054652,78551186,66708014,55540995,555672,789,0,0
C022706,5999156,71989872,3466318,41595816,411040138,76101983,56890649,585696,820,0,0
C022707,5010262,60123144,3162895,37954740,109299982,77088405,60340381,614096,883,0,0
C022708,4233581,50802972,1472668,17672016,201208109,105373481,85272468,719778,742,0,0
C022709,4197816,50373792,1989092,23869104,91495886,54190316,44194192,468232,766,0,0
C022710,3527975,42335700,2280629,27367548,107289795,63205689,57707421,537478,756,0,0
C022711,4398901,52786812,2377976,28535712,93122805,23866469,23866469,87978,885,0,0
C022712,3448308,41379696,1438557,17262684,497101020,26958414,12033434,342356,835,0,0
C022713,5843800,70125600,3198717,38384604,188412403,124750805,117124448,592210,809,0,0
C022714,3425686,41108232,2151527,25818324,338362865,33788832,12876301,179877,855,0,0
C022715,6424554,77094648,3651592,43819104,217650797,132780168,102350520,651632,871,0,0
C022716,4486982,53843784,2460921,29531052,314095304,54470705,52248203,606794,754,0,0
C022717,6897687,82772244,3365801,40389612,384602913,59356149,37386730,994333,897,0,0
C022718,4244654,50935848,2603494,31241928,336193776,37194557,21033157,321079,815,0,0
C022719,4258658,51103896,2235888,26830656,171638162,72305550,45000617,514362,763,0,0
C022720,2769943,33239316,1633704,19604448,113359338,57022007,36866304,410100,747,0,0
C022721,3836392,46036704,1294767,15537204,147433563,29482939,27495350,437060,706,0,0
C022722,4263960,51167520,2260539,27126468,24120797,35520558,14365771,210387,798,0,0
C022723,4466628,53599536,2020161,24241932,184253047,17599684,17246468,199383,765,0,0
C022724,4619474,55433688,2492677,29912124,67776900,172894534,162311976,1250362,808,1,0
C022725,5888351,70660212,2907308,34887696,647121491,15429875,7123980,355672,841,0,0
C022726,3590897,43090764,897724,10772688,160977808,72944310,66686232,667943,782,1,0
C022727,3708706,44504472,2727350,32728200,412218156,54405814,53205794,433793,799,0,0
C022728,5724144,68689728,4003139,48037668,92189426,73984326,55882144,456891,902,0,0
C022729,2025084,24301008,730095,8761140,134523132,29664129,15657390,118740,757,1,0
C022730,3078313,36939756,2136017,25632204,48687169,38434302,32131703,433298,704,1,0
C022731,3477796,41733552,1796444,21557328,151767045,17913149,13588849,273840,723,0,1
C022732,3972125,47665500,1564259,18771108,333549123,50654511,30966878,481101,771,1,0
C022733,4523392,54280704,2360214,28322568,360647647,47670381,34478867,413152,860,0,0
C022734,2984293,35811516,2142705,25712460,38127817,33210852,27743503,227405,751,0,0
C022735,2965180,35582160,1725755,20709060,292867062,45592038,45592038,525849,743,0,0
C022736,4963596,59563152,3832297,45987564,47841049,11168421,9081970,99272,849,0,0
C022737,4920776,59049312,2678761,32145132,275029277,31188342,25066354,492197,730,0,0
C022738,5223382,62680584,2222501,26670012,112580718,139663461,127229045,811106,772,0,0
C022739,9944522,119334264,5802392,69628704,673444302,66565070,60719237,1233089,771,0,0
C022740,4285523,51426276,1543458,18521496,256139499,7376412,7376412,290218,795,0,0
C022741,4489558,53874696,2026897,24322764,56788943,70679465,70679465,473108,850,0,0
C022742,3610524,43326288,2782459,33389508,94187244,66409331,33892222,510412,733,0,1
C022743,3462428,41549136,2585449,31025388,225026720,54625141,26045779,212134,647,0,0
C022744,2572960,30875520,1552547,18630564,51579228,35033917,25246812,196305,771,0,0
C022745,4223710,50684520,2205882,26470584,243104762,34098251,32925484,433506,826,0,0
C022746,5778411,69340932,2662779,31953348,169738055,45585897,32033320,313810,785,0,0
C022747,5492574,65910888,2343203,28118436,98462543,130722745,96464670,827233,770,0,0
C022748,4113431,49361172,1433430,17201160,95946098,54077633,46904637,385128,875,0,0
C022749,4525306,54303672,2731510,32778120,395535627,96555880,96281764,610317,802,0,0
C022750,4876976,58523712,3602311,43227732,298705549,53942360,47067220,635832,712,0,0
C022751,2922891,35074692,2067214,24806568,101917494,46961388,36197319,436313,757,0,0
C022752,6799089,81589068,3210471,38525652,309874102,59665230,59665230,382197,762,0,0
C022753,6835802,82029624,3827116,45925392,309538995,96712476,52516874,472073,800,0,0
C022754,3546066,42552792,2141433,25697196,470836548,40509385,40509385,332289,795,0,0
C022755,6751836,81022032,3235767,38829204,506130842,111694910,61341998,303552,769,0,0
C022756,1926066,23112792,1562153,18745836,141245821,18718025,18487671,228004,773,0,0
C022757,5103555,61242660,3945254,47343048,411175204,71504481,44812568,539913,730,1,0
C022758,2905528,34866336,1984465,23813580,241843323,51888737,41007143,392922,806,0,0
C022759,1800000,21600000,817539,9810468,267428137,12189671,5229803,314826,764,0,1
C022760,2114533,25374396,1212637,14551644,62873623,26082022,12906257,305785,704,0,0
C022761,4679000,56148000,3292060,39504720,253802832,128777150,105156824,814367,733,0,0
C022762,3530909,42370908,2024058,24288696,145190591,19588712,17208195,284928,734,0,0
C022763,2526055,30312660,1109911,13318932,61332177,40582220,40198928,424443,825,0,0
C022764,4288664,51463968,2961433,35537196,119974092,70517681,50658889,503200,822,0,0
C022765,5279295,63351540,2649283,31791396,150458303,33766198,23449693,589320,929,0,0
C022766,3862578,46350936,2160135,25921620,193714767,51834691,41509601,368337,682,1,0
C022767,4155993,49871916,2904211,34850532,331272141,94988913,84599017,465169,761,0,0
C022768,4116886,49402632,1542059,18504708,262434074,111066650,89750790,776714,761,0,0
C022769,3692233,44306796,1742128,20905536,90441007,82988819,66579654,650040,690,0,0
C022770,5607922,67295064,2262625,27151500,320398614,23797060,23263651,327720,814,0,0
C022771,4015872,48190464,1780426,21365112,231945926,54979020,46728529,573243,830,0,0
C022772,6555953,78671436,3692636,44311632,600121663,71988243,35455172,223864,791,0,0
C022773,10534971,126419652,5474313,65691756,212701872,83839572,35440806,823742,823,1,0
C022774,5553650,66643800,1922586,23071032,60716887,48603229,48603229,485268,753,0,0
C022775,6064678,72776136,4647935,55775220,155015591,87099042,61265413,890208,695,1,0
C022776,6694614,80335368,2401351,28816212,730024145,146216702,97120090,777118,854,0,0
C022777,2026462,24317544,1357299,16287588,249297667,22599820,11931986,112494,879,0,0
C022778,2038074,24456888,1315594,15787128,30334353,44983200,36619259,242631,732,0,0
C022779,5182726,62192712,2640541,31686492,112201595,55387138,55387138,819061,776,1,0
C022780,4392379,52708548,2505592,30067104,83392877,78424029,48561755,483050,799,0,0
C022781,2830465,33965580,1502020,18024240,62503544,39527366,39527366,330355,796,0,0
C022782,4338480,52061760,3139692,37676304,172140006,56154610,53947082,521382,878,0,0
C022783,2061304,24735648,1311725,15740700,31086770,23481244,17109783,288504,691,1,0
C022784,2767349,33208188,2332019,27984228,134088520,19652991,13252762,419065,762,0,0
C022785,1910749,22928988,1094619,13135428,116601605,27579339,10466233,62793,762,0,0
C022786,1800000,21600000,1041092,12493104,83915272,22771948,15725144,84034,881,0,0
C022787,6277398,75328776,2299256,27591072,579130579,37642730,26594095,125548,876,0,0
C022788,4726572,56718864,2548690,30584280,257589477,152315611,152315611,1238418,712,0,0
C022789,1800000,21600000,1024117,12289404,38735358,32570541,28969433,171542,791,0,0
C022790,4711386,56536632,1972648,23671776,455100604,264695383,254414844,1618574,777,0,0
C022791,3412726,40952712,2350956,28211472,97863579,9044326,9044326,194757,749,0,0
C022792,2533357,30400284,1308236,15698832,168173962,36215504,15141137,222283,746,0,0
C022793,2585817,31029804,1030407,12364884,33717981,58247984,49749045,550373,747,0,0
C022794,2527881,30334572,1368447,16421364,59112622,42344482,24404005,322383,822,0,0
C022795,4437802,53253624,2129800,25557600,132259702,50804627,44253259,204347,798,0,0
C022796,3763743,45164916,1925366,23104392,117971086,46064865,46064865,576759,837,0,0
C022797,3343409,40120908,2372252,28467024,241044770,13035359,13035359,329383,733,0,0
C022798,1800000,21600000,1288781,15465372,50186785,41721201,37224289,354701,662,1,0
C022799,3126467,37517604,2029577,24354924,136925446,61314676,47312637,304794,754,0,0
C022800,4929186,59150232,3343102,40117224,212908588,49005608,44327547,588777,819,0,0
C022801,3043918,36527016,1425766,17109192,31472159,26232962,9148591,63265,829,0,0
C022802,2837171,34046052,1566669,18800028,476644728,26645164,20118632,396692,754,0,0
C022803,2717032,32604384,1887541,22650492,67577501,73902822,58213195,408691,731,0,0
C022804,2415755,28989060,1599398,19192776,130354009,22655549,15894005,242040,739,0,1
C022805,5789736,69476832,3103109,37237308,49904256,85443777,64008965,393774,777,0,0
C022806,5398658,64783896,2123096,25477152,181916434,46026505,32387392,344261,884,0,0
C022807,2849438,34193256,1500565,18006780,257509278,58958202,41912563,202863,825,0,0
C022808,4106249,49274988,2000752,24009024,323235499,16937758,10456714,82125,809,0,0
C022809,5153231,61838772,2222505,26670060,352951227,56320029,39838766,441003,846,0,0
C022810,3459210,41510520,2857638,34291656,581147280,103238048,90649904,933165,629,0,1
C022811,4535845,54430140,2841796,34101552,762021960,52022147,24158451,398114,720,1,1
C022812,3553057,42636684,1790412,21484944,84344132,19648758,16808747,266285,911,0,0
C022813,7559818,90717816,4652749,55832988,296028438,67115005,33344748,270876,812,0,0
C022814,3407628,40891536,1630668,19568016,164081228,38992626,20296510,320319,853,0,0
C022815,7897629,94771548,5870260,70443120,260830233,125500202,100320766,1130588,684,0,0
C022816,2126673,25520076,1204805,14457660,225297512,17251970,17251970,135933,844,0,0
C022817,3302829,39633948,1850363,22204356,195745540,13443568,11912687,179723,865,0,0
C022818,6221696,74660352,3098447,37181364,282465934,72474694,67599665,352396,863,0,0
C022819,3248912,38986944,1842239,22106868,144138599,58596503,44094881,417607,829,0,0
C022820,2065195,24782340,1191050,14292600,319475177,39688092,39688092,315097,712,0,0
C022821,4170334,50044008,2467390,29608680,342218124,44201956,44201956,273766,865,0,0
C022822,2927874,35134488,2245123,26941476,97907788,49047616,42760432,492068,723,0,0
C022823,5947095,71365140,2960969,35531628,792645586,97038537,72338104,984308,784,0,0
C022824,6271800,75261600,3179653,38155836,206551252,47267631,26493734,330047,776,0,0
C022825,2617479,31409748,1632349,19588188,118838167,15962751,10402516,278643,758,0,0
C022826,5655036,67860432,3198779,38385348,306145505,77857640,75524442,272537,818,0,0
C022827,3304695,39656340,1570505,18846060,282082849,37996297,33251370,448525,758,1,1
C022828,2871528,34458336,1342826,16113912,150888477,14598360,13545181,291580,839,0,0
C022829,3931709,47180508,2989296,35871552,35689263,19938756,19938756,427460,793,0,0
C022830,4767986,57215832,2815259,33783108,114879309,48002404,19408044,287758,795,0,0
C022831,2563192,30758304,803595,9643140,211800193,34440429,23046443,138007,854,0,0
C022832,4641354,55696248,2827685,33932220,138362897,66164820,26779206,563347,735,1,0
C022833,2643036,31716432,1721106,20653272,79245786,31911759,20712751,363424,764,0,0
C022834,4394933,52739196,2794128,33529536,133899620,62727455,37147638,545566,721,0,0
C022835,3535015,42420180,2189962,26279544,272800592,13329985,13329985,157141,806,0,0
C022836,3674414,44092968,2077338,24928056,169676107,29948511,18167125,87770,785,0,0
C022837,5820870,69850440,3942162,47305944,241046257,62233390,62233390,766848,735,0,0
C022838,2075849,24910188,1216085,14593020,209304570,12055748,7340739,123052,769,1,0
C022839,2309125,27709500,1092802,13113624,93671347,57779700,41654823,368788,770,0,0
C022840,5450207,65402484,3631144,43573728,541316046,103671484,91121427,588270,780,0,0
C022841,6027327,72327924,3914114,46969368,98525658,100158526,80970789,623143,714,0,1
C022842,2450546,29406552,1093147,13117764,92392232,13342163,13342163,159199,808,0,0
C022843,1800000,21600000,863364,10360368,47821228,21760045,21760045,228388,732,2,0
C022844,7414838,88978056,3284165,39409980,420500233,62172798,22372522,244767,780,2,0
C022845,4615594,55387128,2867424,34409088,198835909,43600817,30068337,331464,840,1,0
C022846,3521127,42253524,2265057,27180684,215917318,23918202,14504920,206024,724,0,0
C022847,3426761,41121132,2385403,28624836,157087452,55743096,41983808,460332,791,1,0
C022848,3737229,44846748,2492742,29912904,168033945,20905324,19686001,290431,852,0,0
C022849,4218083,50616996,2530408,30364896,195639578,42800870,26131008,296371,870,0,0
C022850,8731205,104774460,6486973,77843676,389411181,39131661,31462000,875795,751,1,0
C022851,3783432,45401184,1371819,16461828,635616576,78780280,63171663,646798,691,0,0
C022852,3806924,45683088,3054308,36651696,133381379,15564176,15564176,191700,788,0,0
C022853,3885923,46631076,2695518,32346216,116612254,38101336,22348082,386439,777,0,0
C022854,5052285,60627420,1510056,18120672,158885987,79546711,56324314,535806,802,0,0
C022855,3729108,44749296,1758774,21105288,157681037,103247278,100670874,752628,796,0,0
C022856,7078868,84946416,3673617,44083404,412922047,114564064,84930229,665210,774,0,0
C022857,6906065,82872780,3267653,39211836,206163614,80077300,80077300,562610,775,0,0
C022858,3380481,40565772,2470052,29640624,83452809,79863954,61452742,483172,716,0,0
C022859,6849348,82192176,3940853,47290236,167294751,72679748,49859590,136987,835,0,0
C022860,2611051,31332612,1295106,15541272,132837993,13591368,12355417,206601,803,0,0
C022861,4424466,53093592,2417484,29009808,315913956,143587487,139868472,1128990,779,0,0
C022862,3324903,39898836,2829539,33954468,109578063,73580605,45847754,431945,699,0,0
C022863,1800000,21600000,1222172,14666064,302400000,23504103,12888996,106987,776,0,0
C022864,3359080,40308960,1209927,14519124,154563125,43651755,13638733,117037,735,0,0
C022865,4057812,48693744,2571968,30863616,231556128,52206203,52206203,365614,764,0,0
C022866,2025508,24306096,1344702,16136424,52656898,15715949,15715949,102856,866,0,0
C022867,4944320,59331840,3090478,37085736,830645760,131966002,114551926,863098,754,0,0
C022868,6097204,73166448,4534161,54409932,1024330272,153793002,117758947,953745,766,1,0
C022869,4345536,52146432,2547302,30567624,484533150,50403332,37664578,376839,790,0,1
C022870,6419566,77034792,4939527,59274324,311219482,59340711,45380054,841840,696,0,0
C022871,6463337,77560044,3376165,40513980,265718168,99931652,75909606,375430,769,0,0
C022872,2330297,27963564,1527231,18326772,90853058,23754072,10842801,263119,783,0,0
C022873,4946045,59352540,3257809,39093708,505138370,88499421,76582745,558627,913,0,0
C022874,7384137,88609644,4260282,51123384,373622925,53323957,23226337,420353,837,0,0
C022875,3570580,42846960,2169776,26037312,74381143,71557106,61668634,490189,749,0,0
C022876,3694003,44328036,1784782,21417384,246306364,70908842,61048344,455754,819,0,0
C022877,4206447,50477364,3458903,41506836,335302187,16490745,16490745,304294,752,0,0
C022878,4667928,56015136,2878262,34539144,84883924,46214512,38830955,383296,762,0,0
C022879,4071934,48863208,1785107,21421284,684084912,77118822,61937401,291993,769,0,0
C022880,2973091,35677092,1371704,16460448,68148121,7097790,7097790,59462,828,0,0
C022881,4578461,54941532,2477797,29733564,394512360,21696509,12927680,137370,671,0,0
C022882,3800262,45603144,2019775,24237300,89895943,52666595,23854030,443625,737,1,0
C022883,2779921,33359052,2298162,27577944,80803231,70071125,58606593,583045,605,2,1
C022884,4080583,48966996,1515237,18182844,269777668,60754788,54422216,475802,844,0,0
C022885,7799411,93592932,3868914,46426968,306560417,178261608,147503840,1328014,831,0,0
C022886,3831514,45978168,2243885,26926620,279439635,13289400,12470973,480634,781,0,0
C022887,7507131,90085572,4541357,54496284,241179787,64118336,40949004,405505,875,0,0
C022888,5416653,64999836,3036095,36433140,209892533,64006165,37659982,426823,736,0,0
C022889,3444873,41338476,1403063,16836756,162314400,63292148,42947541,233125,758,0,0
C022890,3877708,46532496,2272670,27272040,139038863,99424782,73440759,875463,659,0,1
C022891,2867439,34409268,1305193,15662316,112110966,54086966,48452869,486990,758,0,0
C022892,4250518,51006216,3001645,36019740,682817122,43996466,38400865,745789,782,0,0
C022893,3833547,46002564,1697253,20367036,221514382,52665918,50570870,476405,892,0,0
C022894,2979838,35758056,1320000,15840000,148170922,22844510,20314605,193766,792,0,0
C022895,4004798,48057576,2436649,29239788,303152050,39105083,17657149,261301,795,0,0
C022896,3508774,42105288,3236428,38837136,40791994,54088528,54088528,444794,795,0,0
C022897,2634590,31615080,2338539,28062468,42507203,30693352,21044970,416181,722,0,0
C022898,2330803,27969636,1153738,13844856,291399635,32658525,25555634,148653,870,0,0
C022899,2973983,35687796,1127026,13524312,74604350,23053291,10478281,215850,835,0,0
C022900,3974746,47696952,1894585,22735020,470641300,20396472,20396472,212604,806,0,0
C022901,1800000,21600000,858736,10304832,55569992,39087549,39087549,239928,781,0,0
C022902,4814127,57769524,2877769,34533228,221536447,32827049,13647714,221236,727,0,0
C022903,5643180,67718160,4578186,54938232,512115045,19299321,16644112,311658,762,0,0
C022904,3574637,42895644,1809511,21714132,102820206,82462505,78251851,651800,672,1,0
C022905,2785737,33428844,2147877,25774524,148287912,23938257,23938257,404584,775,0,0
C022906,2950108,35401296,1575807,18909684,84075148,34413918,23462626,510851,797,0,0
C022907,6706925,80483100,1994349,23932188,104656312,104770656,63436636,1013958,834,0,0
C022908,5826480,69917760,3555092,42661104,180305555,16734715,16013478,294766,910,0,0
C022909,3146290,37755480,1821397,21856764,289920799,14599938,9041811,152655,720,0,0
C022910,5764040,69168480,3080129,36961548,189708233,80656992,65815258,628345,736,0,0
C022911,2079760,24957120,1222059,14664708,111081730,14343982,12455356,234915,764,0,0
C022912,2619410,31432920,1666663,19999956,153420993,29655860,23404518,191038,749,0,0
C022913,3111293,37335516,1349204,16190448,414631145,30197660,25097906,470415,769,1,0
C022914,3651119,43813428,2424568,29094816,168889677,50631315,40744740,73022,736,0,0
C022915,5134953,61619436,3438097,41257164,862672104,66724011,49900001,464527,810,0,0
C022916,7571251,90855012,3863106,46357272,130171333,68294502,15024210,551510,872,0,0
C022917,5267602,63211224,3306967,39683604,431985968,73039010,73039010,555393,772,0,1
C022918,1962424,23549088,1182084,14185008,166604892,36834533,25539179,215802,742,0,0
C022919,4125432,49505184,2295971,27551652,242165678,48462527,42524728,484273,777,0,0
C022920,5513064,66156768,2953438,35441256,926194752,58428835,35359728,543952,764,0,0
C022921,2220780,26649360,1312854,15754248,96461665,21014628,20439428,50000,871,0,0
C022922,2667763,32013156,1928726,23144712,125354036,28431207,20263899,236055,794,0,0
C022923,1869705,22436460,1427445,17129340,53723401,97152442,92788687,587699,726,0,1
C022924,4751302,57015624,2256562,27078744,46857496,124911060,102227658,1014147,813,0,0
C022925,3833488,46001856,1348398,16180776,334178639,84245339,71777045,666714,816,0,0
C022926,5036088,60433056,3250501,39006012,512702471,63123216,63123216,702974,711,1,0
C022927,2719330,32631960,1511740,18140880,323001156,20006364,18757931,196981,767,0,1
C022928,6336890,76042680,3809998,45719976,426179445,88203588,75000419,530200,855,0,0
C022929,5185323,62223876,3546468,42557616,192034664,200983068,184112801,1341975,768,0,0
C022930,3793013,45516156,1390662,16687944,72159280,104165162,92815446,669011,781,0,0
C022931,5752988,69035856,4524188,54290256,310461313,76347743,60272557,598197,674,0,0
C022932,5657468,67889616,3839786,46077432,557284587,18891653,18891653,113149,791,0,0
C022933,2906653,34879836,1396610,16759320,272815808,33725121,23267619,299685,765,0,0
C022934,3722638,44671656,3198541,38382492,298619938,63680147,59570737,740266,670,1,1
C022935,2898490,34781880,724623,8695476,91027681,20384572,20384572,388148,818,0,0
C022936,3585612,43027344,1657852,19894224,120027553,33108159,24511537,293449,704,0,0
C022937,4362795,52353540,2312467,27749604,288987323,98251149,77285015,594894,825,0,0
C022938,4750787,57009444,3491783,41901396,143238811,99739173,75007118,550189,652,2,0
C022939,7639769,91677228,3158568,37902816,1283481192,65060068,46941927,993915,749,0,0
C022940,5820906,69850872,2006953,24083436,257903252,24461852,13623234,567934,819,0,0
C022941,2998244,35978928,1990123,23881476,97656373,14519133,13974386,410488,702,0,1
C022942,3766604,45199248,2148029,25776348,166197472,93940844,73206673,543452,726,0,0
C022943,3826337,45916044,2713874,32566488,257760596,26503227,19312331,238261,763,0,0
C022944,3352506,40230072,2248481,26981772,102337919,27342782,27342782,260455,896,0,0
C022945,4247481,50969772,2703148,32437776,79033230,58217993,48920598,419418,788,0,0
C022946,3484017,41808204,1565304,18783648,167686996,4335650,3535533,69680,834,0,0
C022947,6264419,75173028,3144682,37736184,151942487,351465806,311386773,2436232,658,0,1
C022948,4123903,49486836,2862578,34350936,233658987,154025531,143026586,945893,641,0,1
C022949,3733984,44807808,2306921,27683052,121828916,21519000,21519000,304070,701,0,0
C022950,11169318,134031816,5755168,69062016,390605895,157723101,83001034,948312,849,0,0
C022951,5162369,61948428,3191819,38301828,358713281,47617749,30211799,219578,835,1,0
C022952,7358584,88303008,3770619,45247428,125380925,208522901,201729965,1581718,795,0,0
C022953,3375333,40503996,2259180,27110160,136355933,39541814,22555443,381939,739,0,0
C022954,5488439,65861268,1905386,22864632,115184182,43304212,43304212,597180,870,0,0
C022955,8207914,98494968,2657145,31885740,268990773,66172763,43696006,908441,874,0,0
C022956,7208412,86500944,1943080,23316960,341708434,121802514,91103934,771829,755,0,0
C022957,5457316,65487792,1935673,23228076,150512533,50307302,46252409,256339,805,0,0
C022958,5422465,65069580,2856470,34277640,213922182,82183839,71605758,335529,799,0,0
C022959,5888361,70660332,1472090,17665080,159851303,24883677,24883677,701792,765,0,0
C022960,3728065,44736780,1833366,22000392,85754818,45594594,29549549,379107,834,0,0
C022961,5268528,63222336,3474546,41694552,161667006,89400903,54611415,613102,697,1,0
C022962,3341877,40102524,1705066,20460792,265145680,19326146,16572301,66838,891,0,0
C022963,5319048,63828576,3684678,44216136,254156658,50486378,42336096,563482,751,0,0
C022964,5229749,62756988,3229167,38750004,231954078,28233248,22033953,336024,799,0,0
C022965,3807910,45694920,2556210,30674520,205108565,81591507,59411242,572419,777,0,0
C022966,3943099,47317188,2839404,34072848,288819492,60165827,46456013,78862,761,0,0
C022967,3286728,39440736,1560008,18720096,173822633,29585198,22957110,65735,728,1,0
C022968,5287751,63453012,3125743,37508916,384422877,240466282,218126505,1728111,775,0,1
C022969,8501849,102022188,4159190,49910280,214868343,99973835,88083499,789386,861,0,0
C022970,4063679,48764148,2882357,34588284,279815180,29138594,29138594,487904,768,1,0
C022971,2199960,26399520,1060229,12722748,220677224,34430419,31176819,288011,862,0,0
C022972,3068659,36823908,1766538,21198456,96616463,23262388,8750717,61373,875,0,0
C022973,2417826,29013912,1441657,17299884,137134748,22259644,18529784,251070,813,0,0
C022974,2653720,31844640,1412004,16944048,287325382,26799970,12254707,208312,828,0,0
C022975,4479047,53748564,1878106,22537272,392744752,97441792,84076125,808763,875,0,0
C022976,3061164,36733968,1140364,13684368,194625874,21899920,21146494,276921,779,0,0
C022977,11079568,132954816,4725650,56707800,349236821,107570580,107570580,1063775,923,0,0
C022978,2382567,28590804,1688662,20263944,52435799,65115265,49617240,347267,695,1,0
C022979,7456766,89481192,3815733,45788796,301492394,289887807,267927256,1649931,670,1,0
C022980,5249998,62999976,2896629,34759548,110822390,74874074,66537942,826328,849,0,0
C022981,3642497,43709964,1737894,20854728,92724351,33432469,21161334,72850,840,0,0
C022982,2792215,33506580,1269643,15235716,300587196,28589931,26246948,366885,704,0,0
C022983,6124223,73490676,2855744,34268928,344167949,32864720,32864720,802291,792,0,0
C022984,4678237,56138844,2704722,32456664,66988682,91425661,69025640,919065,765,0,0
C022985,2985949,35831388,2028877,24346524,108703119,26069607,26069607,345932,793,1,0
C022986,2409657,28915884,933229,11198748,263661558,47497445,36018246,417281,867,0,0
C022987,3873692,46484304,1907437,22889244,91880260,97556747,71538873,409288,824,0,0
C022988,8391283,100695396,6775357,81304284,246287331,38379463,38379463,167826,776,0,0
C022989,1989604,23875248,497401,5968812,30604958,45919873,43086576,252665,745,1,0
C022990,3748619,44983428,2305391,27664692,200627042,50466338,25971203,332932,899,0,0
C022991,3421029,41052348,2379921,28559052,98018874,22394952,19302046,92209,775,0,0
C022992,4419335,53032020,1692686,20312232,535751272,64201109,56618757,634262,836,1,0
C022993,2739518,32874216,2003709,24044508,153795861,37427492,31254611,293054,939,0,0
C022994,4241749,50900988,2937771,35253252,161325881,61460397,52836509,360602,774,0,1
C022995,3648452,43781424,2461733,29540796,54383817,81626529,59612430,857919,716,0,0
C022996,4188468,50261616,3153484,37841808,284718994,153942162,134606975,870343,738,0,1
C022997,3343272,40119264,2899319,34791828,213700861,61798880,48177164,442210,748,0,0
C022998,3626536,43518432,2132429,25589148,37819998,29399036,5008613,72531,817,0,0
C022999,4924372,59092464,2690216,32282592,585362013,53953753,45844125,451157,754,0,0
C023000,3720848,44650176,2225729,26708748,55218768,20478759,5458625,113279,763,0,0
C023001,4856247,58274964,2597906,31174872,288140483,34609143,34609143,97125,754,1,0
C023002,2471131,29653572,1367979,16415748,89439502,31249185,14498368,222684,823,0,0
C023003,5339630,64075560,2728255,32739060,897057840,127776135,127776135,662663,864,0,0
C023004,6970431,83645172,4019892,48238704,203313922,180677900,156148380,1363004,842,0,0
C023005,7566579,90798948,4532019,54384228,556379245,81077065,53365453,656575,706,0,0
C023006,2884522,34614264,1621000,19452000,69155531,53505543,52437045,454911,777,0,0
C023007,3266102,39193224,1713267,20559204,309952611,22039238,18366586,196991,729,0,0
C023008,6372556,76470672,4657905,55894860,901765432,142361473,92821145,1051162,653,3,0
C023009,5707800,68493600,2904516,34854192,466815660,34762054,17411266,146394,752,0,0
C023010,3263979,39167748,2258559,27102708,79377090,65173007,65173007,690110,646,0,0
C023011,8702170,104426040,7130417,85565004,145444881,177910292,177910292,966433,629,0,0
C023012,3451140,41413680,2803383,33640596,132713052,66564988,61321479,493316,766,0,0
C023013,3062188,36746256,1202606,14431272,183773049,44177371,27495614,122398,806,0,1
C023014,2882382,34588584,1011485,12137820,62686728,70564347,64874261,577392,900,0,0
C023015,5506942,66083304,3179350,38152200,419973958,78636486,78636486,834329,747,0,0
C023016,8704983,104459796,5283017,63396204,558640989,84544138,65026801,568374,716,0,0
C023017,5246770,62961240,1940463,23285556,515273017,86553704,68745265,688147,832,0,0
C023018,5523540,66282480,2727781,32733372,59727353,76243196,76243196,861074,745,0,0
C023019,4545558,54546696,2272958,27275496,343892398,91130103,59944463,579122,861,0,0
C023020,6706991,80483892,4026278,48315336,272944782,110662815,50676392,440078,824,0,0
C023021,3517426,42209112,1814708,21776496,344972748,47365537,46198624,466386,831,0,0
C023022,2919639,35035668,1960471,23525652,233082146,45823058,36696886,322857,744,0,0
C023023,1883220,22598640,923023,11076276,103719988,26038502,19683958,171764,840,0,0
C023024,3076798,36921576,2275383,27304596,516902064,48072261,43944417,347597,777,0,1
C023025,5190963,62291556,2164203,25970436,427422026,84027286,68463980,520190,734,0,0
C023026,4253032,51036384,2389634,28675608,126209921,96320955,85946518,637396,721,1,0
C023027,6533325,78399900,3933978,47207736,269003478,20354845,20354845,227226,849,0,0
C023028,3170129,38041548,1163139,13957668,308782374,44164347,33160520,188203,834,0,0
C023029,6338129,76057548,3584923,43019076,445835405,48151628,19663132,374537,734,0,0
C023030,4340492,52085904,3041826,36501912,459649573,56370407,37484070,368139,708,0,0
C023031,2226783,26721396,1325915,15910980,115762112,96269981,92165629,569281,825,0,1
C023032,4252594,51031128,2327060,27924720,148211192,69403068,61620344,347196,815,0,0
C023033,2379470,28553640,1356823,16281876,96920071,29449953,16363258,390116,732,0,0
C023034,5376956,64523472,2838447,34061364,119262902,157447435,156646400,895701,726,1,0
C023035,4974358,59692296,2780734,33368808,454971505,67615362,47522432,519406,906,0,0
C023036,5451003,65412036,3146195,37754340,88840417,23068933,18111786,296847,819,0,0
C023037,2846539,34158468,1653874,19846488,119546292,50867745,42385148,298006,781,0,0
C023038,5063043,60756516,3799882,45598584,137451607,89019272,55422101,647719,737,0,0
C023039,3976706,47720472,2007762,24093144,96159851,35747512,35747512,361643,890,0,0
C023040,3576682,42920184,2209718,26516616,107247499,36932008,35603201,436191,680,0,0
C023041,5302614,63631368,2913875,34966500,62104644,75347451,54029631,385682,799,0,0
C023042,5020970,60251640,1757643,21091716,87875299,90801461,82855217,588743,837,0,0
C023043,2722391,32668692,1771888,21262656,168598327,31473864,31473864,233446,776,0,0
C023044,4549620,54595440,2909789,34917468,87799999,50200073,36034973,540453,792,0,0
C023045,2733523,32802276,1509137,18109644,63422983,41398117,37212859,206091,782,0,0
C023046,4989067,59868804,3165000,37980000,296920726,85662268,56870190,645923,659,0,1
C023047,5170704,62048448,2006741,24080892,299056069,73372335,54980433,300652,774,0,0
C023048,4221508,50658096,3300575,39606900,286174025,30009038,20753264,157056,805,0,0
C023049,3372284,40467408,1227023,14724276,195697746,54172729,41045372,532984,782,0,1
C023050,1965211,23582532,1292970,15515640,293365574,7828689,7828689,190047,880,0,0
C023051,2052012,24624144,1058934,12707208,77447914,38010735,26656522,340443,740,0,0
C023052,1800000,21600000,1264291,15171492,23554785,23402795,23402795,129979,787,0,0
C023053,3919868,47038416,1973264,23679168,107256038,52247868,52247868,176798,870,0,0
C023054,1800000,21600000,1083882,13006584,55635226,24521865,20245776,288441,764,0,0
C023055,4479692,53756304,3051599,36619188,126943623,47060215,38231895,426340,832,0,0
C023056,2589693,31076316,1237229,14846748,129746083,34340824,23024172,371444,789,0,0
C023057,4977203,59726436,2889438,34673256,309510877,46676220,41135984,627944,738,0,0
C023058,1800000,21600000,671324,8055888,63216880,25514443,19713306,146164,750,0,0
C023059,1800000,21600000,712710,8552520,37383405,12526258,8127819,122858,781,0,0
C023060,1800000,21600000,1358087,16297044,86832384,11576564,8677238,94591,768,0,0
C023061,5695809,68349708,2891198,34694376,565806249,192086617,158986608,1027362,677,0,0
C023062,3676978,44123736,1210401,14524812,54882305,21976714,21976714,166493,771,1,0
C023063,6878904,82546848,5595151,67141812,279995526,91080606,58583063,377578,637,0,0
C023064,2606109,31273308,1424745,17096940,75037717,33581090,16778530,174905,784,0,0
C023065,2240947,26891364,1433723,17204676,116565652,15917547,12289578,50000,753,0,0
C023066,3003421,36041052,1288234,15458808,268139840,34113630,33423798,237997,750,0,0
C023067,5538167,66458004,2601957,31223484,355480615,66040556,53264358,588836,810,0,0
C023068,4506686,54080232,1951527,23418324,141195070,91893792,47069012,481914,802,0,0
C023069,4748367,56980404,4053950,48647400,181313218,50385535,42325302,222192,668,0,0
C023070,3954952,47459424,2507263,30087156,130536330,23359626,22203768,381484,764,0,0
C023071,2488524,29862288,1536646,18439752,386997702,30424367,17736252,225221,782,0,0
C023072,4289022,51468264,2513583,30162996,491973402,31735577,28011414,85780,862,0,0
C023073,5841402,70096824,5529811,66357732,272337893,18534619,16230496,497995,682,0,0
C023074,3043355,36520260,1512127,18145524,101935135,45389924,41872294,380776,785,0,0
C023075,4868979,58427748,2595045,31140540,193215345,90140530,61807113,816068,720,0,0
C023076,5532470,66389640,2617561,31410732,181540140,131323755,127649230,787295,848,0,0
C023077,3542034,42504408,1384560,16614720,108677682,32804656,10729716,70841,840,0,0
C023078,5931008,71172096,2999740,35996880,250316314,56461859,56461859,551000,740,0,0
C023079,2105604,25267248,1351619,16219428,72949826,21641753,18279216,226243,864,0,0
C023080,5523402,66280824,2702841,32434092,263528226,159260714,129278047,903877,783,0,0
C023081,6244499,74933988,3592514,43110168,335275396,29333150,29333150,719358,793,0,0
C023082,5871040,70452480,3749959,44999508,175021565,143153210,137783860,1089842,784,0,0
C023083,2537242,30446904,971166,11653992,33347037,16770542,16770542,280897,794,0,0
C023084,2769886,33238632,1618879,19426548,344508020,56437369,49189472,421509,729,0,0
C023085,2522146,30265752,1740237,20882844,179298902,41810508,31499640,373646,688,0,0
C023086,3198605,38383260,1845437,22145244,156429862,17299431,15117159,378726,723,0,0
C023087,4500514,54006168,2421267,29055204,357905717,25816478,19936177,460707,699,2,0
C023088,2765310,33183720,1647548,19770576,62932874,18178791,8182529,55306,781,0,0
C023089,2979768,35757216,2168544,26022528,141348386,53112998,42460078,329272,854,0,0
C023090,4233864,50806368,3453080,41436960,445117942,77209911,50759125,703427,678,0,0
C023091,2888471,34661652,2060959,24731508,88304588,26718340,20000303,57769,851,0,0
C023092,6573878,78886536,4468569,53622828,278986168,31181348,31181348,131478,827,0,0
C023093,3561917,42743004,2215556,26586672,155920169,25045834,13963746,186332,860,0,0
C023094,8000104,96001248,5093458,61121496,217071381,131872587,124159623,879639,768,1,0
C023095,3526483,42317796,1575869,18910428,115304341,34611465,22515416,98092,856,0,0
C023096,6358131,76297572,4082426,48989112,628863552,152378363,152378363,1281045,803,0,0
C023097,2311340,27736080,1224431,14693172,109958157,46129485,37972358,422496,820,0,0
C023098,1800000,21600000,684214,8210568,67399413,16753700,12563336,50000,772,1,0
C023099,7651349,91816188,3304585,39655020,441577444,210799329,182649467,1619693,774,0,0
C023100,8423185,101078220,4993861,59926332,142261895,120020903,97066572,471973,757,0,0
C023101,2265814,27189768,1745852,20950224,274902871,44867803,41892101,298386,658,0,0
C023102,6990493,83885916,4961933,59543196,377115456,107028169,71413264,1011141,794,0,0
C023103,2678451,32141412,1925584,23107008,90769560,29705816,20939621,82517,763,0,0
C023104,3488588,41863056,1500060,18000720,104169726,40586034,29131171,238833,764,0,0
C023105,5999397,71992764,2636780,31641360,188694500,107683840,70742578,657934,776,0,0
C023106,8975414,107704968,3429594,41155128,842710041,136138924,130883930,858855,715,0,0
C023107,3232202,38786424,1903584,22843008,137061450,48405328,36770258,333437,762,0,0
C023108,3187484,38249808,2050490,24605880,59925753,65682403,55011515,369815,706,0,0
C023109,3343850,40126200,1445080,17340960,28638320,19474663,19474663,471638,790,0,0
C023110,2067124,24805488,1142817,13713804,137777873,37070094,31998556,198280,801,0,0
C023111,4969758,59637096,4761553,57138636,350301187,112466972,87489767,1039379,666,1,0
C023112,4852336,58228032,1951993,23423916,440472014,50953862,41508238,394695,794,0,0
C023113,3471081,41652972,1909696,22916352,239184659,44613182,29341893,216397,861,0,0
C023114,4235679,50828148,1709030,20508360,168304340,22168851,22168851,296930,791,0,0
C023115,3600803,43209636,2595393,31144716,317046681,70276461,52309477,510955,741,0,0
C023116,5207343,62488116,3989159,47869908,582008562,80045070,64012205,340314,795,0,0
C023117,9490314,113883768,7678724,92144688,289837531,73582733,64435606,816389,770,0,0
C023118,5708021,68496252,2445661,29347932,470343221,79966482,38561134,494530,778,0,0
C023119,5434374,65212488,3967850,47614200,239302527,112215523,88226388,1039568,707,0,1
C023120,2672274,32067288,1103586,13243032,23733605,37388769,20654226,93561,768,1,0
C023121,3776384,45316608,2919465,35033580,128977620,44750871,44750871,333721,733,0,0
C023122,3271856,39262272,1642565,19710780,70008602,35890287,21171223,266168,895,0,0
C023123,4377710,52532520,2409225,28910700,120312618,44061057,18292580,281759,911,0,0
C023124,5215577,62586924,3585298,43023576,125904701,173886941,145846052,1474679,762,1,0
C023125,5303627,63643524,3438186,41258232,283672457,70198650,67908507,612370,772,0,0
C023126,2773377,33280524,1310402,15724824,60424872,48425989,43838856,412859,840,0,0
C023127,5061488,60737856,2799442,33593304,309827381,76318844,38210128,349600,743,1,1
C023128,3812597,45751164,1915227,22982724,256995685,31954877,16785586,333242,822,0,0
C023129,3956738,47480856,2873673,34484076,394774216,125218669,119534220,1110225,727,0,1
C023130,3624312,43491744,1817302,21807624,210938861,80871395,62935578,605495,864,0,0
C023131,3380679,40568148,1917719,23012628,110353107,97078383,90264117,630666,748,0,0
C023132,5054412,60652944,1828869,21946428,130854075,64857134,37555286,390917,779,0,0
C023133,5726757,68721084,2648859,31786308,246186540,91550324,69604867,661481,770,0,0
C023134,2312334,27748008,1618281,19419372,97857642,17056298,10149156,172567,814,0,0
C023135,2210116,26521392,1182678,14192136,106066552,13395058,10512657,184680,799,0,0
C023136,8625152,103501824,2156288,25875456,528407380,177079679,162866656,1385797,816,1,0
C023137,5026617,60319404,4176475,50117700,259578001,111265092,94338938,942887,640,0,0
C023138,4578811,54945732,2357143,28285716,356623260,38574922,38574922,389076,717,0,0
C023139,3597665,43171980,1975020,23700240,96213771,122049430,112181313,917014,898,0,0
C023140,2328076,27936912,582019,6984228,92792662,35685008,26363903,67308,814,0,0
C023141,3978277,47739324,1928074,23136888,163402625,90438527,90438527,520862,763,0,0
C023142,1800000,21600000,810644,9727728,142786813,30775236,28455441,209882,793,0,0
C023143,2302599,27631188,1055412,12664944,192657190,83031937,71706470,403378,838,0,0
C023144,1800000,21600000,890465,10685580,119115043,7440976,5129679,99112,788,1,0
C023145,3912541,46950492,3438503,41262036,52403128,62552619,59143242,331649,803,0,0
C023146,4789160,57469920,2563389,30760668,90698983,54194116,39057743,143586,905,0,0
C023147,2666280,31995360,1555344,18664128,160893379,34913861,21804201,341364,724,0,0
C023148,4353181,52238172,3062091,36745092,67862620,25320800,25320800,492292,808,0,0
C023149,2419383,29032596,1138280,13659360,34205132,21861831,17187353,252180,747,0,0
C023150,2851778,34221336,2242843,26914116,441113236,23297685,8905780,113612,677,0,0
C023151,4875631,58507572,2311393,27736716,195093056,54524740,36285018,804209,830,0,0
C023152,2250401,27004812,1177586,14131032,172039699,20840583,20070721,160852,739,0,0
C023153,2937538,35250456,1770434,21245208,72667969,11933910,11933910,154202,840,0,0
C023154,7396312,88755744,5051581,60618972,1242580416,31928157,31928157,599683,739,0,0
C023155,3654963,43859556,2088282,25059384,175828543,54007451,36608483,307913,772,0,0
C023156,2672664,32071968,1441536,17298432,161671445,61637482,50146014,258327,729,0,0
C023157,2209142,26509704,1365136,16381632,55398634,29710839,24969687,180757,764,0,0
C023158,2233590,26803080,1187655,14251860,138517401,16964950,12239606,50000,853,0,0
C023159,8758562,105102744,3680709,44168508,282018675,320179747,293810947,2294773,783,1,0
C023160,9294595,111535140,3393960,40727520,748706041,202168371,141720527,1145235,759,0,0
C023161,3096624,37159488,2364914,28378968,484806948,32367791,18214399,291370,721,0,0
C023162,5384943,64619316,4270459,51245508,374127781,30132463,30132463,307921,782,0,0
C023163,5772978,69275736,3858766,46305192,459136916,39748210,39748210,579104,761,0,0
C023164,3722668,44672016,2786911,33442932,165610004,57888293,23654214,294863,596,2,1
C023165,3939498,47273976,2499260,29991120,78360445,59809320,31619965,257010,759,1,0
C023166,5188826,62265912,1792005,21504060,371432680,30607738,25334706,103777,799,0,0
C023167,3159565,37914780,1677652,20131824,213414783,45079375,36245347,435526,660,0,0
C023168,5374633,64495596,3379937,40559244,77622988,43966124,34838121,356970,829,0,0
C023169,4754424,57053088,2772765,33273180,549976166,105234506,74629511,735869,751,0,0
C023170,4077354,48928248,1596562,19158744,121675535,47061494,28064772,311633,784,0,0
C023171,3099023,37188276,1764343,21172116,74237617,27177545,27177545,280153,723,0,0
C023172,3577822,42933864,3006013,36072156,213922701,50025136,35381712,545447,727,0,0
C023173,5401800,64821600,1584826,19017912,766415009,77693394,59445644,527923,755,0,0
C023174,3204976,38459712,1674708,20096496,228283971,37643889,37643889,551838,691,2,0
C023175,3955890,47470680,1643398,19720776,421784788,87970880,54482110,533622,765,0,0
C023176,7050680,84608160,5459862,65518344,208999257,65890683,52763787,570998,664,0,1
C023177,3827848,45934176,2091242,25094904,314117862,39708263,38664039,441031,809,0,0
C023178,4209288,50511456,3156810,37881720,342009422,24146447,16437936,156207,739,0,0
C023179,5269287,63231444,4450278,53403336,156262076,169829180,166168586,625924,690,0,0
C023180,1916327,22995924,963464,11561568,26576196,17380763,16002608,107882,875,0,0
C023181,2561157,30733884,1218962,14627544,158992788,5758697,5758697,150986,797,0,0
C023182,3504160,42049920,1742913,20914956,46003568,49499177,22354647,70083,810,0,0
C023183,3420502,41046024,1978360,23740320,267868416,134369118,116599174,637800,716,0,0
C023184,3503750,42045000,1370936,16451232,166777385,15986541,9779232,70075,698,0,0
C023185,4249593,50995116,3007321,36087852,329389559,52669812,35515720,530187,750,0,0
C023186,5111886,61342632,2838700,34064400,528214434,63938439,52692794,144439,797,0,0
C023187,1922789,23073468,959477,11513724,62961156,21037317,8394325,120549,766,0,0
C023188,4141612,49699344,1721541,20658492,146297782,77913970,57920590,662567,880,0,0
C023189,7105042,85260504,3134166,37609992,238244633,133295302,112564941,1271176,797,0,0
C023190,2232919,26795028,1266191,15194292,47608581,32610023,19495541,262695,739,0,1
C023191,5809489,69713868,3401452,40817424,92827013,52926418,27757798,256314,802,0,0
C023192,2112122,25345464,1159425,13913100,100739825,42694268,37112043,357827,760,0,1
C023193,4729912,56758944,2349217,28190604,74355813,63906562,51510719,358591,779,0,0
C023194,3814814,45777768,2715047,32580564,80188632,35111622,24724835,289575,810,0,0
C023195,2997581,35970972,1592492,19109904,111406913,35627136,19301113,66393,753,0,0
C023196,4126025,49512300,1990997,23891964,104677029,25915286,25662332,134256,743,0,0
C023197,3903051,46836612,2386422,28637064,157108575,42004519,35653367,435708,775,0,0
C023198,2880748,34568976,1726559,20718708,139062849,56631207,44942779,443796,807,0,0
C023199,2459482,29513784,1094483,13133796,178116488,27048597,27048597,167295,844,0,0
C023200,6469252,77631024,4346309,52155708,222547234,117139591,87092796,633700,761,0,0
C023201,3652810,43833720,2698027,32376324,302690684,35052727,10627399,207664,691,0,0
C023202,7052950,84635400,3724030,44688360,516600073,68905999,35383796,480505,826,1,0
C023203,2082552,24990624,996358,11956296,52562843,23807679,23807679,272019,829,0,0
C023204,3545926,42551112,2109727,25316724,118552495,37064229,22260946,439798,753,0,0
C023205,2864874,34378488,2111809,25341708,150676840,23925587,14978916,57297,808,0,0
C023206,12000000,144000000,4504397,54052764,432243134,178254868,147162081,1797983,766,0,0
C023207,4800879,57610548,2961166,35533992,234968671,27782916,19060507,96018,754,0,0
C023208,3220519,38646228,2152183,25826196,214123132,21105459,9693094,232201,809,0,0
C023209,2665609,31987308,2252841,27034092,182788409,49766807,29274169,273750,793,1,0
C023210,6910306,82923672,3648013,43776156,615769041,88868744,74069797,980847,854,0,0
C023211,4468995,53627940,3339707,40076484,78173922,51191442,45349508,472860,667,0,0
C023212,6185867,74230404,2408161,28897932,655305744,35119084,23447429,188054,787,1,0
C023213,4872442,58469304,3318479,39821748,668481347,78201872,59786225,336724,736,0,0
C023214,2936653,35239836,1226517,14718204,245694097,33268085,24882100,175594,704,0,0
C023215,5443254,65319048,3648658,43783896,158873175,141372266,117397541,884008,701,0,0
C023216,1800000,21600000,1204356,14452272,112430003,22075375,14060725,101360,801,0,0
C023217,4651133,55813596,2162054,25944648,42575615,33387231,28509500,565305,839,0,0
C023218,7365879,88390548,3537270,42447240,307276311,42486674,25291844,962056,744,0,0
C023219,3250562,39006744,1424893,17098716,410432224,17885773,12382567,305325,906,0,0
C023220,3436791,41241492,1933207,23198484,114529744,37704361,37704361,346375,768,0,0
C023221,6637764,79653168,3495449,41945388,176788601,156921328,135445725,1260045,733,0,0
C023222,1800000,21600000,655826,7869912,74338476,29335057,16458275,179707,781,0,0
C023223,2162776,25953312,1264167,15170004,220346057,13166419,6971704,185154,770,0,0
C023224,4880317,58563804,1456678,17480136,85755605,32552128,32552128,587791,843,0,0
C023225,1800000,21600000,1334044,16008528,173278012,28706869,24202344,93779,709,0,0
C023226,5282781,63393372,2249474,26993688,473491913,84868264,68520899,847684,797,0,0
C023227,4027410,48328920,2724805,32697660,158667354,56854239,46574316,504971,659,0,0
C023228,4322206,51866472,1584013,19008156,55568674,23611311,22080636,299409,838,0,0
C023229,1800000,21600000,1032936,12395232,184807157,39738709,27755979,158856,726,1,0
C023230,10290366,123484392,3115398,37384776,900156313,304832314,194480436,1243144,727,1,0
C023231,4082616,48991392,1693879,20326548,149226380,21237093,21237093,193405,824,0,0
C023232,6727525,80730300,4629794,55557528,250442696,164026168,112134881,1035981,732,0,1
C023233,3449742,41396904,1867207,22406484,193644752,62969121,62765796,458783,808,0,0
C023234,2816999,33803988,1106469,13277628,224960034,85462979,85462979,716920,774,1,1
C023235,3316516,39798192,2507973,30095676,38293682,36364456,35329233,380340,803,0,0
C023236,4680311,56163732,2808922,33707064,262218543,22611492,19520179,374311,633,0,0
C023237,3163799,37965588,1219245,14630940,84026709,15868203,9427897,216710,937,0,0
C023238,3025963,36311556,1621050,19452600,130050244,18775709,18775709,392378,621,0,0
C023239,4683034,56196408,2142692,25712304,61849469,81425107,70736461,813706,818,0,1
C023240,4210329,50523948,2650290,31803480,60960157,91212274,75147152,940397,870,0,0
C023241,3365346,40384152,2627291,31527492,172773122,68706982,53714457,253174,695,0,0
C023242,5840608,70087296,3998870,47986440,276880840,115357436,115357436,788085,788,0,0
C023243,3648207,43778484,1763841,21166092,176779330,51340641,35185728,203542,804,0,1
C023244,4902268,58827216,1225567,14706804,423785774,107854850,97750499,639912,844,0,0
C023245,3168171,38018052,1998182,23978184,64602242,12810795,12810795,63363,868,1,0
C023246,3601221,43214652,2038749,24464988,118828463,14085952,7188114,72024,873,0,0
C023247,5444304,65331648,3565171,42782052,914643072,64446812,43038790,709203,766,0,0
C023248,3052025,36624300,1751798,21021576,100687510,39201210,25541723,285546,798,0,0
C023249,4033051,48396612,2613766,31365192,291171724,83669709,61499486,589387,703,0,0
C023250,11748656,140983872,5997788,71973456,510017019,142791435,69542170,1083670,889,0,0
C023251,5944397,71332764,2653440,31841280,243650980,73904003,69591518,858709,682,0,0
C023252,2365846,28390152,1742197,20906364,93227935,40279943,33556280,213217,756,0,0
C023253,5131791,61581492,2033481,24401772,497916521,135243121,135243121,1074885,795,0,0
C023254,3515973,42191676,2847210,34166520,257369955,111499553,98159981,843049,689,2,0
C023255,2926700,35120400,1705037,20460444,381817103,62436324,53934168,573709,780,0,0
C023256,12000000,144000000,8141735,97700820,336157770,94944257,38877818,1070965,701,0,0
C023257,1800000,21600000,776046,9312552,127439467,28820136,17435267,238310,718,0,0
C023258,9893438,118721256,3945764,47349168,457833430,477779046,450462987,3297248,642,0,0
C023259,3940072,47280864,3664388,43972656,290343741,38358711,28737559,336168,718,1,1
C023260,3196093,38353116,1990487,23885844,137088263,46726857,38772928,301500,826,0,0
C023261,2399700,28796400,1246757,14961084,66525985,26251741,26251741,354410,798,0,0
C023262,5843976,70127712,3477792,41733504,278217961,70666369,37574965,616063,708,1,0
C023263,4648968,55787616,2735090,32821080,61028354,116595919,113372296,991694,780,0,0
C023264,6696427,80357124,4862525,58350300,227979269,212850365,184797351,1352445,643,0,0
C023265,6014733,72176796,2504732,30056784,94496578,111224207,75004544,351172,776,0,0
C023266,7229380,86752560,6273055,75276660,659470774,63034722,63034722,704937,791,0,0
C023267,4878816,58545792,3129176,37550112,309981684,91479756,82361236,382370,811,0,0
C023268,4766666,57199992,3486779,41841348,79787928,88179740,71799179,541206,796,0,0
C023269,5199456,62393472,2813681,33764172,236125189,109209323,108539433,609230,745,0,0
C023270,1800000,21600000,1224919,14699028,77840189,28801746,19076721,193193,673,0,0
C023271,2839246,34070952,1854953,22259436,81725983,36020497,17073553,156149,790,0,0
C023272,2455362,29464344,1717429,20609148,115899249,33840125,23788015,159304,848,0,0
C023273,4391982,52703784,2132910,25594920,202901885,49369101,29691233,491875,724,0,0
C023274,2820498,33845976,2330815,27969780,48863388,17229163,11176718,60899,885,1,0
C023275,5632100,67585200,2849376,34192512,240410006,56864493,56864493,597054,836,0,0
C023276,4328029,51936348,2249110,26989320,331566124,39273684,25652480,589962,814,0,1
C023277,2760632,33127584,1815869,21790428,66418738,55858143,50022985,465289,705,1,0
C023278,4183363,50200356,2195433,26345196,62021981,46703741,36937476,338861,795,0,0
C023279,4108472,49301664,3644655,43735860,91565769,32350893,32350893,282713,706,0,0
C023280,5839637,70075644,2296885,27562620,667103098,127631444,87471114,358194,803,0,0
C023281,3622576,43470912,2246163,26953956,48310803,21190306,11133026,224654,759,0,0
C023282,3846287,46155444,1666250,19995000,89593354,45158196,29974229,442595,873,0,0
C023283,8203324,98439888,5391850,64702200,366379284,63378976,63378976,381866,756,0,0
C023284,4462903,53554836,3081026,36972312,190735944,73026158,50257521,521926,771,0,0
C023285,8989441,107873292,5589447,67073364,948758590,127988219,108850943,1126457,738,0,0
C023286,2464814,29577768,1028053,12336636,156403952,19367412,15593877,188670,786,0,0
C023287,5870349,70444188,3578680,42944160,622155682,116009419,92422773,1333286,703,0,1
C023288,1800000,21600000,1176620,14119440,39382456,21269960,20175306,245911,734,0,0
C023289,3256152,39073824,1203168,14438016,131830856,15883774,15883774,70213,902,0,0
C023290,4731444,56777328,3037770,36453240,243802691,86693285,86693285,712212,697,0,0
C023291,3151596,37819152,1794475,21533700,168167341,22225256,17941584,232783,823,0,0
C023292,4297295,51567540,3103277,37239324,138021575,53069543,33611282,347996,760,0,0
C023293,5532596,66391152,3632310,43587720,150799025,60800789,43751310,384687,755,0,0
C023294,6376965,76523580,3075657,36907884,939644764,138418603,102825639,1319600,727,1,1
C023295,5269313,63231756,3866027,46392324,885244584,95278227,95278227,819964,731,0,0
C023296,2267156,27205872,1137700,13652400,176749899,29179105,23106115,247671,793,0,0
C023297,2843572,34122864,1656197,19874364,163874102,31365552,31365552,229861,746,0,0
C023298,3604442,43253304,1321974,15863688,182465473,35026422,35026422,218045,756,0,0
C023299,2419291,29031492,2030183,24362196,115225035,36575945,33212306,250943,766,0,0
C023300,4122849,49474188,3255261,39063132,162980993,120322363,94642950,808698,762,0,0
C023301,3818123,45817476,954531,11454372,199074143,72040503,59839900,311805,879,0,0
C023302,5775079,69300948,3453789,41445468,112287083,66653269,66653269,535920,752,0,0
C023303,3391361,40696332,1482782,17793384,422135419,94736397,71790133,578806,769,0,0
C023304,8100390,97204680,5491240,65894880,194743140,59694596,24824753,701038,768,0,0
C023305,4969138,59629656,2986429,35837148,834815184,118956204,96539544,864073,774,0,0
C023306,4156017,49872204,2698724,32384688,256102202,47542544,47542544,406131,816,0,0
C023307,4196404,50356848,2805623,33667476,47589107,18947768,14918615,426003,813,0,0
C023308,3875871,46510452,1735675,20828100,81803432,87976740,65279296,562082,726,0,1
C023309,5269337,63232044,3234627,38815524,308230779,111103596,109131384,754675,737,0,0
C023310,3101829,37221948,1790096,21481152,88254905,55803805,31381884,455047,745,0,0
C023311,3539109,42469308,2541631,30499572,69107202,31442326,17747584,257474,767,0,0
C023312,2430496,29165952,1295897,15550764,179620193,15319120,15319120,244762,839,0,0
C023313,4091271,49095252,2570545,30846540,402793764,63307635,58866338,741331,827,1,0
C023314,2972429,35669148,1707615,20491380,48338475,64710936,52856255,546482,716,0,0
C023315,4172438,50069256,1822190,21866280,129163024,33763354,29996212,347653,732,0,0
C023316,4204724,50456688,2401747,28820964,236864054,61745272,61745272,658176,818,0,0
C023317,9583125,114997500,5514244,66170928,369427763,90425742,90425742,671010,893,0,0
C023318,3457758,41493096,1471805,17661660,186854404,26048442,24378807,330036,784,0,0
C023319,3797885,45574620,2376111,28513332,125881476,20495993,17951587,231965,802,0,0
C023320,3852817,46233804,1619728,19436736,134252416,40684995,40684995,513597,844,0,0
C023321,5303196,63638352,2501200,30014400,210241991,88191695,67207664,322935,799,0,0
C023322,2797049,33564588,1494370,17932440,47350139,55367438,54532879,556768,713,0,0
C023323,3402888,40834656,2302421,27629052,97907653,29349259,20961802,167820,862,0,0
C023324,2687803,32253636,1107169,13286028,81199269,10754842,10754842,198349,756,0,0
C023325,6771416,81256992,2739226,32870712,152928357,41758336,40766187,807654,813,0,0
C023326,3562436,42749232,1762243,21146916,175506033,24748702,23202613,285509,754,1,0
C023327,6052745,72632940,4001700,48020400,563534446,84655106,70615217,633616,676,0,0
C023328,5555965,66671580,1814351,21772212,773904868,26466338,23849364,642006,776,0,0
C023329,5794853,69538236,3422423,41069076,731030198,39470075,20815341,209532,795,0,0
C023330,3762079,45144948,1531030,18372360,109438262,64185673,44348411,213087,771,0,0
C023331,5062490,60749880,3058812,36705744,102512567,102694603,80023431,602556,858,0,0
C023332,3877122,46525464,2552079,30624948,143158347,63291613,53554067,550730,935,0,0
C023333,2812758,33753096,1584065,19008780,29741338,44584915,44584915,233516,899,0,0
C023334,2312534,27750408,1072975,12875700,29248210,20908172,14307853,165147,844,0,0
C023335,3702262,44427144,1965447,23585364,469585645,217398268,199922148,1343689,757,0,1
C023336,1830698,21968376,1010810,12129720,203714632,10201836,10201836,173453,816,0,0
C023337,4890603,58687236,2812974,33755688,222272621,79426575,59764919,679593,659,1,1
C023338,4621652,55459824,2450145,29401740,37627697,92885389,70182280,656588,770,0,1
C023339,3244966,38939592,1031005,12372060,396686292,26260184,24176101,286538,905,0,0
C023340,2555659,30667908,1966821,23601852,119509688,48586187,40159898,376362,790,0,0
C023341,6227140,74725680,4555313,54663756,466260557,93211615,62236662,589018,747,0,0
C023342,4230138,50761656,2721112,32653344,51087922,112233578,93708511,664362,743,0,0
C023343,5762836,69154032,3237034,38844408,199072454,75761996,36495349,337697,873,0,0
C023344,4678561,56142732,2567693,30812316,355684413,52740200,28405799,158800,807,0,0
C023345,5929764,71157168,4510081,54120972,453701162,65871663,65871663,696099,821,0,0
C023346,3067195,36806340,1849053,22188636,116269394,29834881,22545262,61344,814,0,0
C023347,5211358,62536296,2109455,25313460,52815149,42141667,42141667,887903,820,0,0
C023348,2673438,32081256,1557464,18689568,73054568,28114668,23259778,217449,813,0,0
C023349,2510740,30128880,1654799,19857588,160530225,28749071,14373585,208850,749,0,0
C023350,4922415,59068980,3153463,37841556,96512198,57164987,29149046,494248,740,0,0
C023351,3025593,36307116,2054125,24649500,183247184,33232217,18514624,219864,736,0,0
C023352,8332894,99994728,3924999,47099988,691571807,57064186,57064186,781565,754,0,0
C023353,7228956,86747472,2931448,35177376,170429045,60088282,23911796,549806,755,0,0
C023354,4948329,59379948,2809187,33710244,209417171,24087618,24087618,200752,776,0,0
C023355,4760830,57129960,2367727,28412724,145502659,42184696,36333172,126569,837,0,0
C023356,1864827,22377924,1163907,13966884,252738528,12788917,9305510,164936,817,0,0
C023357,3401168,40814016,1843561,22122732,49423396,11050120,11050120,262117,769,0,0
C023358,11827903,141934836,8148720,97784640,230655822,246736294,185235743,1012855,699,0,0
C023359,4985047,59820564,3096808,37161696,371815804,69340045,55180617,534791,671,0,0
C023360,2317575,27810900,908237,10898844,49976623,21521292,15595091,135680,791,0,0
C023361,4076633,48919596,2938178,35258136,261499783,106615842,85883339,685217,674,1,0
C023362,6497473,77969676,3350788,40209456,103525043,102875153,60713404,424825,827,0,0
C023363,1800000,21600000,887959,10655508,50948264,44372433,37321364,261130,842,0,0
C023364,5453531,65442372,3320141,39841692,283859189,136026680,115239500,1248493,794,0,0
C023365,3441264,41295168,2271687,27260244,325199617,17906993,13062258,263551,883,0,0
C023366,5176273,62115276,3325101,39901212,316622705,53278069,17806131,290862,698,0,0
C023367,5334278,64011336,3522070,42264840,316458330,68236294,59784356,770188,752,0,0
C023368,9607277,115287324,6366593,76399116,288454210,143908817,116852548,869484,670,0,0
C023369,5804517,69654204,3276209,39314508,194405132,61363320,61363320,512001,841,0,0
C023370,7992787,95913444,3909346,46912152,510635418,100388842,59085331,731924,748,0,0
C023371,4067999,48815988,1439430,17273160,111864051,91362810,91362810,601626,841,0,0
C023372,3904211,46850532,1398019,16776228,54728421,48671873,43796401,464014,810,0,0
C023373,3479099,41749188,1683748,20204976,95065609,79144233,79144233,662496,670,0,0
C023374,3491157,41893884,2473347,29680164,44890248,18883258,11167125,283483,743,0,0
C023375,3140202,37682424,2334768,28017216,92108447,42095236,23494155,260676,734,0,0
C023376,1800000,21600000,1234240,14810880,32671335,23651485,9832403,194004,729,0,0
C023377,4343612,52123344,2722304,32667648,195386238,30042337,14706082,86872,773,0,0
C023378,3618384,43420608,1748340,20980080,176614094,136994352,125844149,811714,861,0,0
C023379,3461604,41539248,1392822,16713864,64939533,47321565,25256618,163810,806,0,0
C023380,3808567,45702804,2351682,28220184,80904701,30593028,30593028,232595,727,0,0
C023381,4826778,57921336,1760394,21124728,239406314,27843582,13086195,426300,782,0,0
C023382,6335139,76021668,4207698,50492376,192733128,68891975,39180634,534115,843,0,0
C023383,1834925,22019100,1341787,16101444,34260168,15436699,5958981,84558,774,0,0
C023384,5219776,62637312,1984111,23809332,150216155,15885835,15885835,161657,868,0,0
C023385,2894114,34729368,1782837,21394044,486211152,44379738,39481084,491553,873,0,0
C023386,2975041,35700492,1669185,20030220,94983187,31433084,25406637,424462,773,0,0
C023387,3929601,47155212,1956812,23481744,212254779,104305307,102218708,879032,715,0,0
C023388,3760980,45131760,1883774,22605288,108212197,84034864,65717789,622425,725,0,1
C023389,2861501,34338012,1288218,15458616,200026776,49620552,41880427,527723,830,0,0
C023390,3243507,38922084,2397260,28767120,179066823,88160759,80869147,624478,787,0,0
C023391,3072920,36875040,1363030,16356360,69972336,5555841,5555841,61458,868,0,0
C023392,5033576,60402912,4092214,49106568,376241962,60575661,42142873,246312,709,1,0
C023393,6228888,74746656,3503859,42046308,71725162,95734578,95734578,609026,831,0,1
C023394,6461315,77535780,3946347,47356164,257745999,110737098,110737098,892374,794,0,0
C023395,3685140,44221680,2237235,26846820,144181165,32633881,26436270,165494,750,0,0
C023396,10134079,121608948,7219001,86628012,680738372,40846576,40846576,202682,862,0,0
C023397,3607119,43285428,2279006,27348072,77898425,86959846,86959846,970745,650,0,0
C023398,3266267,39195204,1393863,16726356,298980518,29695675,28995708,356242,870,0,0
C023399,7944498,95333976,3608229,43298748,426678377,34774075,34774075,390231,858,0,0
C023400,7839789,94077468,4243173,50918076,778091518,136638022,69548342,156796,774,0,0
C023401,4905349,58864188,3111337,37336044,284880004,36098164,36098164,581194,697,1,1
C023402,3235966,38831592,2123250,25479000,107746855,17006209,9449420,168052,712,0,0
C023403,3134639,37615668,2534012,30408144,67305962,64187071,46166326,508100,648,0,1
C023404,2402176,28826112,1034836,12418032,59696284,6958110,6531703,50000,832,0,0
C023405,3676149,44113788,2169251,26031012,129949604,58707582,44876848,359851,764,0,0
C023406,7259799,87117588,2040410,24484920,426477040,77266054,36149121,625556,841,0,0
C023407,2880075,34560900,1611226,19334712,103308734,58466909,58466909,464716,757,0,0
C023408,2617172,31406064,1889942,22679304,341380176,19430119,15043099,252270,726,1,0
C023409,5716747,68600964,3374245,40490940,232573321,56117336,43501351,462359,857,0,0
C023410,3520124,42241488,1918706,23024472,94132838,85078383,80454809,571474,750,0,0
C023411,2846937,34163244,1226513,14718156,248897485,76779254,66413667,493486,670,0,1
C023412,3413483,40961796,2229480,26753760,250852290,151069818,140647842,962581,689,0,0
C023413,6970670,83648040,4464006,53568072,332670810,100947720,96063294,982856,760,0,0
C023414,2215462,26585544,1512130,18145560,59800941,40563576,26127102,325703,639,0,0
C023415,5230484,62765808,3363927,40367124,153857907,34296237,8374194,184644,786,0,0
C023416,4781834,57382008,2915794,34989528,514101464,69401715,45914456,465743,817,0,0
C023417,12000000,144000000,4589735,55076820,85602700,118501248,101088826,2085039,744,0,0
C023418,6574830,78897960,3605773,43269276,314520308,171910198,147465410,1092283,713,0,0
C023419,1974609,23695308,958097,11497164,147205398,69552758,65697767,436867,733,0,0
C023420,1952975,23435700,1165127,13981524,19860999,31445835,24732429,140483,725,0,0
C023421,5313493,63761916,3193759,38325108,205136115,8958025,8958025,110080,857,0,0
C023422,3006328,36075936,2391272,28695264,58989578,35511493,28070827,368490,764,0,1
C023423,4177491,50129892,1324786,15897432,186425881,49543403,49543403,422287,733,0,0
C023424,8687820,104253840,5250463,63005556,1459553760,153525040,52943167,769801,698,2,0
C023425,3086152,37033824,2228591,26743092,71993413,23112046,17926166,254287,779,0,1
C023426,4336445,52037340,2404645,28855740,262895276,22225720,18414976,154218,790,0,0
C023427,2935819,35229828,2297369,27568428,37014253,34272041,17874722,143412,820,0,0
C023428,4530404,54364848,3175035,38100420,314814236,20254665,13504268,594632,765,0,0
C023429,2877524,34530288,1493507,17922084,119633628,76520677,76520677,376985,777,0,0
C023430,5008964,60107568,3275360,39304320,121612292,114014609,103126510,786508,698,0,0
C023431,5595259,67143108,2255250,27063000,230535560,80992121,80992121,810112,774,0,0
C023432,4548371,54580452,3552433,42629196,356734073,44052882,44052882,500607,690,0,0
C023433,4292035,51504420,2311360,27736320,149987913,72265992,60881064,353378,878,0,0
C023434,2530196,30362352,1956168,23474016,95468063,43232690,28077815,401436,637,0,1
C023435,4821368,57856416,3836837,46042044,96496075,145619795,130805595,835430,781,0,0
C023436,7678315,92139780,3077248,36926976,216896333,162135116,130049222,970702,764,0,0
C023437,7441932,89303184,4577924,54935088,144939211,162441784,138405725,672091,882,0,0
C023438,1810610,21727320,912228,10946736,44011388,24993598,19549398,239479,761,0,0
C023439,3175261,38103132,1753175,21038100,372513542,54270776,24817295,281563,674,1,0
C023440,2828879,33946548,2271883,27262596,161583726,57004971,40230664,414020,691,1,0
C023441,2588928,31067136,1522039,18264468,49223044,10901256,10901256,180432,798,0,0
C023442,2831172,33974064,1607268,19287216,57260647,59047025,56816527,511591,701,0,0
C023443,4012363,48148356,3043722,36524664,326680021,163733644,158681342,1183114,772,0,1
C023444,6312304,75747648,3730650,44767800,272529379,58965122,33339756,645646,811,0,0
C023445,3747658,44971896,2539988,30479856,50154345,56667648,50112021,431193,762,1,0
C023446,2950396,35404752,1440583,17286996,42235930,34227905,12495453,157075,776,0,0
C023447,6133057,73596684,2009672,24116064,568209007,62816482,58895405,719057,814,0,0
C023448,4211070,50532840,1420662,17047944,167215029,13939854,13544842,309815,780,0,0
C023449,7061440,84737280,4772788,57273456,213129080,83810922,48511520,902866,839,0,1
C023450,1800000,21600000,1407146,16885752,62259149,17751968,12844787,153827,819,0,0
C023451,8407072,100884864,6913433,82961196,1252837398,111214998,86368344,1388183,725,0,0
C023452,4135157,49621884,1768669,21224028,181744856,48077589,39884875,487872,747,0,0
C023453,8271515,99258180,6308640,75703680,953954801,186305347,148558593,1295184,695,0,0
C023454,1800000,21600000,1262734,15152808,122723334,38092490,34287346,272407,771,0,1
C023455,7093280,85119360,3869398,46432776,278999176,147609201,137310937,1232416,754,0,0
C023456,5956896,71482752,1830616,21967392,130523191,12532465,12532465,479140,781,0,0
C023457,3627810,43533720,3105491,37265892,96926305,84947616,68785792,686394,537,1,1
C023458,3830923,45971076,2459713,29516556,124831103,39808856,29113629,347175,827,0,0
C023459,5848001,70176012,2782364,33388368,267237580,60381685,35364788,497736,732,0,0
C023460,3208202,38498424,1660373,19924476,267041577,30032329,30032329,111154,826,0,0
C023461,4531664,54379968,3090407,37084884,260522664,52437812,38179136,284170,818,0,0
C023462,2693530,32322360,1445033,17340396,117044888,42431798,34902367,265476,847,0,0
C023463,4148112,49777344,1733422,20801064,92001529,65896039,65896039,307669,828,0,0
C023464,5110751,61329012,3904843,46858116,185763948,101404967,78127370,789545,712,0,1
C023465,7377473,88529676,2961005,35532060,791876789,142222867,142222867,1078371,813,0,0
C023466,6148923,73787076,3243064,38916768,344176076,37949581,37949581,464243,843,0,0
C023467,3919855,47038260,3652325,43827900,62594940,34735666,31462563,367998,686,0,1
C023468,3939017,47268204,1601135,19213620,90882173,48788216,33600166,589004,826,0,0
C023469,8368108,100417296,5138954,61667448,142776709,151626738,133655720,676478,818,0,0
C023470,5735987,68831844,2680502,32166024,490626414,51608349,51608349,503615,745,1,0
C023471,2378462,28541544,1287829,15453948,203577743,42153797,34741880,356225,893,0,0
C023472,6750885,81010620,5022209,60266508,657909991,109173412,71484021,579228,782,0,0
C023473,3492378,41908536,2402619,28831428,57451905,48424147,33382093,217298,737,0,0
C023474,4140463,49685556,2792592,33511104,136424853,75517309,62238036,424054,683,0,1
C023475,8072821,96873852,5696178,68354136,446993142,130603418,102340800,1427895,803,0,0
C023476,5068597,60823164,2324114,27889368,102445993,72688775,72688775,288717,779,0,0
C023477,3330772,39969264,1898314,22779768,35731487,22305973,12003040,401337,818,0,0
C023478,2040129,24481548,1265972,15191664,108256346,17849628,13632605,263366,723,1,0
C023479,2789289,33471468,1731273,20775276,75259731,32322306,24910851,390743,743,1,0
C023480,4253159,51037908,2567241,30806892,55236951,72442048,66368087,502875,795,0,0
C023481,4832996,57995952,3089142,37069704,236659639,75401632,49436753,334664,818,0,0
C023482,3017737,36212844,1875908,22510896,71189999,53681815,40538610,348309,792,0,0
C023483,1905585,22867020,1114379,13372548,75865880,19591288,17629531,87103,775,0,0
C023484,2663034,31956408,1673906,20086872,72256866,46879612,40085271,460757,725,0,0
C023485,2665833,31989996,1304086,15649032,239226585,79807704,74526777,406761,720,0,0
C023486,6055392,72664704,2325566,27906792,497144731,71654646,44269797,498437,762,0,0
C023487,2940290,35283480,1201668,14420016,94321926,112498726,112498726,955003,817,0,0
C023488,7178118,86137416,5643309,67719708,446635314,76018950,65935082,637328,803,0,0
C023489,6492817,77913804,5650837,67810044,252807165,195879726,143909084,1234276,581,1,1
C023490,8323652,99883824,4606900,55282800,1012027234,187174093,132513357,1741091,714,1,0
C023491,4226199,50714388,1962808,23553696,465687902,64255033,44162118,555288,764,0,0
C023492,4059316,48711792,2930018,35160216,63686956,43271463,34824094,321871,752,0,0
C023493,7670683,92048196,4898157,58777884,790884471,52104096,48619564,571479,790,0,0
C023494,3526950,42323400,1625736,19508832,182497724,67544214,53427558,459661,784,0,0
C023495,6525029,78300348,2696300,32355600,1096204872,33749594,33749594,656140,807,0,0
C023496,3125528,37506336,2032691,24392292,104032746,50109406,48611430,647997,730,0,0
C023497,2243827,26925924,891811,10701732,122422674,78095793,73973269,422370,831,0,0
C023498,3732254,44787048,2864679,34376148,75211915,34020167,7242894,313111,771,0,0
C023499,2423269,29079228,1659227,19910724,102962824,10239997,3505787,158916,856,0,0
C023500,6149224,73790688,3413425,40961100,703514286,77675989,66584228,861733,727,0,0
C023501,4221050,50652600,2041093,24493116,340772024,55797903,38590545,367633,808,0,0
C023502,2364176,28370112,1659090,19909080,62343907,26648359,26648359,343936,884,0,0
C023503,2626090,31513080,2052524,24630288,44579442,61628210,57216773,394250,790,0,0
C023504,4379668,52556016,2560040,30720480,506485317,251184086,236502072,1550098,609,0,0
C023505,4015464,48185568,2816971,33803652,347118328,40515371,37819840,416786,737,0,0
C023506,3552354,42628248,2125633,25507596,260459941,66698739,43954757,478891,737,0,1
C023507,6455360,77464320,2869705,34436460,398180346,92637419,70836656,454780,803,0,1
C023508,4578678,54944136,2919805,35037660,115435683,64873727,42095738,646590,813,0,0
C023509,2924414,35092968,1592778,19113336,47942321,16479880,16479880,188489,872,0,0
C023510,3672049,44064588,2011031,24132372,64408033,73448350,60973260,904578,770,1,0
C023511,2571403,30856836,1495451,17945412,130565297,74989926,62824109,660774,697,0,0
C023512,3068356,36820272,1255521,15066252,299734021,20559570,20034552,275306,795,1,0
C023513,4601365,55216380,3280456,39365472,119712556,56634334,56634334,418054,724,0,0
C023514,8149051,97788612,6033973,72407676,299317307,191892703,177877669,1391703,734,0,0
C023515,2300617,27607404,1252112,15025344,200548294,32832324,27178290,236812,812,1,1
C023516,4689418,56273016,1172355,14068260,222913831,74691103,62083597,357501,859,0,0
C023517,4632061,55584732,2409128,28909536,68441324,76022271,63229124,714320,798,0,0
C023518,4557886,54694632,3377981,40535772,97209838,51468739,43054959,709550,754,0,0
C023519,2658662,31903944,1375686,16508232,126152740,22872583,22872583,240444,789,0,0
C023520,5049552,60594624,2687173,32246076,383273440,33675215,31517238,100991,850,0,0
C023521,3771171,45254052,1371667,16460004,142852823,25397703,25397703,313543,851,0,0
C023522,4345050,52140600,2213091,26557092,23450021,46803862,18742520,86901,693,2,0
C023523,4858269,58299228,4148967,49787604,124721781,228077172,222368862,1778469,637,0,0
C023524,4738540,56862480,3076625,36919500,89821380,17220913,11147963,300194,760,0,0
C023525,2798132,33577584,1078027,12936324,182680769,19948751,13761333,143330,823,0,0
C023526,3061027,36732324,1786414,21436968,249267244,38221087,28788165,276168,770,1,0
C023527,3005840,36070080,1562129,18745548,71928638,28745824,23785864,228323,842,0,0
C023528,3441346,41296152,2504375,30052500,65660059,67273829,47497398,484531,618,1,0
C023529,1800000,21600000,885196,10622352,73549356,43737427,35023208,313132,693,0,0
C023530,4500310,54003720,3190363,38284356,268578077,56488004,41724212,432659,670,3,1
C023531,2172077,26064924,1427157,17125884,178308810,13020600,13020600,273359,784,0,0
C023532,9148603,109783236,6415152,76981824,595212516,101384240,64705755,594765,825,0,0
C023533,2897263,34767156,1524997,18299964,92095130,79470230,73830375,481667,764,0,0
C023534,2544872,30538464,1647173,19766076,192183373,14362690,7670915,168180,796,0,0
C023535,5983745,71804940,2861389,34336668,313661878,99604014,91471924,699132,799,0,0
C023536,4277812,51333744,3123711,37484532,249380220,57117053,40732066,603461,747,0,0
C023537,4297698,51572376,1917920,23015040,122417197,47805077,38128296,222912,784,0,0
C023538,5406858,64882296,3204721,38456652,220275955,39500325,39500325,315340,818,0,0
C023539,2905560,34866720,1473021,17676252,80970386,77946372,73789411,516196,756,0,0
C023540,6322866,75874392,3977596,47731152,215617771,128058201,94169178,1011256,684,1,0
C023541,1800000,21600000,1149576,13794912,45161582,16333121,9923396,186350,678,0,0
C023542,6547031,78564372,2937007,35244084,49917485,34725992,34725992,986215,868,0,0
C023543,10306799,123681588,5531958,66383496,305883191,119811204,109091941,470530,813,0,0
C023544,2846666,34159992,1529062,18348744,131748003,34533416,30118953,393070,764,0,0
C023545,8804132,105649584,3860819,46329828,111894624,346457015,346457015,2818362,675,0,0
C023546,6440095,77281140,2819316,33831792,117658592,34920472,24877245,272576,809,0,0
C023547,4342545,52110540,2959717,35516604,397787318,44472096,20359750,86851,736,0,0
C023548,5472120,65665440,2896824,34761888,194603205,70133554,58572376,330210,837,0,0
C023549,4817106,57805272,2877922,34535064,232956977,31644168,31644168,278671,787,1,0
C023550,2135275,25623300,1316600,15799200,306672964,31336027,22547449,194233,824,0,0
C023551,4162248,49946976,3141786,37701432,39737998,47103759,47103759,391105,763,0,0
C023552,4385788,52629456,2667087,32005044,736812384,35391338,25185867,210417,776,1,0
C023553,2143090,25717080,1219512,14634144,130777833,11655104,7995185,50000,792,0,0
C023554,3176499,38117988,1939221,23270652,229993669,35303919,16509261,89891,876,0,0
C023555,3342323,40107876,1973487,23681844,371144351,40717236,28249164,205319,719,0,0
C023556,3439647,41275764,3184775,38217300,48330060,37160639,34368789,371138,774,0,0
C023557,3032022,36384264,1411287,16935444,303596010,15200538,15200538,91271,801,0,0
C023558,9394243,112730916,6305512,75666144,514343422,259048723,192687526,1828158,659,0,1
C023559,5841366,70096392,3278457,39341484,586226597,98337026,44839234,116827,824,0,0
C023560,4222841,50674092,2811378,33736536,261810928,35199941,24235635,275584,779,0,0
C023561,3957308,47487696,2477757,29733084,56514851,48014432,48014432,382923,872,0,0
C023562,4110426,49325112,2328224,27938688,215410492,45996473,38886694,467663,789,0,0
C023563,12000000,144000000,7422156,89065872,313213334,185786016,116024810,1073548,771,0,0
C023564,5290071,63480852,2556019,30672228,513848578,58582414,41641438,542209,836,0,0
C023565,3233460,38801520,2184949,26219388,56387057,65558663,38144890,380689,725,0,0
C023566,4122993,49475916,2351841,28222092,692662824,41808223,26461406,320802,696,0,0
C023567,4860164,58321968,2936335,35236020,182821458,123618423,101807879,711078,785,0,0
C023568,5475832,65709984,5469406,65632872,526450521,165288206,124116907,946096,630,3,1
C023569,7911968,94943616,4124976,49499712,116627409,67745026,64786374,486902,826,0,1
C023570,3238155,38857860,2034911,24418932,544010040,39981912,30242677,273580,950,0,0
C023571,2778887,33346644,1594628,19135536,219064893,25230382,6340450,205155,871,0,0
C023572,2716749,32600988,1254551,15054612,30579496,41514250,33867201,287256,754,0,0
C023573,3471301,41655612,1637843,19654116,121233087,37547626,37547626,353820,761,0,0
C023574,2029258,24351096,1653044,19836528,142716576,36114327,24799549,293242,651,1,0
C023575,2096935,25163220,1245919,14951028,39081745,27315242,21058765,178081,945,0,0
C023576,3490702,41888424,2221177,26654124,525760640,73468467,66939294,447887,715,0,0
C023577,3189612,38275344,1980912,23770944,157204025,48453131,24036735,424710,751,0,0
C023578,2668814,32025768,1966142,23593704,45295861,48093763,44687929,504096,754,0,0
C023579,6236984,74843808,2536928,30443136,192958309,104387295,73274120,769933,689,1,0
C023580,4760696,57128352,2575215,30902580,185542458,45348597,32284530,496227,813,0,0
C023581,2770167,33242004,1171517,14058204,138202952,21417956,14720762,259754,739,0,0
C023582,8823247,105878964,5079261,60951132,589297605,188640840,140894461,1257307,770,0,0
C023583,10305844,123670128,7847536,94170432,497159492,169529158,147451505,1627737,802,0,0
C023584,2887138,34645656,1591960,19103520,44021674,17839209,17839209,175696,815,0,0
C023585,4496940,53963280,2213787,26565444,152666718,82371291,65286622,553387,672,0,0
C023586,4947403,59368836,3351091,40213092,213708873,19564662,18585315,193152,674,0,0
C023587,5059221,60710652,4844812,58137744,125589987,103516990,78845082,903578,603,2,1
C023588,8524763,102297156,5617167,67406004,214173583,102964326,102964326,1352027,778,0,0
C023589,2173759,26085108,1220468,14645616,365191512,35475755,28587223,135879,751,0,0
C023590,2956533,35478396,1228100,14737200,129548596,18468013,13482882,59131,752,1,0
C023591,5272389,63268668,3226358,38716296,226903828,100910914,89920894,996899,768,0,0
C023592,9179053,110148636,4055914,48670968,1274312724,94871660,88635400,927396,813,0,0
C023593,4822719,57872628,3523281,42279372,250945884,57740822,33551662,560092,742,0,0
C023594,2668106,32017272,1360034,16320408,191970153,132942630,120396514,754618,742,0,1
C023595,2100325,25203900,1477211,17726532,43954270,30836040,29711362,299474,808,0,0
C023596,2356075,28272900,1420193,17042316,75112905,54993177,34660784,431019,717,0,0
C023597,7020312,84243744,4771329,57255948,373155451,58750758,30672210,418651,885,0,0
C023598,2871833,34461996,873930,10487160,219951887,19095970,14554014,57437,787,0,0
C023599,4054800,48657600,2526443,30317316,139321496,94428851,87690660,1223702,662,0,1
C023600,3020680,36248160,1258207,15098484,185079100,41323887,41323887,536685,864,0,0
C023601,3972623,47671476,2108654,25303848,263768929,27617877,17182801,368304,786,0,0
C023602,2874755,34497060,1378689,16544268,147175127,61808126,56495849,338954,821,0,0
C023603,4097426,49169112,2773621,33283452,494939713,40896823,23114136,250202,873,0,0
C023604,2780172,33362064,1317359,15808308,138506684,58808320,49085588,325196,801,0,0
C023605,2714640,32575680,1047627,12571524,48055169,29158061,10142732,281743,822,0,0
C023606,2103652,25243824,1082214,12986568,152114678,21602694,21602694,247621,758,0,1
C023607,4733094,56797128,3015625,36187500,291781711,64872320,57520292,273664,722,0,0
C023608,3567015,42804180,2010123,24121476,122879277,174574072,165597321,1025603,781,0,1
C023609,2665219,31982628,1966653,23599836,70460923,32872065,31667798,309353,834,0,0
C023610,3116141,37393692,1927418,23129016,142252272,29323582,19352963,62323,811,0,0
C023611,5716264,68595168,3370086,40441032,518402757,126943345,104610424,1002269,707,0,0
C023612,3134185,37610220,2548602,30583224,112311089,33222774,28502896,284810,714,0,0
C023613,6952065,83424780,5302676,63632112,232408590,122124336,97026257,697854,708,0,1
C023614,3404560,40854720,1708982,20507784,236647069,35615913,24083511,230307,836,0,1
C023615,6817018,81804216,4349687,52196244,1145259024,103694253,75618532,786315,831,0,0
C023616,4617386,55408632,2617811,31413732,83898199,51851666,51851666,463964,821,0,0
C023617,7948075,95376900,3981709,47780508,158253556,273571412,269144130,1815443,795,0,0
C023618,3052492,36629904,1679688,20156256,160688958,25770987,18944091,249567,795,0,0
C023619,3972367,47668404,2440588,29287056,167502054,57520404,53955626,475939,837,0,0
C023620,2293953,27527436,1648427,19781124,130103031,6149238,4977779,191975,772,0,0
C023621,2548381,30580572,1084067,13008804,135747200,31114712,31114712,196206,864,0,0
C023622,3020311,36243732,1916617,22999404,318739380,41661738,27511840,228107,871,0,0
C023623,4395065,52740780,2846124,34153488,252071968,21652754,20967200,274824,872,0,0
C023624,3647141,43765692,2093829,25125948,515141683,63916926,63916926,495656,725,0,1
C023625,4968952,59627424,2965213,35582556,121781782,93046563,55731202,499905,639,1,1
C023626,3839794,46077528,2552001,30624012,88339751,56937671,38953159,437637,814,0,0
C023627,5479913,65758956,2049358,24592296,118040104,45989685,36864749,770950,772,0,0
C023628,6107838,73294056,2736335,32836020,42213736,112034376,98850092,928668,776,1,0
C023629,6270576,75246912,3691652,44299824,256425505,101476405,78624451,231696,851,0,0
C023630,3696370,44356440,2268773,27225276,202623162,54367051,41772480,376079,726,0,0
C023631,3335230,40022760,1754646,21055752,139138741,41063338,30640541,369421,871,1,0
C023632,2972151,35665812,1731837,20782044,107406148,39546214,32492131,364223,731,0,0
C023633,2375778,28509336,1947403,23368836,55274723,41415459,32932330,448599,714,1,1
C023634,4485591,53827092,2076480,24917760,58326974,32404298,32404298,557079,755,0,0
C023635,6514775,78177300,2989281,35871372,441604667,59192149,59192149,770200,863,0,0
C023636,5363868,64366416,2564643,30775716,193810302,82315436,69782863,433961,742,0,0
C023637,3859467,46313604,2091381,25096572,62426253,35320672,24144654,96868,809,0,0
C023638,3033191,36398292,2730366,32764392,31588086,98605518,78597546,542992,683,0,0
C023639,5862987,70355844,3120783,37449396,142474995,136850726,135649100,990086,755,1,0
C023640,6748102,80977224,4133398,49600776,185826276,148523595,111695278,1064794,687,1,1
C023641,2389787,28677444,1583429,19001148,221685902,17320097,10064422,169053,797,0,0
C023642,3684340,44212080,1913242,22958904,156430649,34735048,32968275,372717,844,0,0
C023643,5201625,62419500,3317496,39809952,96501050,36652017,36652017,569785,788,0,0
C023644,4051604,48619248,3281662,39379944,129310109,52959792,45531202,817473,772,1,0
C023645,3612806,43353672,1640328,19683936,189291157,37677249,23557350,158323,864,0,0
C023646,2689099,32269188,1603138,19237656,110679476,65037766,59803465,323558,712,0,0
C023647,6543784,78525408,1702100,20425200,365233420,80892043,58119727,1027674,768,0,0
C023648,4102481,49229772,2874743,34496916,110896350,38651198,26443834,434007,847,0,0
C023649,4249352,50992224,1824607,21895284,355812876,40223504,30291314,483102,753,0,0
C023650,4693166,56317992,2664866,31978392,317457328,81272048,73244175,425014,771,0,0
C023651,7375320,88503840,5582085,66985020,567425926,56479111,40999020,705651,765,0,0
C023652,2829153,33949836,1767533,21210396,190538575,39233812,39108204,185440,776,0,0
C023653,2189569,26274828,1247697,14972364,80685858,10485265,10485265,138799,836,0,0
C023654,3557024,42684288,1343564,16122768,58343588,63103378,41480466,370230,754,0,0
C023655,4531897,54382764,2351997,28223964,520368457,85586588,62250298,286580,735,0,1
C023656,4479010,53748120,2054981,24659772,651055570,53723749,42377136,647038,780,0,1
C023657,5509545,66114540,3316035,39792420,288794004,49856674,49856674,682198,851,1,0
C023658,2941381,35296572,1712564,20550768,204098978,26594068,26594068,331604,691,0,0
C023659,5180820,62169840,3431449,41177388,427757242,51071662,23124867,318083,823,0,0
C023660,3396511,40758132,2402904,28834848,146234065,43469724,30713814,368107,824,0,0
C023661,3103716,37244592,2017855,24214260,104712805,126396325,114759231,857888,784,0,0
C023662,3419327,41031924,2127006,25524072,366113698,32508123,32508123,310616,795,0,0
C023663,2993941,35927292,2113228,25358736,32648582,44701078,31190022,390339,768,1,0
C023664,3891124,46693488,1986178,23834136,103782659,35269917,22551981,191956,823,0,0
C023665,9816993,117803916,4295811,51549732,1649254824,230210590,183611028,2016669,701,0,1
C023666,4708912,56506944,3159188,37910256,230568592,73932271,66567098,369906,681,0,0
C023667,3153493,37841916,1960285,23523420,65967879,66201049,54768736,464132,842,0,0
C023668,2555133,30661596,1858169,22298028,99666029,17351457,13173032,132466,808,0,0
C023669,3125756,37509072,1299528,15594336,57849942,17115643,6681417,62515,791,0,0
C023670,3710123,44521476,1527818,18333816,125325912,84250847,56390010,474286,783,0,0
C023671,3426102,41113224,1281555,15378660,114910335,36739228,36739228,119904,791,0,0
C023672,3544613,42535356,1866739,22400868,367220008,41308912,28973829,70892,798,0,0
C023673,4497836,53974032,3511361,42136332,107505884,50004554,44181966,359127,689,0,0
C023674,3281831,39381972,1393311,16719732,68847737,20899307,17643731,76460,753,1,0
C023675,5097083,61164996,2505677,30068124,200004637,90085172,90085172,1032093,732,1,0
C023676,5481231,65774772,4699141,56389692,920846808,55093641,55093641,704692,683,0,0
C023677,5951516,71418192,4940091,59281092,608331326,78019830,29533827,877622,697,1,0
C023678,2750674,33008088,1697571,20370852,26770795,34192784,29731796,463531,700,0,0
C023679,2433502,29202024,2256797,27081564,81267599,54183667,38387964,431660,756,0,0
C023680,9340135,112081620,5792407,69508884,353036411,70149591,60796946,507073,876,0,0
C023681,5676290,68115480,3751622,45019464,136460068,133191747,106816891,1258293,760,0,0
C023682,4065927,48791124,2028418,24341016,121567551,17328691,12180077,250433,752,0,0
C023683,2762700,33152400,1779530,21354360,73032061,35834594,29386718,392466,706,2,0
C023684,3786589,45439068,1441415,17296980,104984852,88975982,84041860,734794,790,1,0
C023685,2108699,25304388,1357305,16287660,97798669,16010648,7598108,50000,830,0,0
C023686,2053317,24639804,960631,11527572,161782664,14560418,10197399,180921,777,0,0
C023687,2425989,29111868,1359709,16316508,47649597,26283232,14645146,85374,799,0,0
C023688,7568382,90820584,2984599,35815188,582445908,69392712,35056615,965742,711,1,0
C023689,1800000,21600000,1023781,12285372,160053624,58925373,54306404,429085,795,0,0
C023690,9020567,108246804,3769803,45237636,632811101,193468229,153694744,983392,744,0,0
C023691,2592136,31105632,1686191,20234292,56991412,21571176,21571176,134436,845,0,0
C023692,3785246,45422952,1914619,22975428,452444134,83434719,80058931,524638,781,0,0
C023693,3286187,39434244,2074243,24890916,359450042,25994900,21201796,276977,699,0,0
C023694,1800000,21600000,1379902,16558824,21187722,38428136,21628711,244285,630,0,1
C023695,3946318,47355816,3315898,39790776,94669936,41586166,37322063,513475,745,1,0
C023696,3651575,43818900,1882047,22584564,152525801,63402763,63402763,398736,835,0,0
C023697,2228966,26747592,1231920,14783040,98271514,56855639,52605400,443069,772,0,0
C023698,2341610,28099320,1035328,12423936,120449226,43414417,32564127,353997,703,0,0
C023699,2382847,28594164,1253430,15041160,149671032,21139290,7193952,74547,780,0,0
C023700,3777281,45327372,1877181,22526172,105688703,106601522,103836409,938119,738,1,1
C023701,5930442,71165304,3757583,45090996,335681861,80311197,53679170,748663,677,1,0
C023702,4404828,52857936,1101207,13214484,301475365,18857969,18857969,254559,722,0,0
C023703,4665984,55991808,3021045,36252540,398575412,78267224,59514472,769054,716,0,0
C023704,5444170,65330040,3507340,42088080,201991461,81534078,64119407,444145,826,0,1
C023705,3666702,44000424,2313753,27765036,164202792,65032697,60355674,566564,744,0,0
C023706,4881135,58573620,3538031,42456372,312828615,68269349,48596793,486185,828,0,0
C023707,4825922,57911064,2642500,31710000,567811153,51912207,49724389,463338,679,0,0
C023708,4522653,54271836,4286792,51441504,129433480,129608435,95471816,884471,602,1,0
C023709,2631595,31579140,1794960,21539520,90292461,12888408,12888408,92496,888,0,0
C023710,2762437,33149244,1058404,12700848,403561720,26561965,16508397,205309,850,0,0
C023711,3756447,45077364,2589190,31070280,125142147,11743492,11743492,115501,726,0,0
C023712,4316876,51802512,1838453,22061436,725235168,71164693,43273726,637082,808,0,0
C023713,3587350,43048200,2039034,24468408,97356485,19415207,19415207,219117,854,0,0
C023714,3054229,36650748,1307295,15687540,160346263,26665100,14831280,132201,815,0,0
C023715,2590797,31089564,998842,11986104,208437175,35792008,25618787,328214,851,0,0
C023716,1875746,22508952,1080833,12969996,42861040,19163122,16924755,90307,837,0,0
C023717,8113643,97363716,4137891,49654692,336113553,135577514,84476238,1058477,726,0,0
C023718,2364643,28375716,1239452,14873424,116856906,28511565,28424836,268356,773,0,0
C023719,4173646,50083752,1802152,21625824,323389539,19041813,19041813,245339,811,0,0
C023720,3021840,36262080,1980780,23769360,170005152,113365845,106619989,859669,645,0,1
C023721,5751824,69021888,1824139,21889668,104165654,22686598,22308681,115036,821,0,0
C023722,4350322,52203864,2338651,28063812,211530135,125194248,94076853,756926,785,0,0
C023723,2455575,29466900,1310148,15721776,61359131,55043685,40487316,309298,741,0,0
C023724,5925955,71111460,5247969,62975628,171234980,111704256,73262185,580400,725,0,0
C023725,2948594,35383128,1967210,23606520,134171470,168120383,156509804,924583,669,2,1
C023726,4819021,57828252,3507838,42094056,287665871,86385730,86385730,987818,777,0,0
C023727,2840785,34089420,977468,11729616,75121755,45589602,28803025,466720,831,0,0
C023728,3815110,45781320,1930556,23166672,164979951,32946738,32946738,507595,816,0,0
C023729,5285133,63421596,2989322,35871864,411494952,143191779,143191779,1134391,884,0,0
C023730,2229800,26757600,1305936,15671232,141792400,21701248,18544340,164600,790,0,0
C023731,4948324,59379888,3690097,44281164,222118701,49247665,36951838,209410,753,0,0
C023732,4624134,55489608,3404551,40854612,118174730,56806113,49636033,249455,729,0,0
C023733,3078931,36947172,2605568,31266816,85610720,68698794,47827156,488772,677,1,1
C023734,2144107,25729284,1245475,14945700,22702664,56581084,56581084,275918,778,0,0
C023735,5900948,70811376,3675270,44103240,374456375,93538855,58198334,725321,771,0,0
C023736,6143426,73721112,2677397,32128764,397929826,253348450,240002506,2151885,595,1,0
C023737,1800000,21600000,651373,7816476,74040281,16580737,12163100,130496,731,0,0
C023738,5806161,69673932,2848857,34186284,339853322,51970396,51970396,637575,778,0,0
C023739,1971550,23658600,1443447,17321364,66300923,16187896,10564553,196409,719,0,0
C023740,8450661,101407932,4852957,58235484,391544397,48608191,47482879,1087796,865,0,0
C023741,4819964,57839568,2845167,34142004,100819555,51004957,28983617,224055,799,0,0
C023742,7331200,87974400,4527539,54330468,110229540,38460498,13899385,262740,815,0,0
C023743,2582231,30986772,996168,11954016,186302374,61071862,58560285,525412,857,0,0
C023744,5127560,61530720,1976285,23715420,196470981,57411142,32079470,529834,826,0,0
C023745,7034847,84418164,4396966,52763592,481823653,50974802,30932263,140697,820,1,0
C023746,5339797,64077564,2851019,34212228,462272081,51822972,33892290,317215,772,0,0
C023747,3441306,41295672,1569163,18829956,70034415,31265813,18393811,135699,805,0,0
C023748,3311425,39737100,2913263,34959156,211902155,81853541,63019032,469690,623,1,0
C023749,1800000,21600000,1458730,17504760,153461246,17566100,12175753,365885,726,0,1
C023750,2241869,26902428,1519143,18229716,159185804,39031199,34379500,248528,747,0,0
C023751,1800000,21600000,1416743,17000916,124531718,20272573,20272573,185693,766,0,0
C023752,2921414,35056968,1644030,19728360,205011936,24175622,15520240,152733,692,2,0
C023753,6936406,83236872,4990130,59881560,72916873,65669300,43039066,336552,796,0,0
C023754,3286802,39441624,1864520,22374240,99994629,26120869,26120869,291951,854,0,0
C023755,3858952,46307424,2956107,35473284,196642457,69591826,63600199,433731,714,1,0
C023756,1800000,21600000,1185996,14231952,67241429,29131154,25327461,163160,864,0,0
C023757,5762346,69148152,4484073,53808876,954092517,94557521,64072753,698705,783,0,0
C023758,7131106,85573272,4520614,54247368,702297684,282838741,231927749,1539210,651,0,0
C023759,5410327,64923924,2438482,29261784,272603249,47847770,12915588,190500,855,0,0
C023760,4568054,54816648,2557337,30688044,108950198,100200656,94671765,661550,842,0,0
C023761,4551465,54617580,1696865,20362380,324603986,32244447,32244447,462152,865,0,0
C023762,2441824,29301888,1525574,18306888,219201397,27467574,21303196,391260,738,0,0
C023763,4569038,54828456,2593265,31119180,235243989,36317238,18104527,197556,720,0,0
C023764,3702295,44427540,2115551,25386612,52187866,84107899,84107899,677170,745,0,0
C023765,3950360,47404320,2196073,26352876,176880831,112090036,87661656,743058,796,0,0
C023766,4873583,58482996,2369031,28428372,195738710,93237142,71343645,509715,820,0,0
C023767,3471184,41654208,2269974,27239688,413487670,55418295,44977538,601148,774,0,1
C023768,5602304,67227648,3139831,37677972,202354454,21436167,21436167,381730,800,0,0
C023769,2633165,31597980,1646745,19760940,264803527,33178463,33178463,311578,808,0,0
C023770,2847782,34173384,1707576,20490912,112598071,90178351,83370982,652834,817,0,0
C023771,4161119,49933428,3075515,36906180,128484731,40778567,31245279,612050,716,0,0
C023772,3133321,37599852,2246716,26960592,258926649,24032710,24032710,178118,779,0,0
C023773,8050115,96601380,3253551,39042612,210434897,188729114,188729114,1478552,761,0,0
C023774,5302435,63629220,3540848,42490176,330761003,19548674,19548674,578488,749,0,0
C023775,3293443,39521316,1750354,21004248,81533934,55856377,55856377,403384,881,1,0
C023776,4712230,56546760,1730167,20762004,315723221,43048017,33896114,604850,782,0,0
C023777,4122705,49472460,1697190,20366280,66558644,59594475,51801238,534200,727,1,0
C023778,3319099,39829188,2629397,31552764,72557069,42733815,38420645,496707,695,2,0
C023779,6704100,80449200,4748201,56978412,312480835,77717694,67705229,1325997,818,0,0
C023780,4253854,51046248,2240807,26889684,130481817,105900792,92241452,733252,757,0,0
C023781,4342048,52104576,1691133,20293596,179496975,26960054,26960054,391993,760,1,0
C023782,3681952,44183424,1856937,22283244,112419895,58858564,56491313,217039,804,0,0
C023783,6623926,79487112,4182715,50192580,274803952,83242015,35313102,609407,731,0,0
C023784,2575145,30901740,839156,10069872,73410743,39137210,30368647,480990,795,0,0
C023785,1800000,21600000,997818,11973816,193931016,8339824,7190862,55365,741,2,0
C023786,2259096,27109152,1821510,21858120,27412384,21682816,21507226,235980,908,0,0
C023787,5041258,60495096,3345979,40151748,318581210,101387806,62455759,550563,737,0,0
C023788,5035934,60431208,3729978,44759736,125316930,127336080,97504805,1230954,658,0,0
C023789,3189663,38275956,1579098,18949176,270229262,9775028,9775028,291669,758,0,0
C023790,1800000,21600000,1241647,14899764,94016278,23334189,20981969,216453,808,0,0
C023791,3644008,43728096,1840048,22080576,293012385,26045550,22400327,301006,882,0,0
C023792,6812432,81749184,3991765,47901180,720902128,86931444,53977344,394102,842,0,0
C023793,4256450,51077400,2612407,31348884,72844716,39707632,20466459,505763,851,0,0
C023794,3065909,36790908,2419208,29030496,80944926,37256271,22574473,329389,676,0,0
C023795,3379605,40555260,1741609,20899308,163665191,28361869,25195642,231273,898,0,0
C023796,1857324,22287888,675873,8110476,76147462,35432460,28026911,266637,836,0,0
C023797,9491079,113892948,3344818,40137816,532102155,59414308,37209509,190325,852,0,0
C023798,1915443,22985316,1266092,15193104,28327870,50328992,41848217,220249,832,0,1
C023799,3289542,39474504,2318942,27827304,190978425,29391689,20491371,65791,861,0,0
C023800,3437423,41249076,2195242,26342904,84351585,39426723,39426723,197879,769,0,0
C023801,4813487,57761844,3687735,44252820,561357466,164335151,139155541,893934,750,0,1
C023802,4374439,52493268,3384472,40613664,66943107,19433564,19433564,314667,718,0,0
C023803,2668012,32016144,1168394,14020728,103857122,16112649,16112649,267647,928,0,0
C023804,3732724,44792688,2675918,32111016,119707509,57979596,57979596,590548,698,0,0
C023805,8141170,97694040,5198070,62376840,69669246,138686922,93844925,906244,760,0,1
C023806,2019213,24230556,1445393,17344716,163933382,33970217,21912354,360107,772,0,0
C023807,6231653,74779836,5069297,60831564,82019558,44615232,44615232,915013,780,0,0
C023808,3164553,37974636,1932521,23190252,42026510,50905096,50905096,516343,795,0,0
C023809,3648306,43779672,2656633,31879596,168308916,27353618,16962612,111656,713,0,0
C023810,3990992,47891904,1733288,20799456,191508742,243191739,215513568,1413937,725,0,0
C023811,2752678,33032136,1662859,19954308,108984648,29645100,22126625,124913,785,0,0
C023812,3482186,41786232,2238461,26861532,95266581,21387935,13370980,69644,801,0,0
C023813,4239664,50875968,2041727,24500724,154371821,77926343,67854026,659886,844,0,0
C023814,1800000,21600000,761678,9140136,35492137,28072372,15553708,148827,741,0,0
C023815,3189800,38277600,1592009,19104108,172335896,24342798,23627969,425668,735,0,0
C023816,5782365,69388380,4065195,48782340,434993850,59195771,56494506,643023,754,0,0
C023817,3291015,39492180,2345344,28144128,392753196,47730398,21588218,425746,728,0,1
C023818,2252726,27032712,1152919,13835028,268863439,21280559,9934617,86593,796,0,0
C023819,4294195,51530340,1917504,23010048,142873892,59538450,54044927,684557,707,0,0
C023820,2607852,31294224,2025228,24302736,53209984,62426309,56993860,347781,761,0,0
C023821,3527391,42328692,2203932,26447184,155002804,37093127,37093127,448534,864,0,0
C023822,7348006,88176072,4628217,55538604,1234465008,286349525,238593301,1919515,846,1,0
C023823,3541730,42500760,1698356,20380272,126784323,25922813,6913898,70835,790,0,0
C023824,3736010,44832120,1548979,18587748,422820178,9529657,9529657,74720,836,0,0
C023825,3522193,42266316,2925551,35106612,194004852,31321426,28620457,272750,727,0,1
C023826,4876250,58515000,3365308,40383696,76593138,47104164,33331327,97525,781,0,0
C023827,7991017,95892204,4003881,48046572,188320677,70975042,35345656,938660,833,0,0
C023828,3366356,40396272,2037235,24446820,93341032,162800993,157574869,1169903,674,0,0
C023829,4469170,53630040,2565812,30789744,151938216,56852402,31165310,314336,815,0,0
C023830,3444720,41336640,2321205,27854460,117142652,27778527,24657040,482903,783,0,0
C023831,4212408,50548896,2615289,31383468,122808110,57302628,36360332,641948,793,0,1
C023832,6273337,75280044,2990956,35891472,600843631,165080096,155666556,1231469,744,0,0
C023833,2450131,29401572,1392323,16707876,61078918,11462949,7995765,50000,942,0,0
C023834,7118806,85425672,3766574,45198888,182509714,76237863,71205562,767321,723,0,0
C023835,2965536,35586432,741384,8896608,355796911,42708073,33333163,273314,697,0,0
C023836,4412344,52948128,3029303,36351636,279494604,92640173,92130051,958737,726,0,0
C023837,3660677,43928124,3025182,36302184,146423164,42131293,22982365,388077,705,0,0
C023838,4878103,58537236,1841155,22093860,57073186,43611479,43611479,570385,780,0,0
C023839,4876138,58513656,3400322,40803864,345252974,23685128,23685128,416079,810,0,0
C023840,1945487,23345844,959058,11508696,19113488,22055350,15208521,136022,799,0,0
C023841,3652120,43825440,2595717,31148604,193834081,89667850,54399915,443092,711,0,0
C023842,5350194,64202328,3617716,43412592,187699867,54988531,49023914,819841,777,0,0
C023843,5440305,65283660,4578327,54939924,288162860,151975038,145251993,1365707,699,0,0
C023844,4601035,55212420,2482386,29788632,63461549,81546480,66170149,689171,812,0,0
C023845,8009527,96114324,5407420,64889040,202762330,112277767,55206485,322456,843,0,0
C023846,2999526,35994312,2176257,26115084,75656707,21091905,15028448,356134,740,0,1
C023847,5970612,71647344,2227830,26733960,173386859,53653888,45389720,393498,789,0,0
C023848,2566755,30801060,1303029,15636348,129510452,83093547,70275487,640224,790,0,0
C023849,6099567,73194804,4012982,48155784,128975532,109766193,71141757,596556,768,0,0
C023850,3222470,38669640,1803372,21640464,349346509,21652819,17800850,79155,809,0,0
C023851,3078883,36946596,2145711,25748532,66178284,26887547,26887547,69882,844,0,0
C023852,4256481,51077772,1801596,21619152,230002050,59534925,35897189,642355,640,1,0
C023853,3533604,42403248,2510883,30130596,593645472,151878611,143126623,869169,702,0,0
C023854,2875823,34509876,1595752,19149024,75553589,27692424,8105821,228475,732,0,0
C023855,7339097,88069164,1834774,22017288,764443798,60621294,16441323,146782,776,1,0
C023856,3905536,46866432,1655973,19871676,89853366,60134740,40074087,323969,822,0,0
C023857,5736816,68841792,2884884,34618608,272223418,54327706,50385438,471968,780,0,0
C023858,3914388,46972656,1688226,20258712,127809879,39276801,35731811,224064,763,0,0
C023859,4252645,51031740,2087291,25047492,92894809,39791528,23151118,539228,773,0,0
C023860,4226857,50722284,2409891,28918692,78382032,111872262,107841147,686010,702,0,0
C023861,2198823,26385876,1165997,13991964,119268950,28960214,21356506,338585,846,0,0
C023862,8278427,99341124,3635458,43625496,377011955,270321259,233767565,1301110,719,0,0
C023863,3205680,38468160,1729967,20759604,84540951,45303203,45303203,438812,834,1,0
C023864,1879608,22555296,1199369,14392428,19820096,64251251,52216386,486004,702,0,0
C023865,2895339,34744068,1695127,20341524,88248097,41541447,29608562,348468,760,0,0
C023866,2688807,32265684,1841463,22097556,112036254,38222219,28275076,175482,792,0,0
C023867,5050928,60611136,3403487,40841844,848555904,67025397,65843796,612296,833,0,0
C023868,2562749,30752988,640687,7688244,10980532,31000271,22528310,184842,840,0,0
C023869,5403079,64836948,2799932,33599184,179851692,85379555,85379555,370070,830,0,0
C023870,5695168,68342016,4481517,53778204,74897091,61639280,61639280,1026463,791,0,0
C023871,4533671,54404052,3570854,42850248,101026027,27596031,27596031,179207,779,0,0
C023872,5019203,60230436,3435025,41220300,506056266,88081123,46380889,502907,725,0,0
C023873,3071927,36863124,2252981,27035772,93733227,45305183,38964987,519985,668,0,0
C023874,3607636,43291632,2160046,25920552,66065231,35559508,35559508,502672,791,0,0
C023875,3677164,44125968,2268444,27221328,265355834,37293187,18580632,73543,818,0,0
C023876,3677698,44132376,2112285,25347420,128456130,38856701,38856701,320047,836,0,0
C023877,4990948,59891376,3550191,42602292,501488925,89915615,63707989,613210,809,1,0
C023878,3105660,37267920,2010395,24124740,94559063,170964816,167705640,1087970,759,0,0
C023879,1979752,23757024,1311719,15740628,62601930,23858992,23858992,342428,860,0,0
C023880,2381709,28580508,1645766,19749192,231854926,16314631,12885978,277522,666,1,0
C023881,3285458,39425496,1835285,22023420,429007449,38718724,25084467,213873,786,0,0
C023882,5629791,67557492,3448876,41386512,193003143,118882057,91550239,882429,751,0,0
C023883,3735289,44823468,1583625,19003500,132529395,36798704,15492552,181287,860,0,0
C023884,4263770,51165240,2684904,32218848,177512819,77081987,58897798,649633,707,1,0
C023885,2247414,26968968,1680363,20164356,245917563,35348714,28062782,380767,741,0,0
C023886,2189744,26276928,1035353,12424236,131466593,14515235,5480786,57016,847,0,0
C023887,5328698,63944376,2496300,29955600,245427147,67387192,45918101,135700,783,0,0
C023888,4019977,48239724,1728781,20745372,220643441,28280381,28280381,239845,790,0,0
C023889,2638283,31659396,1393263,16719156,350324232,20284125,14811720,238081,746,0,1
C023890,1800000,21600000,1121652,13459824,87302386,7319807,4752541,158560,849,0,0
C023891,5553097,66637164,4817301,57807612,201824763,66162570,46390017,843328,796,0,0
C023892,3132207,37586484,1801109,21613308,84211409,70053717,63331490,453893,780,1,0
C023893,5049842,60598104,2823142,33877704,75397136,11025127,11025127,724118,806,0,0
C023894,7352220,88226640,4546168,54554016,110569602,181812866,128482168,1199705,709,0,1
C023895,3879833,46557996,1833140,21997680,651811944,160058067,127157527,967072,711,0,0
C023896,4407968,52895616,3004221,36050652,44291645,88142790,77158399,814084,720,1,0
C023897,4257487,51089844,2339022,28068264,131751758,29311153,17927239,264509,794,0,0
C023898,2288526,27462312,1640023,19680276,91449524,28268819,24142628,181416,726,0,0
C023899,4955146,59461752,2676327,32115924,411004629,29454884,29454884,216013,806,0,0
C023900,4211565,50538780,2344717,28136604,127025299,46586681,28159904,236982,732,0,0
C023901,2724335,32692020,1601437,19217244,155010051,14908734,6953352,132379,716,0,0
C023902,3141403,37696836,2339650,28075800,75738252,28421433,27461661,178664,754,0,0
C023903,4416056,52992672,2862516,34350192,233110917,75288886,54826464,518201,724,0,1
C023904,2487984,29855808,987758,11853096,36447950,5962870,4774635,103259,826,0,1
C023905,3400725,40808700,2706811,32481732,139135247,39687608,39687608,383334,885,0,1
C023906,10761400,129136800,6602458,79229496,214468619,184342122,174376847,1520091,821,0,0
C023907,4521860,54262320,1771883,21262596,39619165,61574761,47938725,504610,785,0,0
C023908,2489936,29879232,1609068,19308816,43698563,23215618,18997709,324036,700,0,1
C023909,5822457,69869484,3188318,38259816,119916221,49182441,49182441,534737,762,0,0
C023910,4909191,58910292,2494789,29937468,218690309,106345923,99069838,697068,737,0,0
C023911,3598991,43187892,2070986,24851832,78810229,58823826,54128546,501470,813,1,0
C023912,4859885,58318620,1732882,20794584,173591338,21612474,21612474,610642,809,0,0
C023913,5585284,67023408,3734086,44809032,112936215,60924294,45800780,700908,800,0,0
C023914,6909509,82914108,5495666,65947992,357454837,158162690,132026913,1342026,716,0,0
C023915,2547988,30575856,1580515,18966180,170774530,9594472,9594472,337896,757,0,0
C023916,2615095,31381140,1753765,21045180,195476638,57688951,41733595,269727,699,0,0
C023917,3878824,46545888,2068050,24816600,44820979,69941823,57368827,292625,798,0,0
C023918,2355482,28265784,998349,11980188,102580123,37041490,21555089,405011,745,0,0
C023919,2861544,34338528,1388060,16656720,136715802,20487777,16793991,57231,840,0,0
C023920,2889703,34676436,1334823,16017876,335236284,71568458,52903637,343425,801,0,0
C023921,2755301,33063612,2028487,24341844,61650070,76542705,67572653,552083,639,0,1
C023922,2808632,33703584,1556263,18675156,99143659,26213962,15113223,372167,696,0,0
C023923,8255438,99065256,5770811,69249732,841490166,48524405,44620856,1045904,707,0,0
C023924,4598149,55177788,2364297,28371564,772489032,118598854,96567062,827006,748,1,0
C023925,4583527,55002324,2132008,25584096,98321843,54097748,52319714,596300,703,0,0
C023926,3110434,37325208,1517173,18206076,179994262,19761238,14251533,193406,845,0,0
C023927,4053208,48638496,3139337,37672044,82717747,57022968,50710643,229993,760,0,0
C023928,7526063,90312756,4286262,51435144,142477981,89600802,65399141,443242,847,0,0
C023929,3036024,36432288,1281656,15379872,117508114,26767901,4443129,127440,781,0,0
C023930,12000000,144000000,8685149,104221788,82681779,428334084,404780191,2767244,754,0,0
C023931,3467515,41610180,1328583,15942996,63242469,41162529,38109531,316454,804,0,0
C023932,3474128,41689536,2494774,29937288,218162950,57147763,32838163,377031,715,0,0
C023933,6082846,72994152,4703334,56440008,191592369,95735513,36940289,664815,724,0,1
C023934,8457237,101486844,3590233,43082796,360106826,117568740,69611329,564115,747,0,0
C023935,3003513,36042156,1102813,13233756,159569957,65948395,56154982,279447,846,0,0
C023936,2407377,28888524,2152766,25833192,36482779,28720772,14080015,124999,766,0,0
C023937,1800000,21600000,1215565,14586780,60696247,79724886,77095857,611590,711,1,0
C023938,6885080,82620960,3621593,43459116,598748761,234198374,225201206,1576936,824,0,0
C023939,4120960,49451520,3368652,40423824,692321280,63045174,63045174,658321,626,0,0
C023940,1800000,21600000,1110648,13327776,45785151,19635321,8337624,211558,749,0,0
C023941,10552355,126628260,7234213,86810556,1335747385,125789485,59705394,345690,737,0,0
C023942,7809547,93714564,4921982,59063784,133047103,93187681,83872118,955810,782,0,0
C023943,4770890,57250680,1863136,22357632,583567443,60993915,58941369,666728,838,0,0
C023944,2752335,33028020,1113969,13367628,270714915,48871917,48871917,604787,750,0,0
C023945,6276727,75320724,4910135,58921620,335073829,125748662,125748662,894482,790,0,0
C023946,3210849,38530188,1810701,21728412,20140096,59024383,51723260,483547,860,0,0
C023947,5156897,61882764,2781719,33380628,105322752,63416935,43124378,535501,822,0,0
C023948,5582891,66994692,3920266,47043192,663839609,97173790,56823321,580928,723,0,0
C023949,3611445,43337340,1218426,14621112,161195426,37955689,34286484,354131,789,0,0
C023950,2478997,29747964,1356697,16280364,125739976,17520288,13021979,50000,831,0,0
C023951,7815031,93780372,5284437,63413244,421326609,107424929,71202780,589485,866,0,0
C023952,3043797,36525564,1922121,23065452,114818966,72071107,51338793,391575,772,0,0
C023953,4258634,51103608,2408513,28902156,211779779,47791036,28917117,299380,911,0,0
C023954,4214188,50570256,2880124,34561488,230791371,61181722,37433603,283332,684,0,0
C023955,5924554,71094648,4833741,58004892,497090732,31853387,28691177,423559,698,1,1
C023956,7876029,94512348,4475436,53705232,426386613,146602927,103437431,515186,810,0,0
C023957,6337074,76044888,3485835,41830020,131395317,26552214,20612459,194748,888,0,0
C023958,5397270,64767240,2078731,24944772,163411279,103076872,73729323,299212,873,0,0
C023959,2989889,35878668,1503671,18044052,175282405,38111815,31416288,161043,750,0,0
C023960,5475795,65709540,2887573,34650876,483515052,38977940,38943591,231191,836,0,0
C023961,4995546,59946552,1971510,23658120,122505977,23307362,20815255,263305,879,0,0
C023962,4587663,55051956,3530332,42363984,678945026,48150256,43881845,357309,809,0,0
C023963,1800000,21600000,960081,11520972,58002754,25101956,16284738,110016,711,0,0
C023964,7327334,87928008,3916238,46994856,362317958,139852387,102945547,780567,872,0,0
C023965,3021088,36253056,1669510,20034120,153979250,31747151,16995116,217951,846,0,0
C023966,4559020,54708240,2023359,24280308,214690251,89231506,66151818,394758,678,0,1
C023967,4254588,51055056,2639298,31671576,125440674,71092168,56677402,793897,621,2,1
C023968,6293904,75526848,3666419,43997028,347749224,61690525,39260944,479438,738,0,0
C023969,8529753,102357036,7550680,90608160,130363956,129912168,107899150,1720967,746,0,1
C023970,6949500,83394000,3424005,41088060,651192629,145231863,128473947,1446764,754,0,0
C023971,1896145,22753740,1104693,13256316,318552360,44688872,37268355,418793,651,0,0
C023972,7348793,88185516,3923495,47081940,1148132365,81741686,81741686,610073,747,1,0
C023973,3965767,47589204,1738755,20865060,290513340,97550211,92391843,614267,863,0,0
C023974,1800000,21600000,501300,6015600,60909955,32499610,26146537,240811,789,0,0
C023975,6962799,83553588,2016874,24202488,395959414,52302737,34115395,166362,805,0,0
C023976,3435985,41231820,1382485,16589820,74654393,19212182,17918386,340542,840,0,0
C023977,3848197,46178364,2714209,32570508,250359051,30548120,23208869,286042,806,1,0
C023978,4320394,51844728,3711961,44543532,150056728,159407326,156666383,1395697,729,1,0
C023979,2442317,29307804,1411727,16940724,90109739,23559875,16627538,220864,755,0,0
C023980,3526116,42313392,1922462,23069544,126395578,128394642,109160673,587044,778,0,0
C023981,9443072,113316864,4398664,52783968,1045601918,65327055,34081300,766121,819,0,0
C023982,2807783,33693396,1875205,22502460,100157772,61374388,42901370,284565,744,0,0
C023983,5947945,71375340,2609000,31308000,540708255,37457635,22999963,148143,764,0,0
C023984,2900494,34805928,1613874,19366488,210019249,39461461,24455115,193857,764,0,0
C023985,4331085,51973020,2916864,35002368,370203739,70652033,58581799,481580,869,0,0
C023986,3609098,43309176,1741101,20893212,359887911,49270260,33779632,119660,826,0,0
C023987,3724038,44688456,1839640,22075680,625638384,55742255,28236730,240247,721,0,0
C023988,2928017,35136204,1747559,20970708,85399118,43278182,33689726,453533,752,0,1
C023989,1935140,23221680,1371971,16463652,43372859,13509393,6221944,224501,726,0,0
C023990,5185880,62230560,3465495,41585940,211415750,73703793,69649593,1018235,694,0,0
C023991,9788775,117465300,6007615,72091380,1233667927,63566260,44656520,675747,794,1,0
C023992,5788003,69456036,2654044,31848528,933706218,59747727,42306813,449146,699,0,0
C023993,3571348,42856176,2288727,27464724,201225671,34385680,18241910,287409,894,0,0
C023994,6332690,75992280,3553476,42641712,821761398,330684626,323502512,2003390,723,0,0
C023995,3873679,46484148,1921375,23056500,221705160,42835442,37651850,205153,891,0,0
C023996,2957268,35487216,970745,11648940,100290741,24364084,11400030,221469,811,0,0
C023997,3520178,42242136,2736748,32840976,126690106,56858430,46880724,464567,791,0,0
C023998,5951511,71418132,3402543,40830516,428839274,42241336,11473480,280667,839,0,0
C023999,2826990,33923880,1152289,13827468,231430530,22795393,11497793,139242,823,0,0
C024000,2320207,27842484,1232336,14788032,148510241,20316831,7692892,95196,803,0,0
C024001,4298822,51585864,2470545,29646540,254795671,41164170,41164170,622661,804,0,0
C024002,4609734,55316808,2279931,27359172,417940697,70634907,58258343,669923,884,0,0
C024003,5704590,68455080,4174757,50097084,134417991,137446277,130917515,986321,749,0,0
C024004,3564607,42775284,2204442,26453304,270370724,42396600,20996849,222988,844,0,0
C024005,5934359,71212308,4575422,54905064,225076197,134069700,110431602,1428160,617,0,1
C024006,3908812,46905744,1835334,22024008,150348313,51473634,51473634,532604,733,0,0
C024007,2585183,31022196,1263438,15161256,41180168,41308278,27880467,321227,839,0,0
C024008,4113951,49367412,2242021,26904252,354356245,66514413,66514413,485659,812,0,0
C024009,3987211,47846532,1713565,20562780,282114501,53392728,43973611,278106,816,0,0
C024010,5942999,71315988,3433784,41205408,199322923,54860423,54860423,406604,820,0,0
C024011,5776530,69318360,3589816,43077792,637495056,33436155,30933564,390126,671,0,0
C024012,3582662,42991944,2528374,30340488,519190446,22446271,13730915,138351,916,0,0
C024013,2764032,33168384,1076880,12922560,202711805,39957065,26444565,203739,804,1,0
C024014,6448723,77384676,3504443,42053316,324051790,24678688,13034656,128974,814,0,0
C024015,2155177,25862124,1506250,18075000,52020405,30738199,17256597,168303,804,0,0
C024016,4031870,48382440,2227998,26735976,232692630,35599198,21054484,139535,737,0,0
C024017,4537926,54455112,1666456,19997472,152199378,10076231,10076231,90759,861,0,0
C024018,5272739,63272868,2102311,25227732,434819959,125275687,84295494,633537,726,0,0
C024019,6971918,83663016,3231040,38772480,471963928,39057002,39057002,697878,850,0,0
C024020,3358636,40303632,1752439,21029268,154966169,39210556,39210556,310679,839,0,0
C024021,3285813,39429756,1869437,22433244,71080529,22339232,13217635,171695,829,0,0
C024022,1997466,23969592,927305,11127660,72088794,20747225,10728365,86663,808,0,0
C024023,3860780,46329360,3243441,38921292,84733739,48655133,42443585,414221,726,0,0
C024024,4175542,50106504,2627743,31532916,106352328,88163241,83745082,1061766,704,0,0
C024025,2543525,30522300,1819345,21832140,113916398,74806873,74806873,360927,746,0,0
C024026,9379672,112556064,7935074,95220888,222613750,118456972,67417602,697037,740,0,0
C024027,3612198,43346376,2334161,28009932,137908893,24836030,23153344,436529,727,0,0
C024028,2609207,31310484,1662633,19951596,103901852,60922740,50741848,385949,826,0,1
C024029,6682657,80191884,4908065,58896780,328245001,144694891,128484023,928706,682,0,1
C024030,6065914,72790968,4073792,48885504,141756707,95048825,77380613,430383,756,1,0
C024031,3873402,46480824,1680160,20161920,226832765,27013762,23051971,428793,750,0,0
C024032,4511528,54138336,2100287,25203444,104056506,66893247,37200600,505962,742,0,0
C024033,3483856,41806272,2460373,29524476,125063555,80824209,65181807,715518,796,1,0
C024034,2967500,35610000,2234566,26814792,139240943,34368261,23913897,233002,735,0,0
C024035,9273206,111278472,6292375,75508500,143930135,50496827,50496827,626867,798,1,0
C024036,4822073,57864876,2746683,32960196,49966998,69218408,58349618,461483,777,0,0
C024037,3395313,40743756,1831897,21982764,93836788,128042058,118031839,874920,840,0,0
C024038,3669642,44035704,1848508,22182096,146601717,35536624,19799680,342355,808,0,0
C024039,4476538,53718456,2799531,33594372,60524550,25155829,25155829,390252,791,0,0
C024040,3895885,46750620,2369879,28438548,224304009,49901723,43962511,536844,827,0,0
C024041,5587448,67049376,2813618,33763416,148728993,20231408,20231408,692409,800,0,0
C024042,5053087,60637044,2198889,26386668,378983460,41218771,41218771,271870,798,0,0
C024043,4773216,57278592,3019919,36239028,109634465,104540066,98395851,772338,789,0,0
C024044,6665951,79991412,3193623,38323476,187671771,108385161,108385161,1207045,856,1,0
C024045,4863211,58358532,4534890,54418680,191669516,51663247,47230179,403201,798,0,0
C024046,4882374,58588488,3056342,36676104,41593719,125135381,114343738,898413,781,0,0
C024047,1867387,22408644,891300,10695600,42196811,26436010,15017508,219319,676,0,0
C024048,2179323,26151876,1334082,16008984,117525517,21495556,11348863,186757,875,0,0
C024049,3366769,40401228,2203718,26444616,126028477,61656182,28998323,233621,751,0,0
C024050,6494562,77934744,4013331,48159972,282021150,117220367,79555812,1143486,747,0,0
C024051,1800000,21600000,852007,10224084,111140705,28093301,18443555,240616,739,0,0
C024052,5899407,70792884,3547364,42568368,670288905,96837069,78739047,676049,881,0,0
C024053,2482541,29790492,1359084,16309008,65149583,60579196,49861014,495405,780,0,0
C024054,5615742,67388904,2161525,25938300,127001166,77939475,77939475,788891,812,0,0
C024055,6282959,75395508,2428819,29145828,125730617,75263500,26700182,478102,741,0,0
C024056,4153353,49840236,2946345,35356140,114928945,38981690,37884249,689367,806,0,0
C024057,8177290,98127480,2259229,27110748,552447942,85796643,85796643,498838,772,0,0
C024058,10155697,121868364,3509380,42112560,296180381,239393988,231105941,1781965,717,0,0
C024059,6212396,74548752,4059062,48708744,208011343,148936826,148936826,1189677,671,0,0
C024060,6271867,75262404,4536418,54437016,546174882,161825483,146384074,1016928,725,1,0
C024061,3841641,46099692,1727077,20724924,88120542,87487425,72719648,454765,759,0,0
C024062,4503434,54041208,3699770,44397240,164553970,99239360,74422035,670214,793,0,0
C024063,9056320,108675840,5505752,66069024,155997562,348771040,332873863,2145989,774,0,0
C024064,3179084,38149008,1913939,22967268,148475475,22039389,19422483,156273,789,0,0
C024065,4329920,51959040,2040574,24486888,306820424,49197009,42948730,182425,837,0,0
C024066,3134494,37613928,2063782,24765384,59211512,62816429,39060983,353890,688,0,1
C024067,3865128,46381536,1599942,19199304,173202547,62334213,53758033,585378,801,0,0
C024068,4999099,59989188,3008297,36099564,597727143,51978196,16828889,376864,757,0,0
C024069,4183539,50202468,2521941,30263292,150385253,83366938,64364155,878941,742,1,0
C024070,7216687,86600244,3577486,42929832,55047863,31154271,20896596,160925,896,0,0
C024071,1800000,21600000,1073750,12885000,79024836,14894931,14894931,180384,765,0,0
C024072,3960474,47525688,2800581,33606972,254476006,66876136,46285825,452496,705,0,0
C024073,2269160,27229920,1042270,12507240,187163585,18599187,18599187,183001,777,0,0
C024074,1800000,21600000,1358715,16304580,12074839,20368022,18262426,171526,739,0,0
C024075,4220251,50643012,1848969,22187628,133020020,18497240,18497240,161211,878,0,0
C024076,3384404,40612848,2259768,27117216,451255066,27309303,16951556,68947,800,0,0
C024077,6807671,81692052,3079004,36948048,68889172,134231093,131670063,952492,904,0,0
C024078,3180296,38163552,1398182,16778184,170440478,14007910,7989191,118514,786,1,0
C024079,9862091,118345092,3966787,47601444,163958288,128375430,46249836,603272,764,0,0
C024080,4082652,48991824,2019094,24229128,201819586,86901016,78668863,447245,806,1,0
C024081,3603829,43245948,1796274,21555288,123552304,28693668,17498228,291855,885,0,0
C024082,3845414,46144968,2132155,25585860,96381497,28565341,28565341,136792,830,0,0
C024083,4154900,49858800,1527420,18329040,252315010,56933780,40601265,387604,871,0,0
C024084,7323512,87882144,3626087,43513044,240239945,78128439,55715851,701454,824,0,0
C024085,3936357,47236284,2325623,27907476,661307976,72817976,47433114,237215,899,0,0
C024086,5549816,66597792,4022279,48267348,284353460,27237678,27237678,357971,751,0,0
C024087,2926941,35123292,1023859,12286308,166792713,18543567,18106002,244605,809,0,0
C024088,3818418,45821016,1531787,18381444,188670937,25526818,17399826,188595,866,0,0
C024089,2731897,32782764,1466498,17597976,109792353,49537090,36445691,392872,753,0,0
C024090,3542600,42511200,1926757,23121084,125632264,44952712,25493925,497240,870,0,0
C024091,11527454,138329448,5250576,63006912,1269873989,156784646,156784646,2197340,862,0,0
C024092,2507099,30085188,1336265,16035180,110165211,46239218,36078834,363318,764,1,0
C024093,2671581,32058972,1497575,17970900,105265967,11609842,7636583,126658,730,0,0
C024094,3641122,43693464,2237653,26851836,611708496,27760257,24034250,286370,807,0,0
C024095,2833032,33996384,1997369,23968428,149863907,36270587,33692658,268940,845,0,0
C024096,3401397,40816764,2605914,31270968,505765744,49149564,42350130,459901,741,0,0
C024097,3995929,47951148,2724543,32694516,206683095,37452949,37452949,293075,803,0,0
C024098,3822367,45868404,3073969,36887628,261582826,73332594,73332594,750732,706,1,0
C024099,4010210,48122520,1993882,23926584,140023096,53945048,43135646,136105,721,0,0
C024100,2064999,24779988,1146124,13753488,124273690,5998863,5998863,62851,814,0,0
C024101,9178935,110147220,4951758,59421096,561741342,99127521,53454640,320690,878,0,0
C024102,4694737,56336844,2890586,34687032,247054361,35017599,35017599,488560,803,0,1
C024103,4839404,58072848,3193469,38321628,95276531,76390309,53011492,308197,812,0,0
C024104,3277415,39328980,2075329,24903948,61750781,26446323,20299063,454513,728,0,0
C024105,3463881,41566572,2344860,28138320,336416426,49724346,36118094,454557,693,0,0
C024106,2726099,32713188,1953498,23441976,363083319,49393977,32410468,397442,799,0,0
C024107,7767842,93214104,4971954,59663448,264797363,148564941,127574858,1123172,823,0,0
C024108,4036295,48435540,1712919,20555028,63209805,18276276,9005891,146423,893,0,0
C024109,3867565,46410780,2163881,25966572,94844757,41162311,30104681,464615,661,1,0
C024110,4295293,51543516,2356744,28280928,158864693,127418033,115386542,595783,832,0,0
C024111,3045092,36541104,2584520,31014240,66248507,37677076,33602573,295769,758,0,0
C024112,2307618,27691416,1543561,18522732,26556816,29655587,14313147,124662,765,0,0
C024113,4750859,57010308,3696150,44353800,124628062,42298133,19365397,243382,872,0,0
C024114,9155250,109863000,6044260,72531120,688314219,162146882,139350033,2048362,803,0,0
C024115,2148440,25781280,1273627,15283524,62263653,14849413,13048105,145056,741,0,0
C024116,4035179,48422148,2792288,33507456,98855134,45869060,22614204,80704,817,0,0
C024117,4754424,57053088,3488231,41858772,424304090,40365997,40365997,564299,849,0,0
C024118,3820987,45851844,2151235,25814820,131801730,33658494,22368753,232134,778,0,0
C024119,2402703,28832436,1443981,17327772,216298552,21000451,21000451,240801,774,0,0
C024120,5049517,60594204,3113222,37358664,160312052,37850869,25034591,504682,763,1,0
C024121,4274059,51288708,2355856,28270272,299528987,40806898,15273608,237688,795,0,0
C024122,6032002,72384024,3465718,41588616,141588077,82646683,72010997,558203,899,0,0
C024123,3584084,43009008,1807771,21693252,60652730,20280803,8494135,165638,877,0,0
C024124,4444548,53334576,3287895,39454740,213796148,84030120,82220371,319300,797,0,0
C024125,9350361,112204332,3590231,43082772,280123310,234684195,215572954,1833026,765,0,0
C024126,4665346,55984152,3672864,44074368,518865946,132489358,123677535,910947,690,1,1
C024127,4123498,49481976,1555655,18667860,85223661,51208250,26091059,380759,870,0,0
C024128,6554570,78654840,3610284,43323408,350557743,12373119,12373119,267119,711,0,0
C024129,3499026,41988312,1553101,18637212,318046887,12697709,12697709,305502,746,0,0
C024130,5174424,62093088,3631287,43575444,320109725,30123254,21880074,629605,793,0,0
C024131,3113945,37367340,1864772,22377264,117391361,84692818,79680897,732057,797,0,0
C024132,4532499,54389988,2250688,27008256,387414400,44849518,37969820,278370,824,0,0
C024133,5106791,61281492,3641846,43702152,106575354,53943339,53943339,440366,839,0,0
C024134,7349285,88191420,4501994,54023928,316943607,44324718,21828429,387300,771,0,0
C024135,1800000,21600000,1199316,14391792,116336401,16307079,12875801,89091,721,0,0
C024136,4999440,59993280,2674433,32093196,401961561,175216673,157884182,1266963,770,0,0
C024137,4389046,52668552,3044987,36539844,359312901,21545712,18187239,259512,823,0,0
C024138,3304059,39648708,2329482,27953784,105962224,12240435,5828888,275525,778,0,0
C024139,8269386,99232632,4658557,55902684,455467603,87229354,48589262,178091,739,0,0
C024140,7859157,94309884,4483878,53806536,326142261,55731575,49907874,618397,831,0,0
C024141,1800000,21600000,1095521,13146252,143533771,51180273,39151470,228515,715,0,0
C024142,4707103,56485236,2300866,27610392,59880916,76776570,60867093,189586,738,0,1
C024143,3855863,46270356,2260474,27125688,76164739,33368370,33368370,194093,786,0,0
C024144,5216229,62594748,3788413,45460956,285035579,91453946,91453946,717393,709,0,0
C024145,7154318,85851816,4813545,57762540,565991253,95183523,54187058,1167359,792,0,0
C024146,3406982,40883784,3074033,36888396,105669679,41576583,25538433,319631,753,0,0
C024147,4477948,53735376,3534114,42409368,259739021,36292922,36292922,703263,778,0,1
C024148,5130434,61565208,2855540,34266480,247400221,159915801,159915801,984447,814,0,0
C024149,3916698,47000376,1671699,20060388,123956275,76954582,76954582,528116,751,0,0
C024150,5437414,65248968,3288382,39460584,276813275,146775525,105550505,899293,774,1,0
C024151,2774337,33292044,1407809,16893708,338326223,84693243,84693243,816296,728,2,1
C024152,3868823,46425876,1125498,13505976,307425052,20512437,20512437,293180,919,0,0
C024153,3868575,46422900,2468004,29616048,70573666,34929473,20834438,386979,868,0,0
C024154,5763945,69167340,4191161,50293932,392368595,60791865,37754350,637498,695,0,0
C024155,3758840,45106080,2519617,30235404,110135340,39100751,29648300,359119,924,0,0
C024156,1800000,21600000,1462625,17551500,80350180,53185719,47929991,490598,711,0,0
C024157,3117335,37408020,1830722,21968664,186294068,43572703,28589004,277496,812,0,0
C024158,2455567,29466804,1200553,14406636,188672017,34344636,29062671,369156,779,0,0
C024159,6815817,81789804,3922481,47069772,318143316,93486239,69115646,136316,732,0,0
C024160,2928973,35147676,1983537,23802444,91043172,46493102,42482267,226352,754,0,0
C024161,3698508,44382096,1711051,20532612,125081599,83606877,83606877,526385,806,0,0
C024162,5794492,69533904,4265470,51185640,450908992,47967204,23957829,220810,786,0,0
C024163,2898689,34784268,1539536,18474432,141558705,38736772,38736772,372789,868,1,0
C024164,3253054,39036648,1532321,18387852,201323688,31496078,26291011,177135,787,0,0
C024165,2839111,34069332,1255045,15060540,103890059,17229878,12399976,261611,729,0,0
C024166,2592252,31107024,1605831,19269972,159633356,36576963,29593149,446543,728,0,0
C024167,4123621,49483452,2419993,29039916,175558398,116402864,107486335,753610,707,0,0
C024168,5993284,71919408,4139525,49674300,62672931,100507737,72592788,695553,832,0,0
C024169,3574592,42895104,2471715,29660580,116220081,12524788,12524788,256415,814,0,0
C024170,2236618,26839416,1340606,16087272,160977297,35802562,24054547,242824,831,0,0
C024171,3885596,46627152,2686137,32233644,203942969,52606167,42123534,616857,715,0,0
C024172,3393210,40718520,2002570,24030840,35756792,35095553,35095553,432073,844,0,0
C024173,5630075,67560900,3982583,47790996,797146306,175326914,173253899,1406690,793,0,0
C024174,4406647,52879764,2749381,32992572,225176123,27034268,27034268,480291,836,0,0
C024175,4568435,54821220,3490923,41891076,115561082,28523613,10345578,91369,767,0,0
C024176,3423012,41076144,855753,10269036,300877331,41743552,41743552,484672,796,0,0
C024177,5251160,63013920,3661191,43934292,83936897,40978991,37478256,800498,774,0,0
C024178,12000000,144000000,5979680,71756160,831128768,163214297,121788363,1297389,878,0,0
C024179,5174443,62093316,3196374,38356488,128274505,57137181,55414809,126124,793,0,0
C024180,2689910,32278920,1508651,18103812,98823562,68071493,68071493,635002,808,0,0
C024181,2132665,25591980,1875098,22501176,136628645,33856365,16192784,135687,788,0,0
C024182,5121565,61458780,3452597,41431164,313801749,15256295,15256295,366995,777,0,0
C024183,3901299,46815588,2012861,24154332,57525896,22294304,13224551,157416,814,0,0
C024184,5153440,61841280,2417318,29007816,433400429,77788328,67627487,1056131,821,0,0
C024185,7850610,94207320,2887276,34647312,634220949,153260060,134395501,1065154,870,0,0
C024186,3105883,37270596,1657572,19890864,87592206,42066913,38090582,616158,700,1,1
C024187,2648317,31779804,1031058,12372696,181731697,22869218,20334882,306804,805,1,0
C024188,3580341,42964092,3083438,37001256,74242245,26324101,15391504,345902,678,0,1
C024189,8495582,101946984,6692129,80305548,365645841,81573360,66228587,169912,823,0,0
C024190,3704127,44449524,2953475,35441700,154856084,35106745,32061659,74083,844,1,0
C024191,6949499,83393988,2526230,30314760,348937806,152642881,138704156,1080870,722,0,0
C024192,4630798,55569576,2207212,26486544,57906706,44934180,14943940,399723,824,0,0
C024193,3699949,44399388,2864596,34375152,264682846,29500266,29500266,449319,809,0,0
C024194,3207192,38486304,1502720,18032640,168209920,83639607,73444463,522873,778,0,0
C024195,3808688,45704256,2148303,25779636,135537651,26876805,17253271,316706,773,0,0
C024196,3072298,36867576,1538463,18461556,133727029,26438211,18744909,291540,679,0,0
C024197,2241135,26893620,1397254,16767048,201777741,37084618,37084618,308576,724,1,0
C024198,2139398,25672776,1231399,14776788,87753869,19221200,19221200,301955,835,0,0
C024199,5962674,71552088,3383348,40600176,556438772,111163766,58187087,591842,717,0,0
C024200,6539101,78469212,3927096,47125152,139459529,32359008,26405338,217690,771,0,1
C024201,5476129,65713548,2413403,28960836,251902370,28073392,28073392,411347,773,0,0
C024202,7207712,86492544,4352066,52224792,201744803,42210320,33907917,413163,852,0,0
C024203,3236536,38838432,2013667,24164004,135003291,41169244,39590210,250891,836,0,0
C024204,3597839,43174068,1294368,15532416,70196584,107534440,98433937,902812,782,0,0
C024205,12000000,144000000,10677748,128132976,415492925,186419803,181991239,1541579,760,0,0
C024206,5305988,63671856,2318117,27817404,139451090,41747610,33718488,605688,850,0,0
C024207,6052171,72626052,3984424,47813088,106824968,255591693,255591693,1325282,770,0,0
C024208,5336334,64036008,4429207,53150484,60680863,48440367,48440367,215829,791,0,0
C024209,3835188,46022256,2492879,29914548,59959806,55869106,35893881,188030,844,0,0
C024210,4183041,50196492,2283349,27400188,152913598,48542837,35878467,336867,838,0,0
C024211,5728518,68742216,3514807,42177684,307648409,130727500,111287375,1046624,707,0,0
C024212,4220397,50644764,4075862,48910344,100619623,27493034,16938037,533443,678,0,1
C024213,2560998,30731976,996470,11957640,58898968,99978268,91696269,551609,725,0,0
C024214,12000000,144000000,5645346,67744152,2000000000,147578730,112828311,1004970,841,0,0
C024215,3995240,47942880,2631498,31577976,113321611,33609560,33609560,494041,703,0,0
C024216,2531851,30382212,1334797,16017564,66746525,90877320,86495477,790643,778,0,1
C024217,3582497,42989964,2768781,33225372,311952118,59838736,33958332,490557,699,2,0
C024218,3242945,38915340,2410027,28920324,147288552,20023760,20023760,353483,807,0,0
C024219,5163083,61956996,3379332,40551984,627865086,199661562,178370341,1365929,740,1,0
C024220,2537481,30449772,1828891,21946692,83774518,31231498,31231498,260472,837,0,0
C024221,4397485,52769820,3021077,36252924,204185237,36798482,31091035,520217,766,0,0
C024222,6923149,83077788,2930271,35163252,466983964,43026965,28757998,397099,860,0,0
C024223,2049397,24592764,1217794,14613528,111161156,14877220,13570132,177448,949,0,0
C024224,3303943,39647316,1535499,18425988,555062424,36446549,36446549,375653,765,0,0
C024225,2437926,29255112,1672437,20069244,409571568,18638275,14827346,143033,763,0,0
C024226,3358808,40305696,1976150,23713800,31642494,25072199,25072199,658560,615,0,0
C024227,2261272,27135264,1256331,15075972,90791513,21671052,21352316,185376,763,0,0
C024228,8480351,101764212,5189696,62276352,179321524,211818469,159453178,1886403,755,0,1
C024229,3837363,46048356,2308080,27696960,367601846,67921270,62447567,558123,872,0,0
C024230,4712383,56548596,3933617,47203404,62294975,64543023,50201454,588031,694,1,1
C024231,4400740,52808880,3329283,39951396,268621909,37387113,27546636,412226,719,0,0
C024232,2441287,29295444,1488006,17856072,37056238,138489324,131829498,994631,665,0,1
C024233,3085018,37020216,2587710,31052520,149698324,12481007,12481007,186330,736,0,0
C024234,1800000,21600000,1233225,14798700,106670282,13048048,6903452,50000,764,0,0
C024235,4744386,56932632,3022686,36272232,148099046,69951452,69951452,611509,835,0,0
C024236,2736878,32842536,1643198,19718376,142158278,16030359,16030359,171844,799,1,0
C024237,4581643,54979716,1865280,22383360,291854345,58343792,58343792,714758,825,1,0
C024238,5535310,66423720,3166424,37997088,374411433,43613021,31926433,735571,672,2,0
C024239,8139324,97671888,4018242,48218904,495983725,122725365,102979674,774057,820,0,0
C024240,4472711,53672532,3262132,39145584,140812109,125333660,99502854,976001,667,1,0
C024241,4631738,55580856,1320437,15845244,198785089,52289952,39428275,277603,793,0,0
C024242,5647173,67766076,2471138,29653656,352362603,38170282,29688304,112943,707,1,0
C024243,4357307,52287684,2757310,33087720,355499016,66954760,66954760,541709,711,0,0
C024244,3256794,39081528,1919576,23034912,67187674,34634218,26795391,398454,682,0,0
C024245,4241113,50893356,2803016,33636192,463331462,32356271,22228231,434486,847,0,0
C024246,5116897,61402764,2639610,31675320,55464632,50810984,50810984,200656,814,0,0
C024247,2554329,30651948,1301166,15613992,49686258,23530824,23530824,239965,926,0,0
C024248,7172304,86067648,5507105,66085260,303592861,70340997,42595595,557678,809,0,0
C024249,6584348,79012176,5126429,61517148,228167457,93855004,55067325,309067,789,0,0
C024250,4577482,54929784,3296230,39554760,263544383,108872719,73735018,871946,731,0,0
C024251,3455859,41470308,2023265,24279180,99744243,86461679,54998871,574066,698,0,0
C024252,5706253,68475036,3448465,41381580,788679671,39612689,17598455,158273,801,1,0
C024253,5493510,65922120,2902758,34833096,240812314,105353354,105353354,944363,694,0,0
C024254,4349588,52195056,1510483,18125796,181480512,42552683,42552683,217793,732,0,0
C024255,4202620,50431440,1848315,22179780,102421513,16669604,16496890,84052,779,0,0
C024256,8123045,97476540,4605475,55265700,180177538,55677264,26275334,742425,718,0,0
C024257,3509870,42118440,1948262,23379144,123700754,37591648,35817896,740287,740,0,0
C024258,5271020,63252240,2775534,33306408,485066941,31681799,31681799,520622,741,0,0
C024259,4524089,54289068,2513864,30166368,305577982,50300664,45131525,243680,827,0,0
C024260,3696863,44362356,1737848,20854176,205266051,42356945,39214048,352688,805,2,0
C024261,3100040,37200480,1371123,16453476,144430008,40966597,27392613,225580,838,0,0
C024262,5704431,68453172,4513028,54156336,148182602,36781767,36781767,670079,863,0,0
C024263,2141734,25700808,1120641,13447692,33134151,82103858,72688720,520689,819,0,0
C024264,1800000,21600000,767044,9204528,54430025,26616258,24981935,281661,762,0,0
C024265,5730364,68764368,3823607,45883284,239557964,150892963,122992854,544707,814,0,0
C024266,3880774,46569288,2297451,27569412,235680357,21053118,15996566,84831,761,1,0
C024267,5271532,63258384,4012848,48154176,147924763,174859301,134316236,1232808,722,1,0
C024268,4599000,55188000,2585544,31026528,278632523,41397830,22088899,430209,785,0,0
C024269,1800000,21600000,779943,9359316,59746707,27295878,21430180,127316,915,0,0
C024270,3804079,45648948,2441767,29301204,301358380,16409938,14593963,355795,827,0,0
C024271,3244588,38935056,1739998,20879976,186129202,80378469,63778352,326367,720,0,0
C024272,5152673,61832076,2132040,25584480,160151475,44875785,44875785,436944,819,0,0
C024273,4190374,50284488,2475383,29704596,61219196,57222246,36689880,415007,746,1,1
C024274,3329168,39950016,2781257,33375084,183506328,40155677,29508878,223835,782,0,0
C024275,5768208,69218496,3768423,45221076,499222018,38915606,27003205,472225,859,0,0
C024276,6157771,73893252,2637719,31652628,809061820,149746923,106563249,876086,715,0,0
C024277,2709303,32511636,1574023,18888276,67041493,35841440,29513341,308575,853,0,0
C024278,4899121,58789452,3274227,39290724,342038207,50963677,50963677,941996,814,0,0
C024279,5771272,69255264,3511913,42142956,213899682,66687464,23005197,418464,765,0,0
C024280,5403324,64839888,2807933,33695196,138724129,48235369,48235369,558473,764,0,0
C024281,2412362,28948344,1404435,16853220,50166788,56174675,42508765,540668,726,0,0
C024282,2117013,25404156,930148,11161776,293108053,29951332,16272742,271773,841,0,0
C024283,4811682,57740184,2168322,26019864,83579561,53547937,36304453,374728,917,0,0
C024284,5217068,62604816,1992157,23905884,201097736,14749581,14666610,104341,770,0,0
C024285,5965005,71580060,3986452,47837424,313638232,164752830,152723813,1014311,676,0,0
C024286,3927224,47126688,1879998,22559976,368081918,17798123,17798123,229900,831,0,0
C024287,3946577,47358924,2393043,28716516,366566114,89375281,73935787,482169,778,0,0
C024288,3558940,42707280,2128693,25544316,343973765,34115195,17267067,206148,738,0,0
C024289,3092036,37104432,1521106,18253272,120534961,75672094,60102339,506846,818,0,0
C024290,1864227,22370724,1076735,12920820,49585934,23812778,11933815,138841,722,0,0
C024291,2990737,35888844,2989912,35878944,200849017,44560893,35895246,552296,667,1,1
C024292,2608717,31304604,1788679,21464148,91467057,28304713,28304713,303412,727,0,0
C024293,7900619,94807428,4926636,59119632,486730332,68113224,36503254,1016727,770,0,0
C024294,6306122,75673464,2931308,35175696,352401771,11225193,8551239,516013,745,0,0
C024295,4014283,48171396,1916949,23003388,114675549,24206413,16383936,113044,802,0,0
C024296,7092922,85115064,5221930,62663160,145003097,46624851,12365043,252353,756,0,0
C024297,3907583,46890996,1643755,19725060,79543814,88153925,70622078,468899,799,0,0
C024298,2881055,34572660,1721786,20661432,162501371,42554672,22071901,142768,838,0,0
C024299,4122416,49468992,3411144,40933728,52823656,88072601,68059916,709940,689,0,0
C024300,5328909,63946908,2354516,28254192,239030254,73858383,54818396,399460,815,0,0
C024301,3895405,46744860,1899499,22793988,30174688,30810885,20980432,123788,763,0,0
C024302,2499883,29998596,1569735,18836820,199738146,12938672,7400910,173906,696,0,0
C024303,2083854,25006248,1207833,14493996,143990550,10129447,8108111,50000,829,0,0
C024304,4061705,48740460,2326739,27920868,76664987,140413381,123397032,798655,767,1,0
C024305,2354845,28258140,1538165,18457980,233103434,23700774,5298136,153312,879,0,0
C024306,3905298,46863576,2780960,33371520,234744071,77683811,61436905,525427,718,2,1
C024307,3862210,46346520,2484326,29811912,117282735,38994688,38994688,389575,880,0,0
C024308,6964661,83575932,4090025,49080300,245079205,219655476,202809448,1346069,750,1,0
C024309,2916342,34996104,1657276,19887312,283696580,55134220,44259083,485225,718,0,0
C024310,2789281,33471372,1898025,22776300,135990873,104923575,94436117,831705,661,1,1
C024311,4249565,50994780,2579499,30953988,110091682,135594090,133534059,1015893,751,0,1
C024312,2651942,31823304,1402180,16826160,358054821,37027794,23703991,155121,815,0,0
C024313,5144692,61736304,3294796,39537552,362284675,53441279,43477332,540173,725,0,0
C024314,1916951,23003412,821625,9859500,155820005,25199740,14887161,207318,817,0,0
C024315,7137526,85650312,5390399,64684788,443643346,70938583,31425207,622466,753,0,0
C024316,3326639,39919668,1698834,20386008,69244713,18143178,6422039,192630,833,0,0
C024317,4775415,57304980,2762742,33152904,173259074,140711095,115682711,1044844,630,1,1
C024318,3329642,39955704,1225364,14704368,441885741,55389084,46983088,541607,757,0,0
C024319,3735957,44831484,2252424,27029088,627640776,31499659,18859889,305257,760,0,0
C024320,4736916,56842992,3281914,39382968,142513748,79840924,54783456,208009,777,1,0
C024321,8761053,105132636,5653795,67845540,562080121,147871265,112575247,1199657,772,0,0
C024322,3679091,44149092,1717107,20605284,73635370,25166867,25166867,354489,892,0,0
C024323,4415609,52987308,3235154,38821848,149579564,89634965,56118282,496914,764,0,1
C024324,5466993,65603916,2534120,30409440,367337965,32888874,24086556,371515,754,0,0
C024325,3753561,45042732,1540481,18485772,123565446,89740732,89740732,632012,778,0,0
C024326,5310718,63728616,1771285,21255420,213180490,57637957,54416935,536978,730,0,0
C024327,5332551,63990612,2882429,34589148,93564791,68042986,59644062,656060,779,0,0
C024328,3550266,42603192,1689489,20273868,246487787,28867579,28867579,156970,784,0,0
C024329,2653846,31846152,1729788,20757456,69721068,43253130,42512156,359803,757,0,0
C024330,1800000,21600000,710853,8530236,76201929,13074514,11607290,70241,852,0,0
C024331,1800000,21600000,1054965,12659580,92423486,5311165,5311165,75880,790,1,1
C024332,3845700,46148400,1319012,15828144,219624764,98441046,86449404,766521,846,0,0
C024333,3629038,43548456,1996803,23961636,198336118,42912418,24067584,401358,864,0,0
C024334,1800000,21600000,556771,6681252,89472303,8007373,8007373,266512,800,0,0
C024335,3502856,42034272,1554623,18655476,588479808,71280254,66899519,349807,718,0,0
C024336,5945373,71344476,2864176,34370112,163218814,47055740,18249958,415674,818,0,0
C024337,3333958,40007496,2013100,24157200,149590419,25350366,15219487,134074,769,0,0
C024338,4525951,54311412,4361688,52340256,67932513,23218773,15642408,119201,735,1,1
C024339,3148498,37781976,1254296,15051552,147650170,29573966,16938862,347715,838,0,0
C024340,3174396,38092752,2573792,30885504,121297772,31410977,16241372,250424,686,1,0
C024341,3241809,38901708,2513664,30163968,91608506,110103525,93405490,847172,658,0,1
C024342,6427982,77135784,4486852,53842224,844070410,100335706,62950939,630217,815,0,0
C024343,2555217,30662604,1773731,21284772,93644564,19130773,19130773,131532,827,0,0
C024344,4662437,55949244,3307123,39685476,61772057,33864672,18374308,146662,831,0,0
C024345,5601098,67213176,3911797,46941564,172879828,111789018,103090884,605813,784,0,0
C024346,5799712,69596544,3786389,45436668,324765658,236244773,213669067,1206448,700,0,1
C024347,6445861,77350332,2405633,28867596,278642353,204543411,157414865,738026,734,0,1
C024348,7575774,90909288,5610272,67323264,482208439,84570407,36208893,714229,707,0,0
C024349,7268643,87223716,4020133,48241596,691515408,59725333,14339693,156214,834,0,0
C024350,2831814,33981768,1333727,16004724,143320991,29904282,17628444,428296,833,0,0
C024351,7528058,90336696,2978596,35743152,371312142,113814204,85379834,772191,835,0,0
C024352,3626544,43518528,1477356,17728272,231337758,79770439,61695186,450205,860,0,0
C024353,3628807,43545684,2704160,32449920,297215915,41970559,37225139,215229,761,0,0
C024354,1956296,23475552,1347206,16166472,151761230,18300662,10174093,50000,756,1,0
C024355,5188066,62256792,2842389,34108668,111574311,85485877,85485877,784364,726,0,0
C024356,8932389,107188668,5201620,62419440,238229331,24854213,24854213,406623,846,0,0
C024357,6343438,76121256,2530604,30367248,486088331,117222740,94044739,1043754,719,0,0
C024358,4773116,57277392,2799348,33592176,148734648,138320511,120534964,1177853,670,0,1
C024359,2859414,34312968,1748134,20977608,46734831,20121487,11249089,263995,812,0,0
C024360,3164367,37972404,2188904,26266848,48282765,80364363,68843195,705896,712,0,1
C024361,4838402,58060824,3628700,43544400,88759025,9491756,9491756,135519,774,0,0
C024362,4612621,55351452,1998737,23984844,774920328,57136863,52261488,485722,772,1,0
C024363,2955560,35466720,2460014,29520168,177984704,6474801,6474801,175888,805,1,1
C024364,5201100,62413200,3474683,41696196,182168077,219703007,197280367,1358039,744,0,0
C024365,3948327,47379924,1826853,21922236,75843370,32709362,13030323,227415,717,0,0
C024366,2507578,30090936,1430512,17166144,119667239,46997844,36550095,52971,831,0,0
C024367,4661620,55939440,2597888,31174656,134146460,112294802,94694207,881239,761,0,1
C024368,5043370,60520440,3289093,39469116,294640680,45725203,30231150,266045,791,0,0
C024369,5760370,69124440,3511772,42141264,214945399,84846458,69151700,480353,739,0,1
C024370,4221758,50661096,1768638,21223656,526019876,32317570,25373787,376163,813,0,0
C024371,4238074,50856888,2669247,32030964,270615517,56538333,37431416,554022,886,0,0
C024372,3786669,45440028,1806042,21672504,237039164,26893622,16830252,614579,704,0,0
C024373,5895347,70744164,3570798,42849576,107272989,178535187,143312565,1068024,693,0,0
C024374,9227729,110732748,6118242,73418904,734653001,162836058,114323703,1320608,698,0,0
C024375,4720245,56642940,2523870,30286440,108220088,134402722,133103872,786626,745,0,0
C024376,2162753,25953036,1232768,14793216,83792999,16155658,8005131,50000,754,0,0
C024377,1885302,22623624,1117033,13404396,79674002,10699100,10699100,201276,778,0,0
C024378,1800000,21600000,801499,9617988,64734972,43794884,29786823,184428,728,0,0
C024379,4218975,50627700,2745296,32943552,100777846,34821979,23892064,84380,753,1,0
C024380,2332821,27993852,1142407,13708884,81799722,29993748,28575920,340026,833,0,0
C024381,2036996,24443952,1274952,15299424,41912027,27783541,9489569,132541,743,0,0
C024382,2742327,32907924,1498522,17982264,43138871,21945007,14399473,318371,815,0,0
C024383,4408846,52906152,3219565,38634780,69263228,71086871,52546583,524283,840,0,0
C024384,4590679,55088148,2421766,29061192,88251554,46794228,30099648,397558,673,0,0
C024385,3813995,45767940,2297488,27569856,321859749,93009371,77157065,885788,627,1,0
C024386,4164813,49977756,1654891,19858692,118885156,8138236,8138236,172163,761,0,0
C024387,4750948,57011376,2923887,35086644,330990500,106923105,86691700,542247,766,0,1
C024388,5496530,65958360,4036697,48440364,225877880,33770623,27724162,204054,806,0,0
C024389,5657328,67887936,4278090,51337080,228913132,65128794,32403313,581390,574,4,1
C024390,3721356,44656272,2132510,25590120,548805193,28794482,7821268,209241,745,1,0
C024391,2924690,35096280,1936954,23243448,20205505,103563917,97249125,719719,804,0,1
C024392,1800000,21600000,1493003,17916036,50818300,18745869,9459399,193691,789,0,0
C024393,3335222,40022664,1276878,15322536,336239675,41548509,22574908,374283,767,0,1
C024394,2777622,33331464,1916233,22994796,75318206,52834556,52834556,364225,706,0,0
C024395,4504488,54053856,2016719,24200628,433988514,58414355,58414355,400613,748,0,0
C024396,3190238,38282856,2678418,32141016,264774036,30452426,19039440,331063,693,1,0
C024397,9616740,115400880,3702556,44430672,479377265,82842425,57790678,402311,800,0,0
C024398,4723799,56685588,2945546,35346552,253450974,194444469,192132393,1312861,708,0,0
C024399,4414943,52979316,3516562,42198744,32589265,51555881,50144436,504727,768,0,0
C024400,6786868,81442416,4562299,54747588,86457552,70144097,25521401,547373,771,1,0
C024401,1800000,21600000,928941,11147292,106969276,17941116,15646469,207273,720,0,0
C024402,3892670,46712040,1940357,23284284,224915660,108846654,96157335,504460,849,0,0
C024403,3150094,37801128,2685408,32224896,174302921,67753906,67753906,636878,699,2,1
C024404,4865519,58386228,2308057,27696684,257876538,83843353,68839755,431806,862,0,0
C024405,8866411,106396932,5493626,65923512,990033038,40462865,21329283,398233,821,0,0
C024406,4024979,48299748,2489961,29879532,81109251,102747052,92263396,773370,698,0,0
C024407,5677323,68127876,2576010,30912120,155924926,124747703,101753531,532824,809,0,0
C024408,2675412,32104944,1606515,19278180,224613764,80265031,74278695,583879,649,0,1
C024409,3231370,38776440,1886664,22639968,164358450,39779467,27570744,248528,892,0,0
C024410,4450973,53411676,3099226,37190712,207985445,40697869,30887042,374625,710,0,0
C024411,5195463,62345556,4614503,55374036,94985382,56490832,34841591,611112,662,0,0
C024412,5233218,62798616,4941696,59300352,482614044,109679338,94495953,1024973,741,0,0
C024413,5704526,68454312,3818729,45824748,105666985,113554644,76305968,635637,789,0,0
C024414,3566533,42798396,2933952,35207424,179424812,108419059,99347944,733047,704,0,1
C024415,2732851,32794212,933169,11198028,148950736,70677870,70677870,524015,817,0,1
C024416,2982588,35791056,2244903,26938836,252623354,27722734,16220936,280260,779,0,0
C024417,5040508,60486096,2686903,32242836,417438743,76101183,76101183,378935,829,0,0
C024418,4492219,53906628,2145887,25750644,450803936,19834662,8159132,177651,803,0,0
C024419,3393363,40720356,1420576,17046912,42864844,101257105,91866752,757509,741,0,0
C024420,4488119,53857428,3365074,40380888,106615252,95598933,92061297,918529,747,0,0
C024421,5868093,70417116,4057043,48684516,694611913,107633573,74524340,712987,738,0,0
C024422,4926122,59113464,2897806,34773672,96653918,49459482,33742748,530544,740,0,0
C024423,4548127,54577524,2875464,34505568,160891505,38037433,34165959,287210,814,0,0
C024424,6671869,80062428,3851257,46215084,172904580,104770420,104770420,642579,767,0,0
C024425,2731310,32775720,929681,11156172,18106201,37569778,30670996,81093,784,1,0
C024426,2289744,27476928,1213028,14556336,129477712,21882634,14518054,313460,832,0,0
C024427,3229486,38753832,1054883,12658596,32106532,79056521,48892193,382107,680,0,1
C024428,4617356,55408272,1185628,14227536,178748806,36214270,19101740,92347,795,0,0
C024429,4174500,50094000,1838288,22059456,289354376,171791621,169430194,1124210,742,0,0
C024430,1800000,21600000,1014347,12172164,234271711,23126898,17953931,50000,760,0,0
C024431,6338271,76059252,3143736,37724832,997462176,56235471,41094920,355764,704,0,0
C024432,3991718,47900616,2390529,28686348,93027785,54082266,42800496,83701,824,0,0
C024433,5427038,65124456,4457358,53488296,168911905,71914683,71914683,878296,826,0,0
C024434,3468155,41617860,1346692,16160304,173213385,181172287,165698105,1114455,776,0,0
C024435,3151438,37817256,1818816,21825792,257773753,27223179,27223179,456721,885,0,0
C024436,2193491,26321892,1177870,14134440,33661004,27097344,25149563,103872,892,0,0
C024437,3525116,42301392,1979564,23754768,119209127,16660374,12416631,88440,744,0,0
C024438,6474729,77696748,4279877,51358524,207583505,124920782,84781124,691141,746,0,0
C024439,4762977,57155724,2166858,26002296,118636866,116356164,101960171,820274,703,0,0
C024440,4045345,48544140,3168621,38023452,384004826,57200877,52594366,587283,784,0,0
C024441,2062187,24746244,896315,10755780,116820382,37866901,30639586,337725,756,0,0
C024442,2051394,24616728,1135425,13625100,102966431,39235941,28839265,240725,771,0,1
C024443,3957151,47485812,2499870,29998440,492018887,15108263,15031650,417012,751,0,0
C024444,3692343,44308116,2054412,24652944,136682463,40983851,34743892,548132,748,0,0
C024445,2425539,29106468,1535893,18430716,187517625,14357478,9720570,50000,836,0,0
C024446,5622788,67473456,3125682,37508184,551035211,67606523,43037697,491791,863,0,0
C024447,2557131,30685572,1490427,17885124,186588004,21613926,10393964,211598,745,0,0
C024448,2783688,33404256,1826741,21920892,295942811,41870209,34652197,273518,811,0,0
C024449,4775988,57311856,2847867,34174404,381364088,29969649,20659270,95520,780,0,0
C024450,3354476,40253712,1760101,21121212,328438984,53188856,43156720,236121,837,0,0
C024451,2757459,33089508,1302448,15629376,147649041,21603449,21603449,171997,809,0,0
C024452,3539375,42472500,2252456,27029472,68619029,56862255,46030110,500261,736,0,0
C024453,6912458,82949496,3291473,39497676,129625314,61779043,45955996,339136,810,0,0
C024454,1800000,21600000,1382928,16595136,102943953,17078875,11178090,218103,700,0,0
C024455,7171636,86059632,5261762,63141144,241472846,124945732,117491967,1029307,715,0,0
C024456,3662151,43945812,2380176,28562112,224448493,41112963,28846425,536642,815,0,0
C024457,8762057,105144684,5353523,64242276,125755251,267692789,255212782,1258549,778,0,0
C024458,8152687,97832244,4167714,50012568,807528779,138615846,127297643,874182,841,0,0
C024459,2155116,25861392,1335625,16027500,51955283,17406024,17406024,273926,784,0,0
C024460,10039645,120475740,6739952,80879424,912202641,103745911,81457709,882658,821,0,0
C024461,4169120,50029440,4016578,48198936,92115039,152389772,136913776,896314,570,1,1
C024462,3968368,47620416,2689883,32278596,97690608,29044996,25104286,235589,765,0,0
C024463,8266794,99201528,6814543,81774516,101885731,59098147,48315357,538373,813,0,0
C024464,4844622,58135464,2837751,34053012,110703577,43133378,25371435,230784,872,0,0
C024465,4869762,58437144,2691770,32301240,158911125,15305710,15305710,233966,752,0,0
C024466,2945101,35341212,1902572,22830864,246898348,44684868,27745541,234802,860,0,0
C024467,1916754,23001048,794614,9535368,24277011,34372561,27564932,158123,806,0,0
C024468,3107039,37284468,1561683,18740196,322579606,30291873,28542981,287768,801,0,0
C024469,2974323,35691876,1718900,20626800,189992212,65155723,60581894,260096,807,0,0
C024470,6024192,72290304,3597102,43165224,490691921,144028628,144028628,582815,754,0,0
C024471,2907548,34890576,2242556,26910672,209637822,41389058,31051506,86814,772,0,0
C024472,1800000,21600000,991080,11892960,37114343,22151503,8722214,230033,789,0,0
C024473,3252215,39026580,2077603,24931236,287907044,26455816,11787685,293061,825,0,0
C024474,5001356,60016272,2046590,24559080,361582466,51258164,26505855,437680,850,0,0
C024475,8100922,97211064,3914365,46972380,540564042,325782004,282160948,2061331,717,0,0
C024476,2909811,34917732,1771568,21258816,79111334,36537635,17373268,142292,784,0,0
C024477,4784450,57413400,2865897,34390764,97542913,59476954,49507714,634101,794,0,0
C024478,3256940,39083280,2154555,25854660,187115820,32717249,30655523,216154,912,0,0
C024479,5251527,63018324,2441645,29299740,322319544,31735390,17900953,454813,802,0,0
C024480,4578043,54936516,3256054,39072648,166967597,54258097,47858589,611376,665,0,1
C024481,3728154,44737848,3105648,37267776,183478811,47334860,31189541,612947,693,1,0
C024482,2917948,35015376,1391228,16694736,174104303,28909947,19585177,141159,859,0,0
C024483,2774408,33292896,1640689,19688268,172136125,47916049,41601776,341046,795,0,0
C024484,5196310,62355720,3248350,38980200,47224707,119253482,99636867,836951,754,0,0
C024485,4345490,52145880,3106581,37278972,126659258,7954115,7954115,282766,759,0,0
C024486,2419589,29035068,1661321,19935852,28589797,30259632,20684360,322131,700,1,1
C024487,4544477,54533724,2057684,24692208,576975112,18339830,17026730,341777,792,0,0
C024488,5422175,65066100,3398473,40781676,119064537,147075017,125559991,853091,835,1,0
C024489,3130851,37570212,987616,11851392,188255172,43046121,42323911,480774,867,0,0
C024490,4233574,50802888,1583872,19006464,305920528,67834540,61211988,275379,833,0,0
C024491,7934998,95219976,2743455,32921460,289527605,153211765,130988905,1456121,794,0,0
C024492,6124699,73496388,4146488,49757856,227748570,14865042,14865042,122494,807,0,0
C024493,5808151,69697812,4847328,58167936,75135350,84395150,71303587,1068836,673,0,1
C024494,3952132,47425584,2586799,31041588,132894960,49980016,45878103,478391,709,0,0
C024495,6591112,79093344,5896395,70756740,370514905,144791970,106410415,1006496,661,1,0
C024496,3220226,38642712,1334732,16016784,75089705,74099390,52543103,385155,829,1,0
C024497,2977135,35725620,1658428,19901136,257423058,29200631,24523273,281808,809,0,0
C024498,6115115,73381380,4652483,55829796,447888396,85121455,59705514,569960,763,0,0
C024499,2800674,33608088,1674542,20094504,96637479,115188050,111122407,887050,795,0,0
C024500,4049755,48597060,2002787,24033444,47145530,12492009,12492009,460649,843,0,0
C024501,2198852,26386224,1185427,14225124,68164055,40090989,36920977,425728,701,0,0
C024502,7554413,90652956,4039171,48470052,222981993,129832470,84226743,783087,813,0,0
C024503,3194877,38338524,1029457,12353484,71685833,33733960,25192349,364534,820,0,0
C024504,4221901,50662812,2434568,29214816,709279368,39180749,35752863,391199,845,0,0
C024505,8509710,102116520,5234555,62814660,1429631280,79471242,69308309,1288150,670,0,1
C024506,2498788,29985456,1202502,14430024,95215961,134934552,134934552,903271,720,0,0
C024507,3969607,47635284,1896387,22756644,222125592,147676765,147676765,862494,711,0,0
C024508,3973854,47686248,2940105,35281260,180174471,51730958,42152253,324317,781,0,0
C024509,7970957,95651484,5968368,71620416,803436845,39365884,39365884,831824,774,0,0
C024510,3686411,44236932,2031134,24373608,502976154,87418111,64600834,635903,654,0,0
C024511,3869442,46433304,1929254,23151048,372533358,40648356,24412888,192200,788,0,0
C024512,2609603,31315236,1464125,17569500,130568458,22645157,18082073,155082,775,0,0
C024513,5854011,70248132,4447555,53370660,485011823,112877679,87850525,998057,673,0,1
C024514,7529570,90354840,5174238,62090856,172063866,84821720,84821720,1024034,756,0,0
C024515,3087713,37052556,1059296,12711552,62613648,27938379,27938379,298931,750,1,0
C024516,6981558,83778696,4303748,51644976,212318163,126781252,98208495,541021,702,0,0
C024517,6916202,82994424,3163707,37964484,135661605,37285246,30947040,954471,776,0,0
C024518,4489740,53876880,2298292,27579504,261724273,80864361,56241591,496858,721,1,0
C024519,6368527,76422324,3988143,47857716,256955140,191889131,147535741,1187807,815,0,0
C024520,1800000,21600000,1190676,14288112,35318717,4178381,2375028,50000,719,0,0
C024521,4001253,48015036,2793075,33516900,174621332,38708134,20258708,583581,780,0,0
C024522,7042762,84513144,4461822,53541864,100236187,409362814,378063794,2857499,644,2,1
C024523,4339130,52069560,2272966,27275592,166317598,53773348,19959581,525487,610,2,1
C024524,6712713,80552556,5275731,63308772,272099054,107487686,80179812,1025704,703,0,0
C024525,2636034,31632408,1167166,14005992,180265378,30782035,18826529,255411,777,0,1
C024526,2613349,31360188,1205536,14466432,69123658,29038325,28235006,406704,799,0,0
C024527,6186506,74238072,4497063,53964756,193011860,144903457,144903457,827929,746,1,0
C024528,5075362,60904344,2714634,32575608,201191753,40561254,20607654,101507,894,0,0
C024529,3135526,37626312,1324219,15890628,217701319,25683874,15017234,62711,736,0,0
C024530,3259136,39109632,1806198,21674376,112555109,69279780,55321794,647744,705,0,1
C024531,8047892,96574704,3694273,44331276,180169317,116951721,96828973,902408,853,0,0
C024532,4185248,50222976,2180887,26170644,124907154,28122595,21700043,211432,838,0,0
C024533,4301919,51623028,3151151,37813812,391694704,42635140,18862487,226355,760,0,0
C024534,8095392,97144704,3027476,36329712,338732145,69244910,39398545,648496,712,1,0
C024535,4063287,48759444,2524143,30289716,154459020,86158691,80719218,848137,735,1,1
C024536,7973039,95676468,4587242,55046904,137421025,168554736,88148267,159461,805,0,0
C024537,4660033,55920396,3171184,38054208,227019853,101294094,83995823,757983,725,0,0
C024538,3500897,42010764,2572305,30867660,301827884,66779392,66779392,557680,736,0,0
C024539,2968645,35623740,1849701,22196412,93802430,39651322,22724277,361413,770,0,0
C024540,5439001,65268012,4397450,52769400,154112301,33661290,11750482,474488,870,0,0
C024541,8532383,102388596,5230917,62771004,221701115,102919395,102919395,599801,871,0,0
C024542,2773191,33278292,1757248,21086976,268874783,19565854,18696981,105591,758,0,0
C024543,4618777,55425324,2232578,26790936,116766269,47265601,32488520,668673,725,0,0
C024544,7055880,84670560,1763970,21167640,146049805,54936148,34370993,591749,804,0,0
C024545,3597145,43165740,2138545,25662540,124429265,36163345,31197690,293127,801,0,0
C024546,2467510,29610120,1140746,13688952,25578894,17506509,6177075,205583,871,0,0
C024547,2834647,34015764,1311528,15738336,86749372,33572261,22811973,338327,712,0,0
C024548,2704797,32457564,2182900,26194800,124687208,37943283,25821880,260321,781,0,0
C024549,3465541,41586492,2960286,35523432,108266270,25717348,10202340,537321,644,1,0
C024550,5840240,70082880,3760319,45123828,448528188,88486142,79931196,408983,701,1,1
C024551,5847757,70173084,3911835,46942020,194015446,116776951,75915362,755729,706,0,0
C024552,3078995,36947940,978435,11741220,167636067,91338973,88859919,541743,766,0,0
C024553,5189859,62278308,2971025,35652300,63638907,65984727,45770024,376009,831,0,0
C024554,5329322,63951864,3161015,37932180,170616730,87490697,74732311,713791,701,0,0
C024555,4186829,50241948,3817140,45805680,349427049,25669267,12783089,83737,740,0,0
C024556,4070597,48847164,2106502,25278024,201331417,98198474,80641278,889903,727,0,0
C024557,2393322,28719864,1656495,19877940,85631104,29075314,19023725,280301,741,0,0
C024558,4113631,49363572,2403797,28845564,282733383,52276559,40990819,305536,723,0,0
C024559,6159126,73909512,2056940,24683280,317148509,86363478,68202745,319311,841,0,0
C024560,4484605,53815260,2429095,29149140,237648013,15931116,8575379,358465,808,0,0
C024561,3210188,38522256,1686232,20234784,73505588,21010517,11181855,174027,855,0,0
C024562,6755052,81060624,4725937,56711244,490027369,137057575,93085901,780477,666,0,0
C024563,6876336,82516032,3926017,47112204,493865005,90028533,90028533,1002755,808,0,0
C024564,3580617,42967404,2105384,25264608,70774949,19580924,11023805,114073,818,0,0
C024565,2469258,29631096,1838836,22066032,184615683,75069166,66818161,434453,758,0,0
C024566,5706515,68478180,4168721,50024652,163249900,95973210,70701346,892066,701,0,1
C024567,11853549,142242588,8365743,100388916,292766711,370780536,337953259,1893949,768,0,1
C024568,9558379,114700548,6389927,76679124,1394576904,38620208,38620208,523070,790,0,0
C024569,3677209,44126508,2155258,25863096,617771112,61676467,33992283,534036,802,0,0
C024570,4021439,48257268,2785651,33427812,166745402,19956115,17647869,80429,778,0,0
C024571,6889377,82672524,4542588,54511056,598070538,59962727,57699177,808408,718,0,0
C024572,3463552,41562624,1889797,22677564,65592138,36176789,24066111,259220,822,0,0
C024573,6196621,74359452,3528827,42345924,253983347,39934345,14355445,387816,762,0,1
C024574,7379859,88558308,3012332,36147984,305440252,76349544,37778797,662060,796,0,0
C024575,9827255,117927060,7147646,85771752,1291974206,130296954,130296954,1270832,671,0,0
C024576,2414174,28970088,1387216,16646592,42915158,29386837,25501402,232173,873,0,0
C024577,2756715,33080580,1561314,18735768,191491495,29199815,22302942,325286,811,0,0
C024578,3915874,46990488,2023964,24287568,327025149,70983235,54385945,456678,843,0,0
C024579,6108968,73307616,4790564,57486768,536065070,48064169,31070820,462785,774,0,0
C024580,6126888,73522656,4672128,56065536,411762305,88377389,60843120,997574,750,0,0
C024581,7289483,87473796,4612066,55344792,130085967,65796955,45098937,891642,666,1,0
C024582,1800000,21600000,1080517,12966204,72834559,22780425,18717402,285994,831,0,0
C024583,9375475,112505700,3893765,46725180,280017208,85524348,47334140,680772,844,0,0
C024584,2915309,34983708,2138674,25664088,75389887,15296266,15296266,58306,863,0,0
C024585,3005430,36065160,1616674,19400088,322507782,38761493,35571191,435735,722,0,0
C024586,3184914,38218968,1424540,17094480,523633362,27239206,9500497,338302,845,0,0
C024587,7825847,93910164,4919906,59038872,822338623,176282411,131438541,996580,780,0,0
C024588,2942401,35308812,1827952,21935424,224385357,30079893,12618679,289186,739,0,0
C024589,5051914,60622968,1791682,21500184,148895596,38219597,18202051,734246,688,0,0
C024590,5111044,61332528,3457537,41490444,276493435,29982822,20050714,171224,779,0,0
C024591,4153641,49843692,2505423,30065076,418790805,40007642,31290788,431448,859,0,0
C024592,4644275,55731300,2564697,30776364,152601722,39556431,22149379,446185,738,0,0
C024593,4280611,51367332,2915738,34988856,54145997,49126519,45058074,1048802,859,0,0
C024594,5047679,60572148,3651315,43815780,414814123,80896974,54604235,672500,705,0,1
C024595,4928101,59137212,1633490,19601880,317530106,57913927,35531561,376304,704,0,0
C024596,3939376,47272512,2579999,30959988,28194663,54182255,35818903,396869,774,0,0
C024597,5186420,62237040,3377635,40531620,343584641,88389534,66235611,619859,699,0,0
C024598,5307585,63691020,2641088,31693056,241668980,52575762,28689289,441767,791,0,0
C024599,7040548,84486576,4088738,49064856,146892132,32041446,32041446,230122,799,0,0
C024600,6671159,80053908,4568414,54820968,511352715,130136776,117082090,757793,720,0,0
C024601,3550671,42608052,2249433,26993196,243172132,73914581,57808011,390018,798,0,0
C024602,7449521,89394252,4396400,52756800,278683605,48204623,31883974,435604,757,0,0
C024603,6143559,73722708,3854951,46259412,182117064,65685936,61378014,706867,780,0,0
C024604,5383398,64600776,2550489,30605868,317121780,57318221,26366175,429700,721,0,0
C024605,2228828,26745936,1138884,13666608,27701256,7419233,7419233,100558,734,0,0
C024606,7075657,84907884,4139863,49678356,1171477829,125637938,72359451,705967,879,0,0
C024607,7502268,90027216,3629774,43557288,269866040,50742509,43779488,702424,771,0,0
C024608,2789762,33477144,1674407,20092884,61932435,34928596,20923886,405160,800,0,1
C024609,4891777,58701324,2861906,34342872,307855622,156458272,136086206,1049498,813,0,0
C024610,4458593,53503116,3803028,45636336,268516821,85433955,46671087,471455,727,0,1
C024611,7222949,86675388,4464232,53570784,299726151,75075302,41463203,689874,703,0,0
C024612,12000000,144000000,6801049,81612588,673925289,381277223,358536436,3161328,795,0,1
C024613,3575615,42907380,2062653,24751836,64287522,37046760,31901584,391141,702,0,0
C024614,7606695,91280340,3110120,37321440,342748222,51985199,38006214,297352,751,0,0
C024615,8825312,105903744,3799362,45592344,157647765,96329975,70445776,1425578,700,0,0
C024616,1800000,21600000,1094225,13130700,85684441,20490208,10706391,141625,776,0,0
C024617,4796471,57557652,2532794,30393528,249292726,49998466,28049119,411891,753,0,0
C024618,4413503,52962036,2242748,26912976,436040357,135560998,96669025,793941,760,0,0
C024619,2665923,31991076,1418835,17026020,361460633,38496802,31430862,331606,802,0,0
C024620,5007174,60086088,3266400,39196800,198787564,176694337,159685247,1149277,664,0,0
C024621,4537815,54453780,3217723,38612676,436449100,150500564,121475007,732595,674,0,1
C024622,5871241,70454892,3877508,46530096,288828915,80037195,50275306,291079,833,0,0
C024623,3034290,36411480,2166996,26003952,155055246,52373371,45879764,406645,719,0,0
C024624,2271493,27257916,1475581,17706972,61457596,18209749,6053109,189384,873,0,0
C024625,4963007,59556084,2528388,30340656,833785176,43021300,37587510,591833,872,1,0
C024626,3328312,39939744,1454529,17454348,77515318,45745825,25434125,210821,820,0,0
C024627,3097685,37172220,1766147,21193764,444662846,63002239,56749836,365304,858,0,0
C024628,1899937,22799244,1126228,13514736,70135345,9281048,9281048,91279,781,0,0
C024629,7208594,86503128,4883948,58607376,419420586,146091788,101612766,957973,894,0,0
C024630,5263261,63159132,2074772,24897264,74557120,53764103,29010917,214445,750,0,0
C024631,4397491,52769892,2443454,29321448,542196670,24077025,18166661,119263,888,0,0
C024632,3085445,37025340,2163041,25956492,139758686,16498810,16498810,401792,764,0,0
C024633,2862947,34355364,1503940,18047280,145561073,40280734,29698097,262550,854,0,0
C024634,4867659,58411908,3225356,38704272,84460801,36001665,28552227,687581,844,0,0
C024635,4379906,52558872,2480412,29764944,159258463,67246383,55881654,611950,830,0,0
C024636,3116693,37400316,2343684,28124208,264068900,21901444,14518717,308785,746,0,0
C024637,7244019,86928228,4869709,58436508,374873594,70211868,70211868,318239,786,0,0
C024638,9971347,119656164,7395723,88748676,1675186296,70125346,70125346,458797,834,0,0
C024639,3830190,45962280,2065106,24781272,222587180,52761897,40004011,491369,693,1,0
C024640,3793081,45516972,2023071,24276852,521360024,40053104,25708630,463055,811,0,0
C024641,3830893,45970716,2757297,33087564,15404003,35756524,28748340,564272,835,0,0
C024642,3163913,37966956,1919577,23034924,106794525,63250301,48415062,416679,783,0,0
C024643,6248587,74983044,3192923,38315076,173478691,77728608,65122589,697293,805,0,0
C024644,1859435,22313220,900675,10808100,40588576,23571259,11121631,159978,818,0,0
C024645,7135274,85623288,5512325,66147900,245450008,80689562,59257680,788220,798,0,0
C024646,2813642,33763704,1166637,13999644,117058931,22852135,11227818,171801,741,0,0
C024647,1800000,21600000,1010982,12131784,65950722,24554591,16604516,190597,754,0,0
C024648,2385546,28626552,1240659,14887908,214478077,25337408,21011025,236501,787,0,0
C024649,5619231,67430772,3582005,42984060,233319658,49306601,22769069,634373,706,0,0
C024650,4667501,56010012,2694097,32329164,411544950,62006357,50244546,836543,690,1,1
C024651,4672269,56067228,1899039,22788468,310734684,27470334,21663289,381174,813,0,0
C024652,3016764,36201168,1342678,16112136,261100643,42626910,40408222,139645,802,0,0
C024653,4898114,58777368,2566046,30792552,180697888,86537295,59106584,308651,822,0,0
C024654,3426418,41117016,1320574,15846888,144239909,22449498,8111310,68528,805,0,0
C024655,5238213,62858556,3543238,42518856,236489541,42721959,19884192,337233,694,0,0
C024656,3250244,39002928,1782433,21389196,168929724,76835742,64138386,607674,764,1,0
C024657,2403174,28838088,1335359,16024308,144421981,11598487,9539501,173263,844,0,1
C024658,3816257,45795084,2128894,25546728,92296374,18228537,9226884,76325,744,0,0
C024659,4191339,50296068,1597330,19167960,88851898,72990342,51536094,671167,732,1,0
C024660,4060123,48721476,1685454,20225448,240460409,53490567,27230780,275575,861,0,0
C024661,3321089,39853068,3066259,36795108,91279573,35816846,20857783,410669,645,1,0
C024662,6954914,83458968,2732540,32790480,112773925,32317096,32317096,331775,792,0,0
C024663,9601856,115222272,6110334,73324008,604342406,140310557,95220274,1259605,777,0,0
C024664,3032253,36387036,758063,9096756,419268456,26464937,18640801,124736,804,0,0
C024665,2546911,30562932,1594070,19128840,72122647,22743176,12818669,217062,864,0,0
C024666,5876745,70520940,4432030,53184360,199130174,89846676,73234627,633097,747,1,0
C024667,3187162,38245944,2215047,26580564,93335629,28302493,22491893,264830,798,0,0
C024668,6178208,74138496,2573659,30883908,142566994,72834757,58191795,643001,761,0,0
C024669,4067409,48808908,1678963,20147556,239698556,75412698,57836428,399744,851,0,0
C024670,3961525,47538300,2375481,28505772,271124809,57311630,35716855,348528,726,0,0
C024671,5176068,62112816,2847942,34175304,246420980,31714014,21326302,624132,824,0,0
C024672,6970844,83650128,6094728,73136736,1171101792,104659427,104659427,1299000,695,0,1
C024673,2677816,32133792,2258612,27103344,124957012,36347858,27072658,286301,714,0,0
C024674,2398490,28781880,1401923,16823076,29520190,56961696,56961696,481818,850,0,0
C024675,5187656,62251872,3268917,39227004,249235020,76540129,68444109,1081750,724,0,1
C024676,4256723,51080676,3316775,39801300,347873094,88014816,84826060,870400,796,1,0
C024677,6231330,74775960,3858246,46298952,105564597,84828495,71809726,588828,803,1,0
C024678,3877561,46530732,1512279,18147348,157276134,92221094,87072883,830547,733,0,0
C024679,3733671,44804052,2650993,31811916,262692429,48026561,32593294,369713,786,0,0
C024680,4236434,50837208,2518809,30225708,70166973,65195488,33702937,214977,769,0,0
C024681,6750981,81011772,4281297,51375564,258592919,63692725,55077557,644625,737,1,0
C024682,4220566,50646792,2842877,34114524,141610952,80575782,59432898,676991,830,0,0
C024683,5432834,65194008,4423107,53077284,190791515,48167496,24321535,460064,779,0,0
C024684,5211089,62533068,2577828,30933936,166171516,51034897,51034897,500396,698,1,0
C024685,4122650,49471800,3479039,41748468,692605200,24639911,11055493,140159,846,0,0
C024686,7380864,88570368,3614606,43375272,393228578,217994875,216666364,1619653,713,0,0
C024687,2707905,32494860,1306367,15676404,133177961,15890991,11473421,232226,818,0,0
C024688,3464289,41571468,3271606,39259272,130603041,82565997,64020957,523397,696,1,1
C024689,6041597,72499164,4141742,49700904,164643041,29874886,24215373,533467,818,0,0
C024690,1856762,22281144,1340037,16080444,61043640,23138047,16124295,192822,733,0,0
C024691,2380359,28564308,1764569,21174828,110718237,41481380,37410525,407801,737,0,0
C024692,5030760,60369120,4060581,48726972,195737476,49532046,29981084,711279,700,0,0
C024693,3826371,45916452,2919852,35038224,510565760,125215240,97456176,896506,707,1,1
C024694,3348086,40177032,2205516,26466192,40725999,57596407,54401716,356496,768,0,0
C024695,3044309,36531708,2206791,26481492,316520261,71973657,60210456,430990,773,0,0
C024696,7525616,90307392,6367212,76406544,204843411,167709538,136492218,1345692,610,2,1
C024697,7199520,86394240,3337397,40048764,1209519360,40553256,40553256,320559,762,0,0
C024698,4460739,53528868,1511633,18139596,613850923,30589615,25664680,523088,856,0,0
C024699,12000000,144000000,4593397,55120764,390113004,381919520,320085303,1822687,747,0,0
C024700,4195650,50347800,2665236,31982832,184178919,61260779,61260779,645701,892,0,0
C024701,3449115,41389380,1732338,20788056,202353309,50483747,37350722,300767,753,0,0
C024702,3546134,42553608,1433598,17203176,144978886,50987496,28833649,147201,778,0,0
C024703,2772931,33275172,1723666,20683992,126581724,38997147,25411520,112664,841,0,0
C024704,4695013,56340156,2086321,25035852,239420294,50178057,38218647,641644,762,0,0
C024705,4847100,58165200,2796429,33557148,127557087,47960689,35751693,243865,883,0,0
C024706,2343425,28121100,974288,11691456,142846575,34117924,18098888,214174,727,0,0
C024707,3553581,42642972,1871908,22462896,73594013,48587603,43906566,368936,893,0,0
C024708,5598509,67182108,3325925,39911100,155440129,87636423,79561416,564653,787,0,0
C024709,3349598,40195176,1681596,20179152,85894375,13022616,13022616,137617,837,0,0
C024710,4032378,48388536,2224090,26689080,171906846,97351986,97351986,818784,939,0,0
C024711,2519988,30239856,1010767,12129204,358169856,65256858,62547511,420905,795,0,0
C024712,2098752,25185024,1299334,15592008,90702048,11589158,5065652,93328,769,0,0
C024713,2523849,30286188,1545460,18545520,424006632,47825751,38443670,152933,855,0,0
C024714,3790891,45490692,2005869,24070428,203483696,23976255,23976255,139914,769,0,0
C024715,6452179,77426148,3736737,44840844,430255399,136421554,119005260,807504,777,0,0
C024716,4138776,49665312,3133472,37601664,184514969,32085392,25334560,313520,770,0,1
C024717,2618384,31420608,1837120,22045440,176608871,12112767,12112767,126495,851,1,0
C024718,5860682,70328184,3730668,44768016,222545449,79339691,61768573,577374,755,0,0
C024719,4728690,56744280,3317654,39811848,182401696,107504840,101297850,614339,799,0,0
C024720,2656450,31877400,1427401,17128812,145131054,71662146,60544930,667026,694,1,0
C024721,3250150,39001800,1972628,23671536,155060910,59275886,50809880,575686,766,1,0
C024722,5789620,69475440,2638981,31667772,79660538,58227060,58227060,317542,790,0,0
C024723,4402567,52830804,2326209,27914508,116136005,57610912,37421915,143932,889,0,0
C024724,5578031,66936372,3307144,39685728,162645187,50287359,30368531,427939,820,1,0
C024725,2305012,27660144,922561,11070732,81995073,31310106,15421506,376406,818,0,0
C024726,3955572,47466864,2599721,31196652,109329958,65289912,57203341,477517,808,0,0
C024727,2081764,24981168,1319648,15835776,238422744,13778436,13778436,150161,802,0,0
C024728,2421106,29053272,1144744,13736928,166689371,29819355,27093964,258025,779,0,0
C024729,2913358,34960296,1641492,19697904,119065703,43160837,33442709,238674,719,0,0
C024730,4585920,55031040,1458471,17501652,770434560,91972558,91972558,588022,726,0,0
C024731,2833989,34007868,1618836,19426032,145020750,41296686,29560723,66960,829,0,1
C024732,3804499,45653988,2997257,35967084,449059329,58767457,48336461,342076,707,1,0
C024733,1800000,21600000,1120046,13440552,79174090,21487862,17419556,149510,813,0,0
C024734,3557812,42693744,1930951,23171412,125909666,49902464,30683944,327094,825,1,0
C024735,3295087,39541044,1306458,15677496,180700101,70897780,68335579,663241,765,0,1
C024736,5220088,62641056,3428659,41143908,67646497,159444803,139192965,1064788,690,1,1
C024737,1909396,22912752,1118907,13426884,105895046,65608834,61958801,471357,826,0,0
C024738,8099762,97197144,4526344,54316128,573894774,133794557,80527766,940629,882,1,0
C024739,3173053,38076636,2113547,25362564,123665760,20943963,20943963,239377,838,0,0
C024740,2892934,34715208,1778332,21339984,268805491,55311956,55311956,525500,711,0,0
C024741,2843551,34122612,1507632,18091584,142291556,15213624,9670713,233758,730,1,0
C024742,6573040,78876480,3767999,45215988,653385292,154844682,136632737,907723,812,1,0
C024743,2550642,30607704,1056724,12680688,133028820,55530210,36085412,255314,765,0,0
C024744,4925270,59103240,3308906,39706872,286651457,35333004,23947027,416209,800,0,0
C024745,2804681,33656172,1501430,18017160,171389313,52475381,45669230,281033,805,0,0
C024746,5789412,69472944,3350606,40207272,296512094,44871821,20692246,115788,787,0,0
C024747,4327152,51925824,2535028,30420336,146754219,60943372,53341972,337138,715,0,0
C024748,3815391,45784692,1918385,23020620,640985688,42189478,28596913,625444,760,1,0
C024749,2789303,33471636,1673585,20083020,228241825,28549024,8425436,296753,781,0,0
C024750,4991997,59903964,3259412,39112944,272646447,79141723,75361926,618984,703,0,1
C024751,4275941,51311292,3232859,38794308,125754152,74475594,51451459,727234,653,1,0
C024752,2261707,27140484,1130856,13570272,185055345,26143131,26143131,141518,777,0,0
C024753,7891875,94702500,4002976,48035712,786548616,60666904,21517488,461695,874,0,0
C024754,4837386,58048632,2281478,27377736,111078515,66495777,53215757,427773,761,0,0
C024755,3048887,36586644,2514044,30168528,182826235,31901523,19292265,385726,664,0,0
C024756,4067965,48815580,2688171,32258052,222688091,47707484,28231066,376060,692,1,0
C024757,2585423,31025076,828558,9942696,48683600,20818990,18579915,180160,750,1,0
C024758,5931043,71172516,2085730,25028760,108136234,123068703,77126749,629501,807,0,0
C024759,3875281,46503372,2321599,27859188,128324169,50357462,29905337,540722,780,1,1
C024760,4600562,55206744,3161059,37932708,192440067,58851007,38869248,322943,722,0,0
C024761,6135014,73620168,3243914,38926968,166088832,46977606,46977606,668269,806,0,0
C024762,3355716,40268592,1891097,22693164,85625581,11817227,10839998,144412,798,0,0
C024763,4317672,51812064,2067959,24815508,130495380,73846365,65893989,125710,794,0,0
C024764,4869435,58433220,4458592,53503104,190967065,72353926,45958268,817825,592,2,1
C024765,4376839,52522068,3637954,43655448,345205242,64060871,42547719,377626,718,1,0
C024766,2429799,29157588,1685080,20220960,84181255,22159714,13236896,215116,749,0,1
C024767,1945544,23346528,1798000,21576000,106841636,39702876,28266926,343401,733,0,1
C024768,7438775,89265300,5496228,65954736,355241473,294143038,232885211,1565959,749,0,0
C024769,1800000,21600000,1766007,21192084,51511340,24463507,17634759,226436,683,0,0
C024770,3381424,40577088,1538586,18463032,31112966,78718679,62497987,361463,817,0,0
C024771,4617312,55407744,2722540,32670480,288025872,62164585,39960985,103006,837,0,0
C024772,5249901,62998812,1565810,18789720,515692221,34850480,34850480,598662,753,0,0
C024773,4705262,56463144,2440656,29287872,449823882,26685682,19884037,405008,796,0,0
C024774,6885016,82620192,2706877,32482524,166744101,60959793,52959182,412596,901,0,0
C024775,6213572,74562864,3610478,43325736,219369232,44891947,44891947,433375,679,1,0
C024776,4269452,51233424,4014014,48168168,234455405,72554796,63099389,378065,628,1,1
C024777,8545187,102542244,3786712,45440544,674642868,92209905,58572901,516085,753,0,0
C024778,5096364,61156368,3213254,38559048,554960195,43157633,29912774,101927,831,0,0
C024779,2329875,27958500,1203381,14440572,28639846,22000552,11920038,189488,809,0,0
C024780,7874797,94497564,4126803,49521636,396377608,115033344,115033344,719362,810,1,0
C024781,4253085,51037020,1764031,21168372,91141960,47025234,47025234,149119,824,0,0
C024782,3561261,42735132,2061891,24742692,112523269,35062816,16389523,85557,825,0,1
C024783,3174495,38093940,2491687,29900244,171462140,23174462,14073033,224845,859,0,0
C024784,3773045,45276540,2857618,34291416,220111801,21403517,12801249,167565,786,0,0
C024785,3340281,40083372,1443990,17327880,72824378,94582135,81569829,913481,830,0,0
C024786,8132008,97584096,5169336,62032032,249291277,93657192,91537646,796932,755,0,0
C024787,5527297,66327564,3876210,46514520,391971091,61401296,39150746,197619,744,0,0
C024788,3470154,41641848,2406748,28880976,76910163,30735260,30735260,260784,836,0,0
C024789,5715582,68586984,4617679,55412148,376546037,131303081,125039298,898597,771,0,0
C024790,8678396,104140752,7461755,89541060,171914846,251181834,233320188,1306500,779,1,1
C024791,6375498,76505976,4457080,53484960,370001763,40315550,31948094,431613,819,0,0
C024792,3272913,39274956,1803630,21643560,70922409,26246725,26246725,427007,736,1,1
C024793,3533548,42402576,2539250,30471000,70510981,30351522,24511114,209292,801,0,0
C024794,3547736,42572832,1878134,22537608,99564566,39660594,39660594,419078,815,0,0
C024795,2590375,31084500,1933344,23200128,267252327,61965224,48005706,463223,742,0,0
C024796,3313264,39759168,2296201,27554412,129112234,53249865,43893080,502361,764,0,0
C024797,3239262,38871144,1411613,16939356,120242817,56801344,49604812,451155,813,0,0
C024798,3475369,41704428,1721161,20653932,124769477,45951009,15372993,215594,726,0,0
C024799,6161370,73936440,5195305,62343660,706782367,115640529,115640529,1007350,745,0,0
C024800,6667699,80012388,5409509,64914108,295261957,83570828,62905719,401517,906,0,0
C024801,4104695,49256340,1771099,21253188,414262619,44349340,42349166,399947,725,0,1
C024802,3906301,46875612,2733051,32796612,68106605,66790118,66790118,754417,707,1,1
C024803,4634343,55612116,2174884,26098608,266129353,56939697,40071185,719656,748,1,0
C024804,2844872,34138464,1544947,18539364,278292497,34602109,23511236,430020,793,0,0
C024805,5264063,63168756,2950479,35405748,723614698,44090699,33391171,808600,892,0,0
C024806,4034167,48410004,3051365,36616380,437228856,240926052,217845018,1440651,682,0,1
C024807,5685000,68220000,3094782,37137384,353864887,127520005,120543172,964354,717,0,0
C024808,4679911,56158932,2677241,32126892,145822157,43062829,43062829,357496,824,0,0
C024809,2795341,33544092,1776297,21315564,367038825,35541386,22774009,172666,760,0,0
C024810,5330323,63963876,3342304,40107648,28154622,67572283,33836186,612884,883,0,0
C024811,4214233,50570796,3136958,37643496,85462990,43257612,28228547,142047,842,0,0
C024812,2114282,25371384,1169755,14037060,33919842,14766125,8521747,207599,883,0,0
C024813,3175929,38111148,2140890,25690680,110097454,78829117,54805350,660569,709,0,0
C024814,8003614,96043368,2303156,27637872,301511198,37603127,28532555,596909,797,0,0
C024815,3987650,47851800,1196990,14363880,41643226,83200481,69383121,668027,813,0,0
C024816,4075817,48909804,2914367,34972404,166690160,30332124,29792443,313604,817,0,0
C024817,7111673,85340076,3333099,39997188,356818149,340210164,305385138,2104188,686,0,0
C024818,2250229,27002748,1779627,21355524,93400286,13632452,9424762,192560,715,0,0
C024819,5011173,60134076,2200183,26402196,118957914,165490779,153786143,966446,743,1,0
C024820,5599556,67194672,3271637,39259644,940725408,84722474,77180349,802258,815,0,0
C024821,2264536,27174432,1401800,16821600,236309254,17583945,16492549,327544,766,0,0
C024822,1883212,22598544,1011033,12132396,127839047,33259712,23046597,261772,816,1,0
C024823,2685980,32231760,1565922,18791064,73074146,26729194,15440604,164973,817,0,0
C024824,6803717,81644604,4846580,58158960,191012697,168582525,134800031,817023,773,1,0
C024825,3588028,43056336,1649659,19795908,602788704,42675169,31359521,341430,716,0,1
C024826,2026367,24316404,1432996,17195952,101181898,40380977,30644789,252063,710,0,0
C024827,2693038,32316456,1096717,13160604,81469009,46948049,31652139,130936,801,0,0
C024828,4707293,56487516,2442305,29307660,453204435,29056693,16701847,94146,803,0,0
C024829,1971984,23663808,837227,10046724,76635709,46815434,41850361,420151,794,0,0
C024830,2874654,34495848,1723859,20686308,104047465,31001644,22679717,383730,750,0,0
C024831,6812403,81748836,4547185,54566220,334789352,49270518,30668785,136248,789,0,0
C024832,1910411,22924932,1731809,20781708,52562794,20877270,16762942,217523,770,0,1
C024833,3868767,46425204,3165998,37991976,219224040,48064398,22652166,268452,687,1,0
C024834,4111235,49334820,2123228,25478736,111448314,22355260,17265186,82225,876,0,0
C024835,11523186,138278232,5757662,69091944,307857592,111743935,67275321,972600,791,0,0
C024836,6830652,81967824,4755722,57068664,263776677,226166992,176132961,1435161,640,0,0
C024837,2827534,33930408,1678283,20139396,176095606,123486547,109884216,676418,731,0,1
C024838,4589855,55078260,3121948,37463376,581711497,44290760,27789202,396725,763,0,0
C024839,6182819,74193828,3956735,47480820,405871757,74927507,68314832,952726,802,0,0
C024840,2310995,27731940,1588209,19058508,174317895,43636298,43636298,345631,740,0,0
C024841,3204867,38458404,1957724,23492688,463958550,21960139,10845328,118770,822,0,0
C024842,4544512,54534144,2644168,31730016,244438565,75691209,61583157,604406,671,1,0
C024843,4606329,55275948,2054895,24658740,433565207,188496107,171334762,1303919,742,0,0
C024844,7728721,92744652,5218878,62626536,479501524,71037052,71037052,892533,921,0,0
C024845,4418529,53022348,2856649,34279788,45321396,21028952,16822559,280447,809,0,0
C024846,3775951,45311412,2915965,34991580,78042780,8392094,8392094,413210,753,0,0
C024847,3940379,47284548,2498965,29987580,103221909,100605100,69631565,699345,743,0,1
C024848,2939898,35278776,1269214,15230568,14407432,56864421,52950975,454700,787,0,0
C024849,7798572,93582864,4456488,53477856,437118900,47195638,47195638,751013,726,0,0
C024850,2461450,29537400,1771388,21256656,101156262,36858509,36858509,373629,857,0,0
C024851,2036287,24435444,1274831,15297972,33633657,25234430,25234430,133230,833,0,0
C024852,11756857,141082284,6897142,82765704,1116091881,109055712,65405045,235137,866,0,0
C024853,4640568,55686816,3463519,41562228,228838507,108391341,95520621,962752,767,0,0
C024854,5688548,68262576,2890051,34680612,225069136,53294915,53294915,708242,808,0,0
C024855,3982173,47786076,2098807,25185684,101319078,90284484,74964111,429330,735,0,0
C024856,8843126,106117512,6650533,79806396,99365745,109085134,109085134,944001,749,0,0
C024857,1800000,21600000,1236046,14832552,195065667,61800919,53356576,376492,646,0,0
C024858,3537335,42448020,2542719,30512628,105471516,40968681,27271265,519659,885,0,0
C024859,4594996,55139952,3323559,39882708,61669637,49448488,49448488,485849,814,0,0
C024860,3661479,43937748,2669792,32037504,118548136,52226787,35916813,401227,772,0,0
C024861,1800000,21600000,994726,11936712,90206545,9893100,9893100,99323,752,0,0
C024862,1843354,22120248,1558137,18697644,57889715,73539783,66441496,531097,712,0,1
C024863,3501136,42013632,1636810,19641720,40139921,51263108,39421810,452335,797,0,0
C024864,2225923,26711076,1378574,16542888,133010180,21842037,8309435,72879,700,0,0
C024865,6796217,81554604,3743654,44923848,420724953,165506343,141544630,824807,831,0,0
C024866,1800000,21600000,1184536,14214432,85483937,25383223,14861846,273197,922,0,0
C024867,7465651,89587812,4167493,50009916,1254229368,64630632,57904886,782431,839,0,0
C024868,8947594,107371128,3217356,38608272,156754305,121033228,121033228,1178079,812,0,0
C024869,6288312,75459744,5296038,63552456,104761867,265720477,254995071,1723264,643,0,0
C024870,8781991,105383892,5743188,68918256,1475374488,72758491,72758491,457964,846,0,0
C024871,1939759,23277108,1547965,18575580,128980023,35608177,19236592,273530,713,0,0
C024872,3652489,43829868,2071606,24859272,108821020,67419644,49610000,348013,667,0,0
C024873,2207529,26490348,1556906,18682872,244449043,12769418,12769418,148409,723,0,0
C024874,4198155,50377860,1528064,18336768,335809817,44681869,41620840,332732,763,0,0
C024875,3787457,45449484,2945131,35341572,168871641,50332276,50332276,524877,745,0,0
C024876,7433630,89203560,3594182,43130184,251556995,58796442,44797273,267340,797,0,0
C024877,6045417,72545004,2990614,35887368,146343139,167286533,147227247,874434,688,0,0
C024878,5991416,71896992,3503541,42042492,318248089,125506140,89350058,537856,776,0,0
C024879,3477936,41735232,1981872,23782464,187013741,75963943,58017317,458237,848,0,0
C024880,8739133,104869596,7230296,86763552,330666409,191478212,167494454,1085546,777,0,0
C024881,5291145,63493740,3867100,46405200,165684573,45616563,42993194,514349,840,0,0
C024882,1800000,21600000,778665,9343980,106282666,18299633,14877033,142436,758,0,1
C024883,2938220,35258640,2058411,24700932,60817438,48811249,48811249,309443,737,0,0
C024884,6141656,73699872,3325682,39908184,353037246,97442982,95948472,951433,722,1,0
C024885,4747625,56971500,2549494,30593928,169206771,77278689,55742783,382324,836,1,0
C024886,3994760,47937120,3179961,38159532,410067277,59553573,54188389,439479,735,0,0
C024887,4544982,54539784,2139693,25676316,334061995,77934541,66432241,529955,881,0,0
C024888,3539924,42479088,1516558,18198696,229131207,14092621,9488970,70798,855,0,0
C024889,3026378,36316536,1817331,21807972,192594564,24652520,22645069,211623,771,0,0
C024890,3004197,36050364,2658381,31900572,185677170,50212801,50212801,447218,677,0,1
C024891,7624044,91488528,5217154,62605848,237256694,84470809,74166816,354744,798,0,0
C024892,3262110,39145320,1451934,17423208,548034480,92609237,92609237,614047,706,1,1
C024893,3873203,46478436,2500751,30009012,517911911,40018098,23994949,302278,745,0,0
C024894,10924857,131098284,6356408,76276896,358970885,170946951,152435099,896397,784,0,0
C024895,4711768,56541216,2696814,32361768,695574424,59305011,31992539,681931,769,0,0
C024896,3165808,37989696,1380996,16571952,91519070,20732903,20305821,210954,788,0,0
C024897,5890847,70690164,2882703,34592436,534967376,51480688,51480688,715026,785,0,0
C024898,7363901,88366812,5096680,61160160,350893524,101620738,101620738,174123,777,0,0
C024899,5542561,66510732,3128762,37545144,521719140,54012355,54012355,462316,836,0,0
C024900,2573313,30879756,2049157,24589884,108192860,28207791,13721250,139588,859,0,0
C024901,5242466,62909592,2049657,24595884,510862678,87804325,49872193,459617,803,0,0
C024902,3698577,44382924,2343638,28123656,363310024,29030129,25220356,88535,818,1,1
C024903,6293206,75518472,4045210,48542520,114288010,147880414,147880414,977718,828,0,0
C024904,4668510,56022120,3024353,36292236,321713449,44685338,34411806,536374,801,0,0
C024905,4417847,53014164,2473109,29677308,503574298,92234365,81626520,587258,752,0,0
C024906,2437840,29254080,1338138,16057656,109459498,12750163,12750163,184704,782,0,0
C024907,4836165,58033980,3682419,44189028,245853583,70462761,63422854,412307,734,0,0
C024908,1956922,23483064,944444,11333328,300293415,38652798,26025676,154051,746,0,0
C024909,2305014,27660168,1033993,12407916,39917268,63332799,56584070,491542,781,0,0
C024910,6100286,73203432,5282083,63384996,195962174,101971679,66614671,814008,673,1,0
C024911,4628903,55546836,2249677,26996124,612725538,38983850,18363678,180639,755,0,0
C024912,4224138,50689656,3537097,42445164,268380035,88929648,56381033,426008,712,0,0
C024913,2286181,27434172,1048936,12587232,51188873,20938171,20938171,150994,731,0,0
C024914,1905494,22865928,477348,5728176,106796181,34584080,31142648,263024,921,0,0
C024915,3744416,44932992,1811354,21736248,70479662,29502157,27645163,203354,859,0,0
C024916,2993890,35926680,1896929,22763148,103760823,64434576,54773986,486370,749,0,0
C024917,3339960,40079520,1922628,23071536,228311032,53042179,53042179,436432,658,0,0
C024918,3250249,39002988,1865919,22391028,127294268,26181662,6228640,288640,781,0,0
C024919,4540373,54484476,1831256,21975072,117335744,44002115,35298986,499382,755,0,0
C024920,5039083,60468996,1259771,15117252,96842903,104541094,88039175,302623,782,0,0
C024921,5842295,70107540,4073605,48883260,202588451,109602109,109602109,667912,745,0,0
C024922,3389936,40679232,1839663,22075956,95559167,28934060,19167780,356918,679,2,1
C024923,2842715,34112580,2150766,25809192,84857222,23992086,23992086,215207,801,0,0
C024924,2533018,30396216,1533546,18402552,96064805,24760618,19365242,269373,762,0,0
C024925,2596416,31156992,1570433,18845196,108492461,19503459,7975728,328249,816,0,0
C024926,4058794,48705528,2025455,24305460,159511799,36622983,24818222,206888,797,0,0
C024927,3021369,36256428,1468385,17620620,88899842,61888147,54628017,435319,738,0,0
C024928,7306667,87680004,5463388,65560656,308968080,35936926,19950481,542876,769,0,0
C024929,5221717,62660604,4117270,49407240,204323438,124015928,99807250,706446,698,0,0
C024930,5154731,61856772,3813068,45756816,196260084,147521393,122050243,1100158,670,0,1
C024931,3068077,36816924,1807374,21688488,67079214,46638441,39637254,304601,851,1,0
C024932,2756646,33079752,1753196,21038352,193497388,33313009,22784687,333461,857,0,0
C024933,3268199,39218388,2215789,26589468,60415405,47697280,32516547,266137,795,1,0
C024934,4705079,56460948,2323018,27876216,88688493,176581562,176581562,1124606,701,0,0
C024935,3245107,38941284,2289489,27473868,26900533,40541783,39546210,300474,728,0,0
C024936,1800000,21600000,879567,10554804,158829582,42607692,32091775,121991,781,0,0
C024937,6072657,72871884,3714932,44579184,573811528,51410266,19412156,121453,866,0,0
C024938,4813946,57767352,2942785,35313420,207346211,32434457,19409918,240231,819,0,0
C024939,12000000,144000000,6357280,76287360,810888707,135930611,118510016,1194442,785,1,0
C024940,4237348,50848176,2164394,25972728,379501731,61966304,61966304,659162,799,0,0
C024941,2797570,33570840,1568656,18823872,91333787,9506543,9506543,82840,762,0,0
C024942,3835188,46022256,2771746,33260952,210928036,34344636,28157560,380124,745,0,0
C024943,2107082,25284984,1507499,18089988,127043987,6853220,6853220,85741,774,0,0
C024944,3326654,39919848,2292531,27510372,511067073,16376019,16376019,147728,767,0,0
C024945,5460359,65524308,2880128,34561536,30760919,87476172,87476172,701089,847,0,0
C024946,5470025,65640300,1555881,18670572,623435627,60633299,60633299,742559,730,0,0
C024947,5462864,65554368,1947569,23370828,141366926,76628704,51407239,398593,844,0,0
C024948,2457086,29485032,1439256,17271072,396383945,23191767,15530199,151493,848,0,1
C024949,2712384,32548608,1691112,20293344,108542072,35226499,13009894,152661,686,1,0
C024950,3493310,41919720,2369957,28439484,88587716,74000235,57695622,646625,728,1,0
C024951,7945404,95344848,5161423,61937076,181934683,302899515,261311612,2515936,677,0,1
C024952,4653360,55840320,2837172,34046064,449560277,95390327,85785506,540092,805,1,0
C024953,4803216,57638592,3604788,43257456,102225928,24775556,21808980,109444,695,0,0
C024954,3710156,44521872,1531722,18380664,284559959,46716051,28359476,489924,774,0,0
C024955,3532713,42392556,1394859,16738308,116465984,38452839,15691092,132771,852,0,0
C024956,3123532,37482384,2229245,26750940,61892743,39965819,39965819,219679,846,0,0
C024957,9486157,113833884,5407714,64892568,424710008,173476948,126834947,1152937,766,0,0
C024958,4921380,59056560,3446102,41353224,112815985,93856929,64889222,815977,835,0,0
C024959,3113431,37361172,1161401,13936812,71887793,31961821,26056568,183270,776,0,0
C024960,5243349,62920188,2424170,29090040,149951586,217980320,196097840,1384687,689,0,1
C024961,2019210,24230520,872538,10470456,23237977,32920965,22046763,212109,802,0,0
C024962,2209084,26509008,1858576,22302912,80624107,35300974,26121167,466857,650,0,1
C024963,4173499,50081988,2689836,32278032,80611687,41925814,25578026,83470,773,0,0
C024964,1800000,21600000,1385318,16623816,93313808,18253063,12824852,111026,746,0,0
C024965,2803196,33638352,1302507,15630084,27524201,64135383,44005773,325717,652,1,1
C024966,4382960,52595520,1741418,20897016,74050417,88073673,81836045,445439,824,0,0
C024967,4494010,53928120,1709111,20509332,101903978,51350385,51350385,427046,781,0,0
C024968,7494592,89935104,3859506,46314072,614858070,52130515,40538556,306305,810,0,0
C024969,2853795,34245540,2026841,24322092,88619379,16101850,16101850,233730,749,0,0
C024970,9710763,116529156,5592950,67115400,203564362,307598842,292020268,1791226,823,0,0
C024971,3216504,38598048,1437491,17249892,172574425,36857227,20570641,64330,767,0,0
C024972,3987596,47851152,2005787,24069444,39443138,42725061,41217339,192662,772,0,0
C024973,1800000,21600000,944623,11335476,24376583,24820096,17237855,153949,793,0,0
C024974,9241507,110898084,4660036,55920432,205538002,133003941,133003941,1185165,802,0,0
C024975,3418669,41024028,1483846,17806152,109718121,51589282,51070119,281568,893,0,0
C024976,5987138,71845656,3402437,40829244,136323139,153404580,137266025,1048125,694,0,0
C024977,7568496,90821952,4378171,52538052,250440835,83898038,70234577,1061399,715,0,0
C024978,4809238,57710856,3388396,40660752,277685672,24884266,24884266,96185,826,0,0
C024979,3791546,45498552,1846381,22156572,50828418,71404895,52550113,638907,783,0,0
C024980,7264071,87168852,3535750,42429000,764526105,89628885,60202726,807340,756,0,0
C024981,1813628,21763536,952598,11431176,106426446,40584689,27730105,335634,795,1,0
C024982,4654360,55852320,3395112,40741344,109971215,163444372,151405002,1153838,665,1,0
C024983,12000000,144000000,5142531,61710372,651985342,229676098,197634421,1352924,904,0,0
C024984,2126625,25519500,1200451,14405412,63370327,73498397,63905287,542906,725,0,0
C024985,5238043,62856516,3530345,42364140,239350500,80942424,73785757,538742,738,0,0
C024986,2166264,25995168,1616412,19396944,239819779,11575612,9702144,50000,863,0,0
C024987,5256386,63076632,4219900,50638800,125369066,104030623,93971587,779062,757,0,0
C024988,2690497,32285964,1667716,20012592,53172057,13241817,9598641,223212,792,0,0
C024989,3700332,44403984,1417344,17008128,88129899,70405724,64777272,681754,741,0,0
C024990,2729175,32750100,1649073,19788876,252600937,18171319,18171319,438132,796,0,0
C024991,3406601,40879212,2210543,26526516,115737946,35288375,35288375,189453,836,0,0
C024992,4878114,58537368,3637523,43650276,518642843,86136728,71736546,662817,849,0,0
C024993,6238564,74862768,4497811,53973732,181968617,70252801,57693238,726718,687,1,1
C024994,2640084,31681008,1688742,20264904,146716474,20841072,20841072,269352,829,0,0
C024995,3745277,44943324,2456735,29480820,289685412,64243386,58481289,403662,792,0,0
C024996,3584995,43019940,2027003,24324036,347392410,140719275,135609901,1062093,762,0,0
C024997,4169530,50034360,1671021,20052252,230565037,38690413,30332421,460384,717,0,0
C024998,3034020,36408240,1347085,16165020,40453930,75049509,71217494,518519,759,1,0
C024999,8126390,97516680,4848051,58176612,243247800,62925182,49680388,628307,855,1,0
C025000,2470510,29646120,1281002,15372024,297890512,50288971,44886598,326126,707,0,0
C025001,2611313,31335756,1408361,16900332,15146982,19633209,19633209,357356,797,0,0
C025002,2611640,31339680,903757,10845084,57384809,51355738,51355738,335151,864,0,0
C025003,5284578,63414936,2275274,27303288,316082655,84452457,79697440,496948,740,1,0
C025004,6634559,79614708,2828034,33936408,317376465,86826996,59378075,399607,738,0,0
C025005,8289083,99468996,4955372,59464464,240846918,156216893,121823346,1362213,812,0,0
C025006,2494048,29928576,1367407,16408884,143144629,16521788,9402306,57279,814,0,0
C025007,2501179,30014148,1483584,17803008,420198072,56850162,50249663,327018,803,0,0
C025008,3631785,43581420,1951604,23419248,153132582,45242208,37460801,406460,812,1,0
C025009,5294552,63534624,3295934,39551208,260487300,45554461,12799866,106273,830,0,0
C025010,1845418,22145016,1242237,14906844,70400532,28495753,20105482,332232,678,1,0
C025011,4679890,56158680,2892511,34710132,94552016,106687793,106687793,789744,731,0,0
C025012,3829622,45955464,2936151,35233812,160544070,45525401,26016016,277743,807,0,0
C025013,2696933,32363196,1576457,18917484,114370159,46707714,45192590,474527,747,0,1
C025014,4049583,48594996,1888859,22666308,394514887,52463822,52463822,498783,760,0,0
C025015,2640318,31683816,1885455,22625460,33416722,44218683,36301425,411445,727,0,0
C025016,2842583,34110996,1735517,20826204,165050164,14070596,7172625,221914,667,0,0
C025017,2426276,29115312,1154541,13854492,80543055,56337845,44366661,372406,794,0,0
C025018,2807160,33685920,1679198,20150376,122537159,86307132,86179482,532443,740,0,0
C025019,3749076,44988912,1891782,22701384,92254091,62638856,46463798,508684,825,0,0
C025020,2052422,24629064,1687167,20246004,229768650,29440854,19824340,298302,846,0,0
C025021,5953193,71438316,3904779,46857348,241341114,104405572,90710155,840229,788,0,0
C025022,6263806,75165672,2607179,31286148,128810398,100680237,90434331,1140707,687,0,0
C025023,6366058,76392696,3733675,44804100,303786705,116152780,104602894,1194227,789,0,0
C025024,3575078,42900936,1698735,20384820,326508298,23978029,14539049,324899,751,0,0
C025025,3489538,41874456,2414845,28978140,125281251,64159956,47271395,550012,760,0,1
C025026,5571907,66862884,1714486,20573832,820980803,35595604,29944833,284538,833,0,0
C025027,6237430,74849160,2830639,33967668,109775895,108898555,87091362,524200,877,0,0
C025028,3997086,47965032,2534468,30413616,115690135,27667781,19719410,120803,791,0,0
C025029,4930609,59167308,2735336,32824032,156357589,75798518,51756293,359017,797,0,0
C025030,5583194,66998328,2846932,34163184,410517208,125380067,117036414,1353335,709,0,1
C025031,4042218,48506616,1866956,22403472,135193456,60553740,51278867,321863,744,0,0
C025032,1800000,21600000,1572725,18872700,77332343,55875319,45580782,408987,696,0,0
C025033,2499293,29991516,1318295,15819540,356240599,22348398,17633309,50000,789,1,0
C025034,2392068,28704816,2172422,26069064,96996906,42464812,31608244,328949,671,0,1
C025035,4316344,51796128,2490038,29880456,44591388,70360497,58050380,431508,845,0,0
C025036,4776569,57318828,2822280,33867360,248284140,114016357,101610435,724381,700,0,1
C025037,2252881,27034572,1544686,18536232,110468160,61555525,61555525,479134,756,0,0
C025038,2088441,25061292,1413379,16960548,60447144,44438276,38649901,301739,796,0,0
C025039,11585406,139024872,6933665,83203980,712685917,67105036,67105036,1131288,859,0,0
C025040,2118134,25417608,1090853,13090236,81470290,18761774,17847391,154857,799,0,0
C025041,3475825,41709900,1894704,22736448,206399600,126037730,126037730,924260,753,0,0
C025042,4611291,55335492,2284345,27412140,212509638,34879068,29808315,361907,782,0,0
C025043,4264687,51176244,2239828,26877936,338254693,45916630,26688056,220034,813,0,0
C025044,4919859,59038308,3277559,39330708,209524372,25235266,12851841,98397,809,0,0
C025045,3296806,39561672,2521405,30256860,553863408,60066361,45225510,387027,728,0,0
C025046,1800000,21600000,1227736,14732832,111390854,31286755,28044535,231037,689,0,0
C025047,4553863,54646356,1539789,18477468,166703876,74468263,68620983,846779,917,0,0
C025048,1800000,21600000,973941,11687292,202369073,16815771,6446893,229311,815,0,0
C025049,6697837,80374044,4599259,55191108,120157270,121530940,86167131,848153,790,0,0
C025050,4260868,51130416,2309375,27712500,383480709,42501334,35080090,512983,811,0,0
C025051,4830375,57964500,1587381,19048572,281220318,41122534,32787211,188348,842,0,0
C025052,3638694,43664328,2163993,25967916,399573024,32773188,31564101,168352,816,1,0
C025053,8626583,103518996,3601716,43220592,576918426,146672322,91797431,947700,750,0,0
C025054,3250829,39009948,1422037,17064444,47362951,32735425,32735425,65017,806,0,0
C025055,7923876,95086512,5150552,61806624,463950274,84847752,60862890,1211846,728,0,0
C025056,4059333,48711996,2579666,30955992,29779502,98804403,98804403,850005,754,0,0
C025057,2795806,33549672,1468078,17616936,140659359,17411772,8393297,55916,845,0,0
C025058,6065780,72789360,3893002,46716024,1019051040,309863944,306442343,2194770,690,0,0
C025059,1827921,21935052,973676,11684112,95671341,40224574,31265916,274666,891,0,0
C025060,8946692,107360304,5202802,62433624,603655139,96329320,50827544,640234,720,0,0
C025061,3508686,42104232,2814326,33771912,125456443,65125725,50070378,459819,716,0,0
C025062,2190192,26282304,1651547,19818564,360627232,40046085,35787102,314068,742,0,0
C025063,3237628,38851536,2596244,31154928,136531108,34663150,27333465,172263,808,0,0
C025064,3842628,46111536,2003446,24041352,106729411,34825088,20868560,390100,800,0,0
C025065,3143415,37720980,1425350,17104200,78387607,44200590,27605176,276242,726,0,0
C025066,4006761,48081132,2811802,33741624,168626603,61643013,52346027,432080,746,1,0
C025067,4866540,58398480,3029476,36353712,43723970,100008759,77812943,233930,774,0,0
C025068,2400341,28804092,1120157,13441884,200641411,27161754,17220264,196473,781,0,0
C025069,2187138,26245656,1025258,12303096,31794703,28552424,27598225,187716,680,0,0
C025070,7281467,87377604,4642108,55705296,340280570,157728284,134108077,1096732,790,0,0
C025071,4229754,50757048,2498342,29980104,592798218,66048275,66048275,341800,763,0,0
C025072,6653618,79843416,4892077,58704924,110291424,235029373,214687636,1505269,683,1,0
C025073,4400185,52802220,2836308,34035696,74386312,48932794,48932794,350226,817,0,0
C025074,3257311,39087732,1683009,20196108,78888853,47225659,27620453,379517,813,0,0
C025075,2109509,25314108,1394936,16739232,50211802,6381359,6265041,221174,825,0,0
C025076,3225108,38701296,1440312,17283744,192044902,20036131,15272020,246570,803,0,0
C025077,4807507,57690084,2713388,32560656,167878090,52397035,52397035,506789,823,0,0
C025078,2936289,35235468,1180175,14162100,115916854,31382809,27387377,356848,722,0,0
C025079,2956741,35480892,1421834,17062008,87007571,20637750,13051972,226984,808,0,0
C025080,5600412,67204944,3616791,43401492,198319441,25136882,25136882,538257,660,3,0
C025081,3603092,43237104,2122581,25470972,210576262,44509499,30091972,484853,685,1,0
C025082,2399463,28793556,1676311,20115732,114591704,85695303,81580056,481848,707,0,0
C025083,3608026,43296312,2620240,31442880,81094650,43201423,27528345,531110,838,0,0
C025084,3225247,38702964,2210118,26521416,194613370,41428728,35077124,250828,770,0,0
C025085,1871808,22461696,845920,10151040,44093458,20698010,15945954,320338,783,0,0
C025086,3746852,44962224,1989871,23878452,285955083,56268162,50869191,404269,825,0,0
C025087,7307416,87688992,2960829,35529948,496684288,78558633,39696121,673741,771,1,0
C025088,5090975,61091700,3583079,42996948,607103632,71488737,64267570,722326,709,1,0
C025089,4074738,48896856,1959256,23511072,181966373,41226625,33246986,217175,738,0,0
C025090,2037171,24446052,1402640,16831680,88620218,19106918,18679909,53374,774,0,0
C025091,2389722,28676664,779503,9354036,160629819,31546624,21578060,243965,733,0,0
C025092,5229250,62751000,2578365,30940380,340380348,106580756,77777903,349352,678,0,0
C025093,4297844,51574128,1655789,19869468,612459170,37821129,27846389,383149,754,0,0
C025094,3796727,45560724,2134307,25611684,637850136,47202164,32860895,262604,810,0,0
C025095,3469945,41639340,2132665,25591980,133020583,33756331,18541072,385301,764,0,0
C025096,4086176,49034112,2747940,32975280,60455375,35968540,20086066,372807,766,1,0
C025097,4496213,53954556,2169841,26038092,462231876,87560269,85809781,514572,731,0,0
C025098,4315628,51787536,1813951,21767412,106411399,40531952,25020517,530134,822,0,0
C025099,6190846,74290152,4830538,57966456,476177645,79447239,51193519,789289,697,0,0
C025100,2979944,35759328,1662492,19949904,46606221,35836576,27896396,432963,738,0,0
C025101,5973204,71678448,3466853,41602236,346411002,64133406,64133406,233317,773,0,0
C025102,4768742,57224904,2580405,30964860,313211776,58556333,47491896,379746,797,0,0
C025103,3078586,36943032,1753515,21042180,258297573,95080792,95080792,772355,677,0,0
C025104,4800159,57601908,1811243,21734916,142938266,125487099,125487099,862592,727,0,0
C025105,8318249,99818988,3947437,47369244,544963582,124742233,124742233,575542,780,0,0
C025106,4262353,51148236,2507893,30094716,115640631,28840319,24149427,257790,778,0,0
C025107,2116119,25393428,1246907,14962884,247172804,16458766,7027005,313270,830,0,0
C025108,3976452,47717424,1714592,20575104,93659594,22142908,7134080,257223,759,0,0
C025109,3747232,44966784,2175706,26108472,404440138,24642966,12286881,409035,849,0,0
C025110,2606059,31272708,1859744,22316928,40162223,52164949,47013802,293495,779,0,0
C025111,3931270,47175240,2584598,31015176,250850217,53060110,30099822,491628,829,1,0
C025112,2911194,34934328,2122258,25467096,86575965,31047546,29512575,311010,676,0,0
C025113,1800000,21600000,585986,7031832,73870926,11727386,10315038,182701,678,1,0
C025114,3824659,45895908,1574500,18894000,85004014,132221589,119700761,567934,754,1,0
C025115,6230050,74760600,2608686,31304232,136324191,86775817,86775817,1499523,730,0,0
C025116,2276248,27314976,1969312,23631744,109795357,15646798,8882659,159397,780,1,0
C025117,6379605,76555260,4519288,54231456,309064189,44806370,31074901,512909,723,1,0
C025118,3720743,44648916,1728636,20743632,104670047,43209790,22361037,198471,752,0,0
C025119,5834871,70018452,1989700,23876400,359964585,145937945,116305476,1454128,700,0,1
C025120,6907443,82889316,3185291,38223492,307991268,49819381,49819381,411416,819,0,0
C025121,3218461,38621532,2010493,24125916,134826587,56883617,42416853,495824,794,0,0
C025122,7517874,90214488,3975384,47704608,621993165,82652392,82652392,826635,838,0,0
C025123,3142452,37709424,1277566,15330792,256432175,42757238,42757238,517695,806,0,0
C025124,8820552,105846624,5229942,62759304,686194217,122909870,82278505,1112368,710,0,0
C025125,3971484,47657808,1773105,21277260,215049045,44177534,27414288,308626,766,0,0
C025126,4070772,48849264,2222353,26668236,78234812,58643731,32476342,217353,735,1,0
C025127,6292356,75508272,3960846,47530152,528854303,49933008,23878898,194270,734,0,0
C025128,2557688,30692256,1862657,22351884,102984783,17328394,15781573,153461,788,0,0
C025129,4581503,54978036,2476535,29718420,769692504,73214762,47836509,620375,763,0,0
C025130,6160380,73924560,3771066,45252792,290951745,81024793,31325953,123208,823,0,0
C025131,4386090,52633080,2337203,28046436,136996275,66367176,66367176,640794,749,0,0
C025132,6068837,72826044,3639635,43675620,207138055,11986369,11986369,121377,894,0,0
C025133,7647708,91772496,2698586,32383032,570371055,97540456,91483311,1100362,772,0,0
C025134,5460962,65531544,2633714,31604568,176080463,58081799,40495219,337286,867,0,0
C025135,3432951,41195412,1657756,19893072,95947875,35649659,35649659,279129,793,0,0
C025136,6063083,72756996,4297373,51568476,596513049,173788166,114200520,1076150,658,1,0
C025137,6676085,80113020,5378572,64542864,189800318,117354005,98331936,992405,660,2,0
C025138,4207404,50488848,1646369,19756428,432804844,26214009,22202874,84148,809,0,0
C025139,3687008,44244096,1929601,23155212,374212618,83728884,69492024,757400,717,0,0
C025140,4754091,57049092,2302524,27630288,102746185,80273621,51590016,389465,769,0,0
C025141,3589223,43070676,1791133,21493596,163957035,22352976,9681054,212806,818,0,0
C025142,4671969,56063628,2772300,33267600,388399475,141860542,126734251,969537,764,0,0
C025143,6344192,76130304,4714405,56572860,179827601,84588645,76547211,221392,855,0,0
C025144,8809788,105717456,2855227,34262724,1480044384,214587583,214587583,2030103,679,0,0
C025145,4077081,48924972,3023601,36283212,32141451,121762044,112629765,804503,780,0,1
C025146,4126886,49522632,2237072,26844864,359548564,30985747,14688138,458214,904,0,0
C025147,1800000,21600000,1047526,12570312,80617842,41770379,37741199,341643,716,0,0
C025148,3468959,41627508,2465489,29585868,167343849,31326600,30799072,332872,722,0,0
C025149,2515209,30182508,2327441,27929292,117517306,29969631,29170515,322496,763,0,1
C025150,2147230,25766760,1191587,14299044,131937167,49545461,39322808,210719,849,0,0
C025151,6602066,79224792,3922854,47074248,310178620,27505576,22059961,370374,779,0,0
C025152,5446181,65354172,2627300,31527600,420394247,14693691,14693691,590701,824,0,0
C025153,2571987,30863844,1457237,17486844,230366987,97850923,87592701,790787,665,1,0
C025154,2452539,29430468,1077090,12925080,72631412,23636207,14880014,184091,801,0,0
C025155,2629118,31549416,2078234,24938808,86835509,28264931,25373683,85327,858,0,0
C025156,4697639,56371668,2348434,28181208,312460994,29638147,26417454,93953,800,1,0
C025157,2377519,28530228,1056898,12682776,92936369,29775637,25991976,150768,704,1,0
C025158,4281130,51373560,1324291,15891492,129571565,230249034,221241383,1531288,674,0,1
C025159,4593769,55125228,3134963,37619556,237066489,59372376,14808133,257244,710,0,0
C025160,2224455,26693460,1693276,20319312,30905575,6231273,6119198,216816,873,0,0
C025161,5319335,63832020,3408111,40897332,303219291,114530850,92817085,467394,795,0,0
C025162,3648797,43785564,1355608,16267296,126075263,28232398,20069011,194885,797,0,0
C025163,3957570,47490840,1503018,18036216,491884014,38699527,38699527,297656,845,0,0
C025164,12000000,144000000,8616644,103399728,637739417,196079939,136480960,779039,825,0,0
C025165,2228170,26738040,1045668,12548016,130077731,43674987,43674987,468192,720,0,1
C025166,6139009,73668108,4420858,53050296,281393893,22333178,14282007,635657,823,0,0
C025167,2715440,32585280,1546600,18559200,171182135,10956734,6354624,80478,837,0,0
C025168,6329659,75955908,5181006,62172072,270581061,139621335,111551073,1356330,604,1,0
C025169,1800000,21600000,1301127,15613524,44470161,57075220,47966247,415689,725,1,0
C025170,3977776,47733312,2519511,30234132,85163770,48813611,43364291,462921,904,0,0
C025171,2451813,29421756,1088417,13061004,54869490,14464332,14464332,166908,826,0,0
C025172,8119823,97437876,3246620,38959440,147710261,110299544,91530081,1067083,774,0,0
C025173,3962088,47545056,2804404,33652848,118287327,20776567,20776567,413184,837,0,0
C025174,3791552,45498624,2818087,33817044,160908340,86292819,65806853,554953,708,0,0
C025175,3971331,47655972,2425796,29109552,223522840,36407361,33141733,210411,746,0,0
C025176,4908130,58897560,1888410,22660920,214992929,23941240,23941240,314904,878,0,0
C025177,3283214,39398568,2478633,29743596,287910276,90777978,66969699,622591,672,0,0
C025178,8810568,105726816,5671680,68060160,744677293,206580109,143960382,1124576,720,1,0
C025179,4763191,57158292,2324362,27892344,266225387,66043667,48958461,95264,839,0,0
C025180,6857196,82286352,4349932,52199184,386320925,169902666,119285557,519780,688,0,0
C025181,2990743,35888916,2019251,24231012,64353378,22813219,19588915,175080,810,0,0
C025182,4587978,55055736,3251496,39017952,39138767,39816576,25457037,274820,776,0,0
C025183,2534194,30410328,1636628,19639536,124275491,27163026,18266498,327900,808,0,0
C025184,3402162,40825944,2430312,29163744,67225878,23406061,19226906,156246,808,0,0
C025185,2551101,30613212,1380532,16566384,58617262,48048857,43611834,592095,740,1,0
C025186,4706422,56477064,1734085,20809020,158311454,34534563,34534563,481498,782,0,0
C025187,2478843,29746116,1379833,16557996,95047684,9519871,9519871,79490,814,0,0
C025188,5149847,61798164,2136985,25643820,277153096,64897072,56158694,461690,754,0,0
C025189,2466601,29599212,1692792,20313504,63071539,46433069,37499496,365246,831,1,1
C025190,5756102,69073224,4351170,52214040,207432658,88817758,79210902,601629,691,0,0
C025191,5146360,61756320,3128792,37545504,158000289,57485166,40841910,524914,950,0,0
C025192,6234517,74814204,4671690,56060280,214698011,133084586,99427486,1135876,691,1,0
C025193,3924667,47096004,2625492,31505904,43456000,24926789,6842063,235394,837,0,0
C025194,3194528,38334336,2453455,29441460,99813358,19708439,14223186,331720,730,0,0
C025195,2812234,33746808,1740070,20880840,120176644,60785608,60785608,574964,719,0,0
C025196,3945276,47343312,2554564,30654768,182086188,67544262,49976224,658638,773,0,0
C025197,3077936,36935232,1142494,13709928,155231519,92634114,88215469,675803,841,0,0
C025198,3918645,47023740,1344139,16129668,277092977,36679324,30961435,468951,853,0,0
C025199,3035996,36431952,1201178,14414136,123404003,30237096,30237096,293888,804,0,0
C025200,7544816,90537792,5646627,67759524,161393425,77849094,76969671,1137160,694,0,0
C025201,5738429,68861148,4351710,52220520,194649632,63454440,53139406,203714,784,0,0
C025202,3717487,44609844,2259048,27108576,313267095,22976039,12277414,155297,799,0,0
C025203,3157462,37889544,2677452,32129424,106444233,22050123,9926225,265763,819,0,0
C025204,3973785,47685420,1663659,19963908,62537369,23223549,23223549,371861,792,0,0
C025205,7532578,90390936,4395629,52747548,679388664,64804209,36022373,710759,771,0,0
C025206,4172519,50070228,1607950,19295400,179413060,88535943,56036047,463589,734,2,0
C025207,6076179,72914148,4158601,49903212,253025019,54351893,30471476,586597,681,0,0
C025208,2429744,29156928,1701038,20412456,46899718,11673804,11673804,153690,819,0,0
C025209,2273447,27281364,1463237,17558844,155371757,38163917,38163917,363886,849,0,0
C025210,5163555,61962660,3203931,38447172,799657480,50364944,35770638,650586,790,0,0
C025211,2940500,35286000,1511730,18140760,368272925,62576634,48995378,463225,784,0,0
C025212,2953203,35438436,1688800,20265600,119301729,44159263,37251457,298841,895,1,0
C025213,3439206,41270472,2132382,25588584,68872826,107312195,89474529,617536,700,0,0
C025214,6772956,81275472,2112208,25346496,232782636,86975911,62718775,595412,782,0,0
C025215,3231698,38780376,2404602,28855224,42793859,60334916,37993339,157866,818,0,0
C025216,4041864,48502368,2655487,31865844,307311854,37704087,37704087,105042,754,0,0
C025217,8774862,105298344,5636455,67637460,378970871,74021701,50006430,824699,815,0,0
C025218,2564986,30779832,1308931,15707172,55188344,20451981,8554949,127442,882,0,0
C025219,4906153,58873836,2151880,25822560,356597747,22572280,22572280,520821,695,1,0
C025220,2121072,25452864,1187088,14245056,22120945,127931467,114537888,801229,695,0,0
C025221,4026926,48323112,1955789,23469468,130643296,41258427,41258427,159270,826,0,0
C025222,7361878,88342536,4089414,49072968,871694769,75710948,55781589,581442,771,0,0
C025223,5872499,70469988,3617800,43413600,212689986,308843648,271301771,1976763,700,0,1
C025224,4036986,48443832,2441860,29302320,176694898,18891773,18891773,182214,947,0,0
C025225,3171229,38054748,1813900,21766800,56275767,36579137,28311777,478797,744,0,1
C025226,2836987,34043844,839208,10070496,165130666,115833205,112695720,779518,840,0,0
C025227,3728875,44746500,2504469,30053628,122269635,32091956,25016618,194942,835,0,0
C025228,7207964,86495568,4513381,54160572,244617420,24880474,24880474,335875,803,0,0
C025229,2577390,30928680,1650380,19804560,22564470,39792357,27344810,412014,815,0,0
C025230,4001190,48014280,1986364,23836368,49605128,47612448,40255941,322347,789,0,0
C025231,2063874,24766488,994315,11931780,105151857,14024684,13841836,285029,712,0,0
C025232,3585777,43029324,2019774,24237288,562008240,33626174,17728479,333354,786,0,0
C025233,5185995,62231940,2215987,26591844,234936446,135342074,129861222,1186355,771,0,0
C025234,6020248,72242976,2632457,31589484,45475752,60303623,60303623,587497,787,0,0
C025235,2125310,25503720,1069881,12838572,30690722,23777860,17617202,170240,923,0,0
C025236,4978801,59745612,4698396,56380752,559148158,31775309,31775309,659398,786,0,1
C025237,6111755,73341060,3755394,45064728,130543555,99776045,44911304,442509,806,0,0
C025238,3342659,40111908,1896905,22762860,232621321,32930312,17994805,182025,823,0,0
C025239,2010300,24123600,1166805,14001660,96696931,32174148,24896363,409181,731,0,0
C025240,3100494,37205928,1712986,20555832,222902461,23550342,11861163,62010,861,0,0
C025241,3651495,43817940,1472106,17665272,215247989,56540748,39396599,552623,760,0,0
C025242,2628513,31542156,1890923,22691076,136016022,71078112,56317669,472065,768,0,0
C025243,3347202,40166424,1614556,19374672,279643829,22553610,11076402,343559,773,0,0
C025244,3636604,43639248,1990505,23886060,94413959,48685680,31896909,247114,743,0,0
C025245,5509468,66113616,3555890,42670680,284565059,109318686,65330838,785782,781,0,1
C025246,4204909,50458908,2903431,34841172,367490453,29554353,29554353,424811,798,1,0
C025247,2895027,34740324,1954163,23449956,28400165,19524517,10882065,114717,762,0,0
C025248,4982101,59785212,2756264,33075168,238580641,64326161,37441911,413679,818,0,0
C025249,8545691,102548292,4687220,56246640,632630085,102324883,88442333,666344,786,1,0
C025250,4174885,50098620,3256758,39081096,580623661,25307679,19637705,286457,815,0,0
C025251,4365660,52387920,1933411,23200932,327525629,71662657,64805125,427204,810,0,0
C025252,6705289,80463468,2815575,33786900,81449513,48495353,48495353,1147542,777,0,0
C025253,3269526,39234312,2398543,28782516,164891549,40873065,40873065,390732,789,1,0
C025254,4243765,50925180,2612519,31350228,107525064,48242407,28833321,84875,826,0,0
C025255,5128852,61546224,2646548,31758576,585204247,51900264,51900264,753619,807,0,0
C025256,2929132,35149584,2286808,27441696,105136485,23496023,23496023,333620,862,0,0
C025257,2646446,31757352,1802124,21625488,163989529,64177230,64177230,370301,729,0,0
C025258,3622940,43475280,1866254,22395048,76999726,20558432,13859590,239253,758,1,0
C025259,2427487,29129844,1710711,20528532,83960661,37287395,37287395,340294,783,0,0
C025260,7291992,87503904,2474290,29691480,291068763,37464829,33824200,145840,712,0,0
C025261,4069037,48828444,2696574,32358888,73039126,58753505,58753505,759255,802,0,0
C025262,1800000,21600000,1060016,12720192,128613465,24774660,24368215,229047,781,0,1
C025263,12000000,144000000,9212327,110547924,701288079,115995406,98610525,781691,801,0,0
C025264,5454837,65458044,2941823,35301876,186889552,62865267,59328271,762160,802,0,0
C025265,4809581,57714972,2303893,27646716,432201110,25377906,25377906,358399,767,0,0
C025266,6464311,77571732,3750086,45001032,128017168,30045201,12464643,680990,732,1,1
C025267,3302467,39629604,1841502,22098024,303538800,98101899,82231642,525320,711,0,0
C025268,4705119,56461428,2867563,34410756,790459992,44377229,36070308,735955,747,0,0
C025269,4979853,59758236,2635426,31625112,168255238,119605945,85320960,443719,763,0,0
C025270,3481494,41777928,2239686,26876232,174962166,37332641,27772634,196048,823,0,0
C025271,2612655,31351860,1954154,23449848,23536569,27768040,21417219,270453,802,0,0
C025272,2043033,24516396,1238960,14867520,15963935,24537705,24537705,232065,790,0,0
C025273,3872875,46474500,2612907,31354884,511473488,54018727,21819225,77458,799,0,0
C025274,6720666,80647992,4908609,58903308,447830696,47601366,25266076,325708,736,1,0
C025275,6687854,80254248,3511783,42141396,94498075,73199495,37440038,255431,750,0,0
C025276,4210250,50523000,2220060,26640720,270778396,115252916,86684351,1127703,717,0,0
C025277,7204762,86457144,3565266,42783192,843521501,102052310,95540232,1134308,848,0,0
C025278,2103685,25244220,1001681,12020172,128005159,10486250,7833379,99987,905,0,0
C025279,6305042,75660504,3613326,43359912,309653378,64435517,15146648,642244,815,1,0
C025280,4973117,59677404,2788275,33459300,758045362,46123871,27359583,739452,758,0,0
C025281,3241354,38896248,1717951,20615412,66817100,34253425,34253425,417606,716,0,0
C025282,3383222,40598664,2161588,25939056,238613866,61434789,57436677,502411,727,0,0
C025283,4856450,58277400,2729222,32750664,250634763,90589808,86990504,760827,772,0,0
C025284,4439607,53275284,3268607,39223284,504593164,96180495,92923590,712173,803,0,0
C025285,8044910,96538920,6613338,79360056,123427981,53652550,40442931,570219,721,0,0
C025286,2206520,26478240,1173739,14084868,29080594,34240946,25062904,264811,802,0,0
C025287,5114280,61371360,4199020,50388240,473512938,44857521,24079287,467928,749,0,0
C025288,12000000,144000000,7566340,90796080,298613754,93837630,45133471,585481,695,0,0
C025289,3814542,45774504,953636,11443632,587015177,35059364,30582218,144294,785,0,0
C025290,4647860,55774320,2337297,28047564,148336379,182500099,175770753,1281780,790,0,1
C025291,2832092,33985104,1275802,15309624,68607810,26492440,20476456,229832,815,0,0
C025292,1872601,22471212,885827,10629924,77146767,17208746,17208746,204916,741,0,0
C025293,3124403,37492836,2174610,26095320,317568667,38062425,26455385,301164,889,0,0
C025294,3994217,47930604,2352132,28225584,62617742,89565772,67916212,691008,787,0,0
C025295,3652428,43829136,2006823,24081876,121633665,99212186,89428636,640463,757,0,0
C025296,3340872,40090464,2266889,27202668,121758630,19401204,7969646,187905,777,0,0
C025297,2337077,28044924,1743039,20916468,106673992,28031735,27159703,181704,795,0,0
C025298,2937731,35252772,1846962,22163544,74591339,35101318,27497156,388234,733,0,0
C025299,2488123,29857476,1560625,18727500,227107911,18846680,14264633,257118,750,0,0
C025300,7456067,89472804,4092119,49105428,244058447,172448513,121067218,1013490,846,0,0
C025301,3449521,41394252,2710134,32521608,184236843,33414186,24390728,300038,708,1,0
C025302,3835867,46030404,2198783,26385396,98949582,141435009,140011501,999238,812,0,0
C025303,3614343,43372116,1254503,15054036,426111403,50115673,50115673,401329,702,0,0
C025304,11182592,134191104,6817280,81807360,263472280,58118002,58118002,223652,835,0,0
C025305,4053845,48646140,2071131,24853572,292531754,17873307,7476933,476742,731,0,0
C025306,4223748,50684976,2504276,30051312,187282985,148547176,146409272,1022420,763,0,0
C025307,4578217,54938604,3603921,43247052,139649877,182675144,178349994,1321657,687,1,1
C025308,2733235,32798820,683309,8199708,89498225,58873487,52292880,370927,754,0,0
C025309,4765173,57182076,2238221,26858652,218497817,33414327,25571749,475507,785,0,0
C025310,2370109,28441308,1683486,20201832,51204552,9556588,9556588,160861,778,0,0
C025311,7953184,95438208,5709205,68510460,745218067,51388895,33139702,553141,770,0,0
C025312,4638246,55658952,2501908,30022896,480260721,26722993,22104814,437209,790,0,0
C025313,2224142,26689704,1381667,16580004,168769790,41001964,30640265,409311,681,0,0
C025314,1800000,21600000,1014322,12171864,297378749,29657701,16953244,140899,847,0,0
C025315,5289623,63475476,3359133,40309596,221629431,85649766,85649766,387215,816,0,0
C025316,2617496,31409952,1726448,20717376,143712074,54287720,39467015,341976,715,1,1
C025317,7018949,84227388,5570326,66843912,132074838,161573621,149840399,1558192,767,0,1
C025318,6333223,75998676,4858883,58306596,400024094,79622019,43355663,532455,853,0,0
C025319,4890970,58691640,2781798,33381576,137315376,52842457,52842457,673672,766,0,0
C025320,3455751,41469012,1526896,18322752,250971625,35454224,23371048,216840,818,0,0
C025321,7346835,88162020,4422003,53064036,876637860,60979013,49602181,475869,847,0,0
C025322,2230940,26771280,1404411,16852932,122871612,38127467,34733007,299923,726,3,0
C025323,3173155,38077860,2423681,29084172,51502117,70583291,60753626,614628,698,0,1
C025324,3092793,37113516,798007,9576084,242161789,14603597,14162234,206370,806,1,0
C025325,4056759,48681108,2452198,29426376,161488996,42107965,25774843,464104,745,0,0
C025326,3603316,43239792,900829,10809948,101891273,90221344,87111459,693287,861,0,0
C025327,5809541,69714492,3052563,36630756,387021888,28215199,23373810,318430,796,0,0
C025328,3031566,36378792,1431526,17178312,87273297,50887069,46654211,423163,801,0,0
C025329,7410476,88925712,4169074,50028888,947932796,116828143,63504679,777276,894,0,0
C025330,5017795,60213540,2007839,24094068,201395071,39562787,21583313,164444,866,0,0
C025331,1800000,21600000,1224336,14692032,47942840,9972024,9972024,111268,834,0,0
C025332,2705408,32464896,1332046,15984552,377603954,32605209,32605209,268254,813,0,0
C025333,5284850,63418200,3682324,44187888,395332081,20432960,19079861,278282,731,0,0
C025334,2922444,35069328,1830132,21961584,112130994,45377120,27326516,126629,722,0,0
C025335,4224400,50692800,1992877,23914524,127742361,57061851,57061851,699125,895,0,0
C025336,2553909,30646908,2271088,27253056,71402874,25798720,15884974,167041,870,0,0
C025337,2680778,32169336,952742,11432904,52491685,14126064,10094428,156852,742,0,0
C025338,3518341,42220092,1796147,21553764,148513508,33915300,31892051,322163,848,0,0
C025339,2942286,35307432,2239831,26877972,82852439,35827749,26933145,271196,841,0,0
C025340,4928941,59147292,2713998,32567976,134713227,17961966,17275134,352638,792,0,0
C025341,5868462,70421544,3483542,41802504,100786931,59365752,28402466,187932,834,0,0
C025342,3501810,42021720,1963112,23557344,64431457,38134182,27924000,381321,765,0,0
C025343,1800000,21600000,920044,11040528,43488113,28760228,22703556,175268,819,0,0
C025344,4808457,57701484,2225791,26709492,807820776,79398062,60389808,746033,770,0,0
C025345,2195486,26345832,1212512,14550144,85726016,26583706,19995383,232704,790,0,0
C025346,3540477,42485724,1427267,17127204,313001658,39568097,39568097,125374,817,0,0
C025347,2755996,33071952,2156881,25882572,132453756,36262476,22468984,241918,782,1,0
C025348,4266834,51202008,2739048,32868576,277648427,76093075,50387119,505025,864,0,0
C025349,8639590,103675080,7226082,86712984,320364536,57778297,28513803,690396,726,0,0
C025350,4084524,49014288,2401551,28818612,353830965,23125590,13760503,408407,768,0,0
C025351,7958733,95504796,5487506,65850072,596467736,54035571,54035571,1126821,772,0,0
C025352,3404388,40852656,1629338,19552056,112774424,53051218,37098024,414925,771,0,0
C025353,4119817,49437804,2890118,34681416,146177463,19863832,15582019,270750,789,0,0
C025354,2484631,29815572,1545481,18545772,309714825,37005189,33188144,443374,690,1,0
C025355,2729159,32749908,1623800,19485600,139089878,142035390,142035390,883984,693,0,0
C025356,2642972,31715664,1632806,19593672,40024580,37094754,26581681,399743,745,0,0
C025357,3028333,36339996,2623471,31481652,62782295,49299555,30712397,400658,684,2,1
C025358,5956528,71478336,4240901,50890812,329683658,39516205,25752111,128015,782,0,0
C025359,2453749,29444988,916140,10993680,159322551,15211330,13854547,119398,837,0,0
C025360,3066357,36796284,1512408,18148896,81750631,28079002,15577797,261600,687,1,0
C025361,4309384,51712608,1823179,21878148,81035753,12783035,12783035,271531,807,0,0
C025362,3649940,43799280,2343919,28127028,364520816,51708252,40576720,615212,745,0,0
C025363,2821126,33853512,1984154,23809848,42707942,25653847,9333790,356899,734,1,0
C025364,2090414,25084968,522604,6271248,63226490,56788210,49849851,464978,742,0,0
C025365,4806309,57675708,2211682,26540184,153545032,33901834,16940978,174206,903,0,0
C025366,4566209,54794508,3307345,39688140,170631909,22812276,22664596,252060,802,0,0
C025367,5464467,65573604,2786019,33432228,132994797,76400952,69540910,751726,770,0,0
C025368,5523693,66284316,2565062,30780744,638061192,30693090,30693090,406234,831,0,0
C025369,3736732,44840784,1647682,19772184,216815295,21882228,21882228,158469,931,0,0
C025370,3629212,43550544,1183720,14204640,273383451,23710762,14454712,79154,858,0,0
C025371,4474783,53697396,2675514,32106168,334718225,33715670,31332990,193942,743,0,0
C025372,4332130,51985560,2454726,29456712,158953057,42271737,36560402,161698,751,0,0
C025373,3569836,42838032,1262088,15145056,53105445,82619894,47694824,380282,851,0,0
C025374,3381151,40573812,2484324,29811888,325323385,19615997,19615997,350626,733,0,0
C025375,3350378,40204536,2523788,30285456,150278896,43180398,43180398,477261,694,1,1
C025376,4424573,53094876,1664079,19968948,455007334,47800063,18128717,157935,790,0,0
C025377,3860969,46331628,1544567,18534804,44454198,31432343,20724059,164553,896,0,0
C025378,4848328,58179936,3139289,37671468,87503057,72464244,72464244,622977,786,0,0
C025379,5530004,66360048,2766474,33197688,308089124,112314754,67095660,355434,787,0,0
C025380,5396149,64753788,2270079,27240948,102255700,86153659,72904363,733329,903,0,0
C025381,4558140,54697680,2342426,28109112,197749685,69207137,69207137,420806,761,0,0
C025382,1800000,21600000,1423754,17085048,116648620,6565383,6377589,119600,789,0,0
C025383,7481334,89776008,4636905,55642860,230622308,229604595,161938923,1780595,669,0,1
C025384,1800000,21600000,1138951,13667412,32684002,18003379,10752362,122271,718,0,0
C025385,5694843,68338116,3027025,36324300,332271631,249398638,235370837,1454581,741,0,0
C025386,9724071,116688852,4465653,53587836,331213556,88397718,88397718,1325973,815,0,0
C025387,6774535,81294420,3804834,45658008,154554562,104791731,101103794,768787,747,0,0
C025388,5390414,64684968,3628907,43546884,90879121,128217837,117756165,1012280,759,0,0
C025389,1964645,23575740,858163,10297956,74869846,29073216,15840879,169479,759,0,0
C025390,7118061,85416732,3001762,36021144,406949973,42309267,42309267,225490,793,0,0
C025391,3565642,42787704,2635838,31630056,301737699,15553833,7934898,150024,840,0,0
C025392,8305073,99660876,4885068,58620816,240927043,78705142,37926686,197197,803,0,0
C025393,2948396,35380752,1370309,16443708,262328614,40007462,38652053,287295,756,0,0
C025394,2651256,31815072,1461383,17536596,55129447,23420368,15714787,159590,660,1,1
C025395,5976849,71722188,4579663,54955956,127335741,67575001,46657229,597779,771,0,0
C025396,5487191,65846292,3745587,44947044,270877332,88430575,88430575,562550,857,0,0
C025397,4850695,58208340,3748784,44985408,178905690,115298268,113976190,868032,751,0,1
C025398,3802071,45624852,1960777,23529324,139247033,30390976,23220140,76041,833,0,0
C025399,4994369,59932428,3096105,37153260,183031578,34250090,23201621,474241,747,0,0
C025400,2015965,24191580,1158166,13897992,93291398,41564628,41564628,494229,843,0,0
C025401,2779613,33355356,2256084,27073008,231915507,59898654,54067308,640039,691,0,0
C025402,4857938,58295256,3099708,37196496,150815893,77925479,69934189,460395,812,0,0
C025403,5628835,67546020,2400164,28801968,238948749,142751458,113339191,693239,795,0,0
C025404,3661914,43942968,2793230,33518760,348064653,49923063,35828495,296439,824,0,0
C025405,5282333,63387996,3412538,40950456,868963189,160592717,156042036,1247208,809,1,1
C025406,5223352,62680224,3773228,45278736,186798001,86339341,64031915,1043215,647,0,0
C025407,5264201,63170412,4642444,55709328,285788047,120293902,108282393,841274,695,0,1
C025408,3245425,38945100,1679981,20159772,98682248,31945051,26406806,127349,834,0,0
C025409,2363099,28357188,2037765,24453180,44522336,44433738,36952947,358270,779,0,0
C025410,8199927,98399124,3153197,37838364,310723482,74797480,61746719,884918,769,0,0
C025411,3071649,36859788,1773801,21285612,386672635,121268160,109646638,816952,795,0,0
C025412,4082069,48984828,2047052,24564624,111350934,37680973,24882810,379173,727,0,0
C025413,6755480,81065760,3915554,46986648,309867345,48069337,43584298,923659,844,0,0
C025414,5202828,62433936,1788860,21466320,145669918,105600934,89708834,759962,698,1,0
C025415,5863653,70363836,3502481,42029772,303457569,95547661,64865351,464653,792,0,0
C025416,4357655,52291860,2313627,27763524,439146765,20617263,20617263,283615,732,0,0
C025417,4676664,56119968,2946521,35358252,154637515,33698872,31634558,471206,772,0,0
C025418,6949389,83392668,3419802,41037624,220628075,34250293,32099406,282259,775,0,0
C025419,6861945,82343340,4281624,51379488,1152806760,94944147,55712925,438079,740,0,0
C025420,4272834,51274008,2240592,26887104,375837601,58595558,35137916,312185,878,0,0
C025421,4146433,49757196,2306913,27682956,131673256,142127080,107159256,921002,727,0,0
C025422,5991860,71902320,3070052,36840624,166261299,46305938,28213713,316532,778,0,0
C025423,4476512,53718144,1463733,17564796,734734160,36224505,26186654,451640,804,0,0
C025424,4075042,48900504,1976853,23722236,143931269,83314774,72120491,620629,729,0,0
C025425,3906169,46874028,2456851,29482212,324649979,46156487,46156487,371627,950,0,0
C025426,7863479,94361748,3930021,47160252,292418380,70437028,65716949,989855,840,1,0
C025427,4730902,56770824,3693267,44319204,97314152,46490482,25214517,311816,753,0,0
C025428,6289486,75473832,4099884,49198608,157256987,168786384,131110823,1195225,681,1,1
C025429,4023164,48277968,1989498,23873976,254420541,142551147,136745492,851988,845,0,0
C025430,3795789,45549468,1569534,18834408,62590914,43779402,18958870,291283,846,0,0
C025431,4562833,54753996,1763750,21165000,203091136,71607113,57449938,396082,857,0,0
C025432,4096564,49158768,1633985,19607820,121652230,54775198,54775198,725307,869,0,0
C025433,2752851,33034212,1339183,16070196,78852697,49202243,30925054,149661,776,0,0
C025434,3700501,44406012,2078504,24942048,140947215,40326364,16864015,306845,770,0,0
C025435,7730724,92768688,5852212,70226544,205765453,76228686,46223145,378039,738,0,0
C025436,4320947,51851364,2622307,31467684,307819205,22789422,22789422,350113,775,0,0
C025437,3328278,39939336,2404835,28858020,321709034,59597729,54959433,647099,902,0,0
C025438,6141732,73700784,4187823,50253876,320438725,96625068,78212907,881189,670,0,0
C025439,4537133,54445596,3409881,40918572,616456576,37145081,23039921,446636,790,0,0
C025440,4797544,57570528,2486256,29835072,204385040,66432703,54653571,445226,853,0,0
C025441,2688539,32262468,1510295,18123540,128736295,28164323,26061312,322961,804,0,0
C025442,4008637,48103644,1798505,21582060,282659697,71105291,62563933,303776,766,0,0
C025443,2911961,34943532,2205525,26466300,129015690,136424495,122877385,776088,666,1,1
C025444,2928906,35146872,2141118,25693416,81114207,62753846,50405982,319136,718,1,0
C025445,6029513,72354156,3856040,46272480,174609678,127709431,124393288,953360,856,0,0
C025446,5339168,64070016,4142632,49711584,169573659,26659008,23192305,569534,684,0,0
C025447,3730742,44768904,2194464,26333568,235156746,57893146,40264692,579757,717,0,0
C025448,2730300,32763600,1496942,17963304,50446885,49761317,34771925,184295,825,0,0
C025449,3638671,43664052,1937185,23246220,127231207,38538040,27100955,207734,800,0,0
C025450,2866373,34396476,1317842,15814104,127800251,40013988,30318284,420148,793,0,0
C025451,3707198,44486376,2488692,29864304,261955022,28414699,28414699,136897,883,0,0
C025452,4636893,55642716,3165365,37984380,234039373,21109223,14976101,657017,734,0,0
C025453,4475519,53706228,1406113,16873356,101075371,43730010,42259692,620693,809,0,0
C025454,3425082,41100984,2873757,34485084,160267606,10875711,10875711,179210,869,1,0
C025455,3694222,44330664,1725068,20700816,210373178,59858149,59088480,479729,899,0,0
C025456,4989916,59878992,3100112,37201344,255616278,108056735,98467150,856433,753,0,0
C025457,2043822,24525864,643891,7726692,188915395,73703717,63502099,513926,861,0,0
C025458,3960006,47520072,2436535,29238420,239204362,39459021,34717349,235412,790,0,0
C025459,3058568,36702816,2092191,25106292,67961348,57366761,54796457,414733,785,0,0
C025460,6545518,78546216,4810897,57730764,260185667,107844077,77671502,1137390,689,0,0
C025461,5887817,70653804,2227544,26730528,165037865,88210687,59524131,285560,869,0,0
C025462,5300933,63611196,3379227,40550724,82834123,61168882,22548791,180344,735,0,0
C025463,5667086,68005032,2154330,25851960,663597147,73950539,73950539,753535,740,0,0
C025464,3024980,36299760,1586244,19034928,110614901,55060081,46999579,527061,712,0,0
C025465,4599030,55188360,2307418,27689016,373213329,129397685,126589999,922755,758,0,0
C025466,4767080,57204960,3012717,36152604,168819982,30155595,27600810,502353,769,0,0
C025467,2025611,24307332,1237374,14848488,88320297,18337662,8823501,117170,747,0,0
C025468,3219020,38628240,1039269,12471228,540795360,11254268,7456811,171582,869,0,0
C025469,2856265,34275180,1605106,19261272,408133694,29328298,27435997,431533,773,0,0
C025470,5491346,65896152,2384053,28608636,369546355,28882670,22960866,207929,766,0,0
C025471,2430431,29165172,1845271,22143252,31525561,58584979,53259438,513997,704,0,0
C025472,3157531,37890372,2240919,26891028,530465208,58781352,50574628,611616,710,0,0
C025473,3372876,40474512,1452567,17430804,91473654,106320678,102348570,675782,786,0,0
C025474,2600203,31202436,1405316,16863792,21618701,22220539,18390860,208703,764,0,0
C025475,3743025,44916300,3443240,41318880,151019438,64780212,61980947,446889,684,1,0
C025476,5629862,67558344,3761895,45142740,218715819,98746202,92958975,927515,791,0,0
C025477,3171213,38054556,1981917,23783004,197638114,12014581,12014581,325928,797,0,0
C025478,2456192,29474304,1206269,14475228,84603954,75343361,63825255,601512,698,0,0
C025479,5919577,71034924,2708889,32506668,990526666,112913069,72989674,756566,805,0,0
C025480,3930551,47166612,2455363,29464356,319660811,44659511,37348706,264647,759,0,0
C025481,3503094,42037128,2453403,29440836,84294819,123917971,123917971,906522,707,0,0
C025482,2993833,35925996,1765909,21190908,163520632,27271431,17918630,265503,801,0,0
C025483,3635568,43626816,2233946,26807352,274503376,36845876,36845876,415842,754,0,0
C025484,2988833,35865996,1559289,18711468,256015380,63998527,59524940,420411,817,1,0
C025485,3863689,46364268,2395179,28742148,156350440,90828715,73752646,469855,704,0,0
C025486,4699785,56397420,3354143,40249716,65520745,44394149,31700671,574302,657,1,0
C025487,2787315,33447780,1111732,13340784,109258273,23234511,19691373,203219,847,0,1
C025488,4083799,49005588,1783135,21397620,99168001,38322849,23921636,199481,820,0,0
C025489,7794904,93538848,5202761,62433132,455268409,136567088,108258742,1055724,801,1,0
C025490,4952241,59426892,1850464,22205568,693522143,44211370,11434705,307327,810,1,0
C025491,3512317,42147804,1232725,14792700,304035478,30007499,30007499,414542,754,0,0
C025492,5895851,70750212,3989000,47868000,183555366,81675785,79635057,502580,657,0,0
C025493,2613665,31363980,2140714,25688568,418022425,58546261,44613616,413662,645,1,0
C025494,6305600,75667200,3869573,46434876,595235890,69288302,69288302,798608,779,1,0
C025495,1887466,22649592,1195629,14347548,54340389,9269448,8171234,228796,782,2,0
C025496,2901863,34822356,1491858,17902296,94402458,26280522,26280522,336823,950,0,0
C025497,4454729,53456748,3295824,39549888,40279744,35330996,35330996,359301,707,0,0
C025498,4496631,53959572,3387620,40651440,246032304,95816359,91616931,604584,754,0,0
C025499,2844571,34134852,1561360,18736320,125101889,27086693,23941991,82507,804,1,0
C025500,4061971,48743652,1850932,22211184,256759004,38149302,11490119,412205,754,0,0
C025501,3446754,41361048,2093610,25123320,22746045,77728608,54059606,250327,773,0,1
C025502,3802524,45630288,1237873,14854476,166938396,23307919,23307919,77212,740,0,0
C025503,5853813,70245756,3191961,38303532,230981252,25857892,25857892,413528,821,0,0
C025504,4676702,56120424,3511973,42143676,781615172,33180659,31677569,355028,859,0,0
C025505,3164169,37970028,2317688,27812256,169084292,31884537,29605561,274126,812,0,0
C025506,1800000,21600000,873674,10484088,77463929,12929750,9625184,95499,799,0,0
C025507,9080537,108966444,5176203,62114436,209271419,134115825,105566314,1100145,806,0,0
C025508,6057010,72684120,4464616,53575392,349806875,28987909,25328351,730429,811,0,0
C025509,1878122,22537464,1089419,13073028,111409538,54266668,48727385,349283,758,0,0
C025510,7723433,92681196,5692231,68306772,353892662,105329414,102583158,1225000,708,0,0
C025511,6220741,74648892,3562112,42745344,399204550,138687104,98163243,1117204,812,0,1
C025512,6301509,75618108,2455153,29461836,117359479,77591090,72969329,522717,868,0,0
C025513,4572832,54873984,2773887,33286644,201988964,41388291,38681092,559645,781,0,0
C025514,2617239,31406868,1065377,12784524,35702396,79401382,76403070,557805,681,0,0
C025515,2786158,33433896,1901680,22820160,240713861,46728769,32421922,531522,754,0,1
C025516,3448677,41384124,1067895,12814740,390072888,20994160,12422269,68974,759,0,0
C025517,2469485,29633820,887914,10654968,217491432,28509705,14310865,162215,874,0,0
C025518,7154883,85858596,3522241,42266892,199950864,99781137,91257307,782569,890,0,0
C025519,3612113,43345356,2147103,25765236,182406517,83112815,69596928,323435,848,0,0
C025520,5412222,64946664,3343015,40116180,189510395,76528856,64951806,446268,863,0,1
C025521,3929889,47158668,2811172,33734064,107908080,23590848,19023875,156982,781,0,0
C025522,3892813,46713756,2717722,32612664,170890740,16617752,16617752,427976,838,0,0
C025523,3832954,45995448,2076782,24921384,69451288,81967181,61452044,795071,715,0,1
C025524,3838114,46057368,2012685,24152220,112611204,31446997,29894123,470583,861,0,0
C025525,7259541,87114492,3504885,42058620,307873545,89997100,61801504,702715,865,0,0
C025526,3061735,36740820,1143836,13726032,98060727,40775020,40346840,207350,804,0,0
C025527,3099442,37193304,1921440,23057280,189268252,32956664,18274519,259409,749,0,0
C025528,4692131,56305572,1550251,18603012,283684521,32517703,24748329,427038,781,0,0
C025529,3016595,36199140,1738721,20864652,136064448,33452521,25119609,472627,664,2,0
C025530,3852510,46230120,2300807,27609684,622110224,29026194,19650697,457530,796,0,0
C025531,9474872,113698464,6069370,72832440,491432557,553167950,511643088,3470689,857,0,0
C025532,2197864,26374368,1452899,17434788,44360339,45531415,37792684,316201,806,0,0
C025533,5165789,61989468,3512773,42153276,284087004,133846306,120572345,740232,829,0,0
C025534,2947527,35370324,2338398,28060776,78276702,8281298,8011463,295638,681,1,0
C025535,4500425,54005100,2830225,33962700,90966426,139856812,126364331,889282,848,0,0
C025536,4805240,57662880,3291057,39492684,89252539,52246327,30986423,374913,743,0,0
C025537,2942892,35314704,1837055,22044660,100768592,44510005,41579177,435336,797,0,0
C025538,7394337,88732044,4221929,50663148,331969555,31544284,31544284,699344,758,0,0
C025539,8091967,97103604,5141014,61692168,313463722,176707030,135320862,1713645,638,0,1
C025540,2967186,35606232,1535604,18427248,109990465,76098301,66121137,465247,772,0,0
C025541,1800000,21600000,1084670,13016040,42796069,8067563,8019721,271879,703,1,0
C025542,3323651,39883812,2047599,24571188,119850214,17473765,13535562,324075,866,0,0
C025543,2909721,34916652,1190220,14282640,47660054,19693234,5791585,136263,813,0,0
C025544,4253247,51038964,2248724,26984688,458162688,124017060,124017060,885385,796,0,0
C025545,5037077,60444924,2906976,34883712,108602974,33865182,33865182,570517,774,0,0
C025546,3203240,38438880,1088126,13057512,184437601,73842269,59799294,389815,733,0,0
C025547,4525069,54300828,2048559,24582708,455327623,56507013,47360192,639328,818,0,0
C025548,3473491,41681892,2036342,24436104,199071089,11651883,10528700,267531,739,0,0
C025549,3495807,41949684,2365317,28383804,80870543,9298602,9298602,330466,778,0,0
C025550,3842379,46108548,2050540,24606480,82382366,21581112,13529779,407282,767,0,0
C025551,1962145,23545740,822552,9870624,72539677,24448045,24448045,195393,769,0,0
C025552,2704087,32449044,1188978,14267736,115740634,31216077,24327946,154634,876,0,0
C025553,1935738,23228856,775009,9300108,128077247,26609760,17961468,178706,758,0,0
C025554,3802504,45630048,1673674,20084088,147590735,31074779,31074779,191622,809,0,0
C025555,4011476,48137712,1773339,21280068,347338825,43535122,25616497,577091,826,0,0
C025556,3619795,43437540,1823070,21876840,91589668,92536196,74689030,305171,782,0,0
C025557,4740013,56880156,2949717,35396604,128847380,62793713,47455742,562059,757,1,0
C025558,2604645,31255740,1255646,15067752,22296462,57332475,37180400,344841,792,0,0
C025559,4432276,53187312,3187153,38245836,138911101,44189740,43528257,574729,751,0,0
C025560,3679632,44155584,1825799,21909588,88558529,46364361,28013379,491347,760,0,0
C025561,4020667,48248004,2094228,25130736,213107048,33841442,25472487,336500,788,0,0
C025562,4581336,54976032,1718059,20616708,378454506,30394862,30394862,209237,819,0,0
C025563,2237584,26851008,716074,8592888,73827447,23377046,8766542,115338,822,0,0
C025564,5012126,60145512,1964377,23572524,79317407,45522757,45522757,459143,811,0,0
C025565,2872273,34467276,905846,10870152,45319169,36805050,34176567,196385,859,1,0
C025566,12000000,144000000,5732964,68795568,177037028,110661521,106142553,510513,894,0,0
C025567,2294498,27533976,1607397,19288764,101019438,36176461,32283010,315958,722,0,0
C025568,6189394,74272728,4533713,54404556,186923900,16078065,16078065,227947,682,0,0
C025569,3434429,41213148,2713306,32559672,454515215,55802958,40795640,305808,785,0,0
C025570,5567653,66811836,4039473,48473676,198184849,240538925,210014391,1235598,792,1,0
C025571,5993032,71916384,2664523,31974276,277832591,90927228,85462366,748060,806,0,0
C025572,8144030,97728360,3441225,41294700,751027218,116248680,116248680,461960,805,0,0
C025573,2699636,32395632,1935506,23226072,30189748,26743758,13175930,191531,751,0,0
C025574,7613475,91361700,5258339,63100068,191377732,108062020,62371487,919529,707,1,0
C025575,3433410,41200920,1301982,15623784,261744866,32766080,21148202,68668,793,0,0
C025576,3998012,47976144,2517538,30210456,643502501,73049514,71917853,501396,826,0,0
C025577,5017698,60212376,2077653,24931836,196178872,35343638,15547801,281312,737,0,0
C025578,3676710,44120520,2314307,27771684,345316074,55992860,45454554,283924,726,0,1
C025579,2564151,30769812,1730798,20769576,23326621,32446676,23330343,218156,728,0,0
C025580,3709413,44512956,1885309,22623708,92823513,68526457,66772391,333252,874,0,0
C025581,4563327,54759924,3088151,37057812,79439441,88836887,88836887,603378,772,0,0
C025582,10598064,127176768,4945572,59346864,302234294,110053924,73375134,1482155,717,0,0
C025583,2145521,25746252,1525239,18302868,32718326,45742860,30281370,331415,686,0,0
C025584,3646512,43758144,1975167,23702004,248529555,23643204,8896201,72930,802,0,0
C025585,3335758,40029096,2163209,25958508,163019777,14681961,14681961,167641,795,0,0
C025586,2703795,32445540,1331201,15974412,160577020,39052628,38714625,429565,823,0,0
C025587,1935741,23228892,1141239,13694868,91345036,14885692,9071602,91679,788,0,0
C025588,3393223,40718676,1709758,20517096,108845563,27870175,21871465,311129,789,0,0
C025589,2948985,35387820,2351646,28219752,147172395,21505325,12909992,164525,795,0,0
C025590,2771447,33257364,1718337,20620044,181027959,31366982,26645349,273778,839,0,0
C025591,3976456,47717472,1757377,21088524,133456953,28671757,28671757,495795,752,0,0
C025592,5982281,71787372,3297608,39571296,78164315,102668251,77284545,683517,747,0,0
C025593,4556414,54676968,1889882,22678584,70109609,47764747,32385251,243031,777,0,0
C025594,6427641,77131692,4409966,52919592,41054607,90342401,43501937,553461,695,1,0
C025595,6062705,72752460,3980937,47771244,625268970,47345809,26663153,349699,752,0,0
C025596,4846064,58152768,2496202,29954424,382052095,20748368,20748368,202163,784,0,0
C025597,4781735,57380820,3472665,41671980,187854924,97529130,78942101,752603,798,0,0
C025598,4611614,55339368,2681902,32182824,103635590,116134644,92762287,504090,786,0,0
C025599,2486380,29836560,1786234,21434808,71713262,17118279,17118279,180928,900,0,0
C025600,4186327,50235924,2881893,34582716,79990721,109088881,72541303,426219,731,1,0
C025601,2311273,27735276,1390374,16684488,130230248,33392554,26815553,50000,747,0,0
C025602,2595464,31145568,910377,10924524,184566558,18022627,18022627,382760,795,0,0
C025603,2907045,34884540,2307986,27695832,24780244,48998868,36370945,269203,849,0,0
C025604,3314042,39768504,1511859,18142308,100819862,21048728,21048728,203631,855,0,0
C025605,2325920,27911040,1212508,14550096,62503244,12951748,6898986,50000,803,0,0
C025606,5869059,70428708,2474771,29697252,261005823,83424590,65081713,508124,884,0,0
C025607,5240396,62884752,3074674,36896088,228017088,27440559,20100793,104808,814,0,0
C025608,3273101,39277212,1923452,23081424,144550046,41153757,34538293,124492,797,0,0
C025609,3500610,42007320,2167564,26010768,287954398,29552038,29552038,290609,776,0,0
C025610,5528457,66341484,2413883,28966596,58874022,35284923,25720725,550111,752,0,0
C025611,2213200,26558400,1661191,19934292,73281162,7902875,5802506,50000,709,1,0
C025612,4729342,56752104,2894785,34737420,269077200,61523665,48972314,622771,758,0,0
C025613,4894555,58734660,3526947,42323364,145892621,141756501,113587162,881844,687,0,0
C025614,6388908,76666896,3763445,45161340,46751283,38566728,32872828,375686,822,0,0
C025615,2377831,28533972,1787363,21448356,43931316,25380307,17489031,126153,808,0,0
C025616,3195297,38343564,1431900,17182800,224566746,64177536,64177536,473725,820,0,0
C025617,4582585,54991020,3558902,42706824,351903465,251147930,240102612,1552238,605,0,1
C025618,2397693,28772316,2049328,24591936,27711810,83952890,83952890,425511,811,0,0
C025619,3240539,38886468,1454197,17450364,124469342,42828221,42828221,282817,826,0,0
C025620,6132313,73587756,4886510,58638120,113824363,37896146,37138547,174729,801,0,0
C025621,5962013,71544156,5330708,63968496,359054246,19679009,17810612,173501,747,0,0
C025622,2309805,27717660,1616536,19398432,77975410,29081463,29081463,129910,807,0,0
C025623,8161850,97942200,5243623,62923476,331736022,50546141,44317719,850375,888,0,0
C025624,9389758,112677096,4176986,50123832,365753510,132713207,96658290,1232615,743,0,0
C025625,2183001,26196012,1182569,14190828,266650131,27965830,18119600,373028,800,0,0
C025626,2361628,28339536,1899897,22798764,185981126,56582046,44430839,345793,757,0,0
C025627,2310794,27729528,1387468,16649616,90499374,62883153,48800721,430534,733,3,0
C025628,7431384,89176608,4174707,50096484,197805068,136518346,134816443,1386310,799,0,0
C025629,1800000,21600000,866192,10394304,119824455,44046760,38363174,442531,742,0,0
C025630,4600915,55210980,2559253,30711036,56588621,24025621,24025621,591783,808,0,0
C025631,3713350,44560200,3131215,37574580,158177963,30067529,28177096,272747,763,0,0
C025632,2997719,35972628,1639324,19671888,137439232,37577603,28198219,280576,737,1,0
C025633,2630424,31565088,2252361,27028332,140584673,63768234,63768234,542369,710,0,0
C025634,5971843,71662116,4103696,49244352,437757826,59270902,38223087,484382,765,0,0
C025635,5167014,62004168,2537520,30450240,53312598,32243500,25112581,133135,832,0,0
C025636,3436604,41239248,1466101,17593212,407206111,30387333,30387333,342127,804,0,0
C025637,1992094,23905128,856318,10275816,68043755,33905196,25856164,304583,788,0,0
C025638,4835812,58029744,3568318,42819816,94125872,67829315,51064426,843526,682,0,0
C025639,6952132,83425584,3799766,45597192,144687294,57741924,53074588,801261,785,0,0
C025640,5037582,60450984,3632301,43587612,449740119,116330618,94424871,897906,715,0,0
C025641,2857957,34295484,2013143,24157716,120985933,10613214,10613214,223125,837,0,0
C025642,4024266,48291192,2473281,29679372,166373461,34297803,34297803,500346,702,0,0
C025643,4074451,48893412,2029266,24351192,324094942,29794817,20267740,291828,756,0,0
C025644,5111614,61339368,3398008,40776096,858751152,36112648,28986298,367841,815,0,0
C025645,3294194,39530328,2078608,24943296,126195810,32382663,7148529,96681,791,0,0
C025646,1944938,23339256,826208,9914496,57049109,7895558,7570057,169671,775,0,0
C025647,2833242,33998904,1783886,21406632,76361783,49629156,40019155,275341,776,0,0
C025648,4365755,52389060,2226222,26714664,171975474,35237413,20773007,144483,823,0,0
C025649,3207327,38487924,1782949,21395388,110969689,30020807,15432550,238626,906,0,0
C025650,2718635,32623620,1169296,14031552,109083832,19967164,14830230,167788,843,0,1
C025651,4225431,50705172,1607483,19289796,88538412,28532009,16186723,245277,881,0,0
C025652,3098849,37186188,2076312,24915744,151433253,39617804,28204047,71438,848,0,0
C025653,5574871,66898452,2385092,28621104,58452265,70423194,41330965,830757,816,0,0
C025654,4686714,56240568,3297621,39571452,228974905,173113620,152632129,1176869,700,1,0
C025655,2346355,28156260,944744,11336928,37694165,30666180,30386706,245382,858,0,0
C025656,5566495,66797940,5425218,65102616,216172444,116809680,94454408,873141,697,0,1
C025657,5882521,70590252,3471563,41658756,100873630,229639326,212569110,1570492,725,0,0
C025658,3597379,43168548,2039731,24476772,140145477,24681193,24340640,128737,770,0,0
C025659,2217450,26609400,1254999,15059988,57996603,26928970,26616521,112042,884,0,0
C025660,2771688,33260256,1900512,22806144,400162038,79843010,54488851,520576,721,0,0
C025661,4079084,48949008,2066124,24793488,99076001,70720528,63546841,442884,713,0,0
C025662,3062054,36744648,2150411,25804932,135128434,22666106,16202708,61241,836,0,0
C025663,4856913,58282956,2872709,34472508,117325083,111305860,93282933,730805,764,0,0
C025664,1800000,21600000,1157500,13890000,96755850,22547453,16782285,50000,835,1,0
C025665,5515735,66188820,3839302,46071624,95747098,180151991,148470031,1103019,634,1,0
C025666,3131396,37576752,1582682,18992184,147233886,26040820,10692785,225155,764,0,0
C025667,3195068,38340816,2561959,30743508,25645417,56238953,45411935,419994,677,0,0
C025668,6183639,74203668,2735191,32822292,125894734,98850443,61912901,354488,828,0,0
C025669,5701615,68419380,2868961,34427532,316651247,91352851,75860035,584827,826,0,0
C025670,3129266,37551192,2333246,27998952,116337682,52947912,35148516,256651,675,0,0
C025671,4354228,52250736,2736718,32840616,173565941,114902464,114052850,805016,763,0,1
C025672,3737947,44855364,934487,11213844,82429567,28259685,20176839,131490,828,0,0
C025673,9014820,108177840,5962756,71553072,683476417,206569383,168106728,1186928,757,0,0
C025674,3619282,43431384,1450268,17403216,159206145,49204389,41794427,326980,750,0,0
C025675,3828870,45946440,2520572,30246864,160010759,24551836,12331057,345447,740,0,1
C025676,2729972,32759664,1147701,13772412,60018417,33769513,31314697,267335,840,0,0
C025677,6011444,72137328,3059999,36719988,177271241,25815945,21049050,120229,848,0,0
C025678,7504606,90055272,5168226,62018712,142980596,199077939,194424483,1001676,681,0,0
C025679,4195864,50350368,2895436,34745232,262294711,39649419,39649419,256617,817,0,0
C025680,5646857,67762284,2585520,31026240,499272042,59618428,59618428,685807,788,0,0
C025681,6447347,77368164,4107486,49289832,238550445,55610227,20561555,449420,759,0,0
C025682,4255712,51068544,3970774,47649288,648526816,33217161,25500514,85114,726,0,0
C025683,2026928,24323136,1352765,16233180,94086569,25802110,20200633,348614,701,1,1
C025684,4473996,53687952,1887575,22650900,459209350,26936375,26936375,629107,797,0,0
C025685,6240708,74888496,3327361,39928332,262821302,119450193,119450193,1172816,787,0,0
C025686,6071238,72854856,3284884,39418608,131116547,28758413,28758413,673650,792,0,0
C025687,3124438,37493256,1579584,18955008,102874137,17679309,12361064,147077,704,0,0
C025688,3760425,45125100,2249211,26990532,64971140,47350058,47350058,430789,740,0,0
C025689,6799760,81597120,3742934,44915208,414110760,200981578,187460287,1367876,723,0,0
C025690,7238201,86858412,3207522,38490264,555905025,75895128,35414390,775991,862,0,0
C025691,5307662,63691944,2375424,28505088,335347483,71003765,47979787,893664,711,1,0
C025692,4327413,51928956,2540805,30489660,357527908,60629742,45353354,330005,816,0,0
C025693,7137896,85654752,3708170,44498040,308635559,50569644,38486077,1031708,754,0,0
C025694,6689902,80278824,4371404,52456848,741269673,51862841,26249538,133798,782,0,0
C025695,2821767,33861204,1881255,22575060,128648786,37589966,32609715,259872,830,0,0
C025696,7747109,92965308,5836382,70036584,759241356,83173148,68876233,431381,804,0,1
C025697,3652703,43832436,1421281,17055372,215255634,55144320,47007318,420034,752,0,0
C025698,2946980,35363760,2044667,24536004,152470448,99468907,94857935,645826,717,0,0
C025699,2807621,33691452,1667273,20007276,122718324,46953595,30580584,236394,728,1,0
C025700,2553611,30643332,1221172,14654064,400658438,3973031,3853413,57531,819,0,0
C025701,6708706,80504472,3969639,47635668,122590736,100946026,99478324,534347,831,0,0
C025702,2682598,32191176,1172320,14067840,59878483,64845451,57121562,391776,794,0,0
C025703,3716720,44600640,1723159,20677908,145158201,11116035,11116035,119924,868,0,0
C025704,4185173,50222076,3019418,36233016,260766047,102481054,97613475,886905,805,0,0
C025705,5097167,61166004,3311285,39735420,270515127,54671739,32330777,445763,920,0,1
C025706,2781127,33373524,1385313,16623756,467229336,11028902,11028902,55623,791,0,0
C025707,2389003,28668036,1354966,16259592,231647870,28642174,13858419,50000,742,0,0
C025708,5183861,62206332,3163835,37966020,369654227,54149112,19826571,303934,740,0,0
C025709,3466631,41599572,2790732,33488784,182804142,28213077,17249373,99694,840,0,0
C025710,8209015,98508180,5025824,60309888,288963177,79200675,43960229,164180,809,0,0
C025711,5902273,70827276,2905840,34870080,475296556,132652963,82339887,707397,744,0,0
C025712,6803839,81646068,2730184,32762208,535850404,88154238,63239042,277869,931,0,0
C025713,3459197,41510364,2050971,24611652,212993070,56501487,43877296,334068,755,0,0
C025714,3541946,42503352,2416311,28995732,207152615,50364596,44858402,564376,842,0,0
C025715,3445821,41349852,2398381,28780572,154046422,43070156,34277102,277116,736,1,0
C025716,4809938,57719256,3219431,38633172,61393952,48331664,25862391,210680,779,0,0
C025717,1800000,21600000,1138933,13667196,136147041,13419951,11562313,104088,797,0,0
C025718,2011243,24134916,1516262,18195144,130664463,14111826,14036849,203660,737,0,0
C025719,7481398,89776776,3058523,36702276,249987469,68786512,68786512,546144,913,0,0
C025720,4098861,49186332,1653842,19846104,136381875,28325215,28325215,358231,904,0,0
C025721,3502612,42031344,2026673,24320076,32798582,46473300,25720044,217069,759,0,0
C025722,2775438,33305256,2134403,25612836,115911105,35751397,35559429,598209,698,0,1
C025723,2247852,26974224,1198399,14380788,29060982,17083187,17083187,158272,852,0,0
C025724,3058025,36696300,2227524,26730288,76284563,14005770,14005770,61161,842,0,0
C025725,2516882,30202584,1458604,17503248,285653666,9875008,7678071,193867,769,0,0
C025726,2739147,32869764,1454284,17451408,63290869,48010848,26213467,256132,689,0,0
C025727,2896078,34752936,1020710,12248520,249234497,70748993,70416691,595136,757,0,0
C025728,2625531,31506372,1735347,20824164,161068729,88986927,71031827,528619,672,0,0
C025729,4173583,50082996,2943274,35319288,80649694,79891898,70428915,767726,611,1,0
C025730,2693257,32319084,1628727,19544724,154387896,39663334,38148766,396853,890,0,0
C025731,5776899,69322788,3288926,39467112,171803676,182170657,150928511,1132414,742,0,0
C025732,4635165,55621980,2273264,27279168,175484112,89475017,70362165,491883,771,1,0
C025733,4437890,53254680,3362601,40351212,196620209,78122664,78122664,854883,700,0,0
C025734,11931377,143176524,8117157,97405884,604347973,178164248,138072516,1489942,815,0,0
C025735,2554384,30652608,872007,10464084,86293512,22699181,14787109,186617,839,0,0
C025736,3955961,47471532,988990,11867880,176920945,158507824,140700384,988592,595,0,1
C025737,5369128,64429536,3786335,45436020,902013504,67358774,67358774,752364,866,0,0
C025738,3038671,36464052,1609271,19311252,40090874,14200426,14200426,161904,853,0,0
C025739,4618153,55417836,1850334,22204008,336666556,81625786,49768094,463258,742,0,0
C025740,4234903,50818836,2707893,32494716,62018916,70326176,70313370,194479,722,1,0
C025741,1981502,23778024,840573,10086876,53548142,5059365,5059365,76184,773,0,0
C025742,5108885,61306620,2551395,30616740,594879354,76010352,76010352,137080,861,0,0
C025743,2151755,25821060,1223768,14685216,93328998,18362780,16431345,213565,843,0,0
C025744,2492335,29908020,1373062,16476744,29775545,26649775,10024030,103948,809,0,0
C025745,2603839,31246068,1661024,19932288,168112136,40981659,28160693,184558,785,0,0
C025746,3782190,45386280,2354487,28253844,85594598,37048232,37048232,411360,725,0,0
C025747,3045909,36550908,2665737,31988844,19322347,14804226,11259232,110392,692,0,0
C025748,4751883,57022596,2708698,32504376,196604950,50421138,50421138,562257,774,0,0
C025749,3867076,46404912,2004176,24050112,462268569,54875103,38939269,518300,862,0,0
C025750,3645533,43746396,1552946,18635352,366975061,57027042,40582257,498547,771,0,0
C025751,6787555,81450660,3368273,40419276,230197658,76489416,60094401,1495154,725,0,0
C025752,4878565,58542780,2409770,28917240,61925266,15968736,15968736,97571,766,1,0
C025753,2151522,25818264,1369439,16433268,299584962,37589487,24567472,181558,839,0,0
C025754,1899354,22792248,817700,9812400,55938672,47292478,44339668,342887,766,0,1
C025755,2837847,34054164,2751753,33021036,61388663,47634511,32430520,354048,619,0,1
C025756,5355150,64261800,3332004,39984048,401001609,37888999,33366868,130080,858,0,0
C025757,2411800,28941600,1413987,16967844,64351325,61093457,50277734,454536,835,0,0
C025758,2461906,29542872,2080099,24961188,128001435,13205978,8701290,63724,731,0,0
C025759,2878460,34541520,1961302,23535624,390980173,70709019,53942904,284715,748,0,0
C025760,2064581,24774972,855988,10271856,42490715,9206250,6072130,107194,808,0,0
C025761,3307785,39693420,1657624,19891488,323885015,22998727,8836696,66156,831,0,0
C025762,1800000,21600000,818823,9825876,111630996,15889777,8385626,50000,792,0,0
C025763,3656954,43883448,1187676,14252112,155787554,43421758,34165094,355801,758,0,0
C025764,2051420,24617040,1100598,13207176,34723012,53104535,49637630,303754,747,0,0
C025765,5419796,65037552,3314133,39769596,440957246,14056298,14056298,252926,856,0,0
C025766,5129795,61557540,2919236,35030832,130681179,50621244,18775645,271917,758,0,0
C025767,4476660,53719920,2585777,31029324,174542988,64640265,41314326,493138,732,0,1
C025768,1800000,21600000,692099,8305188,40194173,33322600,31502270,211833,821,0,0
C025769,5319138,63829656,2851932,34223184,308198796,134637535,100259036,1155408,799,0,0
C025770,3048323,36579876,2092827,25113924,227385233,21389650,6842936,191921,748,1,0
C025771,1800000,21600000,930228,11162736,97441774,34329764,34329764,252751,710,0,1
C025772,1800000,21600000,959147,11509764,58192252,30016232,23582191,309670,904,0,0
C025773,6750380,81004560,2846906,34162872,728908238,81690197,71517488,369258,805,0,0
C025774,4921386,59056632,3028160,36337920,137028282,85899978,62540667,561737,923,0,0
C025775,7107887,85294644,3767615,45211380,207626906,124504260,124504260,796939,726,0,0
C025776,4079424,48953088,2272558,27270696,205149146,90441243,78087664,677394,681,0,0
C025777,3803413,45640956,1548779,18585348,197043457,219713558,205384302,1343834,742,0,1
C025778,7455283,89463396,5469083,65628996,274282234,202414129,145721617,1606527,666,1,0
C025779,4170442,50045304,2930805,35169660,109326160,27885561,23011564,159859,771,0,0
C025780,6228288,74739456,4322907,51874884,157548649,91995257,70059552,290146,892,0,0
C025781,5251717,63020604,3805807,45669684,138532433,114249362,102549246,885620,704,0,0
C025782,4255734,51068808,2626991,31523892,327983125,74972060,74972060,493845,759,0,0
C025783,2925250,35103000,1334010,16008120,308225134,12994883,6848991,247746,715,0,0
C025784,4875219,58502628,2265851,27190212,327854510,26251531,26251531,289589,771,0,0
C025785,5432312,65187744,2699372,32392464,343364612,55874585,45377656,463462,738,0,0
C025786,8041693,96500316,4376503,52518036,386610353,62031275,39644321,245466,950,0,0
C025787,5139905,61678860,1934243,23210916,160452649,22531061,22531061,157522,776,0,0
C025788,3335792,40029504,1744899,20938788,73696690,95983947,95983947,525478,771,1,0
C025789,4332984,51995808,1095768,13149216,222256766,75086673,66081039,421285,728,0,0
C025790,4964137,59569644,2773592,33283104,377166593,47761193,16810539,454268,786,0,0
C025791,5550529,66606348,3134649,37615788,64348710,156448957,156448957,1079692,696,0,0
C025792,3812260,45747120,1731305,20775660,85945114,47016903,31362744,488895,721,0,0
C025793,4408786,52905432,1943772,23325264,184545545,70400992,68786677,310385,732,0,0
C025794,5257293,63087516,3273065,39276780,267915040,30175143,26084149,432366,812,0,0
C025795,7085041,85020492,3671145,44053740,202854934,38340499,33468176,387154,816,0,0
C025796,4155294,49863528,2156304,25875648,193403133,57002591,48744240,90365,765,0,0
C025797,3216558,38598696,1472498,17669976,50123576,29415588,15738008,191041,802,0,0
C025798,3503283,42039396,1610343,19324116,77163613,35839609,26399864,165135,807,0,0
C025799,4021093,48253116,2468445,29621340,166188690,34601144,34601144,345632,723,0,0
C025800,1806983,21683796,718097,8617164,34569250,18566793,15793530,183483,798,0,0
C025801,2898749,34784988,2023771,24285252,101412326,21679778,16746504,373611,706,0,0
C025802,2289375,27472500,1376986,16523832,160737750,45294535,36342874,369293,812,0,0
C025803,9654284,115851408,3600834,43210008,562656421,150330972,109648680,1102335,789,0,0
C025804,4855939,58271268,3409965,40919580,445672198,69470693,32253633,419614,702,0,0
C025805,4431083,53172996,3191783,38301396,200966846,44892215,25617237,153643,840,0,0
C025806,5279434,63353208,2914908,34978896,147410613,91280038,56673775,681467,804,0,0
C025807,7548349,90580188,3763588,45163056,246413531,93569833,69386895,1270044,810,0,0
C025808,9094162,109129944,4099667,49196004,787030736,55776291,46423490,309597,802,1,0
C025809,5287749,63452988,3045513,36546156,126710284,54770219,54770219,266526,743,0,0
C025810,8415374,100984488,3273819,39285828,266022291,100456927,100456927,581824,820,0,0
C025811,2637132,31645584,1266060,15192720,38229702,66760409,66760409,448458,746,0,0
C025812,5282332,63387984,3748404,44980848,176314510,47985163,25898452,170502,682,1,0
C025813,5337186,64046232,2988691,35864292,778912897,50028872,50028872,294849,771,0,0
C025814,3816995,45803940,2026105,24313260,162784679,53388977,53388977,400981,825,0,0
C025815,3908245,46898940,3565367,42784404,411539288,34010792,29138849,193148,759,0,0
C025816,5964142,71569704,2360529,28326348,75930868,46102482,46102482,845750,835,0,0
C025817,3401020,40812240,2561629,30739548,103607685,9529356,9529356,116358,790,0,0
C025818,4091127,49093524,2462099,29545188,158220847,41173313,33320852,597572,720,0,0
C025819,2775044,33300528,1555053,18660636,109249800,23438135,7173798,162073,785,0,0
C025820,1800000,21600000,1124675,13496100,47120714,9173652,9173652,122706,732,0,0
C025821,1800000,21600000,1006110,12073320,103690661,15688278,13965691,173876,740,0,0
C025822,4388968,52667616,2350193,28202316,250637409,39921523,39921523,490911,791,0,0
C025823,3247834,38974008,1542218,18506616,169829928,45190125,42891646,302243,805,0,0
C025824,10045408,120544896,3011851,36142212,143177996,151814038,151814038,1041264,806,0,0
C025825,4450886,53410632,3194795,38337540,148865749,19818199,19818199,697477,697,0,0
C025826,6155142,73861704,3945093,47341116,209149769,62038712,17267980,785099,777,0,0
C025827,2400698,28808376,1395959,16751508,286732834,31721691,23742730,272555,845,0,0
C025828,3244367,38932404,1886073,22632876,170598747,48094054,40279342,404954,789,0,0
C025829,5792294,69507528,2968332,35619984,366398150,72533581,61289234,1039516,866,0,0
C025830,5557385,66688620,4334852,52018224,146880005,99612484,70009533,1002665,692,2,1
C025831,4662962,55955544,3277906,39334872,141710332,29202882,18681800,93259,816,0,0
C025832,2163403,25960836,1274960,15299520,77135087,23579396,16780667,264773,795,0,0
C025833,2396739,28760868,1392354,16708248,216387884,16264277,11380054,213064,767,0,0
C025834,5201108,62413296,2884720,34616640,137272731,95885286,58810466,707813,807,0,0
C025835,7065953,84791436,3190848,38290176,146918907,80982557,66714079,418965,817,0,0
C025836,10079563,120954756,5604390,67252680,566816012,188179129,166312030,1120819,813,0,0
C025837,1800000,21600000,450000,5400000,50652478,48510060,36407364,149304,825,0,0
C025838,3753741,45044892,2721738,32660856,171119268,28778507,22731910,543607,696,1,1
C025839,4592441,55109292,3760296,45123552,119686166,35016798,24850809,492669,706,0,0
C025840,3768724,45224688,2195618,26347416,66442681,52734863,35349416,472370,757,0,0
C025841,7390158,88681896,2919623,35035476,258096369,80489286,80173953,1136022,896,0,0
C025842,2188468,26261616,1560561,18726732,82618016,23360059,18396867,140758,716,0,0
C025843,3100797,37209564,1867693,22412316,91503369,28322600,10203966,249991,826,0,0
C025844,9326781,111921372,5182180,62186160,536204446,131246782,76507871,841013,864,0,0
C025845,4650144,55801728,3746756,44961072,72019564,137987698,132215721,521358,722,0,0
C025846,5719683,68636196,3749968,44999616,171877671,71330121,60094415,482633,824,0,0
C025847,3206377,38476524,1843099,22117188,125830789,18506030,18506030,126530,762,0,1
C025848,7638831,91665972,5064260,60771120,170317390,18111356,10525582,412572,788,0,0
C025849,6025871,72310452,3487372,41848464,225352427,97640893,56517331,628720,809,0,0
C025850,3574330,42891960,2516848,30202176,162809649,65195113,50719577,482765,668,0,0
C025851,4631158,55573896,2128984,25547808,239985595,42601993,35224665,373762,779,0,0
C025852,4707044,56484528,2487796,29853552,91962027,24668592,12271000,222515,849,1,0
C025853,2949414,35392968,1382669,16592028,400988931,35841506,24641875,346051,766,0,0
C025854,1800000,21600000,1694041,20328492,72402130,14320830,13585885,214386,785,0,0
C025855,4264331,51171972,2108836,25306032,494236851,89863720,78128573,492621,766,0,0
C025856,4313649,51763788,2798494,33581928,64158529,71405385,60119685,623948,781,0,0
C025857,4293233,51518796,2904365,34852380,135028686,63085509,34584502,268651,824,0,0
C025858,5065194,60782328,3059905,36718860,248786043,33514270,19324678,101304,697,0,1
C025859,5141437,61697244,2944415,35332980,234231460,110879681,83706284,816252,802,0,0
C025860,4208037,50496444,1657429,19889148,267200492,68002277,40513505,304651,780,0,0
C025861,3965450,47585400,2511217,30134604,102457512,52611675,26024078,301562,737,0,0
C025862,7941685,95300220,3917730,47012760,480081361,54058659,49141132,621640,804,0,0
C025863,3336478,40037736,2069140,24829680,337429956,50944232,42462571,402621,748,0,0
C025864,5766376,69196512,3624388,43492656,191858383,78021904,65162576,936517,803,0,0
C025865,2110784,25329408,892102,10705224,185272470,31222054,27518154,253727,822,0,0
C025866,4785812,57429744,2136478,25637736,251291897,58861654,58861654,431447,764,0,0
C025867,2146868,25762416,732589,8791068,136659269,29532496,21358845,117556,810,0,0
C025868,4007291,48087492,1750296,21003552,283018467,26690759,26690759,307268,766,0,0
C025869,3849451,46193412,2011171,24134052,83715726,49489969,29804007,288134,754,1,0
C025870,1913708,22964496,1295775,15549300,45356024,28806856,25683207,207312,758,0,0
C025871,1800000,21600000,841524,10098288,152209950,28628864,23630464,336413,643,0,1
C025872,4574895,54898740,2447642,29371704,199844039,52608116,30802497,770953,722,0,1
C025873,5928002,71136024,2961247,35534964,381224441,146020935,103973185,1012781,648,0,0
C025874,5857328,70287936,3899843,46798116,304538573,97914998,88732511,618030,796,0,0
C025875,2470311,29643732,1092465,13109580,327308615,103747135,100524325,605206,679,0,0
C025876,2895894,34750728,1414730,16976760,64557599,12550841,12550841,169193,813,0,0
C025877,2287265,27447180,1412875,16954500,110178056,11401717,10402230,157637,779,0,0
C025878,5814843,69778116,2102335,25228020,553677966,51022948,22472972,164037,853,0,0
C025879,8509749,102116988,6189281,74271372,576116571,148352105,148352105,1684062,777,0,1
C025880,7284431,87413172,6651922,79823064,760424428,38984812,25875927,573351,692,0,0
C025881,4807049,57684588,2076624,24919488,676367399,19601529,15817570,289991,838,1,0
C025882,8170383,98044596,4227413,50728956,214430570,267070295,205085982,1330842,688,1,0
C025883,3439787,41277444,1954089,23449068,142309701,50852930,46652023,700628,793,0,0
C025884,2626389,31516668,1537120,18445440,45237427,90707201,73930347,454445,706,1,1
C025885,8542720,102512640,3731435,44777220,468525404,37075677,25615759,670534,800,0,0
C025886,3551020,42612240,2108101,25297212,42853322,29258522,15888040,139324,815,0,0
C025887,2594618,31135416,1350962,16211544,169389604,28756821,20246977,339270,753,0,0
C025888,6176704,74120448,3798628,45583536,144954300,30428181,30428181,123534,786,0,0
C025889,4280152,51361824,3728982,44747784,261102890,72348689,71518071,682609,721,0,0
C025890,3368437,40421244,2360078,28320936,54483221,50382310,39026663,342125,719,0,0
C025891,3892296,46707552,2422184,29066208,265566828,83366533,72428462,540668,681,2,0
C025892,7335464,88025568,5773114,69277368,446967625,132607553,95509294,910377,803,0,0
C025893,3368182,40418184,1970971,23651652,63597422,61213218,49267078,673692,643,0,0
C025894,9642285,115707420,5315986,63791832,714937181,102809524,82300874,1573832,893,0,0
C025895,3449313,41391756,2226476,26717712,281503257,49784010,33163923,366389,746,0,1
C025896,12000000,144000000,4373882,52486584,194191102,116312602,116312602,690755,761,0,0
C025897,4767297,57207564,3317662,39811944,194905629,30684955,25961005,205516,842,0,0
C025898,6937278,83247336,5176453,62117436,549598217,49629666,15263316,331673,762,0,0
C025899,3211519,38538228,1553352,18640224,50446394,29049752,28489513,456759,757,0,1
C025900,2327097,27925164,1302119,15625428,171497211,9897058,9897058,235000,919,0,0
C025901,5572049,66864588,3286685,39440220,811347665,312733671,300890646,1879848,721,0,0
C025902,8233621,98803452,5994543,71934516,56362883,246950206,209344927,1947336,654,0,1
C025903,4099980,49199760,1848972,22187664,103294840,58859596,37102790,295829,853,0,0
C025904,5830235,69962820,3417757,41013084,203991136,147717078,127024428,1076559,762,0,0
C025905,3230450,38765400,2469062,29628744,522670472,50570374,22889034,341693,725,0,0
C025906,3501125,42013500,2591868,31102416,100407616,100428165,72457623,541603,668,0,0
C025907,4765039,57180468,2059785,24717420,378764552,184846681,151922522,1239721,715,2,1
C025908,4713216,56558592,2638998,31667976,149007859,188213139,186832807,1034434,751,0,0
C025909,3135902,37630824,1631480,19577760,220267366,35664364,35664364,275567,805,1,0
C025910,3100468,37205616,2113223,25358676,520878624,75764901,66841498,462775,764,0,0
C025911,6132057,73584684,3969469,47633628,164739188,69888655,23020897,176897,847,0,0
C025912,3056553,36678636,1591986,19103832,513500904,31562331,18969387,339384,735,0,0
C025913,2723565,32682780,1309721,15716652,457558920,42771260,26856371,460791,735,0,0
C025914,4886209,58634508,2742100,32905200,362941879,58445700,54324399,526044,883,0,0
C025915,2770692,33248304,1887095,22645140,53346614,28382759,20967716,254819,800,0,0
C025916,10385691,124628292,5994984,71939808,260808807,128907529,90779677,811217,697,0,0
C025917,3063368,36760416,1596085,19153020,69978825,8154813,8154813,189461,893,0,0
C025918,3787002,45444024,2699056,32388672,105885713,31555922,19714971,254159,817,0,1
C025919,2014137,24169644,1166857,14002284,46275138,25514340,13261334,271935,732,0,0
C025920,2095126,25141512,1237717,14852604,73172645,18931816,18517052,180935,876,0,0
C025921,4951979,59423748,2237478,26849736,82271645,106069623,106069623,913158,762,0,0
C025922,2705348,32464176,684503,8214036,252276108,16115214,16115214,54107,750,0,0
C025923,4639400,55672800,3083624,37003488,350924042,29784830,22805496,416067,664,2,0
C025924,3407710,40892520,1826859,21922308,194206826,52214321,37034537,346832,863,0,0
C025925,6109311,73311732,3277230,39326760,280505570,51938671,44903649,832565,765,0,0
C025926,4791306,57495672,3074013,36888156,339302256,31319663,18211708,366354,841,0,0
C025927,4883600,58603200,2589200,31070400,386299387,70410302,55001864,270066,868,0,0
C025928,4778908,57346896,2612643,31351716,779418422,60601326,40676982,770034,748,0,0
C025929,3703627,44443524,2515484,30185808,241693944,56381629,41330056,413213,676,1,0
C025930,9496347,113956164,6416703,77000436,382492550,131623711,131189226,1059319,725,1,0
C025931,2799332,33591984,1982608,23791296,313449433,40511494,31873059,338477,795,0,0
C025932,5598135,67177620,3967230,47606760,112502430,56936000,51911439,468675,703,1,0
C025933,4055660,48667920,2267815,27213780,149811936,51244559,23096570,274007,741,0,0
C025934,5509459,66113508,3615360,43384320,127030068,85975497,44578567,110189,851,0,0
C025935,3084630,37015560,1826639,21919668,244671604,33859541,23551069,285228,777,0,0
C025936,2896958,34763496,2167775,26013300,98981549,32851180,26795620,344099,762,0,0
C025937,3366325,40395900,2124813,25497756,253243823,68809879,54766090,601217,749,0,0
C025938,2914604,34975248,1716848,20602176,159006771,66477684,44936729,224936,803,0,0
C025939,4653735,55844820,2668243,32018916,99888812,96378060,92947912,517176,708,0,0
C025940,4125760,49509120,1291570,15498840,54660137,8375286,8375286,300685,788,0,0
C025941,2473806,29685672,1644347,19732164,179721256,31191358,24256481,102135,789,0,0
C025942,4529147,54349764,2090102,25081224,760896696,74731190,56961289,515710,763,0,0
C025943,2696502,32358024,1389077,16668924,117082955,11533484,11533484,178662,795,0,0
C025944,2615962,31391544,1714692,20576304,252019679,12640008,12640008,114570,818,0,0
C025945,4301707,51620484,2973386,35680632,163443549,27737539,21731834,304068,708,0,0
C025946,6401341,76816092,3843173,46118076,422170343,96492956,65171486,888445,796,0,0
C025947,2916081,34992972,1793156,21517872,208869004,15205212,12248285,157375,789,0,0
C025948,3242159,38905908,2437568,29250816,94419961,19503316,14059971,188191,764,0,0
C025949,3601286,43215432,1612423,19349076,71660515,81934575,63809907,868588,781,0,0
C025950,2868050,34416600,1665266,19983192,298027618,56155897,51819010,508261,787,0,0
C025951,7101462,85217544,2249007,26988084,229862490,121010000,76718904,418109,770,1,0
C025952,5717272,68607264,2042946,24515352,237195342,99926646,66607825,428985,850,0,0
C025953,4101467,49217604,3019308,36231696,138562636,29960603,14383932,722666,733,1,1
C025954,2341869,28102428,1105340,13264080,67167903,23410028,23410028,217455,719,0,0
C025955,4690735,56288820,2502151,30025812,269619992,90129223,60724969,738156,716,0,0
C025956,3684907,44218884,2552800,30633600,619064376,38990017,38990017,571139,767,0,0
C025957,1841706,22100472,892063,10704756,34324926,103470994,97092431,570234,604,1,1
C025958,3876081,46512972,1739689,20876268,335790490,72472342,60746519,361622,800,0,0
C025959,3282409,39388908,1533209,18398508,313633043,49863115,29158615,283573,805,0,1
C025960,3757935,45095220,2364093,28369116,85607531,26135391,26135391,286215,740,0,0
C025961,3234884,38818608,2366249,28394988,93072683,26412951,26412951,251108,679,2,0
C025962,2745992,32951904,1090368,13084416,263771098,46408107,31417883,299631,793,0,0
C025963,4097713,49172556,2535057,30420684,169923256,81745615,72781215,670885,797,0,0
C025964,2443317,29319804,1033522,12402264,37514634,10787052,10787052,55134,726,1,0
C025965,4492099,53905188,2621030,31452360,214092071,145835604,142075282,964096,715,0,0
C025966,2582650,30991800,1250895,15010740,263861120,58102801,53499146,427115,819,0,0
C025967,4151890,49822680,2031530,24378360,93948735,57249023,38635292,659941,811,1,0
C025968,4230026,50760312,3081385,36976620,627575152,67215562,31867847,569189,619,0,1
C025969,3955123,47461476,1977914,23734968,664460664,65465569,41419363,553261,858,0,0
C025970,3662366,43948392,2341052,28092624,177735795,63994775,54214983,716597,734,0,0
C025971,3220665,38647980,1910287,22923444,59628558,63697446,40597518,441363,656,0,0
C025972,7114338,85372056,4268669,51224028,383998790,62371022,62371022,649359,902,0,0
C025973,3559431,42713172,2318466,27821592,186761296,29677779,29677779,320181,846,0,0
C025974,7098070,85176840,4405002,52860024,788827446,32703808,28536724,164419,769,0,0
C025975,4180131,50161572,2854086,34249032,409618007,60933198,32319491,469254,801,0,0
C025976,5441691,65300292,4068534,48822408,99145668,149905245,104860449,721656,703,0,0
C025977,9184637,110215644,4539389,54472668,1185914903,158711510,131063698,1656108,780,0,0
C025978,6574092,78889104,4982149,59785788,502752685,106690208,71882917,898739,776,0,0
C025979,3087428,37049136,1851011,22212132,137261245,87363954,86223966,515638,834,1,0
C025980,2919578,35034936,1116347,13396164,62976775,24731599,10619034,155138,782,0,0
C025981,7730116,92761392,1932529,23190348,469418947,62188265,57186789,377563,759,1,0
C025982,4903558,58842696,3492910,41914920,252122332,114355004,88963031,688203,666,1,1
C025983,3386737,40640844,1901509,22818108,108565009,72085388,63276251,481983,845,0,0
C025984,7527423,90329076,3024341,36292092,182056856,113226718,66806115,589098,935,0,0
C025985,3638785,43665420,2091727,25100724,178023505,44701373,44701373,272547,829,0,0
C025986,3129362,37552344,2026422,24317064,109054098,28577139,15402982,149833,804,0,0
C025987,4367361,52408332,3010322,36123864,192092560,53242437,16363248,405902,813,0,0
C025988,2427062,29124744,1302828,15633936,205934047,25350623,24351165,172883,771,0,0
C025989,2347111,28165332,919425,11033100,49220430,68083026,56621200,374375,779,0,0
C025990,3073868,36886416,1351728,16220736,235836623,51502826,26958563,489721,685,0,0
C025991,4634049,55608588,2877343,34528116,55819774,46476984,27313353,224779,808,0,0
C025992,5917800,71013600,3348028,40176336,227057390,251398404,213721435,1875885,640,0,0
C025993,4481049,53772588,1448969,17387628,56369270,48692163,48692163,461084,816,0,0
C025994,6747611,80971332,3538522,42462264,130512945,85277255,73864359,640444,764,0,0
C025995,5895881,70750572,3396050,40752600,415905633,28878130,28878130,402562,784,0,0
C025996,3549231,42590772,1119306,13431672,169756073,40235077,14039930,200038,770,0,0
C025997,3307286,39687432,2063587,24763044,377950400,22688726,11006207,305978,770,1,0
C025998,5932809,71193708,2238014,26856168,966656533,109619235,100545264,702284,840,0,0
C025999,4868519,58422228,2933725,35204700,194446581,106876565,95238088,1018124,700,0,0
C026000,3063711,36764532,1499124,17989488,462157289,51221036,34776933,388479,896,0,0
C026001,3490427,41885124,2395439,28745268,90955951,79243259,70480430,627415,767,0,0
C026002,3733800,44805600,2209640,26515680,456909524,41155926,34393040,327023,727,0,0
C026003,9097070,109164840,8601474,103217688,406531582,195852475,117648136,971548,626,0,1
C026004,5934144,71209728,3222354,38668248,729701755,82199289,41975503,823652,683,1,0
C026005,4390325,52683900,3371911,40462932,340473938,53930283,42496260,443027,744,0,0
C026006,5557999,66695988,2432133,29185596,162356932,143482233,126643531,866135,822,0,0
C026007,11951982,143423784,7394501,88734012,981367697,144551035,91853140,239040,851,0,0
C026008,2573024,30876288,1286282,15435384,84854897,10764646,10764646,51460,834,0,0
C026009,5481722,65780664,4083080,48996960,182846299,143372968,128442273,752352,681,0,0
C026010,2636925,31643100,1294908,15538896,114159141,23436690,23436690,293044,797,0,0
C026011,7614763,91377156,3655175,43862100,201063330,117232619,96912661,570653,820,1,0
C026012,7688386,92260632,5750210,69002520,1174086903,119168502,94188145,927432,746,0,0
C026013,3005512,36066144,1368394,16420728,168672008,40673212,24405248,302650,750,1,0
C026014,5789278,69471336,2752653,33031836,428697357,44543563,44543563,673098,774,0,0
C026015,3315043,39780516,1885195,22622340,137888545,21944522,16878863,211542,680,0,0
C026016,3403277,40839324,2259174,27110088,123989109,27193588,27193588,310613,786,0,0
C026017,2334880,28018560,1364880,16378560,141395405,15511049,10872490,205189,783,0,0
C026018,6295137,75541644,5711209,68534508,248713621,63169073,33911915,551194,726,0,0
C026019,2056759,24681108,1292985,15515820,163012493,16344648,16344648,50000,812,0,0
C026020,3731178,44774136,2228784,26745408,332735696,60289683,58211224,568725,726,0,0
C026021,2645175,31742100,1942157,23305884,180881653,29748047,9935638,155183,721,1,0
C026022,3350428,40205136,2638190,31658280,526133569,34227936,15089172,326196,685,0,0
C026023,11014498,132173976,6396143,76753716,1018445769,92576784,89292369,1214061,737,0,0
C026024,2184204,26210448,1120907,13450884,116721618,15614626,10475839,117163,803,0,0
C026025,6481494,77777928,1656532,19878384,352070851,75376778,34705147,539041,815,0,0
C026026,9286899,111442788,5055232,60662784,687024267,88877111,48747214,249210,834,0,0
C026027,2632112,31585344,1848937,22187244,51047179,14564612,14564612,241549,787,0,0
C026028,2180888,26170656,1517781,18213372,100101445,35075485,25178959,207097,751,0,0
C026029,3089691,37076292,1241140,14893680,180751217,8936477,3205691,61794,761,0,0
C026030,1989538,23874456,1216983,14603796,255031345,20001267,19271856,172082,770,0,0
C026031,2287724,27452688,1574721,18896652,281832160,10164332,8511390,92452,861,0,0
C026032,10362768,124353216,5088835,61066020,585864264,109617550,56648897,627061,817,0,0
C026033,5785480,69425760,2172853,26074236,503521494,199269630,157463090,1190812,714,0,0
C026034,3935350,47224200,2629006,31548072,92035318,138807829,113032120,872119,629,3,1
C026035,3000288,36003456,2088084,25057008,256718314,46772304,26129637,419399,678,0,0
C026036,10238997,122867964,5334370,64012440,774151406,129555006,122407942,979689,848,0,0
C026037,5425936,65111232,3453195,41438340,201101568,109066428,75980192,594790,753,0,0
C026038,3456508,41478096,864127,10369524,271921096,24105551,15653117,69130,808,0,0
C026039,6184774,74217288,5085485,61025820,442474380,75815883,55917707,694616,848,0,1
C026040,6693948,80327376,4314691,51776292,665058475,71809714,71809714,633743,801,0,0
C026041,8156236,97874832,3965379,47584548,275344525,54489758,30500515,370940,822,0,0
C026042,7217970,86615640,3944015,47328180,280755396,135825919,121848895,866774,818,0,0
C026043,2065978,24791736,1605775,19269300,63771675,17146033,17146033,203856,797,0,0
C026044,5925369,71104428,2244240,26930880,205537824,39050486,28157026,201681,802,0,0
C026045,3820858,45850296,2654620,31855440,92192153,35277281,31272002,363281,862,0,0
C026046,2946949,35363388,2806095,33673140,151274738,52325600,36666362,552707,728,0,1
C026047,6080968,72971616,3569207,42830484,331006507,69160004,45351885,646365,728,0,0
C026048,2417023,29004276,2158642,25903704,128890533,58179780,50987330,504749,630,1,0
C026049,3171151,38053812,1690057,20280684,125041015,58429546,51930789,394310,667,0,0
C026050,3371786,40461432,1643842,19726104,207221364,43032417,35909112,522675,812,0,0
C026051,3623788,43485456,2208716,26504592,33629474,58741894,57824585,499392,836,0,0
C026052,3355508,40266096,1829613,21955356,101041467,48094856,33675609,375083,760,1,0
C026053,2714316,32571792,2153898,25846776,29607290,51241926,35136617,446599,770,0,0
C026054,7320260,87843120,3349715,40196580,263547500,109465112,82658404,470221,746,0,0
C026055,2133261,25599132,1537132,18445584,55049057,59055590,53194411,327634,728,0,0
C026056,3788304,45459648,1960802,23529624,199234718,70011681,42621332,616849,719,1,0
C026057,5651363,67816356,2889300,34671600,328208966,91091878,64689633,349111,911,0,0
C026058,4063648,48763776,1889830,22677960,148971790,57815158,56193711,744623,748,0,0
C026059,3192762,38313144,1798731,21584772,360079938,29821984,29821984,416258,823,0,0
C026060,4457976,53495712,2432970,29195640,134189770,77224023,77224023,690639,812,0,0
C026061,4801256,57615072,2895453,34745436,806611008,58164572,39352455,403509,842,0,0
C026062,5233700,62804400,2986066,35832792,292783140,83515763,73146387,775034,781,0,0
C026063,5844830,70137960,3119015,37428180,176109583,51283611,40551334,116897,814,0,0
C026064,4256461,51077532,2267867,27214404,115281317,31892477,27434413,262884,737,0,0
C026065,2746911,32962932,2004109,24049308,95607649,35220455,29170069,308208,766,0,0
C026066,5600608,67207296,1621406,19456872,254091898,87350619,87350619,701683,841,0,0
C026067,6442787,77313444,4175377,50104524,245287788,51091884,25319614,747272,790,0,0
C026068,2254335,27052020,1067565,12810780,106692821,24877800,20334444,301954,763,0,0
C026069,3899723,46796676,2120983,25451796,155727644,28031218,28031218,383369,811,0,0
C026070,3497804,41973648,1618333,19419996,219734838,103606707,79704239,442455,810,0,0
C026071,4741684,56900208,2539868,30478416,215915288,65566069,51407954,620703,732,1,0
C026072,2273499,27281988,1192891,14314692,301012135,6407435,6407435,157439,813,1,0
C026073,4733936,56807232,3475125,41701500,693848298,89687472,74519588,778794,702,0,0
C026074,2765576,33186912,1588952,19067424,110596142,108280088,96379468,644514,778,0,0
C026075,10193762,122325144,7577594,90931128,391193488,141509556,68191161,1005101,676,0,0
C026076,5823529,69882348,2739557,32874684,245805109,85740500,68621617,655506,894,0,0
C026077,4262555,51150660,2183302,26199624,193669246,64822799,41054660,306047,743,0,0
C026078,3100532,37206384,2510433,30125196,131405852,54338588,54338588,791645,728,0,0
C026079,2192614,26311368,1109133,13309596,131637680,57677341,57211196,328489,835,0,0
C026080,8468270,101619240,4064417,48773004,626122596,162395848,114608135,1365149,786,0,0
C026081,3411055,40932660,2109015,25308180,304807036,41526422,38163076,357087,736,0,0
C026082,7019146,84229752,3130989,37571868,419841718,138150949,129808388,878224,781,0,0
C026083,5565361,66784332,4703456,56441472,152413179,133071122,100769023,707286,672,0,0
C026084,8550520,102606240,5603629,67243548,1135205868,140460980,117639050,1432291,739,1,0
C026085,5518324,66219888,3188857,38266284,36866701,54352511,53816852,447514,716,0,0
C026086,8321874,99862488,5788000,69456000,801017934,84379546,41602192,900390,744,0,0
C026087,6478257,77739084,3598496,43181952,220363166,58621059,41150730,272348,773,0,0
C026088,2956496,35477952,2330741,27968892,312176148,15680061,13095996,72967,721,0,0
C026089,5989248,71870976,4086103,49033236,445613223,71065966,49210592,493487,811,0,0
C026090,2564862,30778344,1620661,19447932,69371197,47751169,30977064,224346,808,1,0
C026091,4781857,57382284,3457205,41486460,166932880,29787396,21972456,234996,779,0,1
C026092,4704762,56457144,3502916,42034992,89455955,32215650,11469620,432079,764,0,0
C026093,8354938,100259256,2547631,30571572,69455820,93104698,54543255,578990,784,0,0
C026094,4772378,57268536,3365823,40389876,160775721,60442746,29548548,360059,829,1,0
C026095,4607652,55291824,2309502,27714024,399923981,83678455,59319419,627373,784,0,0
C026096,4324101,51889212,2768184,33218208,121069404,42387325,17987043,260657,743,0,0
C026097,3645753,43749036,1777460,21329520,201955602,83889578,75177289,543612,802,0,0
C026098,3668436,44021232,2141356,25696272,363190718,17904175,6148313,242367,850,0,0
C026099,6548961,78587532,6169127,74029524,263530338,140977043,100120198,824318,638,0,0
C026100,3029610,36355320,1779834,21358008,79510850,72569890,64948030,526403,759,0,0
C026101,2777885,33334620,886053,10632636,48619760,29736531,23106687,462119,821,0,0
C026102,4130904,49570848,3479046,41748552,503615398,42949423,33404869,912573,698,1,1
C026103,5967909,71614908,5763381,69160572,301247447,96490156,77177169,731065,617,5,1
C026104,4459580,53514960,2818807,33825684,228944767,56280647,47467345,313971,771,0,0
C026105,4468260,53619120,2563648,30763776,234608337,76235590,49174295,325662,791,0,1
C026106,2573932,30887184,1959246,23510952,29277623,30914019,30365423,348871,846,0,0
C026107,4431139,53173668,2662013,31944156,161476349,25954009,11906134,209496,772,0,0
C026108,5676916,68122992,3995235,47942820,511873339,96803821,70796416,700468,854,0,0
C026109,5493158,65917896,2724294,32691528,363226679,80391035,36751983,529414,746,2,0
C026110,1800000,21600000,1477848,17734176,25419626,11699391,11544642,74272,780,0,0
C026111,5378562,64542744,3729318,44751816,190444541,73701733,48000403,539814,794,1,0
C026112,6333043,75996516,4077541,48930492,520470680,78326681,78326681,446091,832,0,0
C026113,3852256,46227072,1802627,21631524,66007809,36728237,24756979,335740,803,0,0
C026114,3850151,46201812,1570924,18851088,646825368,15903434,11840101,313720,790,0,0
C026115,4925533,59106396,2656153,31873836,141303860,81494560,67369312,490688,794,0,0
C026116,3642144,43705728,2393770,28725240,159074668,53359056,32001862,279884,705,0,0
C026117,2340024,28080288,1780268,21363216,82982776,16292216,7174244,60287,769,0,0
C026118,5211620,62539440,2481079,29772948,103937458,74664154,36606363,675952,708,0,0
C026119,7554287,90651444,5551080,66612960,986002379,218245597,171458903,1370205,821,0,0
C026120,3611525,43338300,1955843,23470116,256361291,27987485,19552401,408161,853,0,0
C026121,5565375,66784500,3751539,45018468,249120586,123968338,106754130,891409,768,0,0
C026122,6174184,74090208,4349147,52189764,273392299,47388197,26762159,225015,750,0,0
C026123,7489397,89872764,3256789,39081468,218987550,68171448,54936270,413219,795,0,0
C026124,4366090,52393080,3633382,43600584,314170653,95332683,91296536,1058906,626,1,0
C026125,3617951,43415412,2379642,28555704,359878859,50460400,18077190,335140,684,0,1
C026126,4154178,49850136,1445546,17346552,175735517,58867898,39955787,215442,795,0,0
C026127,3053200,36638400,2171496,26057952,163265892,34604903,29689196,308195,774,0,0
C026128,4732661,56791932,2349054,28188648,177346674,18265196,18265196,122428,813,1,0
C026129,8857930,106295160,5317881,63814572,611767540,136049797,122590061,608580,853,0,0
C026130,5611319,67335828,3437647,41251764,173844382,55268454,9837020,112226,734,0,0
C026131,4862577,58350924,3467884,41614608,85676559,156725227,121011202,762894,743,1,0
C026132,2506068,30072816,1470758,17649096,76026651,28586260,28586260,257045,752,0,0
C026133,2169546,26034552,1720508,20646096,50999808,46276372,37182643,440685,759,0,1
C026134,3567656,42811872,1650091,19801092,48943197,36032713,27507041,321455,809,0,0
C026135,4004672,48056064,2397385,28768620,123421241,42525146,15066933,80093,864,0,0
C026136,3281741,39380892,1171267,14055204,158336079,35138867,32460320,433776,882,0,0
C026137,5982200,71786400,2300687,27608244,139695498,32856020,24457562,166696,787,0,0
C026138,6020193,72242316,3326983,39923796,125368320,62157959,39612860,844657,763,0,0
C026139,2440088,29281056,1985305,23823660,317496480,30917598,29572874,204791,700,0,0
C026140,5005779,60069348,2140957,25691484,194562404,268384626,268384626,1700605,703,1,0
C026141,3615181,43382172,2640615,31687380,217465102,20938732,7455285,86371,737,0,0
C026142,5282521,63390252,1494200,17930400,675745545,25960459,19835702,715385,776,0,0
C026143,4879743,58556916,2603249,31238988,169219556,18565563,18565563,361112,803,0,0
C026144,5951727,71420724,5037615,60451380,531046952,77474292,43275850,275528,798,0,0
C026145,4075924,48911088,2508722,30104664,38306574,47075549,47075549,621809,727,0,0
C026146,3637025,43644300,1637871,19654452,75009538,55678458,55678458,514323,736,0,1
C026147,1913107,22957284,928494,11141928,96859392,36475522,22971808,161669,848,0,0
C026148,2963597,35563164,1710390,20524680,166328539,39435450,29511113,462306,762,0,0
C026149,1800000,21600000,761111,9133332,77493428,98401927,94457310,514366,704,0,1
C026150,2156056,25872672,1453722,17444664,150739322,31475225,17593752,131542,790,0,0
C026151,2601937,31223244,2502852,30034224,33433819,42882455,28674413,370751,737,0,1
C026152,3616660,43399920,3461959,41543508,144999778,76309388,60551432,561576,608,1,1
C026153,3497294,41967528,2010630,24127560,578091466,45462063,42762992,227108,736,0,0
C026154,2200792,26409504,2007932,24095184,165213896,41862248,35968704,219185,679,0,0
C026155,4606161,55273932,2953201,35438412,206724264,23950583,17771066,317886,821,0,0
C026156,4906814,58881768,2887826,34653912,188758130,37388461,37388461,799494,872,0,0
C026157,5335899,64030788,1583782,19005384,71432752,71993702,47860673,352909,836,0,0
C026158,7567332,90807984,4164964,49979568,651230745,31435495,30178645,557076,823,0,0
C026159,10766653,129199836,8757637,105091644,343930581,76181049,44052186,1179837,727,0,1
C026160,5297418,63569016,1622908,19474896,128807069,158143957,145550882,623722,768,0,0
C026161,2895050,34740600,1588685,19064220,131412599,45361366,27158372,406533,759,0,0
C026162,8006481,96077772,4622196,55466352,268484829,129501623,129501623,1161526,831,0,0
C026163,4857143,58285716,1562166,18745992,145652326,59023616,38901192,364943,874,0,0
C026164,2887245,34646940,2541360,30496320,182595440,17653215,13989010,100656,703,0,1
C026165,1800000,21600000,973922,11687064,33531348,59754114,59170360,454253,660,0,0
C026166,2180578,26166936,1184068,14208816,142152139,40708241,25691280,313410,654,1,0
C026167,6953290,83439480,4817968,57815616,100197380,39918371,39918371,279701,874,0,0
C026168,2131007,25572084,1063530,12762360,25238319,39786352,27404028,284389,805,0,0
C026169,6447327,77367924,4284000,51408000,359031977,113907346,55309220,580824,741,0,0
C026170,2673155,32077860,1613160,19357920,216468483,34977872,22332650,123901,768,1,0
C026171,4581044,54972528,1802783,21633396,243621927,41296229,33634519,375146,812,0,0
C026172,2630825,31569900,1685753,20229036,132767951,62852648,62852648,231669,709,1,1
C026173,3198608,38383296,1877747,22532964,91646804,43253342,23251426,235942,726,1,0
C026174,2043702,24524424,1002768,12033216,143153667,23931675,18446106,160816,856,0,0
C026175,3468134,41617608,1681542,20178504,193624494,23104703,11429732,220382,756,1,0
C026176,4971150,59653800,2164778,25977336,111397846,77528832,54564950,563933,783,1,0
C026177,4368505,52422060,2582665,30991980,83131469,67107153,47696603,513842,807,0,0
C026178,7902979,94835748,5201234,62414808,356326675,98578499,98578499,775266,802,1,0
C026179,4868655,58423860,3659676,43916112,109308717,23463228,21710913,357864,713,0,0
C026180,3353171,40238052,2007352,24088224,486037197,66634019,49427465,490640,779,0,0
C026181,4068712,48824544,2442698,29312376,440877916,77721366,77721366,441801,739,0,0
C026182,2551824,30621888,659010,7908120,136711814,27097436,27097436,326944,750,0,0
C026183,2979773,35757276,1995615,23947380,144935495,56953474,42208642,414891,785,0,0
C026184,4808797,57705564,2370066,28440792,204665087,75962847,43824364,96176,785,0,0
C026185,3247341,38968092,2698002,32376024,276974005,74109372,66990934,390415,797,0,0
C026186,5091789,61101468,3266192,39194304,130861503,119263397,109813537,573325,836,0,0
C026187,2632031,31584372,1378271,16539252,442181208,18882408,12664640,343572,729,1,0
C026188,4530447,54365364,3573989,42887868,265699220,55082673,30659485,501358,822,1,0
C026189,2331845,27982140,1812253,21747036,245213499,137178189,125919630,976291,558,2,1
C026190,6261249,75134988,3660786,43929432,171724639,24254572,17955742,326043,888,0,0
C026191,6306810,75681720,3542443,42509316,182353550,58158958,38936652,793070,797,0,0
C026192,2962492,35549904,2016754,24201048,62304892,62313062,47575339,676535,617,0,0
C026193,1994278,23931336,973857,11686284,165990717,17549926,17372397,85159,719,0,0
C026194,7678938,92147256,5311911,63742932,291512457,236228565,199927859,1384975,678,0,0
C026195,3696177,44354124,2198879,26386548,71915423,20828799,14311457,356936,848,0,0
C026196,7012427,84149124,5028770,60345240,232215955,56132858,42806547,769627,743,0,0
C026197,2038208,24458496,928601,11143212,108207505,39616374,29871748,347959,722,1,0
C026198,7934622,95215464,3055467,36665604,413876238,59575212,59575212,307686,836,0,0
C026199,3897005,46764060,2734320,32811840,115310697,37001463,28621036,168984,789,0,0
C026200,3597979,43175748,1653017,19836204,196592212,60774417,45046890,565856,869,0,1
C026201,6272531,75270372,2468170,29618040,72499268,51947127,51947127,213899,848,0,0
C026202,3605381,43264572,2434527,29214324,213282394,37475430,34614653,103719,875,1,0
C026203,2629000,31548000,1785490,21425880,35024316,13997684,13997684,299245,919,1,0
C026204,6251333,75015996,4073316,48879792,691656687,119991056,99885682,941013,833,0,0
C026205,4258889,51106668,3892422,46709064,163760567,53109988,28632334,323733,708,0,0
C026206,3201769,38421228,1355030,16260360,110547438,50938039,36410264,274064,780,0,0
C026207,2749789,32997468,1614563,19374756,76882162,14227008,14227008,120470,740,0,0
C026208,4258957,51107484,2515490,30185880,600908731,32522239,32522239,262632,747,0,0
C026209,5185631,62227572,3338746,40064952,608584024,72763105,57119536,435286,798,0,0
C026210,4190371,50284452,3217546,38610552,191988381,19847052,14952673,97666,786,0,0
C026211,6776720,81320640,3871706,46460472,404782316,71213104,60915356,646607,780,0,0
C026212,4434803,53217636,2259529,27114348,308936328,28586492,28586492,195450,800,0,0
C026213,4873494,58481928,2710478,32525736,178460218,44422386,19021493,399515,821,0,0
C026214,3030759,36369108,2308192,27698304,119555575,30903461,9827779,261173,740,0,0
C026215,2041951,24503412,957180,11486160,78942585,15062182,13517811,71665,817,0,0
C026216,3489409,41872908,1648560,19782720,68366612,47540443,47540443,298131,746,1,0
C026217,5600070,67200840,4725727,56708724,552022559,81526205,33451117,444525,674,2,0
C026218,2279253,27351036,1099791,13197492,237448664,107015259,91057975,641322,693,1,0
C026219,2137976,25655712,1244956,14939472,71878100,20423899,20423899,199621,714,0,0
C026220,2869720,34436640,1231157,14773884,215964995,13984492,13984492,368935,734,0,0
C026221,7195384,86344608,5055289,60663468,163342810,83922951,81662561,628097,748,0,0
C026222,5258096,63097152,2379363,28552356,883360128,15682221,14177108,242752,887,0,0
C026223,4878514,58542168,3031185,36374220,87032113,51579024,33168593,480769,746,0,0
C026224,4920387,59044644,2286248,27434976,165604023,62702772,62702772,570191,790,0,0
C026225,2730393,32764716,1857452,22289424,167864004,35031681,31682433,263883,790,0,0
C026226,3602499,43229988,1143361,13720332,247913028,30310565,22805557,158796,829,0,0
C026227,2807060,33684720,1756050,21072600,52126342,22490030,14232694,56141,750,0,0
C026228,3010379,36124548,1502605,18031260,86617911,32883812,20654019,60208,810,0,0
C026229,4467417,53609004,4074743,48896916,238425841,62605267,41711427,874342,657,1,0
C026230,6778073,81336876,5579656,66955872,108112361,42568981,24925900,419048,812,0,0
C026231,2604103,31249236,1402603,16831236,129647071,32754017,32123994,248056,806,0,0
C026232,2490649,29887788,1280984,15371808,165786878,36242234,27038909,224269,929,0,0
C026233,3221695,38660340,1861630,22339560,134086377,9416505,9416505,146688,814,0,0
C026234,4210265,50523180,2341046,28092552,64262120,25690588,18968017,175440,823,0,0
C026235,3771363,45256356,3114335,37372020,90888070,53824253,44093984,605411,750,0,0
C026236,8297931,99575172,3961100,47533200,157751492,165308789,147688590,1170050,781,0,0
C026237,3612683,43352196,2151374,25816488,93143191,20046109,13254629,385525,791,0,0
C026238,3336359,40036308,1811402,21736824,560508312,97545850,97545850,865143,656,1,1
C026239,3773285,45279420,2002263,24027156,118522117,48839404,33956194,363495,792,0,0
C026240,4230080,50760960,1413593,16963116,190689101,10848164,10848164,298167,865,0,0
C026241,4624235,55490820,2226001,26712012,278305089,50680861,38082100,460620,863,0,0
C026242,3188622,38263464,1752835,21034020,82399176,35385346,35385346,63772,788,0,0
C026243,1800000,21600000,1093215,13118580,90093890,52814621,52814621,373630,757,0,0
C026244,2694534,32334408,1494923,17939076,50148569,32384810,32384810,403282,739,0,0
C026245,4074390,48892680,2593789,31125468,387256619,135195635,135195635,825369,755,0,1
C026246,8249847,98998164,3857405,46288860,279519116,132727773,107954169,1249551,716,0,0
C026247,6028300,72339600,4834423,58013076,171018548,157709820,131062039,1085866,707,0,0
C026248,3484340,41812080,1710621,20527452,142018209,84174481,67551919,610644,708,0,0
C026249,3353563,40242756,1340142,16081704,184190030,39028049,30347346,324277,815,0,0
C026250,2902417,34829004,1436496,17237952,44442225,45625864,33217908,467066,771,0,0
C026251,6504041,78048492,4832455,57989460,58671365,139027006,108438326,547339,720,0,0
C026252,4474977,53699724,1586749,19040988,535718546,69966263,69354817,598849,730,0,0
C026253,3503299,42039588,2098108,25177296,74346534,42879887,30684472,460674,673,0,0
C026254,3200593,38407116,2555868,30670416,129823098,155478740,138615004,1038314,613,0,1
C026255,4154148,49849776,1776782,21321384,201417739,67552591,64092355,535698,801,0,0
C026256,2192758,26313096,1229912,14758944,68788531,33008545,22024571,181199,863,0,0
C026257,3268552,39222624,2228731,26744772,66690566,81219989,67755304,467856,733,0,0
C026258,4808020,57696240,2229103,26749236,111315381,90709234,69261075,750810,884,1,0
C026259,3153349,37840188,2393655,28723860,155739071,43128589,31097030,371852,729,0,0
C026260,3954811,47457732,2848602,34183224,274363861,37883094,25804509,277074,789,0,0
C026261,1879590,22555080,1056628,12679536,74255810,16189580,9360740,50000,855,0,0
C026262,4168512,50022144,2983597,35803164,121028459,39118440,38121883,352172,878,0,0
C026263,5059875,60718500,3220179,38642148,176121670,74732197,41164869,281508,747,0,0
C026264,6036014,72432168,4806521,57678252,167697804,59143199,26631455,623974,795,0,0
C026265,3793183,45518196,2224603,26695236,82445263,65613785,45112700,342282,885,0,0
C026266,2680880,32170560,1576120,18913440,450387840,17240327,13725194,361431,801,0,0
C026267,4246023,50952276,3090734,37088808,60398304,42344789,20545563,84920,720,0,0
C026268,9453093,113437116,6331277,75975324,379413505,118728968,70544881,897212,798,0,0
C026269,2568821,30825852,1302275,15627300,55755635,94100144,90631636,697905,730,0,1
C026270,4716750,56601000,1525854,18310248,129064161,75219009,75219009,589192,780,0,0
C026271,2587209,31046508,1761578,21138936,433779465,56952134,43685967,402622,673,1,0
C026272,3772400,45268800,2295329,27543948,101493110,18316743,17565375,270941,816,0,0
C026273,4446987,53363844,2844277,34131324,124900012,63287125,53753683,437364,727,0,0
C026274,5262501,63150012,3586143,43033716,216919407,46102230,22942486,414109,815,0,0
C026275,3170548,38046576,2670412,32044944,80030830,20284888,20284888,307254,777,0,0
C026276,5850782,70209384,2846877,34162524,324341347,53595355,28636619,546054,762,0,0
C026277,3504010,42048120,1838544,22062528,168586104,25192857,19592046,212227,806,0,0
C026278,3586152,43033824,2635684,31628208,154204028,92739764,76312507,538533,748,0,0
C026279,5818114,69817368,2963133,35557596,609522826,137848552,137848552,864330,946,0,0
C026280,2328187,27938244,1082117,12985404,207882008,18113727,18113727,239867,816,0,0
C026281,3889457,46673484,1699329,20391948,112840996,116828883,103997929,891344,659,0,0
C026282,4900067,58800804,2409771,28917252,338719106,88257655,88257655,687755,746,0,0
C026283,2516337,30196044,1550470,18605640,208250381,20596163,20596163,183637,808,0,0
C026284,5300484,63605808,2781504,33378048,231767611,66935559,66935559,723916,809,0,0
C026285,9017724,108212688,2820053,33840636,286108238,90886682,90886682,1287717,779,0,0
C026286,8460256,101523072,4631347,55576164,645988699,43515873,43515873,635440,854,0,0
C026287,6506907,78082884,3974521,47694252,188612110,75552462,69618740,1100985,764,0,0
C026288,7818327,93819924,7171265,86055180,156782028,116593395,67349631,882521,760,0,0
C026289,3979687,47756244,2109126,25309512,637253512,70143431,57098897,351759,711,0,0
C026290,1800000,21600000,1050688,12608256,68707818,9171204,9171204,252622,815,0,0
C026291,9766888,117202656,6113769,73365228,276119601,435804244,339246628,2317462,649,1,0
C026292,3806823,45681876,2054727,24656724,639546264,92678972,92678972,648237,860,0,0
C026293,3122398,37468776,2174244,26090928,174720141,35007619,35007619,68763,779,0,0
C026294,2254914,27058968,1018654,12223848,56073696,45040396,39235194,264344,803,0,0
C026295,3206453,38477436,1558672,18704064,323583884,76964122,63562567,423432,788,0,0
C026296,3608778,43305336,1768621,21223452,505451325,42661665,42661665,313912,808,0,0
C026297,7915531,94986372,3820832,45849984,819356663,118066093,97605532,1016785,713,0,0
C026298,2338221,28058652,1772813,21273756,106665193,41037341,41037341,348483,846,0,0
C026299,3026475,36317700,1864163,22369956,110094406,19377536,19377536,304472,847,0,0
C026300,2698918,32387016,1733972,20807664,453418224,29851132,22005704,139842,675,0,0
C026301,5099934,61199208,2626076,31512912,146985715,83361461,63863259,101999,808,0,0
C026302,5220139,62641668,3279534,39354408,170300992,56021466,31260386,207845,817,0,0
C026303,2462564,29550768,1859860,22318320,413710752,27636922,27636922,352194,735,0,0
C026304,7447099,89365188,3699699,44396388,724161524,127901439,86119736,641650,868,0,0
C026305,2968611,35623332,1623561,19482732,118004638,40771339,27652683,313018,757,0,0
C026306,4563456,54761472,3927851,47134212,358748721,55902181,34416589,196304,713,0,0
C026307,2223640,26683680,1153568,13842816,94928468,22852384,16882373,338510,865,0,0
C026308,2604987,31259844,1790615,21487380,153878821,22876277,14349207,209630,734,1,0
C026309,7091418,85097016,5092140,61105680,122465279,135777411,114745064,1123348,731,0,0
C026310,2465203,29582436,1359418,16313016,36011188,24337166,21456366,194354,788,0,0
C026311,3863964,46367568,2401967,28823604,162439334,54148705,37005079,210062,739,0,0
C026312,3615091,43381092,2314504,27774048,343393607,40655671,33166282,442603,720,0,0
C026313,4905576,58866912,2443224,29318688,623991767,112271424,94479017,836878,815,0,0
C026314,2875519,34506228,1725271,20703252,88303338,43508739,38195207,392766,861,0,0
C026315,5602564,67230768,4274404,51292848,577614885,212751898,191090297,1361307,612,0,0
C026316,4004357,48052284,3234039,38808468,438534929,57261198,57064721,472539,750,0,0
C026317,7530016,90360192,4460512,53526144,319508640,122337036,103618122,1132531,766,0,0
C026318,3553242,42638904,888311,10659732,395708870,37464250,37464250,366422,780,0,0
C026319,7341616,88099392,2225944,26711328,268629867,134892410,134892410,1183844,813,0,0
C026320,2095315,25143780,1775158,21301896,110950241,16495566,9354510,295983,820,1,0
C026321,3955337,47464044,2301249,27614988,185952669,46809439,36088585,366838,860,0,0
C026322,4287599,51451188,2135069,25620828,296006777,68260096,54737923,320337,771,0,0
C026323,2456428,29477136,1764550,21174600,229633843,12543162,12543162,124975,790,0,0
C026324,2781112,33373344,1853322,22239864,61943456,77102868,74362018,440653,780,1,1
C026325,3109427,37313124,2214506,26574072,82162751,80986855,63278982,294098,733,0,0
C026326,3872834,46474008,3245573,38946876,191853744,61563082,50820669,411494,715,0,0
C026327,5600881,67210572,3207779,38493348,288967565,20250715,20250715,598953,703,0,0
C026328,6782298,81387576,4166879,50002548,870543530,60315974,41950605,276182,832,1,0
C026329,2824828,33897936,1878176,22538112,112552326,27076210,27076210,87261,808,0,0
C026330,7233447,86801364,4017984,48215808,776843313,81311312,60100512,523262,898,0,0
C026331,7528405,90340860,2899212,34790544,310883088,99374705,51902477,790083,768,2,0
C026332,4573660,54883920,2446119,29353428,346960162,52748991,39049840,490827,795,0,0
C026333,3906252,46875024,2740840,32890080,121942532,49586748,40379541,546401,691,0,0
C026334,3887207,46646484,2764234,33170808,77231486,44930633,11984367,503173,806,0,0
C026335,4763154,57157848,2620413,31444956,169402534,51900652,46352475,155667,871,0,0
C026336,2333674,28004088,1462804,17553648,207441799,18798107,13587160,253904,734,0,0
C026337,6890232,82682784,2764815,33177780,1157558976,111246284,88617787,503494,817,0,1
C026338,2402369,28828428,1419387,17032644,67469894,54581109,49164117,300157,809,0,0
C026339,7480337,89764044,4081716,48980592,221348347,55282479,49630188,369970,760,1,0
C026340,3459470,41513640,1478252,17739024,130058869,50986692,36827569,317092,840,0,0
C026341,4659052,55908624,2354484,28253808,446374238,56656658,29996395,290229,789,0,0
C026342,3654605,43855260,2508072,30096864,122944250,49352281,39947666,389930,881,0,0
C026343,10030425,120365100,5625597,67507164,774296921,198441100,155446443,859424,730,0,0
C026344,8267483,99209796,3507180,42086160,131804183,130234457,130234457,859369,915,0,0
C026345,2329220,27950640,1685284,20223408,92668216,25725995,23519970,417530,658,0,0
C026346,8051328,96615936,3326052,39912624,260348554,99079802,53389001,787121,741,1,0
C026347,5184948,62219376,3135298,37623576,377575970,61151510,61151510,561033,773,0,1
C026348,7655774,91869288,4907448,58889376,357553247,67523026,50136411,813161,747,0,0
C026349,4061090,48733080,2818745,33824940,68237250,35776400,28893894,258858,810,0,0
C026350,5880678,70568136,4298066,51576792,259063633,41181921,37835305,631339,735,0,0
C026351,4539541,54474492,3208739,38504868,275312478,44083896,34167650,440326,825,0,0
C026352,5561713,66740556,2812684,33752208,516954048,94164883,84410862,936116,771,0,0
C026353,2013439,24161268,1283889,15406668,166518984,33681165,20863734,217241,746,0,0
C026354,2759631,33115572,1064225,12770700,47361935,100024248,80609991,667917,667,0,0
C026355,3004150,36049800,2341293,28095516,191443175,24296260,19299805,273937,725,0,0
C026356,6259239,75110868,3860356,46324272,762341656,72256145,62862855,710002,728,0,0
C026357,2821597,33859164,2159930,25919160,67882868,21154604,12335131,266369,777,0,0
C026358,5057528,60690336,2926791,35121492,380568197,35463605,29605779,101151,780,0,1
C026359,3894730,46736760,2362833,28353996,560712174,42680975,42680975,387826,759,0,0
C026360,4423454,53081448,2802721,33632652,743140272,20750887,20750887,206264,870,0,0
C026361,2630565,31566780,1221779,14661348,87857299,44313039,44313039,380842,820,0,0
C026362,3089005,37068060,2245102,26941224,78158564,9457940,5285461,174799,837,0,0
C026363,5076892,60922704,3005029,36060348,165813581,132914774,121359168,1013216,761,0,0
C026364,4491319,53895828,2147221,25766652,175330264,33584843,29019183,228644,832,0,0
C026365,2483822,29805864,2177581,26130972,274972108,6083855,6083855,255253,832,0,0
C026366,2335616,28027392,1583636,19003632,259228342,89020446,74233785,591212,706,0,0
C026367,8192567,98310804,4596037,55152444,826812212,75127023,62844151,797406,778,0,0
C026368,3154783,37857396,2453470,29441640,215714604,49360534,30181155,259735,716,1,0
C026369,9226113,110713356,5573009,66876108,798721787,103595887,41357652,962415,833,0,0
C026370,3182454,38189448,1562845,18754140,163159381,57775219,52100022,405282,783,0,0
C026371,12000000,144000000,10061078,120732936,1521063873,226560063,205314962,1341045,772,0,0
C026372,4618232,55418784,2314318,27771816,165647743,25505644,25505644,288193,808,0,0
C026373,4040150,48481800,2256713,27080556,126202342,32720639,18376807,339443,823,0,0
C026374,5323900,63886800,3076886,36922632,225136468,62521032,62521032,508922,898,0,0
C026375,3856425,46277100,1282744,15392928,90824914,93540715,84631525,587326,727,0,0
C026376,3048851,36586212,2436215,29234580,85966603,25711797,17465704,382889,733,0,0
C026377,5197157,62365884,2844035,34128420,283712953,47803457,44973142,230288,903,0,0
C026378,3441144,41293728,1338153,16057836,179345742,40036543,22810234,255298,721,0,0
C026379,2498322,29979864,1216692,14600304,72969192,18860152,11596478,132791,805,0,0
C026380,6018267,72219204,2624692,31496304,276551488,155233079,155233079,1139528,738,0,1
C026381,2445580,29346960,1345954,16151448,71315132,108858643,108858643,712572,768,0,1
C026382,2510319,30123828,1365500,16386000,55438249,34381214,20154975,285116,808,0,0
C026383,7406180,88874160,5954255,71451060,774940120,104880862,75755909,962877,761,0,0
C026384,2645350,31744200,2206855,26482260,200525678,21238010,21238010,52907,782,0,0
C026385,2790450,33485400,1727436,20729232,260785832,20266342,20266342,82767,807,0,0
C026386,7788662,93463944,2755959,33071508,692293101,46935106,44714877,377438,835,0,0
C026387,2889106,34669272,1606106,19273272,149240607,84910978,71877010,410562,772,0,0
C026388,1823780,21885360,1237417,14849004,63337242,13031549,10536891,50000,821,0,0
C026389,3293006,39516072,1629047,19548564,120447814,64004090,55113665,609703,778,0,0
C026390,5032732,60392784,3206296,38475552,289072995,68723968,57335566,711393,753,0,0
C026391,5273220,63278640,2717270,32607240,234631064,76094126,73265300,591164,723,0,0
C026392,2090628,25087536,1487754,17853048,51230437,26977728,20086302,311789,740,0,1
C026393,3745725,44948700,2683077,32196924,278076164,39161099,39161099,517396,739,0,0
C026394,3709525,44514300,2138965,25667580,231194435,45825093,24237352,425739,818,0,0
C026395,10629725,127556700,5018935,60227220,84014353,122688682,88866879,936156,749,0,0
C026396,2647349,31768188,2259773,27117276,63172848,58451868,49854592,315541,701,0,0
C026397,4169844,50038128,2464702,29576424,105005373,65128209,53467586,548245,791,0,0
C026398,4534339,54412068,2552032,30624384,201936320,43628928,25820637,383310,773,0,0
C026399,8365562,100386744,6166538,73998456,641237189,186700359,128960226,1670835,613,4,1
C026400,2844003,34128036,2065827,24789924,202006828,43169860,40152065,355451,718,0,0
C026401,3039302,36471624,1640335,19684020,240046870,31847922,31847922,376970,811,0,0
C026402,4516517,54198204,2769860,33238320,52765379,74395615,70500079,487149,790,0,0
C026403,3050779,36609348,1762437,21149244,51415998,55730196,34129840,294765,706,0,0
C026404,3693746,44324952,1970982,23651784,235352617,11295798,11295798,160749,816,0,0
C026405,5348798,64185576,3136836,37642032,343532757,46097921,33063350,640752,747,0,0
C026406,2641938,31703256,2029625,24355500,132959078,16221041,10625087,52839,868,0,0
C026407,7463787,89565444,3451030,41412360,382209590,94192806,68036078,772953,709,1,1
C026408,6624128,79489536,3610216,43322592,810774673,36747333,36747333,215372,845,0,0
C026409,12000000,144000000,7450145,89401740,525768048,347000679,270702802,1951857,749,0,0
C026410,2345899,28150788,1141659,13699908,64044804,59058519,59058519,422997,808,0,0
C026411,2906270,34875240,1927549,23130588,202572680,36575742,17652741,403967,737,0,1
C026412,5166371,61996452,3300243,39602916,390605742,79785817,79766570,767483,751,0,0
C026413,3097153,37165836,1318188,15818256,271433534,22707587,17858558,294634,835,0,0
C026414,3985279,47823348,2742254,32907048,495854308,46850859,40044141,560164,845,0,0
C026415,6527424,78329088,3455121,41461452,291904314,81499047,67072397,419129,824,0,0
C026416,2753760,33045120,1935223,23222676,92126200,28589874,23605737,216603,734,2,0
C026417,8119517,97434204,4014253,48171036,1312215164,97065460,64595555,963812,816,0,0
C026418,3574527,42894324,1206613,14479356,102275198,42817414,42817414,441968,717,0,0
C026419,4467448,53609376,2064687,24776244,134014315,48033336,48033336,542016,857,0,0
C026420,3827454,45929448,2448007,29376084,150341764,60603951,26914431,287415,651,0,0
C026421,4315068,51780816,2197299,26367588,102500296,45557371,37763859,230511,839,0,0
C026422,1863717,22364604,1538069,18456828,98363108,7624963,2683136,170490,797,0,0
C026423,3642991,43715892,2559713,30716556,61698922,47068594,16260753,398360,704,0,0
C026424,2852193,34226316,1552099,18625188,71374071,22123326,22123326,252319,866,0,0
C026425,2237255,26847060,994634,11935608,126385012,45510025,42417197,484837,825,0,0
C026426,5042439,60509268,3448344,41380128,55760737,60456597,41097510,100849,648,0,0
C026427,11036197,132434364,5865142,70381704,528151117,150705105,105947786,1244517,857,0,0
C026428,8779832,105357984,3479141,41749692,103929333,49927261,49927261,1185557,825,0,0
C026429,4013557,48162684,1727140,20725680,166680589,25831897,23035497,172912,832,0,0
C026430,4692030,56304360,1173008,14076096,261687987,34094985,26926626,172755,802,0,0
C026431,2996919,35963028,1685588,20227056,227764302,45294497,43079419,442129,816,0,0
C026432,7369719,88436628,4949849,59398188,357009762,59765120,41219461,1048297,799,0,0
C026433,2168709,26024508,1078441,12941292,159224190,15914177,15914177,223901,776,0,0
C026434,7283765,87405180,4202406,50428872,267557654,59346648,44124230,528249,781,0,0
C026435,3747338,44968056,2550504,30606048,112327788,77140225,44114648,598689,656,0,0
C026436,4969772,59637264,2961682,35540184,83698087,41334833,21277610,342589,860,0,0
C026437,3033962,36407544,1961466,23537592,128903976,52821175,52821175,457108,774,1,1
C026438,3383414,40600968,2680057,32160684,100160004,31620000,31620000,287445,785,0,0
C026439,2449020,29388240,1677180,20126160,118817079,47714545,35653168,149494,773,1,1
C026440,2292065,27504780,920496,11045952,55263641,26331843,22558364,80083,765,0,0
C026441,5245354,62944248,3297469,39569628,403819458,37040131,27931054,489499,788,0,0
C026442,2748793,32985516,1965822,23589864,95657632,48393211,38573324,383842,679,0,0
C026443,2869263,34431156,1898565,22782780,223723431,12070360,12070360,199864,821,0,0
C026444,2722158,32665896,2091186,25094232,370753829,50024835,45332272,351213,816,0,0
C026445,6206743,74480916,4382188,52586256,323684579,72725630,48931183,424037,795,0,0
C026446,7149465,85793580,3378610,40543320,271686417,137605223,109501812,809303,748,0,0
C026447,6883361,82600332,4888261,58659132,140008329,154959613,95727097,1129990,772,0,0
C026448,3844676,46136112,2893024,34716288,88815724,62212078,51664710,301388,750,1,0
C026449,7272191,87266292,5268150,63217800,776287464,179565534,141720461,1062115,646,0,1
C026450,4858147,58297764,2242178,26906136,148476579,67462300,67462300,640646,808,0,0
C026451,4061625,48739500,2305190,27662280,121435289,96682300,64805406,564057,814,0,0
C026452,4289929,51479148,2204467,26453604,258629634,27927634,14865567,124717,819,0,0
C026453,1800000,21600000,909163,10909956,75078785,11152050,8452591,50000,753,0,1
C026454,5653532,67842384,2664072,31968864,204563650,39894357,39894357,284955,847,0,0
C026455,3160608,37927296,1398037,16776444,382849438,77684701,59409768,325230,766,0,0
C026456,2411164,28933968,1760678,21128136,62285924,9169254,6358346,50000,809,0,1
C026457,2757111,33085332,1771522,21258264,177991157,34502613,31429506,321490,765,0,0
C026458,3261871,39142452,2165834,25990008,94005339,22706765,22706765,74671,790,0,0
C026459,5821509,69858108,2453896,29446752,90743920,86781808,38938642,536039,727,0,1
C026460,5704095,68449140,3313396,39760752,97588935,76440317,64257724,787509,753,0,0
C026461,2278363,27340356,1450084,17401008,52169976,27654757,24437227,126394,837,0,0
C026462,3940795,47289540,1966107,23593284,269529083,96863980,55417509,424423,842,0,0
C026463,3395657,40747884,2387505,28650060,214125551,31878495,19901991,347267,639,0,0
C026464,2141173,25694076,1525923,18311076,61259072,23467944,15683325,191259,715,0,0
C026465,4285157,51421884,2970913,35650956,81764480,51132890,28683345,85703,724,1,0
C026466,8049587,96595044,6563801,78765612,409980147,100291804,100291804,806037,850,1,0
C026467,2955313,35463756,1702039,20424468,38792626,45122726,25827443,311007,744,0,0
C026468,6826842,81922104,2591068,31092816,771184724,76679445,33441800,635009,752,0,0
C026469,6222147,74665764,3429458,41153496,94191986,46161499,38289653,875447,778,0,0
C026470,2216073,26592876,1222006,14664072,161824649,14585949,10056987,200263,787,0,1
C026471,2200639,26407668,1405832,16869984,75987810,42323120,42323120,302219,829,1,0
C026472,8495279,101943348,5472385,65668620,213472119,70647910,29012060,503535,817,0,0
C026473,2775641,33307692,2234513,26814156,69024369,27013365,25331708,337205,719,2,1
C026474,4316007,51792084,2571740,30860880,170654124,46290560,46290560,663744,788,0,0
C026475,3905120,46861440,1451504,17418048,153347271,57266761,38137759,78102,864,0,0
C026476,2692302,32307624,886144,10633728,312809312,32197455,12626526,300632,908,0,0
C026477,3636696,43640352,2698993,32387916,127814325,88375683,58818687,623412,700,1,0
C026478,4585171,55022052,3097527,37170324,357715920,59844583,37385614,310180,767,0,0
C026479,2953061,35436732,1406746,16880952,188055396,104528805,104528805,669630,765,0,0
C026480,3871602,46459224,1973434,23681208,81581151,43124964,17497466,248108,782,0,0
C026481,4011892,48142704,2958062,35496744,147769326,45283054,33897820,317496,798,0,0
C026482,4170682,50048184,1108796,13305552,665342953,59377832,59377832,551060,814,0,0
C026483,1800000,21600000,1085710,13028520,28825829,11729295,7020517,129224,750,0,0
C026484,7559025,90708300,4965257,59583084,824181842,78564297,70947886,770736,789,0,0
C026485,8626989,103523868,6202654,74431848,693875664,104592175,65267607,275111,809,0,0
C026486,6796085,81553020,5354226,64250712,378659004,98136896,83102939,716154,822,0,0
C026487,7791096,93493152,6841530,82098360,324499196,332714792,332714792,2010497,651,0,1
C026488,3469945,41639340,1734276,20811312,72516375,27495632,27495632,198264,879,0,0
C026489,6479730,77756760,3287903,39454836,371493259,115690057,109717016,945572,716,0,0
C026490,1800000,21600000,686864,8242368,57855768,27643718,24735983,309597,762,0,0
C026491,2755551,33066612,1271586,15259032,101525290,33756574,15344787,264733,839,0,0
C026492,5825645,69907740,2811745,33740940,328633051,97200165,71364454,838350,812,0,0
C026493,3049754,36597048,1984855,23818260,187851195,43542380,29490648,346731,737,0,1
C026494,3453806,41445672,2230550,26766600,330780317,40905372,31695298,105409,809,1,0
C026495,3609524,43314288,2121527,25458324,88907607,18330626,18330626,258875,850,0,0
C026496,5325661,63907932,2842542,34110504,109532864,96366075,96366075,517907,735,0,0
C026497,2288491,27461892,1544761,18537132,197271878,31938011,27861412,222389,734,2,0
C026498,12000000,144000000,6582033,78984396,564381097,188789682,111155942,1460415,797,0,0
C026499,3691705,44300460,2788130,33457560,325938820,43049440,26641724,379605,611,0,0
C026500,4960797,59529564,2185626,26227512,512167407,23974529,23974529,103522,840,0,0
C026501,1800000,21600000,1378019,16536228,302400000,12642378,12642378,141350,721,0,0
C026502,6675488,80105856,3529027,42348324,438435406,57005317,51460662,1314798,738,0,0
C026503,3739450,44873400,2253004,27036048,101558866,67559581,51333378,526106,723,0,0
C026504,5374793,64497516,3302879,39634548,455007173,85061125,76205999,837067,763,1,0
C026505,9177269,110127228,6176995,74123940,178530926,102193136,93813708,820837,863,0,0
C026506,4270018,51240216,1937829,23253948,119783296,55622237,37364693,481297,732,0,0
C026507,2883047,34596564,1296595,15559140,122332616,20871744,20871744,235265,875,0,0
C026508,4509212,54110544,1364697,16376364,278672540,80102728,80102728,694096,825,0,0
C026509,2105442,25265304,1439062,17268744,311879862,3424880,2468585,158773,786,0,0
C026510,4052243,48626916,2128083,25536996,273434036,85187056,85187056,503071,750,0,0
C026511,3841131,46093572,2740510,32886120,213005010,106035084,86258432,687939,820,0,0
C026512,3266285,39195420,1826460,21917520,308478816,39131450,32016318,322510,747,0,0
C026513,3829780,45957360,3298112,39577344,582373330,48830659,36406293,466668,742,1,0
C026514,3167844,38014128,1737834,20854008,64375595,48664987,36461330,304506,713,0,1
C026515,5804406,69652872,3671948,44063376,233953496,116246616,109325850,1365681,767,0,0
C026516,4341139,52093668,2878642,34543704,146589302,52074549,52074549,561666,848,1,0
C026517,1800000,21600000,890863,10690356,237111878,10653391,10653391,149681,817,0,0
C026518,3768088,45217056,1367992,16415904,209625239,41466864,22947872,193600,792,0,0
C026519,2064053,24768636,1320322,15843864,131685748,46534890,37672552,395649,732,0,0
C026520,3703751,44445012,3348150,40177800,205907419,57199510,51089220,529337,645,1,0
C026521,2866273,34395276,1767781,21213372,91068894,39516513,26480225,203817,692,0,0
C026522,2566010,30792120,641503,7698036,119614640,34081074,21475910,306355,775,0,0
C026523,4666523,55998276,3633612,43603344,324606273,49870237,18651897,93330,788,0,0
C026524,3042496,36509952,1912931,22955172,102230370,16368731,16368731,353334,847,0,0
C026525,5529283,66351396,4027345,48328140,361119169,73242691,59481155,368690,817,0,0
C026526,2500074,30000888,1254739,15056868,12946382,62874584,62874584,471003,867,0,0
C026527,6303866,75646392,3032308,36387696,216951435,59641316,29754539,698963,679,0,0
C026528,2140597,25687164,1099937,13199244,144153162,13255933,11581590,194957,809,0,0
C026529,1800000,21600000,602367,7228404,44229421,24038846,24038846,186150,893,0,0
C026530,5643966,67727592,3916388,46996656,455420856,73850271,58016757,358068,848,0,0
C026531,2786678,33440136,1935159,23221908,107070989,36395136,26285904,171808,839,0,0
C026532,2818970,33827640,1883290,22599480,227055518,37448636,37448636,301359,716,0,0
C026533,6805891,81670692,4547032,54564384,265399472,151042870,114095283,1074057,737,0,0
C026534,2134047,25608564,1274556,15294672,282808700,33349668,30681718,257456,800,0,0
C026535,5408958,64907496,2979562,35754744,534136544,62454206,46640534,616662,829,0,0
C026536,3974562,47694744,1091461,13097532,379492978,44703058,37391752,427735,692,0,1
C026537,2002755,24033060,1042048,12504576,74233195,26031271,19683205,220225,743,0,0
C026538,5176880,62122560,3265290,39183480,229627590,30411555,30411555,659768,689,0,1
C026539,2133305,25599660,1263829,15165948,59697459,58814291,54779635,281352,735,0,0
C026540,3015455,36185460,1807638,21691656,274073300,35887383,20817315,422085,746,0,0
C026541,4997808,59973696,3636757,43641084,417939718,55914552,32147703,602101,856,0,0
C026542,5879633,70555596,3318535,39822420,685880241,56057615,43839695,474229,818,0,0
C026543,8511340,102136080,4265556,51186672,288146034,67850636,49294949,634894,803,1,0
C026544,4767831,57213972,3508539,42102468,403409724,40303259,33015326,230248,794,0,0
C026545,8430081,101160972,5442546,65310552,228168208,273099452,227105234,1634536,696,0,1
C026546,4298112,51577344,3078175,36938100,116854901,60058887,60058887,371611,898,0,0
C026547,3336693,40040316,2161318,25935816,128363428,58510168,54490281,415658,858,0,0
C026548,7052147,84625764,3012859,36154308,221761962,42445695,42445695,428315,790,0,0
C026549,2665892,31990704,1507668,18092016,103483806,51380333,50250222,300209,861,0,0
C026550,2756302,33075624,1947132,23365584,91942395,67219362,52795294,239962,837,1,0
C026551,3486756,41841072,2260195,27122340,214873908,69983507,60577563,720099,719,0,1
C026552,3360984,40331808,2163847,25966164,271793847,44003690,44003690,659404,645,1,1
C026553,8949411,107392932,5652833,67833996,113807680,71349136,42887365,388007,796,0,0
C026554,6774024,81288288,4815631,57787572,211097331,83336534,48931303,1121146,789,0,1
C026555,5213059,62556708,3870438,46445256,794381905,39490871,27037336,227147,757,0,0
C026556,4466262,53595144,1116566,13398792,50860336,48686285,48686285,448536,811,0,0
C026557,9447752,113373024,5076297,60915564,472167175,97907668,55502949,1071068,777,0,0
C026558,5466106,65593272,2690515,32286180,241600940,141602152,121606028,847463,783,0,0
C026559,2718747,32624964,1158138,13897656,76332121,60772908,60772908,461098,800,0,0
C026560,2497899,29974788,1712283,20547396,95776155,30859680,20321759,232852,801,0,0
C026561,3846801,46161612,2026674,24320088,331451067,161936106,144499870,919907,702,0,1
C026562,3619046,43428552,2330264,27963168,94898789,73637959,40393094,458670,690,0,0
C026563,3541505,42498060,2590846,31090152,118844039,42291309,32502734,364152,708,0,0
C026564,4319492,51833904,1706674,20480088,70266965,11861244,11861244,333217,876,0,0
C026565,6236446,74837352,3714671,44576052,359305995,84644869,51988255,575148,756,1,0
C026566,7477637,89731644,4900759,58809108,231477569,45265255,41864577,149553,833,0,0
C026567,5717838,68614056,3872355,46468260,225936309,68815358,35183450,191147,788,0,0
C026568,9009687,108116244,6549109,78589308,355833436,117642241,106559799,1911840,683,0,0
C026569,5562418,66749016,3162975,37955700,441285887,23310997,13803509,367436,810,0,0
C026570,4205701,50468412,2446275,29355300,161342292,132196435,132196435,973542,791,0,0
C026571,4231685,50780220,2308975,27707700,482212283,136545981,133213184,944795,804,0,0
C026572,3668640,44023680,1501913,18022956,142838312,91265783,73517237,638108,811,0,0
C026573,6479287,77751444,3203905,38446860,306867638,137055613,124157813,1161635,818,0,0
C026574,11703286,140439432,9350049,112200588,627707984,41341470,41341470,399442,734,1,0
C026575,3225976,38711712,1606014,19272168,180545406,42387030,42387030,253386,736,0,0
C026576,2341257,28095084,1175319,14103828,107923596,32844091,29646722,389749,813,0,0
C026577,4814729,57776748,1420852,17050224,342322874,46481003,42872166,578915,757,0,0
C026578,5518620,66223440,2837808,34053696,93920504,42538870,31589789,536959,846,0,0
C026579,8131058,97572696,4166736,50000832,301944543,129507503,81672748,544769,856,0,0
C026580,2096026,25152312,720107,8641284,61580580,32159402,21439580,196731,830,0,0
C026581,6890758,82689096,4556430,54677160,313011098,75447495,30172511,503648,791,0,0
C026582,4599902,55198824,2300595,27607140,366731487,39896164,22328322,220325,699,0,0
C026583,3930253,47163036,1989579,23874948,103717771,83290711,55771198,665619,811,0,0
C026584,4863762,58365144,3090425,37085100,197440737,105669733,105669733,944164,804,0,0
C026585,3494863,41938356,2118422,25421064,219095944,25870844,25870844,224574,834,0,0
C026586,2029882,24358584,1197269,14367228,157192782,28017102,15667551,169005,865,0,0
C026587,3004764,36057168,2113309,25359708,98561589,39466195,19440899,268485,737,0,0
C026588,6011607,72139284,2821845,33862140,267854151,84068134,57855540,605134,776,0,0
C026589,5982771,71793252,2860050,34320600,230877675,136537934,119658840,1252634,729,0,0
C026590,3725260,44703120,2405914,28870968,32779768,50801099,39709779,320313,677,0,0
C026591,5226357,62716284,3694072,44328864,123017263,67764463,63829137,499361,778,0,0
C026592,2986820,35841840,2233675,26804100,63791186,96320050,95941865,809552,735,0,0
C026593,3098004,37176048,1833062,21996744,112579086,82641590,71613813,589451,738,0,0
C026594,2602927,31235124,1587090,19045080,188782447,30125657,23201867,119062,748,0,0
C026595,4210982,50531784,2024549,24294588,102588602,15474224,8669755,355863,796,0,0
C026596,3928673,47144076,1881915,22582980,32146950,83741693,71503327,815235,834,0,0
C026597,2671024,32052288,1562284,18747408,35491093,51762980,44053486,264748,801,1,0
C026598,5027499,60329988,3727214,44726568,522143634,118594138,118594138,821325,757,0,0
C026599,2216094,26593128,1436162,17233944,213798241,30588412,11833773,111211,778,1,0
C026600,8568828,102825936,4984593,59815116,377022510,167278133,147062955,1526549,775,0,0
C026601,8271927,99263124,5098480,61181760,127278121,86214473,71901600,568163,766,2,0
C026602,3871712,46460544,2471080,29652960,148835980,117779876,102255482,766034,660,1,0
C026603,4997343,59968116,2586512,31038144,278902027,113548121,89122825,1106302,815,0,0
C026604,5315338,63784056,2326467,27917604,82329134,47879168,39357212,239260,778,0,0
C026605,5329493,63953916,2752262,33027144,141587613,88826476,60065376,515540,808,0,0
C026606,3093992,37127904,2318605,27823260,25019464,38807373,29802492,298143,833,0,0
C026607,8555252,102663024,6133797,73605564,228697586,138247256,130202612,1068666,753,0,0
C026608,3573792,42885504,1538534,18462408,202954863,75879405,71589146,854680,792,1,1
C026609,3447735,41372820,2492762,29913144,270148600,25472647,12849211,276131,736,1,0
C026610,3008279,36099348,1256288,15075456,103036584,29955882,15398231,140335,855,0,0
C026611,4818629,57823548,1708020,20496240,809529672,109536698,109536698,900450,786,0,0
C026612,3338378,40060536,1812393,21748716,185443690,30701342,10203018,265955,801,0,0
C026613,4064697,48776364,2915537,34986444,140133025,93111397,77913923,436073,812,1,0
C026614,3446150,41353800,2283531,27402372,160817536,60290977,50218678,459474,786,0,1
C026615,4208333,50499996,3437037,41244444,204688860,48670428,27431157,84167,781,0,0
C026616,4196180,50354160,2867622,34411464,152769240,21769235,21769235,330616,764,0,0
C026617,5697777,68373324,3598815,43185780,140573432,40207028,22008472,575334,775,0,0
C026618,4373778,52485336,2567134,30805608,211548953,60157706,47182603,579087,834,0,0
C026619,5119582,61434984,4019402,48232824,266645082,49743322,24181508,241024,834,0,0
C026620,6362689,76352268,3977470,47729640,711473035,31247564,31247564,368615,727,0,0
C026621,2899358,34792296,1659497,19913964,182535752,32315642,16806819,199369,820,0,0
C026622,2475920,29711040,1594774,19137288,252308300,34300292,26875532,179213,704,0,0
C026623,2856538,34278456,2394744,28736928,42631849,32801955,21742174,274701,706,0,0
C026624,4651905,55822860,2315258,27783096,39798430,69490971,65552357,375893,830,0,0
C026625,4002646,48031752,2456229,29474748,590992161,82312854,64538590,644158,671,0,1
C026626,5543659,66523908,2243965,26927580,227476091,57468102,38945946,513778,817,0,0
C026627,4674965,56099580,3511491,42137892,315515943,82061677,56729551,540718,642,0,0
C026628,1800000,21600000,920663,11047956,172525446,15332209,13129128,90330,849,0,0
C026629,7526964,90323568,3923788,47085456,337214529,71552248,10785396,240784,757,0,0
C026630,4648605,55783260,3584765,43017180,354645740,50918530,26698745,130486,751,0,0
C026631,3747122,44965464,2205781,26469372,158195273,59648514,54981503,445802,817,0,0
C026632,5089543,61074516,3377026,40524312,447472686,48841716,33116401,101791,861,0,0
C026633,6057092,72685104,4862651,58351812,592992914,44367146,44367146,260750,794,0,0
C026634,3461432,41537184,2730400,32764800,23100587,26150708,16066848,206966,822,0,0
C026635,12000000,144000000,6329508,75954096,671262197,130632485,130632485,1065996,811,0,0
C026636,8431070,101172840,5207774,62493288,336382454,474281835,455277780,3338895,564,2,1
C026637,4175920,50111040,1043980,12527760,235580279,79285500,57373597,281754,796,0,0
C026638,3361366,40336392,1628869,19546428,564709488,45678723,40010364,279709,820,0,0
C026639,3104361,37252332,1304309,15651708,106123042,58015541,37528332,360939,848,0,0
C026640,1800000,21600000,1241965,14903580,50142639,49234784,41466641,301810,765,0,0
C026641,4143906,49726872,2122508,25470096,498863339,60708828,43725751,188582,778,1,0
C026642,3978440,47741280,2347474,28169688,262716546,20980054,17475170,216268,772,0,0
C026643,6395567,76746804,3608459,43301508,156306663,33798260,21650867,737296,749,0,0
C026644,5398275,64779300,3101863,37222356,244654079,72702865,52760021,230414,679,0,0
C026645,8026320,96315840,5419572,65034864,304085354,159290635,159290635,1264555,729,0,0
C026646,3094341,37132092,2049715,24596580,106029346,68569173,64481532,491848,795,0,0
C026647,3952277,47427324,2055466,24665592,475747106,59869732,33443508,521109,745,0,0
C026648,4080358,48964296,1610523,19326276,101662804,22250986,6649829,93621,887,0,0
C026649,3972764,47673168,2509734,30116808,304837836,36451773,9716991,386734,867,0,0
C026650,6332822,75993864,1917557,23010684,201518253,87832057,58225765,600930,750,0,0
C026651,3078062,36936744,1620354,19444248,190423715,50693523,45876673,373208,826,1,0
C026652,4704610,56455320,3067549,36810588,197884170,22141502,12538898,344231,738,0,1
C026653,2832059,33984708,1734378,20812536,33988145,36257934,15568347,358087,685,1,0
C026654,1800000,21600000,1001579,12018948,57772312,18645654,15882908,99893,797,0,0
C026655,3941943,47303316,1826719,21920628,141351634,36022465,36022465,451240,915,0,0
C026656,1800000,21600000,654208,7850496,22059987,47050968,33569836,393836,680,0,0
C026657,6186869,74242428,3917860,47014320,182226943,103346407,44793210,566257,793,0,0
C026658,3258300,39099600,2665756,31989072,103115120,23094856,12953960,328319,669,2,1
C026659,2268581,27222972,1560316,18723792,129250099,31262494,14958865,190188,839,0,0
C026660,3394262,40731144,2323238,27878856,134497885,45273399,23651729,247915,795,0,0
C026661,5448246,65378952,2772895,33274740,242711287,48724615,17431102,170231,786,0,0
C026662,4252250,51027000,1842686,22112232,280334147,111356537,98775236,660820,748,0,0
C026663,4738698,56864376,3496518,41958216,97591515,118487650,110991969,819333,796,0,0
C026664,4858922,58307064,2443549,29322588,54563040,39344581,27139041,370967,786,0,0
C026665,11874684,142496208,7139459,85673508,1154817025,86898119,46004781,463208,753,0,0
C026666,4049017,48588204,1834906,22018872,209752707,24583663,21978531,391646,801,0,0
C026667,3750320,45003840,2770526,33246312,80122219,120223767,111558145,914377,707,0,1
C026668,4825236,57902832,3799958,45599496,126255825,25924053,20604934,604833,713,1,1
C026669,4584827,55017924,2022905,24274860,770250936,136976554,110543112,917549,673,0,0
C026670,9809049,117708588,5715786,68589432,582890005,74632380,68181553,776753,858,0,0
C026671,4643202,55718424,2469581,29634972,160428919,28949060,10585824,137476,727,0,0
C026672,4446303,53355636,2852546,34230552,56538155,98975979,98975979,769706,779,0,0
C026673,4231146,50773752,3032274,36387288,133341248,48597047,44610069,521194,743,1,1
C026674,8969268,107631216,4775311,57303732,416944938,44088715,32563986,735052,753,0,0
C026675,1820244,21842928,1150938,13811256,100127917,22630730,17918445,58147,742,0,0
C026676,4296780,51561360,2550688,30608256,168955235,29893660,29893660,240928,716,1,0
C026677,3902408,46828896,2484479,29813748,242006548,72479291,62191939,496822,718,1,0
C026678,3094109,37129308,1678982,20147784,75070814,54042071,38390643,605349,670,2,1
C026679,3922175,47066100,1669775,20037300,587584106,211797450,211797450,1327398,812,0,0
C026680,5124285,61491420,3441963,41303556,300424339,46400795,46400795,516952,703,0,1
C026681,5258207,63098484,2870596,34447152,221348490,41010672,41010672,105164,818,0,0
C026682,7391340,88696080,4255099,51061188,254922194,61716470,47929494,708501,829,0,0
C026683,2569804,30837648,1691645,20299740,122415680,31632161,23694509,180735,843,0,1
C026684,3107701,37292412,2230483,26765796,101216233,11155199,6796684,530212,843,0,0
C026685,4138295,49659540,2863867,34366404,116283628,32368305,32368305,381277,707,2,0
C026686,1918912,23026944,1273358,15280296,115211791,51275810,34871308,211256,820,0,0
C026687,2557557,30690684,1253582,15042984,79960300,50332261,46691583,354228,794,0,0
C026688,4514595,54175140,2804528,33654336,97782403,79589175,64586869,699788,672,0,0
C026689,2499284,29991408,1269260,15231120,160881420,64753002,50033392,576399,816,0,0
C026690,6339438,76073256,3478890,41746680,249760169,180475079,137637229,756821,728,0,0
C026691,5023122,60277464,2727929,32735148,227468874,25568562,25568562,496947,802,0,0
C026692,5813425,69761100,2247886,26974632,143419256,107166905,79895239,322934,726,0,0
C026693,3281681,39380172,1932233,23186796,169968160,40648587,40648587,474388,877,0,0
C026694,5457072,65484864,3540883,42490596,392964717,32519714,20728771,229874,768,0,0
C026695,5222594,62671128,3242872,38914464,422771702,76850113,51488358,376778,907,0,0
C026696,5761163,69133956,2173448,26081376,495819220,52063771,32703321,586926,762,0,0
C026697,2503884,30046608,1330516,15966192,249453038,24054783,18715361,240318,750,0,0
C026698,3080006,36960072,1093303,13119636,77901053,42348547,42348547,658629,702,1,0
C026699,6250094,75001128,3831644,45979728,155395596,84820014,49317011,464203,699,2,0
C026700,4617573,55410876,2519022,30228264,88225100,95603146,83235052,692947,681,2,0
C026701,2183746,26204952,1329987,15959844,366869328,17241939,12777808,221586,766,0,0
C026702,3690328,44283936,2319212,27830544,338803926,31054710,17110691,394444,659,0,1
C026703,4610967,55331604,3612044,43344528,307088267,106693914,97328928,816634,755,0,1
C026704,5425280,65103360,3016438,36197256,169421932,56278978,33035143,520719,773,0,0
C026705,4431562,53178744,1887198,22646376,25977547,39829470,27480501,648730,743,0,0
C026706,4349775,52197300,3933132,47197584,195408471,46818836,27759616,642916,677,0,0
C026707,4967151,59605812,3567193,42806316,173828249,80635551,56804356,367396,766,0,0
C026708,4659338,55912056,2664429,31973148,53034108,78148717,52064648,429988,661,1,0
C026709,3639508,43674096,2243521,26922252,223496290,42373670,34618926,290866,827,0,0
C026710,3960182,47522184,2814360,33772320,64046074,165769159,165769159,1240252,731,0,0
C026711,3569724,42836688,2060764,24729168,169012236,19785064,19785064,283444,780,0,0
C026712,2669677,32036124,1554984,18659808,96475620,80498766,70096699,561093,906,0,0
C026713,4441408,53296896,3022334,36268008,120421854,35146599,24136553,299410,902,0,0
C026714,5106042,61272504,1276511,15318132,391337287,31862910,31726795,349906,791,0,0
C026715,1800000,21600000,1243025,14916300,85995523,31116949,18700436,169314,714,0,0
C026716,8051280,96615360,3607005,43284060,660838800,105491136,45455533,811763,750,0,0
C026717,3539176,42470112,1749653,20995836,336618898,50363391,28507751,441514,781,0,0
C026718,3031406,36376872,1410219,16922628,54016056,43189401,30422943,360239,749,0,0
C026719,3943687,47324244,2338604,28063248,336658129,54707564,48653433,413226,925,0,0
C026720,2846861,34162332,1684247,20210964,63419426,21931118,14533280,311720,920,0,0
C026721,1800000,21600000,1305748,15668976,62197753,18891443,18891443,284003,791,0,0
C026722,2092306,25107672,1077700,12932400,195703732,21449111,21449111,99514,907,0,0
C026723,2748471,32981652,883941,10607292,93192432,25000899,18706000,54969,819,0,0
C026724,2883360,34600320,1831174,21974088,78615454,20049956,4670548,139169,742,0,0
C026725,4165550,49986600,2903747,34844964,80423677,79719057,46200395,544264,747,0,0
C026726,2196865,26362380,902338,10828056,77392413,11101731,11101731,130950,878,0,0
C026727,2487701,29852412,1156882,13882584,90841444,49680857,47001810,334692,815,0,0
C026728,2411804,28941648,1907631,22891572,66410201,30342977,30342977,274251,824,0,0
C026729,6184671,74216052,4105890,49270680,529985204,139700862,87442174,783231,682,0,0
C026730,4452478,53429736,1910663,22927956,142348442,158572092,139955255,735760,701,0,1
C026731,2135312,25623744,1086202,13034424,104883308,27826134,24439545,114062,847,0,0
C026732,2783431,33401172,1477451,17729412,52334896,23681402,17668418,55669,845,0,0
C026733,2132390,25588680,1192973,14315676,279461116,19387995,16927580,161251,805,0,0
C026734,3908803,46905636,2138307,25659684,81121282,53932595,41631551,292434,869,0,0
C026735,2445049,29340588,1985278,23823336,79720183,25719128,10176797,176081,662,0,0
C026736,2182307,26187684,1312458,15749496,68554700,18462791,12970729,135888,849,0,0
C026737,4910235,58922820,2934317,35211804,100622187,46820230,25202902,579148,794,0,0
C026738,2838625,34063500,1437645,17251740,207820358,50795755,36987930,373737,675,0,1
C026739,4096837,49162044,3057068,36684816,124361295,50353281,49832103,472977,770,0,0
C026740,4604223,55250676,2508398,30100776,187795048,24808928,24808928,522541,760,0,0
C026741,7310073,87720876,4660435,55925220,250376235,215486905,187507624,1331604,769,0,0
C026742,1992565,23910780,1359530,16314360,77550401,24819186,13707172,303817,675,0,0
C026743,10074782,120897384,5152385,61828620,252230017,170108403,116428253,1143119,793,1,1
C026744,1800000,21600000,1254022,15048264,69550461,23143750,13801289,182499,803,0,0
C026745,3820038,45840456,1917021,23004252,107613087,17775202,7553694,76401,842,0,0
C026746,3452529,41430348,2809894,33718728,27474285,19137632,14953965,75012,843,0,1
C026747,4028984,48347808,1948850,23386200,171618747,16632745,16632745,452257,756,0,0
C026748,5794471,69533652,3566062,42792744,938212300,111444861,83115932,930053,710,0,1
C026749,3095296,37143552,1523408,18280896,134848444,10909109,10909109,234674,877,0,0
C026750,3822660,45871920,3158296,37899552,213935146,29636301,12648521,173276,785,0,0
C026751,6217788,74613456,3658174,43898088,111160081,46928189,35766733,148415,813,0,0
C026752,3170669,38048028,2046168,24554016,99155495,19275104,18478546,464688,818,0,0
C026753,2755592,33067104,2256570,27078840,108700904,33952646,16289772,55112,745,0,0
C026754,2092162,25105944,1557670,18692040,338384777,45948012,40171016,302092,853,0,0
C026755,4174705,50096460,1595354,19144248,237710935,30098071,26540093,251472,806,0,0
C026756,3903422,46841064,2332772,27993264,425850656,25799473,24590667,272914,777,0,0
C026757,2285226,27422712,1671582,20058984,165029524,13110190,6342286,50000,807,0,0
C026758,5079523,60954276,3071627,36859524,216517248,48992780,33206585,672648,788,0,0
C026759,4357006,52284072,1821731,21860772,482270701,29272034,27409583,347949,854,0,0
C026760,5180694,62168328,3241828,38901936,411921421,17532987,17127817,411282,784,0,0
C026761,3059053,36708636,1020312,12243744,64721370,22370041,22370041,285027,768,0,0
C026762,6406915,76882980,4822463,57869556,190162562,364250481,345973410,2010639,566,2,1
C026763,4692371,56308452,2224301,26691612,64971273,20544239,20544239,582618,828,0,0
C026764,4619405,55432860,2522451,30269412,210254105,97854216,75535312,667243,810,0,0
C026765,4197678,50372136,3389861,40678332,417537623,44515444,33562721,423468,756,0,0
C026766,2254160,27049920,1102979,13235748,47219665,73787210,68371789,529021,750,0,0
C026767,6042918,72515016,4400818,52809816,487104304,34375562,20283647,346269,718,1,0
C026768,5000342,60004104,4041537,48498444,369515722,49751667,40893642,457729,808,0,0
C026769,3264875,39178500,2236345,26836140,114730077,68576550,68576550,715311,723,0,1
C026770,5077331,60927972,4280683,51368196,310645259,75682665,55532071,909060,716,1,0
C026771,4421596,53059152,1909278,22911336,223322256,46424121,22850589,512897,792,0,0
C026772,4208940,50507280,2813850,33766200,108696384,54561486,54561486,477154,747,0,0
C026773,3306959,39683508,2105149,25261788,149387631,35520256,29652570,345184,774,0,0
C026774,5467659,65611908,3581850,42982200,196634862,35424920,35301656,459533,756,0,0
C026775,4161070,49932840,2730097,32761164,91190972,27413654,15388538,291977,768,0,0
C026776,2504653,30055836,1033416,12400992,120368650,75775855,61157469,432977,646,1,0
C026777,5712612,68551344,2844829,34137948,382995696,39312984,28899177,174754,775,0,0
C026778,2863472,34361664,1159249,13910988,70329374,55967606,44481443,338825,729,0,0
C026779,3161625,37939500,2403435,28841220,163792866,53232599,44612184,221886,802,0,0
C026780,2835920,34031040,1563512,18762144,202279999,56614996,43395122,244143,756,0,0
C026781,1800000,21600000,844045,10128540,73007370,14828429,5147358,107370,847,0,0
C026782,4446219,53354628,1111555,13338660,174228848,66288019,56592989,778892,794,0,0
C026783,3962522,47550264,2488096,29857152,95286942,52977100,29626039,238615,785,0,0
C026784,3439589,41275068,1437883,17254596,108834813,9912411,9912411,68792,841,0,0
C026785,2076109,24913308,1630980,19571760,348786312,90307952,80535506,652901,640,2,0
C026786,6002189,72026268,3438654,41263848,244597859,112827801,50021334,170796,760,0,0
C026787,6225185,74702220,4006806,48081672,340156220,130369617,130369617,1328789,832,0,0
C026788,4537533,54450396,3329040,39948480,265391304,70743990,48764026,603145,761,0,1
C026789,9690333,116283996,6059350,72712200,561486580,246587009,192573161,1744091,672,0,0
C026790,3190328,38283936,3024129,36289548,65433859,20913279,13406747,198053,819,0,0
C026791,4075876,48910512,2283698,27404376,190591446,39978281,17942975,150660,824,0,0
C026792,2369183,28430196,1353244,16238928,32240588,18041303,18041303,346489,834,0,0
C026793,4980741,59768892,3172499,38069988,139524797,132321723,132321723,864690,734,0,0
C026794,1800000,21600000,1033528,12402336,28741817,15114956,9896602,50000,760,0,0
C026795,3494450,41933400,1772246,21266952,184311397,50091698,34463448,591017,754,0,0
C026796,3138444,37661328,1540796,18489552,106113303,36909556,27567348,277360,857,0,0
C026797,4936739,59240868,4412326,52947912,357576485,33994226,21281180,679337,625,0,0
C026798,1800000,21600000,1305409,15664908,100315105,14204844,14204844,124530,853,0,0
C026799,9060223,108722676,6145846,73750152,474485849,77871098,53712634,610688,764,0,0
C026800,5338922,64067064,3926606,47119272,436086764,91617935,69639157,749946,680,1,0
C026801,4937766,59253192,3714418,44573016,27791699,41482382,26114868,587513,770,0,0
C026802,1800000,21600000,916697,11000364,37595869,30959523,28131021,307993,710,0,0
C026803,2970295,35643540,1527563,18330756,54938288,35569513,34134915,335635,801,0,0
C026804,5858104,70297248,2946080,35352960,101478775,42992777,22396799,247098,743,0,0
C026805,2401614,28819368,1137341,13648092,180106756,36236965,35106722,220763,747,0,0
C026806,4253774,51045288,2402326,28827912,247192755,72524063,42356931,467167,672,1,0
C026807,7550953,90611436,1999119,23989428,295664661,144232255,110185344,1149933,812,0,0
C026808,2210480,26525760,868794,10425528,106579092,26889382,13240708,121344,766,0,0
C026809,6538386,78460632,3931927,47183124,76807291,77530300,64224804,592001,763,0,0
C026810,5159238,61910856,2363274,28359288,143980380,73170638,65877164,536482,787,0,0
C026811,3373521,40482252,2530121,30361452,432877946,28305757,28305757,409574,774,0,0
C026812,1989965,23879580,735676,8828112,120981187,29853139,20841204,91783,740,0,0
C026813,4270272,51243264,1594867,19138404,309406652,107172922,93410878,724143,785,0,0
C026814,6929485,83153820,4074474,48893688,198441230,38668206,38668206,392938,756,1,0
C026815,3783739,45404868,2429472,29153664,240740465,31907171,27209557,166036,791,0,0
C026816,3714241,44570892,1999439,23993268,142483141,19333426,19333426,105734,754,1,0
C026817,3391251,40695012,1565383,18784596,181307092,21289382,16859454,108906,822,0,0
C026818,3348828,40185936,2267124,27205488,77742694,40301995,27609266,158228,715,1,0
C026819,2984293,35811516,2226842,26722104,139500975,34244315,34244315,357859,810,0,0
C026820,6200808,74409696,3963700,47564400,375798614,54728902,41653242,124016,797,0,0
C026821,4794211,57530532,3437116,41245392,284062868,18905832,18905832,486503,767,0,0
C026822,6867891,82414692,3940072,47280864,242041170,50668430,16103088,607496,729,0,0
C026823,4329058,51948696,2413840,28966080,149478890,25903636,24495988,381107,780,0,0
C026824,4095773,49149276,1452720,17432640,118409616,33826647,30731879,242620,752,0,0
C026825,3897187,46766244,2581278,30975336,152618518,32444546,14625607,202843,806,0,0
C026826,8940986,107291832,7249634,86995608,1358080365,152576793,99782003,1194835,697,0,0
C026827,4814300,57771600,3129501,37554012,63101755,30923010,26714338,156966,808,0,0
C026828,2423642,29083704,1266555,15198660,134184864,62942959,56943584,390177,710,0,0
C026829,3572805,42873660,1736457,20837484,110626218,20972187,20972187,250764,756,0,0
C026830,2447767,29373204,1537809,18453708,136720888,20195040,12405653,285464,811,0,0
C026831,4524799,54297588,2942480,35309760,190079199,134945057,134945057,912554,781,1,0
C026832,2470204,29642448,1176398,14116776,209209818,45607501,33870077,350564,758,0,0
C026833,2532247,30386964,1766744,21200928,109897671,31001394,25109742,259322,775,0,0
C026834,3502808,42033696,1653940,19847280,116524533,33494678,14628596,70056,763,0,0
C026835,10315355,123784260,5858117,70297404,1240027552,103817756,36509164,956957,811,1,0
C026836,5343786,64125432,4300251,51603012,80771452,84936128,30954375,530164,733,0,0
C026837,3781069,45372828,2044175,24530100,561421041,129354467,129354467,668992,781,0,0
C026838,2692837,32314044,1541416,18496992,95157723,29548529,23177980,139634,780,0,0
C026839,1800000,21600000,1065562,12786744,86461580,61432782,43898015,413257,745,0,0
C026840,1800000,21600000,782121,9385452,37915280,42874847,38216506,343911,787,0,1
C026841,4860928,58331136,2276143,27313716,46546501,70350878,38747262,316751,785,0,0
C026842,4126642,49519704,1834208,22010496,175349442,41963223,27673956,609165,806,0,0
C026843,7853278,94239336,3315652,39787824,328078654,18556402,18556402,377228,800,0,0
C026844,4418723,53024676,2055987,24671844,221434532,49827543,49827543,389313,780,0,0
C026845,4839461,58073532,3214498,38573976,583468875,85359926,64267935,506920,708,0,1
C026846,3907856,46894272,2293142,27517704,51670250,58721107,40107363,474798,770,0,0
C026847,3289465,39473580,2232741,26792892,199404763,63625889,56483279,407696,778,0,0
C026848,3310563,39726756,2490499,29885988,74663868,32134859,32134859,356973,750,0,0
C026849,7561325,90735900,5305419,63665028,235497254,70173196,27766433,336788,847,0,0
C026850,2853442,34241304,1515532,18186384,176143920,20226353,18644479,156266,831,1,0
C026851,1800000,21600000,477570,5730840,23761559,36081787,32743402,325164,650,0,0
C026852,6155319,73863828,4571366,54856392,354650368,129479458,96567331,1285757,660,0,1
C026853,4473210,53678520,1950131,23401572,134958301,68503902,47098781,594691,853,1,0
C026854,2136903,25642836,1061155,12733860,57630693,22978496,15985090,148589,787,0,0
C026855,3785794,45429528,2042600,24511200,358084379,42066476,42066476,229419,852,0,0
C026856,3760883,45130596,2862778,34353336,112737683,23425447,14749014,159504,729,0,0
C026857,5088643,61063716,2931992,35183904,189447551,114471378,92769418,652483,760,0,0
C026858,5550068,66600816,3037919,36455028,100654136,249220823,245295392,1655370,782,0,0
C026859,3263690,39164280,1428127,17137524,323937012,15965888,15965888,81120,799,0,0
C026860,3833993,46007916,2344925,28139100,150498063,22511679,22511679,240090,779,0,0
C026861,3524367,42292404,1222207,14666484,32792994,92197598,78969626,785525,755,0,0
C026862,3404825,40857900,2132201,25586412,80163697,41283248,41283248,406613,819,0,0
C026863,6918589,83023068,4759607,57115284,875943733,92495959,64499729,925771,760,0,0
C026864,2797813,33573756,1506467,18077604,307349909,34678895,13423346,205864,838,0,0
C026865,6388746,76664952,4681912,56182944,319783316,55714271,30972607,512221,752,0,1
C026866,5431000,65172000,3096487,37157844,446099446,99348628,93686010,673170,751,1,0
C026867,7832047,93984564,6139923,73679076,201002986,73899348,71084916,503037,695,1,0
C026868,4086854,49042248,1825327,21903924,225129221,74529445,51191514,553828,826,0,0
C026869,4573676,54884112,2690277,32283324,481024339,45409382,45409382,587122,802,0,0
C026870,4941714,59300568,3117505,37410060,170124007,90067938,67984683,803822,829,0,0
C026871,5845546,70146552,3976149,47713788,169066022,93356577,68419367,544210,674,0,0
C026872,3567841,42814092,2626210,31514520,165823455,80840554,76914302,692375,688,0,1
C026873,4083059,48996708,1149342,13792104,220799868,33744148,23925257,461724,753,0,0
C026874,3715018,44580216,2649341,31792092,49405074,19422933,10903703,516742,685,0,0
C026875,2047596,24571152,1459569,17514828,102132444,29427232,22280649,396964,710,1,0
C026876,5106937,61283244,2982776,35793312,96526617,49011062,27204604,418955,750,0,0
C026877,12000000,144000000,6605233,79262796,418162443,91873658,75833595,885940,777,0,0
C026878,6168303,74019636,3852924,46235088,347485378,107033284,105136074,922724,821,0,0
C026879,8812186,105746232,7217576,86610912,299564966,116139509,104653276,964249,689,0,0
C026880,4581952,54983424,3445196,41342352,113931008,53916526,53916526,743146,705,0,0
C026881,5256805,63081660,3588576,43062912,165996833,59343146,52360867,442278,800,0,0
C026882,5173522,62082264,3256429,39077148,869151696,90495087,90495087,616946,803,0,0
C026883,3990773,47889276,1819490,21833880,157233231,59585979,39073484,385359,794,0,0
C026884,4715433,56585196,3173457,38081484,322898770,56845709,43814648,791734,691,0,0
C026885,5715054,68580648,4251459,51017508,89334714,41171137,38076937,247195,855,0,0
C026886,2845708,34148496,1403696,16844352,129031406,14632663,10191061,166301,766,0,0
C026887,4573364,54880368,2776943,33323316,97894642,56126930,30676323,91467,777,0,0
C026888,4391478,52697736,2924699,35096388,204267621,99012610,87824941,649567,791,1,0
C026889,3182507,38190084,2844106,34129272,145334152,88794556,73918282,539812,741,1,1
C026890,5386780,64641360,2966929,35603148,318940569,88843304,88843304,832791,715,0,0
C026891,2892365,34708380,723091,8677092,64446659,13912420,5165867,132128,811,0,0
C026892,6100532,73206384,4218395,50620740,115076267,92633051,68740197,620086,730,0,0
C026893,6667789,80013468,3567248,42806976,627104432,48593803,47196709,743317,752,0,1
C026894,5546204,66554448,3877063,46524756,114868672,90253702,59310181,952895,702,0,1
C026895,3999242,47990904,1967647,23611764,595587087,38424070,25672136,433935,796,0,0
C026896,2844979,34139748,1715019,20580228,105712873,44175151,39230439,463470,727,0,0
C026897,2453148,29437776,1808273,21699276,294744520,106244530,95683103,894785,635,1,1
C026898,1873517,22482204,1141447,13697364,58745618,25524599,20600457,242548,724,0,0
C026899,5452532,65430384,3151807,37821684,206923262,94447583,85690117,926115,738,1,0
C026900,6604723,79256676,3118231,37418772,688956023,137463956,100781064,989270,845,0,0
C026901,3598766,43185192,2378717,28544604,90420520,45606589,45606589,456405,801,1,0
C026902,4755584,57067008,1867380,22408560,105619191,87337075,40587335,257470,765,1,0
C026903,6763361,81160332,4421026,53052312,188118155,49886386,31228095,214167,822,0,0
C026904,2690145,32281740,1599583,19194996,63419207,37221301,29388362,366265,807,0,0
C026905,2545139,30541668,1286978,15443736,138218410,51173965,51173965,518299,690,2,0
C026906,4685057,56220684,3678444,44141328,450221973,23796510,23796510,367956,702,0,0
C026907,4598051,55176612,3170524,38046288,369573001,17097563,17097563,307606,803,0,0
C026908,3139465,37673580,2513268,30159216,63959263,17010183,17010183,575853,770,0,0
C026909,4711533,56538396,2413449,28961388,161911908,82910576,74948435,600801,802,0,0
C026910,6424164,77089968,2850414,34204968,193808277,80080898,40387598,316454,751,0,0
C026911,3371005,40452060,2424562,29094744,103913764,36368049,26166500,67420,869,0,0
C026912,8764321,105171852,4671426,56057112,721439980,61853960,61853960,1097020,775,0,0
C026913,5259767,63117204,2629430,31553160,230200745,58413970,46318627,233493,811,0,0
C026914,3822057,45864684,3112741,37352892,148262412,21515828,20634542,475339,875,0,0
C026915,7884366,94612392,5525356,66304272,530334138,236344180,206110479,1555688,756,0,0
C026916,4176821,50121852,3208457,38501484,85856425,22251625,22251625,391397,687,0,0
C026917,6845014,82140168,4369467,52433604,769263858,76874915,39394047,241313,703,0,0
C026918,2121747,25460964,1297992,15575904,356453496,37415354,37415354,273402,888,0,0
C026919,3921564,47058768,2157782,25893384,27155676,62000006,45554713,350390,742,0,0
C026920,3834723,46016676,2061254,24735048,119101610,61687440,34756334,465519,844,0,0
C026921,3920185,47042220,2400432,28805184,102078217,36348250,24036642,157670,774,0,0
C026922,4362388,52348656,2000263,24003156,502225040,27630786,15143050,275374,735,0,0
C026923,2533120,30397440,1098942,13187304,298272995,28271113,25295463,94103,852,0,0
C026924,5641904,67702848,3363338,40360056,947839872,79857908,55468906,641872,857,0,1
C026925,6898293,82779516,3183786,38205432,260558972,43578785,35537202,159784,866,0,0
C026926,2119090,25429080,1399127,16789524,20791500,15886525,15886525,195266,783,1,0
C026927,3450829,41409948,1714867,20578404,453122040,22106244,18549770,281895,788,0,0
C026928,1958944,23507328,1149940,13799280,22644082,18016948,18016948,94474,828,0,0
C026929,3748412,44980944,1836827,22041924,212140660,108740534,103426595,695575,741,0,0
C026930,5090050,61080600,3300283,39603396,357274145,118667775,76864290,729923,675,0,1
C026931,2708891,32506692,1942357,23308284,81124958,32995476,26738388,287150,744,0,0
C026932,4901101,58813212,4512692,54152304,275028131,53104492,37854326,98022,709,1,1
C026933,5448036,65376432,2564617,30775404,107565506,83800051,74619432,494767,805,0,0
C026934,2203301,26439612,1335311,16023732,93818440,47991428,31430208,300679,692,0,0
C026935,4122223,49466676,2914142,34969704,138406163,65567370,62978972,448920,826,0,0
C026936,4887209,58646508,2675435,32105220,734275320,51235825,32434179,459007,860,0,0
C026937,4788783,57465396,2873737,34484844,118080935,43043259,41515808,453295,779,0,0
C026938,5387271,64647252,2354870,28258440,313772384,28424577,28424577,413905,836,0,0
C026939,3108409,37300908,1988353,23860236,302383305,104321959,98682210,810668,746,0,0
C026940,4319185,51830220,2328394,27940728,193564271,74084104,58088629,756718,782,0,0
C026941,4954182,59450184,3383360,40600320,438205449,100479399,82624651,450286,758,0,0
C026942,3477549,41730588,1707139,20485668,171877822,56025259,50067189,341793,746,0,0
C026943,4331092,51973104,2268957,27227484,153449490,70407024,70407024,577514,769,0,0
C026944,3131291,37575492,2443516,29322192,103231194,28653018,23401629,321233,759,0,0
C026945,7115324,85383888,4590466,55085592,222489161,160283947,114349093,1139748,759,0,0
C026946,2353667,28244004,1751349,21016188,158768892,26038078,12061277,153964,797,0,0
C026947,6539649,78475788,3292862,39514344,422009024,96191053,96191053,682184,759,0,0
C026948,5071957,60863484,2830690,33968280,134016991,50310354,41793993,838353,712,1,0
C026949,6854628,82255536,3087970,37055640,1040953641,54433727,17283085,641546,784,0,0
C026950,5384459,64613508,2939746,35276952,401635571,104171989,84802386,834750,785,0,0
C026951,2252328,27027936,1195153,14341836,155493582,19846743,18603669,161689,691,0,0
C026952,6618120,79417440,5823048,69876576,473450575,48883537,47109103,395338,680,1,1
C026953,5418204,65018448,3191984,38303808,160247327,46035984,35236241,610891,733,0,1
C026954,3411295,40935540,1870466,22445592,219997888,30472153,20892875,68226,852,0,1
C026955,3643988,43727856,2388720,28664640,275022532,28321877,22400259,296090,798,0,0
C026956,4266171,51194052,2518360,30220320,365701764,64811921,64811921,484371,742,0,0
C026957,3299521,39594252,2154499,25853988,54892733,23346679,23346679,512392,687,0,0
C026958,4227098,50725176,2793945,33527340,483657870,77127393,64105545,790399,700,0,0
C026959,5244412,62932944,3099782,37197384,135526898,306936098,283198248,2054067,778,0,0
C026960,4416927,53003124,2404288,28851456,83645774,64345960,46434522,296122,844,0,0
C026961,6680152,80161824,5065021,60780252,418211805,62207192,62207192,1148530,889,0,0
C026962,3533693,42404316,1453337,17440044,593660424,84874207,73200055,689054,723,0,0
C026963,5480775,65769300,2362678,28352136,191915582,147036704,126024206,1168488,719,0,0
C026964,6046425,72557100,4130055,49560660,263662902,180486535,165794836,1439587,669,0,1
C026965,4920892,59050704,2613412,31360944,265811264,72967317,66141298,976387,786,0,0
C026966,4115681,49388172,3161797,37941564,540161688,29469137,13518372,478240,719,1,0
C026967,4017017,48204204,2332490,27989880,117357506,118170150,118170150,761721,749,1,0
C026968,4978387,59740644,3310794,39729528,297139102,88176513,86802266,564525,850,0,0
C026969,2477426,29729112,1541952,18503424,204948124,3252259,3252259,50000,729,0,0
C026970,5327874,63934488,3707554,44490648,209320454,78067802,53924763,710168,743,0,1
C026971,3241185,38894220,2305269,27663228,274293263,25061164,17277715,320569,708,0,0
C026972,6199278,74391336,2679168,32150016,238077031,34899300,19991313,607710,818,0,0
C026973,2694660,32335920,1673451,20081412,104229280,28901271,28483656,203601,722,0,1
C026974,5008202,60098424,2753685,33044220,308034950,138522862,114184996,1232784,725,0,0
C026975,3745788,44949456,2375796,28509552,106218991,53139917,37644279,351459,716,1,0
C026976,3842265,46107180,1829484,21953808,217583146,67038781,44039529,465706,770,0,0
C026977,3027207,36326484,2053202,24638424,74056380,35925681,31476216,440671,801,0,0
C026978,4863260,58359120,1822478,21869736,440008215,122204603,82489255,784523,810,0,0
C026979,4103803,49245636,2889472,34673664,137569692,53844678,41333739,130211,776,0,0
C026980,2196921,26363052,1228012,14736144,37719744,9154315,6438307,99718,851,0,0
C026981,7384868,88618416,4165946,49991352,158775112,157918105,157918105,1393349,773,0,0
C026982,4314284,51771408,1757220,21086640,90582066,34877188,18326725,333256,822,0,0
C026983,3269357,39232284,2828877,33946524,112690624,51078398,42557763,679096,622,3,1
C026984,3876701,46520412,2337826,28053912,167625031,47355020,19758004,236922,771,0,0
C026985,3770392,45244704,2174839,26098068,128446494,49453742,44205069,248315,920,0,0
C026986,2778182,33338184,1258047,15096564,222268052,41593201,41593201,412309,760,0,0
C026987,6121029,73452348,3855716,46268592,830160085,18813635,18813635,371906,793,0,0
C026988,2389398,28672776,1698492,20381904,60501857,29040985,26036857,327619,782,0,0
C026989,4298170,51578040,2568310,30819720,319686723,40454966,28951350,176257,748,0,0
C026990,3361321,40335852,1785864,21430368,273320441,34872298,23293242,224173,759,0,0
C026991,6413051,76956612,3861027,46332324,225931898,102023231,54767388,419061,737,0,0
C026992,2617622,31411464,1014102,12169224,60580386,54295402,48043612,435076,897,1,0
C026993,3932979,47195748,1754526,21054312,220313631,74390113,69854418,652169,795,0,0
C026994,3468565,41622780,2262901,27154812,187987426,55266680,43811183,345229,821,0,0
C026995,7037227,84446724,4187817,50253804,416166841,122105656,118836305,986870,887,0,0
C026996,3531207,42374484,1738068,20856816,82764561,59338460,31250589,227948,788,0,0
C026997,5349972,64199664,2612688,31352256,59103443,84237573,63266836,748427,856,0,0
C026998,5760735,69128820,3250098,39001176,154622979,26641399,26641399,359368,873,0,0
C026999,6279265,75351180,4469671,53636052,195424012,48151196,48151196,691408,737,1,0
C027000,3585880,43030560,1679240,20150880,354010715,75872311,62844399,627626,774,0,0
C027001,6652710,79832520,3460721,41528652,162627965,99047087,75599186,566858,805,0,0
C027002,3353128,40237536,2607952,31295424,118152503,53747144,40639464,471157,627,1,0
C027003,3121733,37460796,1765221,21182652,201973623,54286761,47670994,530740,856,0,0
C027004,7586183,91034196,4965902,59590824,119682582,85818111,55710876,455285,764,0,0
C027005,4744277,56931324,2691359,32296308,369723092,60779579,27250894,577042,784,0,0
C027006,3771644,45259728,1850710,22208520,142663159,88253815,55642651,643837,788,0,0
C027007,2859026,34308312,1777685,21332220,42333278,37477052,25025559,399512,720,2,0
C027008,3625661,43507932,2086863,25042356,285320097,52352023,33887074,711693,736,0,0
C027009,3232607,38791284,1553281,18639372,135472607,36603493,28094365,468512,702,0,0
C027010,4264748,51176976,1371839,16462068,85828042,19643646,12995938,85295,804,0,0
C027011,1800000,21600000,1231409,14776908,128644174,16687254,13188909,177994,861,0,0
C027012,4494002,53928024,2715405,32584860,247657486,47735419,31525231,365601,870,0,0
C027013,4765117,57181404,2685245,32222940,289198604,73132292,51157869,841171,769,0,0
C027014,7295378,87544536,4951602,59419224,802990762,68634614,43330220,515626,852,0,0
C027015,5797954,69575448,2866081,34392972,233542035,114643227,107438976,782739,817,0,0
C027016,4594003,55128036,2280089,27361068,306032292,74714625,63589610,624296,700,0,0
C027017,6325822,75909864,4156816,49881792,1025723300,62335088,34007025,772289,669,0,1
C027018,3843937,46127244,1758938,21107256,90051003,53164270,30749168,348217,697,2,0
C027019,12000000,144000000,9069630,108835560,715220791,146590817,111054741,1027232,702,0,0
C027020,4120647,49447764,2662354,31948248,556273115,99005276,97838211,875834,685,0,0
C027021,4717772,56613264,1655517,19866204,306686386,34564658,23064705,437505,772,0,0
C027022,3619235,43430820,2861254,34335048,186946561,21844666,21844666,279525,736,0,0
C027023,3767391,45208692,2059165,24709980,110614790,70191817,59695469,525167,745,0,0
C027024,3635977,43631724,1784086,21409032,212536100,44819586,22142169,237122,858,0,0
C027025,4223407,50680884,3051565,36618780,320046433,33867633,29946474,175657,755,0,0
C027026,3301793,39621516,1955724,23468688,73514941,35740362,19488467,232865,740,0,0
C027027,2819969,33839628,1803514,21642168,84690467,24430347,13237194,438049,737,0,0
C027028,2694122,32329464,1342707,16112484,92199777,26722373,22054427,185458,756,1,0
C027029,4212828,50553936,3187671,38252052,97311058,35063880,14437366,246238,772,0,0
C027030,5762189,69146268,3452191,41426292,211775906,61199492,55301544,679893,708,0,0
C027031,3361861,40342332,1409703,16916436,133793248,34451911,29423980,277603,816,0,0
C027032,4477820,53733840,2969806,35637672,278097703,55016081,55016081,576451,742,0,0
C027033,2868699,34424388,1614718,19376616,96486358,107435707,101448090,601000,767,0,0
C027034,4905692,58868304,3736867,44842404,160079982,51146898,46465604,473610,656,1,1
C027035,10348662,124183944,5610501,67326012,738665934,79652501,33353118,1068092,920,0,0
C027036,2308819,27705828,958326,11499912,203361246,20410579,19732864,186815,809,0,0
C027037,3711098,44533176,2419342,29032104,149734591,34685828,15355026,185438,767,0,0
C027038,6262588,75151056,3683598,44203176,186029499,89705660,50916106,543697,778,0,0
C027039,3688919,44267028,2573836,30886032,260228860,30712162,29359092,342301,747,0,0
C027040,3982064,47784768,1198766,14385192,462440937,59284808,46720923,391387,784,0,0
C027041,7526382,90316584,4270130,51241560,137733132,61809851,54684982,763220,752,0,0
C027042,6664430,79973160,4267172,51206064,103767146,94081946,85875644,377593,783,0,0
C027043,3347756,40173072,1362854,16354248,79719136,27434774,10825950,186236,857,0,0
C027044,2174377,26092524,1221792,14661504,130769991,20895985,11437413,165469,771,0,0
C027045,9600767,115209204,4980100,59761200,725069235,324142468,291137113,1994592,742,0,0
C027046,3256733,39080796,1051562,12618744,53157014,88419627,67343975,545518,765,0,0
C027047,6303604,75643248,2445949,29351388,90037536,70705287,52389019,397219,805,0,0
C027048,7104998,85259976,3655160,43861920,275055046,69964241,56582004,282529,797,0,0
C027049,3643798,43725576,2225837,26710044,316791377,53333089,25973445,290339,770,0,0
C027050,4106467,49277604,2494172,29930064,590947645,28480588,28480588,447184,815,0,0
C027051,4279996,51359952,1874122,22489464,37307246,20092146,17018555,85600,861,0,0
C027052,5406775,64881300,2670382,32044584,99490795,63241268,27361159,467717,806,0,0
C027053,4300024,51600288,3164615,37975380,234052802,31589069,21126858,198405,778,0,0
C027054,4450336,53404032,3115964,37391568,362901594,44312389,38243360,285040,821,0,0
C027055,7546148,90553776,5466713,65600556,690300341,32006672,32006672,150923,821,0,0
C027056,1946074,23352888,1325305,15903660,185176239,39264196,24021877,273485,903,0,0
C027057,2598715,31184580,1758400,21100800,140560306,42149549,42149549,431321,707,0,0
C027058,5911023,70932276,3890229,46682748,73960586,47608245,31177566,510866,881,0,0
C027059,4667728,56012736,2098556,25182672,446915061,48429953,48429953,496035,860,0,0
C027060,3116606,37399272,1536926,18443112,29390350,35888498,32473431,389354,828,0,0
C027061,5088497,61061964,3643371,43720452,322474099,129291138,118874829,1100163,668,0,0
C027062,5549510,66594120,2831405,33976860,248623058,57490286,27725526,110990,800,1,0
C027063,1812422,21749064,1190191,14282292,36279151,48403757,32642374,285273,708,0,0
C027064,5541985,66503820,3543656,42523872,149845836,68206266,40078215,610102,795,0,0
C027065,3416638,40999656,1792299,21507588,231486812,61522605,61522605,734431,714,1,0
C027066,6264111,75169332,3186280,38235360,387739144,108145154,82650875,554925,716,0,0
C027067,2461624,29539488,1509094,18109128,63630562,26751717,15515322,188523,900,0,0
C027068,5714364,68572368,2376955,28523460,304086182,75209672,57565749,217947,810,0,0
C027069,4188884,50266608,3016625,36199500,244779304,58645538,29147530,260858,719,2,1
C027070,3168317,38019804,2297452,27569424,180426047,71686383,71686383,541476,808,0,0
C027071,5235080,62820960,3728228,44738736,46930880,106371898,60691560,852021,645,2,1
C027072,2989413,35872956,1880344,22564128,171503455,45163802,19955922,362288,677,2,0
C027073,1800000,21600000,1158898,13906776,59059470,21303240,18307114,139647,732,0,0
C027074,4312361,51748332,2474392,29692704,277976964,57099917,47378230,358711,780,0,1
C027075,1800000,21600000,1111393,13336716,150300829,19208124,10853974,122382,863,0,0
C027076,4150484,49805808,2797669,33572028,68055639,102087984,97143961,649955,742,0,0
C027077,3479325,41751900,1362403,16348836,93204640,71144045,71144045,364148,847,0,0
C027078,2326813,27921756,1471308,17655696,67617099,7382482,7382482,67998,732,0,0
C027079,6147229,73766748,2657539,31890468,322122671,134188849,110603789,673532,872,0,0
C027080,3594053,43128636,1663078,19956936,135654960,46240737,29206942,394853,729,0,0
C027081,2642959,31715508,1434530,17214360,246556520,31936554,12356704,280855,747,0,0
C027082,5668737,68024844,3567876,42814512,376993415,267153697,241417037,1626082,696,0,0
C027083,5049373,60592476,2326004,27912048,88114204,82022645,58667683,437994,751,0,0
C027084,2270261,27243132,1073075,12876900,336416452,38915816,34108225,215314,826,0,0
C027085,4131297,49575564,1419788,17037456,250819510,45625988,34747949,506883,915,0,0
C027086,1800000,21600000,950182,11402184,39847472,10214538,6363400,122149,738,0,0
C027087,4729272,56751264,2750519,33006228,126600782,65421366,55614052,810882,731,0,0
C027088,5258072,63096864,3634422,43613064,353092963,51981585,29662270,521408,864,0,0
C027089,2163130,25957560,1444117,17329404,59088093,44751261,41823911,285675,824,0,0
C027090,4198949,50387388,3352292,40227504,413774713,61008027,53757163,195381,699,1,1
C027091,4689981,56279772,2761591,33139092,462697302,29982314,26022259,355160,825,0,0
C027092,3304591,39655092,1859318,22311816,555171288,23399967,20107271,106513,796,0,0
C027093,3172431,38069172,2212674,26552088,111512973,37019547,20445569,203650,751,0,0
C027094,5913718,70964616,4756085,57073020,43063870,75727072,53991594,548599,792,0,0
C027095,6038349,72460188,2567093,30805116,385411286,35566265,27179592,467789,757,0,0
C027096,2959075,35508900,1731382,20776584,230141127,62692580,52820024,415370,642,0,0
C027097,3709199,44510388,1612196,19346352,161291867,27542124,11975427,126224,947,0,0
C027098,2810999,33731988,1500512,18006144,193704320,51501628,37992751,431168,827,0,0
C027099,2018843,24226116,1049234,12590808,131507726,23486659,18150073,334246,701,0,1
C027100,2826528,33918336,1259373,15112476,120534991,23729162,16514106,305220,763,0,0
C027101,7241868,86902416,4861208,58334496,127756437,63951071,40566623,1202133,760,0,0
C027102,3347572,40170864,1829456,21953472,145062761,13264961,13264961,142978,820,0,0
C027103,2394813,28737756,2183823,26205876,69069823,19905288,16131427,375749,672,0,0
C027104,3227046,38724552,806762,9681144,128489934,55434516,48241468,423781,735,0,0
C027105,7265751,87189012,3924296,47091552,65738187,88856188,57114781,907707,856,0,0
C027106,5645624,67747488,3226370,38716440,111369606,41360571,41360571,551136,789,0,0
C027107,3747833,44973996,2550532,30606384,117836056,32213790,8878674,202326,711,0,0
C027108,10502280,126027360,6203578,74442936,750229093,263001501,263001501,2238090,785,1,0
C027109,6653358,79840296,3048384,36580608,378712065,71783755,67697131,932537,835,0,0
C027110,7106904,85282848,4477737,53732844,410086731,280230619,245112997,1875933,720,0,0
C027111,4724107,56689284,2636875,31642500,176467523,48370668,15519043,136611,894,1,0
C027112,2116049,25392588,893974,10727688,101487039,10667910,7431172,153580,708,0,0
C027113,3286278,39435336,1686134,20233608,271542868,40794495,15638563,127654,825,0,0
C027114,2466738,29600856,1461617,17539404,175351417,46171957,36240519,421766,670,0,0
C027115,4450068,53400816,2393087,28717044,334992809,58828870,22439427,279630,727,0,0
C027116,4795841,57550092,2010086,24121032,263224903,116477589,98450891,914983,802,0,0
C027117,2564435,30773220,1721276,20655312,143056544,139365049,138479490,833669,705,0,1
C027118,4135081,49620972,2716305,32595660,60925747,111044308,95086254,778704,736,0,0
C027119,3018687,36224244,1942712,23312544,138734894,64073598,45722317,644055,715,1,0
C027120,2131653,25579836,1251029,15012348,87277203,55259768,51949686,332218,795,1,0
C027121,2312547,27750564,1055167,12662004,89781259,39143430,39143430,379797,737,0,0
C027122,1940855,23290260,1512701,18152412,44033180,35535892,12167020,50000,715,2,0
C027123,3216697,38600364,2435285,29223420,57738122,41167734,28035192,185980,861,0,1
C027124,3758912,45106944,3011881,36142572,147679591,61110345,40666676,259350,779,0,0
C027125,4276625,51319500,2124350,25492200,97179500,26544944,26544944,85533,794,0,0
C027126,3363099,40357188,2255643,27067716,108462109,90033058,76628923,655326,715,0,0
C027127,5514993,66179916,3699610,44395320,464835416,75376403,44258461,324235,840,0,0
C027128,4946289,59355468,1992072,23904864,114694640,27908948,19625658,419191,800,0,0
C027129,3668085,44017020,917021,11004252,47214847,25436354,15472015,142798,805,0,0
C027130,4165448,49985376,1534577,18414924,388917159,45641172,30239760,413688,850,0,0
C027131,2927858,35134296,1713981,20567772,83013947,49636867,38455446,189587,692,0,0
C027132,4714350,56572200,2643630,31723560,266735847,79974562,64641546,518735,824,0,0
C027133,4828285,57939420,3578523,42942276,118036582,54586070,48721998,96566,862,0,0
C027134,4052273,48627276,2545083,30540996,262441737,60183528,60183528,475656,799,0,0
C027135,2772202,33266424,2143075,25716900,204563080,55889609,39394521,253400,734,1,0
C027136,1942944,23315328,1225927,14711124,21180253,18271025,15957274,169726,863,0,0
C027137,2643340,31720080,1587676,19052112,79915251,103257004,100359867,686515,705,0,0
C027138,4688619,56263428,3670326,44043912,54750234,19808553,19808553,278161,778,0,0
C027139,4363118,52357416,3630722,43568664,296386903,84249269,64694415,660311,738,0,0
C027140,5241326,62895912,2034947,24419364,87399358,61326335,43588247,249430,772,0,0
C027141,1892781,22713372,1119114,13429368,97870869,35604366,25108155,201501,796,0,0
C027142,1967609,23611308,1188944,14267328,50539306,24127441,12951190,151043,710,0,0
C027143,2858990,34307880,1344638,16135656,234592830,78367498,72220506,627423,809,0,0
C027144,2923455,35081460,1312934,15755208,80258450,95698089,81521939,540210,895,0,0
C027145,6490314,77883768,4147304,49767648,436863737,40273508,32226577,378060,823,0,0
C027146,2740667,32888004,1637899,19654788,156513192,17370811,14125198,54813,873,0,0
C027147,3737784,44853408,1171135,14053620,77258058,17289155,10532817,238187,775,0,0
C027148,3369774,40437288,1876678,22520136,128436246,13980623,11684638,169847,710,0,0
C027149,4559683,54716196,3645294,43743528,535747206,71316646,54162487,326048,693,0,1
C027150,7560044,90720528,4476985,53723820,371390129,56792276,39709438,424193,847,0,0
C027151,2832778,33993336,1931671,23180052,133242841,15557790,10179803,212092,858,0,0
C027152,2054488,24653856,971904,11662848,63281159,17996812,17505959,146161,858,0,0
C027153,4335653,52027836,3562761,42753132,296695278,43428417,43428417,355032,818,0,0
C027154,2590595,31087140,1621666,19459992,218038934,32132438,23809199,398584,756,0,0
C027155,5866199,70394388,2512365,30148380,61041998,38648687,38648687,222192,759,0,0
C027156,4412615,52951380,1666129,19993548,45548420,65040503,33956431,544572,698,0,0
C027157,2464494,29573928,1531594,18379128,123422970,33139188,33139188,262579,865,0,0
C027158,4397874,52774488,2913078,34956936,279946023,74644758,45586660,87957,753,0,0
C027159,5313835,63766020,2794476,33533712,374621589,176270266,176270266,1223601,799,0,0
C027160,4401393,52816716,2554966,30659592,160087345,98549089,95860753,860616,764,0,0
C027161,11044483,132533796,3678302,44139624,984137758,53374427,53374427,220890,788,0,0
C027162,3581081,42972972,1948026,23376312,86194995,29381539,19562761,417116,897,0,0
C027163,6665408,79984896,3800703,45608436,547395185,74759370,56342232,865300,785,0,0
C027164,4236508,50838096,1690763,20289156,281769269,88139081,66126876,616928,742,0,0
C027165,6950167,83402004,3043176,36518112,547085560,150583363,133217912,892080,888,0,0
C027166,3831410,45976920,1786501,21438012,82186647,36509387,23106512,465374,724,0,0
C027167,5996648,71959776,2611587,31339044,129482655,35722905,33804804,396613,854,0,0
C027168,2184740,26216880,1095412,13144944,60167234,55976820,41025822,261825,866,0,0
C027169,5621359,67456308,3280019,39360228,80272398,56927414,35241208,112427,742,0,0
C027170,3901589,46819068,2760631,33127572,120251180,66670933,60103823,416885,728,0,0
C027171,1800000,21600000,756555,9078660,106474625,8962536,8962536,138869,845,0,0
C027172,11844303,142131636,7088503,85062036,389368239,192099008,160108172,1744518,911,0,0
C027173,3250362,39004344,1363510,16362120,51015213,31100929,25780174,215391,761,1,0
C027174,6999970,83999640,3842014,46104168,1120806893,119125801,70511775,951453,840,0,0
C027175,4886442,58637304,2543489,30521868,495629686,93640619,77334522,487148,741,0,0
C027176,3823824,45885888,2618602,31423224,463108618,50799631,34201246,435133,862,0,0
C027177,2179156,26149872,971231,11654772,50430784,29206261,23618072,50000,816,0,0
C027178,4856821,58281852,2108676,25304112,402728283,67784954,45713590,371459,809,0,0
C027179,2484453,29813436,790408,9484896,143573549,52793486,50005413,363631,720,0,0
C027180,4450763,53409156,2909279,34911348,152784280,86692716,55006266,570786,681,0,0
C027181,7262718,87152616,3153002,37836024,398142729,82186029,61581632,831809,761,0,0
C027182,6215779,74589348,3938452,47261424,136864367,54346933,30849018,468529,804,0,0
C027183,3476957,41723484,1775227,21302724,132648848,43572301,34238784,304666,820,0,0
C027184,2864751,34377012,1581325,18975900,120986183,21298408,15889497,255173,767,0,0
C027185,3674981,44099772,1862515,22350180,72650116,80604911,52576665,648249,756,0,1
C027186,3319968,39839616,1624814,19497768,133178513,53814241,27225053,407814,750,0,0
C027187,3391590,40699080,2180423,26165076,59387658,54557724,44901905,551890,759,0,0
C027188,2780864,33370368,2240553,26886636,73007278,40275842,30073835,333616,617,1,1
C027189,2821011,33852132,1546471,18557652,97871046,31677377,21846931,132759,751,0,0
C027190,4434778,53217336,2957909,35494908,105063656,59065688,59065688,372436,811,0,0
C027191,2631536,31578432,2319480,27833760,91717165,53021340,27422070,522494,580,2,0
C027192,6022239,72266868,3250272,39003264,509939792,114106871,114106871,812155,779,0,0
C027193,5351416,64216992,2816913,33802956,283712641,67451480,58627747,613443,694,0,0
C027194,3569333,42831996,2074151,24889812,389684510,32143667,32143667,342415,741,0,0
C027195,2315540,27786480,1622714,19472568,96939644,39309479,26206807,409361,712,0,0
C027196,2896689,34760268,2007315,24087780,125876387,45165525,39859318,353595,747,1,0
C027197,2961006,35532072,1190072,14280864,52331254,35777621,35777621,318126,840,0,0
C027198,2955940,35471280,1968373,23620476,97944818,33088455,23346001,271903,813,0,0
C027199,5495416,65944992,2809134,33709608,241963638,96492302,90711176,700986,814,0,0
C027200,3280671,39368052,966021,11592252,151964580,39778107,31202047,360370,779,0,0
C027201,4890444,58685328,2272759,27273108,821594592,53380753,37834449,216197,792,0,0
C027202,3775487,45305844,2166829,26001948,177238131,44098463,44098463,528933,813,0,1
C027203,1800000,21600000,1435343,17224116,9999738,23937855,17517423,280927,706,0,0
C027204,2001525,24018300,744826,8937912,88647316,15747763,7061073,73542,726,0,0
C027205,5384139,64609668,1346035,16152420,225547920,100082451,83283928,709982,899,0,0
C027206,5052066,60624792,2286123,27433476,355493494,34975148,34975148,522347,779,0,0
C027207,6141993,73703916,3181731,38180772,207349697,46416282,27003532,122840,744,0,0
C027208,6697570,80370840,3860321,46323852,534691743,94186867,79243495,1366802,790,0,0
C027209,2864284,34371408,2319585,27835020,122199305,29958313,19933060,292775,733,1,0
C027210,1800000,21600000,791758,9501096,100032509,15118103,6935178,117676,791,0,0
C027211,9060951,108731412,4838371,58060452,674248702,27672018,27672018,181219,822,0,0
C027212,3571000,42852000,2522410,30268920,210741492,14777717,14777717,199044,800,0,0
C027213,4127888,49534656,2088697,25064364,391175255,51073143,38860339,456190,800,0,0
C027214,4828000,57936000,4155808,49869696,759509733,277103841,258646135,1768837,684,0,0
C027215,3328842,39946104,1133938,13607256,221510770,28135797,14532769,66577,836,0,0
C027216,3338298,40059576,1579393,18952716,49168653,22167937,15952450,232266,773,0,0
C027217,3430025,41160300,1203366,14440392,423054537,20008997,20008997,324943,683,0,0
C027218,2591923,31103076,667688,8012256,38904519,27495240,27495240,279773,736,0,0
C027219,3262385,39148620,2013392,24160704,548080680,107829418,101359650,889867,729,0,0
C027220,3189546,38274552,1599161,19189932,125053042,54664108,48374353,488030,791,0,0
C027221,3474611,41695332,1936104,23233248,177904337,19192441,15999255,303358,883,0,0
C027222,11014849,132178188,4884819,58617828,347682873,91624709,79851197,1030883,950,0,0
C027223,8747936,104975232,5488185,65858220,572841484,137329754,108155497,801198,759,0,0
C027224,3819600,45835200,2228714,26744568,230026714,135421875,130768412,688487,771,0,0
C027225,2435088,29221056,1470410,17644920,70695431,98456049,92645096,536420,809,0,0
C027226,2950234,35402808,1997355,23968260,307346824,26235621,20085191,284471,903,0,0
C027227,3466883,41602596,2087517,25050204,295281428,82643485,64887711,380662,794,0,0
C027228,2016363,24196356,1380885,16570620,130000724,30863330,23875482,243467,663,0,0
C027229,2456007,29472084,1505240,18062880,137095590,102200541,99851434,633989,695,0,1
C027230,6317969,75815628,4072506,48870072,197309256,85464263,85464263,584008,833,0,0
C027231,6256445,75077340,4138991,49667892,198666066,83126154,52130310,503616,794,0,0
C027232,4446325,53355900,1874392,22492704,46390176,118829848,109833833,967630,819,0,0
C027233,2669474,32033688,2006382,24076584,39151282,30955046,30955046,448446,662,0,0
C027234,5852534,70230408,4220165,50641980,129040778,110202451,37168030,322575,725,0,0
C027235,4184933,50219196,2809461,33713532,134221753,37479407,14436691,295201,725,0,0
C027236,3181078,38172936,1916170,22994040,124915109,54979744,43512155,256078,775,0,0
C027237,3500969,42011628,1932264,23187168,107119198,55485428,41644909,501812,805,0,0
C027238,2948818,35385816,1781753,21381036,157242180,49804445,33192645,390379,801,0,0
C027239,3285263,39423156,1767651,21211812,505433465,28650514,16264146,204217,882,0,0
C027240,3443530,41322360,2095583,25146996,116851025,77841922,59459624,397775,661,0,1
C027241,4808275,57699300,3271675,39260100,581273362,47643194,42772571,660578,730,0,0
C027242,2942702,35312424,2133124,25597488,415763376,40795526,28284511,263681,754,0,0
C027243,2755599,33067188,1313325,15759900,208180490,27516720,6278573,151610,772,0,0
C027244,2622226,31466712,1531439,18377268,197962835,61235957,48855952,421472,742,0,0
C027245,1800000,21600000,1071416,12856992,174533856,13581455,13581455,119628,838,0,0
C027246,7568223,90818676,5831329,69975948,95832072,96446698,48445185,425806,733,0,0
C027247,7704918,92459016,3165872,37990464,1152597562,133447921,92037686,1188431,698,0,0
C027248,3299137,39589644,2049932,24599184,54477854,82886494,82886494,407095,829,0,0
C027249,4832494,57989928,2577334,30928008,400193409,59743359,37131149,626960,776,0,0
C027250,3590539,43086468,3109099,37309188,220904756,104278211,86922293,829383,560,5,1
C027251,3909921,46919052,1534187,18410244,138974766,64319632,50710981,542619,880,0,0
C027252,7073698,84884376,4115814,49389768,234714806,43099792,43099792,141474,808,0,0
C027253,4500178,54002136,2508254,30099048,31296480,44642210,19974479,363980,782,0,0
C027254,2988867,35866404,1729639,20755668,94970458,29468834,15737423,161093,779,0,0
C027255,2596558,31158696,1318255,15819060,35950310,93176905,79755006,612872,683,0,0
C027256,4319089,51829068,2323790,27885480,141420081,11367068,11367068,196752,877,0,0
C027257,7738529,92862348,3857219,46286628,761172838,164797895,161723616,1221601,737,0,0
C027258,2808589,33703068,1558565,18702780,257128652,74509939,56001361,424640,794,0,0
C027259,3526586,42319032,1084137,13009644,355556925,64506994,40573019,574713,668,1,0
C027260,2851254,34215048,1879932,22559184,122405037,13019439,13019439,248525,811,0,0
C027261,3817346,45808152,2634867,31618404,439433265,30470121,25277421,573929,755,0,0
C027262,2610338,31324056,1128361,13540332,85155575,17796164,8897387,182690,775,0,0
C027263,12000000,144000000,5733460,68801520,533407831,241731539,221918781,1979283,737,0,0
C027264,8209559,98514708,6221905,74662860,394519301,119383745,47576218,786207,791,0,0
C027265,2995118,35941416,1803703,21644436,50184917,55174635,36672979,306399,788,0,0
C027266,6051730,72620760,4218786,50625432,182163055,187500184,168755510,1028770,707,0,0
C027267,4021049,48252588,2814704,33776448,79945535,42681962,22973290,366706,722,0,0
C027268,5991608,71899296,3977964,47735568,165182286,127013904,114490687,1208837,721,1,0
C027269,6079607,72955284,3310830,39729960,335299925,51103897,35284156,369936,772,0,0
C027270,4508189,54098268,2315183,27782196,161119526,48608121,34751618,291521,800,0,0
C027271,3272791,39273492,1644870,19738440,75573122,56962561,46253688,611268,842,0,0
C027272,7070595,84847140,4166211,49994532,424853957,178775400,165873344,1792680,688,1,0
C027273,9691448,116297376,7120022,85440264,169826662,134973745,134973745,1117733,749,0,0
C027274,3799595,45595140,3051225,36614700,118792128,28793030,27206579,75992,775,0,0
C027275,7080290,84963480,3216917,38603004,170548252,109635567,74536002,328250,740,0,0
C027276,5561682,66740184,4581920,54983040,42690588,67497334,46867808,698678,701,0,0
C027277,3791818,45501816,1815824,21789888,496853865,16616867,16616867,269056,715,0,0
C027278,3942131,47305572,2902829,34833948,98055159,72923490,51288212,553563,629,2,1
C027279,3752215,45026580,2393554,28722648,248890224,28245102,28245102,221392,781,0,0
C027280,1973967,23687604,1815241,21782892,19885700,25427351,25427351,313399,673,2,1
C027281,3390541,40686492,2261104,27133248,91201662,87877301,67424844,571899,780,0,0
C027282,4329692,51956304,2877373,34528476,167100082,42502901,17776000,378086,794,0,0
C027283,4427986,53135832,3324975,39899700,114738427,12598515,12598515,192894,724,0,0
C027284,5334602,64015224,3331799,39981588,659331319,89243517,62669631,487939,841,0,0
C027285,3019227,36230724,1964020,23568240,117572213,21190152,21190152,237265,864,0,0
C027286,2136955,25643460,1465231,17582772,68378423,29682361,25385560,312267,687,0,1
C027287,6916735,83000820,3441800,41301600,187066435,75633604,75633604,450512,890,0,0
C027288,6019987,72239844,2608468,31301616,509843883,29998517,11998838,287871,783,0,0
C027289,4192225,50306700,1844227,22130724,320159072,82197520,58405632,624552,822,0,0
C027290,4509544,54114528,2843851,34126212,419680546,251850170,219110796,1346477,719,0,0
C027291,4973337,59680044,2717296,32607552,57967810,21257809,20102275,312784,753,0,0
C027292,4160297,49923564,1866438,22397256,127897647,26667070,14521187,334929,806,0,0
C027293,4259406,51112872,1901188,22814256,466289052,78402954,63057995,664379,840,0,0
C027294,6415271,76983252,4192068,50304816,123118296,159622963,159622963,1025919,785,0,0
C027295,3783990,45407880,2937842,35254104,108310084,100463886,84721694,508913,691,0,0
C027296,4808884,57706608,3786077,45432924,94959677,47707414,20362273,319608,734,0,0
C027297,3150165,37801980,1899600,22795200,148775346,37134188,32168608,230966,879,0,0
C027298,5118954,61427448,3065185,36782220,859984272,46896543,25614973,360837,796,0,0
C027299,4782123,57385476,2410360,28924320,602687223,31402640,18391191,120481,772,0,0
C027300,7098228,85178736,3128712,37544544,1192502304,37732125,37732125,345836,778,0,0
C027301,6594125,79129500,3965747,47588964,690720794,41955078,25243744,533703,778,0,0
C027302,6497253,77967036,3310960,39731520,859860365,198094256,191658670,1193589,767,0,0
C027303,4705417,56465004,2800577,33606924,40557566,21570694,21159092,273138,844,0,0
C027304,4417404,53008848,2360691,28328292,458117612,111211300,93290662,1077424,722,0,0
C027305,2888507,34662084,2002789,24033468,54017830,61380925,56859062,430851,690,0,1
C027306,3514131,42169572,1903515,22842180,75406191,27661059,17803848,291471,746,0,0
C027307,2067592,24811104,1213845,14566140,29556041,25356957,21377655,133614,853,0,0
C027308,5171773,62061276,3720871,44650452,120145335,62762211,38145650,710888,735,0,0
C027309,3325165,39901980,2464535,29574420,128103032,56877049,53420308,481647,908,0,0
C027310,4163320,49959840,2378545,28542540,70777718,45530957,20486435,258116,835,0,0
C027311,3305681,39668172,1942729,23312748,277849284,96892467,94381185,569101,728,0,0
C027312,5643682,67724184,3128710,37544520,198216551,76422575,51462187,814560,803,0,0
C027313,4746140,56953680,3022752,36273024,240004543,52774612,47036520,423086,898,0,0
C027314,4312092,51745104,2094204,25130448,107250552,80455939,71685060,452701,763,0,0
C027315,2447242,29366904,1293280,15519360,258026141,23062289,21549312,151324,826,0,0
C027316,6116837,73402044,1705926,20471112,660987114,65596091,65596091,554148,763,0,1
C027317,3534210,42410520,2346031,28152372,221056879,106910306,79180873,495520,672,0,0
C027318,2097551,25170612,1551726,18620712,170796787,14234140,8142306,50000,713,0,0
C027319,4409283,52911396,3019190,36230280,230692926,48216037,40753408,439817,805,0,1
C027320,6505487,78065844,4209171,50510052,329955720,84080748,74545716,537430,726,0,0
C027321,3682959,44195508,1184821,14217852,618737112,28740277,7835790,147680,814,0,1
C027322,4681648,56179776,3363550,40362600,153244011,18644930,18644930,717405,685,0,0
C027323,5717751,68613012,4365793,52389516,285965914,58806529,29633761,361759,864,0,0
C027324,4805726,57668712,2665647,31987764,60217972,52503174,46626433,538061,783,0,0
C027325,9155711,109868532,3451568,41418816,190665122,114548049,57781195,750813,767,1,0
C027326,3844492,46133904,1911568,22938816,73012099,62984111,62984111,586931,796,0,0
C027327,4485332,53823984,3081945,36983340,84673502,61199996,58102950,560441,727,0,0
C027328,5696055,68352660,2839022,34068264,180546851,56121929,51259471,210250,734,0,0
C027329,5617874,67414488,4699013,56388156,202039192,44910107,34853864,382633,772,0,0
C027330,2479263,29751156,1397936,16775232,82872372,21382584,21382584,141395,805,0,0
C027331,2874373,34492476,1710492,20525904,80211948,30430079,30430079,297618,825,0,0
C027332,4507281,54087372,2093293,25119516,445360112,39147746,35021767,577021,870,0,0
C027333,3626839,43522068,2087618,25051416,144323031,104761726,83586589,468314,754,0,0
C027334,2326519,27918228,2107687,25292244,67506031,34209801,26045792,124504,751,0,0
C027335,4426146,53113752,2821703,33860436,167483322,87805402,65893979,789917,802,0,0
C027336,5380505,64566060,2181473,26177676,133655351,81582847,55575628,902879,795,0,1
C027337,8132331,97587972,5083339,61000068,387408284,123631207,83613521,1440190,781,0,0
C027338,3463156,41557872,1849382,22192584,401541630,46227534,29359861,191239,796,1,0
C027339,2224507,26694084,1345388,16144656,373717176,37758211,28585930,199168,854,1,0
C027340,4913092,58957104,3390459,40685508,100165978,49183454,49183454,663733,762,0,0
C027341,2967478,35609736,2440974,29291688,108825317,20884556,20884556,233634,768,0,0
C027342,2739353,32872236,2104061,25248732,97668552,27897153,23247188,262951,860,0,0
C027343,4725721,56708652,3518806,42225672,264466781,82737801,67439735,925125,733,0,0
C027344,4136208,49634496,1901894,22822728,122224751,97757421,81067063,686702,714,0,0
C027345,1800000,21600000,1436419,17237028,25587972,35422422,18092198,192989,766,0,0
C027346,7091116,85093392,3246171,38954052,81130761,72923117,40332508,326804,950,0,0
C027347,4309855,51718260,2645778,31749336,196815195,76964664,64414744,514535,772,0,0
C027348,9032526,108390312,4545303,54543636,437527767,75363599,75363599,792869,870,0,0
C027349,3871787,46461444,2426192,29114304,323034699,70963130,47219148,531243,780,0,0
C027350,3559216,42710592,2170264,26043168,48120250,46625645,43876383,542986,845,0,0
C027351,8084357,97012284,4314095,51769140,384806330,177149346,135272088,695453,787,0,0
C027352,2783498,33401976,2289096,27469152,113260296,61325665,38238617,324509,699,1,0
C027353,3648290,43779480,2880103,34561236,374315631,68409333,57444227,434493,723,0,0
C027354,3308031,39696372,1221778,14661336,491213926,20529006,20529006,228988,753,0,0
C027355,3206827,38481924,2243310,26919720,184165642,28697253,18131484,493586,767,0,0
C027356,3570986,42851832,2231288,26775456,208242757,31259868,27218436,404810,811,0,0
C027357,1824308,21891696,1093811,13125732,26587029,34213986,34213986,263035,775,0,0
C027358,6632796,79593552,4546423,54557076,207663898,90221579,73050893,1059249,736,0,0
C027359,4133242,49598904,2128342,25540104,49541813,34309083,10774586,185527,831,0,0
C027360,3196127,38353524,2526208,30314496,193846533,31250915,17274488,202468,794,0,0
C027361,6846883,82162596,3041480,36497760,468564811,92556194,30480535,136938,797,0,0
C027362,2848633,34183596,1845518,22146216,159433165,23241257,7687362,272325,671,1,0
C027363,7192953,86315436,3128091,37537092,244459305,77827141,47350505,790599,754,1,0
C027364,4529700,54356400,2228534,26742408,242971798,40851650,13773408,530224,737,0,0
C027365,2195951,26351412,1213057,14556684,77740713,34541751,30505032,167313,773,0,0
C027366,5883153,70597836,3551591,42619092,194679131,47692062,47692062,626783,738,1,0
C027367,3306075,39672900,2334989,28019868,202417461,54448363,43462491,564603,894,0,0
C027368,5389140,64669680,3255914,39070968,225208465,125986147,94791686,705595,830,0,0
C027369,1800000,21600000,758901,9106812,66455479,12739435,8796680,127347,804,0,0
C027370,3369351,40432212,1572306,18867672,108700283,39676451,34158428,419912,754,0,0
C027371,5971707,71660484,3946827,47361924,188482660,82661162,78586676,934828,731,0,0
C027372,2798211,33578532,853541,10242492,92974575,33668744,27161332,132478,753,0,0
C027373,4332288,51987456,2603084,31237008,313433943,27695742,27695742,528116,708,0,0
C027374,5144203,61730436,2380795,28569540,250556154,165701259,160211494,1064075,742,0,0
C027375,9350288,112203456,6266755,75201060,317842611,210833744,179704669,1158399,709,0,0
C027376,3648429,43781148,2812323,33747876,206611173,95518123,85639195,594121,773,0,0
C027377,4272526,51270312,3262125,39145500,679163983,70827544,48797878,219749,786,0,0
C027378,6530498,78365976,3522727,42272724,110312030,91656927,40018359,446855,790,0,0
C027379,4612816,55353792,3082529,36990348,451977300,72783702,50120762,92256,862,0,0
C027380,3749190,44990280,937298,11247576,93578407,37214367,26803460,95676,894,0,0
C027381,3116869,37402428,2986596,35839152,157832741,29188698,13977926,283545,681,0,0
C027382,4154357,49852284,2385507,28626084,53645051,44264152,35478791,455909,704,0,1
C027383,4826813,57921756,2297197,27566364,576564808,44835746,17588901,211770,939,0,0
C027384,5588690,67064280,2779288,33351456,137323896,85316091,57522798,510613,770,0,0
C027385,5355155,64261860,4049606,48595272,143890833,70168578,57575870,660877,630,1,0
C027386,8590871,103090452,4503118,54037416,143932976,60899425,60899425,835913,808,0,1
C027387,4384134,52609608,3237371,38848452,157487883,97957488,97957488,776580,749,0,0
C027388,5563437,66761244,2279967,27359604,191345491,73110000,62788742,724011,742,0,0
C027389,5829322,69951864,2274759,27297108,320800502,49552920,39802004,152117,740,0,0
C027390,5612349,67348188,2513212,30158544,174286936,67337849,59990909,264870,820,0,0
C027391,3691077,44292924,2038319,24459828,96347191,8891830,8891830,80649,794,0,0
C027392,4661029,55932348,1757211,21086532,256147606,40553453,32117314,497027,865,0,0
C027393,3273421,39281052,2485718,29828616,72473205,66797193,66797193,668942,836,0,0
C027394,5979494,71753928,3389423,40673076,494468489,14961713,14961713,503630,844,0,0
C027395,2923212,35078544,2047196,24566352,85714507,16980584,9717592,250502,742,0,0
C027396,3796821,45561852,2698809,32385708,103943444,26877612,18964665,323872,819,0,0
C027397,2353534,28242408,1482899,17794788,87013005,19784009,11153785,268921,755,0,0
C027398,12000000,144000000,5772827,69273924,599048259,84807367,78536846,632674,861,0,0
C027399,3222154,38665848,1928412,23140944,87944941,24092008,14387775,226658,738,0,0
C027400,4942350,59308200,2739212,32870544,117624306,54979663,47876776,561235,819,0,0
C027401,5206966,62483592,1938958,23267496,529344745,119061271,112026040,1001373,825,0,0
C027402,6515670,78188040,3688349,44260188,99730486,92300902,92300902,1225163,777,0,0
C027403,3974666,47695992,2029307,24351684,191960812,8990967,8990967,114462,829,0,0
C027404,3348521,40182252,2701622,32419464,176020663,37398247,24105054,174322,817,0,0
C027405,2845620,34147440,1500799,18009588,93340960,29861148,20094281,171315,879,0,0
C027406,3690451,44285412,1823513,21882156,23459269,46216783,39684650,241036,861,0,0
C027407,1800000,21600000,577366,6928392,69887897,11735057,8744126,50000,826,0,0
C027408,3190486,38285832,1939709,23276508,171878081,61982057,44926211,128025,897,0,0
C027409,6884985,82619820,1860764,22329168,298476567,78707474,43397200,748034,803,0,0
C027410,6171139,74053668,4742683,56912196,357021862,95570890,66484700,508697,892,0,0
C027411,8623861,103486332,6576759,78921108,182463941,184996022,139717418,1273638,694,0,0
C027412,2432327,29187924,1808706,21704472,408630936,20164943,17878132,99624,769,0,0
C027413,3268179,39218148,1382052,16584624,89382170,35760416,29606153,263100,785,1,0
C027414,3767986,45215832,2557925,30695100,258652808,121296698,105996470,966198,640,1,1
C027415,2479940,29759280,669259,8031108,68898102,7444695,7444695,99570,774,2,0
C027416,6946370,83356440,4873456,58481472,410311409,76656137,70697773,505304,753,0,0
C027417,4140047,49680564,3445753,41349036,153406550,49206479,34804948,478497,848,0,0
C027418,4801679,57620148,3192160,38305920,76002040,61611067,61611067,494652,794,0,0
C027419,6728310,80739720,4289954,51479448,484713963,35357804,31817915,419938,766,0,0
C027420,4051029,48612348,2225205,26702460,101480548,73063295,67486786,957319,738,0,0
C027421,3045518,36546216,1769226,21230712,330177036,40197943,40197943,532385,848,0,0
C027422,5137874,61654488,2952715,35432580,96403928,65667187,54689699,399479,798,0,0
C027423,3701993,44423916,1839498,22073976,178652541,59744438,40226114,435625,814,2,0
C027424,3376825,40521900,1813224,21758688,77884615,34423702,25394475,471216,719,0,0
C027425,4373175,52478100,4127478,49529736,69106206,41206163,16873114,506138,710,0,0
C027426,6081097,72973164,4580894,54970728,151415720,130371682,130371682,1232676,847,0,0
C027427,2092845,25114140,975425,11705100,42438089,38778087,25041250,122286,753,1,1
C027428,6043356,72520272,2870112,34441344,85681443,75074196,47335337,644525,769,0,0
C027429,4736067,56832804,2804484,33653808,53054472,94693610,53734435,304088,863,0,0
C027430,6268749,75224988,1771260,21255120,298743368,98485359,66753363,1012091,813,0,0
C027431,7240148,86881776,2228901,26746812,182814924,67714087,36983320,484126,778,0,0
C027432,2890598,34687176,1420753,17049036,84495200,21139533,15321009,195017,748,1,0
C027433,1800000,21600000,1066080,12792960,65653536,18651055,18651055,103595,843,0,0
C027434,2873994,34487928,2521485,30257820,134335106,73229229,62300733,583397,634,1,1
C027435,3218994,38627928,1824238,21890856,46569236,50295095,50295095,425016,833,0,0
C027436,5101806,61221672,2417018,29004216,136114976,65002435,37041928,352317,767,0,0
C027437,2917442,35009304,2285698,27428376,40593035,64871220,58932934,465519,677,0,0
C027438,3098683,37184196,1653097,19837164,156096174,74418960,74418960,434572,793,0,0
C027439,2286806,27441672,1711605,20539260,165252035,18252903,16119874,126126,801,0,0
C027440,3596583,43158996,2284601,27415212,178995519,59840634,58189310,498088,718,0,0
C027441,3399202,40790424,933044,11196528,50080616,56651968,33963154,424765,852,0,0
C027442,2159508,25914096,797733,9572796,72590571,53187311,47625184,251866,828,0,0
C027443,4092330,49107960,2807718,33692616,339175053,91782694,59583280,567493,660,0,0
C027444,5576540,66918480,2851417,34217004,428244356,14012763,11571257,111531,729,0,0
C027445,2530524,30366288,1543856,18526272,327587992,19854161,18434022,253245,846,0,0
C027446,4677548,56130576,2571576,30858912,184470387,33667632,17389797,339092,849,0,0
C027447,3836724,46040688,2866174,34394088,196031628,16173371,7827502,209899,789,0,0
C027448,6580638,78967656,4477370,53728440,360596007,66774437,62171009,582652,750,0,0
C027449,4992025,59904300,1979223,23750676,284251082,36108492,30331665,349610,814,0,0
C027450,5157768,61893216,3909350,46912200,808899782,63629267,44562936,516386,828,0,0
C027451,4711326,56535912,3728896,44746752,121933361,124383891,124383891,1002347,701,0,0
C027452,5144102,61729224,2646640,31759680,147142855,53506340,45791169,367422,840,0,0
C027453,2328702,27944424,1560077,18720924,119319831,35583585,27001255,274653,771,0,0
C027454,3372766,40473192,2452715,29432580,141442441,50884045,40419079,267905,722,0,0
C027455,12000000,144000000,7545598,90547176,1320039768,183967003,183646950,2151510,735,0,0
C027456,2111243,25334916,1261152,15133824,51947462,86995364,76887165,638665,773,1,0
C027457,3836820,46041840,2042849,24514188,112046548,70238251,70238251,339050,850,0,0
C027458,5213892,62566704,4124889,49498668,181816346,67862716,67862716,727247,674,2,1
C027459,3264299,39171588,1450319,17403828,138142997,39957780,21578662,365266,755,0,1
C027460,3196453,38357436,1296775,15561300,66121533,93528812,80735591,570255,785,0,0
C027461,3544859,42538308,2505649,30067788,152499501,112187235,85090899,639984,731,0,0
C027462,7061929,84743148,2835344,34024128,47842582,23882616,15508519,141239,787,0,0
C027463,3242444,38909328,1293134,15517608,208131829,75659658,60381746,440338,773,0,0
C027464,4455512,53466144,1609581,19314972,163852808,35416525,14153721,355647,812,0,0
C027465,4728141,56737692,2602884,31234608,349611001,222409597,199710835,1747584,632,0,0
C027466,1800000,21600000,1024504,12294048,47870934,47159183,47159183,285103,744,1,1
C027467,7273288,87279456,3864067,46368804,180907518,73152160,38016086,548251,755,1,0
C027468,2149718,25796616,1941987,23303844,153538672,70468284,61913010,448874,689,0,0
C027469,2318744,27824928,1323933,15887196,56570594,49922105,31124025,257542,870,0,0
C027470,2918239,35018868,1189627,14275524,148631928,65783823,58915961,372287,788,0,0
C027471,3691465,44297580,2855227,34262724,68712681,127939228,99138665,735640,746,0,0
C027472,3174895,38098740,2066554,24798648,103631396,34894197,16760975,371413,686,0,0
C027473,5228400,62740800,3293197,39518364,322074197,17736068,9425076,412231,733,0,0
C027474,2568942,30827304,642236,7706832,149257248,71079287,65435652,448576,837,0,0
C027475,1800000,21600000,789938,9479256,48849317,22241257,12266490,209843,802,0,0
C027476,6525520,78306240,5230250,62763000,803426439,108884942,79079722,779156,730,0,0
C027477,6328474,75941688,3562451,42749412,116480631,58949947,50185033,663027,765,0,0
C027478,2599023,31188276,1145622,13747464,41594058,39580298,31085457,282812,779,0,0
C027479,2205346,26464152,1617491,19409892,58623084,27144174,12806282,219023,724,1,0
C027480,4015492,48185904,1003873,12046476,45939863,125433665,111906501,633968,813,0,0
C027481,2769450,33233400,1718684,20624208,236035127,75210900,49026639,484845,720,0,0
C027482,5572035,66864420,1708593,20503116,303565369,142433692,136378721,670429,812,0,0
C027483,4429488,53153856,3216406,38596872,180615767,69633071,38187670,472512,779,0,1
C027484,5271954,63263448,3342448,40109376,196076752,59300619,31202115,336615,689,0,0
C027485,4699088,56389056,2583422,31001064,404672753,51605532,44062447,204624,827,0,0
C027486,4917484,59009808,2097125,25165500,150462094,303218519,256038739,1905208,674,0,0
C027487,4532340,54388080,3302962,39635544,63392849,90927973,49387085,416042,791,0,0
C027488,2722611,32671332,1750115,21001380,108451603,25751305,22060909,60474,809,0,0
C027489,5224815,62697780,3198236,38378832,318128010,117043636,106833528,709196,785,0,0
C027490,4402924,52835088,3013339,36160068,248785956,129311112,129311112,761216,731,0,0
C027491,3608953,43307436,2720382,32644584,75785104,50917641,28749621,376233,759,0,0
C027492,8990975,107891700,8415253,100983036,504401464,100943464,97712982,1337757,837,0,0
C027493,4325465,51905580,2776132,33313584,311084502,81658408,48969758,533879,810,0,1
C027494,4974745,59696940,3169853,38038236,164914098,37517569,32590258,484564,817,0,0
C027495,5144249,61730988,2767199,33206388,289373263,98780136,94456166,966766,808,0,0
C027496,4376318,52515816,2526469,30317628,311011427,24431898,24431898,91010,835,0,0
C027497,6797179,81566148,3071103,36853236,135378184,52822965,39618909,254515,829,0,0
C027498,3924207,47090484,2700179,32402148,145851409,46600400,42910688,261365,808,0,0
C027499,8854960,106259520,4370296,52443552,615291876,24446661,18120472,617728,716,0,0
C027500,6996039,83952468,4326580,51918960,225833948,35092295,18437143,846021,736,0,0
C027501,3726036,44712432,2440438,29285256,270811951,48917615,39031129,502310,762,0,0
C027502,3646707,43760484,1996220,23954640,391669182,148290452,126245610,1123657,677,0,1
C027503,3350689,40208268,2409090,28909080,67142923,52117036,47424957,361500,796,0,1
C027504,6987583,83850996,5123744,61484928,493507908,41262347,35994043,674052,850,0,0
C027505,5869160,70429920,3249614,38995368,177423776,32829648,30254894,396793,855,0,0
C027506,5702712,68432544,2527656,30331872,58758231,188084830,181091008,602623,777,0,0
C027507,5039216,60470592,3589489,43073868,224505794,84555111,59490256,562726,776,0,0
C027508,6256372,75076464,3667831,44013972,102236511,97759735,95881369,860502,766,0,0
C027509,2424256,29091072,1328282,15939384,74752186,44689654,27337448,343455,694,2,0
C027510,6003370,72040440,4218401,50620812,84551256,55201822,26394082,312480,703,0,0
C027511,4403825,52845900,2106288,25275456,107298522,85640026,65459979,693947,695,1,0
C027512,4701744,56420928,3340877,40090524,343039278,22226185,22226185,255013,821,0,0
C027513,4618132,55417584,2582941,30995292,71581494,135829363,135829363,1252761,769,0,0
C027514,3938026,47256312,2187704,26252448,574327985,28239031,24954880,379583,720,0,0
C027515,2712579,32550948,1486582,17838984,24420736,46947736,40594426,467790,753,0,1
C027516,4046093,48553116,3451039,41412468,101806599,104727868,102419001,763316,852,0,0
C027517,2195750,26349000,1068785,12825420,190707086,23545795,23545795,114996,752,0,0
C027518,6571309,78855708,2579478,30953736,119918169,104676739,104676739,1178065,763,1,0
C027519,3318681,39824172,1522579,18270948,33937134,68181021,58883900,392756,783,0,0
C027520,4863551,58362612,2746499,32957988,184482367,237746134,231651616,1464392,708,1,0
C027521,3503497,42041964,1922485,23069820,116017202,27159492,27159492,264771,868,0,0
C027522,3653496,43841952,1952384,23428608,137529055,25391855,12560455,73070,784,0,0
C027523,2667771,32013252,1078582,12942984,150074847,33623451,24105208,248005,788,0,0
C027524,3105494,37265928,1756547,21078564,521722992,22214985,12937809,141566,827,0,0
C027525,3435920,41231040,2626133,31513596,196453368,37555852,23674441,338053,829,0,0
C027526,3436455,41237460,2030265,24363180,93465500,42911773,28793988,146796,794,0,0
C027527,5693172,68318064,2644981,31739772,277998860,155166648,119808979,1198489,769,0,0
C027528,7940790,95289480,3321599,39859188,662152799,117229876,99449322,786514,821,0,0
C027529,2797660,33571920,2003629,24043548,36096409,3613614,3613614,150866,864,0,0
C027530,3847507,46170084,2466657,29599884,114704950,36301861,19439000,282221,738,0,0
C027531,5950918,71411016,3056852,36682224,116565315,82935911,71039482,417412,840,0,0
C027532,11585500,139026000,5176275,62115300,1131980203,253142569,215856347,1243318,816,0,0
C027533,5069382,60832584,2724450,32693400,193937166,109562139,82838274,543590,779,0,0
C027534,5028492,60341904,3522711,42272532,136568298,49200519,21518986,628056,828,0,0
C027535,2322409,27868908,1456358,17476296,162227615,24524401,22382492,190169,800,0,0
C027536,3281917,39383004,2814653,33775836,76299129,36992514,27441811,476356,688,0,0
C027537,4845220,58142640,2372129,28465548,308569793,42129448,42129448,142467,825,0,0
C027538,4496832,53961984,3236632,38839584,377168140,95747813,89370374,595280,729,0,0
C027539,6300549,75606588,2891063,34692756,324037347,82981754,35661067,852038,756,0,0
C027540,2897904,34774848,1818695,21824340,63983751,30110749,16507228,315398,710,0,0
C027541,5567800,66813600,3456216,41474592,139356466,137921365,127696896,931286,763,0,0
C027542,2591341,31096092,1113481,13361772,183570289,51545324,45715777,401053,726,0,0
C027543,2920552,35046624,2194928,26339136,99204501,95112915,84343942,467032,802,0,0
C027544,1933556,23202672,1221636,14659632,37460767,24445990,17358420,145230,703,0,0
C027545,2130947,25571364,1558437,18701244,119203463,19619029,11620120,50000,778,0,0
C027546,3454324,41451888,1854090,22249080,56850109,60960035,44810057,236759,752,1,0
C027547,4377776,52533312,2482563,29790756,349796554,53361772,45595025,809428,737,0,0
C027548,2766149,33193788,1322247,15866964,71917217,23992950,13740563,331078,828,0,0
C027549,3819199,45830388,2325848,27910176,145002742,31660003,31660003,350976,835,0,0
C027550,2465374,29584488,1511626,18139512,161766489,40431222,29531382,423010,800,0,0
C027551,4346624,52159488,2757264,33087168,423495553,79208104,44292777,643404,818,0,0
C027552,4220466,50645592,2358990,28307880,44366570,16801499,14045062,84409,863,0,0
C027553,4075059,48900708,2047114,24565368,362669085,47131384,37072249,399474,770,0,0
C027554,4885200,58622400,4792506,57510072,146691676,86511725,67999574,824134,637,0,0
C027555,2711507,32538084,1527230,18326760,155094765,40190355,20756145,293483,822,0,0
C027556,3038006,36456072,2244032,26928384,123316687,47613627,38651124,331613,836,0,0
C027557,4200923,50411076,3343065,40116780,151396500,69693074,57406843,343151,890,0,0
C027558,4058681,48704172,2529361,30352332,231819149,169999902,154882016,1456732,763,0,1
C027559,4275603,51307236,1215828,14589936,181485057,25322238,18003367,274754,760,0,0
C027560,2177952,26135424,1591903,19102836,197113870,19413181,19231068,205840,847,0,0
C027561,7834105,94009260,4488302,53859624,529001210,50110151,31541427,909267,858,0,0
C027562,3686398,44236776,2455038,29460456,71868731,67891247,59581326,557109,796,0,0
C027563,3937907,47254884,1419306,17031672,160592270,61917057,48999933,654325,798,0,0
C027564,2546195,30554340,1547185,18566220,42704874,62862075,50528311,263065,716,0,0
C027565,4934519,59214228,2921504,35058048,138441445,96244270,96244270,792239,770,0,0
C027566,3979439,47753268,2141914,25702968,140577778,77779312,47379656,441247,701,0,0
C027567,6442181,77306172,1610545,19326540,295309750,67655424,27158300,552220,850,0,0
C027568,3957239,47486868,3246735,38960820,123643163,52914971,26762390,401637,729,0,0
C027569,3070665,36847980,1824868,21898416,25006370,15489594,15408779,557893,812,0,0
C027570,9123127,109477524,6276716,75320592,191812465,171354088,142221616,1460217,723,1,0
C027571,3858127,46297524,2500961,30011532,195638401,21673163,19083969,393211,825,0,0
C027572,4860746,58328952,3300682,39608184,450531105,54401464,52474891,209026,733,0,0
C027573,4764063,57168756,2815458,33785496,106783660,44444777,24131016,393192,835,0,0
C027574,3768626,45223512,942157,11305884,215212078,58257978,36624174,425489,764,2,0
C027575,2979411,35752932,1747157,20965884,97816770,56850317,38270105,410208,843,0,0
C027576,4245343,50944116,2523367,30280404,39626522,160095308,140308448,1033687,650,0,0
C027577,3282636,39391632,2065847,24790164,99118249,76915070,76915070,644423,773,0,0
C027578,3377948,40535376,1392077,16704924,161358873,35070094,24833419,67559,733,0,0
C027579,4072099,48865188,2381208,28574496,183869413,112220509,108164926,847292,887,0,0
C027580,2748924,32987088,1690885,20290620,68915914,10291645,8834085,148752,754,0,0
C027581,2970271,35643252,2630710,31568520,79803263,20594139,10517907,230598,681,0,0
C027582,4430700,53168400,2068524,24822288,581361536,33396554,19884384,237730,787,0,0
C027583,6098934,73187208,3608073,43296876,718565484,25907737,24250105,449109,793,0,0
C027584,3302130,39625560,2307587,27691044,95687658,30758645,18838040,646457,809,0,0
C027585,4739712,56876544,2268902,27226824,183046000,38792157,35158792,482909,805,0,0
C027586,3855293,46263516,1972689,23672268,185821681,43155193,30949668,530714,784,1,0
C027587,4538614,54463368,3223594,38683128,101417678,110266073,110266073,945470,841,0,0
C027588,3514137,42169644,1653768,19845216,256135983,44466877,26166553,168274,882,0,0
C027589,5561779,66741348,3052443,36629316,373656244,102695459,83436651,743266,727,0,0
C027590,6205407,74464884,3622097,43465164,186967253,87023315,82957551,728305,839,0,0
C027591,3363997,40367964,1611569,19338828,42582764,23400839,20629692,337487,855,0,0
C027592,3979497,47753964,2281314,27375768,71840298,73229198,72808791,500491,793,0,0
C027593,7148231,85778772,4254950,51059400,556579930,318361748,318361748,2161145,680,0,1
C027594,4778975,57347700,2283841,27406092,746034593,39973153,38742295,653032,736,0,0
C027595,4943506,59322072,2850672,34208064,118879212,151702562,137521057,1185307,645,1,0
C027596,4354192,52250304,2520814,30249768,622369432,21374167,21374167,551223,805,0,0
C027597,5385519,64626228,3382793,40593516,198077081,111519726,111519726,1239145,684,0,1
C027598,2023832,24285984,1362389,16348668,340003776,23260236,23260236,204960,734,0,0
C027599,7168965,86027580,4218285,50619420,202040513,79098300,50781641,532446,830,0,0
C027600,2576587,30919044,1354512,16254144,32285856,49756661,42126182,345743,765,0,0
C027601,3850809,46209708,2746391,32956692,168103709,37369374,21692475,274346,758,0,0
C027602,5320086,63841032,3396065,40752780,103356409,53288373,43610989,522845,813,0,0
C027603,2902963,34835556,2078926,24947112,89812790,40158738,30779873,259326,778,0,0
C027604,1891715,22700580,1206451,14477412,60107828,24025676,23094194,296148,722,1,0
C027605,2303533,27642396,1234816,14817792,74886074,35025789,34671213,147488,787,1,0
C027606,6823002,81876024,3721594,44659128,165102113,56126762,18004657,331013,683,1,0
C027607,1800000,21600000,1094952,13139424,82261502,22458026,12133448,147741,776,0,0
C027608,3186565,38238780,1819778,21837336,361005866,49873566,37550410,405860,797,0,0
C027609,1800000,21600000,1075510,12906120,55229967,12026517,12026517,50000,844,0,0
C027610,3317744,39812928,1973775,23685300,331820395,36812637,24500131,66355,856,0,0
C027611,2310828,27729936,1156684,13880208,137339473,16835543,16835543,158732,878,0,0
C027612,4277444,51329328,1760877,21130524,228337728,56502156,41013889,221270,882,0,0
C027613,7409197,88910364,3601831,43221972,557344317,135910412,114436571,1005656,747,0,0
C027614,4229344,50752128,2783824,33405888,115899735,129298698,122939525,1078295,704,0,0
C027615,4006144,48073728,1488308,17859696,155030768,57884035,48296809,196626,848,0,0
C027616,3113005,37356060,1328862,15946344,210380092,59707593,52151583,586032,885,0,0
C027617,3896130,46753560,1840733,22088796,74434526,30491096,20942468,428907,733,0,0
C027618,5828849,69946188,1933671,23204052,102480189,85370476,68052006,554167,757,0,0
C027619,2949399,35392788,1426241,17114892,51404152,58253104,39978723,580645,763,0,0
C027620,3846241,46154892,2154152,25849824,115391059,65664783,40689597,460835,767,0,0
C027621,1800000,21600000,1110763,13329156,60942760,11976693,9595661,175878,795,0,0
C027622,4378649,52543788,2459107,29509284,89099616,63721165,46522359,221746,771,0,0
C027623,4382142,52585704,2400963,28811556,96534025,42853121,38855569,641841,826,0,0
C027624,3061304,36735648,2172720,26072640,84986631,14757322,14757322,410396,697,0,0
C027625,3616271,43395252,1723625,20683500,331485341,50307965,50307965,453362,841,0,0
C027626,3579012,42948144,2665002,31980024,112518466,47931822,33351657,403774,731,0,1
C027627,3790755,45489060,1527683,18332196,104535801,93611937,93611937,815607,800,0,0
C027628,9244990,110939880,6567964,78815568,733428602,124945882,114319800,1409800,699,0,0
C027629,2536431,30437172,1245558,14946696,114743541,5077832,5077832,216593,862,0,0
C027630,5341564,64098768,4301375,51616500,374982708,71497349,66363420,534682,814,0,0
C027631,2687609,32251308,1523441,18281292,51844267,42758602,26052892,204906,840,0,0
C027632,3586296,43035552,1561021,18732252,53714606,42156562,35879115,331141,870,0,0
C027633,5910093,70921116,2239932,26879184,130226247,334012966,319145022,1867961,856,0,0
C027634,6561698,78740376,4786172,57434064,910748106,65243905,24371991,825769,662,0,0
C027635,3472164,41665968,1467736,17612832,430261619,23069055,20671479,236400,770,0,0
C027636,5578004,66936048,3943444,47321328,557214084,29468455,24664267,530457,760,1,0
C027637,1800000,21600000,1121981,13463772,65674727,46894411,44193466,407499,687,0,0
C027638,4670074,56040888,1273522,15282264,344847057,42097766,21822548,365681,725,0,0
C027639,6673951,80087412,3794951,45539412,279319773,62905198,62905198,614047,885,0,0
C027640,1812261,21747132,453065,5436780,59727849,44235777,39031426,302706,920,0,0
C027641,4787929,57455148,2543451,30521412,629902994,87576669,70736431,687053,835,0,0
C027642,4679134,56149608,3118861,37426332,148178970,80158868,58820318,807900,704,0,0
C027643,4737746,56852952,3505966,42071592,274529281,34847463,20607930,148110,853,0,0
C027644,4618396,55420752,2891496,34697952,46418182,61939539,45407788,319191,749,0,0
C027645,5919103,71029236,3514618,42175416,241677002,57561197,37816919,348159,845,0,0
C027646,1800000,21600000,1058347,12700164,89038872,8649769,7174736,127417,823,0,0
C027647,4564927,54779124,3192139,38305668,190679116,106830800,83538828,889547,827,0,0
C027648,6142428,73709136,3626223,43514676,265873350,60606787,42771541,533203,787,0,0
C027649,2912630,34951560,1901943,22823316,85405057,56577649,50522862,444228,732,1,0
C027650,3650365,43804380,2635097,31621164,207607650,14260034,14260034,221776,765,0,0
C027651,9031661,108379932,4531324,54375888,525000662,133452795,81929158,812914,858,0,0
C027652,3714992,44579904,1606802,19281624,40889489,19624664,15457050,266789,831,0,0
C027653,3044746,36536952,1957261,23487132,87060994,31687862,16756397,126354,735,0,0
C027654,6080271,72963252,4830259,57963108,360089070,54667370,42970308,710577,734,0,0
C027655,3604957,43259484,1261843,15142116,114912361,104871046,87995141,655014,717,0,0
C027656,4191393,50296716,2245261,26943132,123783038,63558522,40243737,302714,775,0,0
C027657,3592267,43107204,1657084,19885008,384716590,94018912,51794650,408246,841,0,0
C027658,3866398,46396776,966600,11599200,217237640,28096373,28096373,162183,858,0,0
C027659,3415032,40980384,1345186,16142232,92804390,44268680,41980497,189556,768,0,0
C027660,3257928,39095136,1738519,20862228,156377317,27337752,12981544,208285,815,0,0
C027661,2302475,27629700,1343501,16122012,159322522,12217429,6243055,105389,768,0,0
C027662,7574900,90898800,3044971,36539652,238609535,83364731,39591084,151498,797,0,0
C027663,5784215,69410580,4221505,50658060,915812004,97716684,78655119,916059,682,1,1
C027664,7301678,87620136,3659232,43910784,227630449,101633666,84032867,525731,785,0,0
C027665,6817879,81814548,3299550,39594600,138501681,57658851,57658851,594150,793,0,0
C027666,5464699,65576388,2629921,31559052,731582557,61275032,37244562,750995,737,0,0
C027667,1846095,22153140,842873,10114476,66180016,17486025,13768733,84693,838,0,0
C027668,6149003,73788036,1840117,22081404,661462944,56596711,37808163,494062,792,0,0
C027669,4068221,48818652,1340998,16091976,149346264,46033190,21654828,281590,695,0,0
C027670,2877166,34525992,2270037,27240444,29102239,84550336,79038966,799341,682,0,0
C027671,3307401,39688812,2366235,28394820,55414001,32132613,28975791,247132,840,0,0
C027672,4617519,55410228,2830471,33965652,698250896,62784517,46550461,364387,734,1,0
C027673,4309232,51710784,3201750,38421000,393252515,78289321,78289321,870330,696,0,0
C027674,2250688,27008256,1387662,16651944,116517368,31750800,23871935,211344,780,0,0
C027675,3836986,46043832,2868371,34420452,236125077,29941818,22269952,398110,714,0,0
C027676,3836587,46039044,2705991,32471892,241250282,82733179,60386540,447959,670,0,1
C027677,2720408,32644896,1557746,18692952,294085925,13547841,11842670,253885,747,0,0
C027678,5563309,66759708,3268385,39220620,279719189,92216904,50397424,400357,808,1,0
C027679,3811672,45740064,2545389,30544668,96187331,47160566,30177632,132169,699,0,0
C027680,5124763,61497156,4144072,49728864,122796606,26357150,26357150,283005,738,0,0
C027681,3587088,43045056,2400367,28804404,67307993,37056875,28735137,110990,799,0,0
C027682,3594919,43139028,1170140,14041680,496742162,29775768,26226930,263507,817,0,0
C027683,1800000,21600000,1260806,15129672,41772605,29262169,13267055,116920,819,0,0
C027684,3919975,47039700,2479169,29750028,154290083,36169390,36169390,549454,767,0,0
C027685,3662660,43951920,2554502,30654024,328313112,39742869,25983160,170400,688,1,0
C027686,6133404,73600848,3808244,45698928,147584258,67328804,45132640,182686,814,0,0
C027687,4495610,53947320,2461648,29539776,119462220,23422715,23422715,188246,862,0,0
C027688,4522491,54269892,2507842,30094104,124157808,87178242,67218827,500478,745,0,0
C027689,3961217,47534604,2416414,28996968,119453235,30281791,26304499,286342,833,0,0
C027690,7119999,85439988,3969022,47628264,450210538,27155845,27155845,142400,812,0,0
C027691,1800000,21600000,735263,8823156,35385177,35359399,23477848,139784,809,0,0
C027692,9286576,111438912,3393788,40725456,522374969,124480643,114575698,929192,779,0,0
C027693,4145625,49747500,1890416,22684992,164064355,68610912,61494281,370178,841,0,0
C027694,6727794,80733528,4236770,50841240,619963058,140283626,88374015,566487,758,0,0
C027695,3585560,43026720,2093885,25126620,146097694,25525298,16348673,332961,844,0,0
C027696,5273701,63284412,3270231,39242772,107567646,52551561,52551561,975050,692,0,0
C027697,2779746,33356952,2241151,26893812,98272980,65983335,47131987,444765,670,0,0
C027698,2618345,31420140,2222012,26664144,169869195,64456330,53839149,475463,740,0,0
C027699,6235407,74824884,3717864,44614368,1047548376,32054731,32054731,391886,874,0,0
C027700,5595453,67145436,3720876,44650512,74403083,60785318,35349254,570586,722,0,0
C027701,4261413,51136956,2244063,26928756,278577188,52366692,52366692,469100,810,0,0
C027702,5277780,63333360,2509980,30119760,96634674,103903508,55670108,651193,748,0,0
C027703,7072214,84866568,2759200,33110400,1188131952,139087417,110861866,530164,814,0,0
C027704,2209336,26512032,1599273,19191276,56343736,43091300,24320190,209756,764,1,0
C027705,4538813,54465756,2162561,25950732,76338877,45511043,34202547,496950,727,0,0
C027706,7325183,87902196,3890540,46686480,1098203554,121081139,103377646,784343,788,0,0
C027707,3935105,47221260,2890673,34688076,95836743,90588554,83652851,521510,751,0,0
C027708,5065089,60781068,2166161,25993932,835712794,42635018,31993003,101302,762,0,0
C027709,3026326,36315912,1793226,21518712,78348528,144643567,128575273,1014676,672,0,1
C027710,5196993,62363916,3202593,38431116,161514750,172922028,158173530,945383,733,0,0
C027711,7762797,93153564,3321490,39857880,67157234,83298966,46046172,1012765,731,1,0
C027712,5651511,67818132,3433695,41204340,254624101,73510358,39624160,495943,784,0,0
C027713,3879953,46559436,1708872,20506464,140964526,53243933,31057542,366361,795,0,0
C027714,2913130,34957560,2152265,25827180,162334059,31766801,21495324,134744,826,0,0
C027715,3929799,47157588,2488740,29864880,237876128,25674757,25674757,378657,829,0,1
C027716,4783041,57396492,1657939,19895268,214256634,87122166,82173092,632781,787,0,0
C027717,3274354,39292248,1053638,12643656,364167764,81135643,81135643,820278,789,0,0
C027718,8770072,105240864,6625304,79503648,176164396,75588454,55144200,1086068,639,0,0
C027719,2957106,35485272,2165847,25990164,117900848,31944246,22095774,59142,731,0,0
C027720,3159279,37911348,2325593,27907116,40133330,77945582,66361837,451564,652,0,1
C027721,5864397,70372764,3003318,36039816,198469824,116099790,73802548,899623,755,0,0
C027722,2727945,32735340,1240709,14888508,112737606,30669215,19896105,171982,802,0,0
C027723,4797850,57574200,2183843,26206116,157207361,47377628,34240759,384059,792,0,0
C027724,1800000,21600000,1264502,15174024,216895823,38311562,29089394,173606,723,0,0
C027725,3544036,42528432,1621865,19462380,393397330,76954053,56335993,437586,875,0,0
C027726,4241672,50900064,2239193,26870316,212502418,71693652,57900840,601550,783,0,0
C027727,4634761,55617132,2605549,31266588,111091751,38183096,19079853,267512,760,0,0
C027728,3100455,37205460,1692193,20306316,520876440,123044162,101213613,539492,719,0,0
C027729,4422868,53074416,2470889,29650668,108685774,43595531,24304237,111735,855,0,0
C027730,4448132,53377584,2793101,33517212,85918943,88331119,88331119,739956,777,0,0
C027731,3111752,37341024,1364364,16372368,257846718,66423469,51992677,593445,832,0,0
C027732,5337121,64045452,3824294,45891528,78830876,59551107,36748778,273261,631,1,0
C027733,2388351,28660212,1531154,18373848,114237862,20739580,9544305,123616,737,0,0
C027734,3187889,38254668,2078773,24945276,278543739,103548487,95307489,825362,734,0,1
C027735,6571269,78855228,4486432,53837184,180423825,115673799,76367700,589608,747,0,0
C027736,6047280,72567360,4451356,53416272,720208075,36907645,30663622,207409,741,1,0
C027737,5046453,60557436,2868024,34416288,393634735,59188498,32357011,288250,825,0,0
C027738,4915472,58985664,1746563,20958756,192643584,32173515,12952285,489339,769,0,0
C027739,3568789,42825468,2077794,24933528,99622703,68494342,56940324,518432,660,0,0
C027740,5300912,63610944,2433190,29198280,278461634,77094188,65877449,752314,738,0,0
C027741,4209321,50511852,1699067,20388804,662468301,38304889,36599422,301951,788,0,0
C027742,6817489,81809868,2657580,31890960,201270932,101968343,87720282,596385,782,0,0
C027743,2402196,28826352,990145,11881740,68787030,32221717,24145818,290696,808,0,0
C027744,1800000,21600000,1146658,13759896,20083722,30789768,25508566,268417,742,0,0
C027745,2740100,32881200,1305859,15670308,216408815,31999301,23745807,106500,822,0,0
C027746,2404861,28858332,1153628,13843536,96516194,72594957,49319402,352201,795,0,0
C027747,3734605,44815260,2418451,29021412,245480639,90459364,82849142,512333,835,0,0
C027748,4816284,57795408,2569311,30831732,61265079,8568408,8568408,314569,724,1,1
C027749,3102136,37225632,1298595,15583140,102025959,46599406,33742071,305466,816,1,1
C027750,2472758,29673096,1282980,15395760,193825847,33413166,33295348,236212,776,0,0
C027751,2787120,33445440,1702286,20427432,80898671,37629055,22788619,273149,758,0,0
C027752,6080253,72963036,3698841,44386092,350819339,100532635,94447398,392042,728,0,0
C027753,3372955,40475460,1671937,20063244,399312995,144906755,135251258,903224,698,0,0
C027754,4609322,55311864,2793748,33524976,200205087,30523750,23018034,510889,754,0,0
C027755,2813011,33756132,1584827,19017924,51375441,31309973,31309973,355428,727,0,1
C027756,2391138,28693656,1155030,13860360,69981324,16955608,7368173,50000,870,0,0
C027757,5159735,61916820,2516637,30199644,113658353,74906256,68144003,662700,823,0,0
C027758,3776740,45320880,3772453,45269436,70330538,15231816,15231816,190669,730,0,0
C027759,6873078,82476936,3562247,42746964,176787501,32145379,31224200,244603,815,0,0
C027760,9984247,119810964,7404316,88851792,529438632,73951364,73951364,1319439,789,0,1
C027761,8823657,105883884,6043791,72525492,234475503,53135165,53135165,1034683,821,1,0
C027762,4984387,59812644,2757908,33094896,249235202,228022267,221971982,1369788,585,1,0
C027763,6676001,80112012,3745357,44944284,299575652,47358674,47358674,763510,837,0,0
C027764,2013617,24163404,663287,7959444,45075714,31825416,20803648,50000,790,0,0
C027765,2051696,24620352,1098738,13184856,64337117,29105644,23855335,179798,767,0,0
C027766,3869947,46439364,1378876,16546512,327978916,30792177,22617644,184919,860,0,0
C027767,2306141,27673692,1243720,14924640,56036807,20372308,18763654,105606,775,0,0
C027768,2590891,31090692,932829,11193948,236948486,88748726,82834332,472585,778,0,0
C027769,4778175,57338100,3428349,41140188,116135325,72123364,72123364,394064,718,0,0
C027770,2187620,26251440,1412939,16955268,139021171,34214548,24443938,89424,831,0,0
C027771,2691219,32294628,1522329,18267948,250277427,35980427,35980427,330447,765,0,0
C027772,2306773,27681276,1127916,13534992,27312024,35772093,31942766,354313,730,0,0
C027773,5729432,68753184,3684610,44215320,63727819,26588358,21092796,489195,784,0,0
C027774,2105926,25271112,1190239,14282868,115533256,22807953,21362903,219594,784,0,1
C027775,4370224,52442688,2086502,25038024,218357592,51359141,40276698,528047,790,0,0
C027776,4860708,58328496,3094618,37135416,191181685,69121796,39959236,518335,784,0,0
C027777,3374629,40495548,1818992,21827904,125784887,116735802,91000818,930061,654,0,0
C027778,6436771,77241252,4194872,50338464,150087802,83062888,38590963,794749,838,0,0
C027779,4389196,52670352,2548554,30582648,106484393,130581584,112883979,862970,676,0,0
C027780,1800000,21600000,721352,8656224,106235515,26491403,20503719,94996,875,0,0
C027781,1879459,22553508,1114211,13370532,212032687,33071998,33071998,135683,840,0,0
C027782,7249318,86991816,6220182,74642184,383599647,54639931,40092641,603550,695,0,0
C027783,2445557,29346684,1195080,14340960,76324370,33232203,28391946,316020,807,0,0
C027784,8430126,101161512,6148668,73784016,921010322,32228285,18570519,711372,766,0,0
C027785,3756271,45075252,1493594,17923128,631053528,46337362,34396592,286861,747,0,0
C027786,3257031,39084372,2944529,35334348,237159440,29280702,26613305,346485,648,1,1
C027787,4327966,51935592,2577693,30932316,180348788,20061771,12702356,345443,794,0,0
C027788,4672304,56067648,2755984,33071808,148753714,19053638,10782053,146469,836,0,0
C027789,2078303,24939636,817448,9809376,63084128,30668786,24837193,269405,742,0,0
C027790,3039947,36479364,1805546,21666552,220595323,58295749,49292598,351182,868,0,0
C027791,5224269,62691228,4478680,53744160,465035072,62342935,41822781,533606,698,2,0
C027792,3854930,46259160,2840098,34081176,83551112,78803381,74125297,794821,651,2,1
C027793,2605538,31266456,1437503,17250036,31351388,20468388,20468388,274572,727,0,0
C027794,2988396,35860752,1962265,23547180,43749914,30570986,20779765,96996,877,0,0
C027795,2237657,26851884,923913,11086956,246166277,37327468,29397745,351745,824,0,0
C027796,1898157,22777884,1078064,12936768,60674357,17034531,10167788,181876,805,0,0
C027797,2194274,26331288,999494,11993928,338848481,37989021,28639619,50000,803,0,0
C027798,4272911,51274932,2774818,33297816,144289734,41158249,18190236,386316,754,0,0
C027799,5734428,68813136,3829839,45958068,963383904,76479743,75842794,783786,868,0,0
C027800,3910796,46929552,2565105,30781260,181221026,20482339,20482339,255658,808,0,0
C027801,1800000,21600000,911879,10942548,33776701,21701203,16055454,288221,769,0,0
C027802,4490034,53880408,2720702,32648424,237655412,21377765,21377765,334069,789,0,0
C027803,4051816,48621792,2897657,34771884,200887978,33862093,33862093,138846,824,0,0
C027804,2786540,33438480,1802979,21635748,158386103,34530264,25119623,164730,734,1,0
C027805,2628990,31547880,1402198,16826376,95015619,24382184,11484071,52580,930,0,0
C027806,7271909,87262908,2730110,32761320,352574629,179414884,122912152,715031,705,0,0
C027807,7333542,88002504,4451645,53419740,73501750,173581713,154426981,1519130,850,0,0
C027808,2296926,27563112,1025737,12308844,50907101,18400699,18400699,287712,860,0,0
C027809,2875970,34511640,848896,10186752,302005098,37254876,23352446,119289,832,0,0
C027810,4010151,48121812,1604924,19259088,197885024,35746249,35746249,346749,736,0,0
C027811,2749813,32997756,1449604,17395248,125139315,12065447,5270644,190203,787,0,0
C027812,4709946,56519352,2843068,34116816,415257639,115469378,82351087,878199,610,4,0
C027813,1800000,21600000,773987,9287844,134634276,7015469,7015469,65933,810,0,0
C027814,5046583,60558996,3638062,43656744,302268905,31299872,11114955,611698,654,1,0
C027815,1800000,21600000,983597,11803164,71037292,36504248,21956923,213500,788,0,0
C027816,4340946,52091352,2275132,27301584,253363919,18947546,14849718,126524,777,0,0
C027817,3291313,39495756,972329,11667948,153466771,30359197,27965860,220558,806,0,0
C027818,4063087,48757044,2086057,25032684,450466388,52557491,27481904,595663,743,0,0
C027819,5270232,63242784,3679941,44159292,566990818,62257383,41748684,316824,712,0,0
C027820,5724172,68690064,3183937,38207244,752787188,38679288,22002830,378698,790,0,0
C027821,3197661,38371932,1581749,18980988,38214387,36194575,24975138,100608,696,0,0
C027822,4514501,54174012,2795167,33542004,331626549,71998404,67722168,457251,759,0,1
C027823,2065528,24786336,1763136,21157632,87621601,12058477,9838530,110512,878,0,0
C027824,2221102,26653224,1823351,21880212,31080315,49023898,43326951,259267,735,0,0
C027825,2621291,31455492,1977013,23724156,69608272,13183843,13183843,320413,825,0,0
C027826,3492599,41911188,1970124,23641488,62997641,73308085,56748214,434065,751,0,0
C027827,5160503,61926036,4641694,55700328,65555939,89409652,58852609,814177,717,0,0
C027828,5581964,66983568,3840473,46085676,211877351,139165101,121359792,1213936,674,0,0
C027829,1800000,21600000,991841,11902092,92953405,51672992,48024679,403216,895,0,0
C027830,4178480,50141760,3113538,37362456,198074148,196600172,186221684,1437607,650,0,0
C027831,2259573,27114876,1517287,18207444,140976840,22848410,16743072,264879,766,0,0
C027832,3855763,46269156,2318873,27826476,62700903,24282379,15949176,458681,741,0,0
C027833,4994126,59929512,3698830,44385960,52566008,48277751,33808301,446074,744,0,0
C027834,4290776,51489312,3167165,38005980,126066224,100091402,90830872,574099,757,0,0
C027835,6464923,77579076,3255235,39062820,126608798,141109435,124574500,857026,804,0,0
C027836,2865317,34383804,1494419,17933028,316892147,65383078,57632077,408318,718,0,0
C027837,11161362,133936344,9483184,113798208,329196777,194146351,165940802,1364183,644,0,0
C027838,4008446,48101352,3237740,38852880,136443047,103643392,98734220,978993,676,0,1
C027839,3121742,37460904,2383794,28605528,524452656,44220499,30984172,296080,644,0,0
C027840,4691652,56299824,3453754,41445048,148609433,93731241,68354795,415444,777,0,0
C027841,4155943,49871316,3026458,36317496,367774989,24321749,7426274,241062,860,0,0
C027842,5404542,64854504,2948640,35383680,345189831,140872025,105573920,668838,802,0,0
C027843,3580488,42965856,2868562,34422744,201808243,59634296,35536731,392058,761,0,0
C027844,1800000,21600000,895232,10742784,57639132,11494890,3774646,50000,797,0,0
C027845,3666200,43994400,2266050,27192600,109028009,49932296,32152936,212195,874,0,0
C027846,3273078,39276936,2126982,25523784,129999010,17576540,17576540,461967,756,0,0
C027847,2908285,34899420,1443767,17325204,219720954,68559111,58310998,397894,807,0,0
C027848,2846445,34157340,2020910,24250920,160757810,34640641,34640641,406700,846,0,0
C027849,7805056,93660672,3857180,46286160,189708172,130785928,95668480,838351,799,0,0
C027850,5914262,70971144,3807898,45694776,387649512,111248562,96268921,511728,850,0,0
C027851,2365679,28388148,798550,9582600,94335778,11701744,11701744,50000,914,0,0
C027852,5338042,64056504,3413665,40963980,67358384,38088046,35126878,490311,795,0,0
C027853,4028048,48336576,2218690,26624280,131944691,42679265,31189948,263758,730,0,0
C027854,4297040,51564480,2525269,30303228,28392124,51614743,34010487,148363,674,0,0
C027855,1800000,21600000,1435484,17225808,62164345,62564063,56547335,454602,689,0,0
C027856,2129898,25558776,1658245,19898940,88429446,10429233,10429233,66117,745,0,0
C027857,4146329,49755948,3164936,37979232,111931013,21273755,21273755,495512,745,0,0
C027858,3265592,39187104,2219774,26637288,183570271,54929380,39714063,171100,807,0,0
C027859,7814934,93779208,5031071,60372852,105658278,85125086,32099061,939251,701,0,1
C027860,4236969,50843628,2471136,29653632,358860297,52286494,39145849,638942,775,0,0
C027861,4635736,55628832,2342643,28111716,69670893,64244908,35282861,213441,759,0,0
C027862,3304912,39658944,2185198,26222376,79758168,23091857,10152660,193866,777,0,0
C027863,3624196,43490352,2746237,32954844,466889963,42875443,27647216,391963,749,0,0
C027864,2702122,32425464,1487911,17854932,183534611,22441587,13372560,139850,789,0,0
C027865,3637315,43647780,2432499,29189988,80626427,27141220,19837863,232236,763,0,0
C027866,6405914,76870968,4125152,49501824,330535507,52299224,36172939,382098,775,0,0
C027867,2703922,32447064,2104635,25255620,147154535,30154163,17206584,198639,833,0,0
C027868,1800000,21600000,839989,10079868,175511809,29300801,25837096,234750,775,0,0
C027869,4677187,56126244,3266091,39193092,388227511,49918152,41454372,696732,729,0,0
C027870,10375871,124510452,7550378,90604536,286323138,92565159,92565159,207517,769,0,0
C027871,4528036,54336432,1704521,20454252,218215176,80177933,41421242,613997,743,0,0
C027872,3450732,41408784,1965301,23583612,108430452,40094384,24960057,357966,833,0,0
C027873,7446964,89363568,4415843,52990116,293470296,151413712,108816345,1049667,722,0,0
C027874,4768261,57219132,3139998,37679976,109928047,55888849,44942590,396662,799,0,0
C027875,6690064,80280768,4226534,50718408,340034263,108334833,93228360,844758,805,0,0
C027876,5102677,61232124,2015054,24180648,267106944,68789710,39225552,458954,824,0,0
C027877,4989604,59875248,2497434,29969208,777611541,94151026,72842796,853665,790,0,0
C027878,6547048,78564576,2957200,35486400,235293751,41813361,41813361,130941,808,0,0
C027879,4305589,51667068,1659287,19911444,64928077,22311618,11633086,88079,829,0,0
C027880,6064312,72771744,2743260,32919120,441135727,89688486,62808253,550919,796,0,0
C027881,10027177,120326124,6054380,72652560,1684565736,163204434,135297363,1345080,826,0,0
C027882,4413227,52958724,2536842,30442104,139865265,24113984,21499052,88265,744,0,0
C027883,2007302,24087624,1367094,16405128,68662781,4245538,4245538,265171,807,0,0
C027884,2936930,35243160,2078132,24937584,173648136,16188768,8332571,395406,794,0,0
C027885,3467266,41607192,2630192,31562304,329791455,88444789,75212647,805487,687,1,0
C027886,4256576,51078912,1883333,22599996,227419839,50314097,38643339,307803,692,0,0
C027887,5085501,61026012,2495902,29950824,276463754,281738285,274617054,1935257,663,0,1
C027888,4171185,50054220,1746018,20952216,459432568,74043570,49916343,692658,803,0,0
C027889,5479897,65758764,3099026,37188312,78851791,110092856,82211642,577972,795,0,0
C027890,3112701,37352412,1696650,20359800,138152898,47553575,47553575,430198,811,1,0
C027891,3477751,41733012,1381941,16583292,99563353,13543552,13543552,257971,834,0,0
C027892,2597153,31165836,1294493,15533916,48446768,24209630,15529722,157241,892,1,0
C027893,3586899,43042788,1634280,19611360,119417013,27091903,13072427,75170,783,1,0
C027894,3038768,36465216,1590043,19080516,213671382,42823276,34394378,227798,871,0,0
C027895,4951124,59413488,2105815,25269780,383691458,130793817,107562579,991701,757,0,0
C027896,4006398,48076776,1691444,20297328,252038359,30216153,30216153,531070,800,0,0
C027897,3050241,36602892,2220487,26645844,69885381,23150818,23150818,390856,800,0,0
C027898,7240129,86881548,2297523,27570276,357454970,137936928,116702758,1335249,808,1,0
C027899,4157010,49884120,1984122,23809464,132096086,84732950,78997093,885384,815,0,0
C027900,2132605,25591260,1315245,15782940,215298232,35876985,35876985,408553,771,0,1
C027901,2910544,34926528,1587791,19053492,86087070,44633598,39164400,480569,823,0,0
C027902,4913821,58965852,2654110,31849320,587396502,45061463,36026341,468447,923,0,0
C027903,2656420,31877040,2283051,27396612,60848562,66277770,62982062,551592,525,3,1
C027904,2651632,31819584,1618334,19420008,261617503,30322458,27041296,272782,855,0,0
C027905,3839674,46076088,2337206,28046472,165296379,52337742,20038093,264950,780,0,0
C027906,3980991,47771892,2897439,34769268,281136508,98202663,87875335,782765,739,1,1
C027907,5369759,64437108,3595621,43147452,187895592,52334108,42362752,251140,771,0,0
C027908,4081038,48972456,2388234,28658808,53531581,45145516,35183961,207568,805,0,0
C027909,7507595,90091140,4584928,55019136,451519955,226645332,187052056,1247806,719,0,0
C027910,2512152,30145824,1531865,18382380,70284245,16370137,16370137,167889,886,0,0
C027911,4537030,54444360,1224504,14694048,230662026,26539480,24004437,367747,826,0,0
C027912,2955782,35469384,2228809,26745708,143935800,23208940,12221959,260282,737,1,1
C027913,2723105,32677260,1696410,20356920,101748012,52146558,40555356,253581,827,0,0
C027914,11376503,136518036,7216782,86601384,252234802,46109200,19264188,705828,776,0,0
C027915,2182965,26195580,1317814,15813768,79860878,16235749,5171131,97082,780,0,0
C027916,6443071,77316852,3827082,45924984,472852086,64214898,61242054,138718,801,0,0
C027917,4234760,50817120,2230505,26766060,147256331,85712580,68714189,363971,681,0,0
C027918,3230023,38760276,1894228,22730736,90045654,67754821,65026273,586174,713,0,0
C027919,3930862,47170344,1893322,22719864,152982667,75586731,66733487,605537,824,0,0
C027920,3672679,44072148,2468792,29625504,164333152,43222135,16522805,358999,824,0,0
C027921,3334038,40008456,1697203,20366436,148126635,44687418,35525773,469285,681,0,0
C027922,3532543,42390516,1979828,23757936,72441039,26427493,14632861,114321,747,0,0
C027923,3068743,36824916,1703891,20446692,67254935,6764717,6764717,61375,741,0,0
C027924,3179759,38157108,1551853,18622236,229620056,70846926,55172061,481119,763,1,1
C027925,2174940,26099280,943177,11318124,99183188,18018455,17384951,194426,819,0,0
C027926,3397214,40766568,1574815,18897780,81781273,32531754,32531754,399366,867,0,0
C027927,5314237,63770844,2280281,27363372,130015409,76567174,47909419,682637,789,0,0
C027928,1800000,21600000,934352,11212224,26910877,15756700,13768838,269498,755,0,0
C027929,3698024,44376288,2234299,26811588,193852983,56826891,27409174,289331,800,1,0
C027930,6668021,80016252,4630528,55566336,282686562,59150557,41524524,486008,764,0,0
C027931,2385714,28628568,1091302,13095624,276950781,22913388,17672789,311607,813,0,0
C027932,3982627,47791524,2279661,27355932,268993643,161669631,161669631,1310345,724,0,0
C027933,2433523,29202276,1781951,21383412,67137383,12516772,12516772,226347,785,1,0
C027934,4957279,59487348,2766100,33193200,335402099,84892731,54992195,522014,755,0,1
C027935,5226243,62714916,2944251,35331012,191510053,88033904,84369648,695469,828,0,0
C027936,4291889,51502668,2693694,32324328,164109803,59872607,29027181,344322,831,0,0
C027937,4439617,53275404,2631377,31576524,197656551,6247050,6247050,162977,780,0,0
C027938,2899818,34797816,1884514,22614168,97363991,29577809,26234641,176934,776,0,1
C027939,3224188,38690256,2432489,29189868,111527774,48262915,39325188,494391,793,0,0
C027940,2800784,33609408,1615979,19391748,251272779,47734915,47734915,281203,781,0,0
C027941,3640824,43689888,1475064,17700768,48771738,42831312,23748411,220284,762,0,0
C027942,4201680,50420160,2488220,29858640,51251540,42239299,27578995,263562,815,0,0
C027943,4018202,48218424,1372942,16475304,158622767,21332093,20821851,308056,778,0,0
C027944,2099256,25191072,1475264,17703168,78752698,49515327,47175211,525094,738,0,0
C027945,2532680,30392160,864411,10372932,117261870,11661959,5663704,189333,883,0,0
C027946,6472652,77671824,3316770,39801240,243991330,28729473,28729473,850600,771,0,0
C027947,3878876,46546512,1720536,20646432,472380966,94522641,91781689,648107,695,1,0
C027948,4941505,59298060,2941152,35293824,188758512,45558445,35316730,232013,833,0,0
C027949,2323154,27877848,1232713,14792556,113955099,24234970,9251191,50803,763,0,0
C027950,4211395,50536740,2125947,25511364,332314949,119351871,90039452,731488,747,0,0
C027951,5893252,70719024,2980833,35769996,518437657,126663309,99118687,1191560,741,0,0
C027952,2703083,32436996,1540067,18480804,136585024,52321547,36332967,372876,782,0,0
C027953,2176136,26113632,1544725,18536700,365590848,12872491,10606573,111529,813,0,0
C027954,1800000,21600000,893481,10721772,54849987,29411219,29411219,352544,737,0,1
C027955,1800000,21600000,964669,11576028,106896244,34144591,21935148,168837,753,0,0
C027956,3198515,38382180,1390120,16681440,132451362,29305478,28564267,291192,748,0,1
C027957,6028784,72345408,2296561,27558732,48032572,61758533,42837629,864151,719,0,0
C027958,5485101,65821212,4656978,55883736,325490536,189624655,171965756,1238521,644,1,1
C027959,4590919,55091028,2572378,30868536,184744360,35103589,24633252,356595,813,0,0
C027960,1800000,21600000,1405217,16862604,160879949,27033012,20216437,130701,754,0,0
C027961,3405012,40860144,2270713,27248556,279193217,63184331,63184331,715756,755,0,0
C027962,1800000,21600000,1640248,19682976,42029182,9611506,8102359,135394,783,0,0
C027963,2379606,28555272,1528038,18336456,59568747,25257205,15621795,96902,829,0,0
C027964,5898574,70782888,3888027,46656324,299827865,124929593,84856825,288319,788,0,0
C027965,4629576,55554912,2290849,27490188,319978941,48076250,38456718,548651,828,0,0
C027966,3771947,45263364,3098979,37187748,316265936,23509068,17384009,514932,761,0,0
C027967,3934335,47212020,2739744,32876928,109796377,15434392,9695704,222973,858,0,0
C027968,3891255,46695060,1560610,18727320,69506560,55780251,40421092,552741,865,0,0
C027969,3789020,45468240,2664854,31978248,530986200,47851704,46967045,356582,690,0,0
C027970,3814470,45773640,2182959,26195508,447100031,46485390,23435171,437463,841,0,0
C027971,3372705,40472460,1577656,18931872,26428052,44724844,37115778,171011,827,0,0
C027972,2986706,35840472,1461614,17539368,35589097,55466640,55466640,278316,766,0,0
C027973,2874286,34491432,1101092,13213104,84455848,13096493,13096493,235441,860,0,0
C027974,2122162,25465944,530541,6366492,76901855,24193476,21835029,239207,763,0,0
C027975,5665714,67988568,3324596,39895152,404893192,63762706,42390362,625816,793,0,0
C027976,4280020,51360240,2747202,32966424,289509313,147802123,140350124,1134533,819,0,1
C027977,3102532,37230384,1990761,23889132,219189880,18953431,18953431,252101,787,0,0
C027978,2087042,25044504,543157,6517884,339123469,23943541,20631359,212732,884,0,0
C027979,3499795,41997540,2492365,29908380,355523389,60576531,47932221,347993,637,1,0
C027980,5821144,69853728,3412292,40947504,229778518,167409086,167409086,1129853,833,0,0
C027981,2830420,33965040,944452,11333424,171875683,69377836,43216716,162512,819,1,0
C027982,8506140,102073680,2126535,25518420,298371341,78463903,70278231,522148,770,0,0
C027983,6618922,79427064,5576583,66918996,428235259,30620884,30620884,267573,698,0,0
C027984,3575351,42904212,1779665,21355980,227326513,60113143,44231921,259880,885,0,0
C027985,1882821,22593852,807603,9691236,91492474,31083832,25637016,206846,823,0,0
C027986,5402849,64834188,3031740,36380880,170586834,67048529,43937785,642271,852,0,0
C027987,4377258,52527096,3069758,36837096,224426504,63301945,51358616,597122,816,0,0
C027988,3648891,43786692,2294945,27539340,529957710,75809349,62096240,660777,753,0,0
C027989,4075227,48902724,1655281,19863372,292341602,224116493,220062258,1014086,719,0,0
C027990,3350674,40208088,1668161,20017932,161777988,20701556,13161372,250165,778,0,0
C027991,1800000,21600000,836957,10043484,158299325,22137242,14194607,133289,787,0,1
C027992,7057206,84686472,3022120,36265440,71397627,48379563,44154016,519512,839,0,0
C027993,3570944,42851328,2537812,30453744,135434705,68278078,55089856,493155,814,0,0
C027994,3994600,47935200,3494703,41936436,305314362,70328982,56858781,452400,796,0,0
C027995,1800000,21600000,978024,11736288,61173616,20574815,17078021,219077,714,0,0
C027996,5609785,67317420,3375902,40510824,97316843,78086875,49458861,681632,765,0,0
C027997,3579154,42949848,1332751,15993012,261449931,21849860,21849860,225135,855,0,0
C027998,2182550,26190600,1326484,15917808,165363396,36371837,23946654,332747,743,0,0
C027999,3920926,47051112,2533041,30396492,172892366,137136068,114669957,788832,651,1,1
C028000,4345941,52151292,2270825,27249900,315921788,198677401,198677401,1332647,698,0,1
C028001,2466174,29594088,1991822,23901864,132020633,23204187,10085872,50000,783,0,0
C028002,4109959,49319508,2925621,35107452,342889471,57810368,57810368,288046,776,0,0
C028003,2797425,33569100,1023015,12276180,43182457,27893604,13439161,245005,815,0,0
C028004,6838443,82061316,3315376,39784512,336827565,107389966,71197072,703412,858,0,0
C028005,3037501,36450012,2122405,25468860,117732311,31887008,29316119,335855,735,0,0
C028006,3377807,40533684,1659166,19909992,198322807,37911401,31177110,502706,865,0,0
C028007,5834776,70017312,3332045,39984540,180811099,61093338,41557191,431367,880,0,0
C028008,3053014,36636168,1947074,23364888,163601694,30365361,20228853,230918,808,0,0
C028009,4605242,55262904,2551264,30615168,166537187,66092559,50496552,528408,759,0,1
C028010,3905881,46870572,2518745,30224940,46974545,178912117,169052546,950123,783,0,0
C028011,3435282,41223384,1670909,20050908,122385800,121910670,100811514,808703,767,0,0
C028012,3223477,38681724,3037489,36449868,224831394,17687248,13967518,64470,689,0,1
C028013,2768793,33225516,1719340,20632080,465157224,25257713,25257713,392086,728,0,0
C028014,4328410,51940920,1805297,21663564,727172880,62380056,43063272,464914,813,1,0
C028015,4143478,49721736,2678774,32145288,118578461,68377643,56827717,624878,729,0,0
C028016,3777113,45325356,2802922,33635064,231404414,25825228,17243922,270667,778,0,0
C028017,2588591,31063092,1628531,19542372,172524768,27314374,18556542,311479,811,0,0
C028018,5388884,64666608,3874703,46496436,110822010,19324996,16120573,366569,743,0,0
C028019,3287479,39449748,1550971,18611652,244909153,33626373,29743635,197063,861,0,0
C028020,2764693,33176316,1138877,13666524,72470063,41832366,32889361,230381,840,0,0
C028021,3566538,42798456,3345033,40140396,388948075,84526876,75895336,613466,762,0,1
C028022,3838836,46066032,1936858,23242296,316890463,32700490,32700490,308083,862,0,0
C028023,7260827,87129924,3171910,38062920,394437751,101078043,74945845,1021631,909,0,0
C028024,2221342,26656104,1071990,12863880,91056561,21371299,17666298,210522,713,0,0
C028025,3152452,37829424,1309059,15708708,309194392,14889413,14889413,154249,792,0,0
C028026,1991778,23901336,992429,11909148,10240469,32066513,23480241,340855,760,0,0
C028027,8807478,105689736,5178286,62139432,205347497,97332704,76118907,789029,823,0,0
C028028,2709165,32509980,2008225,24098700,445150728,24760099,19643622,215091,681,0,0
C028029,2142502,25710024,1338731,16064772,33360075,30141143,29420440,255400,786,0,0
C028030,4907844,58894128,2720261,32643132,332723676,34308844,28978981,584090,729,0,1
C028031,3278939,39347268,1583869,19006428,550861752,40323696,34588490,287994,813,0,0
C028032,2670614,32047368,2125493,25505916,51716701,22435246,22435246,173292,890,0,0
C028033,3042859,36514308,1915275,22983300,176334972,26909246,26909246,250224,860,0,0
C028034,2779025,33348300,1548477,18581724,47947406,24500672,11390260,109938,770,0,0
C028035,3973082,47676984,2524011,30288132,200943881,69366253,58230090,372342,855,0,0
C028036,3269125,39229500,1319059,15828708,66046560,25833890,25833890,572318,787,0,0
C028037,6732324,80787888,3598474,43181688,113015141,106328407,78515703,795085,868,0,0
C028038,6270792,75249504,3465583,41586996,135871683,109474775,109474775,890992,771,0,0
C028039,4937685,59252220,2202189,26426268,36459287,66718119,59129028,723817,656,1,0
C028040,3735610,44827320,933903,11206836,35757825,25689870,13930766,314577,752,0,0
C028041,4692432,56309184,1974495,23693940,229301100,71920337,57319315,388426,832,0,0
C028042,1800000,21600000,1044940,12539280,20045359,32341667,29442252,313268,843,0,0
C028043,1800000,21600000,961599,11539188,73870547,21102124,14541181,211127,791,0,0
C028044,7544205,90530460,5185806,62229672,49302274,58176099,46814572,488675,817,1,0
C028045,2669529,32034348,1846233,22154796,74755318,29200757,17168286,334895,727,0,0
C028046,1800000,21600000,966284,11595408,35678614,44330895,35901641,276255,733,0,1
C028047,4164168,49970016,2418516,29022192,74217095,28269011,28269011,258158,828,0,0
C028048,3910140,46921680,2456413,29476956,49084828,52652087,44174601,514986,870,0,0
C028049,4891676,58700112,1964558,23574696,512519652,104975023,104975023,653126,805,0,0
C028050,4281595,51379140,3071772,36861264,271189900,65249123,44896686,506275,629,0,1
C028051,6862725,82352700,3858222,46298664,318250934,81212653,47420491,445950,842,0,0
C028052,5870720,70448640,2756933,33083196,232572051,78612197,48991202,501748,819,0,0
C028053,2895415,34744980,2482123,29785476,85573398,21224958,19720746,519837,712,1,0
C028054,2144582,25734984,1275480,15305760,338557665,18006860,6712031,69428,799,0,0
C028055,2732104,32785248,1486629,17839548,85807022,28508786,17445749,127190,786,0,0
C028056,6787734,81452808,2866565,34398780,75467456,97310891,75477471,1053928,731,0,0
C028057,8205794,98469528,5449504,65394048,484227377,123531996,97582288,1556970,720,0,0
C028058,4091781,49101372,2760733,33128796,92711866,55803088,36816276,528829,735,0,0
C028059,6639629,79675548,4403588,52843056,286834983,107626467,73218477,563249,776,0,0
C028060,4217358,50608296,3545246,42542952,296680510,64395681,40578717,182448,830,0,0
C028061,4407096,52885152,2609407,31312884,300973967,154486579,146954847,1229425,738,0,0
C028062,4078024,48936288,2968069,35616828,98165504,40638175,28051466,295428,855,0,0
C028063,4626018,55512216,2239948,26879376,167438385,48064466,31491494,189279,749,1,1
C028064,2816259,33795108,2074000,24888000,76326483,36792541,36792541,305116,803,0,0
C028065,5400022,64800264,2957426,35489112,47699946,81459370,39768654,730208,743,0,0
C028066,4827672,57932064,3098252,37179024,214038991,98851552,80859644,406700,797,0,0
C028067,6170587,74047044,4999877,59998524,675187967,62287643,45409790,363710,743,0,0
C028068,5159970,61919640,2774497,33293964,239977106,63056378,49381282,602290,765,0,0
C028069,6107187,73286244,4095124,49141488,208468826,124760841,93846476,760937,751,0,0
C028070,10935749,131228988,4572719,54872628,732095734,281331403,244963053,1964108,759,0,0
C028071,4144544,49734528,3668330,44019960,203272206,21450645,21450645,105389,741,0,0
C028072,4376385,52516620,3353836,40246032,73175215,73047499,57063525,785257,651,1,1
C028073,3590808,43089696,1992990,23915880,55676396,38516592,36347812,475911,782,0,0
C028074,1800000,21600000,1111402,13336824,40302321,20724860,12495587,96006,760,0,0
C028075,6490123,77881476,4325688,51908256,419077094,112036584,105808259,1101133,738,1,0
C028076,3998444,47981328,3083857,37006284,195032922,56191008,23431904,79969,727,0,0
C028077,3552870,42634440,2025118,24301416,292893521,18055466,10543729,241828,824,0,0
C028078,2758017,33096204,1597245,19166940,276760548,34652240,34315752,366324,817,0,0
C028079,3852208,46226496,1727187,20726244,281996020,14500306,9451499,77044,878,0,0
C028080,3960665,47527980,2441270,29295240,149279524,62940613,56579578,596311,657,1,0
C028081,4644521,55734252,2831078,33972936,500334493,35215168,26794753,584388,832,0,0
C028082,1800000,21600000,1195102,14341224,128421500,27541403,27541403,191988,808,0,0
C028083,5239335,62872020,4089025,49068300,150071279,54315152,33711592,266736,774,0,0
C028084,5205697,62468364,3915206,46982472,114585971,71516607,68910278,576724,787,0,0
C028085,5888720,70664640,2710668,32528016,498736838,116902471,87825526,1011624,800,0,0
C028086,3578270,42939240,2099739,25196868,45319483,24948062,18029921,367727,702,1,0
C028087,2531683,30380196,1821575,21858900,24239372,40432905,40432905,475280,659,1,1
C028088,3361489,40337868,1381060,16572720,365455063,39956302,17649450,363972,778,0,0
C028089,2762967,33155604,1752897,21034764,464178456,26091033,26091033,169429,843,0,0
C028090,5280318,63363816,4990968,59891616,230308583,72115308,35438026,607409,728,0,0
C028091,4115175,49382100,2197696,26372352,69286294,38820627,19693520,756220,724,1,0
C028092,4732302,56787624,2630594,31567128,92415999,30815491,12924988,94646,722,0,0
C028093,3258611,39103332,2197383,26368596,401046545,55111928,52807163,335007,737,0,0
C028094,2651640,31819680,1448167,17378004,108945731,10185662,10185662,152032,790,0,0
C028095,2481392,29776704,1149798,13797576,127143071,15596986,5910500,90483,823,0,0
C028096,2508332,30099984,1300705,15608460,10233428,24109538,8886280,304050,805,0,0
C028097,6252690,75032280,4246924,50963088,131517657,68522803,55204526,412633,707,0,0
C028098,2910028,34920336,1254765,15057180,41349062,25917766,25917766,290847,818,0,0
C028099,4006116,48073392,2049477,24593724,281679239,46089511,46089511,427145,873,0,0
C028100,2084797,25017564,853431,10241172,62462623,27863669,12697115,163650,828,0,0
C028101,3856532,46278384,1781962,21383544,67283155,22948012,22948012,171535,812,0,0
C028102,5354122,64249464,3181659,38179908,209058017,25063533,18939097,360959,877,1,0
C028103,9369644,112435728,7509702,90116424,471807417,178100902,129073199,1096583,680,1,0
C028104,8779988,105359856,5159607,61915284,890021190,133013231,97688462,765285,818,0,0
C028105,3604618,43255416,1227468,14729616,142477258,29507018,18138870,112034,761,0,0
C028106,5089497,61073964,2492651,29911812,344572419,100767569,70517554,902093,922,0,0
C028107,2340506,28086072,2069073,24828876,224614526,30688991,23431890,269121,741,0,0
C028108,3373028,40476336,1618616,19423392,121062704,32991357,21188196,384332,817,0,0
C028109,1800000,21600000,1437632,17251584,44441935,22938759,14322633,80376,791,0,0
C028110,3497157,41965884,1703358,20440296,181918414,24978790,24978790,268362,845,1,0
C028111,3580813,42969756,2200885,26410620,110415713,39859492,39859492,340254,834,0,0
C028112,4816724,57800688,3021648,36259776,342018619,96850751,71801893,394025,806,0,0
C028113,1983684,23804208,1354542,16254504,29345576,12980301,9644491,109538,719,0,0
C028114,4038535,48462420,2395330,28743960,97654550,33480437,33480437,303965,805,0,0
C028115,4881589,58579068,2143212,25718544,88209555,47373372,25086789,288294,788,0,0
C028116,5871884,70462608,4360765,52329180,664623649,49212186,23465794,278707,814,0,0
C028117,3989076,47868912,2351720,28220640,229435641,35773030,29771742,713739,800,0,0
C028118,3383829,40605948,1868168,22418016,232690739,77451457,55409706,474827,643,0,0
C028119,4158584,49903008,2535887,30430644,698642112,43705684,41927757,553557,782,0,1
C028120,5487100,65845200,4240760,50889120,342902914,85418352,43175829,642164,780,0,0
C028121,1800000,21600000,1152611,13831332,127499028,31085261,23809333,247465,819,0,0
C028122,5620058,67440696,4267452,51209424,234506296,64624726,49764759,424733,722,0,0
C028123,8526632,102319584,4826752,57921024,263791370,181481835,85659174,304069,794,0,0
C028124,3914435,46973220,2216634,26599608,139486944,42565803,40717891,507010,712,0,0
C028125,2600269,31203228,1332753,15993036,153716990,14734854,12403014,58535,803,0,0
C028126,4603455,55241460,2771407,33256884,297988883,88569913,59203493,659046,736,2,0
C028127,4850766,58209192,3101176,37214112,283018129,85435261,66869906,276311,765,0,0
C028128,2695338,32344056,1935510,23226120,239353807,68635745,48504931,558762,670,0,1
C028129,2521495,30257940,1930631,23167572,136199352,22815748,21049262,438193,763,1,0
C028130,3359206,40310472,1862136,22345632,232938071,73583954,66651612,919813,689,1,0
C028131,5032283,60387396,2534312,30411744,61772715,48387647,25423274,210884,840,0,0
C028132,2538106,30457272,1178393,14140716,193951039,35488096,27563651,289164,813,1,0
C028133,5186147,62233764,3355542,40266504,454751473,30880165,30442718,456182,804,0,0
C028134,6113768,73365216,3174329,38091948,87363032,75112124,33836444,642958,828,0,0
C028135,4987099,59845188,2771353,33256236,317617129,53804531,40818183,685298,704,0,0
C028136,2486719,29840628,1414230,16970760,66389962,36019579,34609168,272818,786,0,0
C028137,4149594,49795128,2003171,24038052,277398710,66926840,41577736,399302,784,0,0
C028138,2891202,34694424,1447541,17370492,485721936,60637147,55362718,512675,782,0,0
C028139,2146256,25755072,1531725,18380700,40753652,33272698,31784789,195701,743,0,0
C028140,2379332,28551984,1203385,14440620,233820195,8025393,8025393,138837,808,0,0
C028141,3611024,43332288,1513205,18158460,72761273,31093101,20265236,332894,804,0,0
C028142,3987038,47844456,1606637,19279644,669822384,27182284,27182284,79741,868,0,0
C028143,2656345,31876140,1220088,14641056,280999386,11074046,8680200,317048,859,1,0
C028144,4639549,55674588,2671792,32061504,173653140,59122381,46566504,423050,863,0,0
C028145,5962747,71552964,3329614,39955368,368430081,125050326,77864892,710152,661,0,0
C028146,3244036,38928432,1647486,19769832,234394234,37873571,24352109,161599,711,0,0
C028147,3799855,45598260,1713787,20565444,145015610,65880354,52755933,487410,847,0,0
C028148,3628537,43542444,2629026,31548312,159618911,13843195,5486010,148559,849,1,0
C028149,2319452,27833424,1417859,17014308,237479882,17402335,12409234,167626,868,1,0
C028150,1930716,23168592,1506782,18081384,87486872,37915692,31334283,383443,571,4,0
C028151,4013946,48167352,2174376,26092512,154926141,49881461,29784203,277166,769,0,0
C028152,3114552,37374624,1887522,22650264,110409412,29929435,10467692,160662,801,0,0
C028153,5950142,71401704,2102229,25226748,821049378,81061230,68730100,466937,848,0,0
C028154,5709992,68519904,2182884,26194608,250026002,49791519,38206632,414756,806,0,0
C028155,2479310,29751720,1293350,15520200,27021625,61800332,59826833,232543,766,1,0
C028156,2959976,35519712,2097404,25168848,160785521,29055190,29055190,77281,812,0,0
C028157,3090656,37087872,1060115,12721380,62197707,33214928,19361251,316442,801,0,0
C028158,4682337,56188044,2715586,32587032,191614793,22368361,14504126,93647,795,0,0
C028159,3375683,40508196,1347657,16171884,68888180,65853384,53128166,515183,876,0,0
C028160,4025454,48305448,2337556,28050672,267741289,30254536,19040845,278210,696,1,0
C028161,6775135,81301620,5144713,61736556,468980336,103925816,57013907,439166,806,0,0
C028162,2986811,35841732,1933046,23196552,126646707,96443304,81679507,712017,725,0,1
C028163,4011231,48134772,2452693,29432316,238527514,48730453,29256089,247876,755,0,0
C028164,2886472,34637664,1468229,17618748,109405425,25746033,20560653,290762,908,0,0
C028165,3615505,43386060,1280967,15371604,122501411,26379398,14497057,253273,826,0,1
C028166,12000000,144000000,3000000,36000000,533585675,229406927,186299946,1731859,763,0,0
C028167,7113514,85362168,3128974,37547688,88657645,18560829,18560829,142270,878,0,0
C028168,6094215,73130580,3628756,43545072,917163660,78160028,41271431,617610,833,0,0
C028169,3617667,43412004,2109462,25313544,223731298,88583018,60108665,404020,718,0,0
C028170,5673000,68076000,4459858,53518296,169156588,90875651,81283275,578696,753,0,0
C028171,4166005,49992060,3596645,43159740,122862951,20920952,16405798,83320,749,0,0
C028172,2099952,25199424,1330554,15966648,48819313,51101026,45311249,466703,757,0,0
C028173,2977665,35731980,1589906,19078872,303617841,54862386,48231816,660261,675,0,1
C028174,4206573,50478876,1932656,23191872,110391636,36666249,24166522,310841,886,0,0
C028175,7480088,89761056,3521595,42259140,359118337,187923073,165671739,1504562,796,0,0
C028176,5203350,62440200,4353318,52239816,140889511,118817885,66112630,608586,674,0,0
C028177,3886122,46633464,1838076,22056912,137844452,65695252,61579484,565232,796,0,0
C028178,2542397,30508764,1532804,18393648,47882398,11055450,6530702,50848,865,0,0
C028179,3085031,37020372,1987597,23851164,44209833,26203187,26203187,162061,727,0,0
C028180,6066591,72799092,4083813,49005756,297516092,53834491,30625089,328772,817,0,0
C028181,7296859,87562308,4949786,59397432,130882356,83860656,51771995,718123,787,0,0
C028182,7443849,89326188,4942660,59311920,636804020,54971651,34673154,416103,785,0,0
C028183,2715703,32588436,2179991,26159892,186730226,20265824,10894780,292291,730,1,0
C028184,7357758,88293096,6249336,74992032,539651243,73083497,31433438,427163,778,0,0
C028185,5331101,63973212,3134093,37609116,119672359,61925284,45134237,106622,851,0,0
C028186,4085900,49030800,1994881,23938572,126843705,76544838,58690969,594143,717,0,0
C028187,8189450,98273400,3838750,46065000,1032879318,147518263,130133055,1552114,741,0,0
C028188,2215198,26582376,1568087,18817044,213913415,58774815,51153405,376347,732,0,0
C028189,11855192,142262304,7082041,84984492,427784871,174511533,131003687,1345365,826,0,0
C028190,3817606,45811272,1723449,20681388,129776559,35888378,26571888,242042,769,0,0
C028191,3657295,43887540,1531729,18380748,250054561,59640389,54394077,370623,788,0,0
C028192,5366873,64402476,2293306,27519672,158104984,116564422,88692242,1075004,761,0,0
C028193,2508459,30101508,848696,10184352,159192141,15880971,12004159,85503,794,0,0
C028194,4819999,57839988,3828013,45936156,114227440,161952999,124761845,1131030,625,2,1
C028195,4567880,54814560,2575618,30907416,767403840,116195421,94863289,684119,795,0,0
C028196,2781715,33380580,1323938,15887256,46117067,43629453,23785764,285191,749,2,0
C028197,2189966,26279592,924186,11090232,86138354,32939956,15134539,69743,859,0,0
C028198,2472726,29672712,1734585,20815020,151210133,14365128,7666637,183624,773,0,0
C028199,2488444,29861328,1850231,22202772,69597118,13450997,13450997,238175,697,1,0
C028200,8675259,104103108,5110121,61321452,289435691,75225305,46707648,648993,739,0,0
C028201,3592514,43110168,1589354,19072248,409174182,95068138,95068138,675343,818,0,0
C028202,2718974,32627688,1930195,23162340,84676869,63717645,47606124,554456,719,0,0
C028203,4065369,48784428,1331580,15978960,208657729,21912713,20666958,260357,743,0,0
C028204,12000000,144000000,9597255,115167060,636535481,145870720,145870720,2393575,720,0,0
C028205,2959619,35515428,1834809,22017708,103564446,112882489,100803236,523421,798,0,0
C028206,3096799,37161588,1443529,17322348,116179369,15674716,13501997,77181,790,0,0
C028207,3429556,41154672,2561316,30735792,123382395,105647538,82502808,821817,658,1,1
C028208,4132554,49590648,3600248,43202976,31721994,40912528,20008138,404929,735,0,0
C028209,4996338,59956056,2644492,31733904,329620959,64597575,52815063,733201,723,1,0
C028210,4780167,57362004,2895542,34746504,276300251,153916935,125703711,786055,921,0,0
C028211,3863515,46362180,2316290,27795480,342350073,43934890,31274005,89364,799,0,0
C028212,6981481,83777772,4586973,55043676,323294163,15371992,15371992,662201,817,0,0
C028213,2634231,31610772,1287502,15450024,24108783,24404983,17576099,308502,701,1,1
C028214,5216678,62600136,3832630,45991560,876401904,53013287,35929523,349977,755,0,0
C028215,5719140,68629680,3912312,46947744,112893684,85276079,80959438,804771,753,0,0
C028216,6123810,73485720,1530953,18371436,231183226,41645725,41645725,234522,821,1,0
C028217,4381223,52574676,2665912,31990944,234616132,57622086,39957742,247446,800,0,0
C028218,2822563,33870756,2039582,24474984,169420658,32829838,24139600,349353,729,0,0
C028219,2724856,32698272,1565611,18787332,55160726,40318216,37223603,221355,813,0,0
C028220,2828174,33938088,1465152,17581824,21573892,70354117,59746166,343759,894,0,0
C028221,5490384,65884608,3443629,41323548,240980019,57343518,40708644,627076,769,0,0
C028222,7189421,86273052,3652539,43830468,100735959,64689018,46725671,1064392,781,0,0
C028223,2871790,34461480,1891246,22694952,53777670,58643035,49618097,586233,697,0,1
C028224,2724821,32697852,1346145,16153740,75277056,35441261,18348094,205136,769,0,0
C028225,2350569,28206828,1032107,12385284,203519203,29611849,22683944,249738,682,0,0
C028226,2925131,35101572,2297303,27567636,145382912,14800264,4771228,58503,806,0,0
C028227,3209890,38518680,2350510,28206120,125573988,15211103,15153050,366607,782,0,0
C028228,3609617,43315404,1470647,17647764,130925160,38694714,25642909,442021,780,0,0
C028229,2128914,25546968,1183821,14205852,115127158,23588933,12640860,136572,721,0,0
C028230,3334302,40011624,1716113,20593356,169154568,45105500,36551426,292982,849,0,0
C028231,3840864,46090368,3261592,39139104,167670176,106793714,83955657,731182,580,2,1
C028232,3625462,43505544,1681863,20182356,121835742,30495346,20097964,245889,700,0,0
C028233,1821201,21854412,1106996,13283952,27470115,27462293,17969401,123249,874,0,0
C028234,4604866,55258392,2693349,32320188,84267850,142470896,124937361,805443,814,0,0
C028235,5356257,64275084,2722375,32668500,141317305,98481859,73341456,439892,743,0,0
C028236,3141711,37700532,2428961,29147532,219926275,42801563,20783323,402982,715,0,0
C028237,6530224,78362688,2691288,32295456,524576647,73058420,68562321,796139,743,1,0
C028238,4604212,55250544,3182166,38185992,198601900,27989986,27438556,482399,694,0,0
C028239,6335200,76022400,4445614,53347368,581680320,79291801,67566092,565852,909,0,0
C028240,4469698,53636376,3624855,43498260,175920723,43868796,24156682,238831,756,0,0
C028241,1800000,21600000,1041777,12501324,120156882,41737359,29809652,318288,775,0,0
C028242,4648058,55776696,3039054,36468648,124102442,27029043,20861110,92961,727,0,0
C028243,4431671,53180052,2467373,29608476,124498498,70235154,68489114,566269,818,0,0
C028244,2146910,25762920,1310556,15726672,80729990,44064065,42186788,260264,777,0,1
C028245,6395616,76747392,3190307,38283684,404580521,91260976,80898566,852653,723,0,0
C028246,2748552,32982624,2458833,29505996,58288709,21787499,14399434,54971,690,0,0
C028247,4326374,51916488,2395381,28744572,303362519,41861537,41861537,453624,787,0,0
C028248,5196948,62363376,3241312,38895744,384104404,125913867,105079639,1048762,744,0,0
C028249,2916756,35001072,1612073,19344876,266252741,46972567,41324564,536093,737,0,0
C028250,6206639,74479668,1725265,20703180,182488651,76861851,47408868,358538,791,0,0
C028251,6029240,72350880,2477495,29729940,156767629,118286527,84336547,687376,757,0,0
C028252,3391775,40701300,1568078,18816936,145742920,21436664,19663792,79468,830,0,0
C028253,3324995,39899940,1755186,21062232,135377469,24286895,18124955,106684,788,0,0
C028254,5366011,64392132,3950329,47403948,78336005,32239587,20168970,208366,763,0,0
C028255,2215584,26587008,1207622,14491464,30840084,68227179,51379462,597001,662,0,1
C028256,1836468,22037616,1203235,14438820,68069165,23318382,10322643,212338,722,0,0
C028257,2952639,35431668,1911837,22942044,73070857,28165773,17449482,174447,817,0,0
C028258,4337484,52049808,2723299,32679588,210068159,42780787,38939810,610109,865,0,0
C028259,4258479,51101748,2940843,35290116,218609996,129690603,114458816,984819,687,0,0
C028260,4909879,58918548,2870995,34451940,42951739,67899808,47550953,659801,663,3,0
C028261,3536534,42438408,2285843,27430116,127242598,66085223,42008355,252355,726,0,1
C028262,2567987,30815844,1131645,13579740,90740402,13722800,13722800,152622,826,0,0
C028263,3952431,47429172,2478333,29739996,113574353,108175936,100057302,683882,777,0,0
C028264,4537609,54451308,1752326,21027912,82705198,26015249,26015249,332463,803,0,0
C028265,3874370,46492440,1509051,18108612,77991375,41219119,41219119,472146,818,0,0
C028266,4041552,48498624,2219120,26629440,307795650,68344149,66600299,424178,734,0,0
C028267,3927689,47132268,3066752,36801024,125904085,83479812,66089948,437464,873,0,1
C028268,8990542,107886504,5410431,64925172,731470155,84433350,53966688,179811,777,0,0
C028269,5071672,60860064,2710323,32523876,124278836,114842609,83796475,1027549,744,0,0
C028270,4195502,50346024,2664372,31972464,185967821,42164514,33157066,294184,782,0,0
C028271,4558364,54700368,2146456,25757472,89112382,18684714,16177406,93538,828,0,0
C028272,3591600,43099200,2861007,34332084,200842933,96470709,86886175,742401,735,0,0
C028273,5713140,68557680,3387002,40644024,220520694,59804720,50860249,750691,785,0,0
C028274,4717720,56612640,2578476,30941712,365134765,52290459,44937465,237239,841,1,0
C028275,2496158,29953896,1040569,12486828,44169263,51090518,41649710,351801,727,0,0
C028276,7041414,84496968,6131713,73580556,536688431,143996737,113823312,1241195,644,0,0
C028277,1827477,21929724,1028464,12341568,106264748,10645036,7874311,309865,668,0,0
C028278,2431058,29172696,1174525,14094300,68210538,11337774,7493526,80509,751,0,0
C028279,2639448,31673376,2182164,26185968,370298725,53019889,40840728,369326,772,0,0
C028280,4593880,55126560,2510669,30128028,361516028,51923890,40244730,451287,816,0,0
C028281,4188881,50266572,2523219,30278628,158036792,73535870,67967253,533444,858,0,0
C028282,2563343,30760116,1759330,21111960,191387724,72336717,55693226,490341,749,0,0
C028283,4955803,59469636,1445163,17341956,184271705,30853130,30637623,715978,869,0,0
C028284,2400466,28805592,1725646,20707752,180097283,19880500,8949717,236799,676,0,0
C028285,3261978,39143736,2466092,29593104,524840859,25811811,11857493,245502,769,0,0
C028286,4527991,54335892,1583187,18998244,69163852,73284066,57194882,383453,837,0,0
C028287,3560067,42720804,1693634,20323608,376623037,28910504,28910504,347495,798,0,0
C028288,3056517,36678204,1218958,14627496,104438386,48144263,33118850,619200,724,1,0
C028289,2943245,35318940,1196280,14355360,298589380,19229162,15100433,272954,872,0,0
C028290,3488293,41859516,1870900,22450800,434280998,29934653,29934653,696055,755,0,0
C028291,2504213,30050556,1707300,20487600,247766688,73271291,68759823,554756,695,0,0
C028292,8276831,99321972,4197210,50366520,548022245,171296788,123439564,993411,757,0,1
C028293,4117037,49404444,2812124,33745488,139032128,20164423,20164423,116221,789,0,0
C028294,5076265,60915180,2417093,29005116,97911306,77331676,60732731,486703,877,0,0
C028295,7853839,94246068,4584783,55017396,280790465,130938103,122580848,1161779,778,0,0
C028296,3201116,38413392,2057580,24690960,126535979,34340164,21133050,120820,722,1,0
C028297,2045286,24543432,1667430,20009160,343608048,26166023,22327685,201882,798,0,0
C028298,1800000,21600000,967639,11611668,33331472,10241703,9861544,50000,799,0,0
C028299,5166005,61992060,2463219,29558628,386383591,58409519,18115290,519811,774,0,0
C028300,6460601,77527212,3740876,44890512,181086104,122853899,112600344,892637,767,0,1
C028301,3732383,44788596,3292552,39510624,499048013,67424468,67424468,804611,759,1,1
C028302,2203380,26440560,1450872,17410464,50730034,27245119,16519725,186431,710,1,0
C028303,1800000,21600000,1021399,12256788,108093682,36355844,27784833,323622,682,1,0
C028304,3223148,38677776,1955539,23466468,44224937,30762941,21892372,229284,807,0,0
C028305,8512084,102145008,4673619,56083428,876441848,238409896,179531442,1333529,679,0,1
C028306,4301353,51616236,1582658,18991896,298592833,33957062,22204964,693371,780,0,0
C028307,2881295,34575540,2112128,25345536,433017887,41814323,18392848,263664,789,0,0
C028308,2832381,33988572,2266769,27201228,54186209,103087289,99245980,635425,672,0,1
C028309,2761190,33134280,2010243,24122916,303596785,76059525,66542472,705832,673,0,1
C028310,2564691,30776292,930611,11167332,45644845,46172844,44096106,445531,877,0,0
C028311,1868204,22418448,1030120,12361440,158321904,17030429,9998331,235227,757,0,0
C028312,1883629,22603548,1177835,14134020,128342729,18808901,11014636,171783,782,0,0
C028313,3941073,47292876,3594731,43136772,72944100,34513142,16721958,378175,623,0,0
C028314,7167665,86011980,4990854,59890248,720031939,66101047,35831887,417660,826,0,0
C028315,4791656,57499872,2818951,33827412,501897165,55047038,49709986,545635,820,0,0
C028316,4994993,59939916,1704187,20450244,207726232,46972240,46972240,286993,759,0,0
C028317,2834685,34016220,1921540,23058480,91203562,20343213,20343213,177509,847,0,0
C028318,2927559,35130708,2029061,24348732,91042191,28925317,18820463,100038,861,0,0
C028319,6318362,75820344,3518681,42224172,265596641,31788399,23679796,687284,756,2,0
C028320,2915547,34986564,1704479,20453748,290991106,26790506,15678745,58311,801,0,0
C028321,3193364,38320368,2260633,27127596,344584799,47982166,47982166,216818,731,0,0
C028322,5925547,71106564,3268712,39224544,310630908,61546713,35123102,715554,756,0,0
C028323,6203499,74441988,2933636,35203632,318112700,24120155,24120155,346217,824,0,1
C028324,2431005,29172060,1555585,18667020,70839993,22520303,21617122,298939,751,0,0
C028325,3113506,37362072,1759695,21116340,122367486,56572874,44531446,569832,713,0,0
C028326,6088957,73067484,2090807,25089684,160508726,60582356,38812787,774697,765,0,0
C028327,4144031,49728372,3393842,40726104,163605929,38650090,38650090,322989,801,0,0
C028328,6589646,79075752,3564946,42779352,373301227,101844602,75508527,808918,787,0,0
C028329,3455879,41470548,2854722,34256664,205772807,40387076,21111950,514920,666,1,0
C028330,11107366,133288392,8219543,98634516,396984426,241118094,170414411,1759946,738,0,0
C028331,2927193,35126316,2251813,27021756,122400450,19874324,12590926,418851,714,0,0
C028332,5397217,64766604,3154826,37857912,226426253,90524050,78171247,414016,770,0,0
C028333,3722010,44664120,2293530,27522360,227714633,101988595,101567308,630310,842,0,0
C028334,2674804,32097648,1098816,13185792,74183502,56615480,36641158,128747,900,0,0
C028335,4031097,48373164,2252204,27026448,300672047,19796253,19796253,282726,808,0,0
C028336,3325455,39905460,2219790,26637480,136177914,52372858,52372858,473898,763,0,0
C028337,7421949,89063388,4177838,50134056,301572506,77058537,58072603,588040,815,1,0
C028338,2837891,34054692,1484571,17814852,54252469,17881901,17881901,205142,774,0,0
C028339,4166554,49998648,1682725,20192700,434759731,84881406,77481445,734632,774,0,0
C028340,6081574,72978888,4165081,49980972,205394460,52678377,28085778,245785,780,0,0
C028341,4734702,56816424,3216593,38599116,150367223,134345590,117095976,926593,663,1,0
C028342,2229823,26757876,1464813,17577756,223489192,69998217,56795139,483982,683,0,0
C028343,5878164,70537968,3302342,39628104,176409249,69527742,36770310,277967,738,2,0
C028344,4436605,53239260,2683851,32206212,90469503,30750961,24386894,451784,817,0,0
C028345,2737541,32850492,1801692,21620304,90693433,35239229,18210157,54751,707,0,0
C028346,4739464,56873568,1776651,21319812,164703975,69728550,62282630,584230,692,0,0
C028347,3486749,41840988,2137806,25653672,101639098,9379070,9379070,175789,812,0,0
C028348,6901415,82816980,3323136,39877632,330943922,133893087,107809659,1016632,858,0,0
C028349,2783982,33407784,1855483,22265796,129361107,36319245,21288288,267636,679,0,0
C028350,2842646,34111752,2059462,24713544,171430995,31304037,24301556,252099,759,0,0
C028351,2901088,34813056,1883278,22599336,297612764,104795203,91675056,792307,773,0,0
C028352,4295367,51544404,1833460,22001520,116825612,42037378,42037378,702166,826,0,0
C028353,5060249,60722988,2988159,35857908,281855163,97214090,81675907,462513,791,0,0
C028354,3342808,40113696,1252692,15032304,260852537,15688251,11320134,220989,759,0,0
C028355,2533888,30406656,2416351,28996212,273204898,69492775,63791695,551699,601,0,1
C028356,8749915,104998980,3938343,47260116,345434241,90327398,90327398,1444877,725,0,0
C028357,7102747,85232964,4730771,56769252,582197313,60896473,16607102,298425,738,0,0
C028358,2545996,30551952,1605765,19269180,139365526,30290631,23799281,279045,809,0,0
C028359,3643497,43721964,1704903,20458836,286339646,107129854,107129854,802736,782,1,0
C028360,3491219,41894628,2467504,29610048,178762445,40049700,21731369,127677,772,0,0
C028361,3995745,47948940,2584883,31018596,212488241,29321181,27139808,219319,781,0,0
C028362,4044419,48533028,1964788,23577456,151604491,40043357,40043357,440050,789,0,0
C028363,3480889,41770668,1420580,17046960,201938752,34463416,27972130,152090,787,0,0
C028364,4833855,58006260,3115995,37391940,75679873,36460541,21741896,282287,763,0,0
C028365,4882847,58594164,2871051,34452612,225228175,75181514,64498685,625509,737,0,0
C028366,3436115,41233380,1287869,15454428,205865668,16899220,8641454,95309,801,0,0
C028367,10532026,126384312,5211097,62533164,950573493,144162636,97064897,779696,814,0,0
C028368,6706981,80483772,4319903,51838836,233970051,43252676,9541434,219105,757,0,0
C028369,2233978,26807736,740201,8882412,171366265,23845479,14652895,240088,798,0,0
C028370,5155203,61862436,2350755,28209060,228105108,97006031,82943204,724064,750,0,0
C028371,6208954,74507448,4887656,58651872,87423963,77391693,68759603,560505,750,0,0
C028372,7300001,87600012,3743144,44917728,170693058,88068438,63490501,942613,862,0,0
C028373,3107489,37289868,2513776,30165312,178534907,93060892,79839289,732815,664,0,0
C028374,7553177,90638124,6532302,78387624,1268933736,63720066,54232342,255719,796,0,0
C028375,2930307,35163684,2196351,26356212,36302706,38965981,35235640,317927,715,0,0
C028376,3406193,40874316,2276647,27319764,108970475,120794689,120794689,903104,669,0,0
C028377,2884445,34613340,2141571,25698852,170683506,104886028,95893401,723739,721,1,0
C028378,5016726,60200712,3467777,41613324,689305735,95479625,72597719,662021,806,0,0
C028379,3425755,41109060,1452631,17431572,74549287,44576176,34049958,441232,896,0,0
C028380,3605351,43264212,1719466,20633592,66167720,136127185,131350293,949567,803,0,0
C028381,3283374,39400488,1585718,19028616,289534892,29759342,19608848,288994,735,0,0
C028382,5112183,61346196,3239847,38878164,141254819,37666042,26618571,515108,712,1,0
C028383,4285079,51420948,2326144,27913728,150162276,28717831,25417570,491024,808,0,0
C028384,2234172,26810064,1230999,14771988,88348437,20717324,20717324,147458,877,0,0
C028385,4323417,51881004,2693560,32322720,104922879,58842952,58842952,468713,763,0,0
C028386,4101483,49217796,2341074,28092888,87996275,124022714,124022714,1199985,842,0,0
C028387,4282089,51385068,1896753,22761036,47939188,71658710,45676137,422019,839,0,0
C028388,5722944,68675328,2376554,28518648,155480786,32701886,25067919,320443,833,0,0
C028389,2291312,27495744,1190749,14288988,42273928,100547653,100547653,680655,716,0,0
C028390,3877886,46534632,1567038,18804456,300790314,69519550,69519550,539364,726,0,0
C028391,3416001,40992012,1378480,16541760,82325842,63809513,47404425,457173,789,0,0
C028392,4192840,50314080,2531029,30372348,102403127,25728416,25728416,375680,847,0,0
C028393,3595420,43145040,2057579,24690948,604030560,93727729,84727007,519125,774,0,0
C028394,7363617,88363404,4641037,55692444,355901073,230569508,196898705,1448962,793,0,0
C028395,4491930,53903160,2908995,34907940,552175108,62759297,52454204,577514,799,0,0
C028396,4924969,59099628,3084739,37016868,193330456,92591354,89508734,721825,738,0,0
C028397,4078125,48937500,2190887,26290644,204937617,63095709,44954988,203728,776,0,1
C028398,2139062,25668744,1855349,22264188,223365389,28802470,20046012,287837,646,0,0
C028399,7128525,85542300,4765237,57182844,95358169,20834557,20834557,305973,766,0,0
C028400,7759415,93112980,2398307,28779684,951268832,119009977,84574610,1100881,703,0,0
C028401,5663114,67957368,2859290,34311480,155869193,70526773,49405989,371747,807,0,0
C028402,6953591,83443092,3975901,47710812,350859878,72164237,61539823,574176,817,0,0
C028403,7813264,93759168,4433506,53202072,436365703,90579209,67584785,600796,791,0,0
C028404,4527829,54333948,2322311,27867732,105658910,50498562,32185582,408487,821,0,0
C028405,4269977,51239724,2357356,28288272,78650477,45266408,20462953,204478,837,0,0
C028406,3045721,36548652,1353399,16240788,87890600,48346346,39885881,166650,786,1,0
C028407,1800000,21600000,904961,10859532,180878894,18576295,11025037,247745,765,0,0
C028408,5841099,70093188,3001214,36014568,652854429,97701930,83326687,708413,816,0,0
C028409,2409642,28915704,1072210,12866520,96522554,42715349,27042436,377115,880,0,0
C028410,5580083,66960996,4349618,52195416,268326297,120522789,120522789,1024571,861,0,0
C028411,5890931,70691172,3422722,41072664,259728716,102421569,69885152,699794,688,1,0
C028412,2542141,30505692,1067490,12809880,108110276,28935351,14473346,160558,825,0,0
C028413,5408003,64896036,3507153,42085836,89326112,99573163,53567705,611780,775,0,0
C028414,5685147,68221764,3096695,37160340,495215759,117237492,110851274,1146173,799,0,0
C028415,4521352,54256224,1466918,17603016,268221546,18002361,14643849,220018,702,0,0
C028416,2623662,31483944,1617549,19410588,99188360,35460856,29715708,486035,688,1,0
C028417,2833768,34005216,1579692,18956304,124340563,33557878,33557878,376670,780,0,0
C028418,2694016,32328192,946252,11355024,195809331,24848024,12632482,141741,753,0,0
C028419,6531891,78382692,3802847,45634164,172527518,57367181,45469893,956343,841,0,0
C028420,2097241,25166892,1255229,15062748,149655315,70751804,61799341,505065,710,0,0
C028421,2830371,33964452,1466193,17594316,176799064,52738374,42780244,385713,708,0,0
C028422,3636594,43639128,2221123,26653476,83487157,61002910,47410340,301952,776,0,0
C028423,4874161,58489932,3273667,39284004,143619520,68866003,51885451,378858,738,0,0
C028424,7381097,88573164,3560961,42731532,129910343,112255351,85747132,588392,811,0,0
C028425,4656369,55876428,2498784,29985408,139983898,62097099,57321487,879625,770,0,0
C028426,2747226,32966712,1148887,13786644,254557852,45175250,37489151,360547,825,0,0
C028427,4965599,59587188,3977752,47733024,268399631,40369480,26358353,303953,725,0,0
C028428,5556668,66680016,3276303,39315636,349086935,57307741,54332147,425125,766,0,0
C028429,7052308,84627696,5918414,71020968,552295426,134095753,100324781,1119221,610,0,1
C028430,6274158,75289896,3246885,38962620,420350236,171698202,171698202,1372836,888,0,0
C028431,4387053,52644636,1632826,19593912,511848188,58650969,29436811,295921,835,0,0
C028432,2834394,34012728,1490840,17890080,168981954,33865290,24867693,263277,816,0,0
C028433,5956847,71482164,2563668,30764016,557806106,31956672,31956672,370709,746,0,0
C028434,2155529,25866348,1461316,17535792,150090054,22181452,22022459,200019,813,0,0
C028435,4759787,57117444,2686651,32239812,85272162,98053298,56453550,505284,768,0,0
C028436,6460713,77528556,5162758,61953096,31130181,28580181,28580181,129214,784,0,0
C028437,5191601,62299212,2846609,34159308,69026689,35315758,29002480,481852,796,0,0
C028438,3770105,45241260,3046363,36556356,170309616,44420025,44420025,302071,739,0,0
C028439,4941421,59297052,1398308,16779696,218771485,27255911,27255911,98828,895,0,0
C028440,5090490,61085880,2951166,35413992,63829801,56960518,31672308,420784,773,0,0
C028441,3144259,37731108,1894101,22729212,45293934,106022982,100457183,826694,906,0,0
C028442,3713580,44562960,2085150,25021800,128067662,24921552,19482369,427335,782,1,0
C028443,3906930,46883160,1820260,21843120,606067799,46893962,20535120,509972,790,0,0
C028444,3485073,41820876,1555506,18666072,123000177,39931768,28935578,312665,867,0,0
C028445,2173067,26076804,1295779,15549348,131813154,53841536,51666518,461065,680,1,0
C028446,3826570,45918840,3444207,41330484,257823782,60345807,50621964,533185,675,0,0
C028447,6815350,81784200,3967497,47609964,695000167,62077728,35501837,490381,761,0,0
C028448,6336634,76039608,3537599,42451188,165724149,129384398,105471264,882025,740,0,0
C028449,2029165,24349980,572495,6869940,66135738,45744503,44426414,375384,748,0,0
C028450,5328938,63947256,4602746,55232952,210098279,141729607,100635479,944541,647,0,0
C028451,3014985,36179820,1912374,22948488,29579299,43926917,32619033,162478,848,0,0
C028452,5556744,66680928,2882240,34586880,146901668,174082383,174082383,1528663,872,0,0
C028453,6718449,80621388,3764095,45169140,616094219,91848289,91848289,819642,733,0,1
C028454,6625332,79503984,4025412,48304944,140998808,97768792,51919066,762370,739,0,0
C028455,2318328,27819936,1168051,14016612,153044016,44757584,32635292,382605,704,2,1
C028456,4397320,52767840,3840623,46087476,163649374,51917896,51917896,264603,712,0,0
C028457,4308984,51707808,2104390,25252680,294940506,33128492,33128492,482637,837,0,0
C028458,2687088,32245056,1231151,14773812,106449692,32230308,18140142,242259,803,0,0
C028459,1896634,22759608,1339098,16069176,58647029,49703061,38749397,235762,750,0,0
C028460,5115910,61390920,2093637,25123644,173848474,168206549,157732459,1027765,767,0,0
C028461,2381056,28572672,1537501,18450012,134637778,58506445,48376648,322629,703,1,1
C028462,3182506,38190072,2004847,24058164,84507781,35408429,35408429,385726,838,0,0
C028463,4147453,49769436,1925213,23102556,533176685,70481819,68961435,778474,749,0,0
C028464,3416187,40994244,1478125,17737500,64254413,35578022,23744791,185127,856,0,0
C028465,4562156,54745872,2130379,25564548,529471503,30109734,13646923,137479,863,0,0
C028466,3793583,45522996,2029302,24351624,284064839,28544374,23774213,245274,776,0,0
C028467,6378004,76536048,4254872,51058464,743463356,131551404,84034474,851256,676,0,0
C028468,3269366,39232392,2137493,25649916,121945478,118735185,103605499,780626,680,0,0
C028469,4237880,50854560,1743249,20918988,97751883,127082377,94796093,800102,694,1,0
C028470,6282447,75389364,4752917,57035004,193158161,143952182,122948215,1378819,594,2,1
C028471,7042161,84505932,3757471,45089652,220599018,141279475,140271851,503943,889,0,0
C028472,2750726,33008712,1857358,22288296,54199175,67088569,67088569,520504,778,0,0
C028473,5997263,71967156,4101002,49212024,70722109,110744837,92589652,935237,671,0,1
C028474,2358062,28296744,2017748,24212976,32893011,15394446,12465223,172453,712,0,0
C028475,7188418,86261016,4746277,56955324,473738171,119446418,84053578,884146,777,0,0
C028476,5305666,63667992,3718383,44620596,124891638,62755072,62755072,556211,714,0,0
C028477,2038660,24463920,1525526,18306312,57562362,43151338,39093882,375561,834,0,0
C028478,3492418,41909016,1640517,19686204,111406914,36369063,24609261,334823,663,1,0
C028479,3494206,41930472,2200997,26411964,587026608,36746775,32696947,245858,785,0,0
C028480,4218022,50616264,3497394,41968728,124398856,56389033,33644211,322925,649,0,1
C028481,2905907,34870884,1152511,13830132,288870141,21086216,10960862,331972,637,1,0
C028482,7486289,89835468,3514398,42172776,207370772,125885593,100418299,943478,855,0,0
C028483,5923180,71078160,5978732,71744784,144653739,208826346,180879437,1176781,761,0,0
C028484,9669063,116028756,4672611,56071332,332733934,75561821,40821706,359349,846,0,0
C028485,4127326,49527912,3047262,36567144,581759887,64722347,64722347,473203,771,0,0
C028486,5661911,67942932,3612639,43351668,545262997,69479842,67380874,365112,812,0,0
C028487,4388392,52660704,2683994,32207928,220643887,14635756,14477677,358235,784,1,0
C028488,2744551,32934612,1738087,20857044,49149104,44984692,16895876,125029,832,0,0
C028489,5019344,60232128,2466412,29596944,288481332,109320986,92027675,632252,743,0,0
C028490,3991352,47896224,2498440,29981280,105712127,50437001,28795963,290822,806,0,0
C028491,3802051,45624612,2121457,25457484,42659936,30816244,30816244,359696,793,0,1
C028492,2628979,31547748,1945177,23342124,323041941,50850600,33887925,392359,768,0,0
C028493,4643400,55720800,2748641,32983692,146378117,145935716,138825707,777115,805,0,0
C028494,2724637,32695644,1781930,21383160,63465287,20978719,13366950,226155,892,0,0
C028495,2444877,29338524,1579296,18951552,122761995,41969576,28336883,204722,841,0,0
C028496,3309624,39715488,1963188,23558256,131539916,45817637,39642464,226141,783,0,0
C028497,5177519,62130228,3964973,47579676,361198206,66761321,34597767,594286,673,1,0
C028498,4692641,56311692,2492299,29907588,79955800,66232361,66232361,502811,785,0,1
C028499,5356811,64281732,3254324,39051888,141303688,141947695,141947695,1015506,701,0,0
C028500,2541592,30499104,1393589,16723068,66652617,36633996,19627060,289916,704,0,0
C028501,1800000,21600000,1089315,13071780,42913950,11868282,11868282,129601,789,0,0
C028502,3008475,36101700,1863860,22366320,91429708,43504440,25161474,425825,750,0,0
C028503,5467985,65615820,1375919,16511028,159786684,47168576,10056830,348696,930,0,0
C028504,1800000,21600000,1033404,12400848,33884607,26848248,23987567,188440,730,0,0
C028505,2130727,25568724,1028187,12338244,259948591,34349844,34009254,339273,811,0,0
C028506,6009570,72114840,3159226,37910712,208853551,96072600,71776373,633746,950,0,0
C028507,4209789,50517468,1920189,23042268,169139991,52484763,39536495,90745,839,0,0
C028508,1800000,21600000,1461817,17541804,70064556,10546207,8893544,128222,752,0,0
C028509,3684898,44218776,2275369,27304428,71617493,97251968,85156016,612372,697,0,0
C028510,3506179,42074148,1687094,20245128,85502142,34621786,34621786,222373,802,0,1
C028511,2686108,32233296,1808089,21697068,89035707,25652323,15334735,124015,745,0,0
C028512,2770608,33247296,1702838,20434056,127900075,48283318,34630004,271621,742,0,0
C028513,3948168,47378016,1513045,18156540,218393608,24581274,24581274,377276,792,0,0
C028514,2452277,29427324,1198760,14385120,68831982,27905192,27905192,440991,742,1,1
C028515,5248253,62979036,3499513,41994156,238177935,92851346,92851346,142830,812,0,0
C028516,3152349,37828188,1438820,17265840,79710502,48208658,28660397,275816,805,0,1
C028517,2688896,32266752,1009624,12115488,23648793,36727204,24066513,310088,857,0,0
C028518,3042775,36513300,2084507,25014084,82000783,17965369,9921482,322261,707,0,0
C028519,2262358,27148296,1578304,18939648,43957365,11549988,11549988,139176,856,0,0
C028520,6973867,83686404,1743467,20921604,951447885,44997061,29770004,198419,824,0,0
C028521,2040202,24482424,1429462,17153544,98339388,49381599,33361776,177019,697,0,0
C028522,2026341,24316092,1313399,15760788,214232906,47826438,46886276,391150,646,1,1
C028523,3010502,36126024,1706912,20482944,130832810,63689160,46902207,462489,861,0,0
C028524,3942852,47314224,2237718,26852616,309843845,32313013,26901079,352515,761,0,0
C028525,3530675,42368100,1825898,21910776,32192881,35494576,22245026,324268,665,0,0
C028526,3224422,38693064,2093509,25122108,65070567,29030963,18513916,293568,787,1,0
C028527,2759934,33119208,1404624,16855488,255309914,41606434,31684122,194958,771,0,0
C028528,7575922,90911064,5661246,67934952,678360547,242975090,199406152,1693983,698,0,0
C028529,1800000,21600000,865878,10390536,61064324,36214321,36214321,291245,716,0,0
C028530,5793263,69519156,2166974,26003688,306960286,164023609,143082139,1557213,781,0,0
C028531,4414475,52973700,3227735,38732820,224716957,59964648,45960960,488497,714,0,0
C028532,3899974,46799688,2363101,28357212,132060139,23808065,10906490,339557,769,0,0
C028533,4580330,54963960,2133102,25597224,88043258,20778807,20778807,185649,691,0,0
C028534,2014146,24169752,1425898,17110776,194590319,51984575,43219386,277674,749,0,0
C028535,3623254,43479048,1411676,16940112,93085050,51587979,41243924,385453,819,0,0
C028536,5492330,65907960,2789891,33478692,226466006,104311305,64662547,483556,859,0,0
C028537,5260327,63123924,3812646,45751752,426208283,73967460,51616296,871221,725,0,1
C028538,2361799,28341588,1455517,17466204,159705670,17218566,16550297,253148,725,0,0
C028539,3890809,46689708,3057131,36685572,83529524,23313253,8693189,354120,782,1,0
C028540,4901846,58822152,3343972,40127664,227947000,81688512,60675239,565012,773,0,1
C028541,7620883,91450596,5217182,62606184,1280308344,76224300,37689369,652005,810,0,0
C028542,4132813,49593756,2011495,24137940,60340437,70096106,57323380,392371,791,0,0
C028543,5002332,60027984,2915313,34983756,235387985,53755845,45882518,609897,730,0,0
C028544,6091272,73095264,3741721,44900652,361434609,59574460,37146645,617903,761,0,0
C028545,3223506,38682072,2152521,25830252,68595307,41502825,23332786,307957,669,0,0
C028546,4716523,56598276,3262553,39150636,422996679,48196170,18907782,471388,770,0,0
C028547,3704164,44449968,2844850,34138200,274671476,42265248,42265248,89385,818,0,0
C028548,3895428,46745136,1515484,18185808,227004610,80758978,80758978,376269,832,0,0
C028549,7082730,84992760,4155655,49867860,103127831,81389884,63417451,717990,737,1,0
C028550,2622784,31473408,1512241,18146892,91643209,29167972,17697655,221778,799,1,0
C028551,7129464,85553568,3472310,41667720,643185139,43745752,29176540,142589,877,0,0
C028552,4158349,49900188,2787458,33449496,476199842,18228700,12054908,442293,933,0,0
C028553,1800000,21600000,768723,9224676,117365405,24227570,17571926,189357,806,0,0
C028554,2182429,26189148,1432114,17185368,33565338,7353166,7353166,118607,802,0,0
C028555,2993811,35925732,1415260,16983120,86915102,20377362,20377362,368322,796,0,0
C028556,4593382,55120584,2931688,35180256,290788108,53388951,45467588,650117,633,0,0
C028557,4352239,52226868,2287466,27449592,375123511,70232871,53486199,472140,873,0,0
C028558,5144833,61737996,2298332,27579984,428715059,82505200,70115178,515393,810,0,0
C028559,3990750,47889000,1809748,21716976,34180008,46565792,24373060,442962,719,1,0
C028560,4145368,49744416,1733109,20797308,150605795,67169577,38220471,703759,769,1,0
C028561,4134759,49617108,2600994,31211928,207249117,37993783,34919840,546027,797,0,0
C028562,4013456,48161472,3013260,36159120,58147962,48650607,37873065,401238,750,0,0
C028563,4579458,54953496,2643140,31717680,224449389,60982996,42159650,293896,805,0,0
C028564,4779180,57350160,3466493,41597916,97540117,92133549,61686001,683780,709,0,0
C028565,4173703,50084436,3755518,45066216,680900776,64227059,34034751,570828,713,0,0
C028566,3623069,43476828,2550345,30604140,25714537,51226156,33766639,338135,700,0,0
C028567,4189959,50279508,1967059,23604708,121765737,62622276,43115361,357058,798,0,0
C028568,8147023,97764276,4363491,52361892,163882157,73278765,69698867,1112664,749,0,0
C028569,2510646,30127752,1169844,14038128,110804191,57343289,46327084,397974,735,0,0
C028570,2416568,28998816,604860,7258320,94233578,35111243,23577545,199642,753,0,1
C028571,2647439,31769268,1561724,18740688,305459425,37014547,22255968,308315,809,0,0
C028572,3189285,38271420,2510769,30129228,151223824,25522594,19462746,172684,808,0,0
C028573,5820189,69842268,3956143,47473716,317115777,25953898,25953898,544373,809,0,0
C028574,1800000,21600000,756736,9080832,207291819,66998832,53228027,329826,789,0,0
C028575,4821986,57863832,2799815,33597780,237189148,26538269,23055051,352217,753,0,1
C028576,3381055,40572660,1420348,17044176,269088854,17943332,7004201,78127,853,1,0
C028577,3390855,40690260,2036904,24442848,84091459,30577052,30577052,374579,814,0,0
C028578,5009203,60110436,4049206,48590472,632646538,97315190,72930720,692083,616,0,0
C028579,1918145,23017740,1100243,13202916,322248360,33150364,22347758,209863,653,0,0
C028580,5133718,61604616,1354859,16258308,84271734,52557445,52557445,590681,809,0,0
C028581,5542259,66507108,2457357,29488284,146726322,79329696,59403581,628589,771,0,0
C028582,2615956,31391472,1203104,14437248,89204810,37289868,31272396,242739,747,0,0
C028583,7766222,93194664,4165029,49980348,214322757,151190905,136589187,1032844,769,0,0
C028584,3322192,39866304,2094444,25133328,62039281,38177716,34905197,503841,732,0,0
C028585,1800000,21600000,1129079,13548948,167494734,20850002,20812694,215656,738,0,0
C028586,9318738,111824856,3224069,38688828,204163269,221131385,195728171,1169969,776,0,0
C028587,2051226,24614712,1159110,13909320,88548940,38337914,18633730,301505,730,1,0
C028588,2725772,32709264,1206491,14477892,95011797,46970879,45519350,270356,823,0,0
C028589,3691631,44299572,2090673,25088076,239350927,27992740,23396384,178545,863,0,0
C028590,5273755,63285060,1318439,15821268,276994454,95117795,76129708,482768,796,0,0
C028591,4953362,59440344,3164405,37972860,222289817,57091474,57091474,358470,770,0,0
C028592,6596852,79162224,5014854,60178248,243759171,58850075,58850075,224737,798,1,0
C028593,3170843,38050116,2005256,24063072,47057990,17096624,15515216,151052,693,0,0
C028594,9222077,110664924,5678778,68145336,824869386,125295439,100671560,994862,839,0,0
C028595,5864849,70378188,4284180,51410160,427268369,64633918,63349915,682431,743,0,0
C028596,1800000,21600000,1529932,18359184,131945877,8505963,8156903,103628,719,0,0
C028597,3948143,47377716,1995721,23948652,82658785,54695066,41944754,347140,733,0,0
C028598,3049464,36593568,2311024,27732288,66569399,51685773,51685773,474315,819,0,0
C028599,5872871,70474452,3996136,47953632,153522978,29319924,15763613,335116,766,0,0
C028600,3103376,37240512,1669427,20033124,193041164,13774728,13774728,224494,862,0,0
C028601,4099509,49194108,3096420,37157040,381071472,61944925,35850907,484475,778,0,0
C028602,2804507,33654084,1615630,19387560,50027792,16567151,16567151,257585,900,0,0
C028603,3344432,40133184,2239481,26873772,151477215,53713679,45518114,464989,782,0,0
C028604,9265052,111180624,4848366,58180392,489377030,217278912,162035222,1861405,621,0,1
C028605,12000000,144000000,7862263,94347156,310100378,219100933,120446925,1093642,796,0,0
C028606,6604358,79252296,4557467,54689604,279967561,192101519,146667833,1143809,657,0,0
C028607,2334848,28018176,1803715,21644580,39512069,56934435,46254216,305654,732,0,0
C028608,5381907,64582884,3064695,36776340,79582610,55938752,47178467,139712,728,1,0
C028609,2653442,31841304,1721075,20652900,154123704,34647527,23865748,372397,950,0,0
C028610,2666339,31996068,2112055,25344660,88498217,16712559,13783369,235941,723,2,1
C028611,3633281,43599372,2357965,28295580,225864644,49503831,31091300,257023,749,0,0
C028612,3840459,46085508,2120910,25450920,103318819,55725648,39434691,408021,853,0,0
C028613,3317527,39810324,2235231,26822772,28179466,87437707,87437707,765379,676,0,0
C028614,3357585,40291020,1993047,23916564,284595416,72923717,69805047,513004,764,0,0
C028615,7671419,92057028,4476876,53722512,353722989,200662858,163464126,1758522,680,0,0
C028616,2423344,29080128,918050,11016600,158034165,14532178,14532178,135598,802,0,0
C028617,5238861,62866332,3921873,47062476,111112632,42158368,36301026,241244,739,0,0
C028618,2197128,26365536,1457638,17491656,25937686,34036589,26369824,262578,711,0,1
C028619,5654704,67856448,3708251,44499012,88315999,136227503,115443786,1029210,756,0,0
C028620,5067372,60808464,3799253,45591036,300534679,24103631,16930970,342138,714,0,0
C028621,6627891,79534692,3104895,37258740,398325544,60743131,35730957,506564,772,0,0
C028622,3498781,41985372,2423322,29079864,128132902,28022539,20283930,191663,759,0,0
C028623,5096606,61159272,2467919,29615028,178703469,59438135,28569351,194542,780,0,0
C028624,2897570,34770840,1753314,21039768,315864250,33787874,33787874,374789,731,0,0
C028625,3620830,43449960,2028568,24342816,168443624,45494504,29468327,289530,830,0,0
C028626,4415806,52989672,2599582,31194984,224397044,140995225,133792875,1014905,738,0,0
C028627,3657849,43894188,2032672,24392064,614518632,80043300,71098213,481104,799,0,0
C028628,3636664,43639968,1586382,19036584,95929457,28412811,24732234,308536,853,0,0
C028629,3448063,41376756,1686449,20237388,216680592,45390849,24559331,261001,706,0,0
C028630,4216140,50593680,2592026,31104312,74777833,32643500,28287873,297648,773,0,0
C028631,5088275,61059300,2007720,24092640,854830200,128056965,128056965,863249,815,0,0
C028632,2097130,25165560,1002244,12026928,315040882,57798168,43280316,387444,751,0,1
C028633,3233156,38797872,1281694,15380328,75248332,29919819,23865090,133913,780,0,0
C028634,4675251,56103012,2458104,29497248,109813041,59811015,42086713,429809,731,0,0
C028635,5503411,66040932,3390044,40680528,248182702,93010803,71227776,551345,782,0,0
C028636,5233560,62802720,2785797,33429564,183597499,104367106,79600690,591696,738,0,0
C028637,6935048,83220576,2439999,29279988,350943905,28680675,28680675,585613,747,1,1
C028638,4758151,57097812,2299888,27598656,92006646,93748575,93748575,939417,784,0,0
C028639,3186387,38236644,1994630,23935560,510313475,23363561,10528161,267750,759,0,0
C028640,3894190,46730280,2365528,28386336,273383938,44600547,43797621,692939,871,0,0
C028641,7136036,85632432,4528873,54346476,133261788,116997494,116997494,636839,769,0,0
C028642,2001799,24021588,1279733,15356796,162949882,22102045,12737548,50000,792,0,0
C028643,2999561,35994732,1750157,21001884,180702017,37446376,22430053,144715,701,0,0
C028644,8010440,96125280,3431776,41181312,294326399,236829451,197114521,2124589,674,0,0
C028645,4271051,51252612,2019713,24236556,210892753,34005568,23117389,234443,950,0,0
C028646,3327797,39933564,2034223,24410676,38841659,44614402,44441799,561850,774,0,0
C028647,4923349,59080188,2736425,32837100,639810926,72409368,49648321,612619,773,0,0
C028648,2529743,30356916,1969139,23629668,232694474,25331383,6349971,324469,779,1,0
C028649,4695923,56351076,2512945,30155340,210411085,29121334,17300064,93918,790,0,0
C028650,6546832,78561984,2972796,35673552,742600981,33733604,33733604,842615,699,0,0
C028651,1800000,21600000,930711,11168532,101058713,26405210,22008239,260098,817,0,0
C028652,4097525,49170300,2457514,29490168,330223490,16729498,16729498,171646,784,0,0
C028653,3775994,45311928,2052332,24627984,332806483,42158008,20504972,189725,854,0,0
C028654,6594570,79134840,4651072,55812864,209456857,65141961,41265406,755737,696,0,1
C028655,5083266,60999192,3524651,42295812,247520578,85227389,61573026,452791,851,0,0
C028656,5546452,66557424,3166410,37996920,265579362,42562783,42562783,662851,818,0,0
C028657,4565148,54781776,2843830,34125960,165566079,61755945,35415823,591440,703,0,0
C028658,2636971,31643652,1345009,16140108,186130745,17087015,14965477,246378,791,0,0
C028659,2147397,25768764,1199352,14392224,55467553,34061551,19949874,227937,640,0,0
C028660,3405702,40868424,2315392,27784704,210013715,37626465,10202098,181254,904,0,0
C028661,4649030,55788360,2905575,34866900,337847291,53196021,29335070,374231,829,0,0
C028662,3164226,37970712,1705249,20462988,149035253,58731519,57940068,117883,773,0,0
C028663,3544009,42528108,2568255,30819060,595393512,48366653,35669769,287291,816,0,0
C028664,2881860,34582320,1689485,20273820,78895774,27966829,27966829,270804,801,1,0
C028665,3923546,47082552,2953897,35446764,182496014,30426001,29941376,506550,739,1,0
C028666,2645010,31740120,1304627,15655524,18338055,42916808,41541073,306146,712,0,0
C028667,3808866,45706392,2096992,25163904,153941886,168254277,168254277,1292573,596,3,1
C028668,3692311,44307732,1232959,14795508,51329186,79027210,60991669,327291,745,0,0
C028669,5973834,71686008,4271551,51258612,194175554,97096527,73070683,468038,738,0,0
C028670,4601519,55218228,2503409,30040908,214840181,87287024,55991074,835406,818,0,0
C028671,6419985,77039820,3315621,39787452,140971241,48158442,48158442,472535,914,0,0
C028672,7581682,90980184,5989216,71870592,350806666,83488373,54423290,646087,715,0,0
C028673,3438724,41264688,1392079,16704948,259705575,43976737,23577619,75356,779,0,0
C028674,10816575,129798900,5399901,64798812,1006897502,72419320,50906100,834106,792,0,1
C028675,2032828,24393936,1240858,14890296,73927903,50638802,37649353,326819,774,0,0
C028676,2720750,32649000,1553944,18647328,106047579,35917110,35780824,310145,867,1,0
C028677,4838994,58067928,1586622,19039464,251094814,144648962,116510393,760744,741,0,0
C028678,3150880,37810560,2504649,30055788,95151456,85298815,73834205,604570,844,0,0
C028679,4225822,50709864,3034522,36414264,159241091,166409611,166409611,1325391,623,0,0
C028680,4449135,53389620,3641584,43699008,354847100,33724800,33724800,282205,813,0,0
C028681,3146827,37761924,1755244,21062928,212653335,19669592,12768996,209005,772,0,0
C028682,4434711,53216532,2909009,34908108,101554783,63902493,41743779,106809,857,1,0
C028683,2440704,29288448,1972952,23675424,65845212,33485098,22776772,182987,758,0,0
C028684,3205707,38468484,2029344,24352128,80945477,60551966,60551966,513609,687,1,0
C028685,5895443,70745316,3101098,37213176,288125817,58973527,42723153,403964,814,0,0
C028686,5155614,61867368,3380392,40564704,453983034,36910376,31407329,540805,758,0,0
C028687,4341424,52097088,2353892,28246704,427050001,34088752,14410709,99245,800,0,0
C028688,3508110,42097320,2479009,29748108,110377252,65057163,36225858,352632,783,0,0
C028689,4848176,58178112,2317950,27815400,292927977,60570043,29943889,788861,731,1,0
C028690,5462830,65553960,2561444,30737328,609495427,151159245,118114031,823721,690,0,0
C028691,6533382,78400584,2206084,26473008,466102138,67964313,67964313,574959,723,0,1
C028692,3292536,39510432,2134270,25611240,129834006,38620261,29270963,401888,765,0,0
C028693,2392401,28708812,1105369,13264428,32287190,39299834,26387200,275868,691,0,0
C028694,3916373,46996476,2637759,31653108,428771786,65907406,41882546,366629,758,0,0
C028695,3449508,41394096,888739,10664868,54453775,14679894,14679894,146327,822,0,0
C028696,2971708,35660496,1896967,22763604,88351111,169091231,160472232,1171992,661,0,1
C028697,4585497,55025964,3258454,39101448,342306529,86400873,76619842,900161,669,1,1
C028698,2309412,27712944,1420683,17048196,39638141,32814401,32814401,308132,848,0,0
C028699,3979013,47748156,1619208,19430496,161203526,28726550,23963216,358067,891,1,0
C028700,4261946,51143352,2737852,32854224,37246157,44158616,29740255,358690,854,0,0
C028701,5404565,64854780,3246399,38956788,263185714,64883735,64883735,683021,750,1,0
C028702,5052840,60634080,3268737,39224844,154719590,109050689,79307861,483737,680,1,1
C028703,3254943,39059316,2481410,29776920,167316687,20957425,6757079,169049,925,0,0
C028704,2739749,32876988,1769462,21233544,134851645,54708663,46867000,457186,701,2,0
C028705,1890924,22691088,1133139,13597668,53519836,16132065,13126477,206018,793,0,0
C028706,3319822,39837864,1773259,21279108,291413349,27246926,23774481,312112,710,0,1
C028707,4719200,56630400,3285918,39431016,197689334,84707360,55816711,475884,706,1,1
C028708,3705545,44466540,2298489,27581868,94007334,72310887,68403456,466031,805,0,0
C028709,4075851,48910212,1691426,20297112,157743912,119994441,108028412,985964,739,1,0
C028710,4064400,48772800,2366550,28398600,196206609,34729753,20609975,172433,693,1,0
C028711,3908194,46898328,2631873,31582476,656576592,58966964,52782602,232491,877,0,0
C028712,5027096,60325152,2568594,30823128,28797344,28353040,28353040,334280,812,0,0
C028713,3161199,37934388,2072696,24872352,120824020,36850762,27505650,241113,771,0,0
C028714,4302178,51626136,3127342,37528104,283022932,36811531,18266862,241711,803,0,0
C028715,3059941,36719292,2461998,29543976,427870308,32257590,20875211,343351,859,0,0
C028716,3250412,39004944,2525639,30307668,203884184,130092650,105593384,685644,633,1,1
C028717,3543637,42523644,1884118,22609416,117358071,19516119,13198166,581699,730,0,0
C028718,3435361,41224332,2192266,26307192,286533020,50602460,50602460,330186,724,0,0
C028719,3481636,41779632,1643376,19720512,42899092,66554199,51097975,388231,769,0,0
C028720,6496036,77952432,3521640,42259680,540981866,54236879,54236879,876718,789,0,0
C028721,2068317,24819804,1597949,19175388,262723086,36946704,29504926,210972,804,0,0
C028722,2620794,31449528,1864578,22374936,161483796,33653323,33653323,316512,769,0,0
C028723,12000000,144000000,4538253,54459036,685077204,227388467,193966279,1750165,771,0,0
C028724,5794773,69537276,5283050,63396600,587005184,338599287,312917742,2167067,558,1,1
C028725,1995451,23945412,1293291,15519492,101542178,57530175,52104542,419992,745,0,0
C028726,2683300,32199600,1546909,18562908,400278308,42766178,41467367,178707,766,0,0
C028727,3231921,38783052,1808288,21699456,164183642,152393702,133294092,782653,777,0,0
C028728,8789360,105472320,2651841,31822092,315855667,40470941,37718218,557101,791,0,0
C028729,6454421,77453052,3874731,46496772,1084342728,160850023,146334624,1401575,765,0,0
C028730,3742285,44907420,1875178,22502136,135982374,23172147,23172147,74846,809,0,0
C028731,3898135,46777620,2800714,33608568,68153509,19608358,19608358,310869,794,0,0
C028732,3755265,45063180,1829800,21957600,253963439,48225286,30686718,283878,751,0,0
C028733,7102807,85233684,4133549,49602588,214185242,113321131,94940740,1347240,670,1,0
C028734,4285572,51426864,2854701,34256412,92181528,45215553,23970018,832578,705,1,0
C028735,3580485,42965820,2313915,27766980,84702213,11943531,11943531,95003,825,0,0
C028736,5925743,71108916,5025420,60305040,129314208,178183540,159019268,1463477,663,1,1
C028737,2282300,27387600,1538173,18458076,236362645,36892535,31920336,185718,727,0,0
C028738,5734179,68810148,4332419,51989028,124430458,64654193,64066750,856266,823,0,0
C028739,2214867,26578404,1565457,18785484,35613615,128513990,119602818,766895,666,1,1
C028740,8405275,100863300,3165938,37991256,322018635,113252880,93586723,1356126,710,0,0
C028741,3044946,36539352,1386842,16642104,366083645,24285430,19640837,229363,811,0,0
C028742,3980379,47764548,1734284,20811408,207739154,27219358,21459922,478204,831,0,0
C028743,5251765,63021180,2966266,35595192,378248202,99703370,42940176,368372,749,1,0
C028744,2950441,35405292,1641566,19698792,495674088,53955151,50499876,407806,835,0,0
C028745,5078774,60945288,3572591,42871092,238198767,20139184,20139184,101575,769,0,0
C028746,4497008,53964096,2340199,28082388,268909673,32253396,21292783,255105,838,0,0
C028747,1935437,23225244,1456067,17472804,325153416,22931194,12289373,81107,863,0,0
C028748,4920196,59042352,2319149,27829788,362039654,113114303,94637883,1195325,722,0,0
C028749,4480482,53765784,1228506,14742072,166415885,58667934,32383426,596283,730,0,1
C028750,2730387,32764644,1334215,16010580,388623545,39414114,32619184,208685,809,0,0
C028751,12000000,144000000,5461038,65532456,377098157,184222908,174144203,940100,770,0,0
C028752,6868756,82425072,5094129,61129548,266735468,58303592,31527691,489021,848,0,0
C028753,2603092,31237104,1783489,21401868,151171547,29856773,29856773,257601,795,0,0
C028754,4401607,52819284,1913590,22963080,244506372,56455921,40073745,478434,763,0,0
C028755,2506713,30080556,1555519,18666228,167958185,37608631,34318571,354710,884,0,0
C028756,3244579,38934948,1812315,21747780,137589242,38878997,21834834,308221,806,0,0
C028757,5493749,65924988,3696799,44361588,309496819,73104139,73104139,607645,822,0,0
C028758,4961431,59537172,4178071,50136852,438612164,104814349,79431503,685781,640,3,1
C028759,5653938,67847256,1795020,21540240,949861584,71223447,67015780,498464,749,1,0
C028760,2225236,26702832,1960595,23527140,20487550,48054827,29767926,351858,645,1,1
C028761,2216105,26593260,1437552,17250624,292202527,51668030,39211286,329640,758,0,0
C028762,3946202,47354424,1213661,14563932,123290641,26998965,26998965,170098,771,0,0
C028763,4616573,55398876,1785124,21421488,174234201,59619072,40912132,408887,757,0,0
C028764,5223932,62687184,3841269,46095228,70848836,107405841,88613030,1205433,642,0,0
C028765,4291858,51502296,2161459,25937508,232052624,81896287,64920303,614380,753,0,0
C028766,5266666,63199992,2711286,32535432,305343997,42825646,32208109,451422,873,0,0
C028767,6185830,74229960,4637413,55648956,280962064,61371098,60360677,547747,741,0,0
C028768,4760221,57122652,2563105,30757260,256308605,138822177,98911051,983945,653,2,0
C028769,5768045,69216540,2952985,35435820,164035734,70391349,66769625,713762,835,0,0
C028770,5943408,71320896,3108769,37305228,134362403,180403191,138248799,798030,799,0,0
C028771,2821501,33858012,1814340,21772080,95607054,51832580,36385568,475157,732,0,0
C028772,7812324,93747888,5775639,69307668,122774042,149821177,85605861,261915,745,0,0
C028773,2932056,35184672,1581198,18974376,28483910,22542852,22542852,206805,749,0,0
C028774,2456610,29479320,1516511,18198132,50723886,25867971,25625574,249625,780,0,0
C028775,4024060,48288720,2218537,26622444,151474691,38374294,13057889,171678,839,0,0
C028776,2349642,28195704,1649580,19794960,118469194,32797767,24338358,234763,717,0,1
C028777,6562398,78748776,3057706,36692472,254260080,39397927,27489812,221484,789,0,0
C028778,5570179,66842148,1392545,16710540,490015022,68369211,46560819,787187,780,0,0
C028779,4349161,52189932,2207067,26484804,275614068,47590536,34061958,368861,753,0,0
C028780,4185864,50230368,2215030,26580360,54548152,159863340,150739319,889579,710,0,0
C028781,9845235,118142820,4600816,55209792,188406044,81761388,58453719,508564,944,1,0
C028782,3469883,41638596,2164467,25973604,63321728,55974072,40740213,443783,796,1,0
C028783,4520733,54248796,2506566,30078792,84078388,62854174,59877844,394669,817,0,0
C028784,4190934,50291208,2508808,30105696,34206437,59328312,47439318,435441,668,1,0
C028785,4261933,51143196,1174716,14096592,453585527,112690103,99841525,779075,762,1,0
C028786,4160279,49923348,2817506,33810072,142996055,49047607,44119858,397136,783,0,0
C028787,5772240,69266880,3944127,47329524,276290179,103980290,82116611,830836,665,0,0
C028788,5264519,63174228,3921918,47063016,343391577,93536181,56619129,974571,583,6,1
C028789,4089216,49070592,1727800,20733600,187365473,42288311,22405274,202546,723,0,0
C028790,4297725,51572700,3019452,36233424,310790033,54521068,54521068,264803,717,0,0
C028791,2517176,30206112,1945267,23343204,69468874,21250252,13981993,143445,793,0,0
C028792,3490087,41881044,2241433,26897196,88849531,42929434,26957757,399198,903,0,0
C028793,4139868,49678416,2838069,34056828,120609144,74792370,74097456,672949,745,0,0
C028794,1947253,23367036,1403298,16839576,47591301,41664490,41664490,305240,808,0,0
C028795,4041400,48496800,2585498,31025976,263974975,94321766,66577742,491488,679,1,0
C028796,2150807,25809684,1484208,17810496,16711686,29905355,26359880,341754,845,0,0
C028797,3571911,42862932,2413896,28966752,155717628,142475006,123874180,609131,707,0,0
C028798,4092185,49106220,2750367,33004404,99790340,64130077,64130077,615701,773,0,0
C028799,3885419,46625028,2402290,28827480,148645063,40384287,30037124,217096,672,0,0
C028800,3251528,39018336,2311236,27734832,82435176,53536313,46242262,382761,837,0,0
C028801,2813304,33759648,1728895,20746740,182365998,19932371,19154648,330189,775,0,0
C028802,2872150,34465800,1613212,19358544,192514443,33643057,26188063,233400,818,0,0
C028803,3586747,43040964,1758763,21105156,172195981,50854081,41154516,208498,847,0,0
C028804,3362860,40354320,2484572,29814864,89426660,32411726,29530596,280507,769,0,0
C028805,4927450,59129400,2499841,29998092,277712402,25755070,16239299,149336,713,0,0
C028806,7367314,88407768,3429687,41156244,1135956120,134487097,117105447,1181438,671,1,0
C028807,3648796,43785552,2690623,32287476,62337615,111234848,94614180,944755,748,0,1
C028808,3884637,46615644,2880985,34571820,304845999,30505072,29200168,234529,789,0,0
C028809,3900443,46805316,2526924,30323088,235656156,78157832,72038414,660710,789,0,0
C028810,7261216,87134592,5567467,66809604,469738755,86586459,58387095,633960,765,0,0
C028811,3704461,44453532,3264184,39170208,118988310,39119715,23297802,322545,796,0,0
C028812,4051176,48614112,2000861,24010332,667649767,64102422,52933080,712334,822,0,0
C028813,2816419,33797028,2095420,25145040,261011423,29157022,19905378,280677,767,0,0
C028814,4319310,51831720,2477722,29732664,44805212,100030807,66533196,479031,659,0,1
C028815,5807020,69684240,2665944,31991328,291140699,82936146,82936146,1091025,730,2,0
C028816,4427222,53126664,3899789,46797468,556795669,44629668,24063460,170200,696,1,0
C028817,3979596,47755152,1973185,23678220,128279467,68098934,61100535,600835,765,0,0
C028818,6644017,79728204,5189156,62269872,219689801,138850674,86309769,343998,741,0,0
C028819,4815713,57788556,3321115,39853380,168938155,76703917,58678757,762245,686,0,1
C028820,2109869,25318428,1191619,14299428,131589015,12276255,12276255,179675,850,0,0
C028821,3745615,44947380,1579533,18954396,340489904,20696059,17391724,344493,772,0,0
C028822,2750702,33008424,1646093,19753116,26847143,68586581,64495080,425054,755,0,0
C028823,4484996,53819952,2413093,28957116,146574070,30204233,23241962,445500,912,0,0
C028824,5406188,64874256,2586036,31032432,233971319,290307448,268230276,1692560,719,0,0
C028825,4037279,48447348,1908981,22907772,55593767,40339021,29951965,640595,785,0,0
C028826,3706364,44476368,1957793,23493516,257740793,150632943,130149037,775878,799,0,0
C028827,3503586,42043032,1851150,22213800,33068344,130613817,125902772,1111598,799,0,0
C028828,5343672,64124064,3189093,38269116,400241165,52038180,52038180,390792,950,0,0
C028829,4974216,59690592,2787307,33447684,334082417,76542293,71423196,538308,802,0,0
C028830,4905863,58870356,2053233,24638796,249127577,69286611,51269897,495547,731,1,1
C028831,7907476,94889712,3062796,36753552,157114963,196765995,158172301,1060687,879,0,1
C028832,2671933,32063196,1387537,16650444,205731226,19908378,19908378,154997,768,0,0
C028833,4449205,53390460,2678448,32141376,119065935,45226427,26513595,510127,676,0,0
C028834,2447933,29375196,1307105,15685260,219627819,29280512,21642272,144472,688,0,0
C028835,8976333,107715996,3177176,38126112,190187045,145522806,145522806,1715793,829,0,0
C028836,3639336,43672032,2654295,31851540,294246654,49808824,31319534,598625,785,0,0
C028837,2128428,25541136,1466788,17601456,134008562,28371578,13851246,90136,750,0,0
C028838,3532277,42387324,2160278,25923336,246137308,41497465,26187362,186741,819,0,0
C028839,2681800,32181600,1394713,16736556,167143377,48202776,48202776,415865,823,0,0
C028840,4648476,55781712,3294711,39536532,141318502,106871572,98558631,989556,730,0,0
C028841,6048537,72582444,2212551,26550612,530986307,49881511,31781440,397483,881,0,0
C028842,6457354,77488248,4430828,53169936,358545152,91823008,44718657,501092,748,0,0
C028843,4974407,59692884,1770508,21246096,200865807,96482636,88867986,751426,794,0,0
C028844,4533756,54405072,4374921,52499052,129943972,72978995,49320099,166970,820,0,0
C028845,1981689,23780268,1042946,12515352,37761532,15866902,15866902,150877,850,0,0
C028846,3444348,41332176,2636740,31640880,458347876,60453048,34948080,520776,721,0,0
C028847,2466564,29598768,1953036,23436432,76933509,45392531,36127877,468050,684,2,0
C028848,5161813,61941756,2026089,24313068,205853817,32942700,28115371,406905,871,0,0
C028849,2138086,25657032,1167561,14010732,96165762,84731347,72294312,524008,723,0,0
C028850,2383964,28607568,1354569,16254828,27946013,23097907,13861215,243885,811,0,0
C028851,7857381,94288572,2993586,35923032,416907494,210009333,157839253,1288675,744,0,0
C028852,3256460,39077520,2192969,26315628,141061941,108182640,96872844,891425,688,0,0
C028853,4486123,53833476,1632662,19591944,315076237,30131650,23360221,642335,796,0,0
C028854,5170351,62044212,3615953,43391436,263787906,67381226,41535642,392568,738,0,0
C028855,4170432,50045184,1661711,19940532,79557622,61870735,44005863,365530,824,0,0
C028856,1800000,21600000,450000,5400000,111639437,36708203,36708203,235724,793,0,0
C028857,5077842,60934104,2362730,28352760,74245187,59790426,57513308,363467,848,0,0
C028858,2953307,35439684,1307810,15693720,152199903,15028799,15028799,369956,800,0,0
C028859,6134576,73614912,2388624,28663488,280840265,84659512,75207141,696563,750,0,0
C028860,4179208,50150496,2587801,31053612,83602530,42379250,15462183,106456,831,0,0
C028861,4277955,51335460,2530573,30366876,147584453,102160263,87972515,1101989,682,0,1
C028862,7067361,84808332,4611102,55333224,173575394,212554814,178135257,1267574,807,0,0
C028863,2010182,24122184,1261480,15137760,79513764,27759710,13595562,80125,782,0,0
C028864,7660114,91921368,5464018,65568216,129307362,85189743,38118931,732380,693,0,0
C028865,3612824,43353888,1997863,23974356,125319626,75390397,75390397,506891,774,0,0
C028866,7412753,88953036,4627912,55534944,281481250,49778101,39026630,581910,768,0,0
C028867,5482435,65789220,2585578,31026936,65105730,44727091,44727091,519515,789,0,0
C028868,2947004,35364048,1394565,16734780,46061631,48414724,39730943,130286,765,0,0
C028869,3328714,39944568,1932927,23195124,103729905,13226261,13226261,275534,710,0,0
C028870,3993141,47917692,2967012,35604144,135167660,32999958,25913098,285213,705,0,0
C028871,2388645,28663740,912867,10954404,94872277,34329552,22480706,161377,849,0,0
C028872,6762568,81150816,4279382,51352584,303606194,67495716,54843263,135251,752,0,0
C028873,5884294,70611528,3127771,37533252,335009909,45599542,24225413,117686,886,0,0
C028874,2622110,31465320,1006619,12079428,272264948,33333956,19002303,303386,740,0,0
C028875,5904146,70849752,4097349,49168188,49986600,61595625,35498826,625947,700,0,1
C028876,3443601,41323212,2031246,24374952,135567193,79841297,62700671,291598,745,0,0
C028877,2583279,30999348,1005752,12069024,85617372,21528366,9198028,149878,845,0,0
C028878,4865525,58386300,2051314,24615768,141007498,21497462,21497462,517671,774,1,0
C028879,3109989,37319868,2126454,25517448,70875550,26421274,14015954,215862,745,0,0
C028880,3161752,37941024,2028475,24341700,233137705,33563946,24224731,397427,712,1,1
C028881,6310214,75722568,3334088,40009056,269360996,65330644,37912386,236765,811,0,0
C028882,4280593,51367116,3566600,42799200,65437286,40142698,36016551,202672,676,0,0
C028883,3408040,40896480,1448955,17387460,257393624,102354985,90456538,625810,730,1,0
C028884,6642985,79715820,4394306,52731672,113221490,89109711,31859011,241024,697,2,0
C028885,3111766,37341192,1780957,21371484,111762276,27212063,9258819,191093,853,0,0
C028886,4022879,48274548,2008695,24104340,189544521,77540781,58764590,373845,722,0,0
C028887,2674038,32088456,2160427,25925124,99313853,21112706,21112706,91860,739,0,0
C028888,4556655,54679860,2989944,35879328,376806174,41281318,27055661,474925,792,0,0
C028889,2536368,30436416,1760728,21128736,75434697,9384491,8622411,100720,768,0,0
C028890,5522977,66275724,3636176,43634112,232717219,53056045,17734657,110460,782,0,0
C028891,2236012,26832144,1800125,21601500,65402903,27831865,20742083,325517,828,0,0
C028892,5682984,68195808,3308522,39702264,565308991,83343937,57512399,681940,722,0,0
C028893,5863847,70366164,3369993,40439916,288689548,118454613,90891415,944891,649,0,1
C028894,4471364,53656368,1856068,22272816,311587632,116402595,116402595,892561,810,0,0
C028895,4891554,58698648,1960352,23524224,173935103,47603182,32971818,337130,707,0,0
C028896,5296502,63558024,3645903,43750836,229471350,38791702,13804891,107378,792,0,0
C028897,7881974,94583688,4109389,49312668,445938240,11728026,11728026,157639,865,0,0
C028898,4860271,58323252,3351784,40221408,204369471,137557839,110779855,779116,733,0,0
C028899,9290040,111480480,4298315,51579780,574075397,112667916,40969794,185801,779,0,0
C028900,1800000,21600000,905664,10867968,191763905,30927277,23816171,161199,777,1,0
C028901,2636114,31633368,1502650,18031800,110964492,47413162,27918701,244545,763,0,0
C028902,3675254,44103048,2972630,35671560,100375741,43860221,42352079,267162,812,0,0
C028903,2913864,34966368,1383490,16601880,249879738,38511834,24067978,247362,776,0,0
C028904,4577118,54925416,2373935,28487220,110015327,132095556,119082234,631882,801,0,0
C028905,3909362,46912344,2305249,27662988,108779560,32677652,16350400,302406,858,0,0
C028906,3472518,41670216,1589196,19070352,126005287,66456976,63179130,573560,759,1,0
C028907,1938591,23263092,1218177,14618124,81346923,20305120,12480750,202240,831,0,0
C028908,3086276,37035312,2019436,24233232,85156383,44594426,27289626,426943,647,0,1
C028909,1800000,21600000,641051,7692612,32086656,44078784,40351707,333151,713,0,0
C028910,4450637,53407644,2030484,24365808,226653988,118690791,91913999,608129,774,1,0
C028911,7688732,92264784,5534589,66415068,99383370,404988507,380344034,2486297,691,0,0
C028912,4446063,53352756,2687063,32244756,108775177,54201821,9062498,379801,702,0,0
C028913,5854416,70252992,2664426,31973112,175125356,184513498,158086892,1229566,797,0,0
C028914,3625705,43508460,1387417,16649004,69871632,38820000,19752786,622503,755,0,0
C028915,4543066,54516792,2235025,26820300,254627079,59542608,59542608,891437,814,0,0
C028916,4176201,50114412,2175606,26107272,249994626,62039874,44303458,500591,738,0,0
C028917,7911443,94937316,5344324,64131888,236208622,103619781,72794017,672496,829,0,0
C028918,1800000,21600000,1700319,20403828,184933651,44375661,32911235,232294,652,1,1
C028919,4094848,49138176,2002888,24034656,45360678,103300553,83269902,574533,694,0,1
C028920,4964485,59573820,2708058,32496696,452180894,118316635,99800784,974076,696,0,0
C028921,3701005,44412060,2300395,27604740,108836224,33435359,21510464,556791,791,0,0
C028922,3755700,45068400,2293308,27519696,179922108,34391846,34391846,315451,809,0,0
C028923,4326437,51917244,2288726,27464712,144672398,160197889,132804439,986386,696,0,1
C028924,2633283,31599396,1755396,21064752,70543125,12673448,9995555,53865,800,0,0
C028925,7228316,86739792,3650789,43809468,1063379496,258251151,189155973,1411906,742,0,0
C028926,2873860,34486320,1581646,18979752,100611143,76967427,68750033,530687,720,0,0
C028927,3068389,36820668,1203989,14447868,80532957,20695654,20695654,243402,766,0,0
C028928,3109619,37315428,1763781,21165372,437753391,43649401,28725398,91610,731,0,0
C028929,2847109,34165308,1878867,22546404,52184851,41918747,24396784,312660,735,0,0
C028930,4001068,48012816,2178799,26145588,215018791,76488181,51561514,691857,778,1,0
C028931,1800000,21600000,976467,11717604,43576226,49169618,43657726,296793,875,0,0
C028932,2276352,27316224,1017613,12211356,66813022,44929694,34769116,348068,679,0,1
C028933,9776699,117320388,6307884,75694608,507017273,86760915,47013050,1109159,705,0,0
C028934,5896534,70758408,3026989,36323868,343713975,60008771,60008771,239266,849,0,0
C028935,3154465,37853580,1355971,16271652,167819091,32882841,27656175,124576,801,0,0
C028936,3655510,43866120,1772106,21265272,82683736,37856812,17135191,252390,834,0,0
C028937,4601582,55218984,2791174,33494088,251430096,118743382,108094940,549845,780,1,1
C028938,4859823,58317876,3514187,42170244,108231351,35289387,22975277,106909,853,0,0
C028939,3386265,40635180,1860802,22329624,464878540,136866223,131136082,1032317,805,0,0
C028940,4758316,57099792,2488805,29865660,414197963,97818082,90490467,513936,784,0,0
C028941,6137637,73651644,2512412,30148944,218096091,98822967,68046910,408091,810,0,0
C028942,3721360,44656320,1757787,21093444,93468061,55384779,41536964,344703,857,0,0
C028943,6026295,72315540,5738029,68856348,159779190,42921569,42921569,368829,795,0,0
C028944,6862677,82352124,4006150,48073800,187144706,48714927,24679339,634256,702,0,0
C028945,2895351,34744212,1674629,20095548,200582997,70430991,49318263,652358,768,0,0
C028946,4636863,55642356,2125448,25505376,348622142,73947990,64790841,650671,743,0,0
C028947,5384853,64618236,3172814,38073768,96551285,74606208,64012447,917273,788,0,0
C028948,5188366,62260392,3711260,44535120,121840018,69971321,53631424,490260,750,0,0
C028949,5353402,64240824,2943482,35321784,75486050,99431089,66624939,726464,735,0,0
C028950,5573711,66884532,2979005,35748060,116745497,202137380,202137380,1550874,744,1,0
C028951,7317969,87815628,4464358,53572296,42079744,22166494,16988537,559402,784,0,0
C028952,6037328,72447936,3064331,36771972,41272887,23647530,17329625,120747,721,1,0
C028953,5569544,66834528,2930863,35170356,465669226,104722998,81587442,787960,814,0,0
C028954,3385946,40631352,1919494,23033928,103795251,38023900,22625915,380659,753,0,0
C028955,4626228,55514736,3027119,36325428,274332990,36040890,10746437,111572,792,0,0
C028956,4419444,53033328,2302663,27631956,48080093,55972291,47700968,738586,854,0,0
C028957,3305992,39671904,1467463,17609556,146906508,32854200,30561807,159484,950,0,0
C028958,3313057,39756684,1968587,23623044,125545828,94723443,94100343,849115,652,0,1
C028959,2302477,27629724,1672821,20073852,386816136,50995605,32826705,327437,751,0,0
C028960,9035831,108429972,5095914,61150968,222201876,130240709,122473303,679103,802,0,1
C028961,3367402,40408824,1579712,18956544,177358544,11524888,11524888,268823,815,0,0
C028962,4261692,51140304,2366099,28393188,188060862,68070902,29473992,313696,744,0,0
C028963,2901913,34822956,1856287,22275444,164273168,49457678,39569441,426833,754,0,0
C028964,3815468,45785616,2088276,25059312,25549291,84413797,65204884,534306,654,0,0
C028965,8992567,107910804,3347349,40168188,199924634,95850257,56049194,751724,765,0,0
C028966,1800000,21600000,885291,10623492,124207875,55366806,51452161,320853,863,0,0
C028967,3525199,42302388,1964000,23568000,364976429,58220630,46329224,338261,799,0,0
C028968,3151094,37813128,1565200,18782400,420872749,52469115,30434093,294850,777,0,0
C028969,2046557,24558684,1303426,15641112,148006415,27008100,16710128,298970,761,0,0
C028970,3514771,42177252,2401863,28822356,112299888,24709505,14755522,440622,776,0,0
C028971,3819838,45838056,2397449,28769388,159846118,57244857,39676705,431567,791,1,0
C028972,3356426,40277112,1303923,15647076,73601688,39319591,32894464,271091,793,0,0
C028973,3287771,39453252,2189102,26269224,112614481,74538593,69207605,497887,705,0,0
C028974,2033986,24407832,865258,10383096,179973452,44913692,41388228,322743,800,0,0
C028975,3941880,47302560,2693277,32319324,120798287,76744711,72911713,421261,753,0,0
C028976,2919313,35031756,1980896,23770752,180599767,22281929,17972018,58386,775,0,0
C028977,3537085,42445020,1849829,22197948,333349868,99324293,71896690,613384,678,0,0
C028978,7904028,94848336,3085317,37023804,338495051,67930768,67930768,701376,726,0,0
C028979,4596838,55162056,2706619,32479428,128115608,38101687,26824522,490268,894,0,0
C028980,7921971,95063652,6076663,72919956,58549103,31688237,15865866,806124,761,0,0
C028981,5358345,64300140,4119540,49434480,78963810,63833565,52494017,671178,905,0,0
C028982,5577072,66924864,2997516,35970192,286582797,51353463,17016229,368480,814,0,0
C028983,2846093,34153116,2052202,24626424,168422039,44412443,44412443,464596,703,0,0
C028984,3257299,39087588,1011285,12135420,99188167,36560326,21641105,110422,834,0,0
C028985,6316024,75792288,3695579,44346948,270979347,34221551,34221551,364158,785,0,0
C028986,8342750,100113000,2621629,31459548,183657802,161193134,144906033,656691,847,0,0
C028987,6699407,80392884,4342707,52112484,76877109,90778489,78449867,884893,817,0,0
C028988,2346568,28158816,1545849,18550188,85478036,8114939,6469315,129270,879,0,0
C028989,2046737,24560844,1279420,15353040,283212960,46320368,43447788,392085,757,0,0
C028990,1800000,21600000,901261,10815132,82630113,14187229,6340094,122512,746,0,0
C028991,6573726,78884712,4437065,53244780,399916666,130956189,113215529,1292567,762,1,0
C028992,1959127,23509524,1238776,14865312,104941985,20215211,13057353,379138,613,2,0
C028993,6194447,74333364,2671787,32061444,305362120,66992698,37640841,613433,876,0,0
C028994,1800000,21600000,900735,10808820,39663031,10173137,5018327,199833,812,1,0
C028995,4924217,59090604,2923295,35079540,571885604,46646096,31587181,423675,820,0,0
C028996,5326210,63914520,3687169,44246028,400568994,125991891,91196901,1259659,726,0,0
C028997,7173092,86077104,4451543,53418516,193137864,39571554,39571554,422090,761,0,0
C028998,3629619,43555428,2231723,26780676,92990569,44869091,44869091,585035,742,1,1
C028999,5431444,65177328,3290924,39491088,434956023,151943563,151943563,872575,785,0,0
C029000,2905971,34871652,1932039,23184468,142320133,17407692,17407692,363430,803,1,0
C029001,3474903,41698836,2042335,24508020,100412377,26011879,26011879,275453,842,0,0
C029002,1830078,21960936,1034840,12418080,54918348,16905509,10368939,214199,798,0,0
C029003,5153288,61839456,4189263,50271156,131956640,50260285,31050735,686992,707,0,1
C029004,4323953,51887436,2117774,25413288,141124773,256988152,233493462,1650039,772,0,1
C029005,3510810,42129720,1939628,23275536,93954011,41126741,27430351,314136,777,0,0
C029006,2930479,35165748,1581315,18975780,103721875,57369905,50066316,456346,737,0,0
C029007,2571077,30852924,1689478,20273736,431940936,23769900,16282118,310389,815,0,0
C029008,4082095,48985140,2790026,33480312,262921738,47605742,42126585,513676,760,0,0
C029009,7031602,84379224,4200019,50400228,601382948,105301685,85110786,909065,781,0,0
C029010,5450597,65407164,2206568,26478816,544966594,38029289,38029289,570676,827,0,0
C029011,2608209,31298508,1524780,18297360,170373457,149032221,140843286,917193,704,1,0
C029012,2089901,25078812,1448742,17384904,44405648,27567918,25998351,253651,811,0,0
C029013,2440747,29288964,2111285,25335420,24202722,26687277,26687277,156671,767,0,0
C029014,4393578,52722936,2535800,30429600,39458845,38846765,13907444,87872,851,0,0
C029015,2864260,34371120,2004027,24048324,143105321,78303057,69816254,421317,750,0,0
C029016,4410380,52924560,2190816,26289792,58266286,107945949,91020436,798827,759,0,0
C029017,10239403,122872836,5065629,60787548,813522389,165609404,96308365,618744,763,0,0
C029018,6555805,78669660,4147017,49764204,435841468,93395460,78008342,1032629,735,0,0
C029019,5732777,68793324,1699053,20388636,266254832,60371735,55370016,383364,684,1,0
C029020,2926535,35118420,1732293,20787516,188963527,32704079,32704079,117091,834,0,0
C029021,2718143,32617716,1537672,18452064,75742815,50869231,29447703,304457,768,0,0
C029022,8343739,100124868,5978492,71741904,222553927,244800066,244800066,2099773,645,0,0
C029023,2957172,35486064,1703064,20436768,313150692,52360706,39094785,359474,692,0,0
C029024,4464650,53575800,3382344,40588128,375456647,58821175,37407734,634500,688,0,0
C029025,6374983,76499796,2570737,30848844,247793655,62770559,45664114,432300,795,0,0
C029026,3606645,43279740,1739881,20878572,165431054,27792292,21203651,533802,818,0,0
C029027,8725963,104711556,4149068,49788816,198410423,238393169,224890278,1423287,725,0,0
C029028,3513388,42160656,2465770,29589240,102246423,44144286,44144286,169832,853,0,0
C029029,2805993,33671916,1899538,22794456,138953967,38741002,31974891,339315,747,0,0
C029030,6895349,82744188,3412602,40951224,194207955,86253791,63359158,911772,756,0,0
C029031,2616534,31398408,1867443,22409316,64359466,27143018,24298501,446264,727,0,0
C029032,7617087,91405044,6161717,73940604,551011733,266850595,253014603,1901285,829,0,0
C029033,10352483,124229796,5522779,66273348,195097580,106677380,106677380,1200242,778,1,0
C029034,4587390,55048680,3473472,41681664,255638822,44592110,13098308,559737,760,0,0
C029035,4696683,56360196,2413401,28960812,208443799,33299843,22924480,285072,822,1,0
C029036,9771323,117255876,7075622,84907464,202037695,68316773,68316773,644483,801,0,0
C029037,5127935,61535220,3567337,42808044,58985213,119976902,104034201,797143,728,0,0
C029038,4656307,55875684,2985829,35829948,116067864,62890862,41359897,98722,787,0,1
C029039,4542505,54510060,2172170,26066040,251537105,24748870,13311135,90850,806,0,0
C029040,4364122,52369464,2239243,26870916,103887994,75520864,70104545,492962,789,0,0
C029041,5645893,67750716,4318955,51827460,358733943,94110841,94110841,843159,741,0,0
C029042,6980274,83763288,4575616,54907392,473167016,73808295,45642230,797655,831,0,0
C029043,11470091,137641092,10204530,122454360,570148746,139329286,76181442,955263,900,0,0
C029044,7510330,90123960,4028838,48346056,571631571,77336655,39392286,541602,877,0,0
C029045,3393144,40717728,2316828,27801936,52921809,38118870,21222270,389113,785,0,0
C029046,4388368,52660416,2842750,34113000,299274199,144284700,126454522,1045159,692,0,0
C029047,5115065,61380780,2742644,32911728,238752386,110130058,98072667,883771,753,0,0
C029048,6577766,78933192,5032739,60392868,648500608,50171340,50171340,471039,743,0,0
C029049,3858576,46302912,2420655,29047860,33181072,46205980,27605983,449421,795,0,0
C029050,5001524,60018288,2502405,30028860,407273618,44895512,42740956,513062,714,0,0
C029051,2154534,25854408,852928,10235136,158518926,13981766,5888372,264416,891,1,0
C029052,5007653,60091836,2930811,35169732,70830814,100052724,100052724,925599,764,0,0
C029053,4535964,54431568,2681514,32178168,73690462,43932065,29577183,391376,812,0,0
C029054,4889142,58669704,2905148,34861776,583765840,196566573,182897458,1238860,709,0,0
C029055,6280896,75370752,4189072,50268864,207743059,151894162,120734749,1098894,660,0,0
C029056,4810374,57724488,3415017,40980204,221832456,69249296,52903159,259246,768,0,0
C029057,4299636,51595632,3068247,36818964,32678039,49510786,39463515,520848,734,0,1
C029058,5773173,69278076,2929527,35154324,591465644,118734687,94633665,708299,793,0,0
C029059,8585662,103027944,3415969,40991628,107156088,100393939,74338285,777959,834,0,0
C029060,5006427,60077124,2761641,33139692,316693569,23584249,23584249,282907,857,0,0
C029061,4063890,48766680,3179952,38159424,102680160,35955195,21526095,405896,691,0,0
C029062,3265279,39183348,1376513,16518156,224905392,18029423,18029423,95773,755,0,0
C029063,2239657,26875884,1302858,15634296,182649177,37394916,32006737,273721,749,0,0
C029064,3130055,37560660,1288891,15466692,270977351,28262596,16650957,217399,829,1,0
C029065,3833579,46002948,2391664,28699968,114667456,79970188,62985503,791338,766,0,0
C029066,2993515,35922180,1179477,14153724,129630482,35482277,35482277,180405,794,0,0
C029067,2349923,28199076,1549886,18598632,141737365,28130079,15513835,128722,694,0,0
C029068,3465523,41586276,1958807,23505684,46809139,69491525,40475999,221513,721,1,0
C029069,6030914,72370968,4225375,50704500,437684295,47779009,25582891,355181,835,0,0
C029070,3174636,38095632,857093,10285116,179165542,29968461,29968461,485471,915,0,0
C029071,6148011,73776132,3214703,38576436,216385817,109228453,94625764,537246,812,0,0
C029072,8153967,97847604,4799675,57596100,277793149,133172009,70915928,1423553,601,1,0
C029073,5325483,63905796,3319142,39829704,722606737,55218823,33729429,640143,766,0,0
C029074,6702894,80434728,1675724,20108688,552300792,120862652,120862652,659041,868,0,0
C029075,1800000,21600000,600229,7202748,230307215,50450108,45540238,367411,880,0,1
C029076,6390833,76689996,2067700,24812400,345341174,91967997,61879631,1029410,834,0,0
C029077,5105416,61264992,2282835,27394020,97616713,28125830,16659180,351015,787,0,0
C029078,3662356,43948272,1338606,16063272,72758069,35429632,31640090,129778,775,0,0
C029079,4736997,56843964,3142319,37707828,195338301,68615604,56869055,437974,852,0,0
C029080,6776018,81312216,3779767,45357204,300782975,50438198,50438198,431989,861,0,0
C029081,2640124,31681488,1328670,15944040,49364762,23626144,17214913,174483,830,0,0
C029082,5792797,69513564,2002514,24030168,180925545,58421857,42792675,350829,878,0,0
C029083,9649358,115792296,5885078,70620936,487337131,120475210,105859994,1328844,862,0,0
C029084,3347010,40164120,1910764,22929168,181140454,38117154,23054531,218758,743,0,0
C029085,3492984,41915808,2019171,24230052,411858351,42168629,37503141,339141,950,0,0
C029086,3149997,37799964,1643495,19721940,193291722,29672873,26435073,207461,814,0,0
C029087,4826537,57918444,2660494,31925928,268978408,61158641,34288229,821281,709,0,0
C029088,5179164,62149968,2906233,34874796,628598444,43133602,30769965,522393,784,0,0
C029089,2528010,30336120,1871951,22463412,200945180,88653322,65690074,581372,755,0,0
C029090,3944499,47333988,2264105,27169260,429948046,33429141,26337504,78890,831,0,0
C029091,3922964,47075568,2540324,30483888,72443328,116901080,113717791,813226,837,0,0
C029092,3276978,39323736,1361690,16340280,36343013,74710174,71301274,499762,718,0,0
C029093,6623377,79480524,4254016,51048192,196159901,136067516,84335144,707906,705,1,0
C029094,3422065,41064780,1691482,20297784,574906920,21613152,21613152,390947,787,1,0
C029095,3310489,39725868,3257360,39088320,556162152,59558032,41612166,453195,773,0,0
C029096,4877983,58535796,2921104,35053248,655779984,36046188,16058301,551641,769,1,0
C029097,3254325,39051900,2858125,34297500,105100662,30796722,25588439,380017,689,1,1
C029098,11064641,132775692,11617873,139414476,1077779090,225873962,180444521,2035022,653,0,1
C029099,2124711,25496532,1277867,15334404,64296986,36609681,25297157,280152,752,0,0
C029100,3272070,39264840,2370762,28449144,509975636,58070544,32493759,505271,717,0,0
C029101,5666348,67996176,3402322,40827864,199448988,85823554,80628553,976600,747,1,0
C029102,3217313,38607756,2166450,25997400,540508584,68537827,58159708,374579,751,0,1
C029103,9878231,118538772,4196813,50361756,294599087,59911678,52035561,497794,730,0,0
C029104,4171655,50059860,2472219,29666628,121021325,53994662,44045184,744249,792,0,0
C029105,4322487,51869844,2289124,27469488,297986973,85327685,76137780,506310,776,0,0
C029106,5620175,67442100,1986563,23838756,422498274,52176353,52176353,906225,805,0,0
C029107,5159498,61913976,3441379,41296548,104476837,21823519,21823519,392108,752,0,0
C029108,3536949,42443388,1713184,20558208,68149709,34062697,34062697,395070,854,0,0
C029109,11725173,140702076,7732555,92790660,284954185,183628650,113448412,1981400,672,0,0
C029110,3997075,47964900,1413360,16960320,70779327,52456321,25118423,79942,793,0,0
C029111,8222715,98672580,4501288,54015456,138755881,35533200,27915495,183199,767,0,0
C029112,4277671,51332052,2193151,26317812,81757109,82937875,82937875,475882,836,0,0
C029113,6789399,81472788,2901905,34822860,597870236,64444429,37463027,916546,776,0,0
C029114,5661642,67939704,3340626,40087512,607188101,148081175,134155996,1133762,771,0,0
C029115,4444494,53333928,2634644,31615728,477933319,63221905,37619024,238650,746,0,0
C029116,2386520,28638240,1461564,17538768,62710884,17749069,13283135,287838,767,0,0
C029117,2195508,26346096,1035907,12430884,169804132,12309038,8398142,114135,793,0,0
C029118,6065110,72781320,3767469,45209628,212265363,66982040,48891703,892072,716,1,0
C029119,3024564,36294768,2027777,24333324,102494477,18044261,10912900,372377,770,1,0
C029120,3399176,40790112,1738645,20863740,172204580,24716587,24716587,95304,798,0,1
C029121,3499308,41991696,2403309,28839708,147130194,51322298,39662520,422595,722,0,0
C029122,3986459,47837508,2480439,29765268,160704810,136530550,125890655,999826,734,1,0
C029123,4540923,54491076,3430947,41171364,159773402,52694386,26900350,477796,758,0,1
C029124,3002995,36035940,1996780,23961360,243732084,32979852,19324749,246070,690,0,0
C029125,4486295,53835540,2360421,28325052,85931382,49992832,35971410,244736,880,0,0
C029126,8109769,97317228,5943501,71322012,355190793,101495604,64954605,519757,784,0,0
C029127,4019377,48232524,3278799,39345588,46919127,40137046,32437943,380458,674,0,0
C029128,4038352,48460224,2446330,29355960,119082407,24499222,22224594,97721,839,0,0
C029129,3272950,39275400,2059145,24709740,111800687,46234056,26193636,232636,865,0,0
C029130,5013376,60160512,3517747,42212964,194288556,46075620,36976882,407040,790,0,0
C029131,2704124,32449488,1369134,16429608,129881656,76875611,63823002,365638,770,0,0
C029132,5790856,69490272,2640868,31690416,337607888,74979415,54708209,509574,742,0,0
C029133,8326858,99922296,5351208,64214496,319434360,96637781,67462961,684427,759,1,1
C029134,9258418,111101016,6001305,72015660,334097493,120805445,91960636,677367,743,0,0
C029135,3734136,44809632,2071073,24852876,105232609,27580409,27580409,429655,674,0,0
C029136,3633326,43599912,1902918,22835016,403652918,49176578,49176578,514675,757,0,0
C029137,4267233,51206796,1948712,23384544,159019529,18542458,13147433,85345,792,0,0
C029138,2408195,28898340,612872,7354464,181473443,20116674,13675786,202532,809,0,0
C029139,4321072,51852864,1860024,22320288,375212008,48319274,42887199,668510,808,0,1
C029140,4877098,58525176,2897455,34769460,819352464,85188148,80626333,698167,798,1,0
C029141,2607044,31284528,1391251,16695012,172797189,28036951,28036951,337821,793,0,0
C029142,7006121,84073452,3332572,39990864,323223728,59428379,49271975,770387,883,0,0
C029143,4377157,52525884,3185507,38226084,90250428,65962597,57235014,325571,718,0,0
C029144,3276734,39320808,1842628,22111536,293355808,23769849,23769849,297890,828,0,0
C029145,4495982,53951784,1763137,21157644,117034271,95954208,83568159,501743,799,0,0
C029146,5096823,61161876,2054570,24654840,856266264,79758841,64019829,660762,895,0,0
C029147,3736913,44842956,2385511,28626132,53894056,21216034,21216034,361611,712,0,0
C029148,2469004,29628048,1507432,18089184,150347905,36404521,32897692,290162,779,0,0
C029149,3936732,47240784,2463051,29556612,195161199,112201638,101308348,751952,635,0,0
C029150,5655235,67862820,4066066,48792792,286855344,107276792,74995657,830576,866,0,0
C029151,4534018,54408216,2792457,33509484,172090117,95136479,95136479,755207,716,1,0
C029152,2882319,34587828,1169051,14028612,433529285,20714560,20714560,403394,810,0,0
C029153,4606778,55281336,1434306,17211672,204535611,85051009,74433977,489419,836,0,0
C029154,3319030,39828360,2791023,33492276,153242524,39106604,9514593,237416,762,0,0
C029155,4162148,49945776,3609884,43318608,348608242,146963294,121551163,915288,686,1,0
C029156,4162016,49944192,1846637,22159644,159056370,28371972,18880525,83240,798,0,0
C029157,3013256,36159072,1813968,21767616,506227008,59552955,47658858,421341,741,0,0
C029158,4373696,52484352,2549482,30593784,118844089,78968183,73981253,370008,721,0,0
C029159,2965366,35584392,1781064,21372768,116006723,125687408,120315434,879055,720,0,1
C029160,4182223,50186676,2486443,29837316,116376020,46955349,46955349,674483,809,0,0
C029161,3739672,44876064,2556905,30682860,224556080,55911455,45022238,267075,764,0,0
C029162,1800000,21600000,1293404,15520848,60420337,12114120,9483400,211260,901,1,0
C029163,3507248,42086976,1769168,21230016,94888473,32055133,23766994,282014,814,0,0
C029164,2738161,32857932,2148695,25784340,94690231,35131941,29136902,365233,616,0,0
C029165,6026738,72320856,3691608,44299296,126508589,130719405,109432939,847450,800,0,0
C029166,3818255,45819060,2523755,30285060,129931831,120073935,101284591,812450,712,0,0
C029167,2043955,24527460,988834,11866008,68426998,51770207,45567102,306113,682,2,0
C029168,3152817,37833804,1911916,22942992,85702752,39129911,39129911,268354,751,0,0
C029169,3534320,42411840,2125483,25505796,83027182,151233088,143617935,833943,737,0,0
C029170,1800000,21600000,1066639,12799668,220581677,16987161,8930130,151776,763,0,0
C029171,4363692,52364304,3179909,38158908,140748417,59118675,44120326,361428,685,0,0
C029172,6519769,78237228,3302610,39631320,178139355,88506116,80806397,911463,750,0,0
C029173,2040433,24485196,1748565,20982780,286984573,56135932,50294517,319131,649,0,1
C029174,2055975,24671700,1366909,16402908,183802129,15480706,7483060,212634,635,1,0
C029175,5342193,64106316,3497751,41973012,263739726,52750130,52750130,805515,732,0,0
C029176,5929368,71152416,3221304,38655648,271379241,52685929,48589041,424416,807,0,0
C029177,3263798,39165576,1472924,17675088,463218191,70631482,67474738,297299,823,0,0
C029178,5172776,62073312,3614003,43368036,310015638,22672371,22672371,273957,777,0,0
C029179,4345572,52146864,2343108,28117296,68466035,55012136,54748334,659643,766,0,0
C029180,5705726,68468712,2052484,24629808,331715524,226031118,221096040,1461339,726,1,0
C029181,7872119,94465428,6921875,83062500,166415395,166151825,148631592,1999433,731,0,0
C029182,3724640,44695680,2154354,25852248,253831512,25020389,25020389,259126,849,0,0
C029183,3851789,46221468,2572513,30870156,112753000,73857414,65970488,500919,814,0,0
C029184,3933851,47206212,2719066,32628792,660886968,21556211,21556211,345231,860,0,0
C029185,12000000,144000000,7411505,88938060,573387262,205659283,203924923,2226648,795,0,0
C029186,1874712,22496544,992392,11908704,226139287,5363612,5201060,180697,792,0,0
C029187,4710255,56523060,1587364,19048368,106329288,88125805,62679786,595442,820,0,0
C029188,6598050,79176600,4686594,56239128,137159339,145479385,107268660,1003062,750,0,0
C029189,4664242,55970904,2327905,27934860,110564682,23227932,14430556,262483,707,0,0
C029190,4579719,54956628,2280815,27369780,282566957,39594624,27456594,356771,800,0,0
C029191,5743290,68919480,3689397,44272764,514610603,61820425,32856754,790392,796,0,0
C029192,3173324,38079888,1289882,15478584,35630298,66168923,56076366,627280,801,0,0
C029193,2521026,30252312,1528895,18346740,166243866,21015103,15022001,289418,900,0,0
C029194,4358399,52300788,2787714,33452568,329766104,65210563,36765113,361011,689,0,0
C029195,2041324,24495888,1255848,15070176,20113948,25699831,22346492,196936,850,0,0
C029196,1800000,21600000,1518796,18225552,147601249,21805407,17230032,225695,660,1,0
C029197,3117787,37413444,2041252,24495024,73059979,67509919,48724448,530484,660,0,0
C029198,2123220,25478640,1057661,12691932,222313994,51344863,41706404,270792,678,2,1
C029199,2207422,26489064,1456721,17480652,89019501,17304448,12067397,222940,790,0,0
C029200,2732897,32794764,2138332,25659984,34795769,20698813,6960553,382823,568,2,0
C029201,2020086,24241032,1171248,14054976,86754648,11790619,11790619,173876,800,0,0
C029202,7854889,94258668,4573175,54878100,142852424,75955301,66746996,371912,903,0,0
C029203,4635369,55624428,2541875,30502500,56081116,43998359,34111585,390171,739,0,0
C029204,3292676,39512112,1810898,21730776,273495822,99260705,99260705,907044,686,1,1
C029205,1800000,21600000,795954,9551448,33674770,35090892,32648057,302688,784,0,0
C029206,3233184,38798208,2270516,27246192,238352211,43608234,43608234,275785,816,0,1
C029207,2591092,31093104,1283372,15400464,173087395,46382844,27465457,335777,822,0,0
C029208,4353258,52239096,3114250,37371000,274908831,76421774,59674708,507069,681,0,1
C029209,2227154,26725848,891202,10694424,252798913,22117940,22117940,117951,870,0,0
C029210,4444667,53336004,1111167,13334004,176819322,32186981,32186981,176989,754,0,0
C029211,2192250,26307000,840628,10087536,310841860,30189630,25705688,289150,865,0,0
C029212,7578761,90945132,4395926,52751112,113212327,72552360,23616976,663026,817,0,0
C029213,5916698,71000376,3019886,36238632,612434418,31910440,20190886,608609,782,1,0
C029214,5082205,60986460,3195047,38340564,64961935,46057032,30231301,614284,770,0,0
C029215,4378566,52542792,3367336,40408032,365812380,56252605,56252605,542449,890,0,0
C029216,8323509,99882108,6874462,82493544,860906838,93940497,48767414,1173709,720,0,1
C029217,5039734,60476808,2031876,24382512,247219879,47369168,47369168,527181,768,0,0
C029218,4013120,48157440,2226506,26718072,572984459,56812230,56812230,507225,793,0,0
C029219,5684180,68210160,2421690,29060280,672920384,116616682,79425009,736835,762,0,0
C029220,5949729,71396748,2620431,31445172,139478494,67589612,54929142,714318,769,0,0
C029221,6175608,74107296,2814655,33775860,140170961,43111703,39144079,493202,838,0,0
C029222,4011189,48134268,1970861,23650332,427176804,110843070,104226699,857446,728,0,0
C029223,2151760,25821120,1662426,19949112,114883962,85910822,85910822,561805,750,1,0
C029224,1800000,21600000,585627,7027524,97580019,63859922,55793159,509234,678,1,0
C029225,4091009,49092108,2177101,26125212,150654146,40775234,25690501,415794,685,0,0
C029226,1800000,21600000,1158918,13907016,48428484,22234608,22234608,254981,906,0,0
C029227,9352858,112234296,6345749,76148988,102022329,39793467,39793467,483542,761,0,0
C029228,4007511,48090132,1235100,14821200,107246308,87156678,79610887,554075,731,1,0
C029229,2964673,35576076,909034,10908408,158857730,26183731,22216103,150284,820,0,0
C029230,4182788,50193456,2993462,35921544,91377468,77743397,53329380,714291,720,0,1
C029231,8415956,100991472,3646396,43756752,73333409,69707998,29111662,168319,767,0,0
C029232,3499043,41988516,1485708,17828496,175951645,51863829,43507616,264420,751,0,0
C029233,4779254,57351048,2741208,32894496,612806321,97162995,78189047,654855,675,1,0
C029234,4376788,52521456,3241379,38896548,55805118,68000994,40273735,219360,797,0,0
C029235,4651113,55813356,3442054,41304648,259067064,96774167,79731000,1057182,643,2,0
C029236,5843496,70121952,2892831,34713972,161636566,93810783,84903215,746942,733,2,0
C029237,4891063,58692756,4230692,50768304,214930627,39462290,35183258,515575,758,0,0
C029238,3791821,45501852,2553394,30640728,95886942,30074621,30074621,343787,826,0,0
C029239,4459834,53518008,2131349,25576188,54144670,61963799,30684024,345450,798,0,0
C029240,4385029,52620348,2269769,27237228,242457452,130993191,116647195,568494,812,0,0
C029241,3339905,40078860,2059931,24719172,401070551,22377852,12305849,357279,793,1,0
C029242,3271705,39260460,2128293,25539516,320116656,24822189,16806676,228640,806,0,0
C029243,2708243,32498916,1462444,17549328,384512281,63582846,59035933,617903,701,0,0
C029244,3115183,37382196,1486897,17842764,104786970,23388946,9408201,199857,812,0,0
C029245,2771610,33259320,1338366,16060392,144750925,7169428,7169428,131082,822,0,0
C029246,2858845,34306140,1580351,18964212,26810417,23006516,7483481,364991,801,0,0
C029247,2988869,35866428,2188784,26265408,83018825,8779501,8779501,198322,834,0,0
C029248,4265715,51188580,2253296,27039552,95976378,83305207,60765848,603639,825,0,0
C029249,3966360,47596320,2088081,25056972,283702851,62130758,48375226,303893,765,0,0
C029250,2164389,25972668,1320806,15849672,58460072,34780144,22294937,348202,770,0,0
C029251,7408202,88898424,3393716,40724592,185611427,59739301,59739301,516540,715,0,1
C029252,4524824,54297888,2538096,30457152,213208086,34824128,15143960,212872,746,0,0
C029253,4601107,55213284,3072318,36867816,259495666,63087465,61556839,405897,833,0,0
C029254,6634071,79608852,4236220,50834640,246431169,152242700,123872971,935014,815,0,0
C029255,3844870,46138440,1589785,19077420,168993787,139556514,131750351,746885,825,0,0
C029256,4351391,52216692,2933619,35203428,159454569,45922641,20380664,233479,764,0,0
C029257,5668748,68024976,3873224,46478688,390805368,51587878,38216128,660098,753,0,0
C029258,4935701,59228412,2936350,35236200,82787220,121247533,121247533,1230995,817,0,0
C029259,4511816,54141792,2391022,28692264,72849982,45493320,24436888,209811,824,0,0
C029260,3106668,37280016,1873511,22482132,116092887,22127682,12372818,236502,806,0,0
C029261,7081460,84977520,3603914,43246968,405454638,96590833,96590833,491898,753,0,0
C029262,10161286,121935432,4818299,57819588,314740829,66272481,47247138,977104,736,0,1
C029263,5546942,66563304,3157533,37890396,481912497,72459540,63127279,673012,746,0,0
C029264,4928337,59140044,3514954,42179448,386432721,57953062,57953062,619874,864,1,0
C029265,8341689,100100268,2922039,35064468,421482070,235727203,190487999,1306746,744,0,0
C029266,4336388,52036656,1279009,15348108,98884828,64521092,64521092,644027,811,0,0
C029267,4185433,50225196,2203957,26447484,93808080,27515793,21270864,83709,749,0,0
C029268,2734667,32816004,998783,11985396,42012452,22009997,13704895,64380,755,0,0
C029269,1994250,23931000,1389893,16678716,71902941,6571353,5786657,50000,763,0,0
C029270,7232281,86787372,3806172,45674064,540654400,53819657,44919427,759565,771,0,0
C029271,2854483,34253796,1035390,12424680,98591732,44979370,36866310,283714,744,0,0
C029272,4794146,57529752,3261284,39135408,382557070,37182861,21314347,237260,821,0,0
C029273,6543862,78526344,3498982,41987784,134393651,74798566,72646257,806067,824,0,0
C029274,1858375,22300500,914883,10978596,312207000,18191379,17030338,161101,845,0,0
C029275,4282527,51390324,3534494,42413928,191881325,83342583,69383347,440906,697,0,0
C029276,3464256,41571072,1886347,22636164,126796466,26640883,17616512,186570,824,0,0
C029277,3153735,37844820,1771035,21252420,154314596,23790717,22257253,324513,721,0,0
C029278,1990961,23891532,825603,9907236,82172422,19145027,9061126,50000,732,0,0
C029279,12000000,144000000,7982786,95793432,2000000000,197733633,197733633,1634286,777,0,0
C029280,3490086,41881032,2395762,28749144,364987038,35006297,29869660,442670,690,0,0
C029281,3369547,40434564,2533228,30398736,104616055,58614470,41724892,380329,773,0,0
C029282,2911077,34932924,1152324,13827888,73089527,42498025,19819283,161230,733,0,0
C029283,5437222,65246664,3981199,47774388,270503208,33199455,30472678,424958,806,0,0
C029284,3809897,45718764,2355719,28268628,317538149,91072087,73406860,588758,775,0,0
C029285,3851700,46220400,1250561,15006732,346738506,35753125,33269742,94652,811,0,0
C029286,4300269,51603228,2097601,25171212,148601827,45552581,44413293,461672,771,0,0
C029287,2228553,26742636,1415191,16982292,355007736,23862254,23627187,247130,851,0,0
C029288,5579494,66953928,3893974,46727688,478197103,64580247,28840386,584767,763,0,0
C029289,2673225,32078700,1203439,14441268,17933801,18133580,16798560,53465,793,0,0
C029290,3663191,43958292,2397669,28772028,280285493,38324716,17869935,193247,766,0,0
C029291,3082715,36992580,1729118,20749416,264443249,54129645,47044250,287966,752,0,1
C029292,4642764,55713168,2637448,31649376,108169953,35231162,25546620,92855,786,0,0
C029293,6823009,81876108,3907991,46895892,151563599,83860038,76821040,562919,812,0,0
C029294,4849744,58196928,2917186,35006232,90109165,97267521,88148628,700049,649,0,1
C029295,4466346,53596152,2420977,29051724,315136836,38933275,21206422,415628,770,0,0
C029296,3579282,42951384,1333300,15999600,129060736,46109683,22416526,338008,839,1,0
C029297,3868448,46421376,2201848,26422176,201131980,32495082,32495082,169364,750,0,0
C029298,5534305,66411660,2809175,33710100,929763240,52664621,28518402,659893,859,0,0
C029299,3642704,43712448,1413666,16963992,131212752,52453044,52453044,149911,797,0,0
C029300,5918879,71026548,3128039,37536468,306212187,73838239,73838239,466115,815,0,0
C029301,2660407,31924884,1538902,18466824,153778682,64318949,59452741,541435,783,0,0
C029302,6116274,73395288,4706509,56478108,509986844,98104302,93066760,855691,722,0,0
C029303,3773179,45278148,2532929,30395148,124493695,57830230,48682951,378905,775,1,0
C029304,3924048,47088576,3026570,36318840,38291911,58749879,53631434,902865,723,0,0
C029305,3066158,36793896,2249576,26994912,110165577,35178590,16831968,67569,862,0,0
C029306,5427729,65132748,4358454,52301448,101786191,89855403,59865242,984445,680,0,1
C029307,2959840,35518080,1994186,23930232,243558519,46137904,39118511,450604,741,0,0
C029308,4027807,48333684,2917355,35008260,109315812,49270825,19674602,291627,767,0,0
C029309,2276987,27323844,1150074,13800888,101593451,12561897,12107097,200248,740,0,0
C029310,2846830,34161960,1352129,16225548,74227419,21342028,17575957,158472,676,0,0
C029311,5916316,70995792,3622127,43465524,86135894,71252445,56566653,826646,757,0,0
C029312,3692297,44307564,1690179,20282148,272736225,52061973,47424612,506370,818,0,0
C029313,6277070,75324840,4054176,48650112,150277978,113985717,113985717,512591,705,0,0
C029314,3547465,42569580,2243770,26925240,99533073,87440866,68142154,771745,736,1,0
C029315,2103351,25240212,1100994,13211928,95707942,30630747,23314522,205503,784,1,1
C029316,2613623,31363476,1490468,17885616,78656864,13849547,5756911,171456,791,0,0
C029317,4523976,54287712,2790789,33489468,35259845,41888259,41260659,460753,830,0,0
C029318,2567270,30807240,1044508,12534096,50299649,24976357,15378403,268119,709,0,0
C029319,6680685,80168220,5125721,61508652,228330810,193531082,153904311,885171,715,1,0
C029320,5993351,71920212,5631412,67576944,266753568,37175641,20002727,877459,843,0,1
C029321,2758163,33097956,2156373,25876476,52620984,33827351,33827351,304276,825,0,0
C029322,2597394,31168728,2277538,27330456,113670602,10368471,10368471,265264,806,0,0
C029323,2605007,31260084,1425395,17104740,100047365,53734232,37996917,368904,686,2,0
C029324,3470215,41642580,2503340,30040080,140744694,55372123,47391158,369924,820,0,0
C029325,3208984,38507808,2596448,31157376,65025725,18974494,12708078,279303,672,0,0
C029326,2791027,33492324,1514753,18177036,43607471,74816223,62385840,424155,749,0,0
C029327,4479472,53753664,2190652,26287824,691043629,64142234,51179529,710564,722,1,0
C029328,5604466,67253592,4382829,52593948,190895079,159268213,159268213,872729,754,0,0
C029329,2358474,28301688,2005539,24066468,134867540,17358361,15499162,213938,737,1,0
C029330,4173148,50077776,2270138,27241656,267686095,83108706,66349445,581006,762,0,0
C029331,5093189,61118268,1941437,23297244,315836158,74302636,56681095,498072,828,0,0
C029332,3380799,40569588,1834351,22012212,262889393,58659775,51841160,402368,836,0,0
C029333,3352204,40226448,1992566,23910792,77775514,42170737,21864974,112703,903,0,0
C029334,2109375,25312500,1277416,15328992,22807752,55860800,41604032,344520,761,0,0
C029335,1800000,21600000,903601,10843212,70478698,64807934,62348248,482524,772,0,0
C029336,6825912,81910944,4045678,48548136,192431550,61018830,34140229,287542,824,0,0
C029337,4118904,49426848,2514988,30179856,68997581,243474829,222420816,1409703,615,0,1
C029338,3872498,46469976,1541213,18494556,170498968,65297903,62792741,563827,773,1,0
C029339,4584188,55010256,2393281,28719372,97511791,32670735,21164742,465682,697,1,0
C029340,5681079,68172948,4179830,50157960,123481254,19804979,19804979,329041,845,0,0
C029341,4739393,56872716,1945943,23351316,72480840,44737507,44737507,243355,832,1,0
C029342,7770059,93240708,3356454,40277448,383725440,61849583,37134358,1120525,692,0,0
C029343,2689650,32275800,1413798,16965576,90100495,12958239,12958239,209805,839,0,0
C029344,3112094,37345128,1287962,15455544,179797121,44899178,44899178,348262,797,0,0
C029345,4235564,50826768,2849824,34197888,711574752,32356774,26328506,434503,699,2,0
C029346,3448707,41384484,2441383,29296596,85525473,23864443,23864443,324540,772,1,0
C029347,4814176,57770112,3267083,39204996,45825548,87839071,87839071,828317,707,1,0
C029348,3853479,46241748,1972157,23665884,586434892,32817893,25077767,378845,855,0,0
C029349,5051810,60621720,3031153,36373836,83565621,49170704,5985878,512747,724,1,0
C029350,6870468,82445616,5246817,62961804,110358082,246467501,222470871,1597061,737,0,1
C029351,4335585,52027020,3013777,36165324,103128795,53208656,41578546,415982,858,0,0
C029352,4598526,55182312,2521552,30258624,84562150,57898245,47381626,434612,814,0,0
C029353,8740187,104882244,3849714,46196568,223134845,121789056,86791850,950924,750,0,0
C029354,3416894,41002728,1637854,19654248,106331177,40963036,38194666,497336,719,0,0
C029355,3270806,39249672,2303599,27643188,549495408,91523091,89978449,834721,741,1,0
C029356,3424614,41095368,2395908,28750896,306867955,89720561,68750541,646477,604,0,1
C029357,2949736,35396832,1792884,21514608,86495928,41224526,34388577,350828,804,0,0
C029358,3364788,40377456,2575498,30905976,46144358,30875662,26703144,107005,703,0,0
C029359,5893263,70719156,2774714,33296568,231651477,215602463,197609286,1677101,726,1,0
C029360,5996905,71962860,3232962,38795544,100797540,83699670,72236400,351709,902,0,0
C029361,3471442,41657304,867861,10414332,85009432,38581960,34612241,395185,835,0,0
C029362,4209701,50516412,2839956,34079472,278760100,101621007,69239885,668313,815,0,0
C029363,4010084,48121008,2007229,24086748,179152742,32270964,15745179,334986,705,0,0
C029364,3590072,43080864,2113164,25357968,407733505,16641428,16364379,324451,839,0,0
C029365,7678054,92136648,5328266,63939192,88477660,80290082,75196387,791604,771,0,0
C029366,3911774,46941288,3115643,37387716,324789290,53611592,45909356,616435,769,0,0
C029367,5537680,66452160,3785275,45423300,930330240,16834228,16834228,136319,824,0,0
C029368,2596956,31163472,842995,10115940,37287528,72275175,64418701,591017,734,0,0
C029369,6569147,78829764,5043500,60522000,175614868,47553060,40765371,523527,748,0,0
C029370,3910634,46927608,2710778,32529336,171766375,91225589,62560105,585669,788,0,0
C029371,6089672,73076064,2680911,32170932,215986372,104846907,102011840,497566,763,1,0
C029372,7112003,85344036,4313411,51760932,339151239,86340313,29576329,733869,838,0,1
C029373,8153695,97844340,4012234,48146808,498480117,46225003,41758829,163074,812,0,0
C029374,5513861,66166332,2648333,31779996,339979485,87767410,62484334,807238,822,0,0
C029375,6486968,77843616,4753535,57042420,493386155,231012761,191165112,780996,750,0,0
C029376,4505744,54068928,3517563,42210756,191658284,71500074,52977515,569933,771,1,0
C029377,3711175,44534100,2701679,32420148,54488561,70800736,52436611,601410,809,0,0
C029378,2640561,31686732,1043890,12526680,285826244,36503366,22881770,316680,759,0,0
C029379,7568426,90821112,4808842,57706104,861952752,322091102,322091102,1980775,737,1,0
C029380,3905264,46863168,2274527,27294324,110831546,45957534,37768533,352702,883,0,0
C029381,6452489,77429868,3602489,43229868,134133599,67537597,67537597,944170,823,0,0
C029382,4532421,54389052,3160571,37926852,333383084,48761752,46314559,296636,796,0,0
C029383,3145739,37748868,1693537,20322444,88351997,34524759,25032799,327571,746,0,0
C029384,3071850,36862200,2004509,24054108,200324322,31388125,20336532,61437,781,0,0
C029385,3697766,44373192,2301328,27615936,63258816,74211665,46303629,464750,720,0,0
C029386,2558406,30700872,729279,8751348,245289921,40804072,25987193,301502,809,0,0
C029387,4185283,50223396,3329900,39958800,196225480,64456516,46898060,561273,664,0,1
C029388,4670781,56049372,2013234,24158808,134061394,78813250,56301435,281334,871,0,0
C029389,7481168,89774016,4273235,51278820,1256836224,218840315,214850868,1951316,768,0,0
C029390,2400736,28808832,1044854,12538248,136981710,8999101,8999101,282663,788,0,0
C029391,5817553,69810636,5224483,62693796,259566140,94626710,79624568,734506,726,1,1
C029392,2134199,25610388,746168,8954016,28605935,50316342,43877610,330226,795,0,0
C029393,7513877,90166524,4604271,55251252,442947444,101185444,65666954,1209257,824,0,0
C029394,2279571,27354852,1270776,15249312,188412321,19044184,16290629,290283,812,0,0
C029395,2311728,27740736,1654298,19851576,42777669,69459905,52183178,507923,632,4,1
C029396,3523169,42278028,1809642,21715704,316294594,47496655,36179146,418850,765,0,0
C029397,2168932,26027184,971050,11652600,96143732,41844343,32498644,244959,842,0,0
C029398,12000000,144000000,7325554,87906648,285828075,111710943,57901108,789840,791,0,0
C029399,3294855,39538260,2088301,25059612,191739171,24780805,12972814,410162,772,0,0
C029400,2805549,33666588,1218214,14618568,268220967,14439588,14439588,173797,820,0,0
C029401,5227503,62730036,2804327,33651924,689720457,84129551,58471662,581929,870,0,0
C029402,4360878,52330536,3512071,42144852,154891396,63136030,33614385,357290,834,0,0
C029403,2998838,35986056,2327366,27928392,123126427,112150397,92796489,885479,597,1,1
C029404,3471589,41659068,1052397,12628764,236555605,74078245,51412773,470089,699,0,0
C029405,3206456,38477472,1920427,23045124,274201507,35200942,35200942,372432,826,0,0
C029406,5547062,66564744,3915622,46987464,243163111,60873705,60873705,810025,771,0,0
C029407,7507916,90094992,4716472,56597664,990757519,266718849,266718849,2038060,651,0,1
C029408,3010309,36123708,1409944,16919328,229344966,14406769,14406769,157605,816,0,0
C029409,2804361,33652332,1958544,23502528,105947271,41197525,24520992,289944,744,0,0
C029410,1911144,22933728,1055907,12670884,80206238,12803701,8822272,245089,819,0,0
C029411,2915955,34991460,1045852,12550224,72671958,32531000,31333163,362628,822,0,0
C029412,2233942,26807304,1059345,12712140,165173249,11058392,11058392,70258,819,0,0
C029413,8160291,97923492,3744103,44929236,169709549,58997164,38502597,804692,783,0,0
C029414,5048930,60587160,2569378,30832536,133575438,51697435,34070188,420347,784,0,0
C029415,2856769,34281228,1209505,14514060,137893221,8358996,8358996,199842,797,0,0
C029416,4409811,52917732,2496086,29953032,193436035,13296812,13296812,88196,855,0,0
C029417,4670253,56043036,2248597,26983164,113648728,77819920,64552552,440680,757,0,0
C029418,4843990,58127880,1964661,23575932,290986337,33215687,12289019,214808,804,0,0
C029419,2876291,34515492,1435729,17228748,45858704,39310472,32026225,414455,763,0,0
C029420,6116532,73398384,3997803,47973636,632560994,43771149,35281438,574008,747,0,0
C029421,4072084,48865008,2577330,30927960,183714420,29015261,29015261,244765,910,0,0
C029422,3446547,41358564,2424836,29098032,65544041,143021055,134554287,992541,747,1,1
C029423,7887538,94650456,2785521,33426252,461735008,109734892,57464114,560653,778,0,0
C029424,1800000,21600000,1504090,18049080,68575774,23919128,23919128,220414,698,0,0
C029425,2310493,27725916,1206874,14482488,116332577,33541552,21138272,129931,804,0,1
C029426,2626615,31519380,1324482,15893784,245430190,29375869,23198884,274596,867,0,0
C029427,3535196,42422352,2160278,25923336,147629177,40860567,28741744,213429,781,0,0
C029428,3807894,45694728,2061291,24735492,396865029,49576773,49576773,398965,823,0,0
C029429,2468720,29624640,1503671,18044052,114248919,24087887,18409342,231926,867,0,0
C029430,4989101,59869212,3274490,39293880,146630447,12341724,12341724,236130,862,0,0
C029431,6902040,82824480,3032739,36392868,126445917,114894117,105753481,902806,777,0,0
C029432,4338139,52057668,1461477,17537724,169148842,29831209,27839932,265487,822,0,0
C029433,3548668,42584016,2093827,25125924,52102807,34559918,34559918,209064,841,0,0
C029434,5214002,62568024,4091375,49096500,324123778,117724715,83407590,1067112,720,1,0
C029435,5609714,67316568,3381212,40574544,171144903,41339519,23801474,163326,790,0,0
C029436,3514181,42170172,1943291,23319492,34205466,46698780,37420279,142214,771,0,0
C029437,3044664,36535968,818885,9826620,89270072,112157612,106813268,784807,787,0,1
C029438,3510531,42126372,2084963,25019556,51529035,24456930,13007030,328708,860,0,0
C029439,2887456,34649472,2217940,26615280,261240993,36737748,14429743,250102,648,0,0
C029440,4316365,51796380,1915655,22987860,274140445,68291326,67372954,227245,772,1,0
C029441,3241817,38901804,2352778,28233336,104466295,37892737,36427588,210692,757,0,0
C029442,3690747,44288964,1056848,12682176,133013750,71981133,44397679,239555,705,0,0
C029443,3974348,47692176,2303181,27638172,667690464,27498943,26504723,367889,767,0,1
C029444,3224872,38698464,2235841,26830092,108824815,20973026,20973026,324456,787,0,0
C029445,3918420,47021040,1361408,16336896,86826380,40056763,34341317,298595,837,0,0
C029446,2125798,25509576,1402881,16834572,79735345,31480012,22620817,248099,769,0,0
C029447,5858821,70305852,1919512,23034144,253503217,49955231,49955231,621268,847,0,0
C029448,3688990,44267880,2005303,24063636,152521432,30227790,22778254,334899,709,0,0
C029449,2909426,34913112,1307223,15686676,132746998,58773473,36996905,370379,716,0,0
C029450,5533372,66400464,3606332,43275984,179386846,70332057,39224112,461656,800,0,0
C029451,3247603,38971236,1559415,18712980,280665011,73446652,59096212,491488,763,0,0
C029452,2460118,29521416,1546768,18561216,70468149,41533158,41533158,295458,713,1,1
C029453,4559083,54708996,1949700,23396400,240437024,64620948,32158368,320546,792,0,0
C029454,4557161,54685932,3097632,37171584,122428030,31993332,31993332,256082,906,0,0
C029455,4175171,50102052,2549068,30588816,324941391,39951938,23207377,298236,738,0,0
C029456,8497400,101968800,3399437,40793244,356615439,67211877,32640174,547119,816,0,0
C029457,4626122,55513464,3027836,36334032,183135827,90107179,90107179,787456,696,0,0
C029458,5115661,61387932,3393614,40723368,102580479,63320280,50793205,694829,682,0,0
C029459,3520777,42249324,2078072,24936864,93421826,66531801,51475182,575209,707,0,0
C029460,5198537,62382444,2461910,29542920,181394713,72963031,72963031,1195688,725,0,0
C029461,6920827,83049924,2599240,31190880,830075581,39179694,12131340,138417,806,0,0
C029462,6635629,79627548,4336070,52032840,148721256,32517149,32517149,183672,667,0,0
C029463,3937119,47245428,1250339,15004068,158684856,22749653,19547122,304811,742,0,0
C029464,5885057,70620684,3556239,42674868,261605253,115954666,93729743,768433,723,2,1
C029465,3747441,44969292,2048263,24579156,81641758,42106367,25837761,373246,890,0,0
C029466,4250238,51002856,2078498,24941976,186955727,38840795,38840795,283636,831,0,0
C029467,4148105,49777260,2749127,32989524,106981917,34922051,19399098,420374,729,0,0
C029468,2304847,27658164,1365190,16382280,74762613,5323296,5323296,69144,804,0,0
C029469,5504194,66050328,3486388,41836656,434642763,96990053,42842355,1016823,685,0,0
C029470,6257528,75090336,4067943,48815316,536325576,57190319,40197677,857945,788,0,0
C029471,4236486,50837832,2924347,35092164,201231473,51734212,37087439,610797,682,0,0
C029472,4629562,55554744,2821552,33858624,42067746,29837547,26887393,543969,770,0,0
C029473,6998569,83982828,3792452,45509424,628642973,30813508,30813508,402607,866,0,0
C029474,4495630,53947560,2838174,34058088,235353941,74342511,51270669,453234,723,0,1
C029475,3491454,41897448,1570312,18843744,62899632,70697997,70697997,287520,806,0,0
C029476,4068154,48817848,1649399,19792788,117022451,93685913,80115148,493025,859,0,0
C029477,6491342,77896104,2469236,29630832,1090545456,83761850,63100498,926838,767,0,0
C029478,1800000,21600000,1106860,13282320,91005807,26172878,26172878,164956,718,0,0
C029479,3911851,46942212,1779508,21354096,72540906,47336197,23093312,314725,804,0,0
C029480,5511077,66132924,2965850,35590200,331475012,33864058,33864058,173883,814,1,0
C029481,5163802,61965624,2897313,34767756,68909792,115513998,88706416,526184,666,0,0
C029482,3493305,41919660,1692087,20305044,241934284,77725933,66483394,448899,752,0,0
C029483,3413448,40961376,1969825,23637900,65944502,57449981,47350478,411580,767,0,0
C029484,4113434,49361208,2194436,26333232,75164023,61014302,49701628,316621,785,0,0
C029485,3997771,47973252,3046900,36562800,310291613,57716500,54273734,495540,671,1,0
C029486,3878378,46540536,2043645,24523740,651567504,100690346,100690346,669090,781,0,0
C029487,1800000,21600000,943057,11316684,135021303,16899444,11026210,168877,733,0,0
C029488,3263641,39163692,1860271,22323252,95226276,102391736,88575362,617151,670,2,1
C029489,3023169,36278028,1178846,14146152,212396145,26927641,26927641,214946,708,1,1
C029490,4072331,48867972,3891715,46700580,302904273,108983438,104492677,826572,648,0,0
C029491,5805434,69665208,3661145,43933740,407176005,71198170,62222183,776346,723,0,0
C029492,4779733,57356796,2313217,27758604,73338221,113394199,83862897,913493,662,0,0
C029493,3240642,38887704,973756,11685072,165778964,8338512,8338512,213328,848,0,0
C029494,2127977,25535724,1370253,16443036,143242784,23895381,15217221,372665,750,0,0
C029495,3605373,43264476,2037362,24448344,68097702,40509608,38897691,516289,878,0,0
C029496,2089310,25071720,1148193,13778316,38810110,43914235,35374726,350759,788,0,1
C029497,6686675,80240100,4615158,55381896,542035909,65096207,31056379,644951,924,0,0
C029498,5804759,69657108,3630702,43568424,395067370,66322480,54702038,609276,882,1,0
C029499,2737014,32844168,2873865,34486380,172961967,50980596,42927922,397535,627,1,1
C029500,4273269,51279228,2718027,32616324,390495877,58129945,31014059,388781,799,0,0
C029501,1800000,21600000,571074,6852888,117052629,17953293,8908841,162236,891,0,0
C029502,3894556,46734672,1942219,23306628,70662561,45201088,24244205,240536,815,0,0
C029503,2220961,26651532,1403482,16841784,102289500,24430038,14441427,184086,735,0,0
C029504,4344338,52132056,3758224,45098688,122535418,56616574,44954534,349444,756,0,0
C029505,5137838,61654056,3811308,45735696,626630530,12216526,7327749,229683,788,0,0
C029506,2275692,27308304,1949913,23398956,217158186,61012075,45425094,381059,750,0,0
C029507,4549116,54589392,2703814,32445768,174807399,104299615,91871163,611164,775,0,1
C029508,3006878,36082536,1773388,21280656,84616090,14139328,9803604,232653,799,1,0
C029509,3627913,43534956,1330345,15964140,72518954,9070513,9070513,72558,799,0,0
C029510,2913645,34963740,1745472,20945664,78614550,31306446,8505390,58929,757,0,0
C029511,4625157,55501884,3030513,36366156,125538759,252737950,235195369,1372032,702,0,0
C029512,8864047,106368564,7460893,89530716,358639131,80444642,58160639,1077221,698,0,0
C029513,3077677,36932124,2095872,25150464,141632016,52555305,31055289,343666,853,0,0
C029514,2402667,28832004,1388822,16665864,95596791,50342027,45922544,329465,774,0,1
C029515,4129679,49556148,2499586,29995032,141229813,45585628,34364597,301004,725,0,0
C029516,1800000,21600000,1018459,12221508,302400000,22539197,12210745,209115,811,0,0
C029517,3410625,40927500,2186353,26236236,135064413,97553427,85610418,544091,702,0,1
C029518,10421063,125052756,7597186,91166232,570673560,32824486,28057205,208421,824,0,0
C029519,4038686,48464232,2413911,28966932,190374828,41216049,26930893,220299,792,0,0
C029520,5299862,63598344,2357325,28287900,233369731,160049771,155645873,1085806,870,0,0
C029521,3492924,41915088,2274235,27290820,87949078,64402166,50133892,382818,793,1,1
C029522,4584506,55014072,2463653,29563836,218915159,99130120,93952411,785492,739,0,0
C029523,4513809,54165708,3093543,37122516,39382826,59195754,59195754,230792,742,0,0
C029524,9276938,111323256,6921279,83055348,312461230,175318591,139324931,1430066,655,5,1
C029525,5893785,70725420,3003135,36037620,247158492,68884771,54956003,191827,832,0,0
C029526,3885812,46629744,2648397,31780764,146443063,35499049,35499049,348611,708,0,0
C029527,3689540,44274480,1339391,16072692,136347803,47569604,45861027,606772,734,2,1
C029528,5416230,64994760,3228541,38742492,319741806,71170507,65829768,824869,772,0,0
C029529,5238674,62864088,2123111,25477332,495062471,56093524,22724244,374048,905,0,0
C029530,5507660,66091920,2663581,31962972,370667448,72418829,44166713,310291,773,0,1
C029531,7706437,92477244,5182346,62188152,1251060743,93371006,88651736,1099651,730,0,0
C029532,2645382,31744584,1538726,18464712,234678278,18659924,14700558,158810,779,0,0
C029533,2883561,34602732,2050705,24608460,235397865,53827772,35485164,440457,796,0,0
C029534,5718305,68619660,3843460,46121520,96873962,95718471,67838926,622293,685,0,0
C029535,6279320,75351840,2979524,35754288,587592688,55183322,37093116,401675,869,0,0
C029536,1800000,21600000,878729,10544748,131070790,28454551,17655645,192292,746,0,0
C029537,5501470,66017640,3243478,38921736,55422977,48062408,48062408,519163,752,0,0
C029538,3120890,37450680,1238453,14861436,122332928,27220286,21676896,73816,896,0,0
C029539,2429575,29154900,1150516,13806192,92277814,58855158,58855158,556547,695,0,0
C029540,7195868,86350416,4445740,53348880,144598320,114211134,79164861,460237,904,0,0
C029541,2915298,34983576,1603273,19239276,48997905,63789601,51536431,460228,814,0,0
C029542,6233031,74796372,4790537,57486444,62315873,37225147,10546141,176215,772,0,0
C029543,3558319,42699828,2154754,25857048,92467307,59472574,39165802,565629,762,1,0
C029544,2173284,26079408,1199758,14397096,110021913,29909627,26176189,245425,831,0,0
C029545,6191511,74298132,5625343,67504116,224330665,136719866,83121195,902766,646,0,0
C029546,3803745,45644940,1901115,22813380,591220014,52282807,37360347,237090,743,0,0
C029547,3245681,38948172,1724484,20693808,178339653,81718134,81718134,619635,713,0,0
C029548,3482992,41795904,1800105,21601260,61519894,55988001,55988001,423376,760,0,0
C029549,5462141,65545692,2273491,27281892,486566807,58991192,36651969,109243,796,0,0
C029550,3642089,43705068,1895863,22750356,78824056,54703190,44928783,475405,812,0,1
C029551,7306910,87682920,4507419,54089028,110500540,91066739,42002369,441217,724,0,0
C029552,9913399,118960788,4811253,57735036,707402413,36784159,36784159,789487,773,1,0
C029553,5246287,62955444,3552976,42635712,341934976,38284101,38284101,607072,795,0,0
C029554,2658734,31904808,1933969,23207628,175780355,19609506,10216495,225980,711,0,0
C029555,2948791,35385492,1530888,18370656,234269487,64990100,62211250,494662,746,0,0
C029556,8715723,104588676,5195092,62341104,978303058,457121895,437197797,3199846,539,1,1
C029557,2500409,30004908,1503557,18042684,139214271,44045885,29394133,247614,727,1,0
C029558,3596610,43159320,1753109,21037308,245149956,107760227,95754690,512354,771,1,0
C029559,4252697,51032364,3488026,41856312,154809685,42187024,35820891,659595,712,1,0
C029560,5569664,66835968,3743187,44918244,80991159,65959226,63533005,184250,816,0,1
C029561,3111555,37338660,2224978,26699736,41606569,40965226,21829760,445767,707,0,0
C029562,2164420,25973040,1020763,12249156,172833731,91295113,85285141,714740,688,0,0
C029563,3005230,36062760,1505461,18065532,96262070,26887331,26887331,391657,836,0,0
C029564,5760405,69124860,4538306,54459672,169212343,50081328,39569246,501931,761,0,0
C029565,2370912,28450944,1183238,14198856,71645438,93484239,89476602,628593,729,0,0
C029566,8091807,97101684,6674673,80096076,345166901,87489683,87489683,272660,806,0,0
C029567,1935484,23225808,931151,11173812,63923721,61834390,61081178,390040,712,0,0
C029568,1965635,23587620,1291931,15503172,30812465,31974412,14834185,113075,794,0,0
C029569,6662639,79951668,3083528,37002336,80070580,21011321,15689508,755710,795,0,0
C029570,4925664,59107968,3491582,41898984,41113176,43032599,27864199,358677,774,0,0
C029571,3409104,40909248,2849690,34196280,62907582,31715762,31715762,272516,640,0,1
C029572,5298434,63581208,1669811,20037732,307170006,137258875,94415966,995476,746,0,0
C029573,4043223,48518676,3149075,37788900,128780118,63869417,45891851,213201,709,0,0
C029574,1800000,21600000,1524082,18288984,161395204,20880868,18914002,227114,747,0,0
C029575,3816023,45792276,1493593,17923116,65355690,103944861,65528710,546252,773,1,0
C029576,9889626,118675512,6216762,74601144,660378634,101079757,63251295,1551562,783,0,0
C029577,4734641,56815692,3445965,41351580,111291262,39361772,24940255,280621,845,0,0
C029578,2941627,35299524,2150617,25807404,109478136,31410215,31367720,280079,730,1,0
C029579,2589631,31075572,1441343,17296116,234139122,18022015,17323956,315050,763,0,0
C029580,2373490,28481880,1466355,17596260,159895488,38036872,22509105,225037,810,0,0
C029581,2738001,32856012,1910568,22926816,161869425,102373502,102373502,815384,636,0,1
C029582,5974390,71692680,3881093,46573116,831958283,98435260,50389458,844701,755,0,0
C029583,2197886,26374632,1466247,17594964,45109376,10685880,7914391,107573,792,0,0
C029584,3618435,43421220,1647903,19774836,215560491,28640458,23850132,510050,815,1,0
C029585,6105140,73261680,5251468,63017616,109793089,53089919,33032056,284103,780,1,0
C029586,1883564,22602768,1107990,13295880,84150335,50057099,50057099,400905,824,0,1
C029587,1949406,23392872,1659744,19916928,49687165,24274160,14225907,238487,775,0,0
C029588,2678019,32136228,1204937,14459244,306106169,26330597,19400010,242409,853,0,0
C029589,3602748,43232976,1477927,17735124,96896661,46171425,25581899,331725,906,0,0
C029590,3533570,42402840,1847665,22171980,176359802,30235099,17922176,115689,767,0,0
C029591,9338830,112065960,2895869,34750428,119240387,128848120,128848120,976010,805,0,0
C029592,3999014,47988168,2242671,26912052,103272999,50827483,31878682,157824,814,0,0
C029593,3271016,39252192,1265884,15190608,91474977,69566736,69566736,621370,762,0,0
C029594,4601319,55215828,2289523,27474276,90722573,35699522,35699522,92026,813,0,0
C029595,2377887,28534644,1146227,13754724,44963725,100802385,90744977,479499,688,1,1
C029596,2211494,26537928,1173625,14083500,61292188,43029532,43029532,404691,784,0,0
C029597,3303466,39641592,1572306,18867672,201490899,21352071,21352071,169479,830,0,0
C029598,3081778,36981336,1572211,18866532,517738704,68336584,55462180,446277,808,0,0
C029599,6315119,75781428,2506903,30082836,129349391,151956900,129549838,1477275,681,0,0
C029600,4157013,49884156,3258857,39106284,287626648,35640114,35640114,721591,764,0,0
C029601,3639110,43669320,1701427,20417124,307043658,111915742,85473461,725452,697,1,0
C029602,5525726,66308712,3265458,39185496,299044692,118077982,103962181,582096,753,0,0
C029603,6090165,73081980,3376430,40517160,244848269,106244362,82104397,417801,693,0,0
C029604,2365871,28390452,1668594,20023128,175115942,26554605,20055292,50000,749,0,1
C029605,4046667,48560004,2431215,29174580,229439330,71638204,60214840,739733,702,0,0
C029606,2376265,28515180,1454078,17448936,245215720,41207642,33728787,205133,734,0,0
C029607,4485582,53826984,2219511,26634132,56620983,18848517,17970735,89712,798,0,0
C029608,3573236,42878832,1439343,17272116,102494791,38014375,22112228,159770,927,0,0
C029609,2574754,30897048,1484664,17815968,19365026,37505806,34545439,166925,816,0,0
C029610,1800000,21600000,1101163,13213956,64010897,31889049,21111891,161547,743,0,0
C029611,6549032,78588384,1785888,21430656,147751318,148674502,128092177,644500,833,0,0
C029612,5227309,62727708,2394139,28729668,529747604,116229602,108365130,1120355,767,0,0
C029613,2196259,26355108,1295157,15541884,48349300,45748535,42874221,356675,777,0,0
C029614,5148546,61782552,1785527,21426324,98221407,43941118,36245153,774055,740,0,0
C029615,3355842,40270104,2708711,32504532,258933235,17262250,17262250,363775,759,0,0
C029616,5477578,65730936,3751232,45014784,191815268,59044261,40200108,280543,780,0,0
C029617,5136597,61639164,3997287,47967444,533855405,55285018,55285018,420272,744,0,0
C029618,3533161,42397932,2458561,29502732,206263698,23084688,22592414,498222,675,1,0
C029619,1982596,23791152,1352181,16226172,92695330,34986967,30164612,337632,734,1,0
C029620,3425284,41103408,2946362,35356344,159783035,61730265,49449217,449090,698,0,1
C029621,3103960,37247520,2618053,31416636,86232390,55245704,42018327,491706,767,0,0
C029622,2238278,26859336,895511,10746132,131168034,108191321,91837848,574896,739,1,0
C029623,4776134,57313608,3364321,40371852,80667928,64795757,41782547,288792,734,0,0
C029624,3518508,42222096,1747901,20974812,85534346,65369350,50877948,479936,829,0,0
C029625,3078331,36939972,1733666,20803992,132783150,102634773,84746772,637836,686,0,0
C029626,3787820,45453840,1561795,18741540,272022592,27376695,19380195,379189,756,0,0
C029627,7532774,90393288,4605355,55264260,439082235,95922237,95922237,1419202,723,1,0
C029628,2704706,32456472,1657101,19885212,454390608,19440475,11702152,287819,824,0,0
C029629,6306150,75673800,2941321,35295852,408149405,71098866,71098866,966030,810,0,0
C029630,5228194,62738328,4128720,49544640,400709291,58989824,39655957,572071,700,1,0
C029631,4457292,53487504,2518018,30216216,138974987,61304960,60904963,434082,920,1,0
C029632,2311531,27738372,883130,10597560,185924870,31882982,23827974,168038,801,0,0
C029633,7441598,89299176,5736243,68834916,210068712,132779554,88234046,1208938,713,0,1
C029634,4893464,58721568,2326491,27917892,99337863,97549027,73121800,826036,737,0,0
C029635,3959744,47516928,2121821,25461852,140646174,57867453,57867453,475340,872,0,0
C029636,12000000,144000000,8908894,106906728,1411824571,108314124,78352849,1012755,740,0,1
C029637,3174935,38099220,1595292,19143504,146164901,45636813,34353598,403007,776,0,0
C029638,6555232,78662784,3604097,43249164,270206645,99423633,82695862,1252874,790,0,0
C029639,1800000,21600000,802953,9635436,51149574,14894302,10267697,208498,846,0,0
C029640,5466999,65603988,3377343,40528116,129059742,125866421,98241668,1166937,727,0,0
C029641,8309316,99711792,4835696,58028352,670804739,114429744,113771185,1304536,819,0,0
C029642,6451141,77413692,4519477,54233724,427219798,75581248,61382170,405721,815,0,0
C029643,4407778,52893336,3114563,37374756,104791545,62152149,37810854,514308,757,0,0
C029644,4892865,58714380,2104924,25259088,282172580,63943821,33074230,181946,725,0,0
C029645,2608399,31300788,1124836,13498032,167251073,13588550,7329776,145067,858,0,0
C029646,3661818,43941816,1597028,19164336,184097798,13880992,13880992,73236,819,0,0
C029647,6946945,83363340,3390126,40681512,376684599,78694169,62475913,490465,808,0,0
C029648,5195606,62347272,3573047,42876564,209273673,47993932,25935632,222896,782,0,0
C029649,5543034,66516408,2956041,35472492,650361605,22535091,22535091,174427,849,0,0
C029650,3938400,47260800,1807388,21688656,197895006,41216295,19544699,156557,864,0,0
C029651,5228441,62741292,2161352,25936224,276589248,40349510,40349510,488195,852,0,0
C029652,12000000,144000000,7741498,92897976,1138391496,94681022,19620968,240000,695,0,0
C029653,3808264,45699168,2510563,30126756,73419336,31724786,31724786,570170,771,0,0
C029654,4091280,49095360,2995839,35950068,80862920,49226181,49226181,581962,831,0,0
C029655,1800000,21600000,956171,11474052,107456357,20100291,17030993,110933,824,0,0
C029656,3126326,37515912,1514873,18178476,111680163,22389452,18175047,217193,758,0,0
C029657,2800096,33601152,1683562,20202744,441849972,19889968,8648298,230586,782,0,0
C029658,2089697,25076364,680119,8161428,96732153,91335232,84095303,530259,825,0,0
C029659,4420694,53048328,2609538,31314456,98381238,81754654,51755870,221814,752,0,0
C029660,3293588,39523056,1803084,21637008,320554188,40826417,39393960,245935,776,0,0
C029661,4010949,48131388,2234539,26814468,98314008,48070692,42990130,579480,749,2,0
C029662,5693024,68316288,2797132,33565584,130800266,244881685,219580342,1752443,753,0,0
C029663,2928933,35147196,1761324,21135888,270463204,44331403,31183834,268169,713,0,0
C029664,5317345,63808140,2674273,32091276,368783652,120301133,107395910,495596,831,0,0
C029665,4894432,58733184,2205984,26471808,154521880,22893039,19444206,395054,769,0,0
C029666,2938303,35259636,2088814,25065768,129811956,19406815,14809843,211864,861,0,0
C029667,4651253,55815036,2830735,33968820,363221580,32770990,32770990,235293,933,0,0
C029668,6039013,72468156,4374075,52488900,76442450,25644584,25644584,320076,839,0,0
C029669,4744956,56939472,2129661,25555932,305205942,38576664,28829779,492041,865,0,0
C029670,6767020,81204240,4493436,53921232,319287236,72774026,56714885,767877,800,0,0
C029671,4353138,52237656,2511197,30134364,282018047,44326755,30843751,195214,836,1,0
C029672,4339147,52069764,2374885,28498620,211934081,39666886,31742640,103851,858,0,0
C029673,4568765,54825180,2427541,29130492,154983872,38156781,28557736,91375,801,0,0
C029674,4117387,49408644,2297995,27575940,59857478,112946187,98617915,980473,722,0,0
C029675,2004895,24058740,966494,11597928,75085819,15525851,12428999,158782,857,0,0
C029676,4062103,48745236,2384409,28612908,473785302,38017786,36549200,81242,801,0,0
C029677,6046606,72559272,2082717,24992604,694174002,160862669,133316753,790822,811,0,0
C029678,3900522,46806264,2344713,28136556,134777943,38215566,17353692,235627,849,0,0
C029679,2460359,29524308,1925038,23100456,77798584,28306598,14496537,152612,647,0,1
C029680,2990053,35880636,1643279,19719348,91958927,90163247,69598046,559282,668,0,0
C029681,5481460,65777520,2998998,35987976,245301262,80657674,66231048,405971,778,0,0
C029682,4150424,49805088,2577292,30927504,403302716,33414698,31027106,293583,778,0,0
C029683,10255677,123068124,4806855,57682260,404736314,71618527,51515342,930933,823,0,0
C029684,5335170,64022040,4311866,51742392,896308560,287516889,266953102,1847976,562,1,1
C029685,5158153,61897836,2723325,32679900,80807627,64766931,43888815,113883,706,1,0
C029686,4328591,51943092,3453247,41438964,191928241,8241065,8241065,252043,753,0,0
C029687,2559683,30716196,1985126,23821512,212027635,29270979,7834501,265833,844,0,0
C029688,2191372,26296464,1626270,19515240,104911052,37566299,29080412,373257,687,1,0
C029689,5680163,68161956,2355357,28264284,233222729,81496832,63613612,1142348,823,0,0
C029690,2723895,32686740,1512247,18146964,360423984,42804255,34805959,179950,815,0,0
C029691,2459023,29508276,1361981,16343772,42532421,26778077,21114081,214492,834,0,0
C029692,4263689,51164268,3040044,36480528,514836811,64542254,41557839,312445,834,0,0
C029693,3633178,43598136,2903874,34846488,44323314,51595775,27202951,292445,664,1,1
C029694,3854311,46251732,2087433,25049196,80666184,35154556,28051475,540185,911,0,0
C029695,2862093,34345116,1602837,19234044,21044082,29982805,24822533,119672,796,0,0
C029696,5057851,60694212,2910617,34927404,143527682,68408599,24784059,537759,784,0,0
C029697,3058948,36707376,2189682,26276184,235889291,33156798,27151631,234277,719,0,1
C029698,3970613,47647356,2637756,31653072,143428618,46647775,40212082,321452,861,0,0
C029699,2039560,24474720,1356216,16274592,159911235,24599785,21574317,265916,782,0,0
C029700,7312441,87749292,4771303,57255636,219092150,23634192,23634192,603688,741,0,0
C029701,3245199,38942388,1824030,21888360,165436107,52691086,39297059,268522,754,0,0
C029702,2894039,34728468,1811302,21735624,388871412,15700655,13736032,181880,782,0,0
C029703,4201558,50418696,3065103,36781236,88748965,30462948,10429931,84031,852,0,0
C029704,2167677,26012124,1164106,13969272,69776391,48051765,38813457,374124,767,0,0
C029705,2909509,34914108,2272731,27272772,70897288,55117212,43543700,456798,711,0,0
C029706,4557097,54685164,2403642,28843704,128949554,74998932,54431375,454022,783,0,0
C029707,3220937,38651244,1317180,15806160,77085836,19510933,15886197,64419,882,0,0
C029708,4807301,57687612,2794500,33534000,247856010,34563310,21313561,176321,753,0,0
C029709,2443395,29320740,1378210,16538520,231912737,23945242,13582476,234062,813,0,0
C029710,4321696,51860352,2372599,28471188,297868848,50722459,47366273,673297,734,1,1
C029711,2839704,34076448,1418305,17019660,27797918,65973622,46786252,413488,876,0,0
C029712,2240957,26891484,1538323,18459876,30313248,36347658,36347658,271920,777,0,1
C029713,5787745,69452940,3366725,40400700,326635229,115131115,95274955,815515,807,0,0
C029714,3138450,37661400,2356462,28277544,279276925,43816910,23748215,144405,631,1,0
C029715,2206054,26472648,1335791,16029492,38973818,16239765,6972002,208476,678,0,1
C029716,5365687,64388244,3449838,41398056,209050533,50779696,40933561,262477,785,0,0
C029717,5766372,69196464,3071723,36860676,136746180,77895274,33924431,350843,724,0,0
C029718,7026055,84312660,3498033,41976396,396408334,58147590,38227800,500332,844,1,0
C029719,3961294,47535528,3187684,38252208,244784278,10755777,10755777,138087,769,0,0
C029720,2959382,35512584,1930498,23165976,167017675,54207346,40570516,367834,732,1,1
C029721,4106831,49281972,2014170,24170040,184396736,42917303,27437079,252131,762,0,0
C029722,4672276,56067312,2852489,34229868,383884090,41382999,39469422,105818,877,0,0
C029723,4192254,50307048,2424718,29096616,493351648,54537298,54537298,510836,781,0,0
C029724,2714047,32568564,2048424,24581088,132968795,43159100,19384750,91162,794,0,0
C029725,2556934,30683208,1010239,12122868,54471223,30108130,30108130,151518,778,0,0
C029726,2461067,29532804,1138924,13667088,210090039,23160824,19494207,259673,841,0,0
C029727,4472151,53665812,2906010,34872120,129174769,27488047,27488047,174886,835,0,0
C029728,2864869,34378428,1567331,18807972,104718257,14969679,14969679,65796,815,0,0
C029729,2592852,31114224,1073420,12881040,348309767,36741581,29450364,281644,875,1,0
C029730,5157941,61895292,4013203,48158436,553146887,27434625,16766023,362342,644,0,0
C029731,1800000,21600000,1622453,19469436,20744255,21921724,20503690,313973,712,0,0
C029732,4306701,51680412,2572831,30873972,159788271,60013849,38515024,319312,758,0,0
C029733,2312014,27744168,1400140,16801680,51523084,29606649,24520810,278375,742,0,0
C029734,8469370,101632440,4551752,54621024,138210138,168178676,134307387,1349492,706,0,0
C029735,4290882,51490584,2558030,30696360,87341338,54122612,24991595,615590,823,0,0
C029736,2710465,32525580,2534664,30415968,127803206,42601340,17016077,162307,755,0,0
C029737,3790486,45485832,1473892,17686704,211865847,34567176,33546125,142009,815,0,0
C029738,7653268,91839216,4065481,48785772,257229280,67320681,65992351,153065,735,0,0
C029739,6596733,79160796,2509490,30113880,208942537,198722650,198722650,1867126,694,0,0
C029740,3228069,38736828,1897770,22773240,64630166,21463588,13783606,80689,776,0,0
C029741,2791057,33492684,1760380,21124560,231252289,28042376,28042376,126889,780,0,0
C029742,2574795,30897540,1717344,20608128,92567064,23134871,21566978,303668,895,0,0
C029743,4374553,52494636,2661848,31942176,143890904,82179737,77722278,781364,793,0,0
C029744,4357812,52293744,2763542,33162504,320554204,38765262,36725001,561123,744,0,0
C029745,2764440,33173280,923514,11082168,51539227,33686041,25106158,245632,840,0,0
C029746,5630672,67568064,3448578,41382936,137711752,101392129,88461466,1167504,765,0,0
C029747,7475246,89702952,3772871,45274452,500637272,61120981,41673863,299322,785,0,0
C029748,2995599,35947188,1934071,23208852,369786743,67163290,66424335,342461,679,0,0
C029749,11771607,141259284,8071057,96852684,758168064,135840156,89110906,1109772,714,0,0
C029750,2839061,34068732,1510306,18123672,259263592,21455048,16678236,77542,884,0,0
C029751,1800000,21600000,1195735,14348820,49797438,17382821,16848670,240286,776,0,0
C029752,4590845,55090140,2754234,33050808,130637600,50523893,38440680,545605,701,0,0
C029753,1800000,21600000,1156663,13879956,271415610,19007589,13736414,168507,855,0,0
C029754,3847969,46175628,1136906,13642872,388637665,15351672,11610672,80006,768,0,0
C029755,2269779,27237348,864589,10375068,366513787,14983953,12550693,172076,747,0,0
C029756,2539458,30473496,1490837,17890044,121569930,10925696,10925696,209368,748,0,0
C029757,2612609,31351308,1270961,15251532,81482003,19074324,17135361,180387,719,1,0
C029758,4382446,52589352,1767021,21204252,736250928,26728475,11621053,181974,764,0,0
C029759,4144313,49731756,2846308,34155696,286556942,131124375,108775717,849833,608,1,1
C029760,3384116,40609392,1474136,17689632,90421364,51270474,34648151,198980,797,0,0
C029761,3454704,41456448,2074800,24897600,570770420,194898889,186554016,1541055,641,0,1
C029762,8364574,100374888,3704939,44459268,258641650,192568226,175049532,1612984,800,0,0
C029763,6984140,83809680,2528434,30341208,256510590,35568352,22719680,436401,730,0,0
C029764,4210915,50530980,1705597,20467164,226633495,110319196,94364200,971837,840,0,0
C029765,1950735,23408820,944900,11338800,144672186,40125028,26384356,325766,735,0,0
C029766,3978754,47745048,2093303,25119636,114125508,41172966,29545924,275438,791,0,0
C029767,4287201,51446412,2017919,24215028,312069308,23149506,18809934,563209,722,0,0
C029768,2888898,34666776,1201328,14415936,139560657,52206077,45507808,510715,681,0,0
C029769,4437667,53252004,2607896,31294752,289118786,189440047,172913862,1347136,659,0,0
C029770,2156029,25872348,1763676,21164112,72138886,20337374,16573626,132262,772,0,0
C029771,2980105,35761260,1704863,20458356,111496938,64712561,60805586,440943,724,0,0
C029772,4807519,57690228,2580288,30963456,154853027,25090689,14853802,199226,755,0,0
C029773,2112855,25354260,942697,11312364,164694469,20898915,20513055,245031,828,0,0
C029774,7445478,89345736,3740215,44882580,141526901,233108838,194869675,1113434,731,0,0
C029775,5146579,61758948,3862842,46354104,571724820,58031901,37288304,637822,865,0,0
C029776,1837702,22052424,973832,11685984,46687987,23009922,14990272,60279,775,2,0
C029777,1800000,21600000,893323,10719876,85688449,24356488,19320674,161326,843,0,0
C029778,10619777,127437324,7022904,84274848,161748775,86058873,30447591,212396,791,0,0
C029779,2854970,34259640,998131,11977572,248288146,57897914,40196340,349291,743,0,1
C029780,4216867,50602404,2417574,29010888,256482143,43250864,22543989,373691,701,0,0
C029781,3715609,44587308,2193693,26324316,245736909,67504330,56419966,377550,771,0,0
C029782,9433390,113200680,5640528,67686336,582040780,153739368,111065102,1325692,811,0,0
C029783,3099901,37198812,1028767,12345204,219842835,59555316,50192519,398347,769,0,0
C029784,4725815,56709780,2435128,29221536,525844047,37616138,24222051,603094,764,0,0
C029785,3299781,39597372,2374024,28488288,75426081,49953514,35393969,250333,826,0,0
C029786,4011752,48141024,1920181,23042172,66696725,40609368,19746859,416946,755,0,0
C029787,4075939,48911268,3000358,36004296,32329554,33402545,29702896,318263,810,0,0
C029788,4334478,52013736,2878525,34542300,115659419,30484494,24835202,320587,685,0,0
C029789,3739508,44874096,1898020,22776240,191288776,69952792,43030951,549491,694,1,0
C029790,4228947,50747364,2564506,30774072,89289815,47564314,29622092,385899,771,0,0
C029791,2899132,34789584,1413741,16964892,240945843,32684307,32107197,206346,820,0,0
C029792,2714923,32579076,1446747,17360964,37705186,40333996,23355222,207915,736,0,0
C029793,3617004,43404048,2124990,25499880,208026425,27524827,27524827,277260,847,0,0
C029794,4310245,51722940,4275246,51302952,552852128,59227359,46295820,463394,767,0,1
C029795,5204444,62453328,2376793,28521516,79242700,133915490,120075416,664082,780,0,1
C029796,3018379,36220548,1153196,13838352,90894187,68751516,68751516,613284,800,0,0
C029797,5154011,61848132,3959591,47515092,292833576,121947340,77671111,569760,722,0,0
C029798,2121354,25456248,1143930,13727160,143038402,51058866,36813728,325446,701,0,0
C029799,2999430,35993160,2117617,25411404,100294570,59818078,48750158,646635,650,0,0
C029800,4150629,49807548,2538476,30461712,432464612,32653114,32653114,437807,790,0,0
C029801,2846213,34154556,2102459,25229508,55557843,115400844,107722548,681313,681,0,0
C029802,4784385,57412620,4305110,51661320,340425562,74809261,74809261,492805,730,0,0
C029803,4524670,54296040,2877587,34531044,126012388,40791911,22565746,658980,845,0,0
C029804,3259178,39110136,1813783,21765396,279519922,26497903,13448312,131373,759,0,0
C029805,2937098,35245176,1454209,17450508,102710771,23617199,19063741,190575,804,0,0
C029806,3943757,47325084,1932534,23190408,125483928,55024809,38465034,479651,858,0,0
C029807,2702832,32433984,1838419,22061028,118655839,57172309,37280704,532606,731,0,0
C029808,2490504,29886048,1638157,19657884,76986011,25262519,21428289,325790,733,1,0
C029809,4765942,57191304,3318804,39825648,89563189,93328830,77799643,752165,825,0,1
C029810,3708855,44506260,1846260,22155120,308300252,48847316,30935330,333938,714,0,0
C029811,3918536,47022432,1903714,22844568,658314048,35918527,22667481,474241,862,0,0
C029812,5397980,64775760,3557671,42692052,225667085,66477111,45239078,671665,793,0,0
C029813,5260226,63122712,2749958,32999496,166384590,38771555,38771555,231482,732,0,0
C029814,5584643,67015716,3033195,36398340,114584529,131349132,118146050,596953,798,0,0
C029815,1800000,21600000,978739,11744868,132870375,22435807,12494062,111987,736,0,0
C029816,3350180,40202160,1776779,21321348,166540517,29141120,14859730,301283,755,0,0
C029817,2117834,25414008,1012742,12152904,102719499,27680173,25908137,243351,742,1,0
C029818,1846355,22156260,740028,8880336,122779934,11004913,11004913,218490,863,0,0
C029819,3856308,46275696,2498388,29980656,300167412,11709319,7561912,136685,844,0,0
C029820,6301793,75621516,3153416,37840992,121515895,55771721,48977560,268596,820,0,0
C029821,3997810,47973720,3547890,42574680,90998329,84309583,53988468,612194,666,0,0
C029822,4748079,56976948,3714094,44569128,229368061,37377442,31224004,298069,866,1,0
C029823,2109222,25310664,1343592,16123104,75629568,21739572,18196481,50000,758,0,0
C029824,3746303,44955636,2745716,32948592,368555878,95195098,79395350,552033,818,0,0
C029825,4576267,54915204,3401173,40814076,325491128,44084266,16317525,173389,729,0,0
C029826,4652202,55826424,2413621,28963452,122069465,68675179,68675179,429516,755,0,0
C029827,4244483,50933796,2849946,34199352,75832869,55975995,33777185,479481,763,0,0
C029828,2653974,31847688,1099038,13188456,133513044,25658430,25658430,349192,847,0,0
C029829,3783503,45402036,1914765,22977180,206494057,166168666,153509217,1239733,678,0,1
C029830,2220855,26650260,1095032,13140384,32441272,3493116,2953485,254156,816,0,0
C029831,4057149,48685788,2383486,28601832,408370206,55630365,43249582,81143,869,0,0
C029832,3836179,46034148,2494447,29933364,98545755,60560793,60560793,522237,729,0,0
C029833,6576155,78913860,4067464,48809568,501981299,52515187,52515187,466551,848,0,0
C029834,5276999,63323988,2836400,34036800,412319114,141087253,117101697,757420,726,0,0
C029835,3441568,41298816,1946729,23360748,147469550,63300264,53924801,395395,755,0,0
C029836,5243918,62927016,3129754,37557048,212869363,155715274,134957499,752250,770,0,0
C029837,3175016,38100192,1222660,14671920,86541567,33896464,23199345,341100,855,0,1
C029838,4877400,58528800,3563909,42766908,269881882,45307840,28195538,304096,812,0,0
C029839,3735443,44825316,1780477,21365724,88379124,81976857,58225011,453698,724,1,0
C029840,3401380,40816560,1444028,17328336,45836987,59237547,52721401,432382,756,0,0
C029841,3145187,37742244,2134398,25612776,131304907,21628368,21147090,409399,755,1,0
C029842,5394090,64729080,3114561,37374732,99676162,61171280,33049667,421827,774,0,0
C029843,8500039,102000468,2926923,35123076,840483574,234316625,195025531,1310501,847,0,0
C029844,6131302,73575624,4270482,51245784,302131323,77083103,35010659,521464,682,0,0
C029845,3731115,44773380,1915064,22980768,187727561,40258200,38417955,560462,811,0,0
C029846,2960496,35525952,1527162,18325944,150629671,47170002,32498838,215788,844,0,0
C029847,4655709,55868508,2703206,32438472,200687094,21224371,10965643,93114,892,0,0
C029848,5402354,64828248,2980238,35762856,382209229,77329898,77329898,882622,837,0,0
C029849,3008847,36106164,1642057,19704684,65129918,53705803,53494913,378677,794,0,0
C029850,2995008,35940096,1877295,22527540,108362871,53850295,51910914,368490,806,1,0
C029851,2777285,33327420,1717505,20610060,25346847,32841303,29244304,282959,696,0,0
C029852,3379764,40557168,2436304,29235648,157501592,54932048,27121126,484150,655,0,0
C029853,3830990,45971880,3098535,37182420,341201352,114936145,100693712,1012978,681,0,1
C029854,3304291,39651492,1874171,22490052,54207842,60038684,43039795,414057,896,0,0
C029855,3038637,36463644,1765250,21183000,85441646,25745870,24083363,253597,784,0,0
C029856,3522546,42270552,1719308,20631696,67553392,30669022,16751229,299563,775,0,0
C029857,4246567,50958804,1937163,23245956,285529315,75631126,50770279,585139,668,0,0
C029858,4461107,53533284,2384268,28611216,101545901,36513009,17930904,360117,746,0,0
C029859,4494688,53936256,2493650,29923800,257267957,97674644,97674644,544492,774,0,0
C029860,6579561,78954732,3747603,44971236,316193154,62916579,41256928,1056062,764,0,0
C029861,3010155,36121860,2209133,26509596,74541376,23417446,11848279,290519,788,0,0
C029862,5184826,62217912,2555610,30667320,573571369,52386638,37847787,606722,737,0,0
C029863,3434925,41219100,2129137,25549644,67097802,73877587,55441032,441398,789,0,0
C029864,2197439,26369268,795971,9551652,39483755,33115526,33115526,337697,822,0,0
C029865,2948926,35387112,2101847,25222164,143638878,25246775,25246775,379916,700,0,0
C029866,7033463,84401556,5173343,62080116,852959563,58022285,52924097,889732,771,0,0
C029867,3775942,45311304,1236413,14836956,53743942,48755710,29887817,197386,913,0,0
C029868,4824374,57892488,4572527,54870324,125801351,32383027,32383027,112262,808,0,0
C029869,3375092,40501104,1867609,22411308,122839211,10817553,9487346,67502,823,0,0
C029870,3507169,42086028,2262363,27148356,434989150,43048683,26505304,408757,805,0,0
C029871,1800000,21600000,1101474,13217688,57418974,23831209,15583343,130082,769,0,0
C029872,3420917,41051004,2140665,25687980,41521961,42258307,23154860,209500,759,0,0
C029873,2309727,27716724,1248005,14976060,24570659,17663867,17272709,434782,701,1,1
C029874,5180264,62163168,4106117,49273404,236725736,113367054,86699162,815727,705,0,1
C029875,2454682,29456184,1178637,14143644,127745031,26543166,25199264,257996,822,0,0
C029876,3847889,46174668,1440254,17283048,233527510,47726591,35786053,553140,832,0,0
C029877,2955608,35467296,2286646,27439752,61586265,30740434,28550151,520320,781,0,0
C029878,3028164,36337968,1674080,20088960,111506028,57354697,49531533,535808,730,0,0
C029879,3976409,47716908,2339264,28071168,315190649,51507169,49854016,454869,742,0,0
C029880,9957621,119491452,5260593,63127116,242830283,54090579,49178250,331101,828,0,0
C029881,6623104,79477248,3381576,40578912,618242306,33340549,19433768,363326,754,0,0
C029882,3453507,41442084,2713674,32564088,291328134,17644186,16137877,400465,789,0,0
C029883,2634672,31616064,1310127,15721524,104890500,33538872,33538872,491715,781,0,0
C029884,8398661,100783932,5367732,64412784,694528038,165040698,126476385,1261326,758,0,0
C029885,2870286,34443432,1819338,21832056,180977641,34765253,26752175,211674,818,0,0
C029886,3379021,40548252,1946057,23352684,279211411,67595783,38031197,311411,667,0,0
C029887,2273116,27277392,1303337,15640044,95841526,47639638,39327195,373374,849,0,0
C029888,2240368,26884416,1029015,12348180,79948471,36284211,20020721,378383,867,0,0
C029889,4105680,49268160,2556328,30675936,210386945,61908066,56037782,494456,824,0,0
C029890,5407789,64893468,3138877,37666524,295763403,78715158,54100765,365643,805,0,0
C029891,2029953,24359436,1078441,12941292,84654164,9773831,7345453,67082,788,0,0
C029892,2349721,28196652,1381893,16582716,193470249,41336697,33762806,501898,773,0,0
C029893,2218220,26618640,1065339,12784068,62506944,34994537,31820458,157394,808,0,0
C029894,8716954,104603448,6291349,75496188,192155032,300849425,281619687,1740999,820,0,0
C029895,2603459,31241508,1709065,20508780,33939235,46853175,46853175,447586,770,0,0
C029896,3762421,45149052,2089537,25074444,308036810,56211633,56211633,558794,823,0,0
C029897,5002352,60028224,3061149,36733788,121424108,116894774,99195480,1013037,823,0,0
C029898,4927241,59126892,1958436,23501232,217924007,25312075,25312075,247707,789,0,0
C029899,2740826,32889912,2022435,24269220,70026543,22320770,15889587,131022,817,0,0
C029900,6639273,79671276,4920969,59051628,267971144,313772128,298472057,2069285,732,0,0
C029901,5828257,69939084,3130382,37564584,273262556,89078226,81601055,841731,790,0,0
C029902,7144768,85737216,3220697,38648364,66521610,120514700,99970741,1374116,703,0,0
C029903,3357566,40290792,1531159,18373908,278349706,50704238,40757061,417323,819,0,0
C029904,3037626,36451512,1878635,22543620,155847248,11809005,10817052,364554,759,0,0
C029905,3103115,37237380,2117543,25410516,61610749,70804040,44064599,336623,795,0,0
C029906,3968185,47618220,2281327,27375924,185074825,37349057,32139597,589626,783,1,0
C029907,2690540,32286480,1929172,23150064,263027724,79825637,62091701,418839,720,0,0
C029908,6460763,77529156,3642318,43707816,341834603,42171927,35856737,621293,822,0,0
C029909,5871603,70459236,5069060,60828720,314452745,63996065,31734772,685688,731,0,0
C029910,3197246,38366952,1868770,22425240,140266331,24615665,19749500,230573,757,0,0
C029911,3825336,45904032,2520257,30243084,399347821,29109421,26095294,262129,700,0,0
C029912,4175045,50100540,2522890,30274680,258318740,67996191,49330622,459688,799,0,0
C029913,3420724,41048688,2069720,24836640,64025732,51815769,44160660,541040,756,0,0
C029914,2593988,31127856,1419581,17034972,107917285,41201742,27338641,293189,820,0,0
C029915,2375375,28504500,1308884,15706608,300123246,14076694,14076694,194668,792,0,0
C029916,3889443,46673316,2818503,33822036,336312265,55610445,36944948,447267,810,0,0
C029917,3807645,45691740,2573150,30877800,276715826,67043327,54209233,266777,770,0,0
C029918,1906695,22880340,1168874,14026488,120006719,21942768,17518898,174972,759,0,0
C029919,4318232,51818784,2856118,34273416,57203163,49835000,49835000,355017,822,0,0
C029920,2458015,29496180,1696736,20360832,68318268,80508422,72048560,547527,628,2,1
C029921,9151504,109818048,2773748,33284976,395907481,135416006,129622389,869279,756,0,0
C029922,3389809,40677708,1476246,17714952,122789518,37802501,29000211,351736,728,0,0
C029923,2478173,29738076,1297811,15573732,48214054,24749951,18489257,271797,884,0,0
C029924,2344229,28130748,1736490,20837880,77579287,85882036,77355068,631901,702,2,1
C029925,5097953,61175436,3545857,42550284,195509782,57746027,33870191,727611,795,0,0
C029926,2439948,29279376,1624336,19492032,171872436,32960525,32898859,240556,779,0,0
C029927,1800000,21600000,1163947,13967364,147494799,7201423,6233085,98289,737,1,0
C029928,3876976,46523712,1574449,18893388,204133032,121371066,94809635,799676,719,0,0
C029929,3187170,38246040,2325850,27910200,154533279,26096913,15995020,117672,805,1,0
C029930,4420966,53051592,1519084,18229008,88161487,122076977,98712619,684129,780,0,0
C029931,3332925,39995100,2176562,26118744,61392231,33043710,27305761,263063,771,0,0
C029932,7363317,88359804,4557219,54686628,224986688,51960931,32304573,433663,734,0,0
C029933,5328160,63937920,2587538,31050456,273108190,76909567,54490440,820336,818,0,0
C029934,10177329,122127948,5376373,64516476,788560807,81715221,37151270,1446871,806,0,0
C029935,3784052,45408624,2175048,26100576,144427826,27813747,17595970,412408,782,0,0
C029936,7780015,93360180,4908615,58903380,1307042520,63431848,31415105,607449,780,0,0
C029937,8251198,99014376,4929740,59156880,272872913,186747349,146251808,1479148,824,0,0
C029938,3126986,37523832,1890999,22691988,72398302,10991545,10566202,181309,863,0,0
C029939,4509073,54108876,2341559,28098708,395040179,58120644,31926274,379342,763,0,0
C029940,9068281,108819372,4672961,56075532,853023365,178156586,136411521,842819,817,0,0
C029941,5314168,63770016,4371450,52457400,584525514,101048926,68807988,278108,727,0,0
C029942,4127722,49532664,1599271,19191252,67282282,52270899,52270899,141517,784,0,0
C029943,5189672,62276064,3871254,46455048,244628746,76500414,62464578,497161,705,0,0
C029944,5200471,62405652,1884417,22613004,231617584,45634772,30375999,449397,770,0,0
C029945,5488257,65859084,3219105,38629260,228559314,56825523,43849602,792970,646,2,0
C029946,6162110,73945320,3274381,39292572,702807713,82908475,71699380,743416,747,2,0
C029947,2638781,31665372,2225682,26708184,44783390,56590906,42706287,391658,734,1,0
C029948,2928699,35144388,1807787,21693444,463246971,27110933,20420964,286300,854,0,0
C029949,6538516,78462192,3131338,37576056,278863613,35784143,25725208,483957,779,0,0
C029950,1800000,21600000,1061394,12736728,302400000,23748856,18541968,256199,773,0,0
C029951,3191004,38292048,2815762,33789144,168523534,25073739,25073739,402853,828,0,0
C029952,3880769,46569228,1262839,15154068,152916373,75336187,74420525,479977,843,0,0
C029953,3482327,41787924,1659298,19911576,126914280,45860547,45860547,415239,855,0,0
C029954,4499501,53994012,2742123,32905476,225791201,25761156,20766935,230114,808,0,0
C029955,2972745,35672940,1461437,17537244,87611149,37804282,20136860,425920,739,0,0
C029956,2577989,30935868,1487923,17855076,68756492,42492707,38691458,346249,763,0,0
C029957,3065418,36785016,2373524,28482288,163139974,31113487,31113487,329209,859,0,0
C029958,3327776,39933312,1472017,17664204,134641139,39386793,39386793,418877,821,1,0
C029959,3697347,44368164,2090664,25087968,136137673,118434854,94602924,735664,614,1,0
C029960,5853307,70239684,2527020,30324240,336507059,68359395,52933608,668229,716,0,0
C029961,6597687,79172244,4084492,49013904,298554337,29237349,14944828,131954,840,0,0
C029962,7151887,85822644,5189905,62278860,69244743,84768140,62292207,704273,820,0,0
C029963,3034496,36413952,1977688,23732256,350758697,33515440,19007419,266043,832,0,0
C029964,3510071,42120852,2083504,25002048,302115988,64467119,40850881,270237,805,0,0
C029965,1800000,21600000,1150119,13801428,71856449,23564773,10971303,249353,710,1,0
C029966,2072242,24866904,1100076,13200912,41763517,42693256,31482244,370213,779,1,0
C029967,4682285,56187420,3209243,38510916,319645937,116702611,81177653,663668,735,0,0
C029968,2626590,31519080,1325779,15909348,27872191,33341185,30295180,313829,803,0,0
C029969,2934631,35215572,2268961,27227532,113888529,93183255,85669653,675601,663,0,0
C029970,3923409,47080908,1626033,19512396,62991576,29780669,29780669,350441,806,0,0
C029971,6210876,74530512,4144077,49728924,348763506,166263794,107347849,916107,601,3,0
C029972,1998433,23981196,979923,11759076,111499953,17812422,5461430,55833,766,0,0
C029973,4383253,52599036,2164619,25975428,94670087,46076391,42375798,787502,872,0,0
C029974,4621036,55452432,2088203,25058436,379648423,42949665,23608755,253362,849,0,0
C029975,3305464,39665568,2001656,24019872,88287723,56005479,46040775,419770,712,1,0
C029976,2520122,30241464,1067388,12808656,69622956,42038343,34753964,372365,732,0,0
C029977,4627315,55527780,1833620,22003440,168621456,45777952,37083259,262545,746,0,0
C029978,6709806,80517672,4164579,49974948,191497714,68024472,49673241,776994,810,0,0
C029979,3039961,36479532,2130554,25566648,112553894,62059134,47199142,337222,672,0,0
C029980,3440258,41283096,2723088,32677056,180767878,68012228,60736121,622214,793,0,0
C029981,5352654,64231848,4683305,56199660,194049374,103471751,99057740,851871,771,1,1
C029982,6195263,74343156,2677093,32125116,317528903,65587322,30608662,722707,837,0,0
C029983,2720622,32647464,1830273,21963276,250923906,22503652,13050149,185934,782,0,0
C029984,4793886,57526632,2428121,29137452,149580528,44688539,44688539,460326,842,0,0
C029985,5340401,64084812,3957337,47488044,142440146,134078842,131104891,742712,866,0,0
C029986,2590007,31080084,862109,10345308,65324418,29478960,27264619,234993,748,0,0
C029987,2976472,35717664,2007163,24085956,32896444,20000601,13896178,131209,863,0,0
C029988,6801220,81614640,3644631,43735572,181199551,68496584,57895807,261010,834,0,0
C029989,5714161,68569932,2705711,32468532,182531194,94772937,64151162,630648,796,0,0
C029990,4547808,54573696,2404562,28854744,22343000,69854509,52551102,757589,837,0,0
C029991,1975700,23708400,1530496,18365952,23722280,35423234,24483424,98709,765,0,0
C029992,3020422,36245064,1779610,21355320,111082082,32952888,22337519,111166,822,0,0
C029993,5282575,63390900,3588111,43057332,712779707,67889145,67889145,647985,781,0,1
C029994,2682527,32190324,670632,8047584,93913025,50041588,43826687,338277,747,0,0
C029995,3379600,40555200,1928640,23143680,388911277,20641491,12849381,67592,849,0,0
C029996,3629628,43555536,3153297,37839564,196006869,54773284,54773284,601110,758,0,0
C029997,3089938,37079256,1304383,15652596,138405606,66556046,66556046,483625,837,0,0
C029998,3765483,45185796,1567404,18808848,205203708,61541015,31912338,331283,757,0,0
C029999,5684011,68208132,3913669,46964028,135344878,57156200,36086712,200142,904,0,0
C030000,3580567,42966804,2366299,28395588,178236460,46208156,32930863,260958,783,0,0
